$MeshFormat
4.1 0 8
$EndMeshFormat
$PhysicalNames
5
1 1 "inlet"
1 2 "outlet"
1 3 "wall"
1 5 "airfoil"
2 4 "fluid"
$EndPhysicalNames
$Entities
202 7 1 0
1 0 0 0 0 
2 0.002517288084074587 0.02807318734352741 0 0 
3 0.01006661764057781 0.05575696837837252 0 0 
4 0.02264038713457706 0.08304001782272305 0 0 
5 0.0402259358460233 0.109908264610788 0 0 
6 0.06280555661802856 0.1363449807177801 0 0 
7 0.09035651368646647 0.1623309032650586 0 0 
8 0.1228510655729648 0.1878443883982925 0 0 
9 0.1602564930182188 0.2128615950373237 0 0 
10 0.2025351319275132 0.2373566962288813 0 0 
11 0.2496444112952728 0.2613021154973155 0 0 
12 0.3015368960704579 0.2846687852888081 0 0 
13 0.3581603349196372 0.3074264243450732 0 0 
14 0.4194577128396521 0.3295438306269132 0 0 
15 0.4853673085668941 0.3509891862389158 0 0 
16 0.5558227567253826 0.3717303706862333 0 0 
17 0.6307531146510753 0.3917352787241832 0 0 
18 0.7100829338251147 0.4109721390420132 0 0 
19 0.793732335844094 0.4294098300535185 0 0 
20 0.881617092850836 0.4470181891484908 0 0 
21 0.9736487123447068 0.4637683118886372 0 0 
22 1.069734526286062 0.4796328378074363 0 0 
23 1.16977778440511 0.4945862196924669 0 0 
24 1.273677751621226 0.5086049734875341 0 0 
25 1.38132980947465 0.5216679062463639 0 0 
26 1.492625561468394 0.5337563198951305 0 0 
27 1.607452942214339 0.5448541889126659 0 0 
28 1.725696330273575 0.554948310409472 0 0 
29 1.847236664577387 0.5640284254740521 0 0 
30 1.971951564311667 0.5720873110517938 0 0 
31 2.099715452144009 0.5791208420217776 0 0 
32 2.230399680669449 0.5851280235346188 0 0 
33 2.363872661947488 0.5901109940639666 0 0 
34 2.5 0.5940749999999999 0 0 
35 2.638644626136586 0.597028342969832 0 0 
36 2.77966693697113 0.5989823014021839 0 0 
37 2.922924934990568 0.5999510281574262 0 0 
38 3.068274371534358 0.5999514263150497 0 0 
39 3.215568892040641 0.599003005445244 0 0 
40 3.364660183412892 0.5971277208866175 0 0 
41 3.515398123358625 0.5943497987058444 0 0 
42 3.667630931549825 0.5906955491255491 0 0 
43 3.821205322452863 0.5861931712730699 0 0 
44 3.975966659674047 0.5808725521245983 0 0 
45 4.131759111665348 0.574765062497032 0 0 
46 4.288425808633574 0.5679033528747786 0 0 
47 4.445809000494945 0.5603211517524882 0 0 
48 4.603750215716057 0.5520530690296579 0 0 
49 4.76209042088129 0.5431344068122032 0 0 
50 4.92067018082596 0.5336009797629191 0 0 
51 5.07932981917404 0.5234889469012298 0 0 
52 5.237909579118711 0.5128346564870964 0 0 
53 5.396249784283943 0.5016745053390912 0 0 
54 5.554190999505055 0.4900448136374416 0 0 
55 5.711574191366426 0.4779817159542999 0 0 
56 5.868240888334651 0.4655210689409135 0 0 
57 6.024033340325953 0.4526983757898224 0 0 
58 6.178794677547136 0.4395487272848824 0 0 
59 6.332369068450175 0.4261067589576799 0 0 
60 6.484601876641374 0.4124066235905172 0 0 
61 6.635339816587108 0.3984819780479021 0 0 
62 6.784431107959358 0.3843659831844372 0 0 
63 6.931725628465644 0.3700913153706733 0 0 
64 7.077075065009431 0.355690188002884 0 0 
65 7.220333063028871 0.3411943812204009 0 0 
66 7.361355373863413 0.3266352779469377 0 0 
67 7.500000000000001 0.3120439043015985 0 0 
68 7.636127338052512 0.2974509723916747 0 0 
69 7.769600319330552 0.2828869235028585 0 0 
70 7.90028454785599 0.2683819697427108 0 0 
71 8.028048435688333 0.2539661322687191 0 0 
72 8.152763335422613 0.2396692743415031 0 0 
73 8.274303669726425 0.2255211275841451 0 0 
74 8.392547057785659 0.2115513099975416 0 0 
75 8.507374438531608 0.1977893344757297 0 0 
76 8.61867019052535 0.18426460678061 0 0 
77 8.726322248378773 0.1710064121684176 0 0 
78 8.83022221559489 0.1580438901063125 0 0 
79 8.930265473713938 0.1454059967721222 0 0 
80 9.026351287655293 0.1331214552889628 0 0 
81 9.118382907149163 0.1212186939045647 0 0 
82 9.206267664155908 0.109725772578037 0 0 
83 9.289917066174885 0.09867029868006709 0 0 
84 9.369246885348925 0.08807933274188656 0 0 
85 9.444177243274616 0.07797928539975704 0 0 
86 9.514632691433107 0.06839580687155342 0 0 
87 9.580542287160348 0.05935367046701087 0 0 
88 9.641839665080363 0.05087665177048228 0 0 
89 9.698463103929543 0.04298740524239558 0 0 
90 9.750355588704727 0.03570734006109125 0 0 
91 9.797464868072488 0.0290564970692424 0 0 
92 9.839743506981781 0.02305342869794677 0 0 
93 9.877148934427035 0.01771508371667174 0 0 
94 9.909643486313533 0.01305669859926809 0 0 
95 9.937194443381971 0.009091697206137228 0 0 
96 9.959774064153976 0.00583160036217692 0 0 
97 9.977359612865422 0.003285946761460351 0 0 
98 9.989933382359421 0.001462226455420934 0 0 
99 9.997482711915925 0.0003658279847741364 0 0 
100 10 1.665334536937735e-16 0 0 
101 9.997482711915925 -0.0003658279847741364 0 0 
102 9.989933382359421 -0.001462226455420934 0 0 
103 9.977359612865422 -0.003285946761460351 0 0 
104 9.959774064153976 -0.00583160036217692 0 0 
105 9.937194443381971 -0.009091697206137228 0 0 
106 9.909643486313533 -0.01305669859926809 0 0 
107 9.877148934427035 -0.01771508371667174 0 0 
108 9.839743506981781 -0.02305342869794677 0 0 
109 9.797464868072488 -0.0290564970692424 0 0 
110 9.750355588704727 -0.03570734006109125 0 0 
111 9.698463103929543 -0.04298740524239558 0 0 
112 9.641839665080363 -0.05087665177048228 0 0 
113 9.580542287160348 -0.05935367046701087 0 0 
114 9.514632691433107 -0.06839580687155342 0 0 
115 9.444177243274616 -0.07797928539975704 0 0 
116 9.369246885348925 -0.08807933274188656 0 0 
117 9.289917066174885 -0.09867029868006709 0 0 
118 9.206267664155908 -0.109725772578037 0 0 
119 9.118382907149163 -0.1212186939045647 0 0 
120 9.026351287655293 -0.1331214552889628 0 0 
121 8.930265473713938 -0.1454059967721222 0 0 
122 8.83022221559489 -0.1580438901063125 0 0 
123 8.726322248378773 -0.1710064121684176 0 0 
124 8.61867019052535 -0.18426460678061 0 0 
125 8.507374438531608 -0.1977893344757297 0 0 
126 8.392547057785659 -0.2115513099975416 0 0 
127 8.274303669726425 -0.2255211275841451 0 0 
128 8.152763335422613 -0.2396692743415031 0 0 
129 8.028048435688333 -0.2539661322687191 0 0 
130 7.90028454785599 -0.2683819697427108 0 0 
131 7.769600319330552 -0.2828869235028585 0 0 
132 7.636127338052512 -0.2974509723916747 0 0 
133 7.500000000000001 -0.3120439043015985 0 0 
134 7.361355373863413 -0.3266352779469377 0 0 
135 7.220333063028871 -0.3411943812204009 0 0 
136 7.077075065009431 -0.355690188002884 0 0 
137 6.931725628465644 -0.3700913153706733 0 0 
138 6.784431107959358 -0.3843659831844372 0 0 
139 6.635339816587108 -0.3984819780479021 0 0 
140 6.484601876641374 -0.4124066235905172 0 0 
141 6.332369068450175 -0.4261067589576799 0 0 
142 6.178794677547136 -0.4395487272848824 0 0 
143 6.024033340325953 -0.4526983757898224 0 0 
144 5.868240888334651 -0.4655210689409135 0 0 
145 5.711574191366426 -0.4779817159542999 0 0 
146 5.554190999505055 -0.4900448136374416 0 0 
147 5.396249784283943 -0.5016745053390912 0 0 
148 5.237909579118711 -0.5128346564870964 0 0 
149 5.07932981917404 -0.5234889469012298 0 0 
150 4.92067018082596 -0.5336009797629191 0 0 
151 4.76209042088129 -0.5431344068122032 0 0 
152 4.603750215716057 -0.5520530690296579 0 0 
153 4.445809000494945 -0.5603211517524882 0 0 
154 4.288425808633574 -0.5679033528747786 0 0 
155 4.131759111665348 -0.574765062497032 0 0 
156 3.975966659674047 -0.5808725521245983 0 0 
157 3.821205322452863 -0.5861931712730699 0 0 
158 3.667630931549825 -0.5906955491255491 0 0 
159 3.515398123358625 -0.5943497987058444 0 0 
160 3.364660183412892 -0.5971277208866175 0 0 
161 3.215568892040641 -0.599003005445244 0 0 
162 3.068274371534358 -0.5999514263150497 0 0 
163 2.922924934990568 -0.5999510281574262 0 0 
164 2.77966693697113 -0.5989823014021839 0 0 
165 2.638644626136586 -0.597028342969832 0 0 
166 2.5 -0.5940749999999999 0 0 
167 2.363872661947488 -0.5901109940639666 0 0 
168 2.230399680669449 -0.5851280235346188 0 0 
169 2.099715452144009 -0.5791208420217776 0 0 
170 1.971951564311667 -0.5720873110517938 0 0 
171 1.847236664577387 -0.5640284254740521 0 0 
172 1.725696330273575 -0.554948310409472 0 0 
173 1.607452942214339 -0.5448541889126659 0 0 
174 1.492625561468394 -0.5337563198951305 0 0 
175 1.38132980947465 -0.5216679062463639 0 0 
176 1.273677751621226 -0.5086049734875341 0 0 
177 1.16977778440511 -0.4945862196924669 0 0 
178 1.069734526286062 -0.4796328378074363 0 0 
179 0.9736487123447068 -0.4637683118886372 0 0 
180 0.881617092850836 -0.4470181891484908 0 0 
181 0.793732335844094 -0.4294098300535185 0 0 
182 0.7100829338251147 -0.4109721390420132 0 0 
183 0.6307531146510753 -0.3917352787241832 0 0 
184 0.5558227567253826 -0.3717303706862333 0 0 
185 0.4853673085668941 -0.3509891862389158 0 0 
186 0.4194577128396521 -0.3295438306269132 0 0 
187 0.3581603349196372 -0.3074264243450732 0 0 
188 0.3015368960704579 -0.2846687852888081 0 0 
189 0.2496444112952728 -0.2613021154973155 0 0 
190 0.2025351319275132 -0.2373566962288813 0 0 
191 0.1602564930182188 -0.2128615950373237 0 0 
192 0.1228510655729648 -0.1878443883982925 0 0 
193 0.09035651368646647 -0.1623309032650586 0 0 
194 0.06280555661802856 -0.1363449807177801 0 0 
195 0.0402259358460233 -0.109908264610788 0 0 
196 0.02264038713457706 -0.08304001782272305 0 0 
197 0.01006661764057781 -0.05575696837837252 0 0 
198 0.002517288084074587 -0.02807318734352741 0 0 
199 -19.5 -5 0 0 
200 20.5 -5 0 0 
201 20.5 5 0 0 
202 -19.5 5 0 0 
1 0.06280555661802811 1.665334536937735e-16 0 10 0.5975735895834063 0 1 5 2 6 -100 
2 0.06280555661802811 -0.5975735898116838 0 10 1.665334536937735e-16 0 1 5 2 100 -194 
3 0 -0.1363449807177801 0 0.06280555661802856 0.1363449807177801 0 1 5 2 194 -6 
4 -19.5 -5 0 20.5 -5 0 1 3 2 199 -200 
5 20.5 -5 0 20.5 5 0 1 2 2 200 -201 
6 -19.5 5 0 20.5 5 0 1 3 2 201 -202 
7 -19.5 -5 0 -19.5 5 0 1 1 2 202 -199 
1 -19.5 -5 0 20.5 5 0 1 4 7 4 5 6 7 -3 -2 -1 
$EndEntities
$Nodes
15 4466 1 4466
0 6 0 1
1
0.06280555661802856 0.1363449807177801 0
0 100 0 1
2
10 1.665334536937735e-16 0
0 194 0 1
3
0.06280555661802856 -0.1363449807177801 0
0 199 0 1
4
-19.5 -5 0
0 200 0 1
5
20.5 -5 0
0 201 0 1
6
20.5 5 0
0 202 0 1
7
-19.5 5 0
1 1 0 14
8
9
10
11
12
13
14
15
16
17
18
19
20
21
0.6697877717263522 0.4014309697490377 0
1.329203226878742 0.515519122507243 0
1.996163977332619 0.5735124505295749 0
2.665272278011487 0.5974765213079073 0
3.334832137362361 0.5975735895834063 0
4.0041673952663 0.5798220926215899 0
4.672998038153017 0.5482284648903435 0
5.341220037307296 0.505610549867665 0
6.008807213173933 0.4539698827025709 0
6.675760494180636 0.3946886703067424 0
7.342078337177706 0.328642055618593 0
8.007739327081273 0.2562729782663368 0
8.672688490602862 0.1776336243775975 0
9.336826944947365 0.09242007544986432 0
1 2 0 14
22
23
24
25
26
27
28
29
30
31
32
33
34
35
9.336826944465086 -0.0924200755143159 0
8.672688485527752 -0.1776336250027098 0
8.007739317407779 -0.2562729793637885 0
7.342078322800573 -0.3286420571133885 0
6.675760476049301 -0.394688672014094 0
6.008807191074547 -0.4539698845452955 0
5.341220011333649 -0.5056105517114555 0
4.672998015508578 -0.548228466160784 0
4.004167375984442 -0.5798220933484421 0
3.334832121479238 -0.5975735898116838 0
2.665272265280064 -0.597476521102674 0
1.996163967752955 -0.5735124499744519 0
1.329203220623497 -0.5155191217498138 0
0.6697877687436764 -0.4014309690256326 0
1 3 0 13
36
37
38
39
40
41
42
43
44
45
46
47
48
0.02600175853844545 -0.08885715688186667 0
0.01206040846916469 -0.06094994417603351 0
0.005830276365910598 -0.04257174446199872 0
0.002705174484646264 -0.02909484586880974 0
0.001061549461885 -0.01825754407439825 0
0.0002478960499440054 -0.008821310589729799 0
8.977406786910663e-20 1.676067164425058e-10 0
0.0002478960666485889 0.008821310887207763 0
0.00106154949381342 0.01825754434864213 0
0.00270517453337512 0.02909484612902501 0
0.005830276435438191 0.0425717447131912 0
0.01206040856441978 0.06094994441308792 0
0.02600175865126025 0.08885715707027021 0
1 4 0 39
49
50
51
52
53
54
55
56
57
58
59
60
61
62
63
64
65
66
67
68
69
70
71
72
73
74
75
76
77
78
79
80
81
82
83
84
85
86
87
-18.49999999999877 -5 0
-17.49999999999754 -5 0
-16.49999999999631 -5 0
-15.49999999999508 -5 0
-14.4999999999942 -5 0
-13.49999999999707 -5 0
-12.50000000000028 -5 0
-11.50000000000349 -5 0
-10.5000000000067 -5 0
-9.500000000009907 -5 0
-8.500000000013117 -5 0
-7.50000000001633 -5 0
-6.50000000001954 -5 0
-5.50000000002275 -5 0
-4.50000000002596 -5 0
-3.500000000029031 -5 0
-2.500000000028358 -5 0
-1.500000000027129 -5 0
-0.5000000000258993 -5 0
0.49999999997533 -5 0
1.499999999976559 -5 0
2.499999999977788 -5 0
3.499999999979018 -5 0
4.49999999998024 -5 0
5.499999999981473 -5 0
6.499999999982705 -5 0
7.499999999983931 -5 0
8.49999999998516 -5 0
9.499999999986386 -5 0
10.49999999998762 -5 0
11.49999999998885 -5 0
12.49999999999008 -5 0
13.49999999999132 -5 0
14.49999999999255 -5 0
15.4999999999938 -5 0
16.49999999999503 -5 0
17.49999999999628 -5 0
18.49999999999752 -5 0
19.49999999999876 -5 0
1 5 0 9
88
89
90
91
92
93
94
95
96
20.5 -3.999999999998771 0
20.5 -3.000000000000872 0
20.5 -2.000000000004083 0
20.5 -1.000000000007258 0
20.5 -6.16751094639767e-12 0
20.5 0.99999999999506 0
20.5 1.99999999999629 0
20.5 2.999999999997519 0
20.5 3.999999999998758 0
1 6 0 39
97
98
99
100
101
102
103
104
105
106
107
108
109
110
111
112
113
114
115
116
117
118
119
120
121
122
123
124
125
126
127
128
129
130
131
132
133
134
135
19.49999999999877 5 0
18.49999999999754 5 0
17.49999999999631 5 0
16.49999999999508 5 0
15.4999999999942 5 0
14.49999999999707 5 0
13.50000000000028 5 0
12.50000000000349 5 0
11.5000000000067 5 0
10.50000000000991 5 0
9.500000000013117 5 0
8.50000000001633 5 0
7.50000000001954 5 0
6.50000000002275 5 0
5.50000000002596 5 0
4.500000000029031 5 0
3.500000000028358 5 0
2.500000000027129 5 0
1.500000000025899 5 0
0.50000000002467 5 0
-0.4999999999765592 5 0
-1.499999999977788 5 0
-2.499999999979018 5 0
-3.49999999998024 5 0
-4.499999999981473 5 0
-5.499999999982705 5 0
-6.499999999983931 5 0
-7.49999999998516 5 0
-8.499999999986386 5 0
-9.499999999987619 5 0
-10.49999999998885 5 0
-11.49999999999008 5 0
-12.49999999999132 5 0
-13.49999999999255 5 0
-14.4999999999938 5 0
-15.49999999999503 5 0
-16.49999999999628 5 0
-17.49999999999752 5 0
-18.49999999999876 5 0
1 7 0 9
136
137
138
139
140
141
142
143
144
-19.5 3.999999999998771 0
-19.5 3.000000000000872 0
-19.5 2.000000000004083 0
-19.5 1.000000000007258 0
-19.5 6.16751094639767e-12 0
-19.5 -0.99999999999506 0
-19.5 -1.99999999999629 0
-19.5 -2.999999999997519 0
-19.5 -3.999999999998758 0
2 1 0 4322
145
146
147
148
149
150
151
152
153
154
155
156
157
158
159
160
161
162
163
164
165
166
167
168
169
170
171
172
173
174
175
176
177
178
179
180
181
182
183
184
185
186
187
188
189
190
191
192
193
194
195
196
197
198
199
200
201
202
203
204
205
206
207
208
209
210
211
212
213
214
215
216
217
218
219
220
221
222
223
224
225
226
227
228
229
230
231
232
233
234
235
236
237
238
239
240
241
242
243
244
245
246
247
248
249
250
251
252
253
254
255
256
257
258
259
260
261
262
263
264
265
266
267
268
269
270
271
272
273
274
275
276
277
278
279
280
281
282
283
284
285
286
287
288
289
290
291
292
293
294
295
296
297
298
299
300
301
302
303
304
305
306
307
308
309
310
311
312
313
314
315
316
317
318
319
320
321
322
323
324
325
326
327
328
329
330
331
332
333
334
335
336
337
338
339
340
341
342
343
344
345
346
347
348
349
350
351
352
353
354
355
356
357
358
359
360
361
362
363
364
365
366
367
368
369
370
371
372
373
374
375
376
377
378
379
380
381
382
383
384
385
386
387
388
389
390
391
392
393
394
395
396
397
398
399
400
401
402
403
404
405
406
407
408
409
410
411
412
413
414
415
416
417
418
419
420
421
422
423
424
425
426
427
428
429
430
431
432
433
434
435
436
437
438
439
440
441
442
443
444
445
446
447
448
449
450
451
452
453
454
455
456
457
458
459
460
461
462
463
464
465
466
467
468
469
470
471
472
473
474
475
476
477
478
479
480
481
482
483
484
485
486
487
488
489
490
491
492
493
494
495
496
497
498
499
500
501
502
503
504
505
506
507
508
509
510
511
512
513
514
515
516
517
518
519
520
521
522
523
524
525
526
527
528
529
530
531
532
533
534
535
536
537
538
539
540
541
542
543
544
545
546
547
548
549
550
551
552
553
554
555
556
557
558
559
560
561
562
563
564
565
566
567
568
569
570
571
572
573
574
575
576
577
578
579
580
581
582
583
584
585
586
587
588
589
590
591
592
593
594
595
596
597
598
599
600
601
602
603
604
605
606
607
608
609
610
611
612
613
614
615
616
617
618
619
620
621
622
623
624
625
626
627
628
629
630
631
632
633
634
635
636
637
638
639
640
641
642
643
644
645
646
647
648
649
650
651
652
653
654
655
656
657
658
659
660
661
662
663
664
665
666
667
668
669
670
671
672
673
674
675
676
677
678
679
680
681
682
683
684
685
686
687
688
689
690
691
692
693
694
695
696
697
698
699
700
701
702
703
704
705
706
707
708
709
710
711
712
713
714
715
716
717
718
719
720
721
722
723
724
725
726
727
728
729
730
731
732
733
734
735
736
737
738
739
740
741
742
743
744
745
746
747
748
749
750
751
752
753
754
755
756
757
758
759
760
761
762
763
764
765
766
767
768
769
770
771
772
773
774
775
776
777
778
779
780
781
782
783
784
785
786
787
788
789
790
791
792
793
794
795
796
797
798
799
800
801
802
803
804
805
806
807
808
809
810
811
812
813
814
815
816
817
818
819
820
821
822
823
824
825
826
827
828
829
830
831
832
833
834
835
836
837
838
839
840
841
842
843
844
845
846
847
848
849
850
851
852
853
854
855
856
857
858
859
860
861
862
863
864
865
866
867
868
869
870
871
872
873
874
875
876
877
878
879
880
881
882
883
884
885
886
887
888
889
890
891
892
893
894
895
896
897
898
899
900
901
902
903
904
905
906
907
908
909
910
911
912
913
914
915
916
917
918
919
920
921
922
923
924
925
926
927
928
929
930
931
932
933
934
935
936
937
938
939
940
941
942
943
944
945
946
947
948
949
950
951
952
953
954
955
956
957
958
959
960
961
962
963
964
965
966
967
968
969
970
971
972
973
974
975
976
977
978
979
980
981
982
983
984
985
986
987
988
989
990
991
992
993
994
995
996
997
998
999
1000
1001
1002
1003
1004
1005
1006
1007
1008
1009
1010
1011
1012
1013
1014
1015
1016
1017
1018
1019
1020
1021
1022
1023
1024
1025
1026
1027
1028
1029
1030
1031
1032
1033
1034
1035
1036
1037
1038
1039
1040
1041
1042
1043
1044
1045
1046
1047
1048
1049
1050
1051
1052
1053
1054
1055
1056
1057
1058
1059
1060
1061
1062
1063
1064
1065
1066
1067
1068
1069
1070
1071
1072
1073
1074
1075
1076
1077
1078
1079
1080
1081
1082
1083
1084
1085
1086
1087
1088
1089
1090
1091
1092
1093
1094
1095
1096
1097
1098
1099
1100
1101
1102
1103
1104
1105
1106
1107
1108
1109
1110
1111
1112
1113
1114
1115
1116
1117
1118
1119
1120
1121
1122
1123
1124
1125
1126
1127
1128
1129
1130
1131
1132
1133
1134
1135
1136
1137
1138
1139
1140
1141
1142
1143
1144
1145
1146
1147
1148
1149
1150
1151
1152
1153
1154
1155
1156
1157
1158
1159
1160
1161
1162
1163
1164
1165
1166
1167
1168
1169
1170
1171
1172
1173
1174
1175
1176
1177
1178
1179
1180
1181
1182
1183
1184
1185
1186
1187
1188
1189
1190
1191
1192
1193
1194
1195
1196
1197
1198
1199
1200
1201
1202
1203
1204
1205
1206
1207
1208
1209
1210
1211
1212
1213
1214
1215
1216
1217
1218
1219
1220
1221
1222
1223
1224
1225
1226
1227
1228
1229
1230
1231
1232
1233
1234
1235
1236
1237
1238
1239
1240
1241
1242
1243
1244
1245
1246
1247
1248
1249
1250
1251
1252
1253
1254
1255
1256
1257
1258
1259
1260
1261
1262
1263
1264
1265
1266
1267
1268
1269
1270
1271
1272
1273
1274
1275
1276
1277
1278
1279
1280
1281
1282
1283
1284
1285
1286
1287
1288
1289
1290
1291
1292
1293
1294
1295
1296
1297
1298
1299
1300
1301
1302
1303
1304
1305
1306
1307
1308
1309
1310
1311
1312
1313
1314
1315
1316
1317
1318
1319
1320
1321
1322
1323
1324
1325
1326
1327
1328
1329
1330
1331
1332
1333
1334
1335
1336
1337
1338
1339
1340
1341
1342
1343
1344
1345
1346
1347
1348
1349
1350
1351
1352
1353
1354
1355
1356
1357
1358
1359
1360
1361
1362
1363
1364
1365
1366
1367
1368
1369
1370
1371
1372
1373
1374
1375
1376
1377
1378
1379
1380
1381
1382
1383
1384
1385
1386
1387
1388
1389
1390
1391
1392
1393
1394
1395
1396
1397
1398
1399
1400
1401
1402
1403
1404
1405
1406
1407
1408
1409
1410
1411
1412
1413
1414
1415
1416
1417
1418
1419
1420
1421
1422
1423
1424
1425
1426
1427
1428
1429
1430
1431
1432
1433
1434
1435
1436
1437
1438
1439
1440
1441
1442
1443
1444
1445
1446
1447
1448
1449
1450
1451
1452
1453
1454
1455
1456
1457
1458
1459
1460
1461
1462
1463
1464
1465
1466
1467
1468
1469
1470
1471
1472
1473
1474
1475
1476
1477
1478
1479
1480
1481
1482
1483
1484
1485
1486
1487
1488
1489
1490
1491
1492
1493
1494
1495
1496
1497
1498
1499
1500
1501
1502
1503
1504
1505
1506
1507
1508
1509
1510
1511
1512
1513
1514
1515
1516
1517
1518
1519
1520
1521
1522
1523
1524
1525
1526
1527
1528
1529
1530
1531
1532
1533
1534
1535
1536
1537
1538
1539
1540
1541
1542
1543
1544
1545
1546
1547
1548
1549
1550
1551
1552
1553
1554
1555
1556
1557
1558
1559
1560
1561
1562
1563
1564
1565
1566
1567
1568
1569
1570
1571
1572
1573
1574
1575
1576
1577
1578
1579
1580
1581
1582
1583
1584
1585
1586
1587
1588
1589
1590
1591
1592
1593
1594
1595
1596
1597
1598
1599
1600
1601
1602
1603
1604
1605
1606
1607
1608
1609
1610
1611
1612
1613
1614
1615
1616
1617
1618
1619
1620
1621
1622
1623
1624
1625
1626
1627
1628
1629
1630
1631
1632
1633
1634
1635
1636
1637
1638
1639
1640
1641
1642
1643
1644
1645
1646
1647
1648
1649
1650
1651
1652
1653
1654
1655
1656
1657
1658
1659
1660
1661
1662
1663
1664
1665
1666
1667
1668
1669
1670
1671
1672
1673
1674
1675
1676
1677
1678
1679
1680
1681
1682
1683
1684
1685
1686
1687
1688
1689
1690
1691
1692
1693
1694
1695
1696
1697
1698
1699
1700
1701
1702
1703
1704
1705
1706
1707
1708
1709
1710
1711
1712
1713
1714
1715
1716
1717
1718
1719
1720
1721
1722
1723
1724
1725
1726
1727
1728
1729
1730
1731
1732
1733
1734
1735
1736
1737
1738
1739
1740
1741
1742
1743
1744
1745
1746
1747
1748
1749
1750
1751
1752
1753
1754
1755
1756
1757
1758
1759
1760
1761
1762
1763
1764
1765
1766
1767
1768
1769
1770
1771
1772
1773
1774
1775
1776
1777
1778
1779
1780
1781
1782
1783
1784
1785
1786
1787
1788
1789
1790
1791
1792
1793
1794
1795
1796
1797
1798
1799
1800
1801
1802
1803
1804
1805
1806
1807
1808
1809
1810
1811
1812
1813
1814
1815
1816
1817
1818
1819
1820
1821
1822
1823
1824
1825
1826
1827
1828
1829
1830
1831
1832
1833
1834
1835
1836
1837
1838
1839
1840
1841
1842
1843
1844
1845
1846
1847
1848
1849
1850
1851
1852
1853
1854
1855
1856
1857
1858
1859
1860
1861
1862
1863
1864
1865
1866
1867
1868
1869
1870
1871
1872
1873
1874
1875
1876
1877
1878
1879
1880
1881
1882
1883
1884
1885
1886
1887
1888
1889
1890
1891
1892
1893
1894
1895
1896
1897
1898
1899
1900
1901
1902
1903
1904
1905
1906
1907
1908
1909
1910
1911
1912
1913
1914
1915
1916
1917
1918
1919
1920
1921
1922
1923
1924
1925
1926
1927
1928
1929
1930
1931
1932
1933
1934
1935
1936
1937
1938
1939
1940
1941
1942
1943
1944
1945
1946
1947
1948
1949
1950
1951
1952
1953
1954
1955
1956
1957
1958
1959
1960
1961
1962
1963
1964
1965
1966
1967
1968
1969
1970
1971
1972
1973
1974
1975
1976
1977
1978
1979
1980
1981
1982
1983
1984
1985
1986
1987
1988
1989
1990
1991
1992
1993
1994
1995
1996
1997
1998
1999
2000
2001
2002
2003
2004
2005
2006
2007
2008
2009
2010
2011
2012
2013
2014
2015
2016
2017
2018
2019
2020
2021
2022
2023
2024
2025
2026
2027
2028
2029
2030
2031
2032
2033
2034
2035
2036
2037
2038
2039
2040
2041
2042
2043
2044
2045
2046
2047
2048
2049
2050
2051
2052
2053
2054
2055
2056
2057
2058
2059
2060
2061
2062
2063
2064
2065
2066
2067
2068
2069
2070
2071
2072
2073
2074
2075
2076
2077
2078
2079
2080
2081
2082
2083
2084
2085
2086
2087
2088
2089
2090
2091
2092
2093
2094
2095
2096
2097
2098
2099
2100
2101
2102
2103
2104
2105
2106
2107
2108
2109
2110
2111
2112
2113
2114
2115
2116
2117
2118
2119
2120
2121
2122
2123
2124
2125
2126
2127
2128
2129
2130
2131
2132
2133
2134
2135
2136
2137
2138
2139
2140
2141
2142
2143
2144
2145
2146
2147
2148
2149
2150
2151
2152
2153
2154
2155
2156
2157
2158
2159
2160
2161
2162
2163
2164
2165
2166
2167
2168
2169
2170
2171
2172
2173
2174
2175
2176
2177
2178
2179
2180
2181
2182
2183
2184
2185
2186
2187
2188
2189
2190
2191
2192
2193
2194
2195
2196
2197
2198
2199
2200
2201
2202
2203
2204
2205
2206
2207
2208
2209
2210
2211
2212
2213
2214
2215
2216
2217
2218
2219
2220
2221
2222
2223
2224
2225
2226
2227
2228
2229
2230
2231
2232
2233
2234
2235
2236
2237
2238
2239
2240
2241
2242
2243
2244
2245
2246
2247
2248
2249
2250
2251
2252
2253
2254
2255
2256
2257
2258
2259
2260
2261
2262
2263
2264
2265
2266
2267
2268
2269
2270
2271
2272
2273
2274
2275
2276
2277
2278
2279
2280
2281
2282
2283
2284
2285
2286
2287
2288
2289
2290
2291
2292
2293
2294
2295
2296
2297
2298
2299
2300
2301
2302
2303
2304
2305
2306
2307
2308
2309
2310
2311
2312
2313
2314
2315
2316
2317
2318
2319
2320
2321
2322
2323
2324
2325
2326
2327
2328
2329
2330
2331
2332
2333
2334
2335
2336
2337
2338
2339
2340
2341
2342
2343
2344
2345
2346
2347
2348
2349
2350
2351
2352
2353
2354
2355
2356
2357
2358
2359
2360
2361
2362
2363
2364
2365
2366
2367
2368
2369
2370
2371
2372
2373
2374
2375
2376
2377
2378
2379
2380
2381
2382
2383
2384
2385
2386
2387
2388
2389
2390
2391
2392
2393
2394
2395
2396
2397
2398
2399
2400
2401
2402
2403
2404
2405
2406
2407
2408
2409
2410
2411
2412
2413
2414
2415
2416
2417
2418
2419
2420
2421
2422
2423
2424
2425
2426
2427
2428
2429
2430
2431
2432
2433
2434
2435
2436
2437
2438
2439
2440
2441
2442
2443
2444
2445
2446
2447
2448
2449
2450
2451
2452
2453
2454
2455
2456
2457
2458
2459
2460
2461
2462
2463
2464
2465
2466
2467
2468
2469
2470
2471
2472
2473
2474
2475
2476
2477
2478
2479
2480
2481
2482
2483
2484
2485
2486
2487
2488
2489
2490
2491
2492
2493
2494
2495
2496
2497
2498
2499
2500
2501
2502
2503
2504
2505
2506
2507
2508
2509
2510
2511
2512
2513
2514
2515
2516
2517
2518
2519
2520
2521
2522
2523
2524
2525
2526
2527
2528
2529
2530
2531
2532
2533
2534
2535
2536
2537
2538
2539
2540
2541
2542
2543
2544
2545
2546
2547
2548
2549
2550
2551
2552
2553
2554
2555
2556
2557
2558
2559
2560
2561
2562
2563
2564
2565
2566
2567
2568
2569
2570
2571
2572
2573
2574
2575
2576
2577
2578
2579
2580
2581
2582
2583
2584
2585
2586
2587
2588
2589
2590
2591
2592
2593
2594
2595
2596
2597
2598
2599
2600
2601
2602
2603
2604
2605
2606
2607
2608
2609
2610
2611
2612
2613
2614
2615
2616
2617
2618
2619
2620
2621
2622
2623
2624
2625
2626
2627
2628
2629
2630
2631
2632
2633
2634
2635
2636
2637
2638
2639
2640
2641
2642
2643
2644
2645
2646
2647
2648
2649
2650
2651
2652
2653
2654
2655
2656
2657
2658
2659
2660
2661
2662
2663
2664
2665
2666
2667
2668
2669
2670
2671
2672
2673
2674
2675
2676
2677
2678
2679
2680
2681
2682
2683
2684
2685
2686
2687
2688
2689
2690
2691
2692
2693
2694
2695
2696
2697
2698
2699
2700
2701
2702
2703
2704
2705
2706
2707
2708
2709
2710
2711
2712
2713
2714
2715
2716
2717
2718
2719
2720
2721
2722
2723
2724
2725
2726
2727
2728
2729
2730
2731
2732
2733
2734
2735
2736
2737
2738
2739
2740
2741
2742
2743
2744
2745
2746
2747
2748
2749
2750
2751
2752
2753
2754
2755
2756
2757
2758
2759
2760
2761
2762
2763
2764
2765
2766
2767
2768
2769
2770
2771
2772
2773
2774
2775
2776
2777
2778
2779
2780
2781
2782
2783
2784
2785
2786
2787
2788
2789
2790
2791
2792
2793
2794
2795
2796
2797
2798
2799
2800
2801
2802
2803
2804
2805
2806
2807
2808
2809
2810
2811
2812
2813
2814
2815
2816
2817
2818
2819
2820
2821
2822
2823
2824
2825
2826
2827
2828
2829
2830
2831
2832
2833
2834
2835
2836
2837
2838
2839
2840
2841
2842
2843
2844
2845
2846
2847
2848
2849
2850
2851
2852
2853
2854
2855
2856
2857
2858
2859
2860
2861
2862
2863
2864
2865
2866
2867
2868
2869
2870
2871
2872
2873
2874
2875
2876
2877
2878
2879
2880
2881
2882
2883
2884
2885
2886
2887
2888
2889
2890
2891
2892
2893
2894
2895
2896
2897
2898
2899
2900
2901
2902
2903
2904
2905
2906
2907
2908
2909
2910
2911
2912
2913
2914
2915
2916
2917
2918
2919
2920
2921
2922
2923
2924
2925
2926
2927
2928
2929
2930
2931
2932
2933
2934
2935
2936
2937
2938
2939
2940
2941
2942
2943
2944
2945
2946
2947
2948
2949
2950
2951
2952
2953
2954
2955
2956
2957
2958
2959
2960
2961
2962
2963
2964
2965
2966
2967
2968
2969
2970
2971
2972
2973
2974
2975
2976
2977
2978
2979
2980
2981
2982
2983
2984
2985
2986
2987
2988
2989
2990
2991
2992
2993
2994
2995
2996
2997
2998
2999
3000
3001
3002
3003
3004
3005
3006
3007
3008
3009
3010
3011
3012
3013
3014
3015
3016
3017
3018
3019
3020
3021
3022
3023
3024
3025
3026
3027
3028
3029
3030
3031
3032
3033
3034
3035
3036
3037
3038
3039
3040
3041
3042
3043
3044
3045
3046
3047
3048
3049
3050
3051
3052
3053
3054
3055
3056
3057
3058
3059
3060
3061
3062
3063
3064
3065
3066
3067
3068
3069
3070
3071
3072
3073
3074
3075
3076
3077
3078
3079
3080
3081
3082
3083
3084
3085
3086
3087
3088
3089
3090
3091
3092
3093
3094
3095
3096
3097
3098
3099
3100
3101
3102
3103
3104
3105
3106
3107
3108
3109
3110
3111
3112
3113
3114
3115
3116
3117
3118
3119
3120
3121
3122
3123
3124
3125
3126
3127
3128
3129
3130
3131
3132
3133
3134
3135
3136
3137
3138
3139
3140
3141
3142
3143
3144
3145
3146
3147
3148
3149
3150
3151
3152
3153
3154
3155
3156
3157
3158
3159
3160
3161
3162
3163
3164
3165
3166
3167
3168
3169
3170
3171
3172
3173
3174
3175
3176
3177
3178
3179
3180
3181
3182
3183
3184
3185
3186
3187
3188
3189
3190
3191
3192
3193
3194
3195
3196
3197
3198
3199
3200
3201
3202
3203
3204
3205
3206
3207
3208
3209
3210
3211
3212
3213
3214
3215
3216
3217
3218
3219
3220
3221
3222
3223
3224
3225
3226
3227
3228
3229
3230
3231
3232
3233
3234
3235
3236
3237
3238
3239
3240
3241
3242
3243
3244
3245
3246
3247
3248
3249
3250
3251
3252
3253
3254
3255
3256
3257
3258
3259
3260
3261
3262
3263
3264
3265
3266
3267
3268
3269
3270
3271
3272
3273
3274
3275
3276
3277
3278
3279
3280
3281
3282
3283
3284
3285
3286
3287
3288
3289
3290
3291
3292
3293
3294
3295
3296
3297
3298
3299
3300
3301
3302
3303
3304
3305
3306
3307
3308
3309
3310
3311
3312
3313
3314
3315
3316
3317
3318
3319
3320
3321
3322
3323
3324
3325
3326
3327
3328
3329
3330
3331
3332
3333
3334
3335
3336
3337
3338
3339
3340
3341
3342
3343
3344
3345
3346
3347
3348
3349
3350
3351
3352
3353
3354
3355
3356
3357
3358
3359
3360
3361
3362
3363
3364
3365
3366
3367
3368
3369
3370
3371
3372
3373
3374
3375
3376
3377
3378
3379
3380
3381
3382
3383
3384
3385
3386
3387
3388
3389
3390
3391
3392
3393
3394
3395
3396
3397
3398
3399
3400
3401
3402
3403
3404
3405
3406
3407
3408
3409
3410
3411
3412
3413
3414
3415
3416
3417
3418
3419
3420
3421
3422
3423
3424
3425
3426
3427
3428
3429
3430
3431
3432
3433
3434
3435
3436
3437
3438
3439
3440
3441
3442
3443
3444
3445
3446
3447
3448
3449
3450
3451
3452
3453
3454
3455
3456
3457
3458
3459
3460
3461
3462
3463
3464
3465
3466
3467
3468
3469
3470
3471
3472
3473
3474
3475
3476
3477
3478
3479
3480
3481
3482
3483
3484
3485
3486
3487
3488
3489
3490
3491
3492
3493
3494
3495
3496
3497
3498
3499
3500
3501
3502
3503
3504
3505
3506
3507
3508
3509
3510
3511
3512
3513
3514
3515
3516
3517
3518
3519
3520
3521
3522
3523
3524
3525
3526
3527
3528
3529
3530
3531
3532
3533
3534
3535
3536
3537
3538
3539
3540
3541
3542
3543
3544
3545
3546
3547
3548
3549
3550
3551
3552
3553
3554
3555
3556
3557
3558
3559
3560
3561
3562
3563
3564
3565
3566
3567
3568
3569
3570
3571
3572
3573
3574
3575
3576
3577
3578
3579
3580
3581
3582
3583
3584
3585
3586
3587
3588
3589
3590
3591
3592
3593
3594
3595
3596
3597
3598
3599
3600
3601
3602
3603
3604
3605
3606
3607
3608
3609
3610
3611
3612
3613
3614
3615
3616
3617
3618
3619
3620
3621
3622
3623
3624
3625
3626
3627
3628
3629
3630
3631
3632
3633
3634
3635
3636
3637
3638
3639
3640
3641
3642
3643
3644
3645
3646
3647
3648
3649
3650
3651
3652
3653
3654
3655
3656
3657
3658
3659
3660
3661
3662
3663
3664
3665
3666
3667
3668
3669
3670
3671
3672
3673
3674
3675
3676
3677
3678
3679
3680
3681
3682
3683
3684
3685
3686
3687
3688
3689
3690
3691
3692
3693
3694
3695
3696
3697
3698
3699
3700
3701
3702
3703
3704
3705
3706
3707
3708
3709
3710
3711
3712
3713
3714
3715
3716
3717
3718
3719
3720
3721
3722
3723
3724
3725
3726
3727
3728
3729
3730
3731
3732
3733
3734
3735
3736
3737
3738
3739
3740
3741
3742
3743
3744
3745
3746
3747
3748
3749
3750
3751
3752
3753
3754
3755
3756
3757
3758
3759
3760
3761
3762
3763
3764
3765
3766
3767
3768
3769
3770
3771
3772
3773
3774
3775
3776
3777
3778
3779
3780
3781
3782
3783
3784
3785
3786
3787
3788
3789
3790
3791
3792
3793
3794
3795
3796
3797
3798
3799
3800
3801
3802
3803
3804
3805
3806
3807
3808
3809
3810
3811
3812
3813
3814
3815
3816
3817
3818
3819
3820
3821
3822
3823
3824
3825
3826
3827
3828
3829
3830
3831
3832
3833
3834
3835
3836
3837
3838
3839
3840
3841
3842
3843
3844
3845
3846
3847
3848
3849
3850
3851
3852
3853
3854
3855
3856
3857
3858
3859
3860
3861
3862
3863
3864
3865
3866
3867
3868
3869
3870
3871
3872
3873
3874
3875
3876
3877
3878
3879
3880
3881
3882
3883
3884
3885
3886
3887
3888
3889
3890
3891
3892
3893
3894
3895
3896
3897
3898
3899
3900
3901
3902
3903
3904
3905
3906
3907
3908
3909
3910
3911
3912
3913
3914
3915
3916
3917
3918
3919
3920
3921
3922
3923
3924
3925
3926
3927
3928
3929
3930
3931
3932
3933
3934
3935
3936
3937
3938
3939
3940
3941
3942
3943
3944
3945
3946
3947
3948
3949
3950
3951
3952
3953
3954
3955
3956
3957
3958
3959
3960
3961
3962
3963
3964
3965
3966
3967
3968
3969
3970
3971
3972
3973
3974
3975
3976
3977
3978
3979
3980
3981
3982
3983
3984
3985
3986
3987
3988
3989
3990
3991
3992
3993
3994
3995
3996
3997
3998
3999
4000
4001
4002
4003
4004
4005
4006
4007
4008
4009
4010
4011
4012
4013
4014
4015
4016
4017
4018
4019
4020
4021
4022
4023
4024
4025
4026
4027
4028
4029
4030
4031
4032
4033
4034
4035
4036
4037
4038
4039
4040
4041
4042
4043
4044
4045
4046
4047
4048
4049
4050
4051
4052
4053
4054
4055
4056
4057
4058
4059
4060
4061
4062
4063
4064
4065
4066
4067
4068
4069
4070
4071
4072
4073
4074
4075
4076
4077
4078
4079
4080
4081
4082
4083
4084
4085
4086
4087
4088
4089
4090
4091
4092
4093
4094
4095
4096
4097
4098
4099
4100
4101
4102
4103
4104
4105
4106
4107
4108
4109
4110
4111
4112
4113
4114
4115
4116
4117
4118
4119
4120
4121
4122
4123
4124
4125
4126
4127
4128
4129
4130
4131
4132
4133
4134
4135
4136
4137
4138
4139
4140
4141
4142
4143
4144
4145
4146
4147
4148
4149
4150
4151
4152
4153
4154
4155
4156
4157
4158
4159
4160
4161
4162
4163
4164
4165
4166
4167
4168
4169
4170
4171
4172
4173
4174
4175
4176
4177
4178
4179
4180
4181
4182
4183
4184
4185
4186
4187
4188
4189
4190
4191
4192
4193
4194
4195
4196
4197
4198
4199
4200
4201
4202
4203
4204
4205
4206
4207
4208
4209
4210
4211
4212
4213
4214
4215
4216
4217
4218
4219
4220
4221
4222
4223
4224
4225
4226
4227
4228
4229
4230
4231
4232
4233
4234
4235
4236
4237
4238
4239
4240
4241
4242
4243
4244
4245
4246
4247
4248
4249
4250
4251
4252
4253
4254
4255
4256
4257
4258
4259
4260
4261
4262
4263
4264
4265
4266
4267
4268
4269
4270
4271
4272
4273
4274
4275
4276
4277
4278
4279
4280
4281
4282
4283
4284
4285
4286
4287
4288
4289
4290
4291
4292
4293
4294
4295
4296
4297
4298
4299
4300
4301
4302
4303
4304
4305
4306
4307
4308
4309
4310
4311
4312
4313
4314
4315
4316
4317
4318
4319
4320
4321
4322
4323
4324
4325
4326
4327
4328
4329
4330
4331
4332
4333
4334
4335
4336
4337
4338
4339
4340
4341
4342
4343
4344
4345
4346
4347
4348
4349
4350
4351
4352
4353
4354
4355
4356
4357
4358
4359
4360
4361
4362
4363
4364
4365
4366
4367
4368
4369
4370
4371
4372
4373
4374
4375
4376
4377
4378
4379
4380
4381
4382
4383
4384
4385
4386
4387
4388
4389
4390
4391
4392
4393
4394
4395
4396
4397
4398
4399
4400
4401
4402
4403
4404
4405
4406
4407
4408
4409
4410
4411
4412
4413
4414
4415
4416
4417
4418
4419
4420
4421
4422
4423
4424
4425
4426
4427
4428
4429
4430
4431
4432
4433
4434
4435
4436
4437
4438
4439
4440
4441
4442
4443
4444
4445
4446
4447
4448
4449
4450
4451
4452
4453
4454
4455
4456
4457
4458
4459
4460
4461
4462
4463
4464
4465
4466
0.06278650306597661 0.1363693850583253 0
0.06276744951392466 0.1363937893988705 0
0.0627483959618727 0.1364181937394157 0
0.06272934240982075 0.1364425980799609 0
0.0627102888577688 0.1364670024205061 0
0.06269123530571685 0.1364914067610513 0
0.0626721817536649 0.1365158111015965 0
0.06265312820161296 0.1365402154421417 0
0.06263407464956101 0.1365646197826869 0
0.06261502109750906 0.1365890241232321 0
0.06259596754545711 0.1366134284637772 0
0.06257691399340516 0.1366378328043225 0
0.06255786044135321 0.1366622371448676 0
0.06253880688930126 0.1366866414854128 0
0.06251975333724931 0.1367110458259581 0
0.06250069978519736 0.1367354501665032 0
0.06248164623314541 0.1367598545070484 0
0.06246259268109346 0.1367842588475936 0
0.06244353912904151 0.1368086631881388 0
0.06242448557698956 0.136833067528684 0
0.06240543202493761 0.1368574718692292 0
0.06238637847288566 0.1368818762097744 0
0.06236732492083371 0.1369062805503196 0
0.06234827136878176 0.1369306848908648 0
0.06232921781672981 0.13695508923141 0
0.06231016426467786 0.1369794935719552 0
0.06229111071262591 0.1370038979125004 0
0.06227205716057396 0.1370283022530456 0
0.06225300360852201 0.1370527065935908 0
0.06223395005647006 0.137077110934136 0
0.06221489650441811 0.1371015152746812 0
0.06219584295236617 0.1371259196152264 0
0.06217678940031422 0.1371503239557716 0
0.06215773584826226 0.1371747282963168 0
0.06213868229621031 0.137199132636862 0
10.00000414079608 2.971285593520035e-05 0
10.00000828159216 5.942571187023418e-05 0
10.00001242238824 8.9138567805268e-05 0
10.00001656318432 0.0001188514237403018 0
10.0000207039804 0.0001485642796753357 0
10.00002484477649 0.0001782771356103695 0
10.00002898557257 0.0002079899915454033 0
10.00003312636865 0.0002377028474804371 0
10.00003726716473 0.000267415703415471 0
10.00004140796081 0.0002971285593505048 0
10.00004554875689 0.0003268414152855386 0
10.00004968955297 0.0003565542712205725 0
10.00005383034905 0.0003862671271556063 0
10.00005797114513 0.0004159799830906402 0
10.00006211194121 0.000445692839025674 0
10.00006625273729 0.0004754056949607078 0
10.00007039353338 0.0005051185508957416 0
10.00007453432946 0.0005348314068307755 0
10.00007867512554 0.0005645442627658093 0
10.00008281592162 0.000594257118700843 0
10.0000869567177 0.0006239699746358768 0
10.00009109751378 0.0006536828305709106 0
10.00009523830986 0.0006833956865059444 0
10.00009937910594 0.0007131085424409782 0
10.00010351990202 0.000742821398376012 0
10.0001076606981 0.0007725342543110458 0
10.00011180149419 0.0008022471102460796 0
10.00011594229027 0.0008319599661811134 0
10.00012008308635 0.0008616728221161471 0
10.00012422388243 0.0008913856780511809 0
10.00012836467851 0.0009210985339862147 0
10.00013250547459 0.0009508113899212486 0
10.00013664627067 0.0009805242458562824 0
10.00014078706675 0.001010237101791316 0
10.00014492786283 0.00103994995772635 0
10.00001236782357 2.733197651465851e-05 0
10.00002473564714 5.466395302915048e-05 0
10.0000371034707 8.199592954364246e-05 0
10.00004947129427 0.0001093279060581344 0
10.00006183911784 0.0001366598825726264 0
10.00007420694141 0.0001639918590871184 0
10.00008657476498 0.0001913238356016104 0
10.00009894258855 0.0002186558121161023 0
10.00011131041211 0.0002459877886305943 0
10.00012367823568 0.0002733197651450863 0
10.00013604605925 0.0003006517416595783 0
10.00014841388282 0.0003279837181740703 0
10.00016078170638 0.0003553156946885623 0
10.00017314952995 0.0003826476712030543 0
10.00018551735352 0.0004099796477175463 0
10.00019788517709 0.0004373116242320383 0
10.00021025300066 0.0004646436007465303 0
10.00022262082422 0.0004919755772610222 0
10.00023498864779 0.0005193075537755142 0
10.00024735647136 0.000546639530290006 0
10.00025972429493 0.0005739715068044981 0
10.0002720921185 0.0006013034833189899 0
10.00028445994207 0.0006286354598334819 0
10.00029682776563 0.0006559674363479738 0
10.0003091955892 0.0006832994128624658 0
10.00032156341277 0.0007106313893769577 0
10.00033393123634 0.0007379633658914497 0
10.00034629905991 0.0007652953424059416 0
10.00035866688347 0.0007926273189204336 0
10.00037103470704 0.0008199592954349255 0
10.00038340253061 0.0008472912719494175 0
10.00039577035418 0.0008746232484639094 0
10.00040813817775 0.0009019552249784015 0
10.00042050600132 0.0009292872014928935 0
10.00043287382488 0.0009566191780073857 0
10.00001958683814 2.272346301823122e-05 0
10.00003917367629 4.544692603629592e-05 0
10.00005876051443 6.817038905436061e-05 0
10.00007834735258 9.08938520724253e-05 0
10.00009793419072 0.00011361731509049 0
10.00011752102886 0.0001363407781085547 0
10.00013710786701 0.0001590642411266194 0
10.00015669470515 0.0001817877041446841 0
10.00017628154329 0.0002045111671627488 0
10.00019586838144 0.0002272346301808135 0
10.00021545521958 0.0002499580931988782 0
10.00023504205772 0.0002726815562169429 0
10.00025462889587 0.0002954050192350076 0
10.00027421573401 0.0003181284822530723 0
10.00029380257216 0.000340851945271137 0
10.0003133894103 0.0003635754082892018 0
10.00033297624844 0.0003862988713072664 0
10.00035256308659 0.0004090223343253311 0
10.00037214992473 0.0004317457973433957 0
10.00039173676287 0.0004544692603614604 0
10.00041132360102 0.000477192723379525 0
10.00043091043916 0.0004999161863975897 0
10.0004504972773 0.0005226396494156544 0
10.00047008411545 0.0005453631124337191 0
10.00048967095359 0.0005680865754517838 0
10.00050925779174 0.0005908100384698484 0
10.00052884462988 0.0006135335014879131 0
10.00054843146802 0.0006362569645059778 0
10.00056801830617 0.0006589804275240424 0
10.00058760514431 0.000681703890542107 0
10.00060719198245 0.0007044273535601718 0
10.0006267788206 0.0007271508165782364 0
10.00064636565874 0.0007498742795963012 0
10.00066595249688 0.0007725977426143659 0
10.00068553933503 0.0007953212056324307 0
10.00002520946952 1.626292244596023e-05 0
10.00005041893904 3.252584489175393e-05 0
10.00007562840856 4.878876733754763e-05 0
10.00010083787808 6.505168978334132e-05 0
10.0001260473476 8.131461222913502e-05 0
10.00015125681712 9.757753467492873e-05 0
10.00017646628665 0.0001138404571207224 0
10.00020167575617 0.0001301033795665161 0
10.00022688522569 0.0001463663020123098 0
10.00025209469521 0.0001626292244581035 0
10.00027730416473 0.0001788921469038972 0
10.00030251363425 0.0001951550693496909 0
10.00032772310377 0.0002114179917954846 0
10.00035293257329 0.0002276809142412784 0
10.00037814204281 0.0002439438366870721 0
10.00040335151233 0.0002602067591328658 0
10.00042856098185 0.0002764696815786594 0
10.00045377045138 0.0002927326040244532 0
10.0004789799209 0.0003089955264702469 0
10.00050418939042 0.0003252584489160405 0
10.00052939885994 0.0003415213713618342 0
10.00055460832946 0.0003577842938076278 0
10.00057981779898 0.0003740472162534215 0
10.0006050272685 0.0003903101386992152 0
10.00063023673802 0.0004065730611450089 0
10.00065544620754 0.0004228359835908026 0
10.00068065567706 0.0004390989060365963 0
10.00070586514658 0.0004553618284823899 0
10.0007310746161 0.0004716247509281836 0
10.00075628408563 0.0004878876733739773 0
10.00078149355515 0.000504150595819771 0
10.00080670302467 0.0005204135182655646 0
10.00083191249419 0.0005366764407113584 0
10.00085712196371 0.0005529393631571521 0
10.00088233143323 0.0005692022856029459 0
10.0000287774572 8.476907289203055e-06 0
10.0000575549144 1.695381457823958e-05 0
10.00008633237159 2.54307218672761e-05 0
10.00011510982879 3.390762915631262e-05 0
10.00014388728599 4.238453644534914e-05 0
10.00017266474319 5.086144373438566e-05 0
10.00020144220039 5.933835102342218e-05 0
10.00023021965759 6.78152583124587e-05 0
10.00025899711479 7.629216560149522e-05 0
10.00028777457199 8.476907289053175e-05 0
10.00031655202918 9.324598017956828e-05 0
10.00034532948638 0.0001017228874686048 0
10.00037410694358 0.0001101997947576413 0
10.00040288440078 0.0001186767020466779 0
10.00043166185798 0.0001271536093357144 0
10.00046043931518 0.0001356305166247509 0
10.00048921677237 0.0001441074239137874 0
10.00051799422957 0.0001525843312028239 0
10.00054677168677 0.0001610612384918605 0
10.00057554914397 0.000169538145780897 0
10.00060432660117 0.0001780150530699335 0
10.00063310405837 0.00018649196035897 0
10.00066188151557 0.0001949688676480065 0
10.00069065897276 0.000203445774937043 0
10.00071943642996 0.0002119226822260795 0
10.00074821388716 0.000220399589515116 0
10.00077699134436 0.0002288764968041526 0
10.00080576880156 0.0002373534040931891 0
10.00083454625876 0.0002458303113822256 0
10.00086332371596 0.0002543072186712621 0
10.00089210117315 0.0002627841259602986 0
10.00092087863035 0.0002712610332493351 0
10.00094965608755 0.0002797379405383716 0
10.00097843354475 0.0002882148478274082 0
10.00100721100195 0.0002966917551164448 0
10.00003 1.053242544242888e-16 0
10.00006 4.411505515480416e-17 0
10.00009 -1.70941441146805e-17 0
10.00012 -7.830334338416516e-17 0
10.00015 -1.395125426536498e-16 0
10.00018 -2.007217419231345e-16 0
10.00021 -2.619309411926191e-16 0
10.00024 -3.231401404621038e-16 0
10.00027 -3.843493397315884e-16 0
10.0003 -4.455585390010732e-16 0
10.00033 -5.067677382705578e-16 0
10.00036 -5.679769375400426e-16 0
10.00039 -6.291861368095273e-16 0
10.00042 -6.903953360790119e-16 0
10.00045 -7.516045353484967e-16 0
10.00048 -8.128137346179813e-16 0
10.00051 -8.740229338874659e-16 0
10.00054 -9.352321331569506e-16 0
10.00057 -9.964413324264352e-16 0
10.0006 -1.05765053169592e-15 0
10.00063 -1.118859730965404e-15 0
10.00066 -1.180068930234889e-15 0
10.00069 -1.241278129504374e-15 0
10.00072 -1.302487328773858e-15 0
10.00075 -1.363696528043343e-15 0
10.00078 -1.424905727312827e-15 0
10.00081 -1.486114926582312e-15 0
10.00084 -1.547324125851797e-15 0
10.00087 -1.608533325121281e-15 0
10.0009 -1.669742524390766e-15 0
10.00093 -1.73095172366025e-15 0
10.00096 -1.792160922929735e-15 0
10.00099 -1.85337012219922e-15 0
10.00102 -1.914579321468705e-15 0
10.00105 -1.975788520738189e-15 0
10.0000287774572 -8.476907288987417e-06 0
10.0000575549144 -1.695381457814137e-05 0
10.00008633237159 -2.543072186729532e-05 0
10.00011510982879 -3.390762915644927e-05 0
10.00014388728599 -4.238453644560322e-05 0
10.00017266474319 -5.086144373475717e-05 0
10.00020144220039 -5.933835102391112e-05 0
10.00023021965759 -6.781525831306507e-05 0
10.00025899711479 -7.629216560221902e-05 0
10.00028777457199 -8.476907289137298e-05 0
10.00031655202918 -9.324598018052693e-05 0
10.00034532948638 -0.0001017228874696809 0
10.00037410694358 -0.0001101997947588349 0
10.00040288440078 -0.0001186767020479888 0
10.00043166185798 -0.0001271536093371428 0
10.00046043931518 -0.0001356305166262967 0
10.00048921677237 -0.0001441074239154507 0
10.00051799422957 -0.0001525843312046046 0
10.00054677168677 -0.0001610612384937585 0
10.00057554914397 -0.0001695381457829125 0
10.00060432660117 -0.0001780150530720664 0
10.00063310405837 -0.0001864919603612204 0
10.00066188151557 -0.0001949688676503743 0
10.00069065897276 -0.0002034457749395283 0
10.00071943642996 -0.0002119226822286822 0
10.00074821388716 -0.0002203995895178361 0
10.00077699134436 -0.0002288764968069901 0
10.00080576880156 -0.000237353404096144 0
10.00083454625876 -0.000245830311385298 0
10.00086332371595 -0.0002543072186744519 0
10.00089210117315 -0.0002627841259636059 0
10.00092087863035 -0.0002712610332527598 0
10.00094965608755 -0.0002797379405419138 0
10.00097843354475 -0.0002882148478310677 0
10.00100721100195 -0.0002966917551202217 0
10.00002520946952 -1.626292244573002e-05 0
10.00005041893904 -3.252584489162658e-05 0
10.00007562840856 -4.878876733752315e-05 0
10.00010083787808 -6.50516897834197e-05 0
10.0001260473476 -8.131461222931626e-05 0
10.00015125681712 -9.757753467521283e-05 0
10.00017646628664 -0.0001138404571211094 0
10.00020167575617 -0.0001301033795670059 0
10.00022688522569 -0.0001463663020129025 0
10.00025209469521 -0.0001626292244587991 0
10.00027730416473 -0.0001788921469046956 0
10.00030251363425 -0.0001951550693505922 0
10.00032772310377 -0.0002114179917964888 0
10.00035293257329 -0.0002276809142423853 0
10.00037814204281 -0.0002439438366882819 0
10.00040335151233 -0.0002602067591341785 0
10.00042856098185 -0.000276469681580075 0
10.00045377045137 -0.0002927326040259716 0
10.00047897992089 -0.0003089955264718681 0
10.00050418939042 -0.0003252584489177647 0
10.00052939885994 -0.0003415213713636612 0
10.00055460832946 -0.0003577842938095577 0
10.00057981779898 -0.0003740472162554543 0
10.0006050272685 -0.0003903101387013509 0
10.00063023673802 -0.0004065730611472474 0
10.00065544620754 -0.0004228359835931439 0
10.00068065567706 -0.0004390989060390405 0
10.00070586514658 -0.000455361828484937 0
10.0007310746161 -0.0004716247509308335 0
10.00075628408562 -0.0004878876733767301 0
10.00078149355514 -0.0005041505958226267 0
10.00080670302467 -0.0005204135182685232 0
10.00083191249418 -0.0005366764407144197 0
10.00085712196371 -0.0005529393631603164 0
10.00088233143323 -0.0005692022856062129 0
10.00001958683814 -2.272346301797809e-05 0
10.00003917367629 -4.544692603612272e-05 0
10.00005876051443 -6.817038905426735e-05 0
10.00007834735257 -9.089385207241198e-05 0
10.00009793419072 -0.0001136173150905566 0
10.00011752102886 -0.0001363407781087012 0
10.000137107867 -0.0001590642411268459 0
10.00015669470515 -0.0001817877041449905 0
10.00017628154329 -0.0002045111671631351 0
10.00019586838144 -0.0002272346301812798 0
10.00021545521958 -0.0002499580931994244 0
10.00023504205772 -0.0002726815562175691 0
10.00025462889587 -0.0002954050192357137 0
10.00027421573401 -0.0003181284822538584 0
10.00029380257215 -0.000340851945272003 0
10.0003133894103 -0.0003635754082901476 0
10.00033297624844 -0.0003862988713082923 0
10.00035256308658 -0.0004090223343264369 0
10.00037214992473 -0.0004317457973445815 0
10.00039173676287 -0.0004544692603627261 0
10.00041132360102 -0.0004771927233808706 0
10.00043091043916 -0.0004999161863990152 0
10.0004504972773 -0.0005226396494171599 0
10.00047008411545 -0.0005453631124353044 0
10.00048967095359 -0.0005680865754534491 0
10.00050925779173 -0.0005908100384715936 0
10.00052884462988 -0.0006135335014897383 0
10.00054843146802 -0.0006362569645078829 0
10.00056801830616 -0.0006589804275260275 0
10.00058760514431 -0.0006817038905441721 0
10.00060719198245 -0.0007044273535623167 0
10.00062677882059 -0.0007271508165804613 0
10.00064636565874 -0.000749874279598606 0
10.00066595249688 -0.0007725977426167507 0
10.00068553933503 -0.0007953212056348954 0
10.00001236782357 -2.733197651437591e-05 0
10.00002473564714 -5.466395302891835e-05 0
10.0000371034707 -8.19959295434608e-05 0
10.00004947129427 -0.0001093279060580032 0
10.00006183911784 -0.0001366598825725457 0
10.00007420694141 -0.0001639918590870881 0
10.00008657476498 -0.0001913238356016306 0
10.00009894258854 -0.000218655812116173 0
10.00011131041211 -0.0002459877886307154 0
10.00012367823568 -0.0002733197651452579 0
10.00013604605925 -0.0003006517416598004 0
10.00014841388282 -0.0003279837181743429 0
10.00016078170638 -0.0003553156946888853 0
10.00017314952995 -0.0003826476712034278 0
10.00018551735352 -0.0004099796477179702 0
10.00019788517709 -0.0004373116242325127 0
10.00021025300066 -0.0004646436007470551 0
10.00022262082422 -0.0004919755772615975 0
10.00023498864779 -0.00051930755377614 0
10.00024735647136 -0.0005466395302906824 0
10.00025972429493 -0.0005739715068052248 0
10.00027209211849 -0.0006013034833197672 0
10.00028445994206 -0.0006286354598343096 0
10.00029682776563 -0.000655967436348852 0
10.0003091955892 -0.0006832994128633945 0
10.00032156341277 -0.0007106313893779369 0
10.00033393123634 -0.0007379633658924793 0
10.0003462990599 -0.0007652953424070217 0
10.00035866688347 -0.0007926273189215641 0
10.00037103470704 -0.0008199592954361066 0
10.00038340253061 -0.000847291271950649 0
10.00039577035417 -0.0008746232484651913 0
10.00040813817774 -0.0009019552249797338 0
10.00042050600131 -0.0009292872014942763 0
10.00043287382488 -0.0009566191780088189 0
10.00000414079608 -2.971285593488418e-05 0
10.00000828159216 -5.942571186993489e-05 0
10.00001242238824 -8.913856780498562e-05 0
10.00001656318432 -0.0001188514237400363 0
10.0000207039804 -0.0001485642796750871 0
10.00002484477649 -0.0001782771356101378 0
10.00002898557257 -0.0002079899915451885 0
10.00003312636865 -0.0002377028474802392 0
10.00003726716473 -0.0002674157034152899 0
10.00004140796081 -0.0002971285593503406 0
10.00004554875689 -0.0003268414152853914 0
10.00004968955297 -0.0003565542712204421 0
10.00005383034905 -0.0003862671271554929 0
10.00005797114513 -0.0004159799830905436 0
10.00006211194121 -0.0004456928390255944 0
10.00006625273729 -0.0004754056949606451 0
10.00007039353337 -0.0005051185508956957 0
10.00007453432946 -0.0005348314068307464 0
10.00007867512554 -0.0005645442627657971 0
10.00008281592162 -0.0005942571187008478 0
10.0000869567177 -0.0006239699746358985 0
10.00009109751378 -0.0006536828305709492 0
10.00009523830986 -0.0006833956865059999 0
10.00009937910594 -0.0007131085424410506 0
10.00010351990202 -0.0007428213983761013 0
10.0001076606981 -0.000772534254311152 0
10.00011180149418 -0.0008022471102462026 0
10.00011594229026 -0.0008319599661812533 0
10.00012008308634 -0.000861672822116304 0
10.00012422388243 -0.0008913856780513547 0
10.00012836467851 -0.0009210985339864054 0
10.00013250547459 -0.000950811389921456 0
10.00013664627067 -0.0009805242458565068 0
10.00014078706675 -0.001010237101791558 0
10.00014492786283 -0.001039949957726608 0
0.06278650306596241 -0.1363693850583124 0
0.06276744951389626 -0.1363937893988447 0
0.06274839596183011 -0.1364181937393769 0
0.06272934240976397 -0.1364425980799092 0
0.06271028885769782 -0.1364670024204415 0
0.06269123530563167 -0.1364914067609738 0
0.06267218175356552 -0.1365158111015061 0
0.06265312820149938 -0.1365402154420384 0
0.06263407464943323 -0.1365646197825706 0
0.06261502109736708 -0.1365890241231029 0
0.06259596754530093 -0.1366134284636352 0
0.06257691399323477 -0.1366378328041675 0
0.06255786044116862 -0.1366622371446998 0
0.06253880688910247 -0.1366866414852321 0
0.06251975333703633 -0.1367110458257643 0
0.06250069978497018 -0.1367354501662966 0
0.06248164623290404 -0.1367598545068289 0
0.06246259268083788 -0.1367842588473612 0
0.06244353912877174 -0.1368086631878935 0
0.06242448557670559 -0.1368330675284258 0
0.06240543202463944 -0.1368574718689581 0
0.06238637847257329 -0.1368818762094903 0
0.06236732492050714 -0.1369062805500226 0
0.062348271368441 -0.1369306848905549 0
0.06232921781637485 -0.1369550892310872 0
0.0623101642643087 -0.1369794935716195 0
0.06229111071224255 -0.1370038979121518 0
0.06227205716017641 -0.137028302252684 0
0.06225300360811026 -0.1370527065932163 0
0.0622339500560441 -0.1370771109337486 0
0.06221489650397796 -0.1371015152742809 0
0.06219584295191181 -0.1371259196148132 0
0.06217678939984566 -0.1371503239553455 0
0.06215773584777951 -0.1371747282958777 0
0.06213868229571336 -0.13719913263641 0
0.6697790688106918 0.4014599075034024 0
0.6697703658950314 0.4014888452577672 0
0.669761662979371 0.4015177830121319 0
0.6697529600637107 0.4015467207664966 0
0.6697442571480502 0.4015756585208613 0
0.6697355542323898 0.401604596275226 0
0.6697268513167295 0.4016335340295907 0
0.669718148401069 0.4016624717839554 0
0.6697094454854087 0.4016914095383202 0
0.6697007425697483 0.4017203472926849 0
0.6696920396540879 0.4017492850470495 0
0.6696833367384275 0.4017782228014143 0
0.669674633822767 0.401807160555779 0
0.6696659309071067 0.4018360983101437 0
0.6696572279914463 0.4018650360645084 0
0.6696485250757859 0.4018939738188731 0
0.6696398221601255 0.4019229115732378 0
0.6696311192444652 0.4019518493276025 0
0.6696224163288047 0.4019807870819672 0
0.6696137134131444 0.402009724836332 0
0.669605010497484 0.4020386625906966 0
0.6695963075818235 0.4020676003450614 0
0.6695876046661632 0.4020965380994261 0
0.6695789017505028 0.4021254758537908 0
0.6695701988348424 0.4021544136081555 0
0.669561495919182 0.4021833513625202 0
0.6695527930035217 0.4022122891168849 0
0.6695440900878612 0.4022412268712496 0
0.6695353871722008 0.4022701646256143 0
0.6695266842565405 0.4022991023799791 0
0.66951798134088 0.4023280401343438 0
0.6695092784252197 0.4023569778887085 0
0.6695005755095593 0.4023859156430732 0
0.6694918725938989 0.4024148533974379 0
0.6694831696782385 0.4024437911518026 0
1.329199357112065 0.5155488989509969 0
1.329195487345388 0.5155786753947509 0
1.329191617578712 0.5156084518385048 0
1.329187747812035 0.5156382282822587 0
1.329183878045358 0.5156680047260126 0
1.329180008278681 0.5156977811697666 0
1.329176138512005 0.5157275576135205 0
1.329172268745328 0.5157573340572744 0
1.329168398978651 0.5157871105010283 0
1.329164529211974 0.5158168869447823 0
1.329160659445298 0.5158466633885362 0
1.329156789678621 0.5158764398322901 0
1.329152919911944 0.5159062162760442 0
1.329149050145268 0.5159359927197981 0
1.329145180378591 0.515965769163552 0
1.329141310611914 0.5159955456073059 0
1.329137440845237 0.5160253220510599 0
1.329133571078561 0.5160550984948138 0
1.329129701311884 0.5160848749385677 0
1.329125831545207 0.5161146513823216 0
1.329121961778531 0.5161444278260756 0
1.329118092011854 0.5161742042698295 0
1.329114222245177 0.5162039807135834 0
1.3291103524785 0.5162337571573374 0
1.329106482711824 0.5162635336010913 0
1.329102612945147 0.5162933100448452 0
1.32909874317847 0.5163230864885991 0
1.329094873411794 0.5163528629323532 0
1.329091003645117 0.5163826393761071 0
1.32908713387844 0.516412415819861 0
1.329083264111763 0.5164421922636149 0
1.329079394345086 0.5164719687073689 0
1.32907552457841 0.5165017451511228 0
1.329071654811733 0.5165315215948767 0
1.329067785045057 0.5165612980386307 0
1.996162136093647 0.573542403723052 0
1.996160294854676 0.5735723569165292 0
1.996158453615704 0.5736023101100063 0
1.996156612376733 0.5736322633034835 0
1.996154771137761 0.5736622164969606 0
1.99615292989879 0.5736921696904378 0
1.996151088659818 0.5737221228839149 0
1.996149247420846 0.573752076077392 0
1.996147406181875 0.5737820292708692 0
1.996145564942903 0.5738119824643463 0
1.996143723703932 0.5738419356578235 0
1.99614188246496 0.5738718888513006 0
1.996140041225989 0.5739018420447778 0
1.996138199987017 0.5739317952382549 0
1.996136358748046 0.573961748431732 0
1.996134517509074 0.5739917016252092 0
1.996132676270103 0.5740216548186863 0
1.996130835031131 0.5740516080121635 0
1.99612899379216 0.5740815612056406 0
1.996127152553188 0.5741115143991177 0
1.996125311314217 0.5741414675925949 0
1.996123470075245 0.574171420786072 0
1.996121628836274 0.5742013739795492 0
1.996119787597302 0.5742313271730263 0
1.996117946358331 0.5742612803665035 0
1.996116105119359 0.5742912335599806 0
1.996114263880387 0.5743211867534577 0
1.996112422641416 0.5743511399469349 0
1.996110581402444 0.574381093140412 0
1.996108740163473 0.5744110463338892 0
1.996106898924501 0.5744409995273663 0
1.99610505768553 0.5744709527208435 0
1.996103216446558 0.5745009059143206 0
1.996101375207587 0.5745308591077977 0
1.996099533968615 0.5745608123012749 0
2.665271736124649 0.5975065211821005 0
2.66527119423781 0.5975365210562937 0
2.665270652350972 0.5975665209304869 0
2.665270110464134 0.5975965208046801 0
2.665269568577296 0.5976265206788733 0
2.665269026690458 0.5976565205530665 0
2.66526848480362 0.5976865204272597 0
2.665267942916781 0.5977165203014529 0
2.665267401029943 0.5977465201756461 0
2.665266859143105 0.5977765200498393 0
2.665266317256267 0.5978065199240326 0
2.665265775369428 0.5978365197982257 0
2.66526523348259 0.5978665196724189 0
2.665264691595752 0.597896519546612 0
2.665264149708914 0.5979265194208053 0
2.665263607822076 0.5979565192949985 0
2.665263065935237 0.5979865191691917 0
2.665262524048399 0.5980165190433849 0
2.665261982161561 0.5980465189175781 0
2.665261440274723 0.5980765187917713 0
2.665260898387884 0.5981065186659645 0
2.665260356501046 0.5981365185401577 0
2.665259814614208 0.5981665184143509 0
2.66525927272737 0.5981965182885441 0
2.665258730840532 0.5982265181627373 0
2.665258188953693 0.5982565180369305 0
2.665257647066855 0.5982865179111237 0
2.665257105180017 0.5983165177853169 0
2.665256563293179 0.5983465176595101 0
2.665256021406341 0.5983765175337034 0
2.665255479519502 0.5984065174078965 0
2.665254937632664 0.5984365172820897 0
2.665254395745826 0.598466517156283 0
2.665253853858988 0.5984965170304761 0
2.665253311972149 0.5985265169046693 0
3.334832530944819 0.5976035896672381 0
3.334832924527277 0.5976335897510698 0
3.334833318109736 0.5976635898349016 0
3.334833711692194 0.5976935899187334 0
3.334834105274652 0.5977235900025653 0
3.33483449885711 0.5977535900863969 0
3.334834892439568 0.5977835901702288 0
3.334835286022027 0.5978135902540606 0
3.334835679604485 0.5978435903378923 0
3.334836073186943 0.5978735904217241 0
3.334836466769401 0.5979035905055559 0
3.334836860351859 0.5979335905893876 0
3.334837253934317 0.5979635906732194 0
3.334837647516776 0.5979935907570512 0
3.334838041099234 0.598023590840883 0
3.334838434681692 0.5980535909247147 0
3.33483882826415 0.5980835910085465 0
3.334839221846608 0.5981135910923783 0
3.334839615429066 0.59814359117621 0
3.334840009011525 0.5981735912600418 0
3.334840402593983 0.5982035913438736 0
3.334840796176441 0.5982335914277053 0
3.334841189758899 0.5982635915115371 0
3.334841583341357 0.5982935915953689 0
3.334841976923816 0.5983235916792007 0
3.334842370506274 0.5983535917630324 0
3.334842764088732 0.5983835918468642 0
3.33484315767119 0.598413591930696 0
3.334843551253648 0.5984435920145277 0
3.334843944836106 0.5984735920983595 0
3.334844338418565 0.5985035921821913 0
3.334844732001023 0.598533592266023 0
3.334845125583481 0.5985635923498548 0
3.334845519165939 0.5985935924336866 0
3.334845912748397 0.5986235925175184 0
4.004168499285585 0.579852073906401 0
4.00416960330487 0.5798820551912122 0
4.004170707324156 0.5799120364760233 0
4.004171811343441 0.5799420177608343 0
4.004172915362727 0.5799719990456454 0
4.004174019382011 0.5800019803304566 0
4.004175123401297 0.5800319616152677 0
4.004176227420582 0.5800619429000788 0
4.004177331439868 0.58009192418489 0
4.004178435459153 0.5801219054697011 0
4.004179539478439 0.5801518867545121 0
4.004180643497723 0.5801818680393233 0
4.004181747517009 0.5802118493241344 0
4.004182851536294 0.5802418306089455 0
4.00418395555558 0.5802718118937567 0
4.004185059574865 0.5803017931785678 0
4.00418616359415 0.5803317744633789 0
4.004187267613435 0.58036175574819 0
4.004188371632721 0.5803917370330011 0
4.004189475652006 0.5804217183178122 0
4.004190579671292 0.5804516996026233 0
4.004191683690578 0.5804816808874345 0
4.004192787709862 0.5805116621722456 0
4.004193891729148 0.5805416434570567 0
4.004194995748433 0.5805716247418679 0
4.004196099767719 0.5806016060266789 0
4.004197203787004 0.58063158731149 0
4.004198307806289 0.5806615685963011 0
4.004199411825574 0.5806915498811123 0
4.00420051584486 0.5807215311659234 0
4.004201619864145 0.5807515124507345 0
4.004202723883431 0.5807814937355457 0
4.004203827902716 0.5808114750203567 0
4.004204931922001 0.5808414563051678 0
4.004206035941286 0.5808714375899789 0
4.672999699536144 0.5482584198730563 0
4.673001360919272 0.5482883748557693 0
4.6730030223024 0.5483183298384822 0
4.673004683685528 0.5483482848211951 0
4.673006345068657 0.548378239803908 0
4.673008006451785 0.5484081947866208 0
4.673009667834913 0.5484381497693338 0
4.673011329218041 0.5484681047520467 0
4.673012990601169 0.5484980597347595 0
4.673014651984297 0.5485280147174725 0
4.673016313367425 0.5485579697001853 0
4.673017974750553 0.5485879246828983 0
4.673019636133682 0.5486178796656112 0
4.67302129751681 0.548647834648324 0
4.673022958899938 0.548677789631037 0
4.673024620283066 0.5487077446137498 0
4.673026281666194 0.5487376995964628 0
4.673027943049322 0.5487676545791756 0
4.67302960443245 0.5487976095618885 0
4.673031265815577 0.5488275645446015 0
4.673032927198705 0.5488575195273143 0
4.673034588581834 0.5488874745100273 0
4.673036249964962 0.5489174294927401 0
4.67303791134809 0.548947384475453 0
4.673039572731218 0.548977339458166 0
4.673041234114346 0.5490072944408788 0
4.673042895497474 0.5490372494235917 0
4.673044556880602 0.5490672044063046 0
4.67304621826373 0.5490971593890175 0
4.673047879646858 0.5491271143717305 0
4.673049541029987 0.5491570693544433 0
4.673051202413115 0.5491870243371562 0
4.673052863796243 0.5492169793198691 0
4.673054525179371 0.549246934302582 0
4.673056186562499 0.5492768892852949 0
5.341222147986307 0.5056404762121484 0
5.341224258665317 0.5056704025566318 0
5.341226369344328 0.5057003289011152 0
5.341228480023339 0.5057302552455986 0
5.34123059070235 0.5057601815900821 0
5.341232701381361 0.5057901079345655 0
5.341234812060372 0.5058200342790489 0
5.341236922739382 0.5058499606235323 0
5.341239033418393 0.5058798869680157 0
5.341241144097404 0.5059098133124991 0
5.341243254776415 0.5059397396569825 0
5.341245365455426 0.5059696660014659 0
5.341247476134437 0.5059995923459493 0
5.341249586813447 0.5060295186904328 0
5.341251697492458 0.5060594450349162 0
5.341253808171469 0.5060893713793996 0
5.34125591885048 0.506119297723883 0
5.341258029529491 0.5061492240683664 0
5.341260140208502 0.5061791504128498 0
5.341262250887512 0.5062090767573332 0
5.341264361566523 0.5062390031018166 0
5.341266472245534 0.5062689294463 0
5.341268582924545 0.5062988557907835 0
5.341270693603556 0.5063287821352669 0
5.341272804282567 0.5063587084797503 0
5.341274914961577 0.5063886348242337 0
5.341277025640588 0.5064185611687171 0
5.341279136319599 0.5064484875132005 0
5.34128124699861 0.5064784138576839 0
5.341283357677621 0.5065083402021673 0
5.341285468356632 0.5065382665466507 0
5.341287579035642 0.5065681928911342 0
5.341289689714653 0.5065981192356176 0
5.341291800393664 0.506628045580101 0
5.341293911072674 0.5066579719245844 0
6.008809697279266 0.4539997801727037 0
6.0088121813846 0.4540296776428365 0
6.008814665489933 0.4540595751129693 0
6.008817149595266 0.4540894725831021 0
6.008819633700599 0.4541193700532349 0
6.008822117805932 0.4541492675233678 0
6.008824601911266 0.4541791649935006 0
6.008827086016599 0.4542090624636334 0
6.008829570121933 0.4542389599337662 0
6.008832054227266 0.454268857403899 0
6.008834538332599 0.4542987548740318 0
6.008837022437933 0.4543286523441646 0
6.008839506543266 0.4543585498142975 0
6.008841990648599 0.4543884472844303 0
6.008844474753933 0.4544183447545631 0
6.008846958859266 0.4544482422246959 0
6.0088494429646 0.4544781396948287 0
6.008851927069933 0.4545080371649615 0
6.008854411175266 0.4545379346350943 0
6.0088568952806 0.4545678321052272 0
6.008859379385933 0.45459772957536 0
6.008861863491266 0.4546276270454928 0
6.008864347596599 0.4546575245156256 0
6.008866831701932 0.4546874219857584 0
6.008869315807266 0.4547173194558912 0
6.008871799912599 0.454747216926024 0
6.008874284017933 0.4547771143961569 0
6.008876768123266 0.4548070118662897 0
6.008879252228599 0.4548369093364225 0
6.008881736333933 0.4548668068065553 0
6.008884220439266 0.4548967042766881 0
6.008886704544599 0.4549266017468209 0
6.008889188649933 0.4549564992169537 0
6.008891672755266 0.4549863966870866 0
6.0088941568606 0.4550162941572193 0
6.675763301093469 0.3947185390933529 0
6.675766108006301 0.3947484078799635 0
6.675768914919134 0.3947782766665741 0
6.675771721831967 0.3948081454531846 0
6.675774528744799 0.3948380142397951 0
6.675777335657632 0.3948678830264057 0
6.675780142570464 0.3948977518130163 0
6.675782949483296 0.3949276205996268 0
6.675785756396129 0.3949574893862374 0
6.675788563308962 0.394987358172848 0
6.675791370221794 0.3950172269594585 0
6.675794177134627 0.3950470957460691 0
6.67579698404746 0.3950769645326797 0
6.675799790960292 0.3951068333192902 0
6.675802597873124 0.3951367021059007 0
6.675805404785957 0.3951665708925113 0
6.675808211698789 0.3951964396791219 0
6.675811018611622 0.3952263084657324 0
6.675813825524455 0.395256177252343 0
6.675816632437287 0.3952860460389536 0
6.67581943935012 0.3953159148255641 0
6.675822246262952 0.3953457836121747 0
6.675825053175784 0.3953756523987852 0
6.675827860088617 0.3954055211853958 0
6.67583066700145 0.3954353899720063 0
6.675833473914282 0.3954652587586169 0
6.675836280827115 0.3954951275452275 0
6.675839087739948 0.395524996331838 0
6.67584189465278 0.3955548651184486 0
6.675844701565612 0.3955847339050592 0
6.675847508478445 0.3956146026916697 0
6.675850315391278 0.3956444714782802 0
6.67585312230411 0.3956743402648908 0
6.675855929216943 0.3957042090515014 0
6.675858736129776 0.3957340778381119 0
7.34208143733039 0.328671895345988 0
7.342084537483075 0.328701735073383 0
7.342087637635759 0.328731574800778 0
7.342090737788443 0.3287614145281731 0
7.342093837941127 0.3287912542555681 0
7.342096938093811 0.3288210939829631 0
7.342100038246495 0.3288509337103581 0
7.34210313839918 0.3288807734377531 0
7.342106238551864 0.3289106131651481 0
7.342109338704549 0.3289404528925431 0
7.342112438857233 0.3289702926199382 0
7.342115539009916 0.3290001323473332 0
7.342118639162601 0.3290299720747282 0
7.342121739315285 0.3290598118021232 0
7.342124839467969 0.3290896515295182 0
7.342127939620654 0.3291194912569133 0
7.342131039773338 0.3291493309843083 0
7.342134139926022 0.3291791707117033 0
7.342137240078706 0.3292090104390983 0
7.34214034023139 0.3292388501664933 0
7.342143440384074 0.3292686898938884 0
7.342146540536759 0.3292985296212834 0
7.342149640689443 0.3293283693486784 0
7.342152740842127 0.3293582090760734 0
7.342155840994812 0.3293880488034684 0
7.342158941147495 0.3294178885308635 0
7.34216204130018 0.3294477282582585 0
7.342165141452864 0.3294775679856535 0
7.342168241605548 0.3295074077130485 0
7.342171341758233 0.3295372474404435 0
7.342174441910917 0.3295670871678385 0
7.342177542063601 0.3295969268952336 0
7.342180642216285 0.3296267666226286 0
7.342183742368969 0.3296566063500236 0
7.342186842521653 0.3296864460774186 0
8.007742709347697 0.2563027873297146 0
8.00774609161412 0.2563325963930925 0
8.007749473880544 0.2563624054564703 0
8.007752856146968 0.2563922145198481 0
8.007756238413393 0.2564220235832259 0
8.007759620679815 0.2564518326466037 0
8.007763002946239 0.2564816417099816 0
8.007766385212664 0.2565114507733594 0
8.007769767479088 0.2565412598367371 0
8.00777314974551 0.256571068900115 0
8.007776532011935 0.2566008779634928 0
8.007779914278359 0.2566306870268706 0
8.007783296544783 0.2566604960902484 0
8.007786678811206 0.2566903051536262 0
8.00779006107763 0.256720114217004 0
8.007793443344054 0.2567499232803819 0
8.007796825610479 0.2567797323437597 0
8.007800207876901 0.2568095414071375 0
8.007803590143325 0.2568393504705153 0
8.00780697240975 0.2568691595338931 0
8.007810354676174 0.256898968597271 0
8.007813736942596 0.2569287776606488 0
8.007817119209021 0.2569585867240265 0
8.007820501475445 0.2569883957874044 0
8.007823883741869 0.2570182048507822 0
8.007827266008292 0.25704801391416 0
8.007830648274716 0.2570778229775378 0
8.00783403054114 0.2571076320409156 0
8.007837412807564 0.2571374411042934 0
8.007840795073987 0.2571672501676713 0
8.007844177340411 0.2571970592310491 0
8.007847559606835 0.2572268682944269 0
8.00785094187326 0.2572566773578047 0
8.007854324139682 0.2572864864211825 0
8.007857706406107 0.2573162954845604 0
8.672692160593121 0.1776633994207016 0
8.672695830583379 0.1776931744638056 0
8.672699500573637 0.1777229495069097 0
8.672703170563894 0.1777527245500138 0
8.672706840554152 0.1777824995931178 0
8.672710510544411 0.1778122746362219 0
8.672714180534669 0.177842049679326 0
8.672717850524927 0.1778718247224301 0
8.672721520515186 0.1779015997655342 0
8.672725190505444 0.1779313748086382 0
8.672728860495702 0.1779611498517423 0
8.672732530485959 0.1779909248948464 0
8.672736200476217 0.1780206999379504 0
8.672739870466476 0.1780504749810545 0
8.672743540456734 0.1780802500241586 0
8.672747210446992 0.1781100250672627 0
8.672750880437251 0.1781398001103668 0
8.672754550427509 0.1781695751534708 0
8.672758220417768 0.1781993501965749 0
8.672761890408024 0.178229125239679 0
8.672765560398283 0.1782589002827831 0
8.672769230388541 0.1782886753258871 0
8.672772900378799 0.1783184503689912 0
8.672776570369058 0.1783482254120953 0
8.672780240359316 0.1783780004551994 0
8.672783910349574 0.1784077754983034 0
8.672787580339833 0.1784375505414075 0
8.672791250330089 0.1784673255845116 0
8.672794920320348 0.1784971006276157 0
8.672798590310606 0.1785268756707197 0
8.672802260300864 0.1785566507138238 0
8.672805930291123 0.1785864257569279 0
8.672809600281381 0.178616200800032 0
8.672813270271639 0.178645975843136 0
8.672816940261898 0.1786757508862401 0
9.336830923613956 0.09244981089577958 0
9.336834902280549 0.09247954634169485 0
9.336838880947139 0.09250928178761011 0
9.33684285961373 0.09253901723352538 0
9.336846838280323 0.09256875267944065 0
9.336850816946914 0.0925984881253559 0
9.336854795613505 0.09262822357127116 0
9.336858774280097 0.09265795901718643 0
9.336862752946688 0.0926876944631017 0
9.336866731613279 0.09271742990901696 0
9.336870710279872 0.09274716535493223 0
9.336874688946462 0.09277690080084749 0
9.336878667613053 0.09280663624676276 0
9.336882646279646 0.09283637169267803 0
9.336886624946237 0.09286610713859329 0
9.336890603612828 0.09289584258450856 0
9.33689458227942 0.09292557803042381 0
9.336898560946011 0.09295531347633908 0
9.336902539612602 0.09298504892225434 0
9.336906518279195 0.09301478436816961 0
9.336910496945785 0.09304451981408488 0
9.336914475612376 0.09307425526000014 0
9.336918454278969 0.09310399070591541 0
9.33692243294556 0.09313372615183067 0
9.336926411612151 0.09316346159774594 0
9.336930390278743 0.09319319704366121 0
9.336934368945334 0.09322293248957647 0
9.336938347611925 0.09325266793549172 0
9.336942326278518 0.09328240338140699 0
9.336946304945108 0.09331213882732226 0
9.336950283611699 0.09334187427323752 0
9.336954262278292 0.09337160971915279 0
9.336958240944883 0.09340134516506805 0
9.336962219611474 0.09343108061098332 0
9.336966198278066 0.09346081605689859 0
9.336830924738127 -0.09244981074524049 0
9.33683490501117 -0.09247954597616506 0
9.336838885284211 -0.09250928120708965 0
9.336842865557253 -0.09253901643801424 0
9.336846845830294 -0.09256875166893881 0
9.336850826103337 -0.0925984868998634 0
9.336854806376378 -0.09262822213078799 0
9.336858786649421 -0.09265795736171256 0
9.336862766922462 -0.09268769259263715 0
9.336866747195504 -0.09271742782356174 0
9.336870727468545 -0.09274716305448631 0
9.336874707741588 -0.0927768982854109 0
9.336878688014629 -0.09280663351633549 0
9.336882668287672 -0.09283636874726006 0
9.336886648560712 -0.09286610397818465 0
9.336890628833755 -0.09289583920910924 0
9.336894609106796 -0.09292557444003381 0
9.336898589379839 -0.0929553096709584 0
9.33690256965288 -0.09298504490188299 0
9.336906549925923 -0.09301478013280756 0
9.336910530198963 -0.09304451536373215 0
9.336914510472006 -0.09307425059465674 0
9.336918490745047 -0.09310398582558131 0
9.33692247101809 -0.0931337210565059 0
9.336926451291131 -0.09316345628743049 0
9.336930431564173 -0.09319319151835506 0
9.336934411837214 -0.09322292674927965 0
9.336938392110257 -0.09325266198020424 0
9.336942372383298 -0.09328239721112881 0
9.336946352656341 -0.0933121324420534 0
9.336950332929382 -0.09334186767297799 0
9.336954313202424 -0.09337160290390256 0
9.336958293475465 -0.09340133813482715 0
9.336962273748508 -0.09343107336575174 0
9.336966254021549 -0.09346080859667631 0
8.672692156983475 -0.1776633998651482 0
8.672695828439197 -0.1776931747275866 0
8.672699499894918 -0.177722949590025 0
8.672703171350641 -0.1777527244524633 0
8.672706842806363 -0.1777824993149017 0
8.672710514262086 -0.1778122741773401 0
8.672714185717808 -0.1778420490397785 0
8.672717857173529 -0.1778718239022169 0
8.672721528629252 -0.1779015987646553 0
8.672725200084974 -0.1779313736270937 0
8.672728871540697 -0.177961148489532 0
8.672732542996417 -0.1779909233519704 0
8.67273621445214 -0.1780206982144088 0
8.672739885907863 -0.1780504730768472 0
8.672743557363585 -0.1780802479392856 0
8.672747228819308 -0.178110022801724 0
8.672750900275028 -0.1781397976641624 0
8.672754571730751 -0.1781695725266007 0
8.672758243186474 -0.1781993473890391 0
8.672761914642196 -0.1782291222514775 0
8.672765586097919 -0.1782588971139159 0
8.672769257553639 -0.1782886719763543 0
8.672772929009362 -0.1783184468387927 0
8.672776600465085 -0.178348221701231 0
8.672780271920807 -0.1783779965636694 0
8.672783943376528 -0.1784077714261078 0
8.67278761483225 -0.1784375462885462 0
8.672791286287973 -0.1784673211509846 0
8.672794957743696 -0.178497096013423 0
8.672798629199418 -0.1785268708758614 0
8.672802300655139 -0.1785566457382997 0
8.672805972110861 -0.1785864206007381 0
8.672809643566584 -0.1786161954631765 0
8.672813315022307 -0.1786459703256149 0
8.672816986478029 -0.1786757451880533 0
8.007742701071914 -0.2563027882685427 0
8.007746084736048 -0.2563325971732969 0
8.007749468400185 -0.2563624060780511 0
8.00775285206432 -0.2563922149828053 0
8.007756235728454 -0.2564220238875595 0
8.007759619392589 -0.2564518327923138 0
8.007763003056724 -0.256481641697068 0
8.00776638672086 -0.2565114506018222 0
8.007769770384995 -0.2565412595065764 0
8.007773154049129 -0.2565710684113306 0
8.007776537713264 -0.2566008773160848 0
8.007779921377399 -0.2566306862208391 0
8.007783305041535 -0.2566604951255932 0
8.00778668870567 -0.2566903040303475 0
8.007790072369804 -0.2567201129351017 0
8.007793456033939 -0.2567499218398559 0
8.007796839698074 -0.2567797307446101 0
8.00780022336221 -0.2568095396493644 0
8.007803607026345 -0.2568393485541186 0
8.007806990690479 -0.2568691574588728 0
8.007810374354614 -0.256898966363627 0
8.007813758018749 -0.2569287752683812 0
8.007817141682885 -0.2569585841731354 0
8.00782052534702 -0.2569883930778896 0
8.007823909011154 -0.2570182019826439 0
8.007827292675289 -0.2570480108873981 0
8.007830676339424 -0.2570778197921523 0
8.00783406000356 -0.2571076286969065 0
8.007837443667695 -0.2571374376016607 0
8.00784082733183 -0.2571672465064149 0
8.007844210995964 -0.2571970554111692 0
8.007847594660099 -0.2572268643159234 0
8.007850978324235 -0.2572566732206776 0
8.00785436198837 -0.2572864821254318 0
8.007857745652505 -0.2573162910301861 0
7.34208142436259 -0.3286718966943293 0
7.342084525924608 -0.3287017362752702 0
7.342087627486625 -0.3287315758562111 0
7.342090729048643 -0.3287614154371519 0
7.34209383061066 -0.3287912550180928 0
7.342096932172677 -0.3288210945990337 0
7.342100033734694 -0.3288509341799746 0
7.342103135296712 -0.3288807737609155 0
7.342106236858729 -0.3289106133418563 0
7.342109338420746 -0.3289404529227972 0
7.342112439982764 -0.328970292503738 0
7.342115541544781 -0.3290001320846789 0
7.342118643106799 -0.3290299716656198 0
7.342121744668816 -0.3290598112465607 0
7.342124846230834 -0.3290896508275016 0
7.342127947792851 -0.3291194904084425 0
7.342131049354868 -0.3291493299893833 0
7.342134150916886 -0.3291791695703242 0
7.342137252478903 -0.3292090091512651 0
7.342140354040921 -0.3292388487322059 0
7.342143455602938 -0.3292686883131468 0
7.342146557164956 -0.3292985278940877 0
7.342149658726973 -0.3293283674750285 0
7.34215276028899 -0.3293582070559694 0
7.342155861851007 -0.3293880466369103 0
7.342158963413024 -0.3294178862178512 0
7.342162064975042 -0.3294477257987921 0
7.342165166537059 -0.3294775653797329 0
7.342168268099077 -0.3295074049606738 0
7.342171369661094 -0.3295372445416146 0
7.342174471223112 -0.3295670841225555 0
7.342177572785129 -0.3295969237034964 0
7.342180674347147 -0.3296267632844373 0
7.342183775909164 -0.3296566028653782 0
7.342186877471181 -0.3296864424463191 0
6.675763284470198 -0.394718540658946 0
6.675766092891097 -0.3947484093037981 0
6.675768901311995 -0.3947782779486501 0
6.675771709732892 -0.3948081465935021 0
6.675774518153791 -0.3948380152383542 0
6.675777326574688 -0.3948678838832062 0
6.675780134995586 -0.3948977525280582 0
6.675782943416484 -0.3949276211729102 0
6.675785751837382 -0.3949574898177623 0
6.67578856025828 -0.3949873584626143 0
6.675791368679178 -0.3950172271074663 0
6.675794177100076 -0.3950470957523184 0
6.675796985520974 -0.3950769643971704 0
6.675799793941872 -0.3951068330420225 0
6.675802602362769 -0.3951367016868745 0
6.675805410783668 -0.3951665703317265 0
6.675808219204566 -0.3951964389765786 0
6.675811027625463 -0.3952263076214306 0
6.675813836046362 -0.3952561762662827 0
6.675816644467259 -0.3952860449111347 0
6.675819452888157 -0.3953159135559867 0
6.675822261309055 -0.3953457822008388 0
6.675825069729953 -0.3953756508456908 0
6.675827878150852 -0.3954055194905428 0
6.675830686571749 -0.3954353881353949 0
6.675833494992647 -0.3954652567802469 0
6.675836303413545 -0.395495125425099 0
6.675839111834443 -0.395524994069951 0
6.675841920255341 -0.395554862714803 0
6.675844728676239 -0.3955847313596551 0
6.675847537097137 -0.3956146000045071 0
6.675850345518034 -0.3956444686493591 0
6.675853153938933 -0.3956743372942111 0
6.67585596235983 -0.3957042059390632 0
6.675858770780728 -0.3957340745839152 0
6.008809676883025 -0.4539997818738694 0
6.008812162691504 -0.4540296792024434 0
6.008814648499982 -0.4540595765310174 0
6.00881713430846 -0.4540894738595913 0
6.008819620116938 -0.4541193711881653 0
6.008822105925416 -0.4541492685167393 0
6.008824591733895 -0.4541791658453133 0
6.008827077542374 -0.4542090631738872 0
6.008829563350852 -0.4542389605024612 0
6.00883204915933 -0.4542688578310352 0
6.008834534967808 -0.4542987551596091 0
6.008837020776286 -0.454328652488183 0
6.008839506584764 -0.4543585498167571 0
6.008841992393243 -0.454388447145331 0
6.008844478201721 -0.4544183444739049 0
6.008846964010199 -0.4544482418024789 0
6.008849449818677 -0.4544781391310529 0
6.008851935627155 -0.4545080364596268 0
6.008854421435634 -0.4545379337882008 0
6.008856907244112 -0.4545678311167748 0
6.008859393052591 -0.4545977284453488 0
6.008861878861069 -0.4546276257739227 0
6.008864364669547 -0.4546575231024967 0
6.008866850478025 -0.4546874204310707 0
6.008869336286503 -0.4547173177596446 0
6.008871822094981 -0.4547472150882186 0
6.00887430790346 -0.4547771124167926 0
6.008876793711938 -0.4548070097453665 0
6.008879279520416 -0.4548369070739405 0
6.008881765328894 -0.4548668044025145 0
6.008884251137373 -0.4548967017310884 0
6.008886736945851 -0.4549265990596624 0
6.00888922275433 -0.4549564963882364 0
6.008891708562808 -0.4549863937168103 0
6.008894194371286 -0.4550162910453843 0
5.341222124023937 -0.5056404779140174 0
5.341224236714224 -0.5056704041165794 0
5.341226349404511 -0.5057003303191413 0
5.341228462094798 -0.5057302565217032 0
5.341230574785086 -0.5057601827242652 0
5.341232687475373 -0.5057901089268271 0
5.34123480016566 -0.505820035129389 0
5.341236912855948 -0.5058499613319509 0
5.341239025546235 -0.5058798875345129 0
5.341241138236522 -0.5059098137370748 0
5.34124325092681 -0.5059397399396367 0
5.341245363617096 -0.5059696661421986 0
5.341247476307384 -0.5059995923447606 0
5.341249588997671 -0.5060295185473225 0
5.341251701687958 -0.5060594447498844 0
5.341253814378246 -0.5060893709524463 0
5.341255927068532 -0.5061192971550083 0
5.34125803975882 -0.5061492233575702 0
5.341260152449108 -0.5061791495601321 0
5.341262265139394 -0.506209075762694 0
5.341264377829682 -0.506239001965256 0
5.341266490519969 -0.5062689281678179 0
5.341268603210256 -0.5062988543703798 0
5.341270715900544 -0.5063287805729417 0
5.341272828590831 -0.5063587067755037 0
5.341274941281118 -0.5063886329780656 0
5.341277053971406 -0.5064185591806275 0
5.341279166661693 -0.5064484853831894 0
5.34128127935198 -0.5064784115857514 0
5.341283392042267 -0.5065083377883133 0
5.341285504732554 -0.5065382639908752 0
5.341287617422842 -0.5065681901934371 0
5.341289730113129 -0.5065981163959991 0
5.341291842803416 -0.506628042598561 0
5.341293955493703 -0.5066579688011229 0
4.672999679349209 -0.5482584210070962 0
4.67300134318984 -0.5482883758534083 0
4.673003007030471 -0.5483183306997205 0
4.673004670871101 -0.5483482855460325 0
4.673006334711732 -0.5483782403923447 0
4.673007998552364 -0.5484081952386568 0
4.673009662392994 -0.548438150084969 0
4.673011326233625 -0.5484681049312811 0
4.673012990074255 -0.5484980597775932 0
4.673014653914887 -0.5485280146239053 0
4.673016317755518 -0.5485579694702175 0
4.673017981596148 -0.5485879243165296 0
4.67301964543678 -0.5486178791628418 0
4.67302130927741 -0.548647834009154 0
4.673022973118041 -0.548677788855466 0
4.673024636958671 -0.5487077437017782 0
4.673026300799303 -0.5487376985480903 0
4.673027964639934 -0.5487676533944025 0
4.673029628480564 -0.5487976082407146 0
4.673031292321195 -0.5488275630870267 0
4.673032956161826 -0.5488575179333388 0
4.673034620002457 -0.548887472779651 0
4.673036283843087 -0.5489174276259631 0
4.673037947683719 -0.5489473824722753 0
4.67303961152435 -0.5489773373185873 0
4.67304127536498 -0.5490072921648995 0
4.673042939205611 -0.5490372470112116 0
4.673044603046242 -0.5490672018575238 0
4.673046266886873 -0.549097156703836 0
4.673047930727503 -0.549127111550148 0
4.673049594568135 -0.5491570663964602 0
4.673051258408766 -0.5491870212427723 0
4.673052922249396 -0.5492169760890845 0
4.673054586090027 -0.5492469309353966 0
4.673056249930658 -0.5492768857817087 0
4.004168483089522 -0.5798520745194641 0
4.004169590194604 -0.5798820556904861 0
4.004170697299684 -0.5799120368615081 0
4.004171804404765 -0.57994201803253 0
4.004172911509845 -0.5799719992035519 0
4.004174018614926 -0.580001980374574 0
4.004175125720007 -0.5800319615455959 0
4.004176232825087 -0.5800619427166178 0
4.004177339930168 -0.5800919238876399 0
4.004178447035249 -0.5801219050586618 0
4.00417955414033 -0.5801518862296837 0
4.00418066124541 -0.5801818674007057 0
4.004181768350491 -0.5802118485717277 0
4.004182875455572 -0.5802418297427496 0
4.004183982560653 -0.5802718109137716 0
4.004185089665733 -0.5803017920847936 0
4.004186196770815 -0.5803317732558155 0
4.004187303875895 -0.5803617544268375 0
4.004188410980976 -0.5803917355978595 0
4.004189518086056 -0.5804217167688814 0
4.004190625191137 -0.5804516979399034 0
4.004191732296218 -0.5804816791109253 0
4.004192839401298 -0.5805116602819473 0
4.004193946506379 -0.5805416414529693 0
4.00419505361146 -0.5805716226239912 0
4.004196160716541 -0.5806016037950132 0
4.004197267821621 -0.5806315849660352 0
4.004198374926702 -0.5806615661370571 0
4.004199482031783 -0.580691547308079 0
4.004200589136864 -0.5807215284791011 0
4.004201696241944 -0.580751509650123 0
4.004202803347026 -0.5807814908211449 0
4.004203910452106 -0.580811471992167 0
4.004205017557187 -0.5808414531631889 0
4.004206124662267 -0.5808714343342108 0
3.334832519041001 -0.5976035898430456 0
3.334832916602765 -0.5976335898744075 0
3.334833314164529 -0.5976635899057693 0
3.334833711726292 -0.5976935899371311 0
3.334834109288056 -0.5977235899684928 0
3.334834506849819 -0.5977535899998547 0
3.334834904411583 -0.5977835900312165 0
3.334835301973347 -0.5978135900625783 0
3.33483569953511 -0.5978435900939401 0
3.334836097096874 -0.5978735901253019 0
3.334836494658637 -0.5979035901566637 0
3.334836892220401 -0.5979335901880255 0
3.334837289782165 -0.5979635902193873 0
3.334837687343928 -0.5979935902507492 0
3.334838084905692 -0.5980235902821109 0
3.334838482467455 -0.5980535903134727 0
3.334838880029219 -0.5980835903448345 0
3.334839277590983 -0.5981135903761964 0
3.334839675152746 -0.5981435904075582 0
3.33484007271451 -0.5981735904389199 0
3.334840470276273 -0.5982035904702817 0
3.334840867838037 -0.5982335905016436 0
3.334841265399801 -0.5982635905330054 0
3.334841662961564 -0.5982935905643672 0
3.334842060523328 -0.5983235905957289 0
3.334842458085091 -0.5983535906270908 0
3.334842855646855 -0.5983835906584526 0
3.334843253208619 -0.5984135906898144 0
3.334843650770382 -0.5984435907211761 0
3.334844048332146 -0.598473590752538 0
3.334844445893909 -0.5985035907838998 0
3.334844843455673 -0.5985335908152616 0
3.334845241017437 -0.5985635908466234 0
3.3348456385792 -0.5985935908779852 0
3.334846036140964 -0.598623590909347 0
2.665271728715347 -0.5975065210725283 0
2.66527119215063 -0.5975365210423826 0
2.665270655585913 -0.5975665210122368 0
2.665270119021196 -0.5975965209820912 0
2.665269582456479 -0.5976265209519455 0
2.665269045891762 -0.5976565209217998 0
2.665268509327045 -0.5976865208916541 0
2.665267972762327 -0.5977165208615084 0
2.66526743619761 -0.5977465208313626 0
2.665266899632893 -0.5977765208012169 0
2.665266363068176 -0.5978065207710712 0
2.665265826503459 -0.5978365207409255 0
2.665265289938742 -0.5978665207107798 0
2.665264753374025 -0.597896520680634 0
2.665264216809307 -0.5979265206504883 0
2.66526368024459 -0.5979565206203427 0
2.665263143679873 -0.597986520590197 0
2.665262607115156 -0.5980165205600513 0
2.665262070550439 -0.5980465205299055 0
2.665261533985722 -0.5980765204997598 0
2.665260997421005 -0.5981065204696141 0
2.665260460856288 -0.5981365204394684 0
2.665259924291571 -0.5981665204093227 0
2.665259387726853 -0.598196520379177 0
2.665258851162136 -0.5982265203490312 0
2.665258314597419 -0.5982565203188855 0
2.665257778032702 -0.5982865202887399 0
2.665257241467985 -0.5983165202585942 0
2.665256704903268 -0.5983465202284485 0
2.665256168338551 -0.5983765201983027 0
2.665255631773833 -0.598406520168157 0
2.665255095209116 -0.5984365201380113 0
2.665254558644399 -0.5984665201078656 0
2.665254022079682 -0.5984965200777199 0
2.665253485514965 -0.5985265200475741 0
1.996162134105869 -0.5735424036336407 0
1.996160300458784 -0.5735723572928295 0
1.996158466811699 -0.5736023109520182 0
1.996156633164613 -0.573632264611207 0
1.996154799517528 -0.5736622182703958 0
1.996152965870442 -0.5736921719295845 0
1.996151132223357 -0.5737221255887732 0
1.996149298576271 -0.573752079247962 0
1.996147464929186 -0.5737820329071508 0
1.9961456312821 -0.5738119865663396 0
1.996143797635015 -0.5738419402255283 0
1.996141963987929 -0.573871893884717 0
1.996140130340844 -0.5739018475439058 0
1.996138296693759 -0.5739318012030946 0
1.996136463046673 -0.5739617548622833 0
1.996134629399588 -0.5739917085214721 0
1.996132795752502 -0.5740216621806609 0
1.996130962105417 -0.5740516158398496 0
1.996129128458331 -0.5740815694990383 0
1.996127294811246 -0.5741115231582271 0
1.996125461164161 -0.5741414768174159 0
1.996123627517075 -0.5741714304766047 0
1.99612179386999 -0.5742013841357934 0
1.996119960222904 -0.5742313377949821 0
1.996118126575819 -0.5742612914541709 0
1.996116292928733 -0.5742912451133597 0
1.996114459281648 -0.5743211987725484 0
1.996112625634562 -0.5743511524317372 0
1.996110791987477 -0.574381106090926 0
1.996108958340391 -0.5744110597501147 0
1.996107124693306 -0.5744410134093034 0
1.996105291046221 -0.5744709670684922 0
1.996103457399135 -0.574500920727681 0
1.99610162375205 -0.5745308743868698 0
1.996099790104964 -0.5745608280460586 0
1.329199363395108 -0.515548899820368 0
1.32919550616672 -0.5155786778909222 0
1.329191648938332 -0.5156084559614762 0
1.329187791709944 -0.5156382340320304 0
1.329183934481556 -0.5156680121025845 0
1.329180077253168 -0.5156977901731387 0
1.32917622002478 -0.5157275682436928 0
1.329172362796391 -0.515757346314247 0
1.329168505568003 -0.515787124384801 0
1.329164648339615 -0.5158169024553552 0
1.329160791111227 -0.5158466805259093 0
1.329156933882839 -0.5158764585964635 0
1.329153076654451 -0.5159062366670176 0
1.329149219426063 -0.5159360147375718 0
1.329145362197674 -0.5159657928081258 0
1.329141504969286 -0.51599557087868 0
1.329137647740898 -0.5160253489492341 0
1.32913379051251 -0.5160551270197883 0
1.329129933284122 -0.5160849050903424 0
1.329126076055734 -0.5161146831608966 0
1.329122218827345 -0.5161444612314506 0
1.329118361598957 -0.5161742393020048 0
1.329114504370569 -0.5162040173725589 0
1.329110647142181 -0.5162337954431131 0
1.329106789913793 -0.5162635735136673 0
1.329102932685404 -0.5162933515842214 0
1.329099075457016 -0.5163231296547754 0
1.329095218228628 -0.5163529077253296 0
1.32909136100024 -0.5163826857958838 0
1.329087503771852 -0.5164124638664379 0
1.329083646543464 -0.5164422419369921 0
1.329079789315076 -0.5164720200075462 0
1.329075932086687 -0.5165017980781003 0
1.329072074858299 -0.5165315761486544 0
1.329068217629911 -0.5165613542192086 0
0.6697791006184751 -0.4014599172202942 0
0.6697704324932739 -0.4014888654149557 0
0.6697617643680727 -0.4015178136096172 0
0.6697530962428714 -0.4015467618042787 0
0.6697444281176702 -0.4015757099989403 0
0.6697357599924689 -0.4016046581936018 0
0.6697270918672676 -0.4016336063882633 0
0.6697184237420665 -0.4016625545829249 0
0.6697097556168652 -0.4016915027775864 0
0.6697010874916639 -0.4017204509722479 0
0.6696924193664627 -0.4017493991669094 0
0.6696837512412614 -0.401778347361571 0
0.6696750831160602 -0.4018072955562325 0
0.669666414990859 -0.401836243750894 0
0.6696577468656577 -0.4018651919455555 0
0.6696490787404564 -0.4018941401402171 0
0.6696404106152553 -0.4019230883348786 0
0.669631742490054 -0.4019520365295401 0
0.6696230743648527 -0.4019809847242016 0
0.6696144062396515 -0.4020099329188632 0
0.6696057381144502 -0.4020388811135247 0
0.6695970699892489 -0.4020678293081862 0
0.6695884018640478 -0.4020967775028478 0
0.6695797337388465 -0.4021257256975093 0
0.6695710656136452 -0.4021546738921708 0
0.669562397488444 -0.4021836220868323 0
0.6695537293632428 -0.4022125702814939 0
0.6695450612380415 -0.4022415184761554 0
0.6695363931128403 -0.402270466670817 0
0.669527724987639 -0.4022994148654784 0
0.6695190568624378 -0.40232836306014 0
0.6695103887372366 -0.4023573112548015 0
0.6695017206120353 -0.402386259449463 0
0.6694930524868341 -0.4024152076441246 0
0.6694843843616328 -0.4024441558387861 0
0.02597624712773635 -0.08887321519032791 0
0.02595073571702726 -0.08888927349878915 0
0.02592522430631816 -0.0889053318072504 0
0.02589971289560906 -0.08892139011571164 0
0.02587420148489996 -0.08893744842417288 0
0.02584869007419086 -0.08895350673263412 0
0.02582317866348176 -0.08896956504109536 0
0.02579766725277267 -0.08898562334955662 0
0.02577215584206357 -0.08900168165801786 0
0.02574664443135447 -0.0890177399664791 0
0.02572113302064537 -0.08903379827494035 0
0.02569562160993628 -0.08904985658340159 0
0.02567011019922718 -0.08906591489186283 0
0.02564459878851808 -0.08908197320032407 0
0.02561908737780898 -0.08909803150878531 0
0.02559357596709988 -0.08911408981724656 0
0.02556806455639079 -0.0891301481257078 0
0.02554255314568169 -0.08914620643416904 0
0.02551704173497259 -0.08916226474263028 0
0.02549153032426349 -0.08917832305109152 0
0.0254660189135544 -0.08919438135955277 0
0.0254405075028453 -0.08921043966801401 0
0.0254149960921362 -0.08922649797647526 0
0.0253894846814271 -0.08924255628493651 0
0.025363973270718 -0.08925861459339775 0
0.0253384618600089 -0.08927467290185899 0
0.02531295044929981 -0.08929073121032023 0
0.02528743903859071 -0.08930678951878147 0
0.02526192762788161 -0.08932284782724272 0
0.02523641621717251 -0.08933890613570396 0
0.02521090480646342 -0.0893549644441652 0
0.02518539339575432 -0.08937102275262644 0
0.02515988198504522 -0.08938708106108768 0
0.02513437057433612 -0.08940313936954893 0
0.02510885916362702 -0.08941919767801017 0
0.01203265870895574 -0.06096152664254159 0
0.01200490894874679 -0.06097310910904967 0
0.01197715918853784 -0.06098469157555774 0
0.01194940942832889 -0.06099627404206582 0
0.01192165966811994 -0.0610078565085739 0
0.01189390990791099 -0.06101943897508198 0
0.01186616014770204 -0.06103102144159005 0
0.01183841038749309 -0.06104260390809813 0
0.01181066062728413 -0.0610541863746062 0
0.01178291086707518 -0.06106576884111428 0
0.01175516110686623 -0.06107735130762236 0
0.01172741134665728 -0.06108893377413044 0
0.01169966158644833 -0.06110051624063852 0
0.01167191182623938 -0.06111209870714659 0
0.01164416206603043 -0.06112368117365467 0
0.01161641230582148 -0.06113526364016274 0
0.01158866254561253 -0.06114684610667082 0
0.01156091278540358 -0.0611584285731789 0
0.01153316302519462 -0.06117001103968697 0
0.01150541326498567 -0.06118159350619505 0
0.01147766350477672 -0.06119317597270313 0
0.01144991374456777 -0.06120475843921121 0
0.01142216398435882 -0.06121634090571929 0
0.01139441422414987 -0.06122792337222736 0
0.01136666446394092 -0.06123950583873543 0
0.01133891470373197 -0.06125108830524351 0
0.01131116494352302 -0.06126267077175159 0
0.01128341518331407 -0.06127425323825967 0
0.01125566542310512 -0.06128583570476775 0
0.01122791566289617 -0.06129741817127582 0
0.01120016590268722 -0.0613090006377839 0
0.01117241614247826 -0.06132058310429198 0
0.01114466638226931 -0.06133216557080005 0
0.01111691662206036 -0.06134374803730813 0
0.01108916686185141 -0.06135533050381621 0
0.005801389477565985 -0.04257997584039962 0
0.005772502589221371 -0.04258820721880051 0
0.005743615700876758 -0.04259643859720141 0
0.005714728812532145 -0.0426046699756023 0
0.005685841924187532 -0.0426129013540032 0
0.005656955035842919 -0.04262113273240409 0
0.005628068147498305 -0.04262936411080499 0
0.005599181259153692 -0.04263759548920588 0
0.005570294370809079 -0.04264582686760678 0
0.005541407482464466 -0.04265405824600767 0
0.005512520594119852 -0.04266228962440857 0
0.005483633705775239 -0.04267052100280946 0
0.005454746817430627 -0.04267875238121036 0
0.005425859929086013 -0.04268698375961125 0
0.0053969730407414 -0.04269521513801215 0
0.005368086152396786 -0.04270344651641304 0
0.005339199264052174 -0.04271167789481393 0
0.00531031237570756 -0.04271990927321483 0
0.005281425487362947 -0.04272814065161572 0
0.005252538599018334 -0.04273637203001662 0
0.005223651710673721 -0.04274460340841751 0
0.005194764822329108 -0.04275283478681841 0
0.005165877933984495 -0.0427610661652193 0
0.005136991045639881 -0.0427692975436202 0
0.005108104157295268 -0.04277752892202109 0
0.005079217268950655 -0.04278576030042198 0
0.005050330380606042 -0.04279399167882288 0
0.005021443492261429 -0.04280222305722377 0
0.004992556603916815 -0.04281045443562467 0
0.004963669715572203 -0.04281868581402556 0
0.004934782827227589 -0.04282691719242646 0
0.004905895938882976 -0.04283514857082736 0
0.004877009050538363 -0.04284337994922825 0
0.00484812216219375 -0.04285161132762915 0
0.004819235273849136 -0.04285984270603004 0
0.002675688806965786 -0.02910049759955805 0
0.002646203129285308 -0.02910614933030637 0
0.002616717451604831 -0.02911180106105468 0
0.002587231773924354 -0.029117452791803 0
0.002557746096243876 -0.02912310452255131 0
0.002528260418563398 -0.02912875625329963 0
0.002498774740882921 -0.02913440798404794 0
0.002469289063202444 -0.02914005971479626 0
0.002439803385521966 -0.02914571144554457 0
0.002410317707841488 -0.02915136317629289 0
0.002380832030161011 -0.0291570149070412 0
0.002351346352480533 -0.02916266663778952 0
0.002321860674800056 -0.02916831836853783 0
0.002292374997119579 -0.02917397009928615 0
0.002262889319439101 -0.02917962183003446 0
0.002233403641758623 -0.02918527356078278 0
0.002203917964078146 -0.02919092529153109 0
0.002174432286397668 -0.02919657702227941 0
0.002144946608717191 -0.02920222875302772 0
0.002115460931036713 -0.02920788048377604 0
0.002085975253356236 -0.02921353221452435 0
0.002056489575675759 -0.02921918394527267 0
0.002027003897995281 -0.02922483567602098 0
0.001997518220314804 -0.0292304874067693 0
0.001968032542634326 -0.02923613913751761 0
0.001938546864953849 -0.02924179086826593 0
0.001909061187273371 -0.02924744259901424 0
0.001879575509592894 -0.02925309432976256 0
0.001850089831912416 -0.02925874606051087 0
0.001820604154231939 -0.02926439779125919 0
0.001791118476551461 -0.02927004952200751 0
0.001761632798870984 -0.02927570125275582 0
0.001732147121190506 -0.02928135298350414 0
0.001702661443510028 -0.02928700471425245 0
0.001673175765829551 -0.02929265644500077 0
0.001031744086054799 -0.01826109039086854 0
0.001001938710224598 -0.01826463670733883 0
0.0009721333343943971 -0.01826818302380911 0
0.0009423279585641962 -0.0182717293402794 0
0.0009125225827339952 -0.01827527565674969 0
0.0008827172069037943 -0.01827882197321998 0
0.0008529118310735934 -0.01828236828969027 0
0.0008231064552433926 -0.01828591460616055 0
0.0007933010794131917 -0.01828946092263084 0
0.0007634957035829907 -0.01829300723910113 0
0.0007336903277527898 -0.01829655355557142 0
0.0007038849519225889 -0.01830009987204171 0
0.000674079576092388 -0.01830364618851199 0
0.0006442742002621872 -0.01830719250498228 0
0.0006144688244319863 -0.01831073882145257 0
0.0005846634486017854 -0.01831428513792286 0
0.0005548580727715845 -0.01831783145439314 0
0.0005250526969413836 -0.01832137777086343 0
0.0004952473211111828 -0.01832492408733372 0
0.0004654419452809818 -0.01832847040380401 0
0.0004356365694507809 -0.01833201672027429 0
0.00040583119362058 -0.01833556303674458 0
0.0003760258177903791 -0.01833910935321487 0
0.0003462204419601783 -0.01834265566968516 0
0.0003164150661299774 -0.01834620198615544 0
0.0002866096902997765 -0.01834974830262573 0
0.0002568043144695756 -0.01835329461909602 0
0.0002269989386393747 -0.01835684093556631 0
0.0001971935628091739 -0.0183603872520366 0
0.000167388186978973 -0.01836393356850688 0
0.0001375828111487721 -0.01836747988497717 0
0.0001077774353185711 -0.01837102620144746 0
7.797205948837011e-05 -0.01837457251791775 0
4.816668365816923e-05 -0.01837811883438804 0
1.836130782796814e-05 -0.01838166515085832 0
0.0002179325475109305 -0.008823026321820847 0
0.0001879690450778556 -0.008824742053911896 0
0.0001580055426447807 -0.008826457786002944 0
0.0001280420402117058 -0.008828173518093993 0
9.807853777863088e-05 -0.008829889250185043 0
6.811503534555601e-05 -0.008831604982276092 0
3.815153291248112e-05 -0.008833320714367141 0
8.188030479406227e-06 -0.008835036446458189 0
-2.177547195366867e-05 -0.008836752178549238 0
-5.173897438674361e-05 -0.008838467910640286 0
-8.17024768198185e-05 -0.008840183642731335 0
-0.0001116659792528934 -0.008841899374822383 0
-0.0001416294816859683 -0.008843615106913432 0
-0.0001715929841190432 -0.008845330839004482 0
-0.0002015564865521182 -0.008847046571095531 0
-0.0002315199889851931 -0.00884876230318658 0
-0.0002614834914182679 -0.008850478035277628 0
-0.0002914469938513428 -0.008852193767368677 0
-0.0003214104962844177 -0.008853909499459725 0
-0.0003513739987174926 -0.008855625231550774 0
-0.0003813375011505674 -0.008857340963641823 0
-0.0004113010035836423 -0.008859056695732873 0
-0.0004412645060167172 -0.008860772427823922 0
-0.0004712280084497919 -0.00886248815991497 0
-0.0005011915108828668 -0.008864203892006019 0
-0.0005311550133159417 -0.008865919624097067 0
-0.0005611185157490166 -0.008867635356188116 0
-0.0005910820181820914 -0.008869351088279165 0
-0.0006210455206151663 -0.008871066820370213 0
-0.0006510090230482412 -0.008872782552461262 0
-0.000680972525481316 -0.008874498284552312 0
-0.0007109360279143909 -0.008876214016643361 0
-0.0007408995303474658 -0.008877929748734409 0
-0.0007708630327805408 -0.008879645480825458 0
-0.0008008265352136158 -0.008881361212916506 0
-3.001184316518634e-05 -4.028340207016905e-09 0
-6.002368633037276e-05 -8.224287130476315e-09 0
-9.003552949555918e-05 -1.242023405393573e-08 0
-0.0001200473726607456 -1.661618097739514e-08 0
-0.000150059215825932 -2.081212790085455e-08 0
-0.0001800710589911185 -2.500807482431396e-08 0
-0.0002100829021563049 -2.920402174777337e-08 0
-0.0002400947453214913 -3.339996867123278e-08 0
-0.0002701065884866777 -3.759591559469219e-08 0
-0.0003001184316518641 -4.17918625181516e-08 0
-0.0003301302748170506 -4.598780944161101e-08 0
-0.000360142117982237 -5.018375636507043e-08 0
-0.0003901539611474235 -5.437970328852984e-08 0
-0.0004201658043126099 -5.857565021198925e-08 0
-0.0004501776474777964 -6.277159713544866e-08 0
-0.0004801894906429828 -6.696754405890808e-08 0
-0.0005102013338081692 -7.116349098236749e-08 0
-0.0005402131769733556 -7.53594379058269e-08 0
-0.000570225020138542 -7.95553848292863e-08 0
-0.0006002368633037284 -8.37513317527457e-08 0
-0.0006302487064689148 -8.794727867620512e-08 0
-0.0006602605496341012 -9.214322559966452e-08 0
-0.0006902723927992876 -9.633917252312392e-08 0
-0.0007202842359644739 -1.005351194465833e-07 0
-0.0007502960791296604 -1.047310663700427e-07 0
-0.0007803079222948468 -1.089270132935021e-07 0
-0.0008103197654600331 -1.131229602169615e-07 0
-0.0008403316086252195 -1.17318907140421e-07 0
-0.000870343451790406 -1.215148540638804e-07 0
-0.0009003552949555923 -1.257108009873398e-07 0
-0.0009303671381207787 -1.299067479107992e-07 0
-0.0009603789812859651 -1.341026948342586e-07 0
-0.0009903908244511517 -1.38298641757718e-07 0
-0.001020402667616338 -1.424945886811774e-07 0
-0.001050414510781525 -1.466905356046369e-07 0
0.0002179320709281805 0.008823017982731529 0
0.0001879680752077721 0.008824725078255297 0
0.0001580040794873637 0.008826432173779063 0
0.0001280400837669553 0.008828139269302831 0
9.807608804654686e-05 0.008829846364826597 0
6.811209232613846e-05 0.008831553460350363 0
3.814809660573004e-05 0.00883326055587413 0
8.184100885321637e-06 0.008834967651397897 0
-2.177989483508676e-05 0.008836674746921663 0
-5.174389055549516e-05 0.00883838184244543 0
-8.170788627590351e-05 0.008840088937969197 0
-0.0001116718819963119 0.008841796033492964 0
-0.0001416358777167203 0.00884350312901673 0
-0.0001715998734371287 0.008845210224540496 0
-0.0002015638691575371 0.008846917320064264 0
-0.0002315278648779454 0.00884862441558803 0
-0.0002614918605983538 0.008850331511111796 0
-0.0002914558563187622 0.008852038606635564 0
-0.0003214198520391706 0.00885374570215933 0
-0.000351383847759579 0.008855452797683098 0
-0.0003813478434799874 0.008857159893206864 0
-0.0004113118392003957 0.00885886698873063 0
-0.0004412758349208041 0.008860574084254398 0
-0.0004712398306412125 0.008862281179778164 0
-0.0005012038263616209 0.00886398827530193 0
-0.0005311678220820293 0.008865695370825698 0
-0.0005611318178024377 0.008867402466349464 0
-0.0005910958135228461 0.008869109561873232 0
-0.0006210598092432545 0.008870816657396998 0
-0.0006510238049636629 0.008872523752920764 0
-0.0006809878006840712 0.008874230848444532 0
-0.0007109517964044796 0.008875937943968298 0
-0.0007409157921248881 0.008877645039492064 0
-0.0007708797878452966 0.008879352135015832 0
-0.0008008437835657051 0.008881059230539598 0
0.001031742981082978 0.01826108109682851 0
0.001001936468352535 0.01826461784501489 0
0.0009721299556220925 0.01826815459320127 0
0.0009423234428916498 0.01827169134138765 0
0.0009125169301612071 0.01827522808957404 0
0.0008827104174307645 0.01827876483776042 0
0.0008529039047003218 0.0182823015859468 0
0.0008230973919698791 0.01828583833413318 0
0.0007932908792394366 0.01828937508231956 0
0.0007634843665089938 0.01829291183050594 0
0.0007336778537785512 0.01829644857869232 0
0.0007038713410481084 0.0182999853268787 0
0.0006740648283176658 0.01830352207506509 0
0.000644258315587223 0.01830705882325146 0
0.0006144518028567804 0.01831059557143785 0
0.0005846452901263376 0.01831413231962423 0
0.000554838777395895 0.01831766906781061 0
0.0005250322646654525 0.01832120581599699 0
0.0004952257519350098 0.01832474256418337 0
0.0004654192392045672 0.01832827931236975 0
0.0004356127264741245 0.01833181606055613 0
0.0004058062137436819 0.01833535280874251 0
0.0003759997010132392 0.0183388895569289 0
0.0003461931882827966 0.01834242630511528 0
0.000316386675552354 0.01834596305330166 0
0.0002865801628219114 0.01834949980148804 0
0.0002567736500914688 0.01835303654967442 0
0.0002269671373610261 0.0183565732978608 0
0.0001971606246305835 0.01836011004604718 0
0.0001673541119001408 0.01836364679423356 0
0.0001375475991696982 0.01836718354241994 0
0.0001077410864392556 0.01837072029060632 0
7.793457370881287e-05 0.01837425703879271 0
4.812806097837007e-05 0.01837779378697909 0
1.832154824792727e-05 0.01838133053516547 0
0.002675686682093834 0.02910048650804932 0
0.002646198830812547 0.02910612688707363 0
0.00261671097953126 0.02911176726609794 0
0.002587223128249974 0.02911740764512225 0
0.002557735276968687 0.02912304802414655 0
0.002528247425687401 0.02912868840317086 0
0.002498759574406114 0.02913432878219517 0
0.002469271723124827 0.02913996916121948 0
0.002439783871843541 0.02914560954024379 0
0.002410296020562254 0.02915124991926809 0
0.002380808169280967 0.0291568902982924 0
0.00235132031799968 0.02916253067731671 0
0.002321832466718394 0.02916817105634102 0
0.002292344615437108 0.02917381143536532 0
0.002262856764155821 0.02917945181438963 0
0.002233368912874534 0.02918509219341394 0
0.002203881061593247 0.02919073257243825 0
0.002174393210311961 0.02919637295146256 0
0.002144905359030674 0.02920201333048687 0
0.002115417507749387 0.02920765370951117 0
0.002085929656468101 0.02921329408853548 0
0.002056441805186814 0.02921893446755979 0
0.002026953953905528 0.0292245748465841 0
0.001997466102624241 0.0292302152256084 0
0.001967978251342955 0.02923585560463271 0
0.001938490400061668 0.02924149598365702 0
0.001909002548780381 0.02924713636268133 0
0.001879514697499095 0.02925277674170564 0
0.001850026846217808 0.02925841712072995 0
0.001820538994936521 0.02926405749975425 0
0.001791051143655235 0.02926969787877856 0
0.001761563292373948 0.02927533825780287 0
0.001732075441092662 0.02928097863682718 0
0.001702587589811375 0.02928661901585149 0
0.001673099738530088 0.02929225939487579 0
0.005801385493887662 0.04257996185411315 0
0.005772494552337133 0.04258817899503511 0
0.005743603610786603 0.04259639613595707 0
0.005714712669236074 0.04260461327687903 0
0.005685821727685544 0.04261283041780098 0
0.005656930786135016 0.04262104755872294 0
0.005628039844584486 0.04262926469964489 0
0.005599148903033957 0.04263748184056685 0
0.005570257961483427 0.04264569898148881 0
0.005541367019932898 0.04265391612241076 0
0.005512476078382369 0.04266213326333272 0
0.005483585136831839 0.04267035040425468 0
0.00545469419528131 0.04267856754517663 0
0.005425803253730781 0.04268678468609859 0
0.005396912312180252 0.04269500182702055 0
0.005368021370629722 0.04270321896794251 0
0.005339130429079192 0.04271143610886446 0
0.005310239487528664 0.04271965324978642 0
0.005281348545978134 0.04272787039070838 0
0.005252457604427605 0.04273608753163034 0
0.005223566662877076 0.04274430467255229 0
0.005194675721326546 0.04275252181347425 0
0.005165784779776017 0.04276073895439621 0
0.005136893838225487 0.04276895609531816 0
0.005108002896674959 0.04277717323624012 0
0.005079111955124429 0.04278539037716208 0
0.0050502210135739 0.04279360751808403 0
0.005021330072023371 0.04280182465900599 0
0.004992439130472841 0.04281004179992795 0
0.004963548188922312 0.0428182589408499 0
0.004934657247371783 0.04282647608177186 0
0.004905766305821254 0.04283469322269381 0
0.004876875364270724 0.04284291036361577 0
0.004847984422720194 0.04285112750453773 0
0.004819093481169665 0.04285934464545969 0
0.01203265093512544 0.06096150800846327 0
0.01200489330583109 0.06097307160383863 0
0.01197713567653675 0.06098463519921398 0
0.0119493780472424 0.06099619879458933 0
0.01192162041794806 0.06100776238996469 0
0.01189386278865372 0.06101932598534004 0
0.01186610515935937 0.0610308895807154 0
0.01183834753006503 0.06104245317609075 0
0.01181058990077069 0.0610540167714661 0
0.01178283227147634 0.06106558036684146 0
0.011755074642182 0.06107714396221681 0
0.01172731701288765 0.06108870755759217 0
0.01169955938359331 0.06110027115296752 0
0.01167180175429896 0.06111183474834288 0
0.01164404412500462 0.06112339834371823 0
0.01161628649571028 0.06113496193909358 0
0.01158852886641593 0.06114652553446893 0
0.01156077123712159 0.06115808912984429 0
0.01153301360782724 0.06116965272521965 0
0.0115052559785329 0.061181216320595 0
0.01147749834923856 0.06119277991597035 0
0.01144974071994421 0.06120434351134571 0
0.01142198309064987 0.06121590710672106 0
0.01139422546135552 0.06122747070209641 0
0.01136646783206118 0.06123903429747177 0
0.01133871020276683 0.06125059789284712 0
0.01131095257347249 0.06126216148822248 0
0.01128319494417815 0.06127372508359783 0
0.0112554373148838 0.06128528867897318 0
0.01122767968558946 0.06129685227434854 0
0.01119992205629512 0.0613084158697239 0
0.01117216442700077 0.06131997946509925 0
0.01114440679770643 0.0613315430604746 0
0.01111664916841208 0.06134310665584995 0
0.01108889153911774 0.06135467025122531 0
0.02597623154171048 0.08887319041131227 0
0.02595070443216072 0.08888922375235432 0
0.02592517732261096 0.08890525709339638 0
0.02589965021306119 0.08892129043443843 0
0.02587412310351143 0.08893732377548048 0
0.02584859599396167 0.08895335711652255 0
0.02582306888441191 0.08896939045756461 0
0.02579754177486214 0.08898542379860666 0
0.02577201466531238 0.08900145713964872 0
0.02574648755576262 0.08901749048069077 0
0.02572096044621285 0.08903352382173282 0
0.02569543333666309 0.08904955716277488 0
0.02566990622711333 0.08906559050381693 0
0.02564437911756356 0.08908162384485899 0
0.0256188520080138 0.08909765718590104 0
0.02559332489846404 0.08911369052694311 0
0.02556779778891428 0.08912972386798516 0
0.02554227067936451 0.08914575720902722 0
0.02551674356981475 0.08916179055006927 0
0.02549121646026499 0.08917782389111133 0
0.02546568935071522 0.08919385723215338 0
0.02544016224116546 0.08920989057319544 0
0.0254146351316157 0.08922592391423749 0
0.02538910802206594 0.08924195725527954 0
0.02536358091251617 0.0892579905963216 0
0.02533805380296641 0.08927402393736365 0
0.02531252669341665 0.08929005727840572 0
0.02528699958386688 0.08930609061944778 0
0.02526147247431712 0.08932212396048983 0
0.02523594536476736 0.08933815730153188 0
0.0252104182552176 0.08935419064257394 0
0.02518489114566783 0.08937022398361599 0
0.02515936403611807 0.08938625732465805 0
0.0251338369265683 0.0894022906657001 0
0.02510830981701854 0.08941832400674216 0
14.95500176458363 4.252404283090685 0
-5.09512556778636 4.121092147838279 0
14.07730779753405 -4.274874698537921 0
-4.0869107838571 -4.284624493002791 0
-12.99441692918447 -4.138606614899921 0
-9.987200312153742 -4.136124501425238 0
-7.059534341370697 -4.121168805405341 0
-7.996344130269334 4.216890291250971 0
-11.99969739262653 4.135874289387769 0
9.726609284224701 -0.4076013775550884 0
9.708592887923665 0.3345437546538925 0
-15.0298094474268 4.122042559811219 0
19.66132403518453 -0.468873308274552 0
0.2931722484458935 0.576515994496808 0
0.2881610473672713 -0.6036732928648146 0
-18.65125215314401 -0.5096275296344712 0
12.04732956008956 4.149213470977536 0
-1.935799133565435 4.189186874478596 0
11.06825012906164 -4.150488080498291 0
-0.9472608574050643 -4.20367136351436 0
8.474104278042882 0.913235000017854 0
8.428701890792059 -0.7678549683351384 0
16.95531603786766 -4.108862835524427 0
-16.00304413665813 -4.1385914340172 0
9.952973922222675 4.168706827928055 0
6.382322816618592 -1.014775879958469 0
6.4326174170708 0.9964431860529934 0
-0.05781655021407683 4.223692892219874 0
1.607367544183176 -1.118222323795881 0
3.020407065326248 -1.21703582257339 0
2.928870901009726 1.166996269519007 0
1.714641703013351 1.067987312673494 0
4.354351264316718 1.114218325773979 0
4.393322522575361 -1.153924047391769 0
16.88339418694254 4.015860367271729 0
19.65286237492614 1.479755802410754 0
-18.52115069143489 1.451953951900397 0
-9.998517409295591 4.140845442025854 0
9.12952309609601 -4.045307611203647 0
8.008174575070587 4.263663723860108 0
7.02853849240874 -4.225970982739065 0
6.000000000024355 4.133974596218342 0
1.060291039766502 -4.012328606381309 0
4.999999999980856 -4.133974596214498 0
1.939953576837873 4.131379334253634 0
3.975894645212215 4.288216314484273 0
19.64060143120638 -2.566384366726694 0
-18.68118368811608 -2.443399640059213 0
-16.99999999999689 4.133974596214484 0
3.038588019545522 -4.162183106473421 0
19.53923561576947 3.423297629736727 0
19.0058233093573 -4.1549566754684 0
-18.68166272511415 3.505607583415268 0
-17.99030909454241 -4.16493202819546 0
-0.9999847932432226 4.205069483295534 0
-1.453829730465353 3.456828580257821 0
-2.277476397680912 3.414058300807387 0
-1.843951763956281 2.768757214208882 0
-2.543196128203441 2.70903547972937 0
-2.134588986923522 2.065416491922459 0
-2.798650280344149 2.098858996451443 0
-2.51239544896091 1.547033125488043 0
-3.14078287569709 1.569588723641373 0
-2.774533108664537 1.013952398254043 0
-3.419729053719012 1.003158227495603 0
-3.02871069617753 0.4449461888169686 0
-3.65942548950299 0.4161170232516583 0
-2.200958584369821 1.04687006544319 0
-3.272504571732841 -0.1277725046517221 0
-2.669823428421671 -0.08446432522255945 0
-3.955130148464408 -0.2052873271695477 0
-4.355743482293589 0.3872462478921775 0
-4.685750781929168 -0.2840211690641142 0
-5.118641490086511 0.3722978130673147 0
-2.894083729617845 -0.6317842293101116 0
-2.256892243100361 -0.5286770631455399 0
-5.471827677462818 -0.3542998251887094 0
-5.941146102803405 0.3375748552555065 0
-6.310408337396273 -0.4301299648873512 0
-6.800206853327543 0.2919794643165152 0
-1.125048723808707 2.792824440736537 0
-2.532115079844532 -1.121096225179957 0
-1.947269587002855 -1.041492776728655 0
-1.692669211908582 -0.5766804721869256 0
-7.178560071699419 -0.5351081220625443 0
-7.694720462291266 0.234426847420549 0
-8.090548822621967 -0.6259455932083434 0
-8.620022684815709 0.1861928558469124 0
-9.048133844834696 -0.6858878086970384 0
-9.576922462529947 0.1306445089997599 0
-10.01224075268475 -0.7372342090769318 0
-10.54235405828966 0.07367891946226224 0
-1.429813599099532 -0.9756810400059873 0
-1.228519357334218 -0.5029365272341346 0
-0.01038595719325952 0.07986584710475644 0
-0.008207481999022307 -0.05570619986500015 0
-4.232045505320704 -0.8766657006217825 0
-10.98020020102226 -0.7826126021026452 0
-11.51172405391746 0.0215587851604286 0
-2.176638531416367 -1.632571992566358 0
-6.383673696677523 1.07463327353558 0
-4.682094623227822 1.126472178306095 0
-11.95893422483492 -0.823958759246241 0
-12.49502321340366 -0.0395843488514579 0
-12.93153782853945 -0.8997508702940884 0
-13.47894846487101 -0.09867350086117627 0
-13.91827521313886 -0.9609626489633489 0
-14.46808602573714 -0.1550871747202373 0
-5.797071888106647 -1.094585281015792 0
-14.93785653385927 -0.9758205940815474 0
-13.03135495838497 0.7520690728986833 0
-0.9826740330350098 -0.8980783681800786 0
-1.129986981037113 -1.375021738646211 0
-0.8452200808534075 -0.5035339755024515 0
-0.01031159281870157 0.00428406580066201 0
-1.003901481537921 -0.2269789457601046 0
-0.6930369934828873 -0.1891171744401925 0
-0.8697347160434141 0.008531633822073581 0
-0.6430832277023855 0.05439782497483085 0
-0.7709627761690252 0.2200301205973674 0
-0.5576235779260176 0.2437695578359293 0
-0.6839607756113751 0.443068489489424 0
-1.139562537380292 0.02066085344139978 0
-0.5562473277686416 -0.4313539795352059 0
-15.46001514700582 -0.2243676383563162 0
-15.01089671399676 0.6589933417325551 0
-11.07520714960573 0.8835272856928378 0
-9.14073053656074 0.9680495838661893 0
-8.520057110079293 -1.520519055170523 0
-0.4700595654958536 0.08812801255400779 0
-0.3603289290983185 0.2361910668521157 0
-2.7907115800155 -1.733152189926784 0
-2.42163134302964 -2.266526172907906 0
-3.45542957021703 2.122222952986405 0
-0.6854127827479113 -1.252948747035921 0
-0.7836377973226042 -1.783066003026142 0
-0.2351428098280189 -1.570754639766912 0
-15.92507148649677 -1.060441855980732 0
-11.45831004832937 -1.612414919215718 0
-0.4208190087069728 -2.232250154411595 0
0.2108981139781885 -2.12176896346108 0
-16.01332456051759 0.58493585569771 0
-14.42882746902975 -1.722338313676883 0
-15.55096331365165 1.48299903834576 0
-3.024888201215064 3.255036973857099 0
-3.115891562315199 -2.347235577664867 0
-0.9431952716007743 0.4209010468503389 0
-0.8275803615784325 0.6754214667571997 0
-0.5035077140878709 0.6588090019730428 0
-0.7017279586777564 0.9706499716928741 0
-0.3468021710572876 0.9820292656239784 0
-0.5560624780334305 1.32099541521113 0
-0.1167606688911036 1.339621471258351 0
-0.9917817436511649 1.262402123606638 0
-1.137738942010543 0.6559873651736183 0
-0.3831472974313488 1.749485279737838 0
0.1559149716134522 1.779041228613005 0
-2.704941851775498 -2.933081015716494 0
-1.037245264075814 -2.298652544693261 0
-0.2177846881049854 0.1119135251798493 0
-0.2810839016495104 -0.01794352718424662 0
-0.1842277763588729 0.2703822352686157 0
-0.1707578973543337 2.262459549387265 0
0.4612127582429948 2.292393742342316 0
-16.55773875941381 1.414782013687184 0
-14.53535138978998 1.526593876750611 0
-0.02831748595684785 -2.771957797695805 0
0.6362035116117789 -2.643591337321843 0
-16.0998744460898 2.316384892808058 0
0.4491030100524679 -1.477798266046575 0
0.3839060406996675 1.29248084476493 0
-17.06513510307234 2.250095281753294 0
-17.06811379444366 0.4649194320249559 0
0.1028121495667176 2.81763915390099 0
0.7966372865012226 2.878837031071312 0
1.132916932557752 2.292078012989794 0
1.538847628618203 2.868350625700852 0
1.881106247898452 2.258361501224504 0
2.279218176268424 2.863340244538154 0
-0.2016834800657029 0.6621677892571204 0
2.640511448737467 2.252004726035848 0
3.061672363341056 2.878445861037129 0
3.449619520905608 2.178062044706094 0
3.903184990707994 2.896402671863453 0
4.322010233000677 2.263142013622723 0
4.756181668811756 2.911353899325345 0
5.132965825198068 2.27578350560194 0
5.569456316779757 2.880501826239013 0
5.942692564570316 2.26760072109102 0
6.354278187868269 2.869912163436699 0
6.772156908000575 2.247431597803807 0
7.170496547393922 2.881814828476691 0
7.586390271074805 2.217883477083646 0
8.01296320171701 2.892065554164599 0
8.39508132638101 2.232437349139786 0
8.810513506057394 2.893954123444785 0
9.171508733378438 2.162782817187082 0
9.650774468930248 2.873825699013676 0
9.869669975089263 2.201709981841479 0
9.609739426749908 1.719653203034829 0
10.15692908103348 1.673732560698184 0
10.41101498740746 2.166552676514292 0
10.64710485678228 1.751578379127667 0
10.90018898109609 2.169549746758839 0
11.11900830717358 1.761752360568117 0
10.82840436857938 1.321239480725706 0
11.34896058755113 1.358422376344175 0
11.09362299832078 0.9261072443315495 0
11.59972862202684 0.9523346071179581 0
11.33300827919575 0.5186344220978072 0
11.87787874242071 0.5186401487575398 0
11.56695052968269 0.06199422345439891 0
12.15154691717803 0.007887425695333775 0
12.4762485743275 0.5353023770072309 0
12.80205535382076 -0.02787693240827201 0
13.13950979776187 0.562214250447332 0
13.50325416531585 -0.05536560636532981 0
13.85289383297796 0.6029288647131712 0
14.25055986674417 -0.06694381551564421 0
12.41532175034165 -0.5665674083876171 0
14.62199409632804 0.6415702335133422 0
15.04620249691089 -0.063023814110235 0
11.6952927654138 1.838008857197556 0
15.43911003446916 0.6700818098180652 0
13.4427717853203 1.221410133486821 0
15.87816449539126 -0.05899301179047828 0
15.46208872248951 -0.7972224364339784 0
13.8431464765545 -0.7345218756317898 0
16.31387705750695 -0.8023052209075416 0
16.30957861075157 0.686441296403915 0
10.81856699478529 0.5099223767543275 0
15.85574669134991 1.430818699395462 0
16.77413780713307 1.456036103856036 0
15.88483578986113 -1.556313259438144 0
16.76387278035288 -1.566934993613275 0
17.18972144077738 0.6525587198332164 0
10.69249076586881 2.618454393174944 0
11.21358185543219 2.58706889982039 0
9.842292614011848 1.278373938067392 0
16.26593923885756 2.211996302638505 0
17.17573818028447 2.29675170999515 0
15.37597146159709 2.167067674253979 0
11.00016914797494 3.103678371928036 0
14.99721510781981 -1.544844184258769 0
15.41331636894845 -2.316023620409628 0
14.40721025376487 -2.339085967282143 0
17.18171915455508 -0.7970409249158876 0
17.65408879232585 -1.536088264438017 0
17.20675913961085 -2.353244748525649 0
15.00772856990942 -3.049122137170861 0
9.396716082959218 1.250876905057225 0
11.63007680765134 3.030812687389187 0
15.8520811939426 -3.053261330060604 0
18.09782064294145 -0.6130753774161416 0
15.77981610687297 2.881927898060593 0
18.11483716597624 -2.35197936100612 0
14.91953314850994 2.844926582514388 0
14.51471010284848 2.101434876409833 0
14.05006048318948 2.811286541686741 0
-3.477044138361949 -2.981272476547572 0
-3.886129347607715 -2.219618634846062 0
-4.25646418105632 -3.002948197303861 0
-4.763369098490218 -2.371721019005366 0
-5.080408612829451 -3.220915404288629 0
-5.608294627318068 -2.45270832996234 0
-3.006371162428908 -3.597099433287019 0
-2.221476553032649 -3.547326672316981 0
10.68177716028895 0.9031472937757377 0
10.4838560161694 0.609764277576615 0
10.63294443022681 0.2685670314245389 0
10.36908966542095 0.3847531488994306 0
11.11103092569258 0.1368710407430673 0
11.18751024175057 -0.2972614622593377 0
10.7499879752621 -0.2148805688100025 0
10.81727358082053 -0.6763048796239947 0
11.34720652363155 -0.8591313802482371 0
10.87431220839548 -1.224143836556265 0
11.47899274734699 -1.449365755033557 0
10.96512055085249 -1.850690647466398 0
10.35183387921024 -1.575924226495998 0
11.59644886613611 -2.104155820232361 0
10.43487255430751 -2.250028669590753 0
9.842458431447563 -1.952714497207941 0
9.871154529360833 -2.665049138778879 0
9.278496615346253 -2.292360063484979 0
10.3959034833528 -0.4644859783644198 0
12.13334124615509 -1.666775892213767 0
12.26165856078789 -2.360227244832157 0
12.84468069496927 -1.880440312351531 0
12.95400469099169 -2.599230378116825 0
12.3630317504157 -3.119842546161785 0
10.29701736641841 -0.1854042332989486 0
9.763089614698687 -1.239192172381004 0
10.35346491603428 0.9057448723906872 0
10.18156731670879 0.6632391323982822 0
10.51707700870226 -2.953561776425736 0
-0.4723667501049107 -0.1923001388450473 0
-0.3249213880381754 -0.3225938654062711 0
-0.3718552418324476 -0.5667000761713438 0
5.489744127176564 1.658739296747849 0
-5.93177468105762 -3.212468247050733 0
-6.433725605861649 -2.47670895481498 0
0.03326286579161816 -1.121609753926199 0
9.921109527391604 -3.43579739211016 0
-1.470164704241516 2.190079882932988 0
-1.651315356503984 1.642628229274126 0
1.222837950313447 3.509030155058997 0
7.124200030228804 1.486693962209127 0
13.05649892020304 -3.349990156943624 0
-0.09796078895455712 0.168515046105506 0
-0.1418697653159827 0.04764383369884096 0
-0.01007671883433152 0.03748509497698868 0
-0.02683370906639643 0.3115568996028411 0
10.3846547611255 3.125348152152037 0
-0.1599925011179836 -0.4676119276478184 0
-0.1332110385619709 -0.2810020476665032 0
0.004974289250428732 -0.1350107674216776 0
-0.02192657564450492 -0.1016881597180232 0
-0.04054530388483477 -0.1448924611034217 0
-0.08075167821315936 -0.1120080288457547 0
-0.00172508719510178 -0.2020361417205261 0
0.01451126952431699 -0.3434456361317134 0
-2.385077541060429 0.4460836122801673 0
-1.894338023156668 0.618451826754927 0
-1.991017434789963 0.2195568443328894 0
-1.674679206089306 1.086958811078357 0
-1.641107551322266 0.2833351865987814 0
9.635410588764755 0.9060132099354803 0
9.13508535346347 0.7300104918337268 0
-0.2247098110540032 -0.1885445978301789 0
10.06898550703887 0.4200796876124367 0
10.20368779222901 0.1983710071866008 0
14.28588308276603 -3.094347205848053 0
9.231948192438168 3.56186921028023 0
13.56253786322788 -2.080721526246454 0
10.59160247327221 0.03943541163824621 0
13.60364212931935 2.000785588482644 0
13.20453722328723 2.796814022640768 0
12.78276257569138 2.163629337799071 0
13.59881798243714 3.52337066791099 0
17.67073372748194 -3.189659312999622 0
7.991697102162456 1.561598807141025 0
-1.480587636854624 -0.2774829863489632 0
11.00498922876008 4.258171177310959 0
15.44676664162457 -3.722571230615431 0
5.259672340372074 3.549910222409765 0
10.47409332984484 1.415567461319914 0
-0.8178661499200117 2.15790329252407 0
-2.81180899245828 4.114823044571241 0
-3.618986094938628 3.828594542836988 0
-3.747040456627393 2.866531995916992 0
-5.02188969380843 -4.157783388399945 0
0.02360559538305467 -4.172352719386071 0
8.694762791349072 1.610729396674314 0
12.47068840204675 -3.929592330377285 0
12.33529810215865 2.791229785505238 0
-0.5278072888833755 3.38257318901954 0
2.280992444761101 1.555564125718053 0
3.003807811817161 4.249146343913619 0
4.001921894649762 -4.161678479368547 0
3.526840974524469 -3.354675947931781 0
2.621675099704496 -3.338801389273098 0
3.079961035011993 -2.59235195605278 0
3.938165343217249 -2.59462004090521 0
2.241742398603741 -2.536155716933903 0
1.763429954710432 -3.271194617871736 0
3.445632309546652 -1.889667733032962 0
4.436912580451219 -3.33548539167275 0
4.792201907633316 -2.542688283155623 0
5.339306381383932 -3.265973556950833 0
5.651175507109263 -2.43252950064805 0
6.170590856057054 -3.058021015700131 0
6.484932255268149 -2.305223245150794 0
6.997828446818483 -2.897855844837346 0
7.289446078696102 -2.175039161982395 0
7.823925013994828 -2.761352550552032 0
8.071990710715458 -2.032418109418597 0
7.571312788870877 -1.444183317334609 0
5.128289947654581 -1.676573790710215 0
6.015670631289709 -1.683351854399614 0
15.88667668939652 4.218248604972856 0
6.037190295863883 -4.032492668674508 0
-4.389309091905184 3.46213438673567 0
-4.533138708990153 2.635826170955009 0
-5.202122285200065 3.1424167823744 0
-5.248866140071017 2.303509424368016 0
-5.996130687069417 2.743253212655064 0
-5.997678302475375 3.629766812271227 0
-6.797899793658211 3.224800313543748 0
-6.810942154010029 2.37700994092954 0
-7.593647074589112 2.807044473826713 0
-7.675900085711643 1.893779901773294 0
-8.310958834601013 2.434057980420576 0
7.048934598939301 4.241967992164923 0
8.024266580886653 -4.164968833660438 0
10.06173462818505 -0.3475159427230048 0
10.1180502310274 -0.1498410623463031 0
9.884487772768662 -0.1814478700069648 0
10.22368299185374 -0.02124589908912235 0
10.11778082927785 -0.04127708567688736 0
10.10581375048212 0.08046244852517967 0
10.06873996220363 0.01498125082587333 0
10.03038288928328 -0.05135211341161345 0
9.947023331167129 -0.6881134585518462 0
9.443892917355178 -0.6533891743653913 0
9.04922082550649 -1.168100445638666 0
2.067441963178334 -4.136983684374483 0
0.9324568703285268 -1.024842040331377 0
1.175948991642835 -1.625731168517645 0
1.897305285847883 -1.789630009127458 0
14.99617072160213 1.389229044436056 0
-0.05424516159812032 -0.0707560997334194 0
-0.013532598200116 -0.02691929753919917 0
-0.1080774020297856 -0.05792346453865921 0
-0.07695057675345796 -0.005480914436834854 0
-0.02864243131565034 -0.04369493886025953 0
-16.63757700904316 3.166270741607932 0
-15.62671171585398 3.220199399602344 0
-17.67619066689669 3.081264777235277 0
17.97203997326128 4.124580269028261 0
17.50697214935213 3.269811658387252 0
18.49598139619238 3.3725748507201 0
2.311224479658796 -1.185738596513841 0
2.666045428999219 -1.868429972372389 0
-3.542727165380976 -0.7468976489865035 0
-3.771782343839224 -1.417298084991297 0
-4.479013439685611 -1.618543068704885 0
19.66331142331052 0.5035779785586088 0
18.8049626279938 0.9953457248460733 0
18.82278316615561 1.934707582815557 0
17.84253011631575 1.467223799939746 0
18.86389057755073 0.004937563669083338 0
19.65582004750237 2.423288428475828 0
-1.705431942352605 -2.15781553652222 0
0.4159537077273305 -0.9995386916155222 0
-0.4395704590106905 -3.456601145261232 0
-1.359226208968324 -3.410063914218005 0
19.53073398152186 -1.524569173681961 0
18.71909301079407 -3.157641946429918 0
10.35493115740705 -0.9806022426296839 0
-8.021957867695448 -4.12746958844699 0
-7.60608902244371 -3.228558996423463 0
-8.52298280152735 -3.258966338551567 0
-8.064843981510869 -2.362975100877005 0
-9.005513700718597 -2.403527606093555 0
-7.500151180897259 -1.485640059817208 0
-9.493313671613695 -1.568610800848942 0
-9.961875131261273 -2.428042266340182 0
-8.987165893167141 -4.130042229585092 0
12.76146221201549 3.480419594818741 0
18.0152014784858 -4.125718553730727 0
-8.999342900138688 4.167109557331893 0
-9.525984186737931 3.294902938313646 0
-10.52483429191898 3.285329309937685 0
-10.08062266063422 2.453257325861585 0
-11.05827285901685 2.449954304851674 0
-11.51956148945922 3.283371472620705 0
-12.04499938698705 2.435079115696312 0
-14.99989199469406 -4.14129939732904 0
-15.49842006157347 -3.29539961661788 0
-16.50579357270556 -3.302706100138273 0
-14.4739109220959 -3.306558654222343 0
-15.96301716159251 -2.506498132935395 0
-17.00661521962989 -2.404371527327285 0
-13.98915413747393 -4.146275595604632 0
-13.46912012680796 -3.29847317530491 0
-12.48339727504117 -3.285046220926121 0
-12.94128248763399 -2.463465051604703 0
-11.99372197737569 -4.138712213879677 0
-11.48466806201895 -3.274332983883121 0
-10.9870516604396 -4.137682727827614 0
-10.47147159082177 -3.279794889992729 0
-17.49821453271082 -3.356317732364543 0
-18.66412241840627 -1.465824960524685 0
-17.8605329110077 -0.9366216209443836 0
-18.65364253038979 0.4370236210270256 0
-13.00020574429189 4.132779200178913 0
-12.51518849949728 3.276956085667888 0
-13.50306007510636 3.264634551264376 0
-13.03357846285255 2.41693512079023 0
-13.99905538767149 2.392932015937522 0
-14.50833901904804 3.245078109494076 0
-15.05338254535082 2.364031222156395 0
-14.00690238097657 4.127422403458096 0
-18.62751327381082 2.529217317964717 0
-16.99956022276846 -4.160424549119245 0
-1.20512575430217 1.706826311220444 0
-14.01525557327611 0.7055588921836798 0
8.424506539369844 -3.366765973694116 0
-17.50239873562153 1.407646516993035 0
-16.41382122651927 -0.3074326477708799 0
4.277845404035602 -1.89054502548835 0
0.3853838805145565 -3.365796807785257 0
-11.00710176387988 4.140903418995334 0
3.661917165359572 1.1168341857902 0
3.685273861059393 -1.183530910739554 0
-12.04580222468656 0.8028773026812962 0
-8.187124428245873 1.008527800618856 0
-10.10397104200043 0.918356114145072 0
-0.008360340524588963 -0.03982167844102653 0
-0.03553421783582156 -0.01711201885818057 0
-15.99999999999567 4.147457928740568 0
7.675643915898165 0.9086136577214212 0
7.088415645965437 -0.9368597989395054 0
6.805350036118144 -1.593238876294231 0
-6.893928739187728 4.153199218658131 0
12.76224476502115 1.096978762527273 0
11.76667436084572 -3.601699309845302 0
-11.95520826022102 -2.44877506823748 0
13.36135948091586 -1.343023683672855 0
14.14697424608827 -1.504741436473249 0
-9.489368238274977 -3.272749638664727 0
14.64573985685571 -0.767765848336712 0
-7.290662635904317 1.061213108883378 0
-6.674274403800402 -1.211747019698761 0
-0.5673322681002988 -0.7864982520257181 0
18.54982362076621 -1.526372088961085 0
-6.010736466909278 -4.155121214085188 0
16.72103148929424 -0.06577348463078179 0
11.69833033765397 -2.816132447558594 0
-10.47831869411617 -1.59381579062684 0
-5.994230287613428 1.812266819109426 0
1.374892620747106 -2.414559025140549 0
-4.98717342498287 -0.9971594851367369 0
16.31691853483919 -2.330919788784465 0
-17.89422830175017 -0.04076466689826803 0
14.17203044473271 1.326226456840311 0
16.66319487139012 2.992975403893588 0
-0.1609098585410623 -0.1143365922220238 0
0.9764741186590802 1.050679674054572 0
12.18567175241463 2.169335558498747 0
18.96253436294161 4.198066990319219 0
-5.564328968689724 1.066809937106751 0
11.77225653868972 -0.4482388892796977 0
-0.009916131692994681 0.01512308333138392 0
-0.01954649193411576 0.01075111942749405 0
-0.01927266909651633 0.02489033280563923 0
-0.02981280953272796 0.04233479031169289 0
-0.03730268214434197 0.01270337598717758 0
-0.06136072098167906 0.038016543314237 0
-0.0387033814893158 0.06771133390953758 0
-0.02716293048905997 0.1154651965333529 0
-0.08609056830312528 0.08097418823890297 0
-0.01215648063474094 0.05531793968180963 0
-0.1943909660896264 -0.05072410655517907 0
19.67896723897525 -3.497851791711908 0
5.05078636622668 -0.9843078920419068 0
-18.01621109367492 4.164027753176847 0
-18.55908933217624 -3.417904411031476 0
-0.01327870073922388 -0.01333961970011736 0
-0.2936970136215808 0.4404906590401758 0
-4.607396974044338 1.915514672937128 0
-0.5110846704452709 2.74505808731046 0
-4.010587847874453 0.9429626885056017 0
-0.007961063828790173 0.0251597266502984 0
5.055378586290999 1.078822034656118 0
-1.974559862794061 -2.847784503759889 0
-16.95482060150431 -1.287950652117317 0
16.71370674247621 -3.144324850368705 0
0.3922392910251594 3.510481552128271 0
-0.00903225807702542 -0.005038329617865152 0
18.05112089449332 0.4154742003026738 0
0.07570223924647235 0.8908554085211482 0
11.05969078746228 -2.530950966333624 0
13.0943401590013 -0.654832649258328 0
0.293026453943505 0.3321281315358894 0
-13.55758952111301 1.552923904767652 0
12.14570465513131 1.010656501779726 0
-17.84862809945515 -1.872453843002172 0
10.01552928930401 0.9247448098068471 0
13.0870471556015 4.261440821443087 0
-10.96830863112809 -2.439529319716012 0
9.201608259581828 -3.075752454354881 0
5.701458802968855 -1.039880953272341 0
18.09176595810719 2.516433664507454 0
-14.95381620505014 -2.513624555384368 0
14.01818682490645 4.259938435730937 0
-1.246233217515946 0.3287339452232729 0
-1.486778048591169 0.6451416813504696 0
-5.287001365829527 -1.724076604769301 0
-12.56431039787608 1.587514715345092 0
-8.43230864224755 3.284860837668688 0
-1.639846186981825 -1.513814643853211 0
0.7585154670812864 1.74085336179848 0
-3.113840927321415 2.610337279788262 0
7.05567175183914 0.8265436588132602 0
10.17759156254418 -4.23650713266269 0
12.63567443348949 -1.191332446636137 0
-0.003762475998501114 -0.07574396619047956 0
7.503493569121827 -3.493403785766671 0
10.01911741725873 -0.001217613403528744 0
8.610241936435095 -2.555950564662733 0
-1.312282316451999 0.9515390751937047 0
-11.58923243183122 1.617141802313644 0
7.773866171461773 -0.8544139460548964 0
-0.1932443152424771 -0.7575023985804301 0
-3.146845198219262 -1.243187848842323 0
12.343301374859 1.606096537624593 0
13.22664746280609 -4.185788904603768 0
4.723014843784598 1.67677763532179 0
-12.41943260977092 -1.637868212023299 0
-3.931308105870647 1.603934051660462 0
0.8167721988670221 4.251116891498916 0
6.331328152337149 1.658631551448122 0
-0.9950575562618742 0.9031355917323162 0
-1.80167370561305 -4.250122782350294 0
3.491318441693662 3.572878007280196 0
9.855159625319912 0.6099163308767719 0
9.930451127303581 0.2683863198222616 0
9.72596907232292 0.1244658516884994 0
9.872454509040267 0.1129189254873835 0
9.988481820429609 0.1459590423114402 0
10.06566950483964 0.2293603439107046 0
-10.61037908509554 1.648210983187323 0
-1.811276414523052 -0.1376504982983011 0
1.389838810269058 1.696849096162991 0
-8.693662348131799 1.718654391236525 0
16.18911962192582 -3.691301426028841 0
-6.096162400787993 -1.802251454724177 0
8.234096702987118 -1.408932233492422 0
8.774710273794462 -1.845104414521144 0
-9.632718682180949 1.685016652433701 0
0.01512556535930992 0.530210297563473 0
-0.7907966846676251 1.639522484460024 0
-2.544595472692476 -4.216147723056983 0
-13.42457621177196 -1.69555099400922 0
8.941169139013756 4.259853918350943 0
11.96379887327575 -1.030235295299835 0
8.446430415143967 3.565586840491848 0
17.44828272441229 -0.08157137336538414 0
14.48029350370795 3.535465619451393 0
5.735900072478299 0.9979725526458502 0
10.40206214066351 0.0007376806868124215 0
10.29857135259351 0.1185339804797758 0
-4.240869827445611 4.273040855940928 0
-0.09930430766710546 0.02985648587494591 0
14.61916648625833 -3.718658604618306 0
10.4456599304415 0.2136350145752736 0
10.80917448895192 0.1124615510710574 0
10.30789849731203 0.2467622671335348 0
10.20872664274727 0.3284063016600945 0
10.18752046848887 0.09054354691099015 0
10.1248930512074 0.1470332020837837 0
10.06078109762023 0.1348423574152764 0
10.03100400388466 0.07072693438946817 0
10.02154340934961 0.02241059668184263 0
9.973931048591613 0.06643229550101606 0
9.99828190404698 0.03469045304142009 0
10.00627777288544 0.003867341786550215 0
-0.1358533513023088 -0.003418721229149674 0
9.913437323685523 3.478841406848365 0
-0.7665214421247263 -2.824650466788775 0
-0.5182518767933011 -0.04880615240702033 0
0.5029581402345297 0.8529621966833782 0
10.20255318624283 2.598570193107941 0
11.4135914646151 3.612055808801862 0
3.979417146463985 1.653228176504561 0
7.56282834638531 3.561632816629022 0
-13.93702112052795 -2.496835812641146 0
10.00403553696257 0.009189926305254576 0
-0.989870789496023 0.1980221059220735 0
11.33134079430324 2.163719871844882 0
8.963288869041103 -0.5975038875207658 0
2.615194776227526 3.513700101095688 0
-1.351678966998358 1.330789518590936 0
18.91241442328167 -0.8275488489095275 0
-9.112709225755577 2.478458354322453 0
-17.87847769416726 2.144035569169344 0
11.72947674963894 2.453840116971819 0
-0.3414061273526902 -0.1353327679441201 0
-1.258537487035797 -1.826541629775926 0
10.22528067498449 1.185181375172471 0
11.86296362130364 -4.345494298820537 0
10.61604042561656 3.619050956158299 0
4.392034799347542 3.592475377261176 0
-7.24921463580262 -2.273179187757015 0
-5.999999999983321 4.392381344077785 0
11.13653264413985 -3.252481108754465 0
10.14309880799873 0.0243224464691332 0
12.04797015586867 3.427130159284651 0
-0.1032974676218365 -0.1737192078111269 0
1.919210421653094 3.377160092129465 0
11.8229844522909 1.353352785355168 0
-15.44359877271885 -1.76253417794919 0
4.965956709287552 4.336091148204027 0
-6.756286309518599 -3.195860645009222 0
6.684029106870833 3.515098161664373 0
3.378056404290223 1.566532988723768 0
-4.054862763149912 2.228805968891199 0
15.36047076321893 3.542222126965004 0
18.91101784205295 -2.225389387361156 0
2.317171578944988 0.9927270074232996 0
10.57834532278743 -3.6242680144489 0
-0.4798236020690325 0.4044657550381375 0
-6.845403151152701 1.624476734172719 0
19.76794919243022 4.26794919243023 0
19.76794919243022 -4.267949192430232 0
-18.76794919243148 4.267949192431481 0
-18.76794919243023 -4.267949192430225 0
6.721896341252418 -3.543508529117031 0
-2.224004375701188 -0.109279253050345 0
-3.259471669203074 -4.283801026036439 0
15.02356956550621 -4.37212367120299 0
9.346942982658708 -1.692963769209182 0
0.7694092496064754 -2.056689752097538 0
0.09957969726260441 -0.8286943083731595 0
1.044040201470075 -3.141494078900139 0
5.973487190383057 3.389879393993638 0
-0.061196534011165 -0.03867106325027175 0
-5.208528546579982 1.624096300687596 0
0.1347942363574282 0.3769934190467287 0
-0.02487634837445678 -0.070550943187548 0
13.01748152981364 1.610091436858692 0
-16.31385803255606 -1.804868611368483 0
10.24364491941559 0.4885439755873704 0
-7.510962203076009 3.572658395731954 0
-0.1248254584532132 0.4191942470508431 0
-17.23830336704502 -0.4215700311411785 0
8.953549949017308 1.173461059084352 0
13.64781653990667 -2.81310051479322 0
-0.1945270899578947 0.01611583858198821 0
18.92003912816301 2.701969555898122 0
-1.372702318251052 -2.714201229124402 0
9.503690138927141 0.5610503994915655 0
-0.1362384308522268 0.1011705262204297 0
-17.92455586650438 0.7394400728238705 0
-1.419823617174986 0.02119915668581931 0
10.51260408994639 1.146176096676903 0
2.894201039982125 1.727124355962525 0
-3.349651290617499 -1.808898714659289 0
-0.3442000768849756 0.07745941820001224 0
-3.755678362113632 -3.634425376696139 0
-0.4032413624584988 -0.03644717994504918 0
9.165255396690789 1.583500676207561 0
13.81888671491237 -3.572793347557481 0
10.53211883429744 0.4164574279565585 0
16.13173921074755 3.523962946634746 0
-4.447808237774445 -3.656806633999153 0
-5.517481547523672 -3.695287492000876 0
0.04954743048537052 -0.5529813837955212 0
0.2206823559689665 -0.3496861115643899 0
0.07390180514847376 -0.2580917555132598 0
15.96681220254617 -4.39841643818429 0
-0.02088088392151783 -0.002248648732670925 0
10.95780789643262 -0.06542984985953237 0
-0.3366720952221978 -1.095370219174596 0
10.49480529718018 -0.1608843287822549 0
-17.92449375806668 -2.696554657040149 0
0.1404336165778316 0.274372524781428 0
0.06153056684542327 0.2601883400272656 0
-0.002879991937957358 0.2008197240684682 0
-1.25338482813523 -0.1926045186626473 0
-6.780276633454084 -1.852699301223864 0
-0.2438480207251647 -0.1014870049147582 0
9.890650885629517 0.4121837218063652 0
-2.06605552643057 1.476053518225631 0
10.00000550287322 1.901494415000846e-05 0
10.0000106515539 1.668514651101875e-05 0
10.00001493210255 1.299546182145266e-05 0
10.00001799564224 8.246609911776606e-06 0
10.00001959248573 2.825635763158304e-06 0
10.00001959248573 -2.825635762905186e-06 0
10.00001799564224 -8.246609911516967e-06 0
10.00001493210255 -1.299546182118052e-05 0
10.0000106515539 -1.668514651072915e-05 0
10.00000550287322 -1.901494414969785e-05 0
10.00875917385913 0.0006935086991384194 0
-1.025880306575182 -0.4111498161655636 0
-0.8473861852914052 -0.3065433652342495 0
10.01097363102645 -0.1275470152549604 0
-0.01091861609716616 3.236897965016267 0
10.01694310576042 0.04260932803757696 0
-3.310265029125716 4.314472529136077 0
10.28543436195427 1.424827132396856 0
0.1280000176838919 0.6658605668604765 0
-2.160124716195639 0.7038018348260948 0
8.570673139761888 -1.114962549155409 0
10.15893407521029 -0.2275870794560855 0
9.742741395343931 -3.905870711992166 0
-3.786618640788159 4.367211799592638 0
17.26879645474207 1.191939541209666 0
-17.27002130686312 -1.854925340815591 0
1.326521242006114 3.963842126937182 0
-0.2311318932374635 0.03669527885919696 0
10.66140005708121 0.6742779827022267 0
-0.02078183892505381 -0.01912364536583237 0
9.375363751224866 3.996809985519743 0
-0.2970124421482896 -0.2154904103935233 0
9.325247230222892 0.4615072357940636 0
10.07483412334327 1.379095957979349 0
17.26413536791109 1.740003871263644 0
5.849029177768289 -3.452162413775157 0
10.00107231884108 0.05728322764396811 0
-0.03695189181997355 0.6944111651139139 0
-3.497273345095583 1.392227000932479 0
9.878779494290884 1.865031915191497 0
13.73948145312412 1.516140726269925 0
10.13488714756832 -0.5000384598797569 0
1.630387652551756 -3.806835636209176 0
-2.453523078031595 0.8356353586591334 0
-0.0168451233467851 -0.03681197161349507 0
10.44895614338663 0.3382818638104209 0
-0.2276140792180498 -0.2640468369676511 0
-0.5738836904521465 -0.2709237642734819 0
8.760668857256082 0.6073070809126069 0
-16.75843128456342 -1.832396930271028 0
4.599819291421849 -1.573680954530111 0
10.61151394841738 0.512048027429167 0
-1.624069194340101 0.05562794832876653 0
9.417413627689815 -3.518952485889562 0
9.464714353749848 4.476186915426332 0
14.09679422563351 1.809482307244263 0
10.75356197132134 0.2969836530833079 0
-0.04992915891120715 -0.003296519102612615 0
10.15317135071966 -0.07078801570410427 0
9.048289497334478 0.3340490195922885 0
4.857466278818874 -1.271601910047963 0
-2.704724530451418 3.594639439745242 0
17.86574142061568 -0.09305751682628396 0
-0.561218540127033 -0.14340782189742 0
1.289253731982336 -3.475005767717728 0
8.686009267429355 -1.474045697884077 0
0.2906108759756318 0.7734445332337782 0
-0.06446151602409762 3.705582544455894 0
-1.752023015889674 1.966041534709858 0
-1.46320455242467 3.950361646010649 0
1.418908591910264 4.46083207525085 0
-2.200033117183859 0.1854537345209039 0
10.15936131327197 0.2520458842524667 0
-1.018804490407545 -0.6348496236388882 0
18.33761070499516 -0.06422120448146147 0
0.01069858662306433 0.151161351079561 0
-0.1847271811262876 0.05855773248689282 0
-6.563168945107105 3.669255448157702 0
10.86465571779834 0.7797256382872049 0
5.45883222574289 -3.810813607279946 0
-0.0001933974931263379 -0.0889504411955043 0
-0.1629723790723007 -0.1588667992877765 0
-1.45033405611411 -0.6850993464756825 0
6.166615213962082 1.217682430048988 0
-1.816235151707106 2.341417863021443 0
-9.023667351580352 3.019407376768263 0
9.869653707265076 1.557253233933468 0
-0.1506613026372564 0.127199699168595 0
-8.618658900868047 2.732459057470572 0
-0.05853799329315966 0.01507966828819324 0
-0.5569221237080855 0.128765131788256 0
8.386854723851471 1.361854401277731 0
-2.341694841234875 3.906022739952407 0
-6.232932485828499 -3.521150035381714 0
-7.589753358406215 -0.8822312583626986 0
-0.6181240326595245 -0.06117516729079398 0
-17.55466053732238 -1.365675372021291 0
5.852324117330671 1.438447800280607 0
13.8725215522998 -2.410969336107272 0
10.68217231554102 -0.9603503196033145 0
11.08173275743394 0.651554681061228 0
-6.608852372599525 -3.824050221499917 0
-0.6981681340349787 -0.3746683764926166 0
-0.3120266032539762 2.981756810076996 0
10.66121008643651 0.3983156120451417 0
10.86793484239637 1.050164672944331 0
-6.297202347215475 4.05844912500238 0
-0.3795647551652588 -0.2167422573984795 0
-4.045641710377517 -1.751819929514081 0
10.52270274052679 -0.707131033539366 0
-0.735284979076229 -0.04206257188109602 0
6.629381866545584 1.380589566570081 0
0.4578663798187448 -0.6685520467730408 0
-1.858419297367515 3.213214698424697 0
12.63194630923552 3.963691295746455 0
6.870829733046247 1.103226935691794 0
8.813737195113216 -0.8444864338315234 0
-0.0275013548176606 -3.198118583580764 0
8.753784283702839 2.001983187667061 0
9.602371552875525 -4.427271581288779 0
4.118813929223451 -1.409333327873224 0
-17.5641339201895 3.793089042208869 0
-15.05495339410961 3.52910668963588 0
-0.01019366103769309 -3.664916890810853 0
-4.207996858990974 1.224456306157386 0
-14.454916082558 -2.772339674082619 0
-1.467258735365808 -0.4523666619233411 0
9.010508973806099 1.785670963356319 0
-0.6562665589074492 -0.5737954023544585 0
9.550306045072535 2.028048667354463 0
-0.498478279233796 -0.5948507692440892 0
-0.8555577303547408 -0.1358548287927412 0
-0.1537394390792702 -0.214421951102603 0
-17.10458922531225 3.460503371685898 0
10.00373188042708 0.004542156792469245 0
5.293511705616705 -1.233587545341488 0
14.21195352649949 -1.002343053480584 0
-0.165297628091065 0.08690929503303998 0
0.1030318102139191 -0.3170745010697877 0
10.21291686309985 -0.1188303982447913 0
-1.478594642262149 4.464752119258042 0
-2.426301781727763 0.0841133446690876 0
-1.920279289843998 -0.4143360112102555 0
5.615139793971048 -1.466602199460723 0
-1.965610347337266 -0.7156167706870402 0
-2.694537221886543 0.2688551586248588 0
10.40501630840774 1.863954538780048 0
1.79515765268117 1.440133511518179 0
-0.0150700846130872 -0.0464076057220954 0
10.42604242255353 1.613626133715255 0
3.802917191547216 -1.654581223086955 0
17.01785373589493 3.426215809850856 0
-8.530138264102918 -2.095673920713694 0
-1.57056255618422 -0.131311442653815 0
-0.4256761099261613 0.5012551386837854 0
3.044028267957373 -1.65837784265958 0
-3.509173517261589 1.76524857609608 0
8.707472339469753 1.232475151925506 0
10.48598771699756 4.475626001746338 0
1.850645834309537 1.836924907701849 0
9.718001954406997 -0.8602316017660805 0
-5.431642051820599 3.631091914161302 0
-8.036919037866173 -1.210701569398691 0
-14.43988826486928 -2.244266227234132 0
-1.842154336422965 0.3737812858955326 0
19.34622056032523 -3.073959368289506 0
-1.889035087237233 3.686691251847935 0
10.4616881719626 0.4703249514775347 0
9.563984392465983 2.412772832680745 0
16.55944275636007 3.510932905933354 0
3.063879591185954 -2.116816553819377 0
-0.3329627359250515 0.5871558167567796 0
10.36553020033531 0.4943538006878053 0
-16.54585900301191 3.815901088854328 0
-8.028350757495806 -1.789711405288245 0
10.67426187293824 1.123520957059449 0
-3.43877031805528 2.533030742897219 0
-0.04852261956725768 -0.1735492702116916 0
0.08240768867202238 -1.390054219913229 0
0.4897601718880377 -3.850159377850878 0
-4.406933234380936 1.548640300967895 0
7.597180349429808 1.318968809023858 0
1.106750287332139 -2.032326648585244 0
12.54479223856485 4.470218097473541 0
-1.814467133545094 0.1217471775444565 0
4.444628717949103 4.072260946649825 0
-4.895518981630536 3.575214438982783 0
10.1458713478434 2.013998406351318 0
10.08873798319618 -0.08082342047826796 0
-0.5285362107802249 3.937111854844983 0
-0.1795173464195328 -1.262578204289236 0
10.37421603105816 0.2817168102027463 0
-1.479721730668835 2.583887179292802 0
14.11363662547919 -2.748844562641138 0
-0.3074378980294264 0.1418546700773257 0
0.8525029573412765 -1.376123824965199 0
4.872554616335722 3.826158915958322 0
-2.495962380665089 1.202618529728425 0
-1.164385536154566 2.018269828892501 0
-0.5437982233305133 0.0312398950406061 0
10.39590871565046 -0.2702581801485411 0
-1.559224509863882 1.35345885298114 0
-11.46939498445602 -2.720879123945537 0
-0.20604164257271 -0.3570692802401976 0
-3.669187660688146 -1.815271811498883 0
6.401114494675481 -1.430455536884105 0
-16.08809624163094 3.511309356650282 0
17.69445748386215 0.8450855733585453 0
-2.173912293027748 2.51440306195357 0
10.91292413647659 0.2530849895228174 0
8.854246526841219 0.9389021836453108 0
2.662582954204984 -2.332312548453023 0
17.70334475156913 2.093469724814117 0
3.967306299397646 -3.09492712683658 0
-1.474276739410114 3.006136745067746 0
-0.9379295296299356 1.834750696068179 0
-0.02591001933332519 0.0070686155606669 0
-1.923325271205265 0.9174269010921581 0
14.03890745436034 -1.974849643333949 0
11.08753539989121 0.388475946531734 0
10.64986751840216 1.496128440391096 0
-2.729440448634165 0.6349940664503929 0
-0.07040476258224745 0.1216514769592539 0
-0.4511784886372425 -0.3154159945955081 0
-1.950653289952692 1.728032746474072 0
-0.0259030824505293 -0.02924208508587976 0
-15.06281109341761 2.943102910417605 0
2.268364371150281 -2.064738566144583 0
-3.752444263331445 2.405853639264866 0
10.23261932397566 -0.7110672265153166 0
12.73244528828097 -4.371793744993685 0
-2.221541429946877 2.963950331581879 0
11.95385953085457 1.599152726725772 0
-3.787208335821371 1.183351655887222 0
0.9268351273217867 -2.371613371519977 0
10.07932747209952 2.865914681424551 0
0.5279655450416288 -4.394893775255793 0
18.99925045830115 3.664646490258682 0
17.54708374794513 -3.808080234084925 0
6.435317640891999 -1.86060465861488 0
6.309892497724451 -3.54467407116389 0
3.522450296239917 -3.89284584459125 0
-2.090144333002353 0.4280307611226613 0
-0.2810228888798238 0.05714313873187164 0
-3.151894429537324 3.732818187088443 0
2.150849005864421 -3.582326563839772 0
3.988558483208483 -3.617279939657692 0
4.389093277100594 -2.824264571911194 0
17.11325216927527 -3.480948999630917 0
19.0902374280178 -2.649805233505923 0
10.54689891859836 -0.2800836253188924 0
14.5966430702546 -1.272450489689577 0
-9.006294827470526 -1.83088582070434 0
-1.035561914385812 3.210742070004633 0
2.575901694142784 -3.879322726707001 0
0.0307406102365897 -0.1205430325786993 0
12.07475529756248 1.871146984440299 0
10.53690773165525 0.299553157985457 0
-2.990346232110681 0.07756978631422901 0
8.79236785527228 2.429724763257218 0
-0.04266790379385814 0.1615999889024424 0
-0.9938739375306503 3.681490417524298 0
-1.79735002967462 1.401880186192705 0
-7.117661885465694 -1.077498400526171 0
10.55673561131351 0.1738791525460195 0
-18.01587098647649 -3.646384723863826 0
-0.3915295238263826 0.1339261658687119 0
1.542577667640465 -4.383104096918597 0
8.918545965015893 -3.495942013084214 0
-0.05065229342716702 0.08805023956059782 0
10.52466785886644 4.015309653799104 0
18.98508538004162 3.16594734545165 0
18.58003926621239 -3.812772391876348 0
-4.376170628594514 -2.069960907518771 0
-18.32845555527388 3.038696559538421 0
15.44722615132478 4.490217629354513 0
13.78382673451954 -1.194095665259298 0
-0.5192671144779528 4.476254125171803 0
-0.1666577511394718 0.183603602184657 0
-1.689917466003656 -0.8646180963071892 0
-0.457257114901898 2.056616040549724 0
-2.237679987438334 1.696167711878711 0
-2.606933133713292 -0.414975205892737 0
8.047148432034501 1.127815821626767 0
18.13500940558727 -3.491006604386755 0
10.50636603083088 0.8062188145810133 0
17.11530173367557 2.853179590758663 0
11.51743959628545 4.469128216096165 0
-15.55217372109215 3.829899962718044 0
-0.3774772750584079 -0.7035669089258306 0
0.09491368532621799 -0.4153710438305415 0
13.35463181481776 1.610762386276052 0
3.493234152352578 4.512454219465964 0
3.513503304724767 -4.441287195280656 0
0.01081185000899244 -0.07550616479076863 0
4.732779086441166 -2.036602366451396 0
18.25235974685951 1.972788349087585 0
6.521909596085109 -4.419487883804523 0
3.383771078644097 -1.430078155448635 0
10.14547767565657 0.065109480635101 0
12.28558730932457 3.685587741693642 0
7.917308374162165 -3.207174103337606 0
3.076159036413652 -3.095276431085886 0
9.418734452520116 -1.020227264128354 0
6.516311532995468 4.458647529461087 0
7.517601691093107 -4.463646605466501 0
4.925406320605335 -3.57847784827936 0
9.985793975118828 -1.589276965361648 0
9.624806428578605 1.145088017686699 0
-8.185562287363105 1.540320697876225 0
13.19698064276599 2.320409649640827 0
-2.48187823874286 1.903769537953982 0
-0.4745517540159696 -4.458674694300143 0
-14.5292631076041 2.09451903828151 0
7.567429134488688 1.755392082144599 0
-11.46060897989283 -2.16690643572307 0
-2.415869375334244 4.434669973016612 0
-1.794125489204674 -3.735837789628427 0
3.062368031258162 -3.6185534812261 0
12.33826501903563 -0.9293783834411964 0
1.694000649601471 3.672523193814032 0
3.487919562591964 -2.358879909996983 0
-0.01927218338865532 4.74123096407329 0
-0.9824202858193641 -4.734557121171453 0
-1.978599711174081 4.729728958159532 0
7.991056233206089 2.003973211121486 0
12.01577652003325 4.716404490325845 0
-18.12468816189525 3.583633371275797 0
-0.4190758959327093 -1.306357868659143 0
-1.980564438963232 1.203294131582393 0
-15.56807343503076 2.054471717770071 0
-3.463638250927028 3.316721170870359 0
8.360513739964178 1.801588517651708 0
1.041609465336475 1.496127377338681 0
14.56097042306111 1.6056301258954 0
17.5914920959146 2.694332344296619 0
6.05059279788904 -2.140368200066153 0
-1.137693192656745 2.380269205397865 0
5.19055578746572 -2.217263858171296 0
-0.4626706908400632 0.1893628790806842 0
-2.945470576590786 -0.2813403530614643 0
14.0257692658393 -4.758291566179307 0
2.647792844440076 -2.822436354086594 0
-9.982680047083495 -3.562889676694232 0
-4.02897026130403 -4.761541497667597 0
7.998144933057608 2.44746212679601 0
10.15661821710533 -1.265239547168895 0
11.0227500430127 -4.716829360166097 0
9.984324640748568 4.722902275976018 0
4.479611491693945 -3.877046155751931 0
7.222036301228373 -1.737487118537078 0
-0.03123926130056046 -0.002219097201224638 0
7.644249859427479 -1.8838801962452 0
0.002718857589850278 -0.1087060416059036 0
9.907665876754113 2.558035291321032 0
5.521800838981649 2.067374507813603 0
10.03941342291521 -0.01252949199642295 0
8.485647640315005 -2.144491029534158 0
7.160915736434728 1.984003012365527 0
-14.52025898402345 2.667347115862664 0
13.0755491542625 -4.728596301534589 0
5.598378695351184 -1.930818381919293 0
15.43034248247373 1.163376517883194 0
10.86483917751174 1.611523406807163 0
10.52702574833759 -1.260223435227316 0
-0.01340824493908161 -0.001000970849958022 0
-7.71789571662061 1.321173603758509 0
-0.6639367106729952 1.848970352240644 0
-9.517896089711048 -0.9972442728743041 0
10.0685192388568 0.05539021124684038 0
7.285171899322036 1.073950426247936 0
-1.213668996489586 -0.7922319784734002 0
12.77419930037908 2.583891048648359 0
11.89828388648298 2.758627529955414 0
3.51498911758457 -2.847215981629923 0
13.53507799350274 4.507126419058008 0
1.482715632745941 -1.943306734261884 0
11.08544968795859 -0.07527342379193425 0
-9.020501542175893 -1.258339221572168 0
14.98500058819163 4.750801427696895 0
0.001250501461848821 0.05317731819283154 0
-5.031708522583513 4.707030715946093 0
-1.442201938349223 1.846511474475852 0
0.7163051428572828 0.7686952206299177 0
-0.4544085736775667 -3.944208409387221 0
-5.510875386913487 -4.437634867495044 0
-1.369386923995479 -3.954619353360886 0
-5.697601290081685 4.04774676806243 0
15.01909161746644 0.9002936959224878 0
-17.99393254098458 -3.156925600145389 0
13.5680173209817 4.014916641695004 0
-4.536266825897163 -4.480802627134246 0
-1.851754208265011 -3.268391696764958 0
2.267536713799006 2.021976784326135 0
0.2994398611904722 -1.199648903862765 0
10.13141678275868 0.1915881843936963 0
2.481253796227388 4.460175226055751 0
0.7062985421466781 1.361337960205994 0
-0.9999949310658566 4.735023161098511 0
4.500640631536952 -4.431884358527681 0
14.93673823765184 2.371143044392733 0
5.512396765275403 -4.388822421629667 0
-0.07941119779296972 -0.2189191323993854 0
0.6726316541391634 -0.8089416292618951 0
7.519036391343143 4.501877238675011 0
8.551263225655941 -4.403425481621362 0
14.05613757178577 2.304502335526406 0
11.0016630762589 4.75272372577032 0
16.42335695877805 4.411369657414861 0
12.24427151764011 -1.29611454471658 0
10.03831080762983 0.170053914545807 0
-15.04656574959748 1.791208045750922 0
5.408543016561326 4.006658655610711 0
0.1416194380675458 -1.723440623091522 0
7.155026156984819 -1.324760664189448 0
0.02179596145034677 -0.1580820139262046 0
-15.59332290243153 2.633538504855599 0
19.11072154295168 0.5012870890245884 0
1.9799845256303 4.710459778084545 0
3.012862673167442 -4.720727702157807 0
3.991964881756534 4.762738771494758 0
4.999999999980856 -4.711324865404832 0
1.020097013239464 -4.670776202127103 0
0.9916750244607917 0.6565615877483351 0
-1.166149989781367 -2.982971870043727 0
-9.974238320119341 -2.993528931665879 0
-2.937269664139179 4.704941014857081 0
7.009512830791792 -4.741990327579687 0
6.000000000024355 4.711324865406113 0
-0.8551060367012469 -3.230438508756004 0
17.45413543651865 3.803417431562413 0
10.02168136775762 -0.9693026245208447 0
-0.3506644550702872 0.7676686856180472 0
8.002724858368818 4.754554574620036 0
9.043174365355853 -4.681769203734548 0
-1.685265092612381 0.7835174397279179 0
13.61941327859869 2.536295384270051 0
8.406186011385138 2.67281900891639 0
10.33962941630416 0.7262494274551949 0
17.45181138673337 4.380146878766663 0
5.260894598708837 -2.747063780251502 0
9.210932236122026 2.643520879881847 0
4.336070884962056 -2.342617783183061 0
-2.0973910111082 -0.2585356048313953 0
-0.7213135610457844 2.973485239022179 0
2.535343327567214 -4.433055596949301 0
9.831077497360205 1.036377319269906 0
7.728453934468796 -2.322936607317674 0
19.3961753453486 0.01321407798438004 0
9.89094389505947 -0.312188396761686 0
15.40929629151638 1.662371806028499 0
0.007868531777495132 -4.72411757312869 0
-2.492145131823704 2.291103656034424 0
0.002566973378892746 -0.05330712435828212 0
-14.51501694915047 3.831514357587797 0
1.289630877380538 -0.8865419061154888 0
14.96228409534923 1.885910531699956 0
19.89835188775728 2.948862019403358 0
15.9622255631286 4.739416201657619 0
-0.02323126749885442 -0.01090009576365628 0
-0.005804701995967597 0.04522079310141933 0
6.102232872811489 -2.598591253832991 0
5.921254948028009 1.86165718976233 0
-0.9153525084613596 -3.690112140997865 0
6.742561696855509 1.797585703820352 0
14.49476791151597 2.585882666870321 0
6.924068926927578 -2.459372750656845 0
11.09032931815043 1.201923033800477 0
7.984088896459441 -3.675046197707074 0
2.291525064835299 -1.614599526004563 0
18.49009197015505 1.465759035867126 0
8.887816275191936 -2.231138347556285 0
3.001269270624216 4.749715447971206 0
4.000640631536339 -4.720559493122849 0
6.01239676527602 -4.677497556224836 0
7.016311532993862 4.747322664054974 0
8.008088860285248 -4.721656277886813 0
-13.51189797521013 2.691500562664042 0
19.37371214207682 0.9928931686051454 0
-7.203863322588309 -2.8991996097299 0
-7.562527077169951 -3.825732463425265 0
16.96113139564464 4.671953455757242 0
19.1346278530422 -3.603483471203408 0
-8.112304850479223 2.841987763971992 0
8.526098738784167 -3.859014139519401 0
-9.487911481198619 -3.846305456558352 0
6.577654568611495 3.963680250015879 0
10.96510203781509 -0.1925239603096242 0
19.94154515283168 0.01156822342596309 0
0.9770031574400235 -0.6479491834631239 0
-9.49145540177693 -4.422055577003443 0
-12.01148246052768 3.565400615892121 0
1.238591135384846 -1.256265177548301 0
2.02248065437756 -4.712327894791494 0
-13.01727567915206 2.986175252574164 0
-8.226840422814817 2.015497424476798 0
20.21860668250079 2.474429476156546 0
-9.486900834531188 -2.133393557760892 0
-2.809237144440845 1.376858082461153 0
-18.06072721162492 2.584839221456446 0
19.09353605635852 1.469936370024128 0
-12.02658312531452 2.998468891328302 0
-0.7612602399716082 0.09431985979809061 0
5.54837156884938 2.474628684310658 0
-8.050343230555502 -3.538331641140673 0
4.737052575670167 2.483426472850002 0
-14.00610049171032 3.545711688072182 0
6.356375886813053 2.461648160777175 0
-8.064638601827308 -2.950166811950678 0
7.176347908823101 2.449043301121381 0
15.35844023899333 2.631307384942986 0
-5.58902926762771 1.501057685634591 0
-0.6572231939324761 0.1727325011360425 0
4.856140289822823 -3.048049077259735 0
3.891604914871426 2.44586891006409 0
1.83798010173291 -2.24678158373397 0
17.99067999108504 4.70819342300942 0
14.93924724351104 -2.066651257316846 0
-3.848851671513634 -1.013620478199861 0
3.240625655059318 1.823906463130796 0
18.23287121293429 0.959347908362831 0
-8.99572196439672 -4.710014076528363 0
-10.04381371309704 3.011163191370972 0
19.89044513757608 -2.030317846804246 0
19.93872459941222 0.9944445936548074 0
-0.08207483759813619 -0.0340251474085886 0
-7.845639306637556 3.221521235742451 0
9.837166174755836 0.2386163333211792 0
20.22044134506151 -0.4896244360959925 0
-11.50878688198854 3.853383060334603 0
-7.527164069694159 -4.416212797950776 0
-10.4819078544717 -3.851200706415194 0
-12.53125544977896 2.709656774051477 0
-9.507948165390737 3.867619312557131 0
10.65276960842861 2.029226934133599 0
19.89735267223546 -0.9978141606545903 0
3.050601110994711 2.43617087725969 0
-10.49141732420001 -4.424602409750951 0
-10.97481609465627 -2.997885731197287 0
15.83255246393485 1.936627558762649 0
-10.01644529598417 3.573692563425728 0
20.21762079164205 1.493251934134034 0
17.49017250544991 -4.411527129751718 0
-5.007296564619047 -4.719261129466648 0
15.44804654005682 -1.299459960043631 0
17.9916645062686 3.588988926045204 0
20.22110380777017 0.5011926595158337 0
-1.674074541023368 0.515642898234726 0
-7.019844780468856 -4.707056268468446 0
10.03646692960399 0.01205807803472907 0
14.56694063548011 -2.827518436767019 0
3.887214352266501 -2.124944266475508 0
-11.50226638549883 4.425592569461034 0
-14.0034848272753 2.967548225565324 0
-15.89417609725722 -1.542614881766135 0
16.98510534595299 -4.702954278508142 0
14.24648206671813 -0.5230771798280487 0
11.33699657819034 0.2391665620984245 0
-11.98726243814527 -3.566030472896306 0
-10.99568388681659 -4.71256090927587 0
-8.00731928924163 -4.70915652948233 0
-9.994624372804871 -1.299886933517571 0
14.51713320255765 -1.796223862671387 0
-12.96459996316104 -3.015661482611911 0
-13.53007445721235 2.120930347165134 0
-12.98231144367787 -3.574042003710318 0
0.5991711960361084 -1.167392999331158 0
18.50700826261354 -4.426891743066375 0
-0.09289742338521251 -0.3640198704820117 0
-10.55457660385668 2.729513646883648 0
-13.97739506212593 -3.583769141710628 0
18.0050671594932 -4.708572851243575 0
-13.48423039782212 -3.861118461936488 0
-11.99790732579315 -4.712904071293226 0
-13.00615143963184 3.558123279037059 0
-12.5050305454719 3.848536525078189 0
20.17691132717395 -1.508189724564434 0
-10.98106377109344 -3.563936867234488 0
-13.49452368888516 -4.428294070168183 0
-10.51015115503148 3.855692723652957 0
-14.51223727613239 4.416488321089772 0
-11.01716584841936 3.569868067184574 0
-15.98907693195718 -3.034867949897182 0
-14.99074099278781 -3.581085889389755 0
-12.49051206053378 -3.854121683235239 0
20.21353381040213 -2.522128122243883 0
20.17974520525649 3.474432543244334 0
0.2678981507857354 -0.8106354309511654 0
-15.50045206430855 -3.858430149321373 0
-17.49602795000723 -3.893891436559749 0
-8.498562343464801 4.461333282860954 0
-13.9963847124884 -4.715425198534877 0
-18.39196916085266 -0.9706913703678466 0
-14.00230079365431 4.709140801152699 0
-16.50279931071071 -3.867240694424906 0
-8.531113494585604 -2.675156348507375 0
15.40071640573303 4.004291671676182 0
-15.90682465562247 -2.024633640751023 0
-11.48848056661141 -3.850242641863471 0
-16.00241925697905 -3.578899050257784 0
-11.49359121260626 -4.425464980569097 0
-7.998781376746959 4.73896343041699 0
6.859909456694131 -2.02450042780914 0
-17.00118944272828 -3.60648279387402 0
-16.49180865130932 -2.737858586800318 0
-14.99996399822778 -4.713766465776346 0
-15.50097871044909 -4.426630277115413 0
-9.499286769807298 4.435984999785915 0
19.00194110311786 -4.7183188918228 0
-5.048250628124952 -0.5451601597965201 0
15.03501456238834 -1.03661082300982 0
-8.999780966704231 4.722369852443964 0
-9.999505803090685 4.713615147341951 0
-12.49604630218681 -4.425772942926532 0
-18.93496489451127 -0.02420130286709271 0
-18.94843536884078 -1.969741533526729 0
-19.217084051048 -0.5032091765411212 0
-16.99999999999689 4.711324865404828 0
-16.00101471221651 -4.712863811339067 0
-18.93845819051676 -0.991817496718072 0
-12.49996771230325 4.422884496522227 0
-11.99989913086931 4.711958096462589 0
-19.22137413946875 -1.488608320172012 0
-15.00993648247188 4.707347519937073 0
-13.00006858142525 4.710926400059638 0
-19.22706122937203 -2.481133213351007 0
-17.99676969817957 -4.721644009398486 0
-19.21788084346326 0.4790078736801503 0
-19.22722090837138 3.501869194471637 0
-12.99813897639394 -4.712868871633306 0
-9.995733437390115 -4.712041500475079 0
-19.20917109127027 2.50973910598989 0
-19.17371689714496 1.483984650637246 0
-18.93639199964166 3.011608300460285 0
-18.89159774060823 0.9629925243115602 0
-18.88288798841523 1.993723756623066 0
-16.50086811980763 -4.433005327712149 0
-17.49662310576947 -4.441785525771568 0
-14.49634871072073 -4.429191664311223 0
-14.4876523514213 -3.864711215718672 0
-16.99985340758743 -4.720141516373081 0
-15.03240380581279 1.222862085609642 0
9.699453146115454 3.73647248168555 0
-17.00354110834876 -3.021131786610034 0
-16.12138772366231 2.900951678006111 0
-13.50338940012494 3.841612051633795 0
-13.502369375087 4.420067201212336 0
-14.52050122568761 0.9637153702222819 0
-2.245425636649249 -0.897088688351384 0
-17.1263009263374 2.832543600198834 0
-16.60086218606843 2.577583638723095 0
2.994777336541733 2.052397042234822 0
19.93622747414284 1.96768141029429 0
-14.97966596224657 0.09317950955200052 0
9.248049346805942 -0.4481179568276111 0
-16.54639237145835 0.8215457671366165 0
-11.0023672546196 4.713634472998445 0
-16.57424943619198 1.993754062749512 0
-1.099707205455013 1.039025596844219 0
-16.06952550638508 1.738055314947001 0
-6.523423602766504 -4.425430006496843 0
2.208949151006223 -3.048717241359578 0
-7.463424289814073 4.456696503303034 0
-15.52506152938867 0.9089760785920085 0
-14.95531923553408 -0.4517584690527003 0
-15.44098105578728 -0.7535433628061986 0
-15.49474547384006 0.3398538530246496 0
-16.04067554452768 1.160905635910218 0
-4.63498990407758 -0.7192821182742112 0
-3.909967606388696 -0.609616892259278 0
-13.95510323458234 -0.4049077748482542 0
1.793354991353759 -2.740636453315396 0
-13.98743002129475 0.1505994055340887 0
-17.04175753270255 1.690841270811171 0
-17.04275042982633 1.095782654235058 0
0.829905040583711 -3.506539831022235 0
-14.44140592424509 -0.6972901392550446 0
-13.00177554555322 0.2046037410620163 0
-15.93296928667395 -0.5307473807026427 0
-15.96238697801423 0.01771185652350462 0
-14.42831973867596 -1.219707185573927 0
-16.49841986049351 0.247474213317262 0
-14.49807943767 0.4031550197319992 0
12.00444835522622 3.083057544059692 0
-13.5085196655107 0.4529848214070623 0
-13.44292050218311 -0.6531290067062046 0
-8.503041253625234 -4.419170606010693 0
-11.54094457848771 2.72280163105623 0
12.27788400778016 -4.425028876399274 0
-12.96850316893804 -0.3460029066689075 0
-0.2541137978540589 0.2061622757668602 0
7.370399846503138 -2.611415852457258 0
-10.50187305772144 4.427249620340396 0
18.99719181478034 -1.758776883334734 0
-9.60720801369704 0.6723500690036737 0
-11.04309508727095 0.3262549967718429 0
-9.97783583233038 -1.863489619271988 0
-10.07441585427334 0.3742265142023647 0
6.033150750292386 -1.246002895876808 0
-11.03422288013168 3.006218362470021 0
-8.167289191784281 0.4763825012954391 0
2.509011641571938 1.23842913422012 0
-12.46183175559268 -0.587764659463929 0
-11.97442453242705 -3.002718091015574 0
-17.98270176452026 1.199680180572434 0
-1.290250069372552 0.5432876639157869 0
5.115241598719742 1.870433479223859 0
-11.98856049738535 -0.2806614409790901 0
-11.46581482472885 -1.072995426854868 0
-16.49999999999628 4.427144174985017 0
-15.5099364824725 4.423166829517262 0
2.324192585092908 -0.7862753148691578 0
-12.5240601321584 0.5051206755761739 0
-11.54424447606991 0.5693211245115208 0
-11.48361949325821 -0.5283375253961524 0
5.720357581516749 -2.918841357766338 0
14.64750074017026 -0.2992444926541971 0
6.551117186047895 -2.753700035229424 0
-5.531708522584129 4.504491163972022 0
-12.01751649733589 0.261617246330089 0
-11.01142610440979 -0.2291249658266514 0
-8.510702187463313 -3.838826052194549 0
19.37715519619471 1.945917271234046 0
10.25155182598542 -0.332468718128791 0
-2.2598031865871 1.356652236385621 0
2.266945290968114 2.457902157266169 0
-10.51159833733222 -0.4820559639057715 0
15.8072422691092 2.420330624984359 0
-9.112558561302132 0.4282956495709538 0
10.71692164582874 -0.02099453536689963 0
-5.121688360668019 0.8551933094933869 0
-10.57384408329861 0.625187439766724 0
10.10588417356149 0.03992204860672873 0
-8.649292549874106 0.7209234134439859 0
-10.04383909116812 -0.1776369268716366 0
-13.05182612728055 1.852457913634324 0
-5.483874991421475 1.913290848055013 0
15.43178908887646 -1.805727021368847 0
11.50890577004099 -0.2278353760282121 0
-15.99999999999566 4.715819309580189 0
-14.03066543285816 1.824149932485262 0
11.43565776802395 -0.5348772439290908 0
-4.223162752507577 2.98816418453589 0
-12.54762941590522 2.146509650610545 0
-5.980744317660225 1.317903343250586 0
-9.545765686683131 -0.43082583625807 0
-6.824847728636461 0.8092752822451577 0
18.47685191079842 3.898407370022526 0
14.94275173087425 -2.568077241620877 0
7.589950006728579 2.663921286574979 0
-6.534990878245885 2.781687822376117 0
-7.261863317174376 0.5292064735401474 0
-8.552913259178652 -0.9441174856919683 0
2.104268575573147 1.205426148604949 0
-10.49025321594106 -1.037887533935472 0
-7.36016310477026 2.359278105509849 0
3.674775340620875 -0.7876753119943706 0
4.480617118176266 4.541435820896099 0
1.938632436563285 -1.364530309812393 0
10.65438834647848 -0.4518904755994723 0
15.46215190493055 -0.3064130874448972 0
1.360318210647163 1.271838694297019 0
-18.39970766176133 -0.03778952516857122 0
-9.08169299739345 -0.1230168146167887 0
5.488652236445955 4.490021914807455 0
-12.45996267429873 -2.732428780256101 0
-7.860168664967255 2.378294118673527 0
5.955475689739446 2.672671570255577 0
-0.4999029059065387 2.388473643073931 0
6.765643881087589 2.666386196572399 0
5.15286793692986 2.689213077055432 0
-1.402706692601504 1.560081353028502 0
-3.074324286187026 0.8206856048555382 0
11.87443733985962 0.827210419218408 0
-8.586235117424124 -0.3752135153528231 0
4.327125630840142 2.690299528270507 0
-6.964642913052273 4.717733072886043 0
10.67790713081698 0.1401546647112808 0
10.30471083680919 3.407746838386233 0
18.98751145431264 4.732688996773073 0
12.43457747675489 2.374731560601019 0
-3.918445214490402 3.385753641829883 0
15.86814511219021 0.929113935205814 0
14.00606227496793 4.753312811910313 0
18.16822130141742 -2.899760206811886 0
9.616249374573657 1.416301348719815 0
9.982955517913755 3.159338419338026 0
16.29860791244684 1.699617035296667 0
10.16081722384159 3.755533063644906 0
20.22632241299175 -3.499283930570517 0
6.595875043175013 -3.933990726843535 0
-8.135097323242981 -0.06844196331362734 0
-18.0054036978904 4.721342584392282 0
-19.18636311072541 -3.472634803675917 0
3.471492291651553 2.650970192535558 0
-5.859769300988579 -0.6263383570306176 0
1.971563937982312 -0.9595072494519268 0
-8.99983897765649 -3.553919402267129 0
-3.493021682761621 -2.516042229686167 0
17.64454286327413 -0.9820681889233487 0
-7.724169175480485 0.7680559189742611 0
17.20824023742986 -1.818756002192314 0
-4.080289942469108 4.757680285313642 0
16.3006033623622 3.91935730629311 0
16.75781261955401 0.9316787066977225 0
-7.654609785537549 -0.3088756226167796 0
16.75315633080497 -1.055427046478902 0
13.47839180535338 0.795517749549108 0
-6.375008884269491 0.5680625310358671 0
10.05919718750606 -4.74550237755423 0
0.9389240663058638 4.750372297166305 0
13.25619267970434 -1.768061840756947 0
-9.485585690084948 -2.701439837032821 0
13.86565350287151 -0.2856104325042546 0
15.8869338566192 -1.051946972259888 0
10.60503392945687 1.294327679574174 0
-5.541372187193213 0.5922275351431907 0
-12.06618073889812 1.879911877785016 0
-9.005954913506974 -2.978414527769949 0
1.679936340675674 0.7197031410044664 0
11.28849723237528 -0.0327987326872905 0
8.145554921746982 -1.010400382627485 0
-1.933891235222846 -4.750040927450097 0
-1.399882255706157 -1.28817247416847 0
16.73860507542503 1.988261372163231 0
-2.817276201667383 1.73849361519362 0
12.20013150443606 -3.550378062128124 0
17.66411001102301 -2.631627807510464 0
-8.985878576374724 3.582291111104742 0
-6.267101042897623 2.310843324231343 0
-7.06749634075245 2.8029515761 0
-18.12442780962304 -1.42496680815708 0
-7.640049213252398 -2.621571095019161 0
-7.224495795772743 -0.002900603441826697 0
15.88471009179591 -0.5528402230439994 0
15.4544923422571 0.1826883279724506 0
13.11484211603444 0.9602010488204753 0
16.31315436974485 1.191098699885138 0
-11.56416822594504 2.167391740953876 0
18.99765734185658 -1.292830037184191 0
7.675229488275308 0.4985387997611334 0
17.65856169930431 -2.080437457989929 0
-5.991264971412446 -2.713961843942684 0
-14.03606549472637 1.261692224567314 0
8.369792207640863 -0.4012823348511259 0
8.38492630823696 0.4497423487962181 0
7.035487098072449 -0.5540934386565799 0
17.1998935757446 -1.300021394322393 0
16.74579480564208 -2.609496462559606 0
-4.994709044753744 2.693917459232475 0
8.9803897130144 4.753284639450314 0
-6.003578822317189 -4.718373738028395 0
16.32086187590699 -1.308517824652987 0
0.798153750433926 -1.720073062220586 0
-10.97227631448927 -1.329614437315068 0
15.87561771353733 0.4325100314771673 0
9.030115603787724 -2.641354360834198 0
2.660467329448982 2.664596943870377 0
6.372456770020392 0.6157311860161081 0
6.355691927256868 -0.6218420818625894 0
-4.718826531869308 0.6286720797551957 0
10.7304222128194 -1.55025290350622 0
1.644178517306017 -0.7364481686870494 0
11.87014708915579 2.153728177556041 0
-3.320213585804454 0.2444302358056349 0
19.37169826381162 2.849518538036892 0
2.976323375243424 0.7880487929803982 0
-1.67230979102807 -1.176996153529284 0
4.343871162273501 0.7481222175497511 0
4.356861632389428 -0.7613574558358961 0
13.61780522963795 3.0438237440795 0
-5.418690996850778 -0.8153481971137461 0
-14.97538239623984 -3.03852760874153 0
3.666989704683085 0.765443071965899 0
-0.05789377620014817 -0.02042133218176239 0
3.006835528994059 -0.8047286445101036 0
-4.575101495712385 3.952089130171625 0
12.79266771237017 0.7314984633272786 0
15.05134369208537 -0.5426706996269751 0
10.9182572659444 -0.3961489702311116 0
11.48863675115491 4.006480152363452 0
8.99102403651356 -0.2898801471018318 0
-6.263902927734334 3.199273446156679 0
-4.290975478571426 -0.4553247322851481 0
11.85214592152599 -2.426838504207704 0
-6.763058420807745 -0.2244195408777934 0
-18.13533778863396 -0.4956712724923742 0
-3.086490556420154 -4.761267008678812 0
-2.561030350854246 -0.7605191725452027 0
-5.150690779545912 -2.681781584418778 0
13.13462874494146 1.924835454380136 0
14.5336257876776 -4.548999456580304 0
11.94267881630513 -3.179224767855227 0
15.42437537760016 -2.806135695880364 0
16.29423549041933 -2.842835323071258 0
18.47819144540014 4.440882419782493 0
5.021712190550346 -0.6800809155415795 0
10.30302275076459 0.5871824618540892 0
15.0357688759027 0.4162094097403908 0
-6.26058487643444 -0.9121540885339681 0
5.08937918575072 1.471446322241919 0
13.69029053007734 -1.642828882130853 0
-5.746409038251286 2.286343152044168 0
15.4355254684922 -3.274984899282299 0
-5.482373037446832 2.729726473132493 0
-2.101233938932871 -2.018971233998828 0
-2.615186909033139 3.126043584797952 0
-4.850035514804109 -3.678501808895909 0
18.1005776853445 -1.225178576938414 0
1.517623603024802 2.472930046638384 0
13.12040774972961 -2.186797405571603 0
7.518766214139072 -3.961447867388724 0
13.1332165593793 -0.2460250626773099 0
12.16661065729317 0.6881996758481655 0
-5.731977091581619 3.17181226910023 0
16.76251681826764 -2.08369984364113 0
12.77057242105457 -0.4164256633514057 0
12.76709917915379 3.022821134321582 0
10.88876738168398 1.894293495484874 0
-11.08596145864787 1.90510236345088 0
18.57332470001261 0.4719191629392768 0
16.70162409684405 2.500574472175748 0
-2.644263189079018 -3.359169040440165 0
10.02170204639403 0.3059421171151342 0
11.34211996651446 0.7990254245157715 0
12.41322683397075 -1.969147816465818 0
-0.07450636587969031 -0.05578354250745012 0
-4.301987542384751 -2.531429283718429 0
11.3238190446824 -3.668222833032686 0
19.36078441826039 -2.105447642589937 0
14.63958548666103 0.170534201295821 0
2.665628343500003 -1.000433646378268 0
18.10624985968943 -1.804813238135074 0
2.519652054960853 3.96474192642098 0
16.23631673904021 2.695633201530895 0
-5.540159307068379 -2.9620306604339 0
0.008603748054292253 0.07687961378757463 0
-0.2233339858990105 -0.01751726505247916 0
-6.721080937632031 -0.7256617022162187 0
-6.350587097842407 0.06647478489489017 0
12.68678131558295 -2.279965978433504 0
10.30758749964522 -0.0686374839004195 0
-4.796467274368503 2.284950089420051 0
3.490340299574346 4.036746888559362 0
16.74011051360773 0.4244088438687832 0
-10.58309153491554 2.183807537966861 0
3.346842320842202 -0.999730108074097 0
16.30435768073082 -0.3090239057762672 0
8.745452245128922 -2.999489664237244 0
-0.1997162817852844 -0.08884923456398702 0
16.30292486514569 0.1872249333275517 0
0.796922325767323 2.487769595467807 0
11.58537010311866 2.151856282004752 0
-0.02041527310577208 0.06763170689870121 0
16.73887590045209 -0.5550398768180703 0
-1.320830607441357 -0.324341344081915 0
19.93985622339387 -3.021412052813158 0
-4.700080630791996 -2.865194873532618 0
4.027600836099007 -0.9727754641551778 0
13.82256535434366 1.050188485013434 0
-2.768022380641303 -4.499982916364473 0
9.818134466291031 0.4522146024456766 0
12.53789879153795 -1.579516217067145 0
12.52623166739843 -2.693100056370255 0
-17.50540369788978 4.43266744979711 0
-18.91342434009744 -2.953768017029403 0
15.87169023121626 -2.067752222877412 0
16.3218757016844 -1.818056013945295 0
14.59673175422096 1.119008578263236 0
-18.36644969610969 0.876139215250431 0
2.701354795250984 1.483228250399862 0
5.023242894642057 0.7115856319553324 0
13.60131842011049 -4.486887867713897 0
0.4585477323125778 1.937429444251267 0
-0.7984087939962388 -0.729370198569416 0
-5.907794039220832 -0.1489516449401847 0
-10.46950081883518 -2.153795792227678 0
14.24131209464558 -3.461933052674613 0
-3.873212555675328 -2.734613102899165 0
-3.099292517484215 -2.753863023309644 0
12.79117845387014 -3.023021027074078 0
-3.236438488910554 -0.5021514609827791 0
-6.813075517060956 -2.648582929193739 0
1.899724017595026 2.663350790487836 0
3.308544659705898 0.9608180159422417 0
14.49106286316238 4.504114239607206 0
-4.708190028698468 3.080125780021693 0
10.13940909005946 0.1060130658399845 0
-3.295256528387957 2.910635416520784 0
-11.9455589609784 -1.358080630161753 0
-10.10790680930357 1.928828320494203 0
8.052535300115716 0.6930549844079451 0
-17.96734237374123 1.667878679354259 0
4.006824821872526 0.937307983051386 0
-0.1012297952916967 -0.5926985700079231 0
5.195103441987862 3.113921982658041 0
6.715532411121586 -0.782456584493963 0
-16.43123777150678 -0.8852750519563096 0
-3.62902006990008 0.02768573047679615 0
-5.963049589390216 0.826339355299279 0
-3.111681679360212 1.195566449797006 0
-5.510538423450911 0.1185242810447039 0
-4.566077456663061 -1.164122751487801 0
14.24181593201672 0.3925184275702898 0
6.219172099092749 3.679650717292118 0
13.43294870549055 -0.9107927361876575 0
3.917015633456757 2.031477411611126 0
-4.160947096281846 -1.304168951439321 0
5.744386510259828 3.691254737540581 0
2.665892324661421 -1.423734797153206 0
-4.349475317798622 0.8188937049012913 0
-3.990099706753662 0.1993586479914294 0
-0.9959013942069866 1.536250306429035 0
10.2743680307902 -2.622879861598456 0
-13.92389296464686 -1.459617318883151 0
4.7057217129109 -0.8958362750717948 0
15.86077203257675 -2.566734913084899 0
-3.340507064581871 -3.838441945339865 0
11.99714955769303 -2.043719652426095 0
-0.8179998480579966 2.565261940190355 0
-13.9600173898106 -3.033955880722799 0
-12.43864111920864 -2.183369443955161 0
1.560207273891298 -1.511194500480328 0
-1.491246523710825 0.8945465225408438 0
-3.487118235813154 -1.135794527606708 0
16.47404274680295 -4.502426424569572 0
12.05045905410237 -0.6816805309890499 0
-5.357082226306348 -1.271940456973943 0
13.02901571853509 4.753813607147696 0
-11.94431697277377 -1.899686066492166 0
0.432778826464802 1.604125145058805 0
1.467953996908421 2.082429536792429 0
-5.092073316492832 -0.08867439372850296 0
5.68388231761128 -0.667185071039616 0
13.86890262167933 0.1602064809440657 0
9.664036525384883 -2.303374566490599 0
13.18827247257995 3.266868095123499 0
-13.5347333509247 1.003517289950005 0
10.58194723053115 -4.462331737720327 0
-0.1575944706255061 0.845017487800749 0
-5.726745218241388 -1.540304446836423 0
1.340061202239163 0.8784094282555657 0
-4.720045251436423 0.1585076306317927 0
-2.383573349074407 -0.2408068804728148 0
-1.458039605809793 0.4190702710575079 0
-2.300326089200736 -3.109397397264454 0
-18.39797806865916 -1.927226147862023 0
12.10767354961919 -2.765400746184178 0
-1.840638886916932 -1.768067390980596 0
-4.332208137562388 -0.03402074944716146 0
-6.46464291305166 4.515193520911971 0
-3.369288413133177 0.6214071465214099 0
-5.516702569413793 -4.002730698162003 0
-12.92843043639229 -1.93229475254574 0
-3.590120628526075 -0.3599858269359244 0
4.694262012390071 0.9141057499051307 0
-9.573105357709242 2.742206206165895 0
-17.53993448804543 2.491798542719304 0
12.45630800711348 -0.1955189717001851 0
-10.46721845107038 -2.715788825349641 0
13.49855259868523 0.3699258362650578 0
13.48024693362388 -0.4815733770851492 0
-1.16193522233579 -0.3075066638856288 0
11.73626095321273 -1.740099155826562 0
9.315501185606378 1.821978898809824 0
-0.07920520180074749 0.02079737158411601 0
-2.218674399421251 -1.26505366482499 0
10.2097216216551 -1.926222464431564 0
12.63007302422183 -3.466475011160898 0
-4.843127968001784 -1.904780230826518 0
-3.062785717522118 -3.170484308517028 0
8.286224496599921 -2.89468969630296 0
6.758696166234057 -1.181624851730735 0
17.197066536523 -2.895742970631325 0
14.2156394580129 0.8569085183556081 0
20.25598306414341 4.422649730809662 0
19.92264973080966 4.755983064143409 0
11.10614183553165 -1.508066746352073 0
20.25598306414341 -4.422649730809668 0
19.92264973080966 -4.755983064143411 0
-19.25598306414383 4.422649730810083 0
-19.25598306414341 -4.422649730809661 0
-18.92264973080967 -4.755983064143408 0
-18.92264973081008 4.755983064143827 0
-4.083055004763141 3.854589928504528 0
11.47707125011804 -4.498660793106276 0
6.030891937986244 -0.8365577080920646 0
-0.4114697956974215 -3.01773646991527 0
9.389070675062481 0.9623002022754773 0
-14.93676092520262 -1.486897695235873 0
-13.05108495912469 1.297502564337142 0
13.14827310563283 0.1596572372245767 0
12.46139933149332 0.88097921377141 0
14.63759271297793 -3.28737598254574 0
-2.77607816178678 -2.115637980166519 0
12.16855807797541 0.3539433171533681 0
-1.21858100903384 1.181576905797093 0
-0.003916195749920711 -0.04612924033735223 0
18.0315731678839 3.052940057871602 0
19.36815747999602 -0.9403304436220135 0
17.57594084063627 -0.4972292252324711 0
5.364513041563079 -0.8436156047051236 0
-0.9326912656066779 -1.17534961795407 0
-1.416311521015081 -4.484598048621551 0
0.4196518828925385 4.491603261239597 0
-2.747488252373445 -2.515614255429755 0
12.08348220140407 2.471468486991935 0
-2.033874382725435 -2.424042071063338 0
-15.47175114273871 -2.771840768312547 0
9.231078722475269 3.109883010912897 0
-5.206593284720517 -3.69132876156315 0
-7.140636557777669 -3.515196148946009 0
-1.109055810375754 0.4685407857490767 0
12.11304173540313 -0.3356396239906603 0
11.59261251709972 0.3664229314365819 0
10.1031136884849 -3.018136102438258 0
12.80593790863671 0.3565465650154303 0
-10.96831245785788 -1.881920009852857 0
7.357834170086319 0.6882812542040334 0
7.859758554439923 -1.235843165627309 0
-3.450557400180138 -2.125250975723406 0
6.721382635013239 0.7395736409014552 0
12.4766169484421 0.1717709567647642 0
-1.333738231154739 -2.094336570330469 0
10.27005254737818 0.1878890849333038 0
10.0494951717053 -2.289264101859191 0
-1.004399578320542 -0.06592881949887708 0
13.14910911668471 3.755077028057606 0
0.3837316465593682 3.995097111949021 0
15.47904946989232 -4.16437044666757 0
-3.696580797032151 0.787412646417621 0
7.024572443496855 0.5173213942429302 0
-16.90674612933599 -0.08802774896236751 0
10.58394232812341 -1.892214514517716 0
1.156133949225726 2.679755223253986 0
-13.93014160044322 -1.971575040109083 0
11.01293077094919 -0.9198600321428323 0
1.186107621810957 3.085405937277053 0
0.2729280465443732 -2.512439366159576 0
8.070141935968778 -0.6265284018067403 0
7.401489564966131 -0.706986729146907 0
-0.001194841871543923 0.03654556633910805 0
14.5733479497662 -4.121885658119739 0
-12.54715586031587 1.047487030308357 0
11.09879108776803 1.480471405879333 0
-1.568829463337812 -2.990683215700765 0
-8.475998557551856 3.889620228750517 0
11.83025132851681 -0.1261190800433216 0
-2.282089726111295 -4.488756835135758 0
-1.182862154983898 1.433339317806006 0
0.8106164800685428 3.756876199562061 0
0.3310899687231625 -2.927115314267635 0
11.34685405477853 -1.801404074244105 0
10.04042912514597 0.03603959396572804 0
2.009304271975651 0.8784250441326895 0
-0.033682695205694 -0.08099840087966353 0
-3.131620908752756 1.930223557693074 0
-1.058823008150531 -2.612501413535479 0
4.725996967327781 2.071901051515484 0
11.86545872976048 0.1961739326357575 0
9.489299343150842 -1.979346109967367 0
9.689147550723572 0.5018368283407433 0
16.61938080075656 -3.648163037307324 0
-0.7451396946277399 -0.9791751224139058 0
0.3208554733935565 1.012099483323152 0
7.539979173465065 4.022421510884684 0
0.4535540647703116 2.662956642438206 0
10.92770936532964 -3.675745734567219 0
-2.462993818153835 -1.877416785133683 0
9.152134203967588 -0.8063311691749411 0
-4.008585606557011 0.5821086532164791 0
18.58164933960775 -2.578336898265731 0
0.08803428857315505 0.2239199991485185 0
9.133383290599806 -1.943476082405102 0
6.348725874969347 2.057887956780983 0
10.16152087637677 -0.0127335127656255 0
-7.979871658530964 3.691469841550538 0
16.37041595411322 -4.066193566579186 0
11.565962703737 -4.03256056305471 0
10.22992653777046 0.1358161781924556 0
-0.07941279356187739 -2.375325638522827 0
-2.499821730425467 -1.495606802557699 0
-6.189169564231681 -1.369527918479577 0
18.62470854792462 -0.4785622208855285 0
18.61152941747527 2.384370267740378 0
-12.06644835146462 1.33584460678001 0
-0.5680644632995113 -1.535589796609658 0
-0.7472340233684636 -2.104656234043666 0
7.707970264861819 -0.4804722265104672 0
-1.125222181464087 0.1824723015289154 0
9.911789081192293 -0.4810769262766464 0
11.69442064519901 -0.7792018549425899 0
-1.31226643568457 0.7508893739059308 0
-17.40021515441295 0.0008615779951697822 0
1.394120925642538 -2.942415907304142 0
-0.1483545681856011 -1.974924585879863 0
15.792962221121 3.761477892857535 0
11.45148999708412 -2.48374641137486 0
-0.04255816331963697 0.2269638899256051 0
6.059137215469899 0.8164773442853543 0
-5.219555030545937 -2.182835317912336 0
-0.004687055322203175 -0.01353421535463073 0
7.477864868766028 -1.078485687443004 0
2.637098597308954 0.9194165979489919 0
-0.1461072398072402 -0.03735543077432931 0
8.168719220381792 -2.449907074877788 0
7.959133400857818 -1.628511220081876 0
0.4305629090310332 3.068985912366858 0
-11.57008060204117 1.101182130229259 0
-4.917729410166002 -1.446593052870308 0
0.7842150526273444 2.108441705710197 0
9.997805624301961 0.09437275740064147 0
-4.611998465071148 4.464711001259735 0
9.502489485200474 -0.3848171201723853 0
7.441749009978379 -3.050870727052016 0
-0.02879605359119542 0.02664283303483656 0
12.43724523432167 1.979687144640804 0
0.3927759292326235 -0.4519345200893302 0
-4.111680642922487 2.577054711921067 0
-1.371793174893157 -2.390223103446627 0
12.94723820312487 -1.471598814220174 0
-2.367044352533066 -2.682463897461429 0
0.1310890034851262 2.457497481876857 0
9.450419801429637 -2.677720552206246 0
14.17178699956825 -3.855442216904569 0
12.71511211427748 -0.8042441680940273 0
11.233503826458 -1.177546990612686 0
-0.8663458537025428 -1.470345496236091 0
-14.94208081559958 -1.999499015670147 0
10.09716263310325 0.1207793360080799 0
-12.4366348877151 -1.120525947187876 0
-0.7498573934541171 1.184682503503547 0
10.67054678349068 -2.578180470783371 0
5.377524189947324 0.8611508530755174 0
-0.6708490432354726 0.3022893893075735 0
-11.0916062221775 1.382960023731268 0
-0.6716829504258929 0.5924329860732221 0
13.03045802446888 -1.06306292652244 0
11.34743740263291 1.078954742597894 0
-17.4764411701358 -2.819081305577326 0
0.1487899441673711 2.111298173447528 0
12.3815768233476 3.232926513202877 0
8.48311457136689 4.50783921407035 0
-0.4798665386191986 -1.862023599068216 0
0.6211127665310925 1.06537423850096 0
-7.604736599403582 -2.040598116150409 0
11.20708673481696 -2.161932478010794 0
-1.180824871057218 -1.082927048944092 0
11.6035385478811 0.663203059324435 0
8.360265895832345 -1.762151585810721 0
-3.700686938391268 -4.067616965245123 0
10.81989463087409 -2.210556761130258 0
2.158119591572831 3.674079842492929 0
-18.38825559278633 -2.852619569376946 0
0.8039048426132763 3.299449579419527 0
-0.0006226431616367586 -0.03732472586401911 0
11.95432120709419 -4.781831432940178 0
-3.615460817696402 -4.52280850634641 0
-18.34238055313766 2.041735613011486 0
-0.5173459479409717 0.8704960797632983 0
0.4885378527862206 0.6106406607773296 0
14.04305732311152 3.290040943016375 0
-1.268539790690408 0.123531318450164 0
9.664624105444755 -3.05886632841464 0
15.49679392268206 -4.590180036462426 0
10.69243822498975 2.949160305751672 0
11.59666604808476 -1.112910810193876 0
-3.194552031072694 -0.8739565757129792 0
-12.92518221669411 -1.411056692108869 0
3.602364357219939 1.799274403311474 0
10.66789824479079 2.318185605482691 0
-7.270655290922886 1.52648991494313 0
13.21944005036713 -2.920773683284556 0
0.1410201144740054 1.470381181545429 0
-2.893975085579973 2.858136577791577 0
-10.5965190922339 1.150031461008411 0
12.10399682742707 1.323368608253162 0
1.018378777942987 -2.733214813787511 0
-0.1930101394109623 2.608385596866238 0
8.423302374306122 3.11720217270041 0
-0.01691298955811172 0.004262178831828378 0
-10.11568960309231 1.417194583255365 0
13.50773405834069 -3.245294673098108 0
-5.663819464645195 -1.993012129818606 0
-0.9695048583965833 0.5841032929270522 0
19.14587634533898 -0.4304948645049987 0
-7.110748463624791 1.965088858958518 0
-1.921251435133682 -1.395959804382741 0
10.01741874377757 0.7326334243606337 0
8.007407321082095 3.339761737095156 0
4.710914898130771 1.289939331917296 0
11.28127593701949 2.907186653045871 0
14.9319220105035 3.776697343169028 0
-2.818562445289668 2.472743918656358 0
-4.518869571813324 -4.033071505133963 0
-9.625806753580706 1.190474116814987 0
-0.4056714133053665 -0.1213600289114055 0
-0.5348642025894914 1.091224884175994 0
3.485391931914237 3.115908846726926 0
9.769005489762282 0.1906428439432585 0
-3.413031220968162 -3.40426576217691 0
-13.42479641781675 -1.185421504422219 0
-0.04014161874425189 -0.2754946085062476 0
0.5388369583988142 -2.274016684293487 0
4.80262960284379 3.351246499665429 0
-8.673839104312803 1.231743925240523 0
-0.1067632627033031 0.1168865868549462 0
-9.155703855624497 1.457240209178805 0
5.695362713470524 0.6532156062425513 0
-6.046060877989236 -2.243889579833832 0
-1.059766426204248 0.3158856993318951 0
-0.1326634077240768 1.930328685912702 0
10.24010431076277 0.2578465253267433 0
-17.49835613218985 0.8706686739472871 0
14.03243277035051 3.772924907697773 0
14.48329571180246 3.06389291455084 0
16.25163585278154 -3.296295868819383 0
-1.661511087762086 -0.3306046522780633 0
11.83629706019111 3.729466479688016 0
-4.594893677220072 -3.293556745197215 0
-0.2855897103295355 -0.4523019564084777 0
-0.7993729411270583 0.3613332189790435 0
5.600871949178296 3.273430480880805 0
-0.3657495595216579 -0.8797902899269145 0
0.1142825370183454 1.17431924151481 0
-17.59324569238391 -2.324460009123202 0
-3.122640259294198 2.27713974307537 0
-0.8182454695968607 0.5131303343656541 0
10.18352050734903 0.8312429381986055 0
-0.002089880847337386 0.02427777219344655 0
17.11967855149464 0.1684046206123502 0
-0.6776053447813531 0.7682934801410388 0
15.829322485831 -3.489044662234959 0
10.93542053413236 2.458357679918057 0
-2.85768133589388 -0.9986894344441304 0
-6.550191864258719 1.937917831403895 0
-7.067596911973983 3.650219309311277 0
14.48449403106601 4.015936112757672 0
-0.4176746525464215 -0.4402159737042736 0
10.96874725642531 2.76973388830779 0
10.03523748302252 0.5644117169624969 0
12.91794492835196 -3.821790463974892 0
-0.02057542056304314 -0.0566506939709359 0
17.563041686561 0.3288205155901687 0
-13.44914124498997 -2.752924679850253 0
9.650830342934984 -1.628290146266042 0
15.02455389926411 -3.496783990801533 0
18.50259549415419 2.863659357041892 0
-0.5557640305894261 0.5021144155002013 0
11.85871095559261 -1.38212564751572 0
-0.01470572916483406 -0.7130593635830369 0
-6.407769045147884 1.503792275605909 0
-0.1146643315696667 1.622715993203065 0
-0.3398751059939406 1.214215384031153 0
11.29818458975203 -2.866521507548894 0
14.92009913847894 3.307538109643595 0
9.944955792687162 0.1084367544332799 0
5.427007595315287 1.245177961349939 0
-1.684231374465906 -2.57326708980217 0
-15.45347737978717 -2.260885622089651 0
-17.48200384428704 1.933925789305224 0
12.71451516012134 1.793272437427452 0
-0.0040542837043496 0.004388326113555334 0
-0.003566217976104153 0.01412849103236299 0
2.605234977826898 1.844897735905475 0
-0.8961890861969319 1.045395895677276 0
4.3522610848551 1.481408045866776 0
-0.05230780515192819 -0.09481742943239908 0
-0.405219312262849 -2.609619472965392 0
-0.2098225634400767 -0.1347893983223203 0
-13.4342932733113 -2.218617286085023 0
0.1829320902605177 -0.983280917971627 0
-0.04282540421958299 0.03101823653770249 0
-0.01243681725321267 0.02917838481097543 0
12.41708359833715 1.237910600643864 0
-17.62896598756607 0.3878649459835194 0
-5.999999999983318 4.797460448025928 0
-3.422759610891995 -1.48979488283097 0
10.90443348010146 -2.912331283837942 0
19.41016118512353 4.488672060916483 0
-1.026473516144738 -1.96942005916511 0
17.11701112275387 -0.3147952609706845 0
-0.3519901481186276 1.47003405540244 0
-9.14636341868944 1.960709799330893 0
19.98230547713516 -3.921933661380304 0
4.988652236447514 4.778697049401342 0
-18.42805342870172 4.477325648536109 0
-18.94234617486882 -3.895284534486819 0
-2.823223952693098 -1.365812087983021 0
-16.39791670685238 -1.384420373155511 0
-0.1544594088868247 -0.07432805443862069 0
11.11733011540088 -0.6108992407105232 0
11.38775388671284 1.652727864703282 0
7.074406119064243 -3.311589386573683 0
8.82963070454651 3.340470058072287 0
-7.467078357511022 3.980915968547019 0
1.560298666861581 3.251513624296438 0
-7.300836357107777 3.201501061034138 0
9.516416408376291 0.3296849900674522 0
-2.590814396051345 -3.786857942886994 0
10.11446055154192 0.3259487777277452 0
9.664753451003936 0.6923266467679392 0
-15.43550893102496 -1.26626554267049 0
7.582096031832081 3.111837733090104 0
-4.398466148728134 2.260048937594445 0
15.00785652183085 -4.790707890400997 0
15.35327333953395 3.089692202513328 0
8.688269248770396 -0.5146782003479858 0
10.06586628399567 0.09534391344330807 0
0.1861302779405361 -0.5021135960749086 0
-1.534605205456742 -1.832723936717119 0
3.056061860420748 3.321674656471004 0
18.52001956232978 -0.9889987717622513 0
0.0410286975501139 0.4062535387376809 0
-0.1030074247932755 0.2501513936589876 0
19.9357282693999 3.897082274055238 0
9.056958027319887 -1.568722876456331 0
2.652028438612335 3.085162068890324 0
19.42459083392876 -4.47430195596621 0
10.30810549503692 0.03267525402582196 0
-18.41941942899047 -4.477627073541894 0
-18.98320397251521 3.92451892528184 0
12.03344212806537 -3.958928646347708 0
11.69721280937837 3.3566662184919 0
2.32617480829525 0.7219381122097479 0
4.341480741083087 1.864382608483025 0
11.85613924314968 1.105447964750951 0
3.998561858713425 1.294760229356247 0
3.928846077249732 3.353918685468275 0
10.61213191523816 -0.1121098286513371 0
9.705841844249003 -0.583034670157442 0
-5.819997565163523 -3.687625651045599 0
7.098597350731815 3.772899656819439 0
-0.4659253696977895 0.2948087932420608 0
-0.0455112007200999 0.4203204814057191 0
-6.984900739383915 -1.516695460246611 0
-6.839913161244846 1.253441038863892 0
10.3979616014207 -0.1151836271314637 0
-0.00394702037548616 -0.02486453971168608 0
-16.42783013792615 -2.238579423877054 0
4.350467152955764 3.133410649483324 0
0.4185606240225457 0.4370293057281667 0
8.005811112199954 3.796961126993659 0
-18.15747556621478 0.3785663423175426 0
-6.373928865479289 -2.961679282291645 0
15.988937400845 -4.799472146061429 0
-0.2067353173801656 0.5072842317827131 0
9.59871999501798 3.30484543871409 0
0.4764701245457106 -1.885418993868397 0
19.132880780607 2.353321855729836 0
11.53384578087985 -3.223437622052787 0
12.70767588989793 1.437722245670186 0
-0.7415285716358376 -2.451851055297877 0
-0.4646199964522368 -0.09251782373237227 0
-0.1292868669006396 1.070835381801159 0
6.736267947377674 3.088941717859254 0
-0.003817848762960907 0.06551281901259712 0
1.912425408846574 3.036283654122824 0
8.873182582198631 3.795769989707674 0
9.424728693718453 0.7323580337535908 0
1.093757069969366 1.909926823650422 0
9.835366501129558 0.8135581168730331 0
10.02770085943345 1.129433374348903 0
-5.15165071283251 1.272459472033481 0
-0.02541742305721176 0.0876807925158823 0
-0.9867922866169498 0.7448481412210448 0
19.42323972371377 3.963104604162059 0
3.673130238704593 1.445531783672843 0
11.52437847090749 2.690573901393798 0
-0.1069604433618508 -0.02227436673488124 0
19.48424658025425 -3.973585886536847 0
-0.7795469687840735 1.407640007759264 0
3.322948156886507 1.283454481344325 0
-18.48860767040685 3.979194843007865 0
-18.43911587304963 -3.950261877219053 0
10.42656623774571 2.78079091281164 0
6.630105214709318 -3.166461796551503 0
-0.003627833041006853 -0.004639945840439087 0
7.139118000216688 3.319515268923362 0
-0.1090882137620711 0.05282483593756328 0
11.34794580674713 3.248848956039695 0
-3.095736022950753 -1.595079584476132 0
13.91752877919502 -3.160080356066251 0
2.271207791383015 3.251400145921102 0
18.52522620959846 -2.034580279109454 0
-0.02689089055226156 0.0551213546343467 0
15.75734202694648 3.316037657220114 0
7.084642800927662 -3.754294432540922 0
10.16473258105442 0.5239542651993631 0
10.2256821375744 -3.765524179740583 0
-4.832673381284048 1.555361050643606 0
-0.999722680973243 0.07573819772851562 0
-0.04774118591416635 -0.1195295498890665 0
-0.8414552921726877 0.8497356767274633 0
-5.021597220231778 1.947706799330913 0
10.07230122692159 -0.02588264942087582 0
-17.6643548599343 -0.46631877299461 0
3.03677367657945 3.778574817429834 0
13.36734436597384 -3.702857469701624 0
-0.3428417803309949 0.007689570356905481 0
5.965740565010361 3.046764461223117 0
-1.148359604908139 0.8368873440332131 0
9.590509386174883 0.1841568074664302 0
-2.189248577112725 -4.004532392574752 0
-0.0054548943081972 0.03064569367405429 0
10.33884395296043 -3.337875727661598 0
10.16107938291318 2.322277617154571 0
9.930462485591152 0.1757547625403617 0
-3.085418144316066 -1.963095494083646 0
13.38811969804208 -2.497684139718833 0
0.02889599582589632 -0.2678578444551664 0
-4.197855947688298 1.916084897829596 0
13.07416602671836 1.309493444290929 0
-0.5766688200441348 1.570001059802997 0
10.02142421066037 -0.2262682916920909 0
10.35070992678235 0.1929770873961947 0
6.337264828374053 3.25829657303157 0
3.953082628751139 3.817856566341881 0
10.17203377064176 0.1453159187271248 0
9.994867484190943 0.2145685686814688 0
10.60806233813108 -4.003754409203293 0
-5.509888280470247 -3.376223714446746 0
-1.446213496513221 1.123095801620999 0
-3.813866813079196 1.984987657846022 0
-0.8768560939028207 0.1421946201138382 0
-0.2794179063595907 0.3156879870536357 0
-3.829728893843967 -3.206215350182524 0
16.19158339633688 3.132955416196309 0
-17.35121895985234 -0.882047434734293 0
-1.342790218351578 -1.571792670758449 0
13.70761399175084 -4.011152316899723 0
-0.2416973527309694 -0.5972714674665307 0
-0.3779498482629773 0.3603824936434763 0
-1.057387421798505 -1.661543123816093 0
10.666954778239 3.282692493412791 0
-1.435721462004399 0.2110894295026245 0
0.6885425311988034 -3.050294074669079 0
8.465258043076101 4.029701494234299 0
-0.1749238024499433 -0.01267566306744684 0
-16.86898173168953 -0.6723177770097918 0
11.1168460275243 2.031673993057279 0
9.386417807621294 -1.366752129076284 0
10.83899012021554 -0.05594962253282582 0
-0.5738026518688084 0.3637679341211635 0
-0.08102474728035509 -0.08022919770594443 0
15.86756615536552 -3.937429698276187 0
9.963362506657322 0.3668832430803544 0
-8.705776802829462 2.210390241993184 0
-0.01916586342630365 -0.1271971294143742 0
11.0099336794022 3.444928378962732 0
10.38209780789951 0.1109688919139539 0
11.14837054361051 2.30677950614137 0
-0.04329230400124093 0.04935422251182249 0
0.05649703137881835 0.3162462195589451 0
-0.9013429457552742 0.2796510911232599 0
-9.608683522856914 2.205577444205913 0
10.19809162677426 1.005223685790002 0
-0.5298057153568025 -1.044939072745412 0
10.4353529798397 2.461192420932392 0
10.10987319982674 -0.0006577961272936095 0
-6.516904479347493 -1.622232591882267 0
9.938265339329433 0.4807265800985245 0
0.04477180008302845 -0.199109009956732 0
10.23659160431204 0.06261054276721453 0
-2.936812768108152 -4.032349394126813 0
-0.0197207324878586 0.03490340603144026 0
-0.006739920986291803 -0.03201121080840882 0
10.74398499187651 -3.276770299876367 0
-0.1213995881571116 0.0765961827193912 0
10.02675564064483 0.1171761113720616 0
-18.1514351818793 -2.337469380033845 0
-0.0173486696672668 0.0450459416568304 0
-0.1040360785742907 0.00698561673632046 0
10.29523826849342 0.3199739058976866 0
-0.1037944577198687 0.5371907779571455 0
-0.1165796462613357 -0.09475602853547922 0
-0.03197793370276536 -0.4546796491916843 0
-0.0002935970452240034 -0.06426849885309863 0
11.38188062229687 1.921160363203518 0
-0.007009522765087318 0.009429402787528508 0
10.51594872208987 0.9850227542811092 0
10.49615663703863 -0.04023707881906542 0
10.18476742278045 0.03120669809700033 0
0.04026308573455874 0.1994023989108653 0
11.59055788728962 1.2213699229391 0
11.62241260175194 1.516594672965633 0
-0.2397742961547671 -0.05671821288472796 0
9.390570302133305 1.518010261433205 0
-1.270923660896836 -0.0502481695118094 0
-0.005952957991178975 0.01955471350561593 0
-0.007703928450487639 -0.009086436843633005 0
-7.176547483384653 -1.870506182932696 0
9.161783795146665 1.051449485325101 0
-0.4638509349158845 0.0009582267339794254 0
0.1457627250384154 -0.6617829950111651 0
-0.01624509757454225 0.01692151185483906 0
-2.008766075004734 -0.009124302338585558 0
-0.405833668279776 0.04304675026965696 0
-1.132282949017814 -0.1329742036604507 0
-0.006798088468836172 -0.0002514701692462488 0
-0.01685513333915427 -0.08266102303201692 0
-0.06205155692470671 0.06223402182089251 0
15.0298342311297 -3.937784502145576 0
-0.01238328820610039 0.02172438092910719 0
-0.08225186565063659 0.04961573914269529 0
-0.2887793499091218 -0.08492110001437497 0
-0.008930979210503971 -0.01954686079672495 0
10.2738204091946 0.4005678087156318 0
11.42479979979145 2.40154296287903 0
0.2403309795822756 0.4285458483598086 0
10.36378322698839 1.079034114746687 0
-0.3419104638202331 -0.06324115835780529 0
-0.1655511815576856 -0.9914941238937418 0
10.00795361678638 0.02209699200950577 0
9.171840476222437 1.335946213449712 0
10.08378121788909 0.1704119678032549 0
-0.0417910610542123 -0.03315934032290395 0
-0.02013391739608484 -0.9026021536265962 0
-0.1256758080951323 0.02469386611487906 0
-0.02537394772499135 0.01611494274010362 0
-0.01243203394316927 -0.1606464567485418 0
-0.01439728091258904 -0.006875532683551146 0
-6.436721546701241 -2.04388657025434 0
10.47977484812574 0.08460270230011074 0
11.01154037299725 3.829759314090373 0
-0.04802804230831188 -0.05104070061465023 0
-0.07486481657327687 -0.1435398992534344 0
-0.013258072148604 0.01005275618651333 0
3.067042781760691 1.486884538068433 0
-0.1574167355253954 0.02011365035055983 0
-0.0122821021239934 -0.06733370308100924 0
10.40399269825857 1.248974977723096 0
-0.1119623146261609 0.3337111273074334 0
-6.821072291706117 -2.200862481265286 0
-1.384598694054947 -0.1496294494419304 0
-0.200916749477889 0.3766890471198782 0
9.84323163361892 0.3383712654275065 0
-0.1149863347920194 -0.1333546096263018 0
8.937856045685722 1.455897043988742 0
0.1476973500542105 0.4945732370356698 0
10.17378568973391 0.4123433216199671 0
-4.153316926981465 -3.431393402666384 0
-0.269987986377286 -0.1417881235630191 0
-4.096799127915059 -3.858618834566027 0
10.01061890639921 0.01182262159121581 0
0.1894181022929216 0.327831358454682 0
-0.03592131376274248 -0.06166732726040897 0
10.95933777035904 0.06130091398486411 0
0.01060562194702316 0.2575216545661916 0
0.112252806593561 0.3038514279518074 0
0.1651995842725156 0.2478999296513931 0
9.687693399487937 0.07298887256770811 0
9.86618950307534 0.07947490904453641 0
9.948843495164903 0.0601303903153753 0
0.3174351408754376 -0.2964431333465287 0
0.1189076144710512 -0.2483256665713532 0
9.64935443700497 -0.2275033520529098 0
0.3415494353059846 0.2905903517748513 0
0.02002802054138962 0.1140275510589857 0
10.00153777955009 0.00372883181366277 0
9.990785960167141 0.0340542328333875 0
10.00082078962413 0.014973443101467 0
10.00171798337416 0.003647288896298131 0
10.00186780257694 0.003518149932163317 0
10.00272243844021 0.001577745275756535 0
10.00277832796246 0.001388011180554895 0
10.00277832796246 0.001190216677142672 0
10.00272243844021 0.00100048258194126 0
10.006895096009 -0.0008607122982566175 0
10.00674527680621 -0.0009898512623908193 0
10.01032023032366 -0.01778289418244963 0
10.01664439345563 -0.01784211533105034 0
9.740532984884346 -0.09198287618712256 0
9.971671863304923 -0.07794664445876828 0
-0.004146859288433651 0.09491645588161715 0
10.01564619983126 0.008353441688288032 0
$EndNodes
$Elements
9 7052 1 7052
1 1 1 15
1 1 8 
2 8 9 
3 9 10 
4 10 11 
5 11 12 
6 12 13 
7 13 14 
8 14 15 
9 15 16 
10 16 17 
11 17 18 
12 18 19 
13 19 20 
14 20 21 
15 21 2 
1 2 1 15
16 2 22 
17 22 23 
18 23 24 
19 24 25 
20 25 26 
21 26 27 
22 27 28 
23 28 29 
24 29 30 
25 30 31 
26 31 32 
27 32 33 
28 33 34 
29 34 35 
30 35 3 
1 3 1 14
31 3 36 
32 36 37 
33 37 38 
34 38 39 
35 39 40 
36 40 41 
37 41 42 
38 42 43 
39 43 44 
40 44 45 
41 45 46 
42 46 47 
43 47 48 
44 48 1 
1 4 1 40
45 4 49 
46 49 50 
47 50 51 
48 51 52 
49 52 53 
50 53 54 
51 54 55 
52 55 56 
53 56 57 
54 57 58 
55 58 59 
56 59 60 
57 60 61 
58 61 62 
59 62 63 
60 63 64 
61 64 65 
62 65 66 
63 66 67 
64 67 68 
65 68 69 
66 69 70 
67 70 71 
68 71 72 
69 72 73 
70 73 74 
71 74 75 
72 75 76 
73 76 77 
74 77 78 
75 78 79 
76 79 80 
77 80 81 
78 81 82 
79 82 83 
80 83 84 
81 84 85 
82 85 86 
83 86 87 
84 87 5 
1 5 1 10
85 5 88 
86 88 89 
87 89 90 
88 90 91 
89 91 92 
90 92 93 
91 93 94 
92 94 95 
93 95 96 
94 96 6 
1 6 1 40
95 6 97 
96 97 98 
97 98 99 
98 99 100 
99 100 101 
100 101 102 
101 102 103 
102 103 104 
103 104 105 
104 105 106 
105 106 107 
106 107 108 
107 108 109 
108 109 110 
109 110 111 
110 111 112 
111 112 113 
112 113 114 
113 114 115 
114 115 116 
115 116 117 
116 117 118 
117 118 119 
118 119 120 
119 120 121 
120 121 122 
121 122 123 
122 123 124 
123 124 125 
124 125 126 
125 126 127 
126 127 128 
127 128 129 
128 129 130 
129 130 131 
130 131 132 
131 132 133 
132 133 134 
133 134 135 
134 135 7 
1 7 1 10
135 7 136 
136 136 137 
137 137 138 
138 138 139 
139 139 140 
140 140 141 
141 141 142 
142 142 143 
143 143 144 
144 144 4 
2 1 2 5028
145 2 215 2791 
146 215 180 2791 
147 180 2 2791 
148 2 250 2792 
149 250 215 2792 
150 215 2 2792 
151 2 285 2793 
152 285 250 2793 
153 250 2 2793 
154 2 320 2794 
155 320 285 2794 
156 285 2 2794 
157 2 355 2795 
158 355 320 2795 
159 320 2 2795 
160 2 390 2796 
161 390 355 2796 
162 355 2 2796 
163 2 425 2797 
164 425 390 2797 
165 390 2 2797 
166 2 460 2798 
167 460 425 2798 
168 425 2 2798 
169 2 495 2799 
170 495 460 2799 
171 460 2 2799 
172 2 530 2800 
173 530 495 2800 
174 495 2 2800 
175 459 2625 2801 
176 2625 2683 2801 
177 2683 459 2801 
178 2128 2148 2802 
179 2148 2150 2802 
180 2150 2128 2802 
181 2150 2148 2803 
182 2148 2151 2803 
183 2151 2150 2803 
184 2432 2431 2804 
185 2431 2437 2804 
186 2437 2432 2804 
187 2391 2208 2805 
188 2208 2594 2805 
189 2594 2391 2805 
190 2680 2679 2806 
191 2679 2682 2806 
192 2682 2680 2806 
193 2383 120 2807 
194 120 2384 2807 
195 2384 2383 2807 
196 2381 2235 2808 
197 2235 2706 2808 
198 2706 2381 2808 
199 2048 2597 2809 
200 2597 2657 2809 
201 2657 2048 2809 
202 2102 2357 2810 
203 2357 2358 2810 
204 2358 2102 2810 
205 2440 2056 2811 
206 2056 2654 2811 
207 2654 2440 2811 
208 2430 2326 2812 
209 2326 2431 2812 
210 2431 2430 2812 
211 2338 2073 2813 
212 2073 2621 2813 
213 2621 2338 2813 
214 2384 120 2814 
215 120 2669 2814 
216 2669 2384 2814 
217 2267 2270 2815 
218 2270 2465 2815 
219 2465 2267 2815 
220 2498 2592 2816 
221 2592 2603 2816 
222 2603 2498 2816 
223 2341 2079 2817 
224 2079 2637 2817 
225 2637 2341 2817 
226 2194 2195 2818 
227 2195 2755 2818 
228 2755 2194 2818 
229 2265 2302 2819 
230 2302 2303 2819 
231 2303 2265 2819 
232 2535 2447 2820 
233 2447 2584 2820 
234 2584 2535 2820 
235 2368 2059 2821 
236 2059 2661 2821 
237 2661 2368 2821 
238 2332 2364 2822 
239 2364 2704 2822 
240 2704 2332 2822 
241 2363 1089 2823 
242 1089 2758 2823 
243 2758 2363 2823 
244 2235 2273 2824 
245 2273 2706 2824 
246 2706 2235 2824 
247 2275 2267 2825 
248 2267 2465 2825 
249 2465 2275 2825 
250 2406 2404 2826 
251 2404 2416 2826 
252 2416 2406 2826 
253 2679 2681 2827 
254 2681 2682 2827 
255 2682 2679 2827 
256 2597 2214 2828 
257 2214 2657 2828 
258 2657 2597 2828 
259 2099 2097 2829 
260 2097 2636 2829 
261 2636 2099 2829 
262 2233 2234 2830 
263 2234 2235 2830 
264 2235 2233 2830 
265 2371 2259 2831 
266 2259 2561 2831 
267 2561 2371 2831 
268 2320 2430 2832 
269 2430 2438 2832 
270 2438 2320 2832 
271 2400 2077 2833 
272 2077 2441 2833 
273 2441 2400 2833 
274 2102 2098 2834 
275 2098 2357 2834 
276 2357 2102 2834 
277 2447 2450 2835 
278 2450 2534 2835 
279 2534 2447 2835 
280 2305 2672 2836 
281 2672 2770 2836 
282 2770 2305 2836 
283 2332 2350 2837 
284 2350 2364 2837 
285 2364 2332 2837 
286 2151 2158 2838 
287 2158 2331 2838 
288 2331 2151 2838 
289 2055 1054 2839 
290 1054 2363 2839 
291 2363 2055 2839 
292 2592 2498 2840 
293 2498 2748 2840 
294 2748 2592 2840 
295 2413 2068 2841 
296 2068 2526 2841 
297 2526 2413 2841 
298 2265 2303 2842 
299 2303 2770 2842 
300 2770 2265 2842 
301 2361 2649 2843 
302 2649 2761 2843 
303 2761 2361 2843 
304 2073 2338 2844 
305 2338 2607 2844 
306 2607 2073 2844 
307 2059 107 2845 
308 107 2661 2845 
309 2661 2059 2845 
310 2292 2371 2846 
311 2371 2561 2846 
312 2561 2292 2846 
313 2265 2304 2847 
314 2304 2673 2847 
315 2673 2265 2847 
316 2449 2535 2848 
317 2535 2573 2848 
318 2573 2449 2848 
319 2431 2433 2849 
320 2433 2434 2849 
321 2434 2431 2849 
322 1054 1089 2850 
323 1089 2363 2850 
324 2363 1054 2850 
325 2068 2413 2851 
326 2413 2581 2851 
327 2581 2068 2851 
328 2179 2091 2852 
329 2091 2383 2852 
330 2383 2179 2852 
331 2288 2596 2853 
332 2596 2664 2853 
333 2664 2288 2853 
334 2151 2331 2854 
335 2331 2687 2854 
336 2687 2151 2854 
337 2077 2400 2855 
338 2400 2741 2855 
339 2741 2077 2855 
340 2440 2654 2856 
341 2654 2655 2856 
342 2655 2440 2856 
343 2597 2048 2857 
344 2048 2688 2857 
345 2688 2597 2857 
346 2062 2391 2858 
347 2391 2594 2858 
348 2594 2062 2858 
349 2339 2094 2859 
350 2094 2340 2859 
351 2340 2339 2859 
352 2089 2052 2860 
353 2052 2090 2860 
354 2090 2089 2860 
355 2079 115 2861 
356 115 2637 2861 
357 2637 2079 2861 
358 2359 2357 2862 
359 2357 2735 2862 
360 2735 2359 2862 
361 2647 2366 2863 
362 2366 2675 2863 
363 2675 2647 2863 
364 2128 2146 2864 
365 2146 2148 2864 
366 2148 2128 2864 
367 2288 2466 2865 
368 2466 2596 2865 
369 2596 2288 2865 
370 2576 179 2866 
371 179 2785 2866 
372 2785 2576 2866 
373 2345 2194 2867 
374 2194 2755 2867 
375 2755 2345 2867 
376 2423 2422 2868 
377 2422 2540 2868 
378 2540 2423 2868 
379 2265 2242 2869 
380 2242 2302 2869 
381 2302 2265 2869 
382 2404 2078 2870 
383 2078 2416 2870 
384 2416 2404 2870 
385 2352 1614 2871 
386 1614 2623 2871 
387 2623 2352 2871 
388 2563 2364 2872 
389 2364 2715 2872 
390 2715 2563 2872 
391 2118 2127 2873 
392 2127 2128 2873 
393 2128 2118 2873 
394 2061 2638 2874 
395 2638 2666 2874 
396 2666 2061 2874 
397 2092 2094 2875 
398 2094 2339 2875 
399 2339 2092 2875 
400 2616 2487 2876 
401 2487 2701 2876 
402 2701 2616 2876 
403 2235 2234 2877 
404 2234 2273 2877 
405 2273 2235 2877 
406 2344 2194 2878 
407 2194 2759 2878 
408 2759 2344 2878 
409 2427 2616 2879 
410 2616 2701 2879 
411 2701 2427 2879 
412 2449 2573 2880 
413 2573 2574 2880 
414 2574 2449 2880 
415 2155 2153 2881 
416 2153 2164 2881 
417 2164 2155 2881 
418 2376 2055 2882 
419 2055 2388 2882 
420 2388 2376 2882 
421 2091 2052 2883 
422 2052 2383 2883 
423 2383 2091 2883 
424 2552 2335 2884 
425 2335 2720 2884 
426 2720 2552 2884 
427 2119 2121 2885 
428 2121 2480 2885 
429 2480 2119 2885 
430 2153 2151 2886 
431 2151 2687 2886 
432 2687 2153 2886 
433 2592 2509 2887 
434 2509 2603 2887 
435 2603 2592 2887 
436 2638 2334 2888 
437 2334 2666 2888 
438 2666 2638 2888 
439 2280 2369 2889 
440 2369 2754 2889 
441 2754 2280 2889 
442 2311 2309 2890 
443 2309 2474 2890 
444 2474 2311 2890 
445 2244 2242 2891 
446 2242 2265 2891 
447 2265 2244 2891 
448 2041 2552 2892 
449 2552 2720 2892 
450 2720 2041 2892 
451 2151 2148 2893 
452 2148 2158 2893 
453 2158 2151 2893 
454 2208 2391 2894 
455 2391 2587 2894 
456 2587 2208 2894 
457 2304 2265 2895 
458 2265 2770 2895 
459 2770 2304 2895 
460 2242 2240 2896 
461 2240 2302 2896 
462 2302 2242 2896 
463 2540 2422 2897 
464 2422 2711 2897 
465 2711 2540 2897 
466 2331 2332 2898 
467 2332 2704 2898 
468 2704 2331 2898 
469 2295 2460 2899 
470 2460 2461 2899 
471 2461 2295 2899 
472 2309 2320 2900 
473 2320 2474 2900 
474 2474 2309 2900 
475 2152 2151 2901 
476 2151 2153 2901 
477 2153 2152 2901 
478 2061 2342 2902 
479 2342 2638 2902 
480 2638 2061 2902 
481 1579 2049 2903 
482 2049 2469 2903 
483 2469 1579 2903 
484 2090 2091 2904 
485 2091 2092 2904 
486 2092 2090 2904 
487 2051 2484 2905 
488 2484 2605 2905 
489 2605 2051 2905 
490 2342 2061 2906 
491 2061 2620 2906 
492 2620 2342 2906 
493 2056 2440 2907 
494 2440 2697 2907 
495 2697 2056 2907 
496 2201 2470 2908 
497 2470 2527 2908 
498 2527 2201 2908 
499 2231 2229 2909 
500 2229 2388 2909 
501 2388 2231 2909 
502 2073 77 2910 
503 77 2621 2910 
504 2621 2073 2910 
505 2526 2068 2911 
506 2068 2530 2911 
507 2530 2526 2911 
508 2453 2083 2912 
509 2083 2582 2912 
510 2582 2453 2912 
511 2046 2452 2913 
512 2452 2516 2913 
513 2516 2046 2913 
514 2470 2387 2914 
515 2387 2527 2914 
516 2527 2470 2914 
517 2136 2588 2915 
518 2588 2636 2915 
519 2636 2136 2915 
520 2610 2496 2916 
521 2496 2693 2916 
522 2693 2610 2916 
523 2118 2128 2917 
524 2128 2377 2917 
525 2377 2118 2917 
526 2231 2388 2918 
527 2388 2768 2918 
528 2768 2231 2918 
529 2158 2148 2919 
530 2148 2550 2919 
531 2550 2158 2919 
532 2233 2231 2920 
533 2231 2234 2920 
534 2234 2233 2920 
535 2333 2158 2921 
536 2158 2550 2921 
537 2550 2333 2921 
538 2150 2151 2922 
539 2151 2152 2922 
540 2152 2150 2922 
541 2364 2350 2923 
542 2350 2715 2923 
543 2715 2364 2923 
544 2451 2083 2924 
545 2083 2453 2924 
546 2453 2451 2924 
547 319 2683 2925 
548 2683 2694 2925 
549 2694 319 2925 
550 2581 2413 2926 
551 2413 2608 2926 
552 2608 2581 2926 
553 2262 2545 2927 
554 2545 2547 2927 
555 2547 2262 2927 
556 2194 2345 2928 
557 2345 2759 2928 
558 2759 2194 2928 
559 2356 2775 2929 
560 2775 2776 2929 
561 2776 2356 2929 
562 2431 2326 2930 
563 2326 2433 2930 
564 2433 2431 2930 
565 118 2052 2931 
566 2052 2089 2931 
567 2089 118 2931 
568 2357 2104 2932 
569 2104 2735 2932 
570 2735 2357 2932 
571 2110 2118 2933 
572 2118 2649 2933 
573 2649 2110 2933 
574 2413 2414 2934 
575 2414 2608 2934 
576 2608 2413 2934 
577 2110 2117 2935 
578 2117 2118 2935 
579 2118 2110 2935 
580 2100 2104 2936 
581 2104 2357 2936 
582 2357 2100 2936 
583 2236 2235 2937 
584 2235 2237 2937 
585 2237 2236 2937 
586 2066 2392 2938 
587 2392 2650 2938 
588 2650 2066 2938 
589 2450 2130 2939 
590 2130 2534 2939 
591 2534 2450 2939 
592 2237 2235 2940 
593 2235 2381 2940 
594 2381 2237 2940 
595 2401 2526 2941 
596 2526 2530 2941 
597 2530 2401 2941 
598 2455 2069 2942 
599 2069 2562 2942 
600 2562 2455 2942 
601 2478 2163 2943 
602 2163 2479 2943 
603 2479 2478 2943 
604 2649 2377 2944 
605 2377 2761 2944 
606 2761 2649 2944 
607 2585 2183 2945 
608 2183 2728 2945 
609 2728 2585 2945 
610 2401 2064 2946 
611 2064 2458 2946 
612 2458 2401 2946 
613 2097 2168 2947 
614 2168 2636 2947 
615 2636 2097 2947 
616 2388 2055 2948 
617 2055 2753 2948 
618 2753 2388 2948 
619 106 2059 2949 
620 2059 2378 2949 
621 2378 106 2949 
622 2392 2212 2950 
623 2212 2650 2950 
624 2650 2392 2950 
625 2327 2438 2951 
626 2438 2439 2951 
627 2439 2327 2951 
628 2419 2036 2952 
629 2036 2422 2952 
630 2422 2419 2952 
631 2121 2163 2953 
632 2163 2480 2953 
633 2480 2121 2953 
634 2177 2610 2954 
635 2610 2693 2954 
636 2693 2177 2954 
637 2358 2359 2955 
638 2359 2361 2955 
639 2361 2358 2955 
640 2081 2473 2956 
641 2473 2580 2956 
642 2580 2081 2956 
643 2090 2052 2957 
644 2052 2091 2957 
645 2091 2090 2957 
646 2303 2305 2958 
647 2305 2770 2958 
648 2770 2303 2958 
649 2232 2231 2959 
650 2231 2233 2959 
651 2233 2232 2959 
652 2562 2069 2960 
653 2069 2771 2960 
654 2771 2562 2960 
655 2397 2401 2961 
656 2401 2458 2961 
657 2458 2397 2961 
658 2214 2183 2962 
659 2183 2585 2962 
660 2585 2214 2962 
661 2305 2303 2963 
662 2303 2749 2963 
663 2749 2305 2963 
664 2083 2451 2964 
665 2451 2536 2964 
666 2536 2083 2964 
667 2163 2478 2965 
668 2478 2480 2965 
669 2480 2163 2965 
670 2302 2240 2966 
671 2240 2762 2966 
672 2762 2302 2966 
673 2385 2168 2967 
674 2168 2619 2967 
675 2619 2385 2967 
676 2355 2353 2968 
677 2353 2715 2968 
678 2715 2355 2968 
679 2171 2204 2969 
680 2204 2337 2969 
681 2337 2171 2969 
682 2387 2077 2970 
683 2077 2527 2970 
684 2527 2387 2970 
685 2586 2136 2971 
686 2136 2636 2971 
687 2636 2586 2971 
688 2376 2342 2972 
689 2342 2537 2972 
690 2537 2376 2972 
691 2557 2443 2973 
692 2443 2739 2973 
693 2739 2557 2973 
694 104 2051 2974 
695 2051 2605 2974 
696 2605 104 2974 
697 2361 2359 2975 
698 2359 2649 2975 
699 2649 2361 2975 
700 2080 2709 2976 
701 2709 2719 2976 
702 2719 2080 2976 
703 2417 2036 2977 
704 2036 2419 2977 
705 2419 2417 2977 
706 2233 2235 2978 
707 2235 2236 2978 
708 2236 2233 2978 
709 2431 2434 2979 
710 2434 2437 2979 
711 2437 2431 2979 
712 2062 2089 2980 
713 2089 2391 2980 
714 2391 2062 2980 
715 2171 2337 2981 
716 2337 2780 2981 
717 2780 2171 2981 
718 2672 2305 2982 
719 2305 2674 2982 
720 2674 2672 2982 
721 2115 2092 2983 
722 2092 2339 2983 
723 2339 2115 2983 
724 2367 2280 2984 
725 2280 2754 2984 
726 2754 2367 2984 
727 2194 2165 2985 
728 2165 2765 2985 
729 2765 2194 2985 
730 2442 2204 2986 
731 2204 2443 2986 
732 2443 2442 2986 
733 2709 2380 2987 
734 2380 2719 2987 
735 2719 2709 2987 
736 2096 2098 2988 
737 2098 2102 2988 
738 2102 2096 2988 
739 2382 2339 2989 
740 2339 2521 2989 
741 2521 2382 2989 
742 2164 2153 2990 
743 2153 2687 2990 
744 2687 2164 2990 
745 2326 2320 2991 
746 2320 2781 2991 
747 2781 2326 2991 
748 2340 2360 2992 
749 2360 2699 2992 
750 2699 2340 2992 
751 2543 2504 2993 
752 2504 2606 2993 
753 2606 2543 2993 
754 2332 2349 2994 
755 2349 2350 2994 
756 2350 2332 2994 
757 2460 2295 2995 
758 2295 2764 2995 
759 2764 2460 2995 
760 2060 2414 2996 
761 2414 2539 2996 
762 2539 2060 2996 
763 2451 2452 2997 
764 2452 2536 2997 
765 2536 2451 2997 
766 2465 2270 2998 
767 2270 2596 2998 
768 2596 2465 2998 
769 2092 2093 2999 
770 2093 2094 2999 
771 2094 2092 2999 
772 2306 2265 3000 
773 2265 2673 3000 
774 2673 2306 3000 
775 2055 2363 3001 
776 2363 2753 3001 
777 2753 2055 3001 
778 2399 2397 3002 
779 2397 2458 3002 
780 2458 2399 3002 
781 2275 2465 3003 
782 2465 2609 3003 
783 2609 2275 3003 
784 2398 2395 3004 
785 2395 2402 3004 
786 2402 2398 3004 
787 2090 2092 3005 
788 2092 2115 3005 
789 2115 2090 3005 
790 2382 2521 3006 
791 2521 2658 3006 
792 2658 2382 3006 
793 2570 2573 3007 
794 2573 2778 3007 
795 2778 2570 3007 
796 2102 2358 3008 
797 2358 2360 3008 
798 2360 2102 3008 
799 2369 2280 3009 
800 2280 2545 3009 
801 2545 2369 3009 
802 2244 2265 3010 
803 2265 2306 3010 
804 2306 2244 3010 
805 2240 2237 3011 
806 2237 2381 3011 
807 2381 2240 3011 
808 2098 2100 3012 
809 2100 2357 3012 
810 2357 2098 3012 
811 2576 2344 3013 
812 2344 2577 3013 
813 2577 2576 3013 
814 2331 2158 3014 
815 2158 2332 3014 
816 2332 2331 3014 
817 2340 2094 3015 
818 2094 2790 3015 
819 2790 2340 3015 
820 2450 2447 3016 
821 2447 2535 3016 
822 2535 2450 3016 
823 2516 2452 3017 
824 2452 2517 3017 
825 2517 2516 3017 
826 2444 2399 3018 
827 2399 2458 3018 
828 2458 2444 3018 
829 2168 2385 3019 
830 2385 2723 3019 
831 2723 2168 3019 
832 2320 2438 3020 
833 2438 2474 3020 
834 2474 2320 3020 
835 2389 80 3021 
836 80 2633 3021 
837 2633 2389 3021 
838 2092 2091 3022 
839 2091 2093 3022 
840 2093 2092 3022 
841 2632 2257 3023 
842 2257 2717 3023 
843 2717 2632 3023 
844 2588 2099 3024 
845 2099 2636 3024 
846 2636 2588 3024 
847 2202 2557 3025 
848 2557 2739 3025 
849 2739 2202 3025 
850 2348 2232 3026 
851 2232 2689 3026 
852 2689 2348 3026 
853 68 2077 3027 
854 2077 2387 3027 
855 2387 68 3027 
856 2456 2085 3028 
857 2085 2566 3028 
858 2566 2456 3028 
859 2375 2057 3029 
860 2057 2485 3029 
861 2485 2375 3029 
862 2414 2407 3030 
863 2407 2539 3030 
864 2539 2414 3030 
865 2406 2416 3031 
866 2416 2734 3031 
867 2734 2406 3031 
868 2084 2394 3032 
869 2394 2395 3032 
870 2395 2084 3032 
871 2358 2357 3033 
872 2357 2359 3033 
873 2359 2358 3033 
874 2195 2194 3034 
875 2194 2765 3034 
876 2765 2195 3034 
877 2179 2383 3035 
878 2383 2384 3035 
879 2384 2179 3035 
880 2396 2400 3036 
881 2400 2441 3036 
882 2441 2396 3036 
883 2395 2394 3037 
884 2394 2402 3037 
885 2402 2395 3037 
886 2398 2402 3038 
887 2402 2403 3038 
888 2403 2398 3038 
889 2057 2375 3039 
890 2375 2593 3039 
891 2593 2057 3039 
892 2473 2081 3040 
893 2081 2725 3040 
894 2725 2473 3040 
895 2320 2308 3041 
896 2308 2781 3041 
897 2781 2320 3041 
898 2545 2278 3042 
899 2278 2547 3042 
900 2547 2545 3042 
901 2479 2163 3043 
902 2163 2481 3043 
903 2481 2479 3043 
904 2090 2115 3044 
905 2115 2391 3044 
906 2391 2090 3044 
907 2084 2396 3045 
908 2396 2441 3045 
909 2441 2084 3045 
910 599 1614 3046 
911 1614 2351 3046 
912 2351 599 3046 
913 2565 2257 3047 
914 2257 2632 3047 
915 2632 2565 3047 
916 2672 2304 3048 
917 2304 2770 3048 
918 2770 2672 3048 
919 2100 2103 3049 
920 2103 2104 3049 
921 2104 2100 3049 
922 2230 2229 3050 
923 2229 2231 3050 
924 2231 2230 3050 
925 2344 2576 3051 
926 2576 2785 3051 
927 2785 2344 3051 
928 2089 2090 3052 
929 2090 2391 3052 
930 2391 2089 3052 
931 2360 2340 3053 
932 2340 2790 3053 
933 2790 2360 3053 
934 2119 2480 3054 
935 2480 2549 3054 
936 2549 2119 3054 
937 2370 2304 3055 
938 2304 2672 3055 
939 2672 2370 3055 
940 2088 2507 3056 
941 2507 2583 3056 
942 2583 2088 3056 
943 2165 2164 3057 
944 2164 2765 3057 
945 2765 2165 3057 
946 2077 69 3058 
947 69 2441 3058 
948 2441 2077 3058 
949 2523 2073 3059 
950 2073 2607 3059 
951 2607 2523 3059 
952 2575 2576 3060 
953 2576 2577 3060 
954 2577 2575 3060 
955 2378 2059 3061 
956 2059 2708 3061 
957 2708 2378 3061 
958 2085 2456 3062 
959 2456 2756 3062 
960 2756 2085 3062 
961 2086 2473 3063 
962 2473 2485 3063 
963 2485 2086 3063 
964 2297 2295 3064 
965 2295 2461 3064 
966 2461 2297 3064 
967 2453 2087 3065 
968 2087 2519 3065 
969 2519 2453 3065 
970 101 2035 3066 
971 2035 2415 3066 
972 2415 101 3066 
973 2262 2544 3067 
974 2544 2545 3067 
975 2545 2262 3067 
976 2062 117 3068 
977 117 2089 3068 
978 2089 2062 3068 
979 2196 2194 3069 
980 2194 2344 3069 
981 2344 2196 3069 
982 2118 2117 3070 
983 2117 2127 3070 
984 2127 2118 3070 
985 2190 2197 3071 
986 2197 2382 3071 
987 2382 2190 3071 
988 2094 2096 3072 
989 2096 2790 3072 
990 2790 2094 3072 
991 2104 2109 3073 
992 2109 2110 3073 
993 2110 2104 3073 
994 2055 2376 3074 
995 2376 2537 3074 
996 2537 2055 3074 
997 2473 2375 3075 
998 2375 2485 3075 
999 2485 2473 3075 
1000 2303 2302 3076 
1001 2302 2328 3076 
1002 2328 2303 3076 
1003 2275 2455 3077 
1004 2455 2562 3077 
1005 2562 2275 3077 
1006 2051 105 3078 
1007 105 2378 3078 
1008 2378 2051 3078 
1009 2452 2046 3079 
1010 2046 2536 3079 
1011 2536 2452 3079 
1012 2333 2550 3080 
1013 2550 2630 3080 
1014 2630 2333 3080 
1015 2356 2774 3081 
1016 2774 2775 3081 
1017 2775 2356 3081 
1018 2259 2371 3082 
1019 2371 2747 3082 
1020 2747 2259 3082 
1021 2080 113 3083 
1022 113 2393 3083 
1023 2393 2080 3083 
1024 2084 71 3084 
1025 71 2394 3084 
1026 2394 2084 3084 
1027 1614 1649 3085 
1028 1649 2623 3085 
1029 2623 1614 3085 
1030 2403 2413 3086 
1031 2413 2526 3086 
1032 2526 2403 3086 
1033 2465 2464 3087 
1034 2464 2609 3087 
1035 2609 2465 3087 
1036 74 2075 3088 
1037 2075 2416 3088 
1038 2416 74 3088 
1039 2064 2401 3089 
1040 2401 2530 3089 
1041 2530 2064 3089 
1042 2676 2435 3090 
1043 2435 2713 3090 
1044 2713 2676 3090 
1045 2484 2051 3091 
1046 2051 2714 3091 
1047 2714 2484 3091 
1048 2523 2410 3092 
1049 2410 2624 3092 
1050 2624 2523 3092 
1051 2396 2395 3093 
1052 2395 2397 3093 
1053 2397 2396 3093 
1054 2327 2439 3094 
1055 2439 2440 3094 
1056 2440 2327 3094 
1057 110 2076 3095 
1058 2076 2428 3095 
1059 2428 110 3095 
1060 2075 75 3096 
1061 75 2429 3096 
1062 2429 2075 3096 
1063 2402 2078 3097 
1064 2078 2404 3097 
1065 2404 2402 3097 
1066 2317 2314 3098 
1067 2314 2327 3098 
1068 2327 2317 3098 
1069 2273 2285 3099 
1070 2285 2362 3099 
1071 2362 2273 3099 
1072 2532 2426 3100 
1073 2426 2651 3100 
1074 2651 2532 3100 
1075 2371 2372 3101 
1076 2372 2373 3101 
1077 2373 2371 3101 
1078 2094 2095 3102 
1079 2095 2096 3102 
1080 2096 2094 3102 
1081 2054 67 3103 
1082 67 2387 3103 
1083 2387 2054 3103 
1084 2200 2515 3104 
1085 2515 2517 3104 
1086 2517 2200 3104 
1087 2227 2342 3105 
1088 2342 2376 3105 
1089 2376 2227 3105 
1090 2173 2543 3106 
1091 2543 2606 3106 
1092 2606 2173 3106 
1093 2052 119 3107 
1094 119 2383 3107 
1095 2383 2052 3107 
1096 2471 2301 3108 
1097 2301 2640 3108 
1098 2640 2471 3108 
1099 2084 2395 3109 
1100 2395 2396 3109 
1101 2396 2084 3109 
1102 2622 2254 3110 
1103 2254 2662 3110 
1104 2662 2622 3110 
1105 2079 2341 3111 
1106 2341 2716 3111 
1107 2716 2079 3111 
1108 2397 2398 3112 
1109 2398 2401 3112 
1110 2401 2397 3112 
1111 116 117 3113 
1112 117 2062 3113 
1113 2062 116 3113 
1114 66 67 3114 
1115 67 2054 3114 
1116 2054 66 3114 
1117 118 119 3115 
1118 119 2052 3115 
1119 2052 118 3115 
1120 2229 2227 3116 
1121 2227 2376 3116 
1122 2376 2229 3116 
1123 104 105 3117 
1124 105 2051 3117 
1125 2051 104 3117 
1126 2087 2453 3118 
1127 2453 2582 3118 
1128 2582 2087 3118 
1129 2169 2171 3119 
1130 2171 2780 3119 
1131 2780 2169 3119 
1132 2102 2360 3120 
1133 2360 2790 3120 
1134 2790 2102 3120 
1135 2203 2178 3121 
1136 2178 2517 3121 
1137 2517 2203 3121 
1138 2179 2384 3122 
1139 2384 2385 3122 
1140 2385 2179 3122 
1141 2229 2376 3123 
1142 2376 2388 3123 
1143 2388 2229 3123 
1144 2618 2564 3124 
1145 2564 2650 3124 
1146 2650 2618 3124 
1147 2445 2292 3125 
1148 2292 2561 3125 
1149 2561 2445 3125 
1150 2455 2275 3126 
1151 2275 2609 3126 
1152 2609 2455 3126 
1153 2405 2407 3127 
1154 2407 2414 3127 
1155 2414 2405 3127 
1156 2115 2339 3128 
1157 2339 2382 3128 
1158 2382 2115 3128 
1159 2403 2405 3129 
1160 2405 2413 3129 
1161 2413 2403 3129 
1162 2155 2164 3130 
1163 2164 2165 3130 
1164 2165 2155 3130 
1165 2104 2103 3131 
1166 2103 2109 3131 
1167 2109 2104 3131 
1168 81 82 3132 
1169 82 2037 3132 
1170 2037 81 3132 
1171 2396 2397 3133 
1172 2397 2399 3133 
1173 2399 2396 3133 
1174 2506 2040 3134 
1175 2040 2546 3134 
1176 2546 2506 3134 
1177 63 64 3135 
1178 64 2038 3135 
1179 2038 63 3135 
1180 2228 2227 3136 
1181 2227 2229 3136 
1182 2229 2228 3136 
1183 2327 2314 3137 
1184 2314 2474 3137 
1185 2474 2327 3137 
1186 78 79 3138 
1187 79 2053 3138 
1188 2053 78 3138 
1189 106 107 3139 
1190 107 2059 3139 
1191 2059 106 3139 
1192 2394 2078 3140 
1193 2078 2402 3140 
1194 2402 2394 3140 
1195 2409 2412 3141 
1196 2412 2539 3141 
1197 2539 2409 3141 
1198 2573 2535 3142 
1199 2535 2778 3142 
1200 2778 2573 3142 
1201 2409 2411 3143 
1202 2411 2412 3143 
1203 2412 2409 3143 
1204 2351 1614 3144 
1205 1614 2352 3144 
1206 2352 2351 3144 
1207 2232 2233 3145 
1208 2233 2689 3145 
1209 2689 2232 3145 
1210 2223 2221 3146 
1211 2221 2334 3146 
1212 2334 2223 3146 
1213 2437 2436 3147 
1214 2436 2625 3147 
1215 2625 2437 3147 
1216 2411 2626 3148 
1217 2626 2655 3148 
1218 2655 2411 3148 
1219 2227 2225 3149 
1220 2225 2342 3149 
1221 2342 2227 3149 
1222 2515 2516 3150 
1223 2516 2517 3150 
1224 2517 2515 3150 
1225 80 81 3151 
1226 81 2633 3151 
1227 2633 80 3151 
1228 2413 2405 3152 
1229 2405 2414 3152 
1230 2414 2413 3152 
1231 2258 2266 3153 
1232 2266 2445 3153 
1233 2445 2258 3153 
1234 2239 2237 3154 
1235 2237 2240 3154 
1236 2240 2239 3154 
1237 2314 2311 3155 
1238 2311 2474 3155 
1239 2474 2314 3155 
1240 2595 2149 3156 
1241 2149 2778 3156 
1242 2778 2595 3156 
1243 2426 2532 3157 
1244 2532 2548 3157 
1245 2548 2426 3157 
1246 2190 2382 3158 
1247 2382 2658 3158 
1248 2658 2190 3158 
1249 2123 2125 3159 
1250 2125 2481 3159 
1251 2481 2123 3159 
1252 2436 2435 3160 
1253 2435 2679 3160 
1254 2679 2436 3160 
1255 2537 2342 3161 
1256 2342 2620 3161 
1257 2620 2537 3161 
1258 2128 2127 3162 
1259 2127 2146 3162 
1260 2146 2128 3162 
1261 2373 2372 3163 
1262 2372 2390 3163 
1263 2390 2373 3163 
1264 2390 2286 3164 
1265 2286 2703 3164 
1266 2703 2390 3164 
1267 2397 2395 3165 
1268 2395 2398 3165 
1269 2398 2397 3165 
1270 103 2605 3166 
1271 2605 2611 3166 
1272 2611 103 3166 
1273 2444 2443 3167 
1274 2443 2557 3167 
1275 2557 2444 3167 
1276 2307 2306 3168 
1277 2306 2779 3168 
1278 2779 2307 3168 
1279 2163 2123 3169 
1280 2123 2481 3169 
1281 2481 2163 3169 
1282 101 102 3170 
1283 102 2035 3170 
1284 2035 101 3170 
1285 1964 1999 3171 
1286 1999 2578 3171 
1287 2578 1964 3171 
1288 121 122 3172 
1289 122 2036 3172 
1290 2036 121 3172 
1291 2339 2340 3173 
1292 2340 2521 3173 
1293 2521 2339 3173 
1294 634 2564 3174 
1295 2564 2688 3174 
1296 2688 634 3174 
1297 2054 2387 3175 
1298 2387 2470 3175 
1299 2470 2054 3175 
1300 62 2386 3176 
1301 2386 2552 3176 
1302 2552 62 3176 
1303 2054 2471 3177 
1304 2471 2640 3177 
1305 2640 2054 3177 
1306 2422 2036 3178 
1307 2036 2711 3178 
1308 2711 2422 3178 
1309 2255 2258 3179 
1310 2258 2445 3179 
1311 2445 2255 3179 
1312 2583 2507 3180 
1313 2507 2782 3180 
1314 2782 2583 3180 
1315 2605 2374 3181 
1316 2374 2611 3181 
1317 2611 2605 3181 
1318 63 2038 3182 
1319 2038 2386 3182 
1320 2386 63 3182 
1321 2301 2471 3183 
1322 2471 2591 3183 
1323 2591 2301 3183 
1324 2215 2212 3184 
1325 2212 2392 3184 
1326 2392 2215 3184 
1327 2337 2204 3185 
1328 2204 2469 3185 
1329 2469 2337 3185 
1330 2366 2647 3186 
1331 2647 2677 3186 
1332 2677 2366 3186 
1333 114 2079 3187 
1334 2079 2393 3187 
1335 2393 114 3187 
1336 2205 2564 3188 
1337 2564 2618 3188 
1338 2618 2205 3188 
1339 117 118 3189 
1340 118 2089 3189 
1341 2089 117 3189 
1342 72 2078 3190 
1343 2078 2394 3190 
1344 2394 72 3190 
1345 2276 2291 3191 
1346 2291 2292 3191 
1347 2292 2276 3191 
1348 2078 73 3192 
1349 73 2416 3192 
1350 2416 2078 3192 
1351 2350 2355 3193 
1352 2355 2715 3193 
1353 2715 2350 3193 
1354 2442 1579 3194 
1355 1579 2469 3194 
1356 2469 2442 3194 
1357 2074 109 3195 
1358 109 2428 3195 
1359 2428 2074 3195 
1360 76 2073 3196 
1361 2073 2429 3196 
1362 2429 76 3196 
1363 2292 2293 3197 
1364 2293 2371 3197 
1365 2371 2292 3197 
1366 105 106 3198 
1367 106 2378 3198 
1368 2378 105 3198 
1369 2069 100 3199 
1370 100 2415 3199 
1371 2415 2069 3199 
1372 2321 2622 3200 
1373 2622 2662 3200 
1374 2662 2321 3200 
1375 2647 2646 3201 
1376 2646 2678 3201 
1377 2678 2647 3201 
1378 2178 2200 3202 
1379 2200 2517 3202 
1380 2517 2178 3202 
1381 2380 2076 3203 
1382 2076 2719 3203 
1383 2719 2380 3203 
1384 2171 2175 3204 
1385 2175 2204 3204 
1386 2204 2171 3204 
1387 2412 2538 3205 
1388 2538 2539 3205 
1389 2539 2412 3205 
1390 599 2351 3206 
1391 2351 2355 3206 
1392 2355 599 3206 
1393 2452 2203 3207 
1394 2203 2517 3207 
1395 2517 2452 3207 
1396 2462 2463 3208 
1397 2463 2466 3208 
1398 2466 2462 3208 
1399 114 115 3209 
1400 115 2079 3209 
1401 2079 114 3209 
1402 70 71 3210 
1403 71 2084 3210 
1404 2084 70 3210 
1405 112 113 3211 
1406 113 2080 3211 
1407 2080 112 3211 
1408 72 73 3212 
1409 73 2078 3212 
1410 2078 72 3212 
1411 68 69 3213 
1412 69 2077 3213 
1413 2077 68 3213 
1414 634 669 3214 
1415 669 2564 3214 
1416 2564 634 3214 
1417 2471 2686 3215 
1418 2686 2757 3215 
1419 2757 2471 3215 
1420 2482 2506 3216 
1421 2506 2546 3216 
1422 2546 2482 3216 
1423 119 120 3217 
1424 120 2383 3217 
1425 2383 119 3217 
1426 74 75 3218 
1427 75 2075 3218 
1428 2075 74 3218 
1429 110 111 3219 
1430 111 2076 3219 
1431 2076 110 3219 
1432 2471 2470 3220 
1433 2470 2686 3220 
1434 2686 2471 3220 
1435 2454 2069 3221 
1436 2069 2455 3221 
1437 2455 2454 3221 
1438 2438 2327 3222 
1439 2327 2474 3222 
1440 2474 2438 3222 
1441 2185 2183 3223 
1442 2183 2214 3223 
1443 2214 2185 3223 
1444 108 109 3224 
1445 109 2074 3224 
1446 2074 108 3224 
1447 76 77 3225 
1448 77 2073 3225 
1449 2073 76 3225 
1450 2360 2358 3226 
1451 2358 2613 3226 
1452 2613 2360 3226 
1453 2371 2293 3227 
1454 2293 2372 3227 
1455 2372 2371 3227 
1456 2228 2229 3228 
1457 2229 2230 3228 
1458 2230 2228 3228 
1459 2303 2328 3229 
1460 2328 2329 3229 
1461 2329 2303 3229 
1462 99 2069 3230 
1463 2069 2454 3230 
1464 2454 99 3230 
1465 2403 2404 3231 
1466 2404 2405 3231 
1467 2405 2403 3231 
1468 2230 2231 3232 
1469 2231 2232 3232 
1470 2232 2230 3232 
1471 2398 2403 3233 
1472 2403 2526 3233 
1473 2526 2398 3233 
1474 2110 2649 3234 
1475 2649 2735 3234 
1476 2735 2110 3234 
1477 2391 2115 3235 
1478 2115 2587 3235 
1479 2587 2391 3235 
1480 70 2084 3236 
1481 2084 2441 3236 
1482 2441 70 3236 
1483 2273 2362 3237 
1484 2362 2604 3237 
1485 2604 2273 3237 
1486 2409 2410 3238 
1487 2410 2411 3238 
1488 2411 2409 3238 
1489 2047 2462 3239 
1490 2462 2466 3239 
1491 2466 2047 3239 
1492 2044 2430 3240 
1493 2430 2432 3240 
1494 2432 2044 3240 
1495 2266 2276 3241 
1496 2276 2445 3241 
1497 2445 2266 3241 
1498 67 68 3242 
1499 68 2387 3242 
1500 2387 67 3242 
1501 2094 2093 3243 
1502 2093 2095 3243 
1503 2095 2094 3243 
1504 1649 1684 3244 
1505 1684 2130 3244 
1506 2130 1649 3244 
1507 2046 2516 3245 
1508 2516 2518 3245 
1509 2518 2046 3245 
1510 2063 1544 3246 
1511 1544 2442 3246 
1512 2442 2063 3246 
1513 2276 2292 3247 
1514 2292 2445 3247 
1515 2445 2276 3247 
1516 95 2085 3248 
1517 2085 2467 3248 
1518 2467 95 3248 
1519 100 101 3249 
1520 101 2415 3249 
1521 2415 100 3249 
1522 2535 2584 3250 
1523 2584 2778 3250 
1524 2778 2535 3250 
1525 2346 1964 3251 
1526 1964 2578 3251 
1527 2578 2346 3251 
1528 2405 2406 3252 
1529 2406 2407 3252 
1530 2407 2405 3252 
1531 2223 2334 3253 
1532 2334 2638 3253 
1533 2638 2223 3253 
1534 2054 2470 3254 
1535 2470 2471 3254 
1536 2471 2054 3254 
1537 2342 2225 3255 
1538 2225 2638 3255 
1539 2638 2342 3255 
1540 2292 2291 3256 
1541 2291 2293 3256 
1542 2293 2292 3256 
1543 2407 2408 3257 
1544 2408 2409 3257 
1545 2409 2407 3257 
1546 2241 2240 3258 
1547 2240 2242 3258 
1548 2242 2241 3258 
1549 2429 2523 3259 
1550 2523 2624 3259 
1551 2624 2429 3259 
1552 2457 2444 3260 
1553 2444 2458 3260 
1554 2458 2457 3260 
1555 2463 2464 3261 
1556 2464 2465 3261 
1557 2465 2463 3261 
1558 2626 2319 3262 
1559 2319 2655 3262 
1560 2655 2626 3262 
1561 113 114 3263 
1562 114 2393 3263 
1563 2393 113 3263 
1564 71 72 3264 
1565 72 2394 3264 
1566 2394 71 3264 
1567 73 74 3265 
1568 74 2416 3265 
1569 2416 73 3265 
1570 109 110 3266 
1571 110 2428 3266 
1572 2428 109 3266 
1573 75 76 3267 
1574 76 2429 3267 
1575 2429 75 3267 
1576 2514 2513 3268 
1577 2513 2515 3268 
1578 2515 2514 3268 
1579 2462 2070 3269 
1580 2070 2463 3269 
1581 2463 2462 3269 
1582 2710 2476 3270 
1583 2476 2720 3270 
1584 2720 2710 3270 
1585 2475 2041 3271 
1586 2041 2476 3271 
1587 2476 2475 3271 
1588 99 100 3272 
1589 100 2069 3272 
1590 2069 99 3272 
1591 2473 2086 3273 
1592 2086 2580 3273 
1593 2580 2473 3273 
1594 2427 2425 3274 
1595 2425 2616 3274 
1596 2616 2427 3274 
1597 2429 2073 3275 
1598 2073 2523 3275 
1599 2523 2429 3275 
1600 2040 2483 3276 
1601 2483 2546 3276 
1602 2546 2040 3276 
1603 2428 2076 3277 
1604 2076 2721 3277 
1605 2721 2428 3277 
1606 2308 2307 3278 
1607 2307 2779 3278 
1608 2779 2308 3278 
1609 2047 92 3279 
1610 92 2462 3279 
1611 2462 2047 3279 
1612 1544 1579 3280 
1613 1579 2442 3280 
1614 2442 1544 3280 
1615 2040 58 3281 
1616 58 2483 3281 
1617 2483 2040 3281 
1618 2491 2043 3282 
1619 2043 2512 3282 
1620 2512 2491 3282 
1621 2063 2442 3283 
1622 2442 2443 3283 
1623 2443 2063 3283 
1624 69 70 3284 
1625 70 2441 3284 
1626 2441 69 3284 
1627 2512 2513 3285 
1628 2513 2514 3285 
1629 2514 2512 3285 
1630 2426 2427 3286 
1631 2427 2651 3286 
1632 2651 2426 3286 
1633 94 95 3287 
1634 95 2467 3287 
1635 2467 94 3287 
1636 2479 2481 3288 
1637 2481 2482 3288 
1638 2482 2479 3288 
1639 2096 2097 3289 
1640 2097 2098 3289 
1641 2098 2096 3289 
1642 2453 2519 3290 
1643 2519 2702 3290 
1644 2702 2453 3290 
1645 2463 2070 3291 
1646 2070 2464 3291 
1647 2464 2463 3291 
1648 2492 2491 3292 
1649 2491 2512 3292 
1650 2512 2492 3292 
1651 2152 2153 3293 
1652 2153 2154 3293 
1653 2154 2152 3293 
1654 2222 2221 3294 
1655 2221 2223 3294 
1656 2223 2222 3294 
1657 2475 2476 3295 
1658 2476 2477 3295 
1659 2477 2475 3295 
1660 2220 2219 3296 
1661 2219 2221 3296 
1662 2221 2220 3296 
1663 2516 2513 3297 
1664 2513 2518 3297 
1665 2518 2516 3297 
1666 2224 2223 3298 
1667 2223 2225 3298 
1668 2225 2224 3298 
1669 2477 2476 3299 
1670 2476 2478 3299 
1671 2478 2477 3299 
1672 2226 2225 3300 
1673 2225 2227 3300 
1674 2227 2226 3300 
1675 2276 2289 3301 
1676 2289 2291 3301 
1677 2291 2276 3301 
1678 2556 2567 3302 
1679 2567 2744 3302 
1680 2744 2556 3302 
1681 2154 2153 3303 
1682 2153 2155 3303 
1683 2155 2154 3303 
1684 2403 2402 3304 
1685 2402 2404 3304 
1686 2404 2403 3304 
1687 2218 2217 3305 
1688 2217 2219 3305 
1689 2219 2218 3305 
1690 2399 2444 3306 
1691 2444 2557 3306 
1692 2557 2399 3306 
1693 98 99 3307 
1694 99 2454 3307 
1695 2454 98 3307 
1696 2279 2278 3308 
1697 2278 2280 3308 
1698 2280 2279 3308 
1699 2459 2131 3309 
1700 2131 2460 3309 
1701 2460 2459 3309 
1702 2722 2217 3310 
1703 2217 2763 3310 
1704 2763 2722 3310 
1705 2463 2465 3311 
1706 2465 2596 3311 
1707 2596 2463 3311 
1708 58 59 3312 
1709 59 2483 3312 
1710 2483 58 3312 
1711 2487 2488 3313 
1712 2488 2489 3313 
1713 2489 2487 3313 
1714 2081 90 3314 
1715 90 2472 3314 
1716 2472 2081 3314 
1717 93 2070 3315 
1718 2070 2462 3315 
1719 2462 93 3315 
1720 2449 2448 3316 
1721 2448 2743 3316 
1722 2743 2449 3316 
1723 2616 2425 3317 
1724 2425 2750 3317 
1725 2750 2616 3317 
1726 2643 2045 3318 
1727 2045 2645 3318 
1728 2645 2643 3318 
1729 91 92 3319 
1730 92 2047 3319 
1731 2047 91 3319 
1732 2043 2491 3320 
1733 2491 2528 3320 
1734 2528 2043 3320 
1735 60 2041 3321 
1736 2041 2475 3321 
1737 2475 60 3321 
1738 2505 2040 3322 
1739 2040 2506 3322 
1740 2506 2505 3322 
1741 2492 2512 3323 
1742 2512 2514 3323 
1743 2514 2492 3323 
1744 2486 2072 3324 
1745 2072 2487 3324 
1746 2487 2486 3324 
1747 2236 2237 3325 
1748 2237 2238 3325 
1749 2238 2236 3325 
1750 91 2047 3326 
1751 2047 2472 3326 
1752 2472 91 3326 
1753 2216 2215 3327 
1754 2215 2217 3327 
1755 2217 2216 3327 
1756 57 2040 3328 
1757 2040 2505 3328 
1758 2505 57 3328 
1759 2504 2506 3329 
1760 2506 2606 3329 
1761 2606 2504 3329 
1762 2266 2274 3330 
1763 2274 2276 3330 
1764 2276 2266 3330 
1765 2487 2072 3331 
1766 2072 2488 3331 
1767 2488 2487 3331 
1768 93 94 3332 
1769 94 2070 3332 
1770 2070 93 3332 
1771 2057 85 3333 
1772 85 2485 3333 
1773 2485 2057 3333 
1774 62 63 3334 
1775 63 2386 3334 
1776 2386 62 3334 
1777 2268 2261 3335 
1778 2261 2278 3335 
1779 2278 2268 3335 
1780 2454 2455 3336 
1781 2455 2456 3336 
1782 2456 2454 3336 
1783 92 93 3337 
1784 93 2462 3337 
1785 2462 92 3337 
1786 2358 2361 3338 
1787 2361 2613 3338 
1788 2613 2358 3338 
1789 60 61 3339 
1790 61 2041 3339 
1791 2041 60 3339 
1792 2625 2436 3340 
1793 2436 2680 3340 
1794 2680 2625 3340 
1795 2284 2280 3341 
1796 2280 2367 3341 
1797 2367 2284 3341 
1798 2401 2398 3342 
1799 2398 2526 3342 
1800 2526 2401 3342 
1801 128 2043 3343 
1802 2043 2528 3343 
1803 2528 128 3343 
1804 2515 2513 3344 
1805 2513 2516 3344 
1806 2516 2515 3344 
1807 2718 2172 3345 
1808 2172 2748 3345 
1809 2748 2718 3345 
1810 84 85 3346 
1811 85 2057 3346 
1812 2057 84 3346 
1813 2253 2262 3347 
1814 2262 2547 3347 
1815 2547 2253 3347 
1816 2246 2244 3348 
1817 2244 2306 3348 
1818 2306 2246 3348 
1819 2501 2503 3349 
1820 2503 2504 3349 
1821 2504 2501 3349 
1822 56 57 3350 
1823 57 2505 3350 
1824 2505 56 3350 
1825 59 60 3351 
1826 60 2475 3351 
1827 2475 59 3351 
1828 2481 2125 3352 
1829 2125 2555 3352 
1830 2555 2481 3352 
1831 2280 2278 3353 
1832 2278 2545 3353 
1833 2545 2280 3353 
1834 2500 2501 3354 
1835 2501 2502 3354 
1836 2502 2500 3354 
1837 2514 2515 3355 
1838 2515 2601 3355 
1839 2601 2514 3355 
1840 2500 2039 3356 
1841 2039 2501 3356 
1842 2501 2500 3356 
1843 2204 2442 3357 
1844 2442 2469 3357 
1845 2469 2204 3357 
1846 86 2086 3358 
1847 2086 2485 3358 
1848 2485 86 3358 
1849 2350 2349 3359 
1850 2349 2356 3359 
1851 2356 2350 3359 
1852 2489 2488 3360 
1853 2488 2490 3360 
1854 2490 2489 3360 
1855 2496 2499 3361 
1856 2499 2500 3361 
1857 2500 2496 3361 
1858 85 86 3362 
1859 86 2485 3362 
1860 2485 85 3362 
1861 2499 2039 3363 
1862 2039 2500 3363 
1863 2500 2499 3363 
1864 55 56 3364 
1865 56 2503 3364 
1866 2503 55 3364 
1867 2512 2511 3365 
1868 2511 2513 3365 
1869 2513 2512 3365 
1870 2043 2511 3366 
1871 2511 2512 3366 
1872 2512 2043 3366 
1873 90 91 3367 
1874 91 2472 3367 
1875 2472 90 3367 
1876 2504 2505 3368 
1877 2505 2506 3368 
1878 2506 2504 3368 
1879 54 2039 3369 
1880 2039 2499 3369 
1881 2499 54 3369 
1882 2488 2072 3370 
1883 2072 2528 3370 
1884 2528 2488 3370 
1885 131 2046 3371 
1886 2046 2518 3371 
1887 2518 131 3371 
1888 2491 2488 3372 
1889 2488 2528 3372 
1890 2528 2491 3372 
1891 2495 2494 3373 
1892 2494 2497 3373 
1893 2497 2495 3373 
1894 2494 2493 3374 
1895 2493 2496 3374 
1896 2496 2494 3374 
1897 2501 2039 3375 
1898 2039 2503 3375 
1899 2503 2501 3375 
1900 89 90 3376 
1901 90 2081 3376 
1902 2081 89 3376 
1903 95 96 3377 
1904 96 2085 3377 
1905 2085 95 3377 
1906 2469 2049 3378 
1907 2049 2740 3378 
1908 2740 2469 3378 
1909 2058 2493 3379 
1910 2493 2494 3379 
1911 2494 2058 3379 
1912 2507 2088 3380 
1913 2088 2520 3380 
1914 2520 2507 3380 
1915 2042 125 3381 
1916 125 2486 3381 
1917 2486 2042 3381 
1918 53 54 3382 
1919 54 2499 3382 
1920 2499 53 3382 
1921 2050 2508 3383 
1922 2508 2509 3383 
1923 2509 2050 3383 
1924 130 131 3384 
1925 131 2518 3384 
1926 2518 130 3384 
1927 2058 2495 3385 
1928 2495 2520 3385 
1929 2520 2058 3385 
1930 2477 2478 3386 
1931 2478 2479 3386 
1932 2479 2477 3386 
1933 2415 2035 3387 
1934 2035 2724 3387 
1935 2724 2415 3387 
1936 2497 2718 3388 
1937 2718 2748 3388 
1938 2748 2497 3388 
1939 2504 2503 3389 
1940 2503 2505 3389 
1941 2505 2504 3389 
1942 2058 2494 3390 
1943 2494 2495 3390 
1944 2495 2058 3390 
1945 2503 56 3391 
1946 56 2505 3391 
1947 2505 2503 3391 
1948 124 125 3392 
1949 125 2042 3392 
1950 2042 124 3392 
1951 2407 2409 3393 
1952 2409 2539 3393 
1953 2539 2407 3393 
1954 2495 2507 3394 
1955 2507 2520 3394 
1956 2520 2495 3394 
1957 2495 2497 3395 
1958 2497 2498 3395 
1959 2498 2495 3395 
1960 52 53 3396 
1961 53 2493 3396 
1962 2493 52 3396 
1963 2058 52 3397 
1964 52 2493 3397 
1965 2493 2058 3397 
1966 126 2072 3398 
1967 2072 2486 3398 
1968 2486 126 3398 
1969 86 87 3399 
1970 87 2086 3399 
1971 2086 86 3399 
1972 2107 2111 3400 
1973 2111 2558 3400 
1974 2558 2107 3400 
1975 2278 2261 3401 
1976 2261 2547 3401 
1977 2547 2278 3401 
1978 125 126 3402 
1979 126 2486 3402 
1980 2486 125 3402 
1981 126 127 3403 
1982 127 2072 3403 
1983 2072 126 3403 
1984 2039 55 3404 
1985 55 2503 3404 
1986 2503 2039 3404 
1987 140 2050 3405 
1988 2050 2510 3405 
1989 2510 140 3405 
1990 142 2082 3406 
1991 2082 2508 3406 
1992 2508 142 3406 
1993 140 141 3407 
1994 141 2050 3407 
1995 2050 140 3407 
1996 133 134 3408 
1997 134 2083 3408 
1998 2083 133 3408 
1999 51 52 3409 
2000 52 2058 3409 
2001 2058 51 3409 
2002 2050 141 3410 
2003 141 2508 3410 
2004 2508 2050 3410 
2005 2043 129 3411 
2006 129 2511 3411 
2007 2511 2043 3411 
2008 128 129 3412 
2009 129 2043 3412 
2010 2043 128 3412 
2011 141 142 3413 
2012 142 2508 3413 
2013 2508 141 3413 
2014 131 132 3414 
2015 132 2046 3414 
2016 2046 131 3414 
2017 129 130 3415 
2018 130 2511 3415 
2019 2511 129 3415 
2020 142 143 3416 
2021 143 2082 3416 
2022 2082 142 3416 
2023 49 50 3417 
2024 50 2088 3417 
2025 2088 49 3417 
2026 139 140 3418 
2027 140 2510 3418 
2028 2510 139 3418 
2029 136 137 3419 
2030 137 2087 3419 
2031 2087 136 3419 
2032 54 55 3420 
2033 55 2039 3420 
2034 2039 54 3420 
2035 57 58 3421 
2036 58 2040 3421 
2037 2040 57 3421 
2038 137 138 3422 
2039 138 2519 3422 
2040 2519 137 3422 
2041 138 139 3423 
2042 139 2071 3423 
2043 2071 138 3423 
2044 2087 137 3424 
2045 137 2519 3424 
2046 2519 2087 3424 
2047 2071 139 3425 
2048 139 2510 3425 
2049 2510 2071 3425 
2050 138 2071 3426 
2051 2071 2519 3426 
2052 2519 138 3426 
2053 51 2058 3427 
2054 2058 2520 3427 
2055 2520 51 3427 
2056 2088 50 3428 
2057 50 2520 3428 
2058 2520 2088 3428 
2059 2493 53 3429 
2060 53 2499 3429 
2061 2499 2493 3429 
2062 2496 2493 3430 
2063 2493 2499 3430 
2064 2499 2496 3430 
2065 50 51 3431 
2066 51 2520 3431 
2067 2520 50 3431 
2068 2178 2160 3432 
2069 2160 2200 3432 
2070 2200 2178 3432 
2071 2059 2368 3433 
2072 2368 2685 3433 
2073 2685 2059 3433 
2074 2495 2498 3434 
2075 2498 2507 3434 
2076 2507 2495 3434 
2077 2451 2203 3435 
2078 2203 2452 3435 
2079 2452 2451 3435 
2080 2513 2511 3436 
2081 2511 2518 3436 
2082 2518 2513 3436 
2083 2511 130 3437 
2084 130 2518 3437 
2085 2518 2511 3437 
2086 2200 2160 3438 
2087 2160 2522 3438 
2088 2522 2200 3438 
2089 2110 2116 3439 
2090 2116 2117 3439 
2091 2117 2110 3439 
2092 2206 2451 3440 
2093 2451 2453 3440 
2094 2453 2206 3440 
2095 2206 2203 3441 
2096 2203 2451 3441 
2097 2451 2206 3441 
2098 2217 2215 3442 
2099 2215 2763 3442 
2100 2763 2217 3442 
2101 2070 94 3443 
2102 94 2467 3443 
2103 2467 2070 3443 
2104 2159 2142 3444 
2105 2142 2160 3444 
2106 2160 2159 3444 
2107 2439 1124 3445 
2108 1124 2697 3445 
2109 2697 2439 3445 
2110 2176 2199 3446 
2111 2199 2207 3446 
2112 2207 2176 3446 
2113 127 128 3447 
2114 128 2528 3447 
2115 2528 127 3447 
2116 2199 2203 3448 
2117 2203 2206 3448 
2118 2206 2199 3448 
2119 2188 2627 3449 
2120 2627 2639 3449 
2121 2639 2188 3449 
2122 2199 2178 3450 
2123 2178 2203 3450 
2124 2203 2199 3450 
2125 2041 61 3451 
2126 61 2552 3451 
2127 2552 2041 3451 
2128 2396 2399 3452 
2129 2399 2400 3452 
2130 2400 2396 3452 
2131 124 2042 3453 
2132 2042 2540 3453 
2133 2540 124 3453 
2134 2176 2160 3454 
2135 2160 2178 3454 
2136 2178 2176 3454 
2137 2144 2142 3455 
2138 2142 2159 3455 
2139 2159 2144 3455 
2140 2144 2159 3456 
2141 2159 2172 3456 
2142 2172 2144 3456 
2143 2159 2160 3457 
2144 2160 2176 3457 
2145 2176 2159 3457 
2146 2176 2178 3458 
2147 2178 2199 3458 
2148 2199 2176 3458 
2149 2131 2107 3459 
2150 2107 2558 3459 
2151 2558 2131 3459 
2152 2105 2131 3460 
2153 2131 2459 3460 
2154 2459 2105 3460 
2155 2141 2140 3461 
2156 2140 2142 3461 
2157 2142 2141 3461 
2158 2400 2399 3462 
2159 2399 2557 3462 
2160 2557 2400 3462 
2161 2142 2140 3463 
2162 2140 2522 3463 
2163 2522 2142 3463 
2164 2199 2206 3464 
2165 2206 2524 3464 
2166 2524 2199 3464 
2167 2207 2199 3465 
2168 2199 2524 3465 
2169 2524 2207 3465 
2170 2527 2077 3466 
2171 2077 2741 3466 
2172 2741 2527 3466 
2173 2141 2142 3467 
2174 2142 2144 3467 
2175 2144 2141 3467 
2176 2140 2138 3468 
2177 2138 2145 3468 
2178 2145 2140 3468 
2179 2172 2159 3469 
2180 2159 2525 3469 
2181 2525 2172 3469 
2182 2159 2176 3470 
2183 2176 2525 3470 
2184 2525 2159 3470 
2185 2141 2144 3471 
2186 2144 2177 3471 
2187 2177 2141 3471 
2188 2176 2207 3472 
2189 2207 2525 3472 
2190 2525 2176 3472 
2191 2160 2142 3473 
2192 2142 2522 3473 
2193 2522 2160 3473 
2194 2286 2390 3474 
2195 2390 2714 3474 
2196 2714 2286 3474 
2197 2140 2145 3475 
2198 2145 2522 3475 
2199 2522 2140 3475 
2200 2139 2140 3476 
2201 2140 2141 3476 
2202 2141 2139 3476 
2203 59 2475 3477 
2204 2475 2483 3477 
2205 2483 59 3477 
2206 2490 2491 3478 
2207 2491 2492 3478 
2208 2492 2490 3478 
2209 80 2389 3479 
2210 2389 2707 3479 
2211 2707 80 3479 
2212 2139 2138 3480 
2213 2138 2140 3480 
2214 2140 2139 3480 
2215 2165 2194 3481 
2216 2194 2196 3481 
2217 2196 2165 3481 
2218 2409 2408 3482 
2219 2408 2410 3482 
2220 2410 2409 3482 
2221 2072 127 3483 
2222 127 2528 3483 
2223 2528 2072 3483 
2224 2472 2551 3484 
2225 2551 2725 3484 
2226 2725 2472 3484 
2227 2124 2162 3485 
2228 2162 2533 3485 
2229 2533 2124 3485 
2230 2133 2126 3486 
2231 2126 2161 3486 
2232 2161 2133 3486 
2233 2482 2481 3487 
2234 2481 2555 3487 
2235 2555 2482 3487 
2236 2126 2124 3488 
2237 2124 2533 3488 
2238 2533 2126 3488 
2239 2414 2060 3489 
2240 2060 2608 3489 
2241 2608 2414 3489 
2242 2490 2488 3490 
2243 2488 2491 3490 
2244 2491 2490 3490 
2245 2122 2120 3491 
2246 2120 2532 3491 
2247 2532 2122 3491 
2248 2065 2392 3492 
2249 2392 2726 3492 
2250 2726 2065 3492 
2251 2137 2138 3493 
2252 2138 2139 3493 
2253 2139 2137 3493 
2254 2501 2504 3494 
2255 2504 2543 3494 
2256 2543 2501 3494 
2257 2524 2071 3495 
2258 2071 2760 3495 
2259 2760 2524 3495 
2260 2612 2189 3496 
2261 2189 2613 3496 
2262 2613 2612 3496 
2263 2334 2221 3497 
2264 2221 2634 3497 
2265 2634 2334 3497 
2266 2137 2133 3498 
2267 2133 2138 3498 
2268 2138 2137 3498 
2269 2132 2137 3499 
2270 2137 2173 3499 
2271 2173 2132 3499 
2272 133 2083 3500 
2273 2083 2536 3500 
2274 2536 133 3500 
2275 2046 132 3501 
2276 132 2536 3501 
2277 2536 2046 3501 
2278 1474 1509 3502 
2279 1509 2457 3502 
2280 2457 1474 3502 
2281 2145 2138 3503 
2282 2138 2531 3503 
2283 2531 2145 3503 
2284 2133 2161 3504 
2285 2161 2531 3504 
2286 2531 2133 3504 
2287 2132 2133 3505 
2288 2133 2137 3505 
2289 2137 2132 3505 
2290 2405 2404 3506 
2291 2404 2406 3506 
2292 2406 2405 3506 
2293 2256 2253 3507 
2294 2253 2547 3507 
2295 2547 2256 3507 
2296 2407 2406 3508 
2297 2406 2408 3508 
2298 2408 2407 3508 
2299 2036 122 3509 
2300 122 2711 3509 
2301 2711 2036 3509 
2302 2138 2133 3510 
2303 2133 2531 3510 
2304 2531 2138 3510 
2305 2132 2126 3511 
2306 2126 2133 3511 
2307 2133 2132 3511 
2308 2475 2477 3512 
2309 2477 2483 3512 
2310 2483 2475 3512 
2311 2464 2070 3513 
2312 2070 2467 3513 
2313 2467 2464 3513 
2314 2320 2326 3514 
2315 2326 2430 3514 
2316 2430 2320 3514 
2317 2096 2102 3515 
2318 2102 2790 3515 
2319 2790 2096 3515 
2320 2213 2212 3516 
2321 2212 2215 3516 
2322 2215 2213 3516 
2323 2125 2126 3517 
2324 2126 2132 3517 
2325 2132 2125 3517 
2326 2276 2274 3518 
2327 2274 2289 3518 
2328 2289 2276 3518 
2329 2124 2122 3519 
2330 2122 2162 3519 
2331 2162 2124 3519 
2332 2370 2308 3520 
2333 2308 2673 3520 
2334 2673 2370 3520 
2335 2108 2136 3521 
2336 2136 2567 3521 
2337 2567 2108 3521 
2338 2161 2126 3522 
2339 2126 2533 3522 
2340 2533 2161 3522 
2341 2435 2436 3523 
2342 2436 2713 3523 
2343 2713 2435 3523 
2344 2162 2122 3524 
2345 2122 2532 3524 
2346 2532 2162 3524 
2347 2125 2124 3525 
2348 2124 2126 3525 
2349 2126 2125 3525 
2350 2514 2601 3526 
2351 2601 2615 3526 
2352 2615 2514 3526 
2353 2420 2556 3527 
2354 2556 2744 3527 
2355 2744 2420 3527 
2356 2268 2278 3528 
2357 2278 2279 3528 
2358 2279 2268 3528 
2359 2246 2307 3529 
2360 2307 2568 3529 
2361 2568 2246 3529 
2362 132 133 3530 
2363 133 2536 3530 
2364 2536 132 3530 
2365 2515 2200 3531 
2366 2200 2601 3531 
2367 2601 2515 3531 
2368 2307 2310 3532 
2369 2310 2568 3532 
2370 2568 2307 3532 
2371 2385 2417 3533 
2372 2417 2418 3533 
2373 2418 2385 3533 
2374 2492 2514 3534 
2375 2514 2615 3534 
2376 2615 2492 3534 
2377 2556 2135 3535 
2378 2135 2567 3535 
2379 2567 2556 3535 
2380 2123 2124 3536 
2381 2124 2125 3536 
2382 2125 2123 3536 
2383 2114 2135 3537 
2384 2135 2548 3537 
2385 2548 2114 3537 
2386 2454 2456 3538 
2387 2456 2566 3538 
2388 2566 2454 3538 
2389 2279 2280 3539 
2390 2280 2284 3539 
2391 2284 2279 3539 
2392 2226 2227 3540 
2393 2227 2228 3540 
2394 2228 2226 3540 
2395 2421 2423 3541 
2396 2423 2424 3541 
2397 2424 2421 3541 
2398 2120 2114 3542 
2399 2114 2548 3542 
2400 2548 2120 3542 
2401 2121 2123 3543 
2402 2123 2163 3543 
2403 2163 2121 3543 
2404 2392 2066 3544 
2405 2066 2726 3544 
2406 2726 2392 3544 
2407 2125 2132 3545 
2408 2132 2555 3545 
2409 2555 2125 3545 
2410 2424 2425 3546 
2411 2425 2426 3546 
2412 2426 2424 3546 
2413 1404 1439 3547 
2414 1439 2530 3547 
2415 2530 1404 3547 
2416 112 2080 3548 
2417 2080 2719 3548 
2418 2719 112 3548 
2419 2063 2444 3549 
2420 2444 2457 3549 
2421 2457 2063 3549 
2422 2309 2308 3550 
2423 2308 2320 3550 
2424 2320 2309 3550 
2425 2260 2256 3551 
2426 2256 2261 3551 
2427 2261 2260 3551 
2428 2564 2066 3552 
2429 2066 2650 3552 
2430 2650 2564 3552 
2431 2510 2050 3553 
2432 2050 2560 3553 
2433 2560 2510 3553 
2434 2123 2122 3554 
2435 2122 2124 3554 
2436 2124 2123 3554 
2437 2076 111 3555 
2438 111 2719 3555 
2439 2719 2076 3555 
2440 2502 2501 3556 
2441 2501 2543 3556 
2442 2543 2502 3556 
2443 2426 2425 3557 
2444 2425 2427 3557 
2445 2427 2426 3557 
2446 2222 2223 3558 
2447 2223 2224 3558 
2448 2224 2222 3558 
2449 2382 2197 3559 
2450 2197 2587 3559 
2451 2587 2382 3559 
2452 2224 2225 3560 
2453 2225 2226 3560 
2454 2226 2224 3560 
2455 2220 2221 3561 
2456 2221 2222 3561 
2457 2222 2220 3561 
2458 2521 2340 3562 
2459 2340 2699 3562 
2460 2699 2521 3562 
2461 2098 2099 3563 
2462 2099 2100 3563 
2463 2100 2098 3563 
2464 2243 2245 3564 
2465 2245 2602 3564 
2466 2602 2243 3564 
2467 2121 2122 3565 
2468 2122 2123 3565 
2469 2123 2121 3565 
2470 2218 2219 3566 
2471 2219 2220 3566 
2472 2220 2218 3566 
2473 123 124 3567 
2474 124 2540 3567 
2475 2540 123 3567 
2476 2304 2370 3568 
2477 2370 2673 3568 
2478 2673 2304 3568 
2479 2685 2348 3569 
2480 2348 2708 3569 
2481 2708 2685 3569 
2482 97 98 3570 
2483 98 2566 3570 
2484 2566 97 3570 
2485 2373 2390 3571 
2486 2390 2565 3571 
2487 2565 2373 3571 
2488 2385 2384 3572 
2489 2384 2417 3572 
2490 2417 2385 3572 
2491 2258 2264 3573 
2492 2264 2266 3573 
2493 2266 2258 3573 
2494 102 103 3574 
2495 103 2611 3574 
2496 2611 102 3574 
2497 2290 2375 3575 
2498 2375 2473 3575 
2499 2473 2290 3575 
2500 2273 2234 3576 
2501 2234 2285 3576 
2502 2285 2273 3576 
2503 2232 2348 3577 
2504 2348 2685 3577 
2505 2685 2232 3577 
2506 2266 2267 3578 
2507 2267 2274 3578 
2508 2274 2266 3578 
2509 2059 2685 3579 
2510 2685 2708 3579 
2511 2708 2059 3579 
2512 88 89 3580 
2513 89 2580 3580 
2514 2580 88 3580 
2515 2416 2075 3581 
2516 2075 2734 3581 
2517 2734 2416 3581 
2518 2121 2120 3582 
2519 2120 2122 3582 
2520 2122 2121 3582 
2521 134 135 3583 
2522 135 2582 3583 
2523 2582 134 3583 
2524 143 144 3584 
2525 144 2583 3584 
2526 2583 143 3584 
2527 2216 2217 3585 
2528 2217 2218 3585 
2529 2218 2216 3585 
2530 2111 2113 3586 
2531 2113 2143 3586 
2532 2143 2111 3586 
2533 1509 2063 3587 
2534 2063 2457 3587 
2535 2457 1509 3587 
2536 2483 2477 3588 
2537 2477 2546 3588 
2538 2546 2483 3588 
2539 2294 2180 3589 
2540 2180 2295 3589 
2541 2295 2294 3589 
2542 2281 2282 3590 
2543 2282 2288 3590 
2544 2288 2281 3590 
2545 2532 2120 3591 
2546 2120 2548 3591 
2547 2548 2532 3591 
2548 2282 2269 3592 
2549 2269 2283 3592 
2550 2283 2282 3592 
2551 120 121 3593 
2552 121 2669 3593 
2553 2669 120 3593 
2554 2069 2415 3594 
2555 2415 2771 3594 
2556 2771 2069 3594 
2557 2267 2264 3595 
2558 2264 2270 3595 
2559 2270 2267 3595 
2560 2119 2120 3596 
2561 2120 2121 3596 
2562 2121 2119 3596 
2563 2263 2269 3597 
2564 2269 2281 3597 
2565 2281 2263 3597 
2566 2250 2252 3598 
2567 2252 2259 3598 
2568 2259 2250 3598 
2569 2114 2112 3599 
2570 2112 2135 3599 
2571 2135 2114 3599 
2572 77 78 3600 
2573 78 2621 3600 
2574 2621 77 3600 
2575 115 116 3601 
2576 116 2637 3601 
2577 2637 115 3601 
2578 2323 2369 3602 
2579 2369 2544 3602 
2580 2544 2323 3602 
2581 2479 2482 3603 
2582 2482 2546 3603 
2583 2546 2479 3603 
2584 2253 2251 3604 
2585 2251 2262 3604 
2586 2262 2253 3604 
2587 2263 2261 3605 
2588 2261 2268 3605 
2589 2268 2263 3605 
2590 2240 2381 3606 
2591 2381 2762 3606 
2592 2762 2240 3606 
2593 2112 2108 3607 
2594 2108 2567 3607 
2595 2567 2112 3607 
2596 2492 2615 3608 
2597 2615 2628 3608 
2598 2628 2492 3608 
2599 2477 2479 3609 
2600 2479 2546 3609 
2601 2546 2477 3609 
2602 669 704 3610 
2603 704 2066 3610 
2604 2066 669 3610 
2605 2246 2306 3611 
2606 2306 2307 3611 
2607 2307 2246 3611 
2608 2056 2629 3612 
2609 2629 2654 3612 
2610 2654 2056 3612 
2611 65 66 3613 
2612 66 2640 3613 
2613 2640 65 3613 
2614 2147 2127 3614 
2615 2127 2617 3614 
2616 2617 2147 3614 
2617 2274 2267 3615 
2618 2267 2275 3615 
2619 2275 2274 3615 
2620 2096 2095 3616 
2621 2095 2097 3616 
2622 2097 2096 3616 
2623 2389 2325 3617 
2624 2325 2542 3617 
2625 2542 2389 3617 
2626 2290 2283 3618 
2627 2283 2375 3618 
2628 2375 2290 3618 
2629 2486 2487 3619 
2630 2487 2616 3619 
2631 2616 2486 3619 
2632 2421 2424 3620 
2633 2424 2556 3620 
2634 2556 2421 3620 
2635 2424 2423 3621 
2636 2423 2425 3621 
2637 2425 2424 3621 
2638 2509 2508 3622 
2639 2508 2603 3622 
2640 2603 2509 3622 
2641 2478 2476 3623 
2642 2476 2710 3623 
2643 2710 2478 3623 
2644 2119 2114 3624 
2645 2114 2120 3624 
2646 2120 2119 3624 
2647 2260 2261 3625 
2648 2261 2263 3625 
2649 2263 2260 3625 
2650 2258 2256 3626 
2651 2256 2260 3626 
2652 2260 2258 3626 
2653 2250 2259 3627 
2654 2259 2541 3627 
2655 2541 2250 3627 
2656 2266 2264 3628 
2657 2264 2267 3628 
2658 2267 2266 3628 
2659 2490 2492 3629 
2660 2492 2628 3629 
2661 2628 2490 3629 
2662 2551 2472 3630 
2663 2472 2700 3630 
2664 2700 2551 3630 
2665 984 1019 3631 
2666 1019 2537 3631 
2667 2537 984 3631 
2668 2282 2283 3632 
2669 2283 2290 3632 
2670 2290 2282 3632 
2671 2335 2299 3633 
2672 2299 2336 3633 
2673 2336 2335 3633 
2674 2200 2522 3634 
2675 2522 2601 3634 
2676 2601 2200 3634 
2677 1159 1194 3635 
2678 1194 2056 3635 
2679 2056 1159 3635 
2680 1019 1054 3636 
2681 1054 2055 3636 
2682 2055 1019 3636 
2683 1229 1264 3637 
2684 1264 2538 3637 
2685 2538 1229 3637 
2686 2281 2269 3638 
2687 2269 2282 3638 
2688 2282 2281 3638 
2689 2283 2559 3639 
2690 2559 2593 3639 
2691 2593 2283 3639 
2692 2418 2419 3640 
2693 2419 2420 3640 
2694 2420 2418 3640 
2695 107 108 3641 
2696 108 2661 3641 
2697 2661 107 3641 
2698 61 62 3642 
2699 62 2552 3642 
2700 2552 61 3642 
2701 2263 2268 3643 
2702 2268 2269 3643 
2703 2269 2263 3643 
2704 2443 2204 3644 
2705 2204 2739 3644 
2706 2739 2443 3644 
2707 2132 2173 3645 
2708 2173 2555 3645 
2709 2555 2132 3645 
2710 2258 2260 3646 
2711 2260 2264 3646 
2712 2264 2258 3646 
2713 2607 2319 3647 
2714 2319 2626 3647 
2715 2626 2607 3647 
2716 2213 2215 3648 
2717 2215 2216 3648 
2718 2216 2213 3648 
2719 914 949 3649 
2720 949 2061 3649 
2721 2061 914 3649 
2722 1264 1299 3650 
2723 1299 2060 3650 
2724 2060 1264 3650 
2725 2108 2106 3651 
2726 2106 2136 3651 
2727 2136 2108 3651 
2728 2313 2311 3652 
2729 2311 2314 3652 
2730 2314 2313 3652 
2731 1509 1544 3653 
2732 1544 2063 3653 
2733 2063 1509 3653 
2734 2257 2565 3654 
2735 2565 2703 3654 
2736 2703 2257 3654 
2737 2100 2101 3655 
2738 2101 2103 3655 
2739 2103 2100 3655 
2740 2467 2085 3656 
2741 2085 2756 3656 
2742 2756 2467 3656 
2743 739 774 3657 
2744 774 2065 3657 
2745 2065 739 3657 
2746 2127 2117 3658 
2747 2117 2617 3658 
2748 2617 2127 3658 
2749 809 844 3659 
2750 844 2067 3659 
2751 2067 809 3659 
2752 1369 1404 3660 
2753 1404 2068 3660 
2754 2068 1369 3660 
2755 2372 2293 3661 
2756 2293 2374 3661 
2757 2374 2372 3661 
2758 2111 2143 3662 
2759 2143 2558 3662 
2760 2558 2111 3662 
2761 2494 2496 3663 
2762 2496 2610 3663 
2763 2610 2494 3663 
2764 774 809 3664 
2765 809 2529 3664 
2766 2529 774 3664 
2767 2535 2449 3665 
2768 2449 2743 3665 
2769 2743 2535 3665 
2770 1439 1474 3666 
2771 1474 2064 3666 
2772 2064 1439 3666 
2773 2036 2417 3667 
2774 2417 2669 3667 
2775 2669 2036 3667 
2776 2248 2250 3668 
2777 2250 2541 3668 
2778 2541 2248 3668 
2779 2261 2256 3669 
2780 2256 2547 3669 
2781 2547 2261 3669 
2782 2307 2308 3670 
2783 2308 2309 3670 
2784 2309 2307 3670 
2785 2051 2378 3671 
2786 2378 2690 3671 
2787 2690 2051 3671 
2788 1124 1159 3672 
2789 1159 2697 3672 
2790 2697 1124 3672 
2791 2421 2422 3673 
2792 2422 2423 3673 
2793 2423 2421 3673 
2794 2105 2107 3674 
2795 2107 2131 3674 
2796 2131 2105 3674 
2797 2322 2315 3675 
2798 2315 2554 3675 
2799 2554 2322 3675 
2800 2113 2114 3676 
2801 2114 2119 3676 
2802 2119 2113 3676 
2803 2050 2509 3677 
2804 2509 2560 3677 
2805 2560 2050 3677 
2806 64 65 3678 
2807 65 2736 3678 
2808 2736 64 3678 
2809 2110 2109 3679 
2810 2109 2116 3679 
2811 2116 2110 3679 
2812 2298 2297 3680 
2813 2297 2299 3680 
2814 2299 2298 3680 
2815 2371 2373 3681 
2816 2373 2747 3681 
2817 2747 2371 3681 
2818 2037 82 3682 
2819 82 2737 3682 
2820 2737 2037 3682 
2821 2542 2325 3683 
2822 2325 2554 3683 
2823 2554 2542 3683 
2824 2279 2284 3684 
2825 2284 2287 3684 
2826 2287 2279 3684 
2827 2559 2287 3685 
2828 2287 2593 3685 
2829 2593 2559 3685 
2830 98 2454 3686 
2831 2454 2566 3686 
2832 2566 98 3686 
2833 1334 1369 3687 
2834 1369 2581 3687 
2835 2581 1334 3687 
2836 2303 2329 3688 
2837 2329 2749 3688 
2838 2749 2303 3688 
2839 2255 2256 3689 
2840 2256 2258 3689 
2841 2258 2255 3689 
2842 2143 2113 3690 
2843 2113 2549 3690 
2844 2549 2143 3690 
2845 2590 2334 3691 
2846 2334 2634 3691 
2847 2634 2590 3691 
2848 2544 2369 3692 
2849 2369 2545 3692 
2850 2545 2544 3692 
2851 2420 2421 3693 
2852 2421 2556 3693 
2853 2556 2420 3693 
2854 2287 2284 3694 
2855 2284 2379 3694 
2856 2379 2287 3694 
2857 2420 2419 3695 
2858 2419 2421 3695 
2859 2421 2420 3695 
2860 2134 2167 3696 
2861 2167 2468 3696 
2862 2468 2134 3696 
2863 2093 2091 3697 
2864 2091 2179 3697 
2865 2179 2093 3697 
2866 2298 2386 3698 
2867 2386 2772 3698 
2868 2772 2298 3698 
2869 2288 2282 3699 
2870 2282 2551 3699 
2871 2551 2288 3699 
2872 2211 2210 3700 
2873 2210 2212 3700 
2874 2212 2211 3700 
2875 2323 2324 3701 
2876 2324 2369 3701 
2877 2369 2323 3701 
2878 2075 2429 3702 
2879 2429 2624 3702 
2880 2624 2075 3702 
2881 2251 2249 3703 
2882 2249 2599 3703 
2883 2599 2251 3703 
2884 2245 2248 3704 
2885 2248 2602 3704 
2886 2602 2245 3704 
2887 2421 2419 3705 
2888 2419 2422 3705 
2889 2422 2421 3705 
2890 2283 2269 3706 
2891 2269 2559 3706 
2892 2559 2283 3706 
2893 2249 2254 3707 
2894 2254 2599 3707 
2895 2599 2249 3707 
2896 2390 2372 3708 
2897 2372 2484 3708 
2898 2484 2390 3708 
2899 2238 2237 3709 
2900 2237 2239 3709 
2901 2239 2238 3709 
2902 2490 2628 3710 
2903 2628 2648 3710 
2904 2648 2490 3710 
2905 2466 2463 3711 
2906 2463 2596 3711 
2907 2596 2466 3711 
2908 2274 2275 3712 
2909 2275 2562 3712 
2910 2562 2274 3712 
2911 2192 2300 3713 
2912 2300 2301 3713 
2913 2301 2192 3713 
2914 2365 2643 3714 
2915 2643 2647 3714 
2916 2647 2365 3714 
2917 2243 2242 3715 
2918 2242 2244 3715 
2919 2244 2243 3715 
2920 2321 2322 3716 
2921 2322 2323 3716 
2922 2323 2321 3716 
2923 2448 2446 3717 
2924 2446 2743 3717 
2925 2743 2448 3717 
2926 2296 2295 3718 
2927 2295 2297 3718 
2928 2297 2296 3718 
2929 2053 2542 3719 
2930 2542 2712 3719 
2931 2712 2053 3719 
2932 2081 2472 3720 
2933 2472 2725 3720 
2934 2725 2081 3720 
2935 2255 2253 3721 
2936 2253 2256 3721 
2937 2256 2255 3721 
2938 2064 1474 3722 
2939 1474 2457 3722 
2940 2457 2064 3722 
2941 2282 2290 3723 
2942 2290 2551 3723 
2943 2551 2282 3723 
2944 2393 2079 3724 
2945 2079 2698 3724 
2946 2698 2393 3724 
2947 2289 2274 3725 
2948 2274 2562 3725 
2949 2562 2289 3725 
2950 2298 2299 3726 
2951 2299 2335 3726 
2952 2335 2298 3726 
2953 1999 2034 3727 
2954 2034 2129 3727 
2955 2129 1999 3727 
2956 2195 2579 3728 
2957 2579 2755 3728 
2958 2755 2195 3728 
2959 2113 2119 3729 
2960 2119 2549 3729 
2961 2549 2113 3729 
2962 2113 2112 3730 
2963 2112 2114 3730 
2964 2114 2113 3730 
2965 2323 2322 3731 
2966 2322 2324 3731 
2967 2324 2323 3731 
2968 2433 2326 3732 
2969 2326 2667 3732 
2970 2667 2433 3732 
2971 2418 2420 3733 
2972 2420 2586 3733 
2973 2586 2418 3733 
2974 2080 2393 3734 
2975 2393 2641 3734 
2976 2641 2080 3734 
2977 2270 2264 3735 
2978 2264 2553 3735 
2979 2553 2270 3735 
2980 2489 2490 3736 
2981 2490 2648 3736 
2982 2648 2489 3736 
2983 1439 2064 3737 
2984 2064 2530 3737 
2985 2530 1439 3737 
2986 2260 2263 3738 
2987 2263 2553 3738 
2988 2553 2260 3738 
2989 2523 2607 3739 
2990 2607 2626 3739 
2991 2626 2523 3739 
2992 2563 2579 3740 
2993 2579 2788 3740 
2994 2788 2563 3740 
2995 2264 2260 3741 
2996 2260 2553 3741 
2997 2553 2264 3741 
2998 2209 2198 3742 
2999 2198 2210 3742 
3000 2210 2209 3742 
3001 2696 2257 3743 
3002 2257 2703 3743 
3003 2703 2696 3743 
3004 2129 2575 3744 
3005 2575 2578 3744 
3006 2578 2129 3744 
3007 2263 2281 3745 
3008 2281 2553 3745 
3009 2553 2263 3745 
3010 2377 2128 3746 
3011 2128 2786 3746 
3012 2786 2377 3746 
3013 89 2081 3747 
3014 2081 2580 3747 
3015 2580 89 3747 
3016 2296 2297 3748 
3017 2297 2298 3748 
3018 2298 2296 3748 
3019 2068 1404 3749 
3020 1404 2530 3749 
3021 2530 2068 3749 
3022 2259 2252 3750 
3023 2252 2561 3750 
3024 2561 2259 3750 
3025 65 2659 3751 
3026 2659 2736 3751 
3027 2736 65 3751 
3028 2642 2045 3752 
3029 2045 2789 3752 
3030 2789 2642 3752 
3031 2321 2323 3753 
3032 2323 2622 3753 
3033 2622 2321 3753 
3034 2324 2322 3754 
3035 2322 2325 3754 
3036 2325 2324 3754 
3037 2083 134 3755 
3038 134 2582 3755 
3039 2582 2083 3755 
3040 2082 143 3756 
3041 143 2583 3756 
3042 2583 2082 3756 
3043 2268 2279 3757 
3044 2279 2559 3757 
3045 2559 2268 3757 
3046 2269 2268 3758 
3047 2268 2559 3758 
3048 2559 2269 3758 
3049 2255 2445 3759 
3050 2445 2561 3759 
3051 2561 2255 3759 
3052 2071 2510 3760 
3053 2510 2760 3760 
3054 2760 2071 3760 
3055 2392 2065 3761 
3056 2065 2763 3761 
3057 2763 2392 3761 
3058 844 879 3762 
3059 879 2590 3762 
3060 2590 844 3762 
3061 81 2037 3763 
3062 2037 2633 3763 
3063 2633 81 3763 
3064 2198 2191 3764 
3065 2191 2618 3764 
3066 2618 2198 3764 
3067 2148 2146 3765 
3068 2146 2550 3765 
3069 2550 2148 3765 
3070 2111 2112 3766 
3071 2112 2113 3766 
3072 2113 2111 3766 
3073 2482 2555 3767 
3074 2555 2606 3767 
3075 2606 2482 3767 
3076 2671 2367 3768 
3077 2367 2769 3768 
3078 2769 2671 3768 
3079 2294 2295 3769 
3080 2295 2296 3769 
3081 2296 2294 3769 
3082 2192 2180 3770 
3083 2180 2294 3770 
3084 2294 2192 3770 
3085 2324 2325 3771 
3086 2325 2343 3771 
3087 2343 2324 3771 
3088 2109 2103 3772 
3089 2103 2459 3772 
3090 2459 2109 3772 
3091 2336 2710 3773 
3092 2710 2720 3773 
3093 2720 2336 3773 
3094 2211 2212 3774 
3095 2212 2213 3774 
3096 2213 2211 3774 
3097 2065 774 3775 
3098 774 2529 3775 
3099 2529 2065 3775 
3100 2035 102 3776 
3101 102 2611 3776 
3102 2611 2035 3776 
3103 2418 2417 3777 
3104 2417 2419 3777 
3105 2419 2418 3777 
3106 2435 2676 3778 
3107 2676 2677 3778 
3108 2677 2435 3778 
3109 2179 2385 3779 
3110 2385 2619 3779 
3111 2619 2179 3779 
3112 2173 2137 3780 
3113 2137 2635 3780 
3114 2635 2173 3780 
3115 2489 2648 3781 
3116 2648 2656 3781 
3117 2656 2489 3781 
3118 1019 2055 3782 
3119 2055 2537 3782 
3120 2537 1019 3782 
3121 2071 2524 3783 
3122 2524 2702 3783 
3123 2702 2071 3783 
3124 809 2067 3784 
3125 2067 2529 3784 
3126 2529 809 3784 
3127 2349 2630 3785 
3128 2630 2774 3785 
3129 2774 2349 3785 
3130 2220 2222 3786 
3131 2222 2380 3786 
3132 2380 2220 3786 
3133 1264 2060 3787 
3134 2060 2538 3787 
3135 2538 1264 3787 
3136 2172 2525 3788 
3137 2525 2592 3788 
3138 2592 2172 3788 
3139 2103 2101 3789 
3140 2101 2105 3789 
3141 2105 2103 3789 
3142 2135 2112 3790 
3143 2112 2567 3790 
3144 2567 2135 3790 
3145 2098 2097 3791 
3146 2097 2099 3791 
3147 2099 2098 3791 
3148 2111 2108 3792 
3149 2108 2112 3792 
3150 2112 2111 3792 
3151 2461 2131 3793 
3152 2131 2558 3793 
3153 2558 2461 3793 
3154 2252 2253 3794 
3155 2253 2255 3794 
3156 2255 2252 3794 
3157 2721 2076 3795 
3158 2076 2742 3795 
3159 2742 2721 3795 
3160 2544 2262 3796 
3161 2262 2599 3796 
3162 2599 2544 3796 
3163 2219 2217 3797 
3164 2217 2691 3797 
3165 2691 2219 3797 
3166 2460 2131 3798 
3167 2131 2461 3798 
3168 2461 2460 3798 
3169 2076 2380 3799 
3170 2380 2742 3799 
3171 2742 2076 3799 
3172 2064 2457 3800 
3173 2457 2458 3800 
3174 2458 2064 3800 
3175 2136 2106 3801 
3176 2106 2588 3801 
3177 2588 2136 3801 
3178 2105 2101 3802 
3179 2101 2106 3802 
3180 2106 2105 3802 
3181 2521 2188 3803 
3182 2188 2658 3803 
3183 2658 2521 3803 
3184 2316 2318 3804 
3185 2318 2330 3804 
3186 2330 2316 3804 
3187 2141 2177 3805 
3188 2177 2660 3805 
3189 2660 2141 3805 
3190 1369 2068 3806 
3191 2068 2581 3806 
3192 2581 1369 3806 
3193 2279 2287 3807 
3194 2287 2559 3807 
3195 2559 2279 3807 
3196 2736 2300 3808 
3197 2300 2766 3808 
3198 2766 2736 3808 
3199 2321 2315 3809 
3200 2315 2322 3809 
3201 2322 2321 3809 
3202 2115 2382 3810 
3203 2382 2587 3810 
3204 2587 2115 3810 
3205 2496 2500 3811 
3206 2500 2693 3811 
3207 2693 2496 3811 
3208 2502 2543 3812 
3209 2543 2635 3812 
3210 2635 2502 3812 
3211 2063 2443 3813 
3212 2443 2444 3813 
3213 2444 2063 3813 
3214 2360 2613 3814 
3215 2613 2627 3814 
3216 2627 2360 3814 
3217 2459 2460 3815 
3218 2460 2631 3815 
3219 2631 2459 3815 
3220 84 2057 3816 
3221 2057 2777 3816 
3222 2777 84 3816 
3223 2254 2568 3817 
3224 2568 2662 3817 
3225 2662 2254 3817 
3226 2558 2143 3818 
3227 2143 2614 3818 
3228 2614 2558 3818 
3229 103 104 3819 
3230 104 2605 3819 
3231 2605 103 3819 
3232 2543 2173 3820 
3233 2173 2635 3820 
3234 2635 2543 3820 
3235 2191 2205 3821 
3236 2205 2618 3821 
3237 2618 2191 3821 
3238 2212 2210 3822 
3239 2210 2650 3822 
3240 2650 2212 3822 
3241 2107 2108 3823 
3242 2108 2111 3823 
3243 2111 2107 3823 
3244 1299 1334 3824 
3245 1334 2608 3824 
3246 2608 1299 3824 
3247 2252 2251 3825 
3248 2251 2253 3825 
3249 2253 2252 3825 
3250 2318 2317 3826 
3251 2317 2319 3826 
3252 2319 2318 3826 
3253 2372 2374 3827 
3254 2374 2484 3827 
3255 2484 2372 3827 
3256 2522 2145 3828 
3257 2145 2601 3828 
3258 2601 2522 3828 
3259 78 2053 3829 
3260 2053 2621 3829 
3261 2621 78 3829 
3262 2185 2214 3830 
3263 2214 2597 3830 
3264 2597 2185 3830 
3265 2614 2143 3831 
3266 2143 2653 3831 
3267 2653 2614 3831 
3268 669 2066 3832 
3269 2066 2564 3832 
3270 2564 669 3832 
3271 2107 2106 3833 
3272 2106 2108 3833 
3273 2108 2107 3833 
3274 2104 2110 3834 
3275 2110 2735 3834 
3276 2735 2104 3834 
3277 2361 2612 3835 
3278 2612 2613 3835 
3279 2613 2361 3835 
3280 2192 2301 3836 
3281 2301 2591 3836 
3282 2591 2192 3836 
3283 2508 2082 3837 
3284 2082 2603 3837 
3285 2603 2508 3837 
3286 2325 2322 3838 
3287 2322 2554 3838 
3288 2554 2325 3838 
3289 2134 2468 3839 
3290 2468 2617 3839 
3291 2617 2134 3839 
3292 2105 2106 3840 
3293 2106 2107 3840 
3294 2107 2105 3840 
3295 123 2540 3841 
3296 2540 2711 3841 
3297 2711 123 3841 
3298 2100 2099 3842 
3299 2099 2101 3842 
3300 2101 2100 3842 
3301 2552 2386 3843 
3302 2386 2773 3843 
3303 2773 2552 3843 
3304 2502 2635 3844 
3305 2635 2660 3844 
3306 2660 2502 3844 
3307 2103 2105 3845 
3308 2105 2459 3845 
3309 2459 2103 3845 
3310 2067 844 3846 
3311 844 2590 3846 
3312 2590 2067 3846 
3313 2487 2489 3847 
3314 2489 2701 3847 
3315 2701 2487 3847 
3316 2206 2453 3848 
3317 2453 2702 3848 
3318 2702 2206 3848 
3319 2249 2247 3849 
3320 2247 2254 3849 
3321 2254 2249 3849 
3322 2506 2482 3850 
3323 2482 2606 3850 
3324 2606 2506 3850 
3325 2250 2251 3851 
3326 2251 2252 3851 
3327 2252 2250 3851 
3328 2262 2251 3852 
3329 2251 2599 3852 
3330 2599 2262 3852 
3331 2128 2150 3853 
3332 2150 2786 3853 
3333 2786 2128 3853 
3334 2312 2315 3854 
3335 2315 2321 3854 
3336 2321 2312 3854 
3337 2234 2231 3855 
3338 2231 2768 3855 
3339 2768 2234 3855 
3340 2449 2574 3856 
3341 2574 2670 3856 
3342 2670 2449 3856 
3343 2117 2116 3857 
3344 2116 2134 3857 
3345 2134 2117 3857 
3346 2316 2314 3858 
3347 2314 2317 3858 
3348 2317 2316 3858 
3349 2343 2325 3859 
3350 2325 2389 3859 
3351 2389 2343 3859 
3352 2297 2461 3860 
3353 2461 2614 3860 
3354 2614 2297 3860 
3355 2192 2294 3861 
3356 2294 2300 3861 
3357 2300 2192 3861 
3358 2410 2523 3862 
3359 2523 2626 3862 
3360 2626 2410 3862 
3361 2538 2060 3863 
3362 2060 2539 3863 
3363 2539 2538 3863 
3364 2375 2283 3864 
3365 2283 2593 3864 
3366 2593 2375 3864 
3367 2252 2255 3865 
3368 2255 2561 3865 
3369 2561 2252 3865 
3370 96 6 3866 
3371 6 2730 3866 
3372 2730 96 3866 
3373 6 97 3867 
3374 97 2730 3867 
3375 2730 6 3867 
3376 2312 2311 3868 
3377 2311 2313 3868 
3378 2313 2312 3868 
3379 5 88 3869 
3380 88 2731 3869 
3381 2731 5 3869 
3382 87 5 3870 
3383 5 2731 3870 
3384 2731 87 3870 
3385 7 136 3871 
3386 136 2732 3871 
3387 2732 7 3871 
3388 144 4 3872 
3389 4 2733 3872 
3390 2733 144 3872 
3391 4 49 3873 
3392 49 2733 3873 
3393 2733 4 3873 
3394 135 7 3874 
3395 7 2732 3874 
3396 2732 135 3874 
3397 2417 2384 3875 
3398 2384 2669 3875 
3399 2669 2417 3875 
3400 2053 79 3876 
3401 79 2707 3876 
3402 2707 2053 3876 
3403 2060 1299 3877 
3404 1299 2608 3877 
3405 2608 2060 3877 
3406 2470 2201 3878 
3407 2201 2686 3878 
3408 2686 2470 3878 
3409 2362 2285 3879 
3410 2285 2363 3879 
3411 2363 2362 3879 
3412 2177 2144 3880 
3413 2144 2718 3880 
3414 2718 2177 3880 
3415 2601 2145 3881 
3416 2145 2615 3881 
3417 2615 2601 3881 
3418 2250 2249 3882 
3419 2249 2251 3882 
3420 2251 2250 3882 
3421 2248 2541 3883 
3422 2541 2602 3883 
3423 2602 2248 3883 
3424 2284 2367 3884 
3425 2367 2671 3884 
3426 2671 2284 3884 
3427 2167 2166 3885 
3428 2166 2180 3885 
3429 2180 2167 3885 
3430 2245 2247 3886 
3431 2247 2248 3886 
3432 2248 2245 3886 
3433 2627 2188 3887 
3434 2188 2699 3887 
3435 2699 2627 3887 
3436 2130 1684 3888 
3437 1684 2534 3888 
3438 2534 2130 3888 
3439 2456 2455 3889 
3440 2455 2609 3889 
3441 2609 2456 3889 
3442 2472 2047 3890 
3443 2047 2700 3890 
3444 2700 2472 3890 
3445 2281 2288 3891 
3446 2288 2664 3891 
3447 2664 2281 3891 
3448 1334 2581 3892 
3449 2581 2608 3892 
3450 2608 1334 3892 
3451 2146 2147 3893 
3452 2147 2169 3893 
3453 2169 2146 3893 
3454 66 2054 3894 
3455 2054 2640 3894 
3456 2640 66 3894 
3457 116 2062 3895 
3458 2062 2637 3895 
3459 2637 116 3895 
3460 2167 2180 3896 
3461 2180 2192 3896 
3462 2192 2167 3896 
3463 2565 2390 3897 
3464 2390 2703 3897 
3465 2703 2565 3897 
3466 2468 2167 3898 
3467 2167 2591 3898 
3468 2591 2468 3898 
3469 2497 2494 3899 
3470 2494 2610 3899 
3471 2610 2497 3899 
3472 2230 2232 3900 
3473 2232 2368 3900 
3474 2368 2230 3900 
3475 2386 2298 3901 
3476 2298 2773 3901 
3477 2773 2386 3901 
3478 2476 2041 3902 
3479 2041 2720 3902 
3480 2720 2476 3902 
3481 2181 2189 3903 
3482 2189 2612 3903 
3483 2612 2181 3903 
3484 2254 2247 3904 
3485 2247 2568 3904 
3486 2568 2254 3904 
3487 2245 2244 3905 
3488 2244 2246 3905 
3489 2246 2245 3905 
3490 2330 2318 3906 
3491 2318 2338 3906 
3492 2338 2330 3906 
3493 2248 2249 3907 
3494 2249 2250 3907 
3495 2250 2248 3907 
3496 2555 2173 3908 
3497 2173 2606 3908 
3498 2606 2555 3908 
3499 984 2537 3909 
3500 2537 2620 3909 
3501 2620 984 3909 
3502 2629 2412 3910 
3503 2412 2654 3910 
3504 2654 2629 3910 
3505 2295 2180 3911 
3506 2180 2764 3911 
3507 2764 2295 3911 
3508 2061 949 3912 
3509 949 2620 3912 
3510 2620 2061 3912 
3511 2248 2247 3913 
3512 2247 2249 3913 
3513 2249 2248 3913 
3514 2468 2193 3914 
3515 2193 2705 3914 
3516 2705 2468 3914 
3517 2366 2668 3915 
3518 2668 2674 3915 
3519 2674 2366 3915 
3520 2316 2317 3916 
3521 2317 2318 3916 
3522 2318 2316 3916 
3523 2150 2152 3917 
3524 2152 2157 3917 
3525 2157 2150 3917 
3526 2484 2374 3918 
3527 2374 2605 3918 
3528 2605 2484 3918 
3529 2062 2594 3919 
3530 2594 2637 3919 
3531 2637 2062 3919 
3532 2379 2737 3920 
3533 2737 2777 3920 
3534 2777 2379 3920 
3535 2101 2099 3921 
3536 2099 2588 3921 
3537 2588 2101 3921 
3538 949 984 3922 
3539 984 2620 3922 
3540 2620 949 3922 
3541 2525 2207 3923 
3542 2207 2752 3923 
3543 2752 2525 3923 
3544 2313 2314 3924 
3545 2314 2316 3924 
3546 2316 2313 3924 
3547 2209 2210 3925 
3548 2210 2211 3925 
3549 2211 2209 3925 
3550 2660 2177 3926 
3551 2177 2693 3926 
3552 2693 2660 3926 
3553 2310 2309 3927 
3554 2309 2311 3927 
3555 2311 2310 3927 
3556 2209 2211 3928 
3557 2211 2341 3928 
3558 2341 2209 3928 
3559 2175 2201 3929 
3560 2201 2202 3929 
3561 2202 2175 3929 
3562 2056 1194 3930 
3563 1194 2629 3930 
3564 2629 2056 3930 
3565 1229 2538 3931 
3566 2538 2629 3931 
3567 2629 1229 3931 
3568 1929 1964 3932 
3569 1964 2346 3932 
3570 2346 1929 3932 
3571 2671 2037 3933 
3572 2037 2737 3933 
3573 2737 2671 3933 
3574 2145 2531 3934 
3575 2531 2615 3934 
3576 2615 2145 3934 
3577 2239 2240 3935 
3578 2240 2241 3935 
3579 2241 2239 3935 
3580 2591 2471 3936 
3581 2471 2757 3936 
3582 2757 2591 3936 
3583 2042 2486 3937 
3584 2486 2616 3937 
3585 2616 2042 3937 
3586 2247 2246 3938 
3587 2246 2568 3938 
3588 2568 2247 3938 
3589 65 2640 3939 
3590 2640 2659 3939 
3591 2659 65 3939 
3592 2188 2521 3940 
3593 2521 2699 3940 
3594 2699 2188 3940 
3595 2594 2341 3941 
3596 2341 2637 3941 
3597 2637 2594 3941 
3598 2202 2201 3942 
3599 2201 2527 3942 
3600 2527 2202 3942 
3601 2312 2313 3943 
3602 2313 2315 3943 
3603 2315 2312 3943 
3604 2436 2679 3944 
3605 2679 2680 3944 
3606 2680 2436 3944 
3607 2066 704 3945 
3608 704 2726 3945 
3609 2726 2066 3945 
3610 2446 2352 3946 
3611 2352 2746 3946 
3612 2746 2446 3946 
3613 2097 2095 3947 
3614 2095 2168 3947 
3615 2168 2097 3947 
3616 2686 2193 3948 
3617 2193 2757 3948 
3618 2757 2686 3948 
3619 2221 2219 3949 
3620 2219 2634 3949 
3621 2634 2221 3949 
3622 2245 2246 3950 
3623 2246 2247 3950 
3624 2247 2245 3950 
3625 2319 2317 3951 
3626 2317 2738 3951 
3627 2738 2319 3951 
3628 2045 2642 3952 
3629 2642 2758 3952 
3630 2758 2045 3952 
3631 2057 2593 3953 
3632 2593 2652 3953 
3633 2652 2057 3953 
3634 2146 2169 3954 
3635 2169 2550 3954 
3636 2550 2146 3954 
3637 2205 2597 3955 
3638 2597 2688 3955 
3639 2688 2205 3955 
3640 2074 2428 3956 
3641 2428 2692 3956 
3642 2692 2074 3956 
3643 2208 2198 3957 
3644 2198 2209 3957 
3645 2209 2208 3957 
3646 2053 2712 3958 
3647 2712 2727 3958 
3648 2727 2053 3958 
3649 2134 2166 3959 
3650 2166 2167 3959 
3651 2167 2134 3959 
3652 2440 2439 3960 
3653 2439 2697 3960 
3654 2697 2440 3960 
3655 2106 2101 3961 
3656 2101 2588 3961 
3657 2588 2106 3961 
3658 2290 2473 3962 
3659 2473 2725 3962 
3660 2725 2290 3962 
3661 179 2783 3963 
3662 2783 2784 3963 
3663 2784 179 3963 
3664 2655 2319 3964 
3665 2319 2738 3964 
3666 2738 2655 3964 
3667 2225 2223 3965 
3668 2223 2638 3965 
3669 2638 2225 3965 
3670 2434 2433 3966 
3671 2433 2713 3966 
3672 2713 2434 3966 
3673 2042 2616 3967 
3674 2616 2750 3967 
3675 2750 2042 3967 
3676 2057 2652 3968 
3677 2652 2777 3968 
3678 2777 2057 3968 
3679 2542 2053 3969 
3680 2053 2707 3969 
3681 2707 2542 3969 
3682 2668 2366 3970 
3683 2366 2676 3970 
3684 2676 2668 3970 
3685 2175 2174 3971 
3686 2174 2201 3971 
3687 2201 2175 3971 
3688 2134 2116 3972 
3689 2116 2166 3972 
3690 2166 2134 3972 
3691 2143 2549 3973 
3692 2549 2653 3973 
3693 2653 2143 3973 
3694 2466 2288 3974 
3695 2288 2700 3974 
3696 2700 2466 3974 
3697 2609 2464 3975 
3698 2464 2756 3975 
3699 2756 2609 3975 
3700 2615 2531 3976 
3701 2531 2628 3976 
3702 2628 2615 3976 
3703 2169 2170 3977 
3704 2170 2171 3977 
3705 2171 2169 3977 
3706 2174 2170 3978 
3707 2170 2193 3978 
3708 2193 2174 3978 
3709 1194 1229 3979 
3710 1229 2629 3979 
3711 2629 1194 3979 
3712 2612 2157 3980 
3713 2157 2695 3980 
3714 2695 2612 3980 
3715 2430 2044 3981 
3716 2044 2438 3981 
3717 2438 2430 3981 
3718 2568 2310 3982 
3719 2310 2662 3982 
3720 2662 2568 3982 
3721 2613 2189 3983 
3722 2189 2627 3983 
3723 2627 2613 3983 
3724 2207 2560 3984 
3725 2560 2752 3984 
3726 2752 2207 3984 
3727 2400 2557 3985 
3728 2557 2741 3985 
3729 2741 2400 3985 
3730 2171 2174 3986 
3731 2174 2175 3986 
3732 2175 2171 3986 
3733 2415 2724 3987 
3734 2724 2771 3987 
3735 2771 2415 3987 
3736 2554 2315 3988 
3737 2315 2598 3988 
3738 2598 2554 3988 
3739 2347 2344 3989 
3740 2344 2785 3989 
3741 2785 2347 3989 
3742 914 2061 3990 
3743 2061 2666 3990 
3744 2666 914 3990 
3745 2299 2297 3991 
3746 2297 2614 3991 
3747 2614 2299 3991 
3748 1754 1789 3992 
3749 1789 2584 3992 
3750 2584 1754 3992 
3751 2538 2412 3993 
3752 2412 2629 3993 
3753 2629 2538 3993 
3754 739 2065 3994 
3755 2065 2726 3994 
3756 2726 739 3994 
3757 2579 2448 3995 
3758 2448 2684 3995 
3759 2684 2579 3995 
3760 2411 2410 3996 
3761 2410 2626 3996 
3762 2626 2411 3996 
3763 2412 2411 3997 
3764 2411 2654 3997 
3765 2654 2412 3997 
3766 2208 2209 3998 
3767 2209 2594 3998 
3768 2594 2208 3998 
3769 2531 2161 3999 
3770 2161 2628 3999 
3771 2628 2531 3999 
3772 2461 2558 4000 
3773 2558 2614 4000 
3774 2614 2461 4000 
3775 2210 2198 4001 
3776 2198 2618 4001 
3777 2618 2210 4001 
3778 2679 2646 4002 
3779 2646 2681 4002 
3780 2681 2679 4002 
3781 121 2036 4003 
3782 2036 2669 4003 
3783 2669 121 4003 
3784 2044 1124 4004 
3785 1124 2439 4004 
3786 2439 2044 4004 
3787 2410 2408 4005 
3788 2408 2624 4005 
3789 2624 2410 4005 
3790 2571 2572 4006 
3791 2572 2573 4006 
3792 2573 2571 4006 
3793 2373 2565 4007 
3794 2565 2632 4007 
3795 2632 2373 4007 
3796 2049 1579 4008 
3797 1579 2775 4008 
3798 2775 2049 4008 
3799 2385 2418 4009 
3800 2418 2723 4009 
3801 2723 2385 4009 
3802 2193 2468 4010 
3803 2468 2757 4010 
3804 2757 2193 4010 
3805 2323 2544 4011 
3806 2544 2622 4011 
3807 2622 2323 4011 
3808 2167 2192 4012 
3809 2192 2591 4012 
3810 2591 2167 4012 
3811 2197 2198 4013 
3812 2198 2208 4013 
3813 2208 2197 4013 
3814 2318 2319 4014 
3815 2319 2607 4014 
3816 2607 2318 4014 
3817 2037 2671 4015 
3818 2671 2769 4015 
3819 2769 2037 4015 
3820 2599 2254 4016 
3821 2254 2622 4016 
3822 2622 2599 4016 
3823 2310 2311 4017 
3824 2311 2312 4017 
3825 2312 2310 4017 
3826 2169 2147 4018 
3827 2147 2170 4018 
3828 2170 2169 4018 
3829 2610 2177 4019 
3830 2177 2718 4019 
3831 2718 2610 4019 
3832 2435 2677 4020 
3833 2677 2678 4020 
3834 2678 2435 4020 
3835 2137 2139 4021 
3836 2139 2635 4021 
3837 2635 2137 4021 
3838 2184 2186 4022 
3839 2186 2188 4022 
3840 2188 2184 4022 
3841 2316 2330 4023 
3842 2330 2598 4023 
3843 2598 2316 4023 
3844 2590 879 4024 
3845 879 2666 4024 
3846 2666 2590 4024 
3847 2154 2155 4025 
3848 2155 2156 4025 
3849 2156 2154 4025 
3850 2628 2161 4026 
3851 2161 2648 4026 
3852 2648 2628 4026 
3853 2182 2156 4027 
3854 2156 2183 4027 
3855 2183 2182 4027 
3856 2544 2599 4028 
3857 2599 2622 4028 
3858 2622 2544 4028 
3859 2241 2242 4029 
3860 2242 2243 4029 
3861 2243 2241 4029 
3862 2507 2498 4030 
3863 2498 2782 4030 
3864 2782 2507 4030 
3865 2197 2191 4031 
3866 2191 2198 4031 
3867 2198 2197 4031 
3868 2390 2484 4032 
3869 2484 2714 4032 
3870 2714 2390 4032 
3871 108 2074 4033 
3872 2074 2661 4033 
3873 2661 108 4033 
3874 2171 2170 4034 
3875 2170 2174 4034 
3876 2174 2171 4034 
3877 2564 2205 4035 
3878 2205 2688 4035 
3879 2688 2564 4035 
3880 2480 2478 4036 
3881 2478 2710 4036 
3882 2710 2480 4036 
3883 2315 2313 4037 
3884 2313 2598 4037 
3885 2598 2315 4037 
3886 2146 2127 4038 
3887 2127 2147 4038 
3888 2147 2146 4038 
3889 2243 2244 4039 
3890 2244 2245 4039 
3891 2245 2243 4039 
3892 2654 2411 4040 
3893 2411 2655 4040 
3894 2655 2654 4040 
3895 2038 2736 4041 
3896 2736 2766 4041 
3897 2766 2038 4041 
3898 2313 2316 4042 
3899 2316 2598 4042 
3900 2598 2313 4042 
3901 2698 2079 4043 
3902 2079 2716 4043 
3903 2716 2698 4043 
3904 2082 2583 4044 
3905 2583 2782 4044 
3906 2782 2082 4044 
3907 2209 2341 4045 
3908 2341 2594 4045 
3909 2594 2209 4045 
3910 1684 1719 4046 
3911 1719 2534 4046 
3912 2534 1684 4046 
3913 79 80 4047 
3914 80 2707 4047 
3915 2707 79 4047 
3916 2038 64 4048 
3917 64 2736 4048 
3918 2736 2038 4048 
3919 2519 2071 4049 
3920 2071 2702 4049 
3921 2702 2519 4049 
3922 2184 2183 4050 
3923 2183 2185 4050 
3924 2185 2184 4050 
3925 2048 634 4051 
3926 634 2688 4051 
3927 2688 2048 4051 
3928 2374 2293 4052 
3929 2293 2665 4052 
3930 2665 2374 4052 
3931 2157 2612 4053 
3932 2612 2761 4053 
3933 2761 2157 4053 
3934 2338 2318 4054 
3935 2318 2607 4054 
3936 2607 2338 4054 
3937 2737 83 4055 
3938 83 2777 4055 
3939 2777 2737 4055 
3940 2271 2277 4056 
3941 2277 2348 4056 
3942 2348 2271 4056 
3943 2310 2312 4057 
3944 2312 2662 4057 
3945 2662 2310 4057 
3946 2109 2459 4058 
3947 2459 2631 4058 
3948 2631 2109 4058 
3949 2635 2139 4059 
3950 2139 2660 4059 
3951 2660 2635 4059 
3952 2691 2217 4060 
3953 2217 2722 4060 
3954 2722 2691 4060 
3955 2236 2238 4061 
3956 2238 2271 4061 
3957 2271 2236 4061 
3958 2426 2548 4062 
3959 2548 2729 4062 
3960 2729 2426 4062 
3961 2324 2343 4063 
3962 2343 2754 4063 
3963 2754 2324 4063 
3964 2191 2187 4064 
3965 2187 2205 4064 
3966 2205 2191 4064 
3967 2093 2179 4065 
3968 2179 2619 4065 
3969 2619 2093 4065 
3970 2161 2533 4066 
3971 2533 2648 4066 
3972 2648 2161 4066 
3973 2602 2632 4067 
3974 2632 2717 4067 
3975 2717 2602 4067 
3976 2557 2202 4068 
3977 2202 2741 4068 
3978 2741 2557 4068 
3979 2197 2208 4069 
3980 2208 2587 4069 
3981 2587 2197 4069 
3982 2228 2230 4070 
3983 2230 2663 4070 
3984 2663 2228 4070 
3985 2149 2570 4071 
3986 2570 2778 4071 
3987 2778 2149 4071 
3988 2648 2533 4072 
3989 2533 2656 4072 
3990 2656 2648 4072 
3991 2754 2343 4073 
3992 2343 2769 4073 
3993 2769 2754 4073 
3994 2299 2614 4074 
3995 2614 2653 4074 
3996 2653 2299 4074 
3997 2181 2182 4075 
3998 2182 2189 4075 
3999 2189 2181 4075 
4000 2047 2466 4076 
4001 2466 2700 4076 
4002 2700 2047 4076 
4003 2424 2426 4077 
4004 2426 2729 4077 
4005 2729 2424 4077 
4006 2117 2134 4078 
4007 2134 2617 4078 
4008 2617 2117 4078 
4009 2329 2604 4079 
4010 2604 2642 4079 
4011 2642 2329 4079 
4012 2228 2663 4080 
4013 2663 2692 4080 
4014 2692 2228 4080 
4015 2067 2590 4081 
4016 2590 2634 4081 
4017 2634 2067 4081 
4018 2277 2272 4082 
4019 2272 2286 4082 
4020 2286 2277 4082 
4021 2035 2665 4083 
4022 2665 2724 4083 
4023 2724 2035 4083 
4024 2095 2093 4084 
4025 2093 2619 4084 
4026 2619 2095 4084 
4027 2386 2038 4085 
4028 2038 2772 4085 
4029 2772 2386 4085 
4030 2533 2162 4086 
4031 2162 2656 4086 
4032 2656 2533 4086 
4033 2331 2704 4087 
4034 2704 2767 4087 
4035 2767 2331 4087 
4036 2184 2185 4088 
4037 2185 2186 4088 
4038 2186 2184 4088 
4039 2216 2218 4089 
4040 2218 2641 4089 
4041 2641 2216 4089 
4042 2045 2644 4090 
4043 2644 2645 4090 
4044 2645 2045 4090 
4045 2300 2294 4091 
4046 2294 2766 4091 
4047 2766 2300 4091 
4048 2139 2141 4092 
4049 2141 2660 4092 
4050 2660 2139 4092 
4051 2355 2350 4093 
4052 2350 2356 4093 
4053 2356 2355 4093 
4054 2175 2202 4094 
4055 2202 2739 4094 
4056 2739 2175 4094 
4057 2220 2380 4095 
4058 2380 2709 4095 
4059 2709 2220 4095 
4060 2162 2532 4096 
4061 2532 2651 4096 
4062 2651 2162 4096 
4063 2577 2344 4097 
4064 2344 2759 4097 
4065 2759 2577 4097 
4066 2162 2651 4098 
4067 2651 2656 4098 
4068 2656 2162 4098 
4069 879 914 4099 
4070 914 2666 4099 
4071 2666 879 4099 
4072 2336 2299 4100 
4073 2299 2653 4100 
4074 2653 2336 4100 
4075 2181 2612 4101 
4076 2612 2695 4101 
4077 2695 2181 4101 
4078 2190 2191 4102 
4079 2191 2197 4102 
4080 2197 2190 4102 
4081 2366 2674 4103 
4082 2674 2675 4103 
4083 2675 2366 4103 
4084 2207 2524 4104 
4085 2524 2760 4104 
4086 2760 2207 4104 
4087 2611 2374 4105 
4088 2374 2665 4105 
4089 2665 2611 4105 
4090 2293 2291 4106 
4091 2291 2665 4106 
4092 2665 2293 4106 
4093 2593 2287 4107 
4094 2287 2652 4107 
4095 2652 2593 4107 
4096 2118 2377 4108 
4097 2377 2649 4108 
4098 2649 2118 4108 
4099 2051 2690 4109 
4100 2690 2714 4109 
4101 2714 2051 4109 
4102 2296 2298 4110 
4103 2298 2772 4110 
4104 2772 2296 4110 
4105 2332 2333 4111 
4106 2333 2349 4111 
4107 2349 2332 4111 
4108 2154 2156 4112 
4109 2156 2181 4112 
4110 2181 2154 4112 
4111 2380 2222 4113 
4112 2222 2742 4113 
4113 2742 2380 4113 
4114 2630 2550 4114 
4115 2550 2780 4114 
4116 2780 2630 4114 
4117 2205 2187 4115 
4118 2187 2597 4115 
4119 2597 2205 4115 
4120 2498 2603 4116 
4121 2603 2782 4116 
4122 2782 2498 4116 
4123 2168 2095 4117 
4124 2095 2619 4117 
4125 2619 2168 4117 
4126 2181 2156 4118 
4127 2156 2182 4118 
4128 2182 2181 4118 
4129 2329 2328 4119 
4130 2328 2604 4119 
4131 2604 2329 4119 
4132 1894 1929 4120 
4133 1929 2589 4120 
4134 2589 1894 4120 
4135 2270 2553 4121 
4136 2553 2664 4121 
4137 2664 2270 4121 
4138 2182 2183 4122 
4139 2183 2184 4122 
4140 2184 2182 4122 
4141 2287 2379 4123 
4142 2379 2652 4123 
4143 2652 2287 4123 
4144 2271 2238 4124 
4145 2238 2272 4124 
4146 2272 2271 4124 
4147 2116 2109 4125 
4148 2109 2631 4125 
4149 2631 2116 4125 
4150 2556 2424 4126 
4151 2424 2729 4126 
4152 2729 2556 4126 
4153 2423 2540 4127 
4154 2540 2750 4127 
4155 2750 2423 4127 
4156 2035 2611 4128 
4157 2611 2665 4128 
4158 2665 2035 4128 
4159 2332 2158 4129 
4160 2158 2333 4129 
4161 2333 2332 4129 
4162 2271 2272 4130 
4163 2272 2277 4130 
4164 2277 2271 4130 
4165 2365 2329 4131 
4166 2329 2642 4131 
4167 2642 2365 4131 
4168 2343 2389 4132 
4169 2389 2633 4132 
4170 2633 2343 4132 
4171 2130 2450 4133 
4172 2450 2746 4133 
4173 2746 2130 4133 
4174 2596 2270 4134 
4175 2270 2664 4134 
4176 2664 2596 4134 
4177 2500 2502 4135 
4178 2502 2693 4135 
4179 2693 2500 4135 
4180 2317 2327 4136 
4181 2327 2738 4136 
4182 2738 2317 4136 
4183 2379 2284 4137 
4184 2284 2671 4137 
4185 2671 2379 4137 
4186 2456 2609 4138 
4187 2609 2756 4138 
4188 2756 2456 4138 
4189 2183 2156 4139 
4190 2156 2728 4139 
4191 2728 2183 4139 
4192 2312 2321 4140 
4193 2321 2662 4140 
4194 2662 2312 4140 
4195 2630 2740 4141 
4196 2740 2774 4141 
4197 2774 2630 4141 
4198 2135 2556 4142 
4199 2556 2729 4142 
4200 2729 2135 4142 
4201 2190 2187 4143 
4202 2187 2191 4143 
4203 2191 2190 4143 
4204 2186 2185 4144 
4205 2185 2187 4144 
4206 2187 2186 4144 
4207 2554 2598 4145 
4208 2598 2712 4145 
4209 2712 2554 4145 
4210 2665 2291 4146 
4211 2291 2724 4146 
4212 2724 2665 4146 
4213 2646 2645 4147 
4214 2645 2681 4147 
4215 2681 2646 4147 
4216 2334 2590 4148 
4217 2590 2666 4148 
4218 2666 2334 4148 
4219 2468 2591 4149 
4220 2591 2757 4149 
4221 2757 2468 4149 
4222 2497 2610 4150 
4223 2610 2718 4150 
4224 2718 2497 4150 
4225 2524 2206 4151 
4226 2206 2702 4151 
4227 2702 2524 4151 
4228 2373 2632 4152 
4229 2632 2747 4152 
4230 2747 2373 4152 
4231 1824 1859 4153 
4232 1859 2149 4153 
4233 2149 1824 4153 
4234 1859 1894 4154 
4235 1894 2569 4154 
4236 2569 1859 4154 
4237 2215 2392 4155 
4238 2392 2763 4155 
4239 2763 2215 4155 
4240 2184 2188 4156 
4241 2188 2639 4156 
4242 2639 2184 4156 
4243 2067 2634 4157 
4244 2634 2691 4157 
4245 2691 2067 4157 
4246 2354 2352 4158 
4247 2352 2446 4158 
4248 2446 2354 4158 
4249 2201 2174 4159 
4250 2174 2686 4159 
4251 2686 2201 4159 
4252 2364 2563 4160 
4253 2563 2788 4160 
4254 2788 2364 4160 
4255 2502 2660 4161 
4256 2660 2693 4161 
4257 2693 2502 4161 
4258 2337 2469 4162 
4259 2469 2740 4162 
4260 2740 2337 4162 
4261 2573 2572 4163 
4262 2572 2574 4163 
4263 2574 2573 4163 
4264 2346 2571 4164 
4265 2571 2589 4164 
4266 2589 2346 4164 
4267 2602 2541 4165 
4268 2541 2632 4165 
4269 2632 2602 4165 
4270 2560 2207 4166 
4271 2207 2760 4166 
4272 2760 2560 4166 
4273 122 123 4167 
4274 123 2711 4167 
4275 2711 122 4167 
4276 2631 2460 4168 
4277 2460 2764 4168 
4278 2764 2631 4168 
4279 2598 2330 4169 
4280 2330 2712 4169 
4281 2712 2598 4169 
4282 97 2566 4170 
4283 2566 2730 4170 
4284 2730 97 4170 
4285 2193 2170 4171 
4286 2170 2705 4171 
4287 2705 2193 4171 
4288 2553 2281 4172 
4289 2281 2664 4172 
4290 2664 2553 4172 
4291 2186 2187 4173 
4292 2187 2190 4173 
4293 2190 2186 4173 
4294 2656 2651 4174 
4295 2651 2701 4174 
4296 2701 2656 4174 
4297 88 2580 4175 
4298 2580 2731 4175 
4299 2731 88 4175 
4300 111 112 4176 
4301 112 2719 4176 
4302 2719 111 4176 
4303 2582 135 4177 
4304 135 2732 4177 
4305 2732 2582 4177 
4306 2583 144 4178 
4307 144 2733 4178 
4308 2733 2583 4178 
4309 2166 2116 4179 
4310 2116 2631 4179 
4311 2631 2166 4179 
4312 2172 2592 4180 
4313 2592 2748 4180 
4314 2748 2172 4180 
4315 2563 2448 4181 
4316 2448 2579 4181 
4317 2579 2563 4181 
4318 2307 2309 4182 
4319 2309 2310 4182 
4320 2310 2307 4182 
4321 2239 2241 4183 
4322 2241 2257 4183 
4323 2257 2239 4183 
4324 2624 2408 4184 
4325 2408 2734 4184 
4326 2734 2624 4184 
4327 2230 2368 4185 
4328 2368 2663 4185 
4329 2663 2230 4185 
4330 2540 2042 4186 
4331 2042 2750 4186 
4332 2750 2540 4186 
4333 2341 2211 4187 
4334 2211 2716 4187 
4335 2716 2341 4187 
4336 2425 2423 4188 
4337 2423 2750 4188 
4338 2750 2425 4188 
4339 1089 2045 4189 
4340 2045 2758 4189 
4341 2758 1089 4189 
4342 2301 2300 4190 
4343 2300 2659 4190 
4344 2659 2301 4190 
4345 2365 2647 4191 
4346 2647 2675 4191 
4347 2675 2365 4191 
4348 2642 2362 4192 
4349 2362 2758 4192 
4350 2758 2642 4192 
4351 2144 2172 4193 
4352 2172 2718 4193 
4353 2718 2144 4193 
4354 2226 2228 4194 
4355 2228 2692 4194 
4356 2692 2226 4194 
4357 2418 2586 4195 
4358 2586 2723 4195 
4359 2723 2418 4195 
4360 82 83 4196 
4361 83 2737 4196 
4362 2737 82 4196 
4363 2291 2289 4197 
4364 2289 2724 4197 
4365 2724 2291 4197 
4366 1159 2056 4198 
4367 2056 2697 4198 
4368 2697 1159 4198 
4369 2435 2678 4199 
4370 2678 2679 4199 
4371 2679 2435 4199 
4372 2774 2049 4200 
4373 2049 2775 4200 
4374 2775 2774 4200 
4375 2617 2468 4201 
4376 2468 2705 4201 
4377 2705 2617 4201 
4378 2216 2641 4202 
4379 2641 2698 4202 
4380 2698 2216 4202 
4381 2288 2551 4203 
4382 2551 2700 4203 
4383 2700 2288 4203 
4384 2657 2347 4204 
4385 2347 2745 4204 
4386 2745 2657 4204 
4387 2196 2344 4205 
4388 2344 2347 4205 
4389 2347 2196 4205 
4390 2085 96 4206 
4391 96 2730 4206 
4392 2730 2085 4206 
4393 2440 2655 4207 
4394 2655 2738 4207 
4395 2738 2440 4207 
4396 2213 2216 4208 
4397 2216 2698 4208 
4398 2698 2213 4208 
4399 2086 87 4209 
4400 87 2731 4209 
4401 2731 2086 4209 
4402 2433 2667 4210 
4403 2667 2668 4210 
4404 2668 2433 4210 
4405 49 2088 4211 
4406 2088 2733 4211 
4407 2733 49 4211 
4408 136 2087 4212 
4409 2087 2732 4212 
4410 2732 136 4212 
4411 2389 2542 4213 
4412 2542 2707 4213 
4413 2707 2389 4213 
4414 2690 2286 4214 
4415 2286 2714 4214 
4416 2714 2690 4214 
4417 704 739 4215 
4418 739 2726 4215 
4419 2726 704 4215 
4420 2634 2219 4216 
4421 2219 2691 4216 
4422 2691 2634 4216 
4423 2243 2602 4217 
4424 2602 2717 4217 
4425 2717 2243 4217 
4426 2529 2067 4218 
4427 2067 2691 4218 
4428 2691 2529 4218 
4429 2641 2218 4219 
4430 2218 2709 4219 
4431 2709 2641 4219 
4432 2308 2370 4220 
4433 2370 2781 4220 
4434 2781 2308 4220 
4435 2438 2044 4221 
4436 2044 2439 4221 
4437 2439 2438 4221 
4438 2335 2552 4222 
4439 2552 2773 4222 
4440 2773 2335 4222 
4441 2692 2428 4223 
4442 2428 2721 4223 
4443 2721 2692 4223 
4444 2155 2165 4224 
4445 2165 2728 4224 
4446 2728 2155 4224 
4447 2347 2657 4225 
4448 2657 2751 4225 
4449 2751 2347 4225 
4450 2549 2480 4226 
4451 2480 2787 4226 
4452 2787 2549 4226 
4453 2548 2135 4227 
4454 2135 2729 4227 
4455 2729 2548 4227 
4456 2667 2326 4228 
4457 2326 2781 4228 
4458 2781 2667 4228 
4459 1719 1754 4229 
4460 1754 2447 4229 
4461 2447 1719 4229 
4462 2498 2497 4230 
4463 2497 2748 4230 
4464 2748 2498 4230 
4465 2218 2220 4231 
4466 2220 2709 4231 
4467 2709 2218 4231 
4468 634 2048 4232 
4469 2048 2600 4232 
4470 2600 634 4232 
4471 2663 2074 4233 
4472 2074 2692 4233 
4473 2692 2663 4233 
4474 2510 2560 4234 
4475 2560 2760 4234 
4476 2760 2510 4234 
4477 2335 2336 4235 
4478 2336 2720 4235 
4479 2720 2335 4235 
4480 83 84 4236 
4481 84 2777 4236 
4482 2777 83 4236 
4483 2214 2585 4237 
4484 2585 2751 4237 
4485 2751 2214 4237 
4486 2368 2232 4238 
4487 2232 2685 4238 
4488 2685 2368 4238 
4489 2204 2175 4239 
4490 2175 2739 4239 
4491 2739 2204 4239 
4492 2464 2467 4240 
4493 2467 2756 4240 
4494 2756 2464 4240 
4495 2542 2554 4241 
4496 2554 2712 4241 
4497 2712 2542 4241 
4498 2632 2541 4242 
4499 2541 2747 4242 
4500 2747 2632 4242 
4501 2174 2193 4243 
4502 2193 2686 4243 
4503 2686 2174 4243 
4504 2687 2331 4244 
4505 2331 2767 4244 
4506 2767 2687 4244 
4507 2187 2185 4245 
4508 2185 2597 4245 
4509 2597 2187 4245 
4510 2224 2226 4246 
4511 2226 2721 4246 
4512 2721 2224 4246 
4513 1999 2129 4247 
4514 2129 2578 4247 
4515 2578 1999 4247 
4516 2211 2213 4248 
4517 2213 2716 4248 
4518 2716 2211 4248 
4519 2368 2661 4249 
4520 2661 2663 4249 
4521 2663 2368 4249 
4522 2362 2363 4250 
4523 2363 2758 4250 
4524 2758 2362 4250 
4525 2210 2618 4251 
4526 2618 2650 4251 
4527 2650 2210 4251 
4528 2604 2362 4252 
4529 2362 2642 4252 
4530 2642 2604 4252 
4531 2273 2604 4253 
4532 2604 2706 4253 
4533 2706 2273 4253 
4534 2567 2136 4254 
4535 2136 2744 4254 
4536 2744 2567 4254 
4537 2575 2129 4255 
4538 2129 2576 4255 
4539 2576 2575 4255 
4540 2189 2182 4256 
4541 2182 2639 4256 
4542 2639 2189 4256 
4543 2566 2085 4257 
4544 2085 2730 4257 
4545 2730 2566 4257 
4546 2529 2691 4258 
4547 2691 2722 4258 
4548 2722 2529 4258 
4549 2286 2272 4259 
4550 2272 2703 4259 
4551 2703 2286 4259 
4552 2448 2449 4260 
4553 2449 2684 4260 
4554 2684 2448 4260 
4555 2580 2086 4261 
4556 2086 2731 4261 
4557 2731 2580 4261 
4558 2188 2186 4262 
4559 2186 2658 4262 
4560 2658 2188 4262 
4561 2065 2529 4263 
4562 2529 2722 4263 
4563 2722 2065 4263 
4564 2087 2582 4264 
4565 2582 2732 4264 
4566 2732 2087 4264 
4567 2088 2583 4265 
4568 2583 2733 4265 
4569 2733 2088 4265 
4570 2271 2348 4266 
4571 2348 2689 4266 
4572 2689 2271 4266 
4573 2408 2406 4267 
4574 2406 2734 4267 
4575 2734 2408 4267 
4576 1789 1824 4268 
4577 1824 2595 4268 
4578 2595 1789 4268 
4579 2226 2692 4269 
4580 2692 2721 4269 
4581 2721 2226 4269 
4582 2577 2345 4270 
4583 2345 2670 4270 
4584 2670 2577 4270 
4585 2277 2286 4271 
4586 2286 2690 4271 
4587 2690 2277 4271 
4588 2166 2631 4272 
4589 2631 2764 4272 
4590 2764 2166 4272 
4591 2367 2754 4273 
4592 2754 2769 4273 
4593 2769 2367 4273 
4594 2213 2698 4274 
4595 2698 2716 4274 
4596 2716 2213 4274 
4597 2551 2290 4275 
4598 2290 2725 4275 
4599 2725 2551 4275 
4600 2575 2572 4276 
4601 2572 2578 4276 
4602 2578 2575 4276 
4603 2724 2289 4277 
4604 2289 2771 4277 
4605 2771 2724 4277 
4606 2075 2624 4278 
4607 2624 2734 4278 
4608 2734 2075 4278 
4609 2329 2365 4279 
4610 2365 2749 4279 
4611 2749 2329 4279 
4612 2338 2621 4280 
4613 2621 2727 4280 
4614 2727 2338 4280 
4615 2136 2586 4281 
4616 2586 2744 4281 
4617 2744 2136 4281 
4618 2157 2152 4282 
4619 2152 2695 4282 
4620 2695 2157 4282 
4621 2353 2352 4283 
4622 2352 2354 4283 
4623 2354 2353 4283 
4624 2182 2184 4284 
4625 2184 2639 4284 
4626 2639 2182 4284 
4627 2586 2420 4285 
4628 2420 2744 4285 
4629 2744 2586 4285 
4630 2434 2436 4286 
4631 2436 2437 4286 
4632 2437 2434 4286 
4633 2560 2509 4287 
4634 2509 2752 4287 
4635 2752 2560 4287 
4636 2641 2393 4288 
4637 2393 2698 4288 
4638 2698 2641 4288 
4639 2343 2633 4289 
4640 2633 2769 4289 
4641 2769 2343 4289 
4642 2195 2765 4290 
4643 2765 2767 4290 
4644 2767 2195 4290 
4645 2222 2224 4291 
4646 2224 2742 4291 
4647 2742 2222 4291 
4648 2627 2189 4292 
4649 2189 2639 4292 
4650 2639 2627 4292 
4651 2045 1089 4293 
4652 1089 2644 4293 
4653 2644 2045 4293 
4654 2640 2301 4294 
4655 2301 2659 4294 
4656 2659 2640 4294 
4657 1929 2346 4295 
4658 2346 2589 4295 
4659 2589 1929 4295 
4660 2330 2338 4296 
4661 2338 2727 4296 
4662 2727 2330 4296 
4663 2233 2236 4297 
4664 2236 2689 4297 
4665 2689 2233 4297 
4666 2643 2645 4298 
4667 2645 2646 4298 
4668 2646 2643 4298 
4669 2180 2166 4299 
4670 2166 2764 4299 
4671 2764 2180 4299 
4672 2369 2324 4300 
4673 2324 2754 4300 
4674 2754 2369 4300 
4675 2355 2356 4301 
4676 2356 2776 4301 
4677 2776 2355 4301 
4678 2586 2636 4302 
4679 2636 2723 4302 
4680 2723 2586 4302 
4681 2541 2259 4303 
4682 2259 2747 4303 
4683 2747 2541 4303 
4684 2186 2190 4304 
4685 2190 2658 4304 
4686 2658 2186 4304 
4687 2430 2431 4305 
4688 2431 2432 4305 
4689 2432 2430 4305 
4690 2668 2672 4306 
4691 2672 2674 4306 
4692 2674 2668 4306 
4693 2224 2721 4307 
4694 2721 2742 4307 
4695 2742 2224 4307 
4696 2080 2641 4308 
4697 2641 2709 4308 
4698 2709 2080 4308 
4699 2676 2366 4309 
4700 2366 2677 4309 
4701 2677 2676 4309 
4702 2643 2646 4310 
4703 2646 2647 4310 
4704 2647 2643 4310 
4705 2621 2053 4311 
4706 2053 2727 4311 
4707 2727 2621 4311 
4708 2298 2335 4312 
4709 2335 2773 4312 
4710 2773 2298 4312 
4711 2360 2627 4313 
4712 2627 2699 4313 
4713 2699 2360 4313 
4714 2636 2168 4314 
4715 2168 2723 4314 
4716 2723 2636 4314 
4717 2152 2154 4315 
4718 2154 2695 4315 
4719 2695 2152 4315 
4720 2165 2196 4316 
4721 2196 2585 4316 
4722 2585 2165 4316 
4723 2294 2296 4317 
4724 2296 2766 4317 
4725 2766 2294 4317 
4726 2289 2562 4318 
4727 2562 2771 4318 
4728 2771 2289 4318 
4729 2509 2592 4319 
4730 2592 2752 4319 
4731 2752 2509 4319 
4732 2147 2617 4320 
4733 2617 2705 4320 
4734 2705 2147 4320 
4735 2633 2037 4321 
4736 2037 2769 4321 
4737 2769 2633 4321 
4738 2349 2333 4322 
4739 2333 2630 4322 
4740 2630 2349 4322 
4741 2165 2585 4323 
4742 2585 2728 4323 
4743 2728 2165 4323 
4744 2170 2147 4324 
4745 2147 2705 4324 
4746 2705 2170 4324 
4747 2348 2277 4325 
4748 2277 2708 4325 
4749 2708 2348 4325 
4750 2612 2361 4326 
4751 2361 2761 4326 
4752 2761 2612 4326 
4753 2202 2527 4327 
4754 2527 2741 4327 
4755 2741 2202 4327 
4756 2661 2074 4328 
4757 2074 2663 4328 
4758 2663 2661 4328 
4759 2579 2684 4329 
4760 2684 2755 4329 
4761 2755 2579 4329 
4762 2592 2525 4330 
4763 2525 2752 4330 
4764 2752 2592 4330 
4765 2238 2239 4331 
4766 2239 2696 4331 
4767 2696 2238 4331 
4768 2327 2440 4332 
4769 2440 2738 4332 
4770 2738 2327 4332 
4771 2673 2308 4333 
4772 2308 2779 4333 
4773 2779 2673 4333 
4774 2156 2155 4334 
4775 2155 2728 4334 
4776 2728 2156 4334 
4777 2354 2446 4335 
4778 2446 2448 4335 
4779 2448 2354 4335 
4780 2652 2379 4336 
4781 2379 2777 4336 
4782 2777 2652 4336 
4783 2643 2365 4337 
4784 2365 2789 4337 
4785 2789 2643 4337 
4786 2651 2427 4338 
4787 2427 2701 4338 
4788 2701 2651 4338 
4789 2351 2352 4339 
4790 2352 2353 4339 
4791 2353 2351 4339 
4792 2277 2690 4340 
4793 2690 2708 4340 
4794 2708 2277 4340 
4795 2668 2667 4341 
4796 2667 2672 4341 
4797 2672 2668 4341 
4798 2272 2238 4342 
4799 2238 2696 4342 
4800 2696 2272 4342 
4801 2574 2572 4343 
4802 2572 2575 4343 
4803 2575 2574 4343 
4804 2745 2347 4344 
4805 2347 2784 4344 
4806 2784 2745 4344 
4807 2154 2181 4345 
4808 2181 2695 4345 
4809 2695 2154 4345 
4810 2489 2656 4346 
4811 2656 2701 4346 
4812 2701 2489 4346 
4813 2604 2328 4347 
4814 2328 2706 4347 
4815 2706 2604 4347 
4816 2550 2169 4348 
4817 2169 2780 4348 
4818 2780 2550 4348 
4819 2236 2271 4349 
4820 2271 2689 4349 
4821 2689 2236 4349 
4822 2436 2434 4350 
4823 2434 2713 4350 
4824 2713 2436 4350 
4825 2653 2549 4351 
4826 2549 2787 4351 
4827 2787 2653 4351 
4828 2365 2642 4352 
4829 2642 2789 4352 
4830 2789 2365 4352 
4831 599 2355 4353 
4832 2355 2776 4353 
4833 2776 599 4353 
4834 2433 2668 4354 
4835 2668 2676 4354 
4836 2676 2433 4354 
4837 2659 2300 4355 
4838 2300 2736 4355 
4839 2736 2659 4355 
4840 2571 2346 4356 
4841 2346 2572 4356 
4842 2572 2571 4356 
4843 1719 2447 4357 
4844 2447 2534 4357 
4845 2534 1719 4357 
4846 2712 2330 4358 
4847 2330 2727 4358 
4848 2727 2712 4358 
4849 2345 2577 4359 
4850 2577 2759 4359 
4851 2759 2345 4359 
4852 2678 2646 4360 
4853 2646 2679 4360 
4854 2679 2678 4360 
4855 2603 2082 4361 
4856 2082 2782 4361 
4857 2782 2603 4361 
4858 2572 2346 4362 
4859 2346 2578 4362 
4860 2578 2572 4362 
4861 2449 2670 4363 
4862 2670 2684 4363 
4863 2684 2449 4363 
4864 2674 2305 4364 
4865 2305 2675 4364 
4866 2675 2674 4364 
4867 2657 2214 4365 
4868 2214 2751 4365 
4869 2751 2657 4365 
4870 2354 2448 4366 
4871 2448 2563 4366 
4872 2563 2354 4366 
4873 2356 2349 4367 
4874 2349 2774 4367 
4875 2774 2356 4367 
4876 1649 2130 4368 
4877 2130 2623 4368 
4878 2623 1649 4368 
4879 2239 2257 4369 
4880 2257 2696 4369 
4881 2696 2239 4369 
4882 2149 1859 4370 
4883 1859 2569 4370 
4884 2569 2149 4370 
4885 2328 2302 4371 
4886 2302 2762 4371 
4887 2762 2328 4371 
4888 2370 2667 4372 
4889 2667 2781 4372 
4890 2781 2370 4372 
4891 2433 2676 4373 
4892 2676 2713 4373 
4893 2713 2433 4373 
4894 179 2784 4374 
4895 2784 2785 4374 
4896 2785 179 4374 
4897 2241 2243 4375 
4898 2243 2717 4375 
4899 2717 2241 4375 
4900 2257 2241 4376 
4901 2241 2717 4376 
4902 2717 2257 4376 
4903 2579 2195 4377 
4904 2195 2788 4377 
4905 2788 2579 4377 
4906 2285 2234 4378 
4907 2234 2768 4378 
4908 2768 2285 4378 
4909 2157 2761 4379 
4910 2761 2786 4379 
4911 2786 2157 4379 
4912 2569 1894 4380 
4913 1894 2589 4380 
4914 2589 2569 4380 
4915 2584 1789 4381 
4916 1789 2595 4381 
4917 2595 2584 4381 
4918 2480 2710 4382 
4919 2710 2787 4382 
4920 2787 2480 4382 
4921 2363 2285 4383 
4922 2285 2753 4383 
4923 2753 2363 4383 
4924 2164 2687 4384 
4925 2687 2767 4384 
4926 2767 2164 4384 
4927 2740 2049 4385 
4928 2049 2774 4385 
4929 2774 2740 4385 
4930 2570 2569 4386 
4931 2569 2571 4386 
4932 2571 2570 4386 
4933 2649 2359 4387 
4934 2359 2735 4387 
4935 2735 2649 4387 
4936 2765 2164 4388 
4937 2164 2767 4388 
4938 2767 2765 4388 
4939 2150 2157 4389 
4940 2157 2786 4389 
4941 2786 2150 4389 
4942 1824 2149 4390 
4943 2149 2595 4390 
4944 2595 1824 4390 
4945 2352 2623 4391 
4946 2623 2746 4391 
4947 2746 2352 4391 
4948 2574 2575 4392 
4949 2575 2577 4392 
4950 2577 2574 4392 
4951 2379 2671 4393 
4952 2671 2737 4393 
4953 2737 2379 4393 
4954 2571 2569 4394 
4955 2569 2589 4394 
4956 2589 2571 4394 
4957 2574 2577 4395 
4958 2577 2670 4395 
4959 2670 2574 4395 
4960 2195 2704 4396 
4961 2704 2788 4396 
4962 2788 2195 4396 
4963 2447 1754 4397 
4964 1754 2584 4397 
4965 2584 2447 4397 
4966 2675 2305 4398 
4967 2305 2749 4398 
4968 2749 2675 4398 
4969 2272 2696 4399 
4970 2696 2703 4399 
4971 2703 2272 4399 
4972 2600 2048 4400 
4973 2048 2745 4400 
4974 2745 2600 4400 
4975 2706 2328 4401 
4976 2328 2762 4401 
4977 2762 2706 4401 
4978 2704 2195 4402 
4979 2195 2767 4402 
4980 2767 2704 4402 
4981 2337 2630 4403 
4982 2630 2780 4403 
4983 2780 2337 4403 
4984 2680 2682 4404 
4985 2682 2694 4404 
4986 2694 2680 4404 
4987 2753 2285 4405 
4988 2285 2768 4405 
4989 2768 2753 4405 
4990 2677 2647 4406 
4991 2647 2678 4406 
4992 2678 2677 4406 
4993 2450 2535 4407 
4994 2535 2743 4407 
4995 2743 2450 4407 
4996 2630 2337 4408 
4997 2337 2740 4408 
4998 2740 2630 4408 
4999 2670 2345 4409 
5000 2345 2684 4409 
5001 2684 2670 4409 
5002 2570 2571 4410 
5003 2571 2573 4410 
5004 2573 2570 4410 
5005 2351 2353 4411 
5006 2353 2355 4411 
5007 2355 2351 4411 
5008 2584 2595 4412 
5009 2595 2778 4412 
5010 2778 2584 4412 
5011 2336 2653 4413 
5012 2653 2787 4413 
5013 2787 2336 4413 
5014 2667 2370 4414 
5015 2370 2672 4414 
5016 2672 2667 4414 
5017 2690 2378 4415 
5018 2378 2708 4415 
5019 2708 2690 4415 
5020 2446 2450 4416 
5021 2450 2743 4416 
5022 2743 2446 4416 
5023 2353 2354 4417 
5024 2354 2715 4417 
5025 2715 2353 4417 
5026 2149 2569 4418 
5027 2569 2570 4418 
5028 2570 2149 4418 
5029 2065 2722 4419 
5030 2722 2763 4419 
5031 2763 2065 4419 
5032 2684 2345 4420 
5033 2345 2755 4420 
5034 2755 2684 4420 
5035 2623 2130 4421 
5036 2130 2746 4421 
5037 2746 2623 4421 
5038 2381 2706 4422 
5039 2706 2762 4422 
5040 2762 2381 4422 
5041 2196 2347 4423 
5042 2347 2751 4423 
5043 2751 2196 4423 
5044 2710 2336 4424 
5045 2336 2787 4424 
5046 2787 2710 4424 
5047 2761 2377 4425 
5048 2377 2786 4425 
5049 2786 2761 4425 
5050 2585 2196 4426 
5051 2196 2751 4426 
5052 2751 2585 4426 
5053 2045 2643 4427 
5054 2643 2789 4427 
5055 2789 2045 4427 
5056 2354 2563 4428 
5057 2563 2715 4428 
5058 2715 2354 4428 
5059 2388 2753 4429 
5060 2753 2768 4429 
5061 2768 2388 4429 
5062 2048 2657 4430 
5063 2657 2745 4430 
5064 2745 2048 4430 
5065 2365 2675 4431 
5066 2675 2749 4431 
5067 2749 2365 4431 
5068 2766 2296 4432 
5069 2296 2772 4432 
5070 2772 2766 4432 
5071 2704 2364 4433 
5072 2364 2788 4433 
5073 2788 2704 4433 
5074 2038 2766 4434 
5075 2766 2772 4434 
5076 2772 2038 4434 
5077 2683 2680 4435 
5078 2680 2694 4435 
5079 2694 2683 4435 
5080 2600 2745 4436 
5081 2745 2783 4436 
5082 2783 2600 4436 
5083 2450 2446 4437 
5084 2446 2746 4437 
5085 2746 2450 4437 
5086 2306 2673 4438 
5087 2673 2779 4438 
5088 2779 2306 4438 
5089 2784 2347 4439 
5090 2347 2785 4439 
5091 2785 2784 4439 
5092 2783 2745 4440 
5093 2745 2784 4440 
5094 2784 2783 4440 
5095 179 2600 4441 
5096 2600 2783 4441 
5097 2783 179 4441 
5098 1089 214 4442 
5099 214 2644 4442 
5100 2644 1089 4442 
5101 2644 214 4443 
5102 214 2645 4443 
5103 2645 2644 4443 
5104 2645 214 4444 
5105 214 2681 4444 
5106 2681 2645 4444 
5107 1579 599 4445 
5108 599 2775 4445 
5109 2775 1579 4445 
5110 2775 599 4446 
5111 599 2776 4446 
5112 2776 2775 4446 
5113 1124 2044 4447 
5114 2044 2432 4447 
5115 2432 1124 4447 
5116 179 634 4448 
5117 634 2600 4448 
5118 2600 179 4448 
5119 2034 179 4449 
5120 179 2576 4449 
5121 2576 2034 4449 
5122 214 249 4450 
5123 249 2694 4450 
5124 2694 214 4450 
5125 2681 214 4451 
5126 214 2682 4451 
5127 2682 2681 4451 
5128 2682 214 4452 
5129 214 2694 4452 
5130 2694 2682 4452 
5131 249 284 4453 
5132 284 2694 4453 
5133 2694 249 4453 
5134 284 319 4454 
5135 319 2694 4454 
5136 2694 284 4454 
5137 319 354 4455 
5138 354 2683 4455 
5139 2683 319 4455 
5140 354 389 4456 
5141 389 2683 4456 
5142 2683 354 4456 
5143 389 424 4457 
5144 424 2683 4457 
5145 2683 389 4457 
5146 424 459 4458 
5147 459 2683 4458 
5148 2683 424 4458 
5149 459 494 4459 
5150 494 2625 4459 
5151 2625 459 4459 
5152 494 529 4460 
5153 529 2625 4460 
5154 2625 494 4460 
5155 529 564 4461 
5156 564 2437 4461 
5157 2437 529 4461 
5158 529 2437 4462 
5159 2437 2625 4462 
5160 2625 529 4462 
5161 564 1124 4463 
5162 1124 2432 4463 
5163 2432 564 4463 
5164 564 2432 4464 
5165 2432 2437 4464 
5166 2437 564 4464 
5167 2129 2034 4465 
5168 2034 2576 4465 
5169 2576 2129 4465 
5170 2625 2680 4466 
5171 2680 2683 4466 
5172 2683 2625 4466 
2 1 3 1880
5173 3 36 1580 565 
5174 565 1580 1581 566 
5175 566 1581 1582 567 
5176 567 1582 1583 568 
5177 568 1583 1584 569 
5178 569 1584 1585 570 
5179 570 1585 1586 571 
5180 571 1586 1587 572 
5181 572 1587 1588 573 
5182 573 1588 1589 574 
5183 574 1589 1590 575 
5184 575 1590 1591 576 
5185 576 1591 1592 577 
5186 577 1592 1593 578 
5187 578 1593 1594 579 
5188 579 1594 1595 580 
5189 580 1595 1596 581 
5190 581 1596 1597 582 
5191 582 1597 1598 583 
5192 583 1598 1599 584 
5193 584 1599 1600 585 
5194 585 1600 1601 586 
5195 586 1601 1602 587 
5196 587 1602 1603 588 
5197 588 1603 1604 589 
5198 589 1604 1605 590 
5199 590 1605 1606 591 
5200 591 1606 1607 592 
5201 592 1607 1608 593 
5202 593 1608 1609 594 
5203 594 1609 1610 595 
5204 595 1610 1611 596 
5205 596 1611 1612 597 
5206 597 1612 1613 598 
5207 598 1613 1614 599 
5208 36 37 1615 1580 
5209 1580 1615 1616 1581 
5210 1581 1616 1617 1582 
5211 1582 1617 1618 1583 
5212 1583 1618 1619 1584 
5213 1584 1619 1620 1585 
5214 1585 1620 1621 1586 
5215 1586 1621 1622 1587 
5216 1587 1622 1623 1588 
5217 1588 1623 1624 1589 
5218 1589 1624 1625 1590 
5219 1590 1625 1626 1591 
5220 1591 1626 1627 1592 
5221 1592 1627 1628 1593 
5222 1593 1628 1629 1594 
5223 1594 1629 1630 1595 
5224 1595 1630 1631 1596 
5225 1596 1631 1632 1597 
5226 1597 1632 1633 1598 
5227 1598 1633 1634 1599 
5228 1599 1634 1635 1600 
5229 1600 1635 1636 1601 
5230 1601 1636 1637 1602 
5231 1602 1637 1638 1603 
5232 1603 1638 1639 1604 
5233 1604 1639 1640 1605 
5234 1605 1640 1641 1606 
5235 1606 1641 1642 1607 
5236 1607 1642 1643 1608 
5237 1608 1643 1644 1609 
5238 1609 1644 1645 1610 
5239 1610 1645 1646 1611 
5240 1611 1646 1647 1612 
5241 1612 1647 1648 1613 
5242 1613 1648 1649 1614 
5243 37 38 1650 1615 
5244 1615 1650 1651 1616 
5245 1616 1651 1652 1617 
5246 1617 1652 1653 1618 
5247 1618 1653 1654 1619 
5248 1619 1654 1655 1620 
5249 1620 1655 1656 1621 
5250 1621 1656 1657 1622 
5251 1622 1657 1658 1623 
5252 1623 1658 1659 1624 
5253 1624 1659 1660 1625 
5254 1625 1660 1661 1626 
5255 1626 1661 1662 1627 
5256 1627 1662 1663 1628 
5257 1628 1663 1664 1629 
5258 1629 1664 1665 1630 
5259 1630 1665 1666 1631 
5260 1631 1666 1667 1632 
5261 1632 1667 1668 1633 
5262 1633 1668 1669 1634 
5263 1634 1669 1670 1635 
5264 1635 1670 1671 1636 
5265 1636 1671 1672 1637 
5266 1637 1672 1673 1638 
5267 1638 1673 1674 1639 
5268 1639 1674 1675 1640 
5269 1640 1675 1676 1641 
5270 1641 1676 1677 1642 
5271 1642 1677 1678 1643 
5272 1643 1678 1679 1644 
5273 1644 1679 1680 1645 
5274 1645 1680 1681 1646 
5275 1646 1681 1682 1647 
5276 1647 1682 1683 1648 
5277 1648 1683 1684 1649 
5278 38 39 1685 1650 
5279 1650 1685 1686 1651 
5280 1651 1686 1687 1652 
5281 1652 1687 1688 1653 
5282 1653 1688 1689 1654 
5283 1654 1689 1690 1655 
5284 1655 1690 1691 1656 
5285 1656 1691 1692 1657 
5286 1657 1692 1693 1658 
5287 1658 1693 1694 1659 
5288 1659 1694 1695 1660 
5289 1660 1695 1696 1661 
5290 1661 1696 1697 1662 
5291 1662 1697 1698 1663 
5292 1663 1698 1699 1664 
5293 1664 1699 1700 1665 
5294 1665 1700 1701 1666 
5295 1666 1701 1702 1667 
5296 1667 1702 1703 1668 
5297 1668 1703 1704 1669 
5298 1669 1704 1705 1670 
5299 1670 1705 1706 1671 
5300 1671 1706 1707 1672 
5301 1672 1707 1708 1673 
5302 1673 1708 1709 1674 
5303 1674 1709 1710 1675 
5304 1675 1710 1711 1676 
5305 1676 1711 1712 1677 
5306 1677 1712 1713 1678 
5307 1678 1713 1714 1679 
5308 1679 1714 1715 1680 
5309 1680 1715 1716 1681 
5310 1681 1716 1717 1682 
5311 1682 1717 1718 1683 
5312 1683 1718 1719 1684 
5313 39 40 1720 1685 
5314 1685 1720 1721 1686 
5315 1686 1721 1722 1687 
5316 1687 1722 1723 1688 
5317 1688 1723 1724 1689 
5318 1689 1724 1725 1690 
5319 1690 1725 1726 1691 
5320 1691 1726 1727 1692 
5321 1692 1727 1728 1693 
5322 1693 1728 1729 1694 
5323 1694 1729 1730 1695 
5324 1695 1730 1731 1696 
5325 1696 1731 1732 1697 
5326 1697 1732 1733 1698 
5327 1698 1733 1734 1699 
5328 1699 1734 1735 1700 
5329 1700 1735 1736 1701 
5330 1701 1736 1737 1702 
5331 1702 1737 1738 1703 
5332 1703 1738 1739 1704 
5333 1704 1739 1740 1705 
5334 1705 1740 1741 1706 
5335 1706 1741 1742 1707 
5336 1707 1742 1743 1708 
5337 1708 1743 1744 1709 
5338 1709 1744 1745 1710 
5339 1710 1745 1746 1711 
5340 1711 1746 1747 1712 
5341 1712 1747 1748 1713 
5342 1713 1748 1749 1714 
5343 1714 1749 1750 1715 
5344 1715 1750 1751 1716 
5345 1716 1751 1752 1717 
5346 1717 1752 1753 1718 
5347 1718 1753 1754 1719 
5348 40 41 1755 1720 
5349 1720 1755 1756 1721 
5350 1721 1756 1757 1722 
5351 1722 1757 1758 1723 
5352 1723 1758 1759 1724 
5353 1724 1759 1760 1725 
5354 1725 1760 1761 1726 
5355 1726 1761 1762 1727 
5356 1727 1762 1763 1728 
5357 1728 1763 1764 1729 
5358 1729 1764 1765 1730 
5359 1730 1765 1766 1731 
5360 1731 1766 1767 1732 
5361 1732 1767 1768 1733 
5362 1733 1768 1769 1734 
5363 1734 1769 1770 1735 
5364 1735 1770 1771 1736 
5365 1736 1771 1772 1737 
5366 1737 1772 1773 1738 
5367 1738 1773 1774 1739 
5368 1739 1774 1775 1740 
5369 1740 1775 1776 1741 
5370 1741 1776 1777 1742 
5371 1742 1777 1778 1743 
5372 1743 1778 1779 1744 
5373 1744 1779 1780 1745 
5374 1745 1780 1781 1746 
5375 1746 1781 1782 1747 
5376 1747 1782 1783 1748 
5377 1748 1783 1784 1749 
5378 1749 1784 1785 1750 
5379 1750 1785 1786 1751 
5380 1751 1786 1787 1752 
5381 1752 1787 1788 1753 
5382 1753 1788 1789 1754 
5383 41 42 1790 1755 
5384 1755 1790 1791 1756 
5385 1756 1791 1792 1757 
5386 1757 1792 1793 1758 
5387 1758 1793 1794 1759 
5388 1759 1794 1795 1760 
5389 1760 1795 1796 1761 
5390 1761 1796 1797 1762 
5391 1762 1797 1798 1763 
5392 1763 1798 1799 1764 
5393 1764 1799 1800 1765 
5394 1765 1800 1801 1766 
5395 1766 1801 1802 1767 
5396 1767 1802 1803 1768 
5397 1768 1803 1804 1769 
5398 1769 1804 1805 1770 
5399 1770 1805 1806 1771 
5400 1771 1806 1807 1772 
5401 1772 1807 1808 1773 
5402 1773 1808 1809 1774 
5403 1774 1809 1810 1775 
5404 1775 1810 1811 1776 
5405 1776 1811 1812 1777 
5406 1777 1812 1813 1778 
5407 1778 1813 1814 1779 
5408 1779 1814 1815 1780 
5409 1780 1815 1816 1781 
5410 1781 1816 1817 1782 
5411 1782 1817 1818 1783 
5412 1783 1818 1819 1784 
5413 1784 1819 1820 1785 
5414 1785 1820 1821 1786 
5415 1786 1821 1822 1787 
5416 1787 1822 1823 1788 
5417 1788 1823 1824 1789 
5418 42 43 1825 1790 
5419 1790 1825 1826 1791 
5420 1791 1826 1827 1792 
5421 1792 1827 1828 1793 
5422 1793 1828 1829 1794 
5423 1794 1829 1830 1795 
5424 1795 1830 1831 1796 
5425 1796 1831 1832 1797 
5426 1797 1832 1833 1798 
5427 1798 1833 1834 1799 
5428 1799 1834 1835 1800 
5429 1800 1835 1836 1801 
5430 1801 1836 1837 1802 
5431 1802 1837 1838 1803 
5432 1803 1838 1839 1804 
5433 1804 1839 1840 1805 
5434 1805 1840 1841 1806 
5435 1806 1841 1842 1807 
5436 1807 1842 1843 1808 
5437 1808 1843 1844 1809 
5438 1809 1844 1845 1810 
5439 1810 1845 1846 1811 
5440 1811 1846 1847 1812 
5441 1812 1847 1848 1813 
5442 1813 1848 1849 1814 
5443 1814 1849 1850 1815 
5444 1815 1850 1851 1816 
5445 1816 1851 1852 1817 
5446 1817 1852 1853 1818 
5447 1818 1853 1854 1819 
5448 1819 1854 1855 1820 
5449 1820 1855 1856 1821 
5450 1821 1856 1857 1822 
5451 1822 1857 1858 1823 
5452 1823 1858 1859 1824 
5453 22 23 1125 1090 
5454 1090 1125 1126 1091 
5455 1091 1126 1127 1092 
5456 1092 1127 1128 1093 
5457 1093 1128 1129 1094 
5458 1094 1129 1130 1095 
5459 1095 1130 1131 1096 
5460 1096 1131 1132 1097 
5461 1097 1132 1133 1098 
5462 1098 1133 1134 1099 
5463 1099 1134 1135 1100 
5464 1100 1135 1136 1101 
5465 1101 1136 1137 1102 
5466 1102 1137 1138 1103 
5467 1103 1138 1139 1104 
5468 1104 1139 1140 1105 
5469 1105 1140 1141 1106 
5470 1106 1141 1142 1107 
5471 1107 1142 1143 1108 
5472 1108 1143 1144 1109 
5473 1109 1144 1145 1110 
5474 1110 1145 1146 1111 
5475 1111 1146 1147 1112 
5476 1112 1147 1148 1113 
5477 1113 1148 1149 1114 
5478 1114 1149 1150 1115 
5479 1115 1150 1151 1116 
5480 1116 1151 1152 1117 
5481 1117 1152 1153 1118 
5482 1118 1153 1154 1119 
5483 1119 1154 1155 1120 
5484 1120 1155 1156 1121 
5485 1121 1156 1157 1122 
5486 1122 1157 1158 1123 
5487 1123 1158 1159 1124 
5488 43 44 1860 1825 
5489 1825 1860 1861 1826 
5490 1826 1861 1862 1827 
5491 1827 1862 1863 1828 
5492 1828 1863 1864 1829 
5493 1829 1864 1865 1830 
5494 1830 1865 1866 1831 
5495 1831 1866 1867 1832 
5496 1832 1867 1868 1833 
5497 1833 1868 1869 1834 
5498 1834 1869 1870 1835 
5499 1835 1870 1871 1836 
5500 1836 1871 1872 1837 
5501 1837 1872 1873 1838 
5502 1838 1873 1874 1839 
5503 1839 1874 1875 1840 
5504 1840 1875 1876 1841 
5505 1841 1876 1877 1842 
5506 1842 1877 1878 1843 
5507 1843 1878 1879 1844 
5508 1844 1879 1880 1845 
5509 1845 1880 1881 1846 
5510 1846 1881 1882 1847 
5511 1847 1882 1883 1848 
5512 1848 1883 1884 1849 
5513 1849 1884 1885 1850 
5514 1850 1885 1886 1851 
5515 1851 1886 1887 1852 
5516 1852 1887 1888 1853 
5517 1853 1888 1889 1854 
5518 1854 1889 1890 1855 
5519 1855 1890 1891 1856 
5520 1856 1891 1892 1857 
5521 1857 1892 1893 1858 
5522 1858 1893 1894 1859 
5523 44 45 1895 1860 
5524 1860 1895 1896 1861 
5525 1861 1896 1897 1862 
5526 1862 1897 1898 1863 
5527 1863 1898 1899 1864 
5528 1864 1899 1900 1865 
5529 1865 1900 1901 1866 
5530 1866 1901 1902 1867 
5531 1867 1902 1903 1868 
5532 1868 1903 1904 1869 
5533 1869 1904 1905 1870 
5534 1870 1905 1906 1871 
5535 1871 1906 1907 1872 
5536 1872 1907 1908 1873 
5537 1873 1908 1909 1874 
5538 1874 1909 1910 1875 
5539 1875 1910 1911 1876 
5540 1876 1911 1912 1877 
5541 1877 1912 1913 1878 
5542 1878 1913 1914 1879 
5543 1879 1914 1915 1880 
5544 1880 1915 1916 1881 
5545 1881 1916 1917 1882 
5546 1882 1917 1918 1883 
5547 1883 1918 1919 1884 
5548 1884 1919 1920 1885 
5549 1885 1920 1921 1886 
5550 1886 1921 1922 1887 
5551 1887 1922 1923 1888 
5552 1888 1923 1924 1889 
5553 1889 1924 1925 1890 
5554 1890 1925 1926 1891 
5555 1891 1926 1927 1892 
5556 1892 1927 1928 1893 
5557 1893 1928 1929 1894 
5558 45 46 1930 1895 
5559 1895 1930 1931 1896 
5560 1896 1931 1932 1897 
5561 1897 1932 1933 1898 
5562 1898 1933 1934 1899 
5563 1899 1934 1935 1900 
5564 1900 1935 1936 1901 
5565 1901 1936 1937 1902 
5566 1902 1937 1938 1903 
5567 1903 1938 1939 1904 
5568 1904 1939 1940 1905 
5569 1905 1940 1941 1906 
5570 1906 1941 1942 1907 
5571 1907 1942 1943 1908 
5572 1908 1943 1944 1909 
5573 1909 1944 1945 1910 
5574 1910 1945 1946 1911 
5575 1911 1946 1947 1912 
5576 1912 1947 1948 1913 
5577 1913 1948 1949 1914 
5578 1914 1949 1950 1915 
5579 1915 1950 1951 1916 
5580 1916 1951 1952 1917 
5581 1917 1952 1953 1918 
5582 1918 1953 1954 1919 
5583 1919 1954 1955 1920 
5584 1920 1955 1956 1921 
5585 1921 1956 1957 1922 
5586 1922 1957 1958 1923 
5587 1923 1958 1959 1924 
5588 1924 1959 1960 1925 
5589 1925 1960 1961 1926 
5590 1926 1961 1962 1927 
5591 1927 1962 1963 1928 
5592 1928 1963 1964 1929 
5593 46 47 1965 1930 
5594 1930 1965 1966 1931 
5595 1931 1966 1967 1932 
5596 1932 1967 1968 1933 
5597 1933 1968 1969 1934 
5598 1934 1969 1970 1935 
5599 1935 1970 1971 1936 
5600 1936 1971 1972 1937 
5601 1937 1972 1973 1938 
5602 1938 1973 1974 1939 
5603 1939 1974 1975 1940 
5604 1940 1975 1976 1941 
5605 1941 1976 1977 1942 
5606 1942 1977 1978 1943 
5607 1943 1978 1979 1944 
5608 1944 1979 1980 1945 
5609 1945 1980 1981 1946 
5610 1946 1981 1982 1947 
5611 1947 1982 1983 1948 
5612 1948 1983 1984 1949 
5613 1949 1984 1985 1950 
5614 1950 1985 1986 1951 
5615 1951 1986 1987 1952 
5616 1952 1987 1988 1953 
5617 1953 1988 1989 1954 
5618 1954 1989 1990 1955 
5619 1955 1990 1991 1956 
5620 1956 1991 1992 1957 
5621 1957 1992 1993 1958 
5622 1958 1993 1994 1959 
5623 1959 1994 1995 1960 
5624 1960 1995 1996 1961 
5625 1961 1996 1997 1962 
5626 1962 1997 1998 1963 
5627 1963 1998 1999 1964 
5628 47 48 2000 1965 
5629 1965 2000 2001 1966 
5630 1966 2001 2002 1967 
5631 1967 2002 2003 1968 
5632 1968 2003 2004 1969 
5633 1969 2004 2005 1970 
5634 1970 2005 2006 1971 
5635 1971 2006 2007 1972 
5636 1972 2007 2008 1973 
5637 1973 2008 2009 1974 
5638 1974 2009 2010 1975 
5639 1975 2010 2011 1976 
5640 1976 2011 2012 1977 
5641 1977 2012 2013 1978 
5642 1978 2013 2014 1979 
5643 1979 2014 2015 1980 
5644 1980 2015 2016 1981 
5645 1981 2016 2017 1982 
5646 1982 2017 2018 1983 
5647 1983 2018 2019 1984 
5648 1984 2019 2020 1985 
5649 1985 2020 2021 1986 
5650 1986 2021 2022 1987 
5651 1987 2022 2023 1988 
5652 1988 2023 2024 1989 
5653 1989 2024 2025 1990 
5654 1990 2025 2026 1991 
5655 1991 2026 2027 1992 
5656 1992 2027 2028 1993 
5657 1993 2028 2029 1994 
5658 1994 2029 2030 1995 
5659 1995 2030 2031 1996 
5660 1996 2031 2032 1997 
5661 1997 2032 2033 1998 
5662 1998 2033 2034 1999 
5663 48 1 145 2000 
5664 2000 145 146 2001 
5665 2001 146 147 2002 
5666 2002 147 148 2003 
5667 2003 148 149 2004 
5668 2004 149 150 2005 
5669 2005 150 151 2006 
5670 2006 151 152 2007 
5671 2007 152 153 2008 
5672 2008 153 154 2009 
5673 2009 154 155 2010 
5674 2010 155 156 2011 
5675 2011 156 157 2012 
5676 2012 157 158 2013 
5677 2013 158 159 2014 
5678 2014 159 160 2015 
5679 2015 160 161 2016 
5680 2016 161 162 2017 
5681 2017 162 163 2018 
5682 2018 163 164 2019 
5683 2019 164 165 2020 
5684 2020 165 166 2021 
5685 2021 166 167 2022 
5686 2022 167 168 2023 
5687 2023 168 169 2024 
5688 2024 169 170 2025 
5689 2025 170 171 2026 
5690 2026 171 172 2027 
5691 2027 172 173 2028 
5692 2028 173 174 2029 
5693 2029 174 175 2030 
5694 2030 175 176 2031 
5695 2031 176 177 2032 
5696 2032 177 178 2033 
5697 2033 178 179 2034 
5698 2 22 1090 530 
5699 530 1090 1091 531 
5700 531 1091 1092 532 
5701 532 1092 1093 533 
5702 533 1093 1094 534 
5703 534 1094 1095 535 
5704 535 1095 1096 536 
5705 536 1096 1097 537 
5706 537 1097 1098 538 
5707 538 1098 1099 539 
5708 539 1099 1100 540 
5709 540 1100 1101 541 
5710 541 1101 1102 542 
5711 542 1102 1103 543 
5712 543 1103 1104 544 
5713 544 1104 1105 545 
5714 545 1105 1106 546 
5715 546 1106 1107 547 
5716 547 1107 1108 548 
5717 548 1108 1109 549 
5718 549 1109 1110 550 
5719 550 1110 1111 551 
5720 551 1111 1112 552 
5721 552 1112 1113 553 
5722 553 1113 1114 554 
5723 554 1114 1115 555 
5724 555 1115 1116 556 
5725 556 1116 1117 557 
5726 557 1117 1118 558 
5727 558 1118 1119 559 
5728 559 1119 1120 560 
5729 560 1120 1121 561 
5730 561 1121 1122 562 
5731 562 1122 1123 563 
5732 563 1123 1124 564 
5733 8 9 635 600 
5734 600 635 636 601 
5735 601 636 637 602 
5736 602 637 638 603 
5737 603 638 639 604 
5738 604 639 640 605 
5739 605 640 641 606 
5740 606 641 642 607 
5741 607 642 643 608 
5742 608 643 644 609 
5743 609 644 645 610 
5744 610 645 646 611 
5745 611 646 647 612 
5746 612 647 648 613 
5747 613 648 649 614 
5748 614 649 650 615 
5749 615 650 651 616 
5750 616 651 652 617 
5751 617 652 653 618 
5752 618 653 654 619 
5753 619 654 655 620 
5754 620 655 656 621 
5755 621 656 657 622 
5756 622 657 658 623 
5757 623 658 659 624 
5758 624 659 660 625 
5759 625 660 661 626 
5760 626 661 662 627 
5761 627 662 663 628 
5762 628 663 664 629 
5763 629 664 665 630 
5764 630 665 666 631 
5765 631 666 667 632 
5766 632 667 668 633 
5767 633 668 669 634 
5768 23 24 1160 1125 
5769 1125 1160 1161 1126 
5770 1126 1161 1162 1127 
5771 1127 1162 1163 1128 
5772 1128 1163 1164 1129 
5773 1129 1164 1165 1130 
5774 1130 1165 1166 1131 
5775 1131 1166 1167 1132 
5776 1132 1167 1168 1133 
5777 1133 1168 1169 1134 
5778 1134 1169 1170 1135 
5779 1135 1170 1171 1136 
5780 1136 1171 1172 1137 
5781 1137 1172 1173 1138 
5782 1138 1173 1174 1139 
5783 1139 1174 1175 1140 
5784 1140 1175 1176 1141 
5785 1141 1176 1177 1142 
5786 1142 1177 1178 1143 
5787 1143 1178 1179 1144 
5788 1144 1179 1180 1145 
5789 1145 1180 1181 1146 
5790 1146 1181 1182 1147 
5791 1147 1182 1183 1148 
5792 1148 1183 1184 1149 
5793 1149 1184 1185 1150 
5794 1150 1185 1186 1151 
5795 1151 1186 1187 1152 
5796 1152 1187 1188 1153 
5797 1153 1188 1189 1154 
5798 1154 1189 1190 1155 
5799 1155 1190 1191 1156 
5800 1156 1191 1192 1157 
5801 1157 1192 1193 1158 
5802 1158 1193 1194 1159 
5803 24 25 1195 1160 
5804 1160 1195 1196 1161 
5805 1161 1196 1197 1162 
5806 1162 1197 1198 1163 
5807 1163 1198 1199 1164 
5808 1164 1199 1200 1165 
5809 1165 1200 1201 1166 
5810 1166 1201 1202 1167 
5811 1167 1202 1203 1168 
5812 1168 1203 1204 1169 
5813 1169 1204 1205 1170 
5814 1170 1205 1206 1171 
5815 1171 1206 1207 1172 
5816 1172 1207 1208 1173 
5817 1173 1208 1209 1174 
5818 1174 1209 1210 1175 
5819 1175 1210 1211 1176 
5820 1176 1211 1212 1177 
5821 1177 1212 1213 1178 
5822 1178 1213 1214 1179 
5823 1179 1214 1215 1180 
5824 1180 1215 1216 1181 
5825 1181 1216 1217 1182 
5826 1182 1217 1218 1183 
5827 1183 1218 1219 1184 
5828 1184 1219 1220 1185 
5829 1185 1220 1221 1186 
5830 1186 1221 1222 1187 
5831 1187 1222 1223 1188 
5832 1188 1223 1224 1189 
5833 1189 1224 1225 1190 
5834 1190 1225 1226 1191 
5835 1191 1226 1227 1192 
5836 1192 1227 1228 1193 
5837 1193 1228 1229 1194 
5838 25 26 1230 1195 
5839 1195 1230 1231 1196 
5840 1196 1231 1232 1197 
5841 1197 1232 1233 1198 
5842 1198 1233 1234 1199 
5843 1199 1234 1235 1200 
5844 1200 1235 1236 1201 
5845 1201 1236 1237 1202 
5846 1202 1237 1238 1203 
5847 1203 1238 1239 1204 
5848 1204 1239 1240 1205 
5849 1205 1240 1241 1206 
5850 1206 1241 1242 1207 
5851 1207 1242 1243 1208 
5852 1208 1243 1244 1209 
5853 1209 1244 1245 1210 
5854 1210 1245 1246 1211 
5855 1211 1246 1247 1212 
5856 1212 1247 1248 1213 
5857 1213 1248 1249 1214 
5858 1214 1249 1250 1215 
5859 1215 1250 1251 1216 
5860 1216 1251 1252 1217 
5861 1217 1252 1253 1218 
5862 1218 1253 1254 1219 
5863 1219 1254 1255 1220 
5864 1220 1255 1256 1221 
5865 1221 1256 1257 1222 
5866 1222 1257 1258 1223 
5867 1223 1258 1259 1224 
5868 1224 1259 1260 1225 
5869 1225 1260 1261 1226 
5870 1226 1261 1262 1227 
5871 1227 1262 1263 1228 
5872 1228 1263 1264 1229 
5873 26 27 1265 1230 
5874 1230 1265 1266 1231 
5875 1231 1266 1267 1232 
5876 1232 1267 1268 1233 
5877 1233 1268 1269 1234 
5878 1234 1269 1270 1235 
5879 1235 1270 1271 1236 
5880 1236 1271 1272 1237 
5881 1237 1272 1273 1238 
5882 1238 1273 1274 1239 
5883 1239 1274 1275 1240 
5884 1240 1275 1276 1241 
5885 1241 1276 1277 1242 
5886 1242 1277 1278 1243 
5887 1243 1278 1279 1244 
5888 1244 1279 1280 1245 
5889 1245 1280 1281 1246 
5890 1246 1281 1282 1247 
5891 1247 1282 1283 1248 
5892 1248 1283 1284 1249 
5893 1249 1284 1285 1250 
5894 1250 1285 1286 1251 
5895 1251 1286 1287 1252 
5896 1252 1287 1288 1253 
5897 1253 1288 1289 1254 
5898 1254 1289 1290 1255 
5899 1255 1290 1291 1256 
5900 1256 1291 1292 1257 
5901 1257 1292 1293 1258 
5902 1258 1293 1294 1259 
5903 1259 1294 1295 1260 
5904 1260 1295 1296 1261 
5905 1261 1296 1297 1262 
5906 1262 1297 1298 1263 
5907 1263 1298 1299 1264 
5908 27 28 1300 1265 
5909 1265 1300 1301 1266 
5910 1266 1301 1302 1267 
5911 1267 1302 1303 1268 
5912 1268 1303 1304 1269 
5913 1269 1304 1305 1270 
5914 1270 1305 1306 1271 
5915 1271 1306 1307 1272 
5916 1272 1307 1308 1273 
5917 1273 1308 1309 1274 
5918 1274 1309 1310 1275 
5919 1275 1310 1311 1276 
5920 1276 1311 1312 1277 
5921 1277 1312 1313 1278 
5922 1278 1313 1314 1279 
5923 1279 1314 1315 1280 
5924 1280 1315 1316 1281 
5925 1281 1316 1317 1282 
5926 1282 1317 1318 1283 
5927 1283 1318 1319 1284 
5928 1284 1319 1320 1285 
5929 1285 1320 1321 1286 
5930 1286 1321 1322 1287 
5931 1287 1322 1323 1288 
5932 1288 1323 1324 1289 
5933 1289 1324 1325 1290 
5934 1290 1325 1326 1291 
5935 1291 1326 1327 1292 
5936 1292 1327 1328 1293 
5937 1293 1328 1329 1294 
5938 1294 1329 1330 1295 
5939 1295 1330 1331 1296 
5940 1296 1331 1332 1297 
5941 1297 1332 1333 1298 
5942 1298 1333 1334 1299 
5943 28 29 1335 1300 
5944 1300 1335 1336 1301 
5945 1301 1336 1337 1302 
5946 1302 1337 1338 1303 
5947 1303 1338 1339 1304 
5948 1304 1339 1340 1305 
5949 1305 1340 1341 1306 
5950 1306 1341 1342 1307 
5951 1307 1342 1343 1308 
5952 1308 1343 1344 1309 
5953 1309 1344 1345 1310 
5954 1310 1345 1346 1311 
5955 1311 1346 1347 1312 
5956 1312 1347 1348 1313 
5957 1313 1348 1349 1314 
5958 1314 1349 1350 1315 
5959 1315 1350 1351 1316 
5960 1316 1351 1352 1317 
5961 1317 1352 1353 1318 
5962 1318 1353 1354 1319 
5963 1319 1354 1355 1320 
5964 1320 1355 1356 1321 
5965 1321 1356 1357 1322 
5966 1322 1357 1358 1323 
5967 1323 1358 1359 1324 
5968 1324 1359 1360 1325 
5969 1325 1360 1361 1326 
5970 1326 1361 1362 1327 
5971 1327 1362 1363 1328 
5972 1328 1363 1364 1329 
5973 1329 1364 1365 1330 
5974 1330 1365 1366 1331 
5975 1331 1366 1367 1332 
5976 1332 1367 1368 1333 
5977 1333 1368 1369 1334 
5978 29 30 1370 1335 
5979 1335 1370 1371 1336 
5980 1336 1371 1372 1337 
5981 1337 1372 1373 1338 
5982 1338 1373 1374 1339 
5983 1339 1374 1375 1340 
5984 1340 1375 1376 1341 
5985 1341 1376 1377 1342 
5986 1342 1377 1378 1343 
5987 1343 1378 1379 1344 
5988 1344 1379 1380 1345 
5989 1345 1380 1381 1346 
5990 1346 1381 1382 1347 
5991 1347 1382 1383 1348 
5992 1348 1383 1384 1349 
5993 1349 1384 1385 1350 
5994 1350 1385 1386 1351 
5995 1351 1386 1387 1352 
5996 1352 1387 1388 1353 
5997 1353 1388 1389 1354 
5998 1354 1389 1390 1355 
5999 1355 1390 1391 1356 
6000 1356 1391 1392 1357 
6001 1357 1392 1393 1358 
6002 1358 1393 1394 1359 
6003 1359 1394 1395 1360 
6004 1360 1395 1396 1361 
6005 1361 1396 1397 1362 
6006 1362 1397 1398 1363 
6007 1363 1398 1399 1364 
6008 1364 1399 1400 1365 
6009 1365 1400 1401 1366 
6010 1366 1401 1402 1367 
6011 1367 1402 1403 1368 
6012 1368 1403 1404 1369 
6013 30 31 1405 1370 
6014 1370 1405 1406 1371 
6015 1371 1406 1407 1372 
6016 1372 1407 1408 1373 
6017 1373 1408 1409 1374 
6018 1374 1409 1410 1375 
6019 1375 1410 1411 1376 
6020 1376 1411 1412 1377 
6021 1377 1412 1413 1378 
6022 1378 1413 1414 1379 
6023 1379 1414 1415 1380 
6024 1380 1415 1416 1381 
6025 1381 1416 1417 1382 
6026 1382 1417 1418 1383 
6027 1383 1418 1419 1384 
6028 1384 1419 1420 1385 
6029 1385 1420 1421 1386 
6030 1386 1421 1422 1387 
6031 1387 1422 1423 1388 
6032 1388 1423 1424 1389 
6033 1389 1424 1425 1390 
6034 1390 1425 1426 1391 
6035 1391 1426 1427 1392 
6036 1392 1427 1428 1393 
6037 1393 1428 1429 1394 
6038 1394 1429 1430 1395 
6039 1395 1430 1431 1396 
6040 1396 1431 1432 1397 
6041 1397 1432 1433 1398 
6042 1398 1433 1434 1399 
6043 1399 1434 1435 1400 
6044 1400 1435 1436 1401 
6045 1401 1436 1437 1402 
6046 1402 1437 1438 1403 
6047 1403 1438 1439 1404 
6048 31 32 1440 1405 
6049 1405 1440 1441 1406 
6050 1406 1441 1442 1407 
6051 1407 1442 1443 1408 
6052 1408 1443 1444 1409 
6053 1409 1444 1445 1410 
6054 1410 1445 1446 1411 
6055 1411 1446 1447 1412 
6056 1412 1447 1448 1413 
6057 1413 1448 1449 1414 
6058 1414 1449 1450 1415 
6059 1415 1450 1451 1416 
6060 1416 1451 1452 1417 
6061 1417 1452 1453 1418 
6062 1418 1453 1454 1419 
6063 1419 1454 1455 1420 
6064 1420 1455 1456 1421 
6065 1421 1456 1457 1422 
6066 1422 1457 1458 1423 
6067 1423 1458 1459 1424 
6068 1424 1459 1460 1425 
6069 1425 1460 1461 1426 
6070 1426 1461 1462 1427 
6071 1427 1462 1463 1428 
6072 1428 1463 1464 1429 
6073 1429 1464 1465 1430 
6074 1430 1465 1466 1431 
6075 1431 1466 1467 1432 
6076 1432 1467 1468 1433 
6077 1433 1468 1469 1434 
6078 1434 1469 1470 1435 
6079 1435 1470 1471 1436 
6080 1436 1471 1472 1437 
6081 1437 1472 1473 1438 
6082 1438 1473 1474 1439 
6083 32 33 1475 1440 
6084 1440 1475 1476 1441 
6085 1441 1476 1477 1442 
6086 1442 1477 1478 1443 
6087 1443 1478 1479 1444 
6088 1444 1479 1480 1445 
6089 1445 1480 1481 1446 
6090 1446 1481 1482 1447 
6091 1447 1482 1483 1448 
6092 1448 1483 1484 1449 
6093 1449 1484 1485 1450 
6094 1450 1485 1486 1451 
6095 1451 1486 1487 1452 
6096 1452 1487 1488 1453 
6097 1453 1488 1489 1454 
6098 1454 1489 1490 1455 
6099 1455 1490 1491 1456 
6100 1456 1491 1492 1457 
6101 1457 1492 1493 1458 
6102 1458 1493 1494 1459 
6103 1459 1494 1495 1460 
6104 1460 1495 1496 1461 
6105 1461 1496 1497 1462 
6106 1462 1497 1498 1463 
6107 1463 1498 1499 1464 
6108 1464 1499 1500 1465 
6109 1465 1500 1501 1466 
6110 1466 1501 1502 1467 
6111 1467 1502 1503 1468 
6112 1468 1503 1504 1469 
6113 1469 1504 1505 1470 
6114 1470 1505 1506 1471 
6115 1471 1506 1507 1472 
6116 1472 1507 1508 1473 
6117 1473 1508 1509 1474 
6118 33 34 1510 1475 
6119 1475 1510 1511 1476 
6120 1476 1511 1512 1477 
6121 1477 1512 1513 1478 
6122 1478 1513 1514 1479 
6123 1479 1514 1515 1480 
6124 1480 1515 1516 1481 
6125 1481 1516 1517 1482 
6126 1482 1517 1518 1483 
6127 1483 1518 1519 1484 
6128 1484 1519 1520 1485 
6129 1485 1520 1521 1486 
6130 1486 1521 1522 1487 
6131 1487 1522 1523 1488 
6132 1488 1523 1524 1489 
6133 1489 1524 1525 1490 
6134 1490 1525 1526 1491 
6135 1491 1526 1527 1492 
6136 1492 1527 1528 1493 
6137 1493 1528 1529 1494 
6138 1494 1529 1530 1495 
6139 1495 1530 1531 1496 
6140 1496 1531 1532 1497 
6141 1497 1532 1533 1498 
6142 1498 1533 1534 1499 
6143 1499 1534 1535 1500 
6144 1500 1535 1536 1501 
6145 1501 1536 1537 1502 
6146 1502 1537 1538 1503 
6147 1503 1538 1539 1504 
6148 1504 1539 1540 1505 
6149 1505 1540 1541 1506 
6150 1506 1541 1542 1507 
6151 1507 1542 1543 1508 
6152 1508 1543 1544 1509 
6153 34 35 1545 1510 
6154 1510 1545 1546 1511 
6155 1511 1546 1547 1512 
6156 1512 1547 1548 1513 
6157 1513 1548 1549 1514 
6158 1514 1549 1550 1515 
6159 1515 1550 1551 1516 
6160 1516 1551 1552 1517 
6161 1517 1552 1553 1518 
6162 1518 1553 1554 1519 
6163 1519 1554 1555 1520 
6164 1520 1555 1556 1521 
6165 1521 1556 1557 1522 
6166 1522 1557 1558 1523 
6167 1523 1558 1559 1524 
6168 1524 1559 1560 1525 
6169 1525 1560 1561 1526 
6170 1526 1561 1562 1527 
6171 1527 1562 1563 1528 
6172 1528 1563 1564 1529 
6173 1529 1564 1565 1530 
6174 1530 1565 1566 1531 
6175 1531 1566 1567 1532 
6176 1532 1567 1568 1533 
6177 1533 1568 1569 1534 
6178 1534 1569 1570 1535 
6179 1535 1570 1571 1536 
6180 1536 1571 1572 1537 
6181 1537 1572 1573 1538 
6182 1538 1573 1574 1539 
6183 1539 1574 1575 1540 
6184 1540 1575 1576 1541 
6185 1541 1576 1577 1542 
6186 1542 1577 1578 1543 
6187 1543 1578 1579 1544 
6188 35 3 565 1545 
6189 1545 565 566 1546 
6190 1546 566 567 1547 
6191 1547 567 568 1548 
6192 1548 568 569 1549 
6193 1549 569 570 1550 
6194 1550 570 571 1551 
6195 1551 571 572 1552 
6196 1552 572 573 1553 
6197 1553 573 574 1554 
6198 1554 574 575 1555 
6199 1555 575 576 1556 
6200 1556 576 577 1557 
6201 1557 577 578 1558 
6202 1558 578 579 1559 
6203 1559 579 580 1560 
6204 1560 580 581 1561 
6205 1561 581 582 1562 
6206 1562 582 583 1563 
6207 1563 583 584 1564 
6208 1564 584 585 1565 
6209 1565 585 586 1566 
6210 1566 586 587 1567 
6211 1567 587 588 1568 
6212 1568 588 589 1569 
6213 1569 589 590 1570 
6214 1570 590 591 1571 
6215 1571 591 592 1572 
6216 1572 592 593 1573 
6217 1573 593 594 1574 
6218 1574 594 595 1575 
6219 1575 595 596 1576 
6220 1576 596 597 1577 
6221 1577 597 598 1578 
6222 1578 598 599 1579 
6223 1 8 600 145 
6224 145 600 601 146 
6225 146 601 602 147 
6226 147 602 603 148 
6227 148 603 604 149 
6228 149 604 605 150 
6229 150 605 606 151 
6230 151 606 607 152 
6231 152 607 608 153 
6232 153 608 609 154 
6233 154 609 610 155 
6234 155 610 611 156 
6235 156 611 612 157 
6236 157 612 613 158 
6237 158 613 614 159 
6238 159 614 615 160 
6239 160 615 616 161 
6240 161 616 617 162 
6241 162 617 618 163 
6242 163 618 619 164 
6243 164 619 620 165 
6244 165 620 621 166 
6245 166 621 622 167 
6246 167 622 623 168 
6247 168 623 624 169 
6248 169 624 625 170 
6249 170 625 626 171 
6250 171 626 627 172 
6251 172 627 628 173 
6252 173 628 629 174 
6253 174 629 630 175 
6254 175 630 631 176 
6255 176 631 632 177 
6256 177 632 633 178 
6257 178 633 634 179 
6258 9 10 670 635 
6259 635 670 671 636 
6260 636 671 672 637 
6261 637 672 673 638 
6262 638 673 674 639 
6263 639 674 675 640 
6264 640 675 676 641 
6265 641 676 677 642 
6266 642 677 678 643 
6267 643 678 679 644 
6268 644 679 680 645 
6269 645 680 681 646 
6270 646 681 682 647 
6271 647 682 683 648 
6272 648 683 684 649 
6273 649 684 685 650 
6274 650 685 686 651 
6275 651 686 687 652 
6276 652 687 688 653 
6277 653 688 689 654 
6278 654 689 690 655 
6279 655 690 691 656 
6280 656 691 692 657 
6281 657 692 693 658 
6282 658 693 694 659 
6283 659 694 695 660 
6284 660 695 696 661 
6285 661 696 697 662 
6286 662 697 698 663 
6287 663 698 699 664 
6288 664 699 700 665 
6289 665 700 701 666 
6290 666 701 702 667 
6291 667 702 703 668 
6292 668 703 704 669 
6293 10 11 705 670 
6294 670 705 706 671 
6295 671 706 707 672 
6296 672 707 708 673 
6297 673 708 709 674 
6298 674 709 710 675 
6299 675 710 711 676 
6300 676 711 712 677 
6301 677 712 713 678 
6302 678 713 714 679 
6303 679 714 715 680 
6304 680 715 716 681 
6305 681 716 717 682 
6306 682 717 718 683 
6307 683 718 719 684 
6308 684 719 720 685 
6309 685 720 721 686 
6310 686 721 722 687 
6311 687 722 723 688 
6312 688 723 724 689 
6313 689 724 725 690 
6314 690 725 726 691 
6315 691 726 727 692 
6316 692 727 728 693 
6317 693 728 729 694 
6318 694 729 730 695 
6319 695 730 731 696 
6320 696 731 732 697 
6321 697 732 733 698 
6322 698 733 734 699 
6323 699 734 735 700 
6324 700 735 736 701 
6325 701 736 737 702 
6326 702 737 738 703 
6327 703 738 739 704 
6328 11 12 740 705 
6329 705 740 741 706 
6330 706 741 742 707 
6331 707 742 743 708 
6332 708 743 744 709 
6333 709 744 745 710 
6334 710 745 746 711 
6335 711 746 747 712 
6336 712 747 748 713 
6337 713 748 749 714 
6338 714 749 750 715 
6339 715 750 751 716 
6340 716 751 752 717 
6341 717 752 753 718 
6342 718 753 754 719 
6343 719 754 755 720 
6344 720 755 756 721 
6345 721 756 757 722 
6346 722 757 758 723 
6347 723 758 759 724 
6348 724 759 760 725 
6349 725 760 761 726 
6350 726 761 762 727 
6351 727 762 763 728 
6352 728 763 764 729 
6353 729 764 765 730 
6354 730 765 766 731 
6355 731 766 767 732 
6356 732 767 768 733 
6357 733 768 769 734 
6358 734 769 770 735 
6359 735 770 771 736 
6360 736 771 772 737 
6361 737 772 773 738 
6362 738 773 774 739 
6363 12 13 775 740 
6364 740 775 776 741 
6365 741 776 777 742 
6366 742 777 778 743 
6367 743 778 779 744 
6368 744 779 780 745 
6369 745 780 781 746 
6370 746 781 782 747 
6371 747 782 783 748 
6372 748 783 784 749 
6373 749 784 785 750 
6374 750 785 786 751 
6375 751 786 787 752 
6376 752 787 788 753 
6377 753 788 789 754 
6378 754 789 790 755 
6379 755 790 791 756 
6380 756 791 792 757 
6381 757 792 793 758 
6382 758 793 794 759 
6383 759 794 795 760 
6384 760 795 796 761 
6385 761 796 797 762 
6386 762 797 798 763 
6387 763 798 799 764 
6388 764 799 800 765 
6389 765 800 801 766 
6390 766 801 802 767 
6391 767 802 803 768 
6392 768 803 804 769 
6393 769 804 805 770 
6394 770 805 806 771 
6395 771 806 807 772 
6396 772 807 808 773 
6397 773 808 809 774 
6398 13 14 810 775 
6399 775 810 811 776 
6400 776 811 812 777 
6401 777 812 813 778 
6402 778 813 814 779 
6403 779 814 815 780 
6404 780 815 816 781 
6405 781 816 817 782 
6406 782 817 818 783 
6407 783 818 819 784 
6408 784 819 820 785 
6409 785 820 821 786 
6410 786 821 822 787 
6411 787 822 823 788 
6412 788 823 824 789 
6413 789 824 825 790 
6414 790 825 826 791 
6415 791 826 827 792 
6416 792 827 828 793 
6417 793 828 829 794 
6418 794 829 830 795 
6419 795 830 831 796 
6420 796 831 832 797 
6421 797 832 833 798 
6422 798 833 834 799 
6423 799 834 835 800 
6424 800 835 836 801 
6425 801 836 837 802 
6426 802 837 838 803 
6427 803 838 839 804 
6428 804 839 840 805 
6429 805 840 841 806 
6430 806 841 842 807 
6431 807 842 843 808 
6432 808 843 844 809 
6433 14 15 845 810 
6434 810 845 846 811 
6435 811 846 847 812 
6436 812 847 848 813 
6437 813 848 849 814 
6438 814 849 850 815 
6439 815 850 851 816 
6440 816 851 852 817 
6441 817 852 853 818 
6442 818 853 854 819 
6443 819 854 855 820 
6444 820 855 856 821 
6445 821 856 857 822 
6446 822 857 858 823 
6447 823 858 859 824 
6448 824 859 860 825 
6449 825 860 861 826 
6450 826 861 862 827 
6451 827 862 863 828 
6452 828 863 864 829 
6453 829 864 865 830 
6454 830 865 866 831 
6455 831 866 867 832 
6456 832 867 868 833 
6457 833 868 869 834 
6458 834 869 870 835 
6459 835 870 871 836 
6460 836 871 872 837 
6461 837 872 873 838 
6462 838 873 874 839 
6463 839 874 875 840 
6464 840 875 876 841 
6465 841 876 877 842 
6466 842 877 878 843 
6467 843 878 879 844 
6468 15 16 880 845 
6469 845 880 881 846 
6470 846 881 882 847 
6471 847 882 883 848 
6472 848 883 884 849 
6473 849 884 885 850 
6474 850 885 886 851 
6475 851 886 887 852 
6476 852 887 888 853 
6477 853 888 889 854 
6478 854 889 890 855 
6479 855 890 891 856 
6480 856 891 892 857 
6481 857 892 893 858 
6482 858 893 894 859 
6483 859 894 895 860 
6484 860 895 896 861 
6485 861 896 897 862 
6486 862 897 898 863 
6487 863 898 899 864 
6488 864 899 900 865 
6489 865 900 901 866 
6490 866 901 902 867 
6491 867 902 903 868 
6492 868 903 904 869 
6493 869 904 905 870 
6494 870 905 906 871 
6495 871 906 907 872 
6496 872 907 908 873 
6497 873 908 909 874 
6498 874 909 910 875 
6499 875 910 911 876 
6500 876 911 912 877 
6501 877 912 913 878 
6502 878 913 914 879 
6503 16 17 915 880 
6504 880 915 916 881 
6505 881 916 917 882 
6506 882 917 918 883 
6507 883 918 919 884 
6508 884 919 920 885 
6509 885 920 921 886 
6510 886 921 922 887 
6511 887 922 923 888 
6512 888 923 924 889 
6513 889 924 925 890 
6514 890 925 926 891 
6515 891 926 927 892 
6516 892 927 928 893 
6517 893 928 929 894 
6518 894 929 930 895 
6519 895 930 931 896 
6520 896 931 932 897 
6521 897 932 933 898 
6522 898 933 934 899 
6523 899 934 935 900 
6524 900 935 936 901 
6525 901 936 937 902 
6526 902 937 938 903 
6527 903 938 939 904 
6528 904 939 940 905 
6529 905 940 941 906 
6530 906 941 942 907 
6531 907 942 943 908 
6532 908 943 944 909 
6533 909 944 945 910 
6534 910 945 946 911 
6535 911 946 947 912 
6536 912 947 948 913 
6537 913 948 949 914 
6538 17 18 950 915 
6539 915 950 951 916 
6540 916 951 952 917 
6541 917 952 953 918 
6542 918 953 954 919 
6543 919 954 955 920 
6544 920 955 956 921 
6545 921 956 957 922 
6546 922 957 958 923 
6547 923 958 959 924 
6548 924 959 960 925 
6549 925 960 961 926 
6550 926 961 962 927 
6551 927 962 963 928 
6552 928 963 964 929 
6553 929 964 965 930 
6554 930 965 966 931 
6555 931 966 967 932 
6556 932 967 968 933 
6557 933 968 969 934 
6558 934 969 970 935 
6559 935 970 971 936 
6560 936 971 972 937 
6561 937 972 973 938 
6562 938 973 974 939 
6563 939 974 975 940 
6564 940 975 976 941 
6565 941 976 977 942 
6566 942 977 978 943 
6567 943 978 979 944 
6568 944 979 980 945 
6569 945 980 981 946 
6570 946 981 982 947 
6571 947 982 983 948 
6572 948 983 984 949 
6573 18 19 985 950 
6574 950 985 986 951 
6575 951 986 987 952 
6576 952 987 988 953 
6577 953 988 989 954 
6578 954 989 990 955 
6579 955 990 991 956 
6580 956 991 992 957 
6581 957 992 993 958 
6582 958 993 994 959 
6583 959 994 995 960 
6584 960 995 996 961 
6585 961 996 997 962 
6586 962 997 998 963 
6587 963 998 999 964 
6588 964 999 1000 965 
6589 965 1000 1001 966 
6590 966 1001 1002 967 
6591 967 1002 1003 968 
6592 968 1003 1004 969 
6593 969 1004 1005 970 
6594 970 1005 1006 971 
6595 971 1006 1007 972 
6596 972 1007 1008 973 
6597 973 1008 1009 974 
6598 974 1009 1010 975 
6599 975 1010 1011 976 
6600 976 1011 1012 977 
6601 977 1012 1013 978 
6602 978 1013 1014 979 
6603 979 1014 1015 980 
6604 980 1015 1016 981 
6605 981 1016 1017 982 
6606 982 1017 1018 983 
6607 983 1018 1019 984 
6608 19 20 1020 985 
6609 985 1020 1021 986 
6610 986 1021 1022 987 
6611 987 1022 1023 988 
6612 988 1023 1024 989 
6613 989 1024 1025 990 
6614 990 1025 1026 991 
6615 991 1026 1027 992 
6616 992 1027 1028 993 
6617 993 1028 1029 994 
6618 994 1029 1030 995 
6619 995 1030 1031 996 
6620 996 1031 1032 997 
6621 997 1032 1033 998 
6622 998 1033 1034 999 
6623 999 1034 1035 1000 
6624 1000 1035 1036 1001 
6625 1001 1036 1037 1002 
6626 1002 1037 1038 1003 
6627 1003 1038 1039 1004 
6628 1004 1039 1040 1005 
6629 1005 1040 1041 1006 
6630 1006 1041 1042 1007 
6631 1007 1042 1043 1008 
6632 1008 1043 1044 1009 
6633 1009 1044 1045 1010 
6634 1010 1045 1046 1011 
6635 1011 1046 1047 1012 
6636 1012 1047 1048 1013 
6637 1013 1048 1049 1014 
6638 1014 1049 1050 1015 
6639 1015 1050 1051 1016 
6640 1016 1051 1052 1017 
6641 1017 1052 1053 1018 
6642 1018 1053 1054 1019 
6643 20 21 1055 1020 
6644 1020 1055 1056 1021 
6645 1021 1056 1057 1022 
6646 1022 1057 1058 1023 
6647 1023 1058 1059 1024 
6648 1024 1059 1060 1025 
6649 1025 1060 1061 1026 
6650 1026 1061 1062 1027 
6651 1027 1062 1063 1028 
6652 1028 1063 1064 1029 
6653 1029 1064 1065 1030 
6654 1030 1065 1066 1031 
6655 1031 1066 1067 1032 
6656 1032 1067 1068 1033 
6657 1033 1068 1069 1034 
6658 1034 1069 1070 1035 
6659 1035 1070 1071 1036 
6660 1036 1071 1072 1037 
6661 1037 1072 1073 1038 
6662 1038 1073 1074 1039 
6663 1039 1074 1075 1040 
6664 1040 1075 1076 1041 
6665 1041 1076 1077 1042 
6666 1042 1077 1078 1043 
6667 1043 1078 1079 1044 
6668 1044 1079 1080 1045 
6669 1045 1080 1081 1046 
6670 1046 1081 1082 1047 
6671 1047 1082 1083 1048 
6672 1048 1083 1084 1049 
6673 1049 1084 1085 1050 
6674 1050 1085 1086 1051 
6675 1051 1086 1087 1052 
6676 1052 1087 1088 1053 
6677 1053 1088 1089 1054 
6678 21 2 180 1055 
6679 1055 180 181 1056 
6680 1056 181 182 1057 
6681 1057 182 183 1058 
6682 1058 183 184 1059 
6683 1059 184 185 1060 
6684 1060 185 186 1061 
6685 1061 186 187 1062 
6686 1062 187 188 1063 
6687 1063 188 189 1064 
6688 1064 189 190 1065 
6689 1065 190 191 1066 
6690 1066 191 192 1067 
6691 1067 192 193 1068 
6692 1068 193 194 1069 
6693 1069 194 195 1070 
6694 1070 195 196 1071 
6695 1071 196 197 1072 
6696 1072 197 198 1073 
6697 1073 198 199 1074 
6698 1074 199 200 1075 
6699 1075 200 201 1076 
6700 1076 201 202 1077 
6701 1077 202 203 1078 
6702 1078 203 204 1079 
6703 1079 204 205 1080 
6704 1080 205 206 1081 
6705 1081 206 207 1082 
6706 1082 207 208 1083 
6707 1083 208 209 1084 
6708 1084 209 210 1085 
6709 1085 210 211 1086 
6710 1086 211 212 1087 
6711 1087 212 213 1088 
6712 1088 213 214 1089 
6713 180 215 216 181 
6714 181 216 217 182 
6715 182 217 218 183 
6716 183 218 219 184 
6717 184 219 220 185 
6718 185 220 221 186 
6719 186 221 222 187 
6720 187 222 223 188 
6721 188 223 224 189 
6722 189 224 225 190 
6723 190 225 226 191 
6724 191 226 227 192 
6725 192 227 228 193 
6726 193 228 229 194 
6727 194 229 230 195 
6728 195 230 231 196 
6729 196 231 232 197 
6730 197 232 233 198 
6731 198 233 234 199 
6732 199 234 235 200 
6733 200 235 236 201 
6734 201 236 237 202 
6735 202 237 238 203 
6736 203 238 239 204 
6737 204 239 240 205 
6738 205 240 241 206 
6739 206 241 242 207 
6740 207 242 243 208 
6741 208 243 244 209 
6742 209 244 245 210 
6743 210 245 246 211 
6744 211 246 247 212 
6745 212 247 248 213 
6746 213 248 249 214 
6747 215 250 251 216 
6748 216 251 252 217 
6749 217 252 253 218 
6750 218 253 254 219 
6751 219 254 255 220 
6752 220 255 256 221 
6753 221 256 257 222 
6754 222 257 258 223 
6755 223 258 259 224 
6756 224 259 260 225 
6757 225 260 261 226 
6758 226 261 262 227 
6759 227 262 263 228 
6760 228 263 264 229 
6761 229 264 265 230 
6762 230 265 266 231 
6763 231 266 267 232 
6764 232 267 268 233 
6765 233 268 269 234 
6766 234 269 270 235 
6767 235 270 271 236 
6768 236 271 272 237 
6769 237 272 273 238 
6770 238 273 274 239 
6771 239 274 275 240 
6772 240 275 276 241 
6773 241 276 277 242 
6774 242 277 278 243 
6775 243 278 279 244 
6776 244 279 280 245 
6777 245 280 281 246 
6778 246 281 282 247 
6779 247 282 283 248 
6780 248 283 284 249 
6781 250 285 286 251 
6782 251 286 287 252 
6783 252 287 288 253 
6784 253 288 289 254 
6785 254 289 290 255 
6786 255 290 291 256 
6787 256 291 292 257 
6788 257 292 293 258 
6789 258 293 294 259 
6790 259 294 295 260 
6791 260 295 296 261 
6792 261 296 297 262 
6793 262 297 298 263 
6794 263 298 299 264 
6795 264 299 300 265 
6796 265 300 301 266 
6797 266 301 302 267 
6798 267 302 303 268 
6799 268 303 304 269 
6800 269 304 305 270 
6801 270 305 306 271 
6802 271 306 307 272 
6803 272 307 308 273 
6804 273 308 309 274 
6805 274 309 310 275 
6806 275 310 311 276 
6807 276 311 312 277 
6808 277 312 313 278 
6809 278 313 314 279 
6810 279 314 315 280 
6811 280 315 316 281 
6812 281 316 317 282 
6813 282 317 318 283 
6814 283 318 319 284 
6815 285 320 321 286 
6816 286 321 322 287 
6817 287 322 323 288 
6818 288 323 324 289 
6819 289 324 325 290 
6820 290 325 326 291 
6821 291 326 327 292 
6822 292 327 328 293 
6823 293 328 329 294 
6824 294 329 330 295 
6825 295 330 331 296 
6826 296 331 332 297 
6827 297 332 333 298 
6828 298 333 334 299 
6829 299 334 335 300 
6830 300 335 336 301 
6831 301 336 337 302 
6832 302 337 338 303 
6833 303 338 339 304 
6834 304 339 340 305 
6835 305 340 341 306 
6836 306 341 342 307 
6837 307 342 343 308 
6838 308 343 344 309 
6839 309 344 345 310 
6840 310 345 346 311 
6841 311 346 347 312 
6842 312 347 348 313 
6843 313 348 349 314 
6844 314 349 350 315 
6845 315 350 351 316 
6846 316 351 352 317 
6847 317 352 353 318 
6848 318 353 354 319 
6849 320 355 356 321 
6850 321 356 357 322 
6851 322 357 358 323 
6852 323 358 359 324 
6853 324 359 360 325 
6854 325 360 361 326 
6855 326 361 362 327 
6856 327 362 363 328 
6857 328 363 364 329 
6858 329 364 365 330 
6859 330 365 366 331 
6860 331 366 367 332 
6861 332 367 368 333 
6862 333 368 369 334 
6863 334 369 370 335 
6864 335 370 371 336 
6865 336 371 372 337 
6866 337 372 373 338 
6867 338 373 374 339 
6868 339 374 375 340 
6869 340 375 376 341 
6870 341 376 377 342 
6871 342 377 378 343 
6872 343 378 379 344 
6873 344 379 380 345 
6874 345 380 381 346 
6875 346 381 382 347 
6876 347 382 383 348 
6877 348 383 384 349 
6878 349 384 385 350 
6879 350 385 386 351 
6880 351 386 387 352 
6881 352 387 388 353 
6882 353 388 389 354 
6883 355 390 391 356 
6884 356 391 392 357 
6885 357 392 393 358 
6886 358 393 394 359 
6887 359 394 395 360 
6888 360 395 396 361 
6889 361 396 397 362 
6890 362 397 398 363 
6891 363 398 399 364 
6892 364 399 400 365 
6893 365 400 401 366 
6894 366 401 402 367 
6895 367 402 403 368 
6896 368 403 404 369 
6897 369 404 405 370 
6898 370 405 406 371 
6899 371 406 407 372 
6900 372 407 408 373 
6901 373 408 409 374 
6902 374 409 410 375 
6903 375 410 411 376 
6904 376 411 412 377 
6905 377 412 413 378 
6906 378 413 414 379 
6907 379 414 415 380 
6908 380 415 416 381 
6909 381 416 417 382 
6910 382 417 418 383 
6911 383 418 419 384 
6912 384 419 420 385 
6913 385 420 421 386 
6914 386 421 422 387 
6915 387 422 423 388 
6916 388 423 424 389 
6917 390 425 426 391 
6918 391 426 427 392 
6919 392 427 428 393 
6920 393 428 429 394 
6921 394 429 430 395 
6922 395 430 431 396 
6923 396 431 432 397 
6924 397 432 433 398 
6925 398 433 434 399 
6926 399 434 435 400 
6927 400 435 436 401 
6928 401 436 437 402 
6929 402 437 438 403 
6930 403 438 439 404 
6931 404 439 440 405 
6932 405 440 441 406 
6933 406 441 442 407 
6934 407 442 443 408 
6935 408 443 444 409 
6936 409 444 445 410 
6937 410 445 446 411 
6938 411 446 447 412 
6939 412 447 448 413 
6940 413 448 449 414 
6941 414 449 450 415 
6942 415 450 451 416 
6943 416 451 452 417 
6944 417 452 453 418 
6945 418 453 454 419 
6946 419 454 455 420 
6947 420 455 456 421 
6948 421 456 457 422 
6949 422 457 458 423 
6950 423 458 459 424 
6951 425 460 461 426 
6952 426 461 462 427 
6953 427 462 463 428 
6954 428 463 464 429 
6955 429 464 465 430 
6956 430 465 466 431 
6957 431 466 467 432 
6958 432 467 468 433 
6959 433 468 469 434 
6960 434 469 470 435 
6961 435 470 471 436 
6962 436 471 472 437 
6963 437 472 473 438 
6964 438 473 474 439 
6965 439 474 475 440 
6966 440 475 476 441 
6967 441 476 477 442 
6968 442 477 478 443 
6969 443 478 479 444 
6970 444 479 480 445 
6971 445 480 481 446 
6972 446 481 482 447 
6973 447 482 483 448 
6974 448 483 484 449 
6975 449 484 485 450 
6976 450 485 486 451 
6977 451 486 487 452 
6978 452 487 488 453 
6979 453 488 489 454 
6980 454 489 490 455 
6981 455 490 491 456 
6982 456 491 492 457 
6983 457 492 493 458 
6984 458 493 494 459 
6985 460 495 496 461 
6986 461 496 497 462 
6987 462 497 498 463 
6988 463 498 499 464 
6989 464 499 500 465 
6990 465 500 501 466 
6991 466 501 502 467 
6992 467 502 503 468 
6993 468 503 504 469 
6994 469 504 505 470 
6995 470 505 506 471 
6996 471 506 507 472 
6997 472 507 508 473 
6998 473 508 509 474 
6999 474 509 510 475 
7000 475 510 511 476 
7001 476 511 512 477 
7002 477 512 513 478 
7003 478 513 514 479 
7004 479 514 515 480 
7005 480 515 516 481 
7006 481 516 517 482 
7007 482 517 518 483 
7008 483 518 519 484 
7009 484 519 520 485 
7010 485 520 521 486 
7011 486 521 522 487 
7012 487 522 523 488 
7013 488 523 524 489 
7014 489 524 525 490 
7015 490 525 526 491 
7016 491 526 527 492 
7017 492 527 528 493 
7018 493 528 529 494 
7019 495 530 531 496 
7020 496 531 532 497 
7021 497 532 533 498 
7022 498 533 534 499 
7023 499 534 535 500 
7024 500 535 536 501 
7025 501 536 537 502 
7026 502 537 538 503 
7027 503 538 539 504 
7028 504 539 540 505 
7029 505 540 541 506 
7030 506 541 542 507 
7031 507 542 543 508 
7032 508 543 544 509 
7033 509 544 545 510 
7034 510 545 546 511 
7035 511 546 547 512 
7036 512 547 548 513 
7037 513 548 549 514 
7038 514 549 550 515 
7039 515 550 551 516 
7040 516 551 552 517 
7041 517 552 553 518 
7042 518 553 554 519 
7043 519 554 555 520 
7044 520 555 556 521 
7045 521 556 557 522 
7046 522 557 558 523 
7047 523 558 559 524 
7048 524 559 560 525 
7049 525 560 561 526 
7050 526 561 562 527 
7051 527 562 563 528 
7052 528 563 564 529 
$EndElements
