$MeshFormat
4.1 0 8
$EndMeshFormat
$PhysicalNames
5
1 1 "Left"
1 2 "Right"
1 3 "Bottom"
1 4 "Top"
2 5 "Fluid"
$EndPhysicalNames
$Entities
0 8 1 0
1 0 0 0 5 0 0 1 3 0 
2 5 0 0 5 1 0 1 3 0 
3 5 1 0 6 1 0 1 3 0 
4 6 0 0 6 1 0 1 3 0 
5 6 0 0 40 0 0 1 3 0 
6 40 0 0 40 10 0 1 2 0 
7 0 10 0 40 10 0 1 4 0 
8 0 0 0 0 10 0 1 1 0 
1 0 0 0 40 10 0 1 5 0 
$EndEntities
$Nodes
9 2824 1 2824
1 1 0 8
1
2
3
4
5
6
7
8
0 0 0
5 0 0
0.7142857142849606 0 0
1.42857142856859 0 0
2.142857142852801 0 0
2.857142857139601 0 0
3.5714285714264 0 0
4.285714285713201 0 0
1 2 0 2
9
10
5 1 0
5 0.4999999999986943 0
1 3 0 2
11
12
6 1 0
5.5 1 0
1 4 0 2
13
14
6 0 0
6 0.5000000000020587 0
1 5 0 43
15
16
17
18
19
20
21
22
23
24
25
26
27
28
29
30
31
32
33
34
35
36
37
38
39
40
41
42
43
44
45
46
47
48
49
50
51
52
53
54
55
56
57
40 0 0
6.790697674416864 0 0
7.581395348833728 0 0
8.372093023250592 0 0
9.162790697667456 0 0
9.953488372084319 0 0
10.7441860464986 0 0
11.53488372091133 0 0
12.32558139532407 0 0
13.1162790697368 0 0
13.90697674414954 0 0
14.69767441856538 0 0
15.48837209298225 0 0
16.27906976739745 0 0
17.06976744181018 0 0
17.86046511622292 0 0
18.65116279063565 0 0
19.44186046504839 0 0
20.23255813946112 0 0
21.02325581387385 0 0
21.81395348828658 0 0
22.60465116269932 0 0
23.39534883711618 0 0
24.18604651153717 0 0
24.97674418595816 0 0
25.76744186037915 0 0
26.55813953480015 0 0
27.34883720922114 0 0
28.13953488364213 0 0
28.93023255806312 0 0
29.72093023248411 0 0
30.5116279069051 0 0
31.30232558132609 0 0
32.09302325574912 0 0
32.88372093017837 0 0
33.67441860460762 0 0
34.46511627903686 0 0
35.25581395346612 0 0
36.04651162789537 0 0
36.83720930232462 0 0
37.62790697675386 0 0
38.41860465117453 0 0
39.20930232558727 0 0
1 6 0 13
58
59
60
61
62
63
64
65
66
67
68
69
70
40 10 0
40 0.7692307692301192 0
40 1.53846153845971 0
40 2.307692307688234 0
40 3.076923076916758 0
40 3.846153846145282 0
40 4.615384615376433 0
40 5.384615384608371 0
40 6.153846153840309 0
40 6.923076923072246 0
40 7.692307692304184 0
40 8.461538461536122 0
40 9.230769230768063 0
1 7 0 50
71
72
73
74
75
76
77
78
79
80
81
82
83
84
85
86
87
88
89
90
91
92
93
94
95
96
97
98
99
100
101
102
103
104
105
106
107
108
109
110
111
112
113
114
115
116
117
118
119
120
0 10 0
39.2 10 0
38.4 10 0
37.59999999999999 10 0
36.8 10 0
35.99999999999999 10 0
35.19999999999999 10 0
34.39999999999999 10 0
33.59999999999999 10 0
32.79999999999999 10 0
31.99999999999999 10 0
31.19999999999999 10 0
30.39999999999999 10 0
29.59999999999999 10 0
28.79999999999999 10 0
27.99999999999999 10 0
27.19999999999999 10 0
26.39999999999999 10 0
25.59999999999999 10 0
24.79999999999999 10 0
23.99999999999999 10 0
23.19999999999999 10 0
22.39999999999999 10 0
21.59999999999999 10 0
20.79999999999999 10 0
20 10 0
19.2 10 0
18.4 10 0
17.59999999999999 10 0
16.8 10 0
16 10 0
15.2 10 0
14.4 10 0
13.59999999999999 10 0
12.79999999999999 10 0
12 10 0
11.19999999999999 10 0
10.39999999999999 10 0
9.599999999999994 10 0
8.799999999999997 10 0
7.999999999999993 10 0
7.199999999999996 10 0
6.399999999999999 10 0
5.600000000000001 10 0
4.799999999999997 10 0
3.999999999999993 10 0
3.199999999999996 10 0
2.400000000000006 10 0
1.599999999999994 10 0
0.7999999999999972 10 0
1 8 0 12
121
122
123
124
125
126
127
128
129
130
131
132
0 9.23076923076923 0
0 8.461538461538458 0
0 7.69230769230769 0
0 6.923076923076921 0
0 6.153846153846152 0
0 5.384615384615383 0
0 4.615384615384615 0
0 3.846153846153846 0
0 3.076923076923076 0
0 2.307692307692307 0
0 1.538461538461538 0
0 0.7692307692307701 0
2 1 0 2692
133
134
135
136
137
138
139
140
141
142
143
144
145
146
147
148
149
150
151
152
153
154
155
156
157
158
159
160
161
162
163
164
165
166
167
168
169
170
171
172
173
174
175
176
177
178
179
180
181
182
183
184
185
186
187
188
189
190
191
192
193
194
195
196
197
198
199
200
201
202
203
204
205
206
207
208
209
210
211
212
213
214
215
216
217
218
219
220
221
222
223
224
225
226
227
228
229
230
231
232
233
234
235
236
237
238
239
240
241
242
243
244
245
246
247
248
249
250
251
252
253
254
255
256
257
258
259
260
261
262
263
264
265
266
267
268
269
270
271
272
273
274
275
276
277
278
279
280
281
282
283
284
285
286
287
288
289
290
291
292
293
294
295
296
297
298
299
300
301
302
303
304
305
306
307
308
309
310
311
312
313
314
315
316
317
318
319
320
321
322
323
324
325
326
327
328
329
330
331
332
333
334
335
336
337
338
339
340
341
342
343
344
345
346
347
348
349
350
351
352
353
354
355
356
357
358
359
360
361
362
363
364
365
366
367
368
369
370
371
372
373
374
375
376
377
378
379
380
381
382
383
384
385
386
387
388
389
390
391
392
393
394
395
396
397
398
399
400
401
402
403
404
405
406
407
408
409
410
411
412
413
414
415
416
417
418
419
420
421
422
423
424
425
426
427
428
429
430
431
432
433
434
435
436
437
438
439
440
441
442
443
444
445
446
447
448
449
450
451
452
453
454
455
456
457
458
459
460
461
462
463
464
465
466
467
468
469
470
471
472
473
474
475
476
477
478
479
480
481
482
483
484
485
486
487
488
489
490
491
492
493
494
495
496
497
498
499
500
501
502
503
504
505
506
507
508
509
510
511
512
513
514
515
516
517
518
519
520
521
522
523
524
525
526
527
528
529
530
531
532
533
534
535
536
537
538
539
540
541
542
543
544
545
546
547
548
549
550
551
552
553
554
555
556
557
558
559
560
561
562
563
564
565
566
567
568
569
570
571
572
573
574
575
576
577
578
579
580
581
582
583
584
585
586
587
588
589
590
591
592
593
594
595
596
597
598
599
600
601
602
603
604
605
606
607
608
609
610
611
612
613
614
615
616
617
618
619
620
621
622
623
624
625
626
627
628
629
630
631
632
633
634
635
636
637
638
639
640
641
642
643
644
645
646
647
648
649
650
651
652
653
654
655
656
657
658
659
660
661
662
663
664
665
666
667
668
669
670
671
672
673
674
675
676
677
678
679
680
681
682
683
684
685
686
687
688
689
690
691
692
693
694
695
696
697
698
699
700
701
702
703
704
705
706
707
708
709
710
711
712
713
714
715
716
717
718
719
720
721
722
723
724
725
726
727
728
729
730
731
732
733
734
735
736
737
738
739
740
741
742
743
744
745
746
747
748
749
750
751
752
753
754
755
756
757
758
759
760
761
762
763
764
765
766
767
768
769
770
771
772
773
774
775
776
777
778
779
780
781
782
783
784
785
786
787
788
789
790
791
792
793
794
795
796
797
798
799
800
801
802
803
804
805
806
807
808
809
810
811
812
813
814
815
816
817
818
819
820
821
822
823
824
825
826
827
828
829
830
831
832
833
834
835
836
837
838
839
840
841
842
843
844
845
846
847
848
849
850
851
852
853
854
855
856
857
858
859
860
861
862
863
864
865
866
867
868
869
870
871
872
873
874
875
876
877
878
879
880
881
882
883
884
885
886
887
888
889
890
891
892
893
894
895
896
897
898
899
900
901
902
903
904
905
906
907
908
909
910
911
912
913
914
915
916
917
918
919
920
921
922
923
924
925
926
927
928
929
930
931
932
933
934
935
936
937
938
939
940
941
942
943
944
945
946
947
948
949
950
951
952
953
954
955
956
957
958
959
960
961
962
963
964
965
966
967
968
969
970
971
972
973
974
975
976
977
978
979
980
981
982
983
984
985
986
987
988
989
990
991
992
993
994
995
996
997
998
999
1000
1001
1002
1003
1004
1005
1006
1007
1008
1009
1010
1011
1012
1013
1014
1015
1016
1017
1018
1019
1020
1021
1022
1023
1024
1025
1026
1027
1028
1029
1030
1031
1032
1033
1034
1035
1036
1037
1038
1039
1040
1041
1042
1043
1044
1045
1046
1047
1048
1049
1050
1051
1052
1053
1054
1055
1056
1057
1058
1059
1060
1061
1062
1063
1064
1065
1066
1067
1068
1069
1070
1071
1072
1073
1074
1075
1076
1077
1078
1079
1080
1081
1082
1083
1084
1085
1086
1087
1088
1089
1090
1091
1092
1093
1094
1095
1096
1097
1098
1099
1100
1101
1102
1103
1104
1105
1106
1107
1108
1109
1110
1111
1112
1113
1114
1115
1116
1117
1118
1119
1120
1121
1122
1123
1124
1125
1126
1127
1128
1129
1130
1131
1132
1133
1134
1135
1136
1137
1138
1139
1140
1141
1142
1143
1144
1145
1146
1147
1148
1149
1150
1151
1152
1153
1154
1155
1156
1157
1158
1159
1160
1161
1162
1163
1164
1165
1166
1167
1168
1169
1170
1171
1172
1173
1174
1175
1176
1177
1178
1179
1180
1181
1182
1183
1184
1185
1186
1187
1188
1189
1190
1191
1192
1193
1194
1195
1196
1197
1198
1199
1200
1201
1202
1203
1204
1205
1206
1207
1208
1209
1210
1211
1212
1213
1214
1215
1216
1217
1218
1219
1220
1221
1222
1223
1224
1225
1226
1227
1228
1229
1230
1231
1232
1233
1234
1235
1236
1237
1238
1239
1240
1241
1242
1243
1244
1245
1246
1247
1248
1249
1250
1251
1252
1253
1254
1255
1256
1257
1258
1259
1260
1261
1262
1263
1264
1265
1266
1267
1268
1269
1270
1271
1272
1273
1274
1275
1276
1277
1278
1279
1280
1281
1282
1283
1284
1285
1286
1287
1288
1289
1290
1291
1292
1293
1294
1295
1296
1297
1298
1299
1300
1301
1302
1303
1304
1305
1306
1307
1308
1309
1310
1311
1312
1313
1314
1315
1316
1317
1318
1319
1320
1321
1322
1323
1324
1325
1326
1327
1328
1329
1330
1331
1332
1333
1334
1335
1336
1337
1338
1339
1340
1341
1342
1343
1344
1345
1346
1347
1348
1349
1350
1351
1352
1353
1354
1355
1356
1357
1358
1359
1360
1361
1362
1363
1364
1365
1366
1367
1368
1369
1370
1371
1372
1373
1374
1375
1376
1377
1378
1379
1380
1381
1382
1383
1384
1385
1386
1387
1388
1389
1390
1391
1392
1393
1394
1395
1396
1397
1398
1399
1400
1401
1402
1403
1404
1405
1406
1407
1408
1409
1410
1411
1412
1413
1414
1415
1416
1417
1418
1419
1420
1421
1422
1423
1424
1425
1426
1427
1428
1429
1430
1431
1432
1433
1434
1435
1436
1437
1438
1439
1440
1441
1442
1443
1444
1445
1446
1447
1448
1449
1450
1451
1452
1453
1454
1455
1456
1457
1458
1459
1460
1461
1462
1463
1464
1465
1466
1467
1468
1469
1470
1471
1472
1473
1474
1475
1476
1477
1478
1479
1480
1481
1482
1483
1484
1485
1486
1487
1488
1489
1490
1491
1492
1493
1494
1495
1496
1497
1498
1499
1500
1501
1502
1503
1504
1505
1506
1507
1508
1509
1510
1511
1512
1513
1514
1515
1516
1517
1518
1519
1520
1521
1522
1523
1524
1525
1526
1527
1528
1529
1530
1531
1532
1533
1534
1535
1536
1537
1538
1539
1540
1541
1542
1543
1544
1545
1546
1547
1548
1549
1550
1551
1552
1553
1554
1555
1556
1557
1558
1559
1560
1561
1562
1563
1564
1565
1566
1567
1568
1569
1570
1571
1572
1573
1574
1575
1576
1577
1578
1579
1580
1581
1582
1583
1584
1585
1586
1587
1588
1589
1590
1591
1592
1593
1594
1595
1596
1597
1598
1599
1600
1601
1602
1603
1604
1605
1606
1607
1608
1609
1610
1611
1612
1613
1614
1615
1616
1617
1618
1619
1620
1621
1622
1623
1624
1625
1626
1627
1628
1629
1630
1631
1632
1633
1634
1635
1636
1637
1638
1639
1640
1641
1642
1643
1644
1645
1646
1647
1648
1649
1650
1651
1652
1653
1654
1655
1656
1657
1658
1659
1660
1661
1662
1663
1664
1665
1666
1667
1668
1669
1670
1671
1672
1673
1674
1675
1676
1677
1678
1679
1680
1681
1682
1683
1684
1685
1686
1687
1688
1689
1690
1691
1692
1693
1694
1695
1696
1697
1698
1699
1700
1701
1702
1703
1704
1705
1706
1707
1708
1709
1710
1711
1712
1713
1714
1715
1716
1717
1718
1719
1720
1721
1722
1723
1724
1725
1726
1727
1728
1729
1730
1731
1732
1733
1734
1735
1736
1737
1738
1739
1740
1741
1742
1743
1744
1745
1746
1747
1748
1749
1750
1751
1752
1753
1754
1755
1756
1757
1758
1759
1760
1761
1762
1763
1764
1765
1766
1767
1768
1769
1770
1771
1772
1773
1774
1775
1776
1777
1778
1779
1780
1781
1782
1783
1784
1785
1786
1787
1788
1789
1790
1791
1792
1793
1794
1795
1796
1797
1798
1799
1800
1801
1802
1803
1804
1805
1806
1807
1808
1809
1810
1811
1812
1813
1814
1815
1816
1817
1818
1819
1820
1821
1822
1823
1824
1825
1826
1827
1828
1829
1830
1831
1832
1833
1834
1835
1836
1837
1838
1839
1840
1841
1842
1843
1844
1845
1846
1847
1848
1849
1850
1851
1852
1853
1854
1855
1856
1857
1858
1859
1860
1861
1862
1863
1864
1865
1866
1867
1868
1869
1870
1871
1872
1873
1874
1875
1876
1877
1878
1879
1880
1881
1882
1883
1884
1885
1886
1887
1888
1889
1890
1891
1892
1893
1894
1895
1896
1897
1898
1899
1900
1901
1902
1903
1904
1905
1906
1907
1908
1909
1910
1911
1912
1913
1914
1915
1916
1917
1918
1919
1920
1921
1922
1923
1924
1925
1926
1927
1928
1929
1930
1931
1932
1933
1934
1935
1936
1937
1938
1939
1940
1941
1942
1943
1944
1945
1946
1947
1948
1949
1950
1951
1952
1953
1954
1955
1956
1957
1958
1959
1960
1961
1962
1963
1964
1965
1966
1967
1968
1969
1970
1971
1972
1973
1974
1975
1976
1977
1978
1979
1980
1981
1982
1983
1984
1985
1986
1987
1988
1989
1990
1991
1992
1993
1994
1995
1996
1997
1998
1999
2000
2001
2002
2003
2004
2005
2006
2007
2008
2009
2010
2011
2012
2013
2014
2015
2016
2017
2018
2019
2020
2021
2022
2023
2024
2025
2026
2027
2028
2029
2030
2031
2032
2033
2034
2035
2036
2037
2038
2039
2040
2041
2042
2043
2044
2045
2046
2047
2048
2049
2050
2051
2052
2053
2054
2055
2056
2057
2058
2059
2060
2061
2062
2063
2064
2065
2066
2067
2068
2069
2070
2071
2072
2073
2074
2075
2076
2077
2078
2079
2080
2081
2082
2083
2084
2085
2086
2087
2088
2089
2090
2091
2092
2093
2094
2095
2096
2097
2098
2099
2100
2101
2102
2103
2104
2105
2106
2107
2108
2109
2110
2111
2112
2113
2114
2115
2116
2117
2118
2119
2120
2121
2122
2123
2124
2125
2126
2127
2128
2129
2130
2131
2132
2133
2134
2135
2136
2137
2138
2139
2140
2141
2142
2143
2144
2145
2146
2147
2148
2149
2150
2151
2152
2153
2154
2155
2156
2157
2158
2159
2160
2161
2162
2163
2164
2165
2166
2167
2168
2169
2170
2171
2172
2173
2174
2175
2176
2177
2178
2179
2180
2181
2182
2183
2184
2185
2186
2187
2188
2189
2190
2191
2192
2193
2194
2195
2196
2197
2198
2199
2200
2201
2202
2203
2204
2205
2206
2207
2208
2209
2210
2211
2212
2213
2214
2215
2216
2217
2218
2219
2220
2221
2222
2223
2224
2225
2226
2227
2228
2229
2230
2231
2232
2233
2234
2235
2236
2237
2238
2239
2240
2241
2242
2243
2244
2245
2246
2247
2248
2249
2250
2251
2252
2253
2254
2255
2256
2257
2258
2259
2260
2261
2262
2263
2264
2265
2266
2267
2268
2269
2270
2271
2272
2273
2274
2275
2276
2277
2278
2279
2280
2281
2282
2283
2284
2285
2286
2287
2288
2289
2290
2291
2292
2293
2294
2295
2296
2297
2298
2299
2300
2301
2302
2303
2304
2305
2306
2307
2308
2309
2310
2311
2312
2313
2314
2315
2316
2317
2318
2319
2320
2321
2322
2323
2324
2325
2326
2327
2328
2329
2330
2331
2332
2333
2334
2335
2336
2337
2338
2339
2340
2341
2342
2343
2344
2345
2346
2347
2348
2349
2350
2351
2352
2353
2354
2355
2356
2357
2358
2359
2360
2361
2362
2363
2364
2365
2366
2367
2368
2369
2370
2371
2372
2373
2374
2375
2376
2377
2378
2379
2380
2381
2382
2383
2384
2385
2386
2387
2388
2389
2390
2391
2392
2393
2394
2395
2396
2397
2398
2399
2400
2401
2402
2403
2404
2405
2406
2407
2408
2409
2410
2411
2412
2413
2414
2415
2416
2417
2418
2419
2420
2421
2422
2423
2424
2425
2426
2427
2428
2429
2430
2431
2432
2433
2434
2435
2436
2437
2438
2439
2440
2441
2442
2443
2444
2445
2446
2447
2448
2449
2450
2451
2452
2453
2454
2455
2456
2457
2458
2459
2460
2461
2462
2463
2464
2465
2466
2467
2468
2469
2470
2471
2472
2473
2474
2475
2476
2477
2478
2479
2480
2481
2482
2483
2484
2485
2486
2487
2488
2489
2490
2491
2492
2493
2494
2495
2496
2497
2498
2499
2500
2501
2502
2503
2504
2505
2506
2507
2508
2509
2510
2511
2512
2513
2514
2515
2516
2517
2518
2519
2520
2521
2522
2523
2524
2525
2526
2527
2528
2529
2530
2531
2532
2533
2534
2535
2536
2537
2538
2539
2540
2541
2542
2543
2544
2545
2546
2547
2548
2549
2550
2551
2552
2553
2554
2555
2556
2557
2558
2559
2560
2561
2562
2563
2564
2565
2566
2567
2568
2569
2570
2571
2572
2573
2574
2575
2576
2577
2578
2579
2580
2581
2582
2583
2584
2585
2586
2587
2588
2589
2590
2591
2592
2593
2594
2595
2596
2597
2598
2599
2600
2601
2602
2603
2604
2605
2606
2607
2608
2609
2610
2611
2612
2613
2614
2615
2616
2617
2618
2619
2620
2621
2622
2623
2624
2625
2626
2627
2628
2629
2630
2631
2632
2633
2634
2635
2636
2637
2638
2639
2640
2641
2642
2643
2644
2645
2646
2647
2648
2649
2650
2651
2652
2653
2654
2655
2656
2657
2658
2659
2660
2661
2662
2663
2664
2665
2666
2667
2668
2669
2670
2671
2672
2673
2674
2675
2676
2677
2678
2679
2680
2681
2682
2683
2684
2685
2686
2687
2688
2689
2690
2691
2692
2693
2694
2695
2696
2697
2698
2699
2700
2701
2702
2703
2704
2705
2706
2707
2708
2709
2710
2711
2712
2713
2714
2715
2716
2717
2718
2719
2720
2721
2722
2723
2724
2725
2726
2727
2728
2729
2730
2731
2732
2733
2734
2735
2736
2737
2738
2739
2740
2741
2742
2743
2744
2745
2746
2747
2748
2749
2750
2751
2752
2753
2754
2755
2756
2757
2758
2759
2760
2761
2762
2763
2764
2765
2766
2767
2768
2769
2770
2771
2772
2773
2774
2775
2776
2777
2778
2779
2780
2781
2782
2783
2784
2785
2786
2787
2788
2789
2790
2791
2792
2793
2794
2795
2796
2797
2798
2799
2800
2801
2802
2803
2804
2805
2806
2807
2808
2809
2810
2811
2812
2813
2814
2815
2816
2817
2818
2819
2820
2821
2822
2823
2824
5.145661954066174 5.473557586032715 0
10.08042753696489 4.943419320577309 0
35.34705502376682 4.961174338217954 0
29.32558139527363 4.995950243376814 0
23.82178761879384 5.089173748259205 0
18.27661983347419 5.011462845575331 0
14.24223903259662 4.098421135802359 0
3.051755437016234 3.366761664611731 0
7.572135379942598 3.449287001730951 0
32.16961651259003 3.306897231376229 0
32.16064246114905 6.668659260738393 0
26.46350305324708 3.14590327899703 0
21.04189549205466 3.160527783928396 0
20.98291797951196 6.731169642527544 0
26.54555975055598 6.886432603081999 0
7.913785254725314 6.963491844466234 0
5.25 3.191040207139912 0
15.73143763442245 6.867429829149067 0
2.929110281814446 7.05875764096615 0
12.72975585699243 6.916772972317252 0
37.07450263153014 2.92007338189749 0
37.10123422608709 7.156922778102359 0
16.65152511365914 2.74044461239054 0
11.80126232201432 2.717555384212034 0
34.58761980529293 2.516444916121394 0
29.69804625081296 2.508885878056956 0
34.61001610802145 7.430296130293272 0
23.7906976743267 2.4815399961287 0
29.87276434364529 7.572638061679636 0
23.30941462812544 7.41485328602826 0
18.63804758444081 7.449000022434836 0
9.480777702133317 2.349379275813766 0
10.25905511894575 7.486478933606181 0
5.048090858733204 7.753977464241896 0
18.92797701463307 2.272285217200974 0
1.985947838049616 5.186497606501739 0
37.85767664262659 5.036122199782929 0
7.694224519147364 1.769942180367311 0
3.381324577403495 1.750610234213841 0
7.060560881716232 5.302859950685195 0
13.94168402512256 2.039684774838125 0
12.33298772688498 4.750704841326156 0
16.14406034787616 4.838627734924374 0
1.752754638187662 2.183471055398352 0
3.706660491385644 4.8920872129223 0
27.91577376360636 1.874812601303536 0
14.19479752905889 8.082414851416857 0
20.15187204596979 4.97992101450668 0
25.70404491087897 4.968541778661818 0
31.2427560077904 4.971170763453036 0
27.88354084832193 7.822994529581288 0
25.13117735174303 7.884905060137126 0
33.24380350941544 4.920373807006974 0
6.237710946244277 6.633882371201328 0
6.295792036206335 2.28154787471516 0
25.47527870870036 1.732776707525976 0
22.10327715791969 1.79761772522022 0
14.06229100322045 5.99275076051201 0
8.614026007812431 4.820909701288844 0
27.52186135047345 4.801530134736272 0
21.95711462041949 4.798845158549291 0
16.79269813710486 8.431708578974645 0
6.894055420891505 8.483014326880259 0
32.97753195406709 1.830189379040876 0
6.375235713234999 4.188764294566701 0
33.17853960345131 8.333184777838611 0
1.570310151391953 8.433685401882823 0
38.29046502926583 1.722000233438203 0
21.86398338812743 8.270746619432163 0
38.29115764231473 8.277942883209267 0
28.12905109521786 6.242023166264429 0
1.658476784837407 3.690026278700301 0
31.27512942806097 1.731691603970738 0
24.84398471712342 6.379779924372863 0
20.14264221964666 8.284523848165593 0
31.28211295292402 8.287250352677392 0
8.797868327307656 8.514950462932429 0
11.77684683211715 8.415280426312615 0
5.238404322315681 2.079050628068838 0
4.033044413264721 6.268198562446985 0
17.50932706209775 6.2811439241904 0
36.08114656046999 1.625501011264185 0
20.39973554295442 1.577546184038585 0
15.39251739658734 1.708839167709876 0
36.00074538716364 8.343812900679088 0
3.66778494655469 8.477420708896849 0
28.49563028590619 3.248256954267609 0
9.309047120173402 6.119731961569181 0
1.556269741311003 6.488561341125262 0
24.94953575607522 3.670851951984041 0
11.13146650838427 6.337746908873678 0
4.218657535646759 2.631069685316117 0
10.92046554769675 1.51237060908573 0
38.48612437349104 3.628609534430529 0
38.46079641315499 6.279506093892479 0
36.46458906721413 4.386255189654803 0
10.35816518607755 3.383393426452008 0
35.59954692703149 6.490920190006247 0
4.757400987292895 4.305572977432609 0
17.61011601536148 1.639839511428821 0
22.40816233250242 6.340584115150635 0
19.16871153702565 3.811642188620167 0
22.40910186544462 3.315958034159279 0
8.916478243352611 3.506763106523048 0
33.62165933410266 6.338629956148242 0
19.21603943640953 6.128034377340809 0
30.86131006423056 3.467799152138701 0
30.28630545526323 6.106791547548927 0
12.43544728325954 1.335103392156958 0
17.83840288154926 3.714501420010201 0
33.5464167124872 3.503423587007219 0
15.49872729762084 8.525521996970067 0
15.36182084608595 3.144322699571293 0
26.64232807291727 8.635851602928282 0
12.93317262108392 3.557447924485297 0
8.786893354844276 1.245014613967122 0
2.483404559855348 1.210911921006947 0
29.12639868930808 8.716685832701334 0
29.08434773632242 1.30620979800586 0
35.75841972253522 3.165826414166741 0
26.73687037592513 1.33039933568129 0
24.02967114525907 8.673015020819998 0
13.04354247695349 8.673592736905436 0
4.384303289435707 1.711886907440561 0
1.2089215519717 1.148413255751081 0
5.164128309127991 6.637272927477829 0
34.31747707522754 1.288647253608003 0
18.06649152868077 8.777222409915092 0
24.29308741664255 1.306549339125846 0
36.85194783484408 5.845315533903545 0
3.08717706677255 5.764484421528845 0
4.106387542869957 3.721213862719582 0
34.79495794616921 8.784995248250167 0
5.738856774316221 8.775058244098666 0
10.01229807235248 8.794212357634963 0
37.15974167042606 1.200321136437603 0
8.097852087867013 5.837930994397977 0
23.7181091521365 3.75194900362437 0
37.15904840959518 8.80577929845 0
2.763864209494308 4.393624914251328 0
8.199826917749551 2.693821496351354 0
3.979392973315893 7.419752314343037 0
30.99490589304071 7.050233558010864 0
6.64843154688034 3.262110959468216 0
15.00466737475958 5.00518954605983 0
34.7580583843616 3.827588257110706 0
23.09142397596778 1.122334625128056 0
19.34807279695983 1.123954919083947 0
11.62814725437824 3.900593066752835 0
19.91557301834887 7.180088212017732 0
7.00479888906631 0.981890738677261 0
1.087026785347356 4.743585248493781 0
29.60143069432179 3.739882562985915 0
16.42569694429197 1.200037161344794 0
23.71828748177048 6.156328053568641 0
2.739832091425834 2.385858002741525 0
13.48396573457741 4.988733951156947 0
22.87244321969716 8.872341356796444 0
6.122309477933845 5.065646623139659 0
4.247075443089306 0.6980510045941269 0
19.91593842479437 2.813045953948605 0
30.30108457777445 1.152901506770085 0
38.89527175477771 4.996534850642133 0
2.632045814712301 8.904110279740362 0
14.42167735427827 1.081377182354514 0
21.19545695972128 5.579587540416715 0
26.71563668664629 5.581637733619916 0
14.59115437160405 6.988370639856648 0
30.2851516044502 8.857318949995726 0
7.841088992962165 8.953403226086559 0
7.639548480322575 4.55283539997163 0
8.959508033377816 7.264022370263569 0
38.94057251859632 2.598749785657618 0
9.871795557558482 1.092517482117092 0
38.9411511019747 7.401186307381917 0
32.21601963393476 5.572954580139642 0
4.479282568500762 8.800662296434258 0
16.62777157202915 3.838007444592872 0
1.011479905538972 2.886827867530356 0
37.44062680910532 3.877920965306801 0
17.18324178166827 5.157534064609683 0
6.051766624216087 7.724499637932688 0
11.34304350132287 7.15905490765422 0
32.16825485724738 4.300839825683381 0
16.30260645164941 5.913263491123059 0
19.2179749593076 8.822050825328951 0
12.80281113308565 5.84937003205205 0
7.235047754392814 6.327892218594881 0
34.77222250027131 6.12892506598852 0
21.37632863271662 1.01653050444975 0
0.9691708719782213 7.61676030708733 0
32.13150383214114 1.063023676785496 0
21.00858529937336 8.93638625817611 0
17.84581391331676 2.461990411759636 0
32.18572913736834 9.009685458725295 0
11.30679083253353 5.363266691962702 0
21.04474994431855 4.344823807605172 0
26.50143987377102 4.361507058000385 0
21.99962960460857 7.086455090193558 0
28.77639048890534 7.335793117453882 0
1.076206195589375 5.863624581015134 0
27.47697242578459 2.866591645111969 0
6.031473536564134 1.774369670421443 0
9.549690643603393 4.360025299399878 0
7.269060688238902 2.654344344968189 0
14.20485920193222 3.136323161522578 0
12.93673480474506 2.661589320392491 0
3.211507903464607 0.8007402685817153 0
24.67616294606067 5.604602455445065 0
10.55083566230243 2.476889644928906 0
29.48430314392515 6.427686921919879 0
4.352223317071787 5.444901759822435 0
30.30551846379208 4.617718072183596 0
7.024392865402651 7.336507967740418 0
27.52873924157462 7.037595065662217 0
25.59421729876851 7.138881093291264 0
31.23194368910891 2.805801172846158 0
5.509364747715571 3.94842349821836 0
15.46304348920574 3.909014358888925 0
33.67274075219235 8.827281443345498 0
25.66438307845102 6.130932795215451 0
2.148009459251018 3.146148375242035 0
23.08461685531019 4.335454675084458 0
33.1610078778576 7.103028507248613 0
31.30950327679755 6.076887741114918 0
39.04708715180076 1.056500623563988 0
24.48620654322608 7.532067241167847 0
35.00571462321729 1.159951612850664 0
20.24395299187011 6.063084892290675 0
39.04832179255761 8.944555812034414 0
27.52666240775264 9.021830193082229 0
10.09028390700666 6.554139734476243 0
16.70228692472234 7.203017413830734 0
13.28336905542423 0.9881662562151892 0
24.58041558470021 2.481302242348809 0
36.12235574691079 7.346759827581652 0
35.87240541933314 5.316294375101296 0
1.054957549632771 8.953959163100913 0
28.34484383377199 5.454942804730866 0
31.97288260175412 7.730022658018548 0
14.6404729163591 8.851133967109163 0
1.977563769917101 7.463066683876161 0
27.76605047765515 0.7641064714178354 0
13.64861884956786 7.248191888986951 0
33.99711848585781 4.746237956631527 0
10.97137569047046 8.979133032356577 0
7.797862578689564 7.972739155929358 0
28.90210564595679 2.551121088139955 0
26.27656159484879 2.245638887103545 0
20.97215129492286 7.811535893726156 0
7.909256989145178 0.9245260408963355 0
21.34467039151155 2.425442132196392 0
15.18251208096294 6.050084767707792 0
33.62254082609945 2.551477887494552 0
16.4457159534681 9.062489061180441 0
6.057143418494508 5.998415441898931 0
2.184763910083155 6.277420976089251 0
32.26016119605589 2.395163693640701 0
25.85533491071521 8.891987342014552 0
0.6999482112432904 1.990629908592706 0
18.42419545603402 1.074519363407339 0
18.35240936172274 5.94774356516618 0
19.22085308627767 4.788761054673076 0
17.72315018339938 7.522745945919126 0
20.22937919993969 3.865851737548508 0
11.66520873970383 1.15852594070402 0
37.90487749856593 2.672952319996893 0
22.79477424271971 5.629828060555692 0
22.64926506509607 2.476283979668639 0
37.86485718846895 7.317661141087886 0
5.828086745016715 2.579966986184285 0
24.68369476984318 4.355321758210082 0
27.39511783470107 3.781920111965781 0
5.510537149733944 4.911369261039736 0
28.73789677909076 4.490561550214787 0
2.639740575680308 8.012348704890673 0
6.658801716514622 1.65452963450774 0
15.31124836841531 7.568264441686768 0
25.38912414555681 0.8441954799659279 0
12.58554753765761 7.864906719217129 0
33.27839568020207 0.6857471038884437 0
25.81906988224994 2.922084929250953 0
9.4003151063337 5.379810951915918 0
8.381122848816153 3.931593957972217 0
26.29890624143209 7.563793700657154 0
5.941554700508371 3.377319535208304 0
37.88647646963266 0.6976989234575129 0
14.7075858662985 2.216457044012298 0
37.87592500549633 9.304985896100602 0
22.24019348012884 0.8449852718134629 0
4.818363376283455 2.691956539976046 0
3.42130043043386 2.700308827712007 0
18.52493234211558 3.385467345319258 0
7.05259730548324 4.216698795444318 0
9.524978467593193 3.066228460093699 0
36.80995058461925 2.011675816199271 0
35.60144891796143 9.171726909838545 0
9.169023007598806 9.225099444966242 0
37.73110722405862 5.895513625108471 0
36.82575231687638 7.958354999734953 0
22.13849360120441 9.321704185747008 0
27.36586824612062 6.21698646063641 0
33.75661335222496 5.533529726077724 0
39.22157665504716 4.262102640856829 0
39.22600144868161 5.72256771341535 0
12.29191168083686 9.148255782240806 0
33.92139438971444 8.031546530272585 0
21.67583990054458 3.788366430972758 0
3.485592514019029 4.1693792367599 0
17.35038166809182 9.127990172543436 0
6.521201141363403 9.187121162777425 0
10.8230944519202 4.205764654236906 0
4.719317308829152 3.666961336086074 0
11.70595846918609 1.866087848364916 0
17.38928732941668 4.427033902202496 0
36.394239472854 0.820296260997894 0
25.84894383880018 3.776912018449406 0
2.016540436043828 4.426302535415098 0
35.39109608413894 4.237376333157371 0
28.36478122848103 9.318294744122856 0
16.20551420365248 7.880679044438303 0
8.743386741155284 2.07073054192182 0
24.74055460819311 9.083239232333764 0
1.929887715983664 9.226026440714133 0
35.43419585470262 2.333367551653025 0
5.250618778139533 1.393733664906434 0
22.70766198023682 8.002522463004917 0
15.8849055649999 2.488222585991684 0
30.92323701527457 0.6873620045556922 0
22.01613263345337 2.661778283674126 0
11.05985262697161 8.215743040821119 0
19.34883165222959 8.080449718155908 0
12.0241206232742 5.85979310326529 0
30.4635737168907 1.984716017814325 0
30.46019162474726 8.006637232727597 0
15.21280102949798 0.984775293839332 0
31.10664353886222 9.137181127008544 0
20.16915760800543 9.150397050443042 0
13.31629361452934 6.371184735787845 0
36.95481741877892 4.860746200002417 0
0.9192018835082474 3.984922103832408 0
20.13745204443007 0.8500162955343741 0
13.91204309532893 9.286272156182243 0
3.374415634596367 6.565122518167478 0
39.16317207496703 1.826769689443074 0
39.16378631041447 8.172979997269815 0
18.48622992236479 4.189577336681237 0
9.735026634473655 8.016564576848058 0
16.84692137734008 1.918194655578175 0
1.801767411928847 0.6765757044902034 0
35.36221636145991 7.795279815759934 0
6.62729654478775 4.797485756710453 0
32.81717522693032 3.839756447372685 0
19.72595133546912 2.066167318439705 0
36.47936600136629 9.189875753195116 0
28.55625845852223 0.7442452787798185 0
18.05444427353414 6.787919633881662 0
16.13003721013739 3.369269447920373 0
3.059713847515177 5.127057075896103 0
38.32528781611724 4.488152390985218 0
31.54413803731659 3.852706853892185 0
10.5361765166661 5.687883784315864 0
4.141271652356743 4.326452975226164 0
32.95846927871051 5.698868534442207 0
36.50427208332228 3.513204250232725 0
32.88759700893974 9.097112633928347 0
8.5247251054946 6.445670635259876 0
39.23621428725102 3.298349414939312 0
39.23345420187616 6.686409918844673 0
4.004434103700485 9.193002277268738 0
26.24239432118164 0.7009420980137305 0
1.772342413007759 5.812529938495429 0
0.7203136495365406 6.497253051802791 0
4.791711940232831 6.020624058304015 0
17.56767184357806 0.690854482998751 0
21.99569932699712 5.502906625310675 0
32.87624527617777 2.999172517226496 0
0.8695988629600805 8.264371731089014 0
27.23990381009754 2.171565367246709 0
2.478536257543398 3.697898826223604 0
4.360437527497703 8.063023552483576 0
10.58730028942247 0.7988320473433126 0
34.84895653620144 1.793912378925609 0
5.734221171016849 7.090623147628288 0
36.4769017603297 6.54156419162012 0
27.12752725397846 7.881057024815368 0
34.95572471194905 6.762892088949058 0
11.89423237005819 6.696046785013403 0
4.456855332619158 6.873474731353431 0
33.8421783626932 7.181980314588612 0
10.10744687484504 1.840968024015989 0
22.61543614950898 7.179565084899779 0
4.883641732492356 4.889324123787403 0
30.53205557227741 2.709873234869752 0
3.689700607721549 5.579222658300051 0
3.248467413764775 7.756017537585578 0
24.26348747901336 3.192562718081615 0
8.86540988227685 2.821661102119477 0
18.36170129152864 1.85108990270431 0
5.168563107876872 9.246996436293268 0
23.74137684617034 0.7541659613581964 0
30.10710966613746 5.238873798905474 0
23.31880414432672 3.022384359636208 0
2.810093630467996 1.762375704851986 0
38.42586828272 5.482934384415584 0
29.26295741211503 3.158716124797601 0
11.09969635321273 2.971786043279444 0
13.60130339554103 4.288878577828919 0
36.27708123952991 2.594941404235573 0
21.54432604207327 6.37575208600077 0
23.52105455057725 9.26268162827216 0
29.06214723494499 5.734247415261526 0
13.39090626326518 7.98109724661934 0
15.66191002684891 5.448677465017425 0
7.70874086557587 5.14889374730794 0
6.699744463483425 5.932656322485743 0
23.62034981777532 1.688392692611284 0
19.22170861383041 6.872445229625194 0
6.433457284429682 0.7765731226915223 0
12.6636813731918 0.6631434274078101 0
37.73542160957681 6.666910379245542 0
26.92412672346945 9.44325061219204 0
35.38395190331921 5.704257743636013 0
30.20207578440507 6.880406146474704 0
14.26745538998921 4.822013859404866 0
9.559869402227001 7.321064070476291 0
34.27709754889816 3.237085928513944 0
3.910343259345464 2.095156258847808 0
37.61836240584802 2.011634833121102 0
24.07930882182616 6.884551954605524 0
37.61899166293357 7.992846128797485 0
12.12635815674818 3.417339554745614 0
4.511151673880262 3.141198105045426 0
13.57781374751362 2.991778746499159 0
18.89754943088685 5.465002590124447 0
29.67777576602972 0.8468068646619231 0
15.53715717759594 9.215166635198159 0
1.805315142400252 1.484994714838914 0
8.373374677605089 9.221031436943923 0
8.18522847731438 3.349390715426076 0
3.299444868620231 9.245618157700694 0
19.71826569841691 5.631785798279751 0
25.33633550141348 4.353601283095343 0
29.12116442053444 7.921133502381008 0
29.74110483389548 1.681118372660054 0
32.88676686695018 6.486357881929516 0
0.688155400119058 0.6919841745218823 0
29.82613379408252 9.24131531900766 0
23.39715445755123 8.349415064326964 0
37.78561060613863 3.352580864990627 0
20.56354940628939 2.418303650748076 0
9.391978329805674 1.614358870762542 0
35.0176706968289 3.121221678426684 0
15.932192195391 0.6532444614610118 0
17.383181377934 3.084691685351647 0
8.770958452021389 5.516854432876383 0
27.0076742096349 0.7183842485881482 0
27.57935129553892 5.436698150919898 0
12.2674672284833 4.13749711339921 0
4.687059387466685 2.216804772834107 0
33.73281381312604 1.836826495668961 0
13.08906499774865 1.862379318839665 0
9.395458932690589 0.7361654952641977 0
24.58112938789943 0.6921783936482668 0
30.84271642102712 5.616853805023296 0
30.91178984530823 4.334017840849094 0
18.74132131675421 9.274228975114951 0
14.80916032302812 3.585552420392296 0
7.267454508662647 9.181120828504136 0
29.78196741279463 8.385954816415493 0
6.177117854055045 2.880655198752769 0
24.80111653813068 1.862127967157263 0
33.41463507164264 4.232940972402771 0
25.87488214193397 8.239300964831441 0
3.803364619375612 3.199612289251031 0
14.86358296529117 8.183251656300135 0
10.10460934395157 4.114218861656498 0
2.499335975048241 0.537645578815773 0
4.789675899460691 1.432468839684045 0
24.58996927878379 8.289982122977335 0
8.271515125533091 1.635264957015571 0
7.689232960468669 2.952336498728317 0
5.427082154191827 6.042506286375643 0
16.09718746658573 1.763674787960755 0
13.43768378196964 5.649441256066803 0
12.08367654777716 7.438244399866406 0
8.351074993707181 7.672415916992573 0
1.35728127615444 5.26563847523116 0
34.03139967903242 0.6250409986970766 0
28.60860687699769 1.878844288043274 0
11.60945630903646 9.370861418649232 0
18.14375076784881 8.059467931231179 0
2.492446055470687 5.616152252394087 0
3.821326977491503 1.306964389600825 0
1.588215010859863 2.895244913603893 0
19.81324437366976 4.336570565756491 0
9.870942002858637 5.762713768770027 0
10.73435572042816 7.024860934213499 0
5.610597316457092 8.090398347815706 0
11.59773996410565 4.628124839132421 0
19.21196328760038 2.9149595828737 0
11.21564367088246 2.308937905974206 0
26.04272734406785 1.397548529693418 0
18.95886391654647 0.5259758584359813 0
0.5912608955436762 3.330778472640934 0
24.06502842111315 5.605725345928641 0
12.39297285702876 2.220637744884039 0
8.857190390614269 4.234000492758098 0
4.632447871821385 0.7440403277317542 0
13.12244092948764 9.394977630478149 0
16.54327659255711 6.588326744689258 0
28.34326217935681 8.465326011417035 0
30.02597261546025 3.258838900738106 0
34.16142704473467 9.296171435574839 0
22.80067281882244 1.74227606260975 0
4.32164706407818 4.823524067135306 0
6.239591356516391 8.347484660697809 0
8.725298599519617 0.5811412300255311 0
7.487110309358147 5.789020053574568 0
27.48719631256068 1.360652909091057 0
20.81284475676331 0.7898702255258687 0
5.916265947567403 9.426365498687669 0
31.71420087121594 7.166245225724468 0
36.14675720382681 5.897030407163868 0
0.612283703169357 5.180717563284582 0
0.6364738397900149 1.372921023386329 0
35.55967048421459 0.8245264538203287 0
21.35078742373759 4.934314015247537 0
22.34180911610521 4.17627601573726 0
20.66735137334936 7.237848859587844 0
31.72560898298408 0.5640998398477124 0
26.90910585710035 4.923890486713738 0
34.31776935983181 6.621880883118775 0
37.23255813953928 0.5372613738577912 0
12.90734419151512 4.489447955567572 0
10.45698798139246 9.402403027681455 0
28.02418409050931 4.103939034915583 0
32.47580804933778 0.5882715277130695 0
3.850192965009565 6.865021375438599 0
16.11028073811158 4.198690468000801 0
18.03163890270536 9.435888311514695 0
14.89020636444862 4.358989177008453 0
18.7132055379488 8.415564292438201 0
5.713404903251951 2.165574558563812 0
16.72555408500889 0.6216900923702045 0
32.93411981310005 2.444000869350656 0
37.18286788329155 9.460128189549144 0
6.313088571095791 1.254943118386477 0
7.775900540596965 6.361910898424776 0
32.08101564627625 1.667670465405892 0
13.74861523143284 3.617239049913054 0
28.09060510788866 2.564594584548905 0
24.21825606080588 9.403787176285183 0
34.70925146333818 8.183638324496448 0
22.97448822666465 3.720404417648314 0
37.17932253097926 6.421245301596007 0
19.56240703819302 9.41526925624995 0
17.52596063605768 8.25942699475852 0
35.34946769258626 8.437604782217139 0
5.080248225495327 7.252669238571741 0
31.73432515802845 9.409058006786406 0
10.38140434695201 8.19182453771646 0
21.20867922220513 1.614551161171843 0
14.05087884858001 6.582705227658176 0
17.75738357178279 5.501615676571963 0
32.52029518167864 4.979104103554465 0
22.99999999990777 0.5150254097572351 0
16.74209923230862 4.50348008017582 0
7.730100414869916 2.353994859674982 0
12.42446213189128 8.525508916168995 0
34.1166345672847 3.95985639922161 0
24.33367221004538 3.859029231875824 0
5.769104453143258 1.369923131709362 0
5.72405719981509 6.480540034916404 0
23.89016246713708 4.468382422434703 0
13.90711000059557 0.6637748723874571 0
9.532747653767519 3.761526306860393 0
34.71534350785178 0.5952354510641743 0
6.547538746912018 3.76547680760726 0
5.90906781316362 4.438841281013821 0
7.07189151767381 2.132107556679882 0
3.510935096406606 3.637121590101324 0
2.184832354994548 2.562813293816816 0
26.91014922463732 7.265531982401952 0
3.232114038970923 2.203911136266874 0
3.008839795675751 3.908518037431663 0
13.90069516861684 1.377219268129444 0
7.173992125569174 3.188251736192695 0
19.75457177767941 6.484501208038693 0
16.97571785558558 5.798884256861386 0
28.96548045183662 3.867829990885717 0
18.6738324568663 6.509470720848395 0
6.733623652209312 2.727772010701255 0
12.50467651100076 6.336233880082801 0
3.027401369783505 8.459416302906469 0
30.82035588749241 6.452911013750546 0
17.26751155952229 2.369032175301764 0
32.26513397724749 8.42334872121034 0
34.99433063709044 9.388891753191986 0
14.70109595809996 1.606113081816232 0
28.23542328305372 7.129682875177495 0
29.14346274237433 9.455259179166369 0
35.90050560482531 3.935965406626352 0
29.65308937910889 5.700709985402524 0
23.09966854339466 6.466692234865375 0
11.23603741877803 0.6292270883468675 0
30.2294675220316 3.980646707838036 0
28.23637227094409 1.321478557773563 0
15.55467257711245 4.733743741502445 0
23.94268122141165 7.871076631040012 0
6.840207045090258 6.720872349752978 0
9.803539591968573 9.366818053730432 0
16.53774801324964 5.324206944454802 0
3.741346628536542 0.5445285459262457 0
21.26323161684303 8.344950364747381 0
8.106357684405218 8.459638721212897 0
7.397113335199586 0.5879065199892004 0
35.40256407236902 7.160548955016374 0
29.65505342694849 4.453430022777476 0
22.80000000000003 9.504787178991121 0
25.37498109011285 5.531525724880318 0
2.702267680485245 2.953909977913074 0
2.257116193665259 1.900025149556761 0
1.223576142723334 0.5331096518872287 0
15.15092091444774 6.664343456636219 0
6.418228252304026 7.221866953156302 0
34.69355279209673 4.524966218683962 0
26.91972162087787 2.749849906632026 0
36.61126957209233 1.414448556224738 0
32.3714031562927 9.507983414316929 0
14.70640264096899 5.594158355850868 0
0.577689581212477 7.165820531753652 0
0.5690654497474449 2.537415993353624 0
25.0250183224522 7.164098884627225 0
31.59003853842574 5.528158211865253 0
36.60549722030633 8.556910576610878 0
26.17576986014678 9.411870606886302 0
26.49143343419311 6.239481879792836 0
20.54302111982502 5.513195450983875 0
31.15662502031023 7.609690392234597 0
12.69191879200995 5.256989215934647 0
13.83635245619312 8.574902191646608 0
19.02141349506426 1.66610959934078 0
26.05936626988919 5.53267247403098 0
7.210523463555389 4.824517472067162 0
15.75774238123935 6.245109940665755 0
38.46925571216759 2.98359932826568 0
39.50128760079579 2.656281754867038 0
34.55135420717056 5.417564027764604 0
29.20527167336878 2.025008381959264 0
39.50128971395173 7.342131011813905 0
16.17518407572352 8.501199315559195 0
7.524964303233848 8.488831046126336 0
2.488566294324651 4.899659389699972 0
2.266297356913422 6.924752591337937 0
14.59888127442987 7.610383998713449 0
38.4485300972227 7.013015783024189 0
21.29976106711904 9.414683325732369 0
25.94650446881371 6.628222053076197 0
20.80760559617889 6.154596701628891 0
19.84028879118634 7.75079684941385 0
4.565056203954486 9.431371886700992 0
29.3684612786443 7.145145214058911 0
21.34824000368832 7.229988591543353 0
12.92327604815261 7.468891886457096 0
1.425143434176731 4.297262372155216 0
25.93520565699032 4.47109407323553 0
31.86916294323036 4.945496372980243 0
5.805202616946994 5.477873405268848 0
39.39707173516355 0.5950038327081844 0
37.84320405237813 1.367704695613903 0
23.47773646270938 5.576187719228153 0
39.50498803854068 4.998082163761495 0
2.25124068813124 8.453627566382211 0
31.88611442021016 6.104363815993532 0
7.216151766091717 1.490466297689876 0
24.90794723938596 1.287565577484656 0
37.84206839700666 8.634729036288473 0
38.73784444037984 0.5864424409135014 0
39.39661236632899 9.405942325899774 0
17.06754192970763 1.193323985153311 0
30.22693109969359 0.5374140751975401 0
33.3739492442595 7.67271829599156 0
20.45059314810116 4.390544662157952 0
21.66461247267234 3.134685988768642 0
20.37529299639803 3.250570197873648 0
35.33551487603941 3.638930785196134 0
0.556777059019109 9.452336474004744 0
30.55624303011916 9.407184245050617 0
38.73167502450863 9.414245868171164 0
9.43387615600269 8.624163944158832 0
2.69227567986324 9.475150975631037 0
11.09411878895948 3.588145449823703 0
24.1957877828082 1.987095824352065 0
25.02348168219472 4.966302370526639 0
19.74149041076524 3.465665569699831 0
20.37836584508462 6.648427017883384 0
17.2779265139554 7.004536522170066 0
28.79925312837468 6.700500737120379 0
4.635850269476728 0.3488701903318957 0
25.36867767395007 9.382353830555786 0
4.540850230456154 7.518843592490159 0
14.63165966903629 6.312678534025531 0
37.48247017494931 4.54609906083682 0
37.31050320688783 5.329328809417116 0
6.621070861854037 7.824816244682109 0
12.03024539500469 0.5915217076986777 0
4.417670077510625 1.203430586458526 0
25.38396753888756 2.392807673903663 0
0.5237024744049921 4.474152675429846 0
19.81904281165343 1.474386074767858 0
3.266149128261898 4.631669471776751 0
1.410983843669805 7.143532725552289 0
5.313036656739766 2.569318574306701 0
3.114328400428382 1.347786369797553 0
31.61742917786006 2.268518711181869 0
27.81206208554473 3.368216233846484 0
9.984976974711598 2.658738704932576 0
32.7649699097662 1.186081617371052 0
32.46390403369117 7.216513801737416 0
24.26401413912992 6.193520771655135 0
1.481520887633511 7.808880551243054 0
11.54991657506259 3.319083899762726 0
34.24686515218061 1.995070600875082 0
21.41860465108023 0.4440456471480612 0
32.80015845682338 4.45288181840945 0
28.47195624403445 7.734986007202142 0
7.737501449144006 3.981988921243306 0
1.187417935793408 2.386875366953731 0
28.16170660008695 4.872436552460703 0
15.8120790064708 1.262114174463154 0
7.24056014313865 7.919890613613845 0
38.45523431259235 2.27293014764658 0
39.56747063425578 1.153846153844915 0
5.186038906261136 3.63604476149504 0
37.09201196990468 3.507579328332077 0
22.3115658209085 8.666502782832389 0
22.56626665842051 4.891139642059859 0
5.067638025563642 8.455019390227895 0
35.40209362742802 1.558839086043638 0
31.02402631683961 2.300120148136569 0
38.45550006828465 7.72642085769264 0
39.56819929722491 8.846153846152093 0
1.199999999999996 9.565350116363843 0
4.959816695313917 1.796492336541815 0
9.18789411038153 4.824937924385373 0
15.24615264717701 2.492152094586296 0
3.814020715283265 7.929053528327261 0
6.429997908974642 0.3522788550250804 0
0.4962666943223921 8.872595012100472 0
31.58115745166399 3.265424919832076 0
6.480162509829082 5.402995751955523 0
7.620759761234543 7.445417523832925 0
9.113070667383521 7.865531687941763 0
31.58849791160728 1.207204661335156 0
6.027770876452932 3.913317167186272 0
30.53106786035817 7.422158863374975 0
26.74767325395343 3.792845561114771 0
19.62991316714811 0.5399100613526159 0
25.65116380316892 7.691324255464503 0
31.54794379244693 4.469724544422138 0
1.153726896057633 3.357559927261578 0
14.67213003858025 0.5848609103648348 0
8.184875724222429 4.526957661433027 0
3.476315853700209 7.132934277300169 0
14.75566759846914 9.497745281375151 0
37.98054334504585 3.964020863047276 0
22.15081878395576 7.664769410845484 0
20.78488609909726 3.799010322448574 0
27.1386950224216 3.301525236457918 0
7.399331441861174 6.833933703547768 0
31.7147889528861 8.853304733281595 0
30.84829461356438 1.357063358365364 0
35.9201785746598 4.696364569503949 0
10.08144102588987 0.5588806630082834 0
3.519000597980129 6.082134446000207 0
20.67826305311915 9.444922994344578 0
17.96834878745953 4.486992322320689 0
27.50466415246542 8.36541187236484 0
31.46166128659567 6.610929354443538 0
21.62244934839967 4.374430017030432 0
16.11912477513434 7.277532756514567 0
8.127810743691041 2.104750807066208 0
5.493803781454745 1.763190665035284 0
7.772062796880737 9.466037960180694 0
19.34418512687943 7.449516260712259 0
32.7359028897102 7.746469460340847 0
25.41482157712177 6.688382950116599 0
29.13332891457296 0.5611656981489496 0
27.16955532704813 4.316274487431771 0
38.46852430892029 1.169451265751324 0
1.258947770581012 1.779042495209635 0
21.8136179661008 1.291807713181374 0
30.75688214793919 8.525502831485824 0
26.30413320921269 4.973223934043727 0
2.067432458424153 7.944366570878537 0
14.75183897360236 2.842728437626783 0
34.23002845305156 8.623061943174775 0
1.574387953954394 4.783857247559399 0
24.36567087485918 4.984221222867214 0
38.46919098266887 8.829991174992198 0
12.38936926521893 2.881111205338171 0
20.75124768044001 4.906515945536251 0
23.24857129673176 4.951911871959482 0
8.495300777074823 7.030623269196981 0
38.37602612406038 5.000935956456466 0
17.03792276648202 7.717019083348565 0
25.26009932755319 8.628628092141668 0
16.8092810511957 3.323360870392904 0
4.431094372837186 4.005050287866108 0
10.84699482986205 4.946383085179123 0
30.67901821690648 5.018933515647915 0
0.4817607096590546 5.816011346912808 0
17.22137695200939 3.848198952707762 0
6.92941178149907 0.475698318273837 0
2.854354242733457 6.27423945900123 0
5.688810240286807 2.959996165193115 0
13.99155971014514 5.409419636598299 0
11.95179923490481 5.183106490833806 0
20.3983298866704 7.789283349100629 0
5.51866978372865 7.594750420374364 0
9.156455724225715 6.789208673540356 0
27.60000000000003 9.589951270255431 0
19.75777793960637 8.734534243874606 0
21.62406364178146 8.819755554633714 0
10.86718053777485 7.661844556221206 0
8.27635526597666 5.205714382659316 0
32.4451608201958 6.094291267888568 0
5.26291385192127 4.323002156577112 0
18.46999172383161 2.64629243814387 0
18.26535629807061 0.4176994842643518 0
2.484218677790804 7.494590516996304 0
18.01246444774944 3.058588660116922 0
21.59967578202433 7.73474099508135 0
36.98979792054577 4.115300832394274 0
17.71497626076029 4.916927762256032 0
33.42435296117335 9.444113102569736 0
34.17295267710617 6.013519607392968 0
20.67873467924302 8.473467791063795 0
11.42612000919273 7.778033466175113 0
28.74390476006402 5.029947676982591 0
16.87333378700536 9.436590079162675 0
14.10125985281852 2.620116937770654 0
25.12931377905642 3.026833326943045 0
23.25900549548802 2.252353437165748 0
0.4832918632301557 7.840159744755228 0
31.77206160545578 2.808361145775407 0
33.51709801857022 1.242088808045735 0
36.50302838936352 5.190190726392427 0
16.37013488064621 2.227634160480288 0
7.099146327325211 3.656862401586402 0
13.47762127343565 2.463821481279595 0
27.04351080964736 6.727490114782803 0
10.37175206738068 1.311172040640531 0
36.68311409662476 7.487345868472988 0
7.954248453743165 0.3081753469654452 0
9.60600409698327 4.709460848120853 0
35.68097022403754 1.33628885037605 0
10.99147795252797 5.796299128384081 0
16.86293191955493 8.87406260423284 0
29.99089479453115 6.471628205314503 0
36.31628448365027 7.882975909331898 0
27.88256779098343 7.330090823473665 0
32.43534099494124 2.900411147414475 0
14.35590356459936 9.594672479185798 0
33.66584511583274 5.066713829905408 0
6.328689096428363 1.903482393214781 0
2.095007500543941 3.51135782672198 0
26.18637817678193 2.771209031783842 0
37.5325808453147 2.534886845005162 0
24.96504291776565 5.838636034899415 0
2.051184492808211 3.938075880113001 0
26.26365682026726 7.026149452271784 0
25.94654266967143 7.110298949008205 0
4.50512452812914 0.596987174219259 0
20.80708650730762 1.327322523578766 0
11.45255961054136 8.921758292439476 0
15.65163384847636 3.47420216879353 0
22.76753503953893 6.145701470190566 0
25.29444962856243 6.014079481489543 0
10.45502603659165 8.655056642569333 0
37.52836102582987 7.489143349329243 0
29.23951053377096 4.646647272123026 0
24.88080073914044 7.527023728644067 0
29.11947688595862 4.270607187959327 0
23.12405974960792 5.89090267154974 0
4.169168347517718 8.44703551927156 0
17.93921040673563 1.984306608630922 0
6.996218550008682 9.456080663760519 0
7.629255224392831 0.5041441869618453 0
27.67455286097103 6.498868230854352 0
36.0116855058462 1.090107908694136 0
14.43606120338572 9.211717134888852 0
32.38501553225591 3.815831168144098 0
9.556212251226706 5.049389398959534 0
1.468272783302712 6.054905286878609 0
11.48745932139733 5.853602234700556 0
31.96066980238467 3.820147970317265 0
3.936583016372451 0.8498479800403992 0
6.707067047121132 9.729040387592475 0
33.59089158178603 8.397337583818897 0
3.213359777343536 0.2669134228605718 0
6.592554151605985 6.429137014480016 0
37.16760520733246 2.314461343739288 0
27.7514741901728 0.2547021571392785 0
15.22545246385863 8.863940866425796 0
28.51201405464495 5.810404462085607 0
6.331532942740736 6.188318045195333 0
25.30772979089874 6.399698556568304 0
28.01774874150959 5.711221373971731 0
1.798233751649429 3.24380652251541 0
36.61861865146077 3.009406345455263 0
27.96440453994873 6.803100369034714 0
32.69017542844457 2.612779026739284 0
4.050500539585312 8.823695094199948 0
14.27955149853393 7.282315509185683 0
31.84004317730854 8.146873910635426 0
11.0696219100451 6.840554250247131 0
14.14743255101887 7.646996913039086 0
37.18199273529901 7.702707968878266 0
13.23155610702988 6.845383199030683 0
8.868243559229796 6.027419009901813 0
3.59139383649755 0.8840777347029287 0
1.117596528812306 6.283146324647729 0
6.583781581530594 1.004468993251753 0
18.95859818188937 4.263326859991493 0
11.45624745992178 6.7309495338471 0
18.66123428070555 4.663267078976548 0
4.427203895372236 6.387432450701477 0
28.19697345847003 7.562554470653642 0
8.425866896439322 8.731873540363082 0
5.325019302585578 8.825691356873277 0
23.49613066444875 6.922032491833053 0
13.43558604191887 0.5506470428675487 0
22.38138115229033 1.461626353214478 0
4.272020060819636 2.314343572332678 0
20.9833717632852 2.668091188957622 0
27.79152957985829 8.617522692288034 0
35.10916471308395 6.460912448314609 0
8.780088670837184 8.987027114947532 0
33.24629245486113 8.752526285037485 0
25.26911982578805 7.580109400076284 0
1.164955521328268 8.550672098690917 0
27.513269114625 7.580548873352957 0
4.905161233980425 8.834226040985142 0
0.2333160704144301 1.945594584915517 0
10.80421088813136 8.462233536964719 0
9.80529710247942 3.4037160644687 0
21.13261753722836 1.140317297049154 0
21.98403932639475 6.600930430448321 0
17.57448049606684 2.156954032830074 0
11.27390390205954 1.100041212712206 0
8.335549537305129 0.5018890903072889 0
35.25190711020733 6.10803433321026 0
32.43956959879974 1.96434117936249 0
26.75111192695715 1.915867863343848 0
18.28318838200988 3.763182034003565 0
11.89273827399682 8.978132542400886 0
18.72662460050201 3.795562290206888 0
3.508094367809183 0.4484229381693203 0
32.06727977136723 2.836807356930779 0
24.64943728713392 6.80947692120187 0
1.518385139002796 8.871223668565957 0
28.07823527186349 8.935150316207372 0
21.82136006096153 2.294946047030246 0
4.392326556856447 5.911241460191145 0
12.85024199417418 6.541397196062633 0
9.518595583801925 6.487693456528594 0
22.71076342497302 1.23653198651709 0
35.32249291161997 1.181105717571544 0
13.10055025157097 7.2112855825871 0
7.376735881434402 1.132294359087824 0
10.8761212239543 9.460512020012677 0
24.53017789583481 7.193572693466866 0
28.66348381951251 6.225590439548778 0
11.43054425219555 1.512328132718222 0
4.024989446019352 5.764107660189823 0
23.56429615819459 4.185262033714511 0
9.99850739459888 3.753046198322966 0
30.91239683450192 0.2291206681852307 0
10.91460108529908 0.9801432482586366 0
22.34107602887333 6.868868096747991 0
14.18115838394645 1.6743390415946 0
12.36397056027895 9.716085260746935 0
17.86732777165785 1.135071119278304 0
0.4674803714680062 0.2306613915072941 0
4.793842334543439 5.269261156547518 0
23.00817310700969 7.020370201931139 0
14.41875285251899 3.606765572572411 0
14.06523782198722 3.617327782412664 0
11.93553816404982 1.453239060408632 0
9.602203011153124 6.888137492830964 0
14.45012194984034 1.954084966888885 0
7.606544424794753 1.394978172984507 0
16.43968324682449 9.49969304678104 0
10.29799260769719 2.83967392543783 0
4.76319907045693 5.646361134719722 0
2.680242065770171 5.214289572663388 0
12.87459375287192 6.185596215974233 0
11.26935838318641 8.536718833163436 0
29.80789932609909 6.078396151623775 0
30.55393200729108 0.4082586932510774 0
29.68494673565817 6.817746094151165 0
17.87303999853443 5.910167721976181 0
5.459197868923169 3.401468167947752 0
4.389546666093079 0.3489737316420076 0
6.894237023639185 8.950418772720605 0
31.7540119610192 8.521301269056442 0
21.55220892387879 1.945870339529485 0
20.4500107813826 1.072477568366276 0
4.804231860659994 6.510457239045091 0
12.22261288339632 5.433296270011247 0
22.25622495215638 2.311893329520995 0
13.97068103177631 9.762090718727414 0
4.327235312082618 2.007949313040825 0
36.02718676883045 8.90180518790425 0
6.924999754322165 6.327140296944534 0
34.16241939343018 2.768336244043297 0
33.81535169582827 3.097329134338571 0
33.31962871345031 5.384257355842301 0
23.26355074260854 8.828146016465189 0
23.25907141137045 3.935936032119047 0
5.56044880426682 4.236755645269764 0
28.93579431147613 4.838819823524731 0
27.6914235456258 5.965235925940246 0
3.382387760461497 1.151830342660031 0
17.41414282982204 5.86054795254125 0
36.56683057777585 7.015082265768044 0
32.60783917003651 1.56131382060594 0
8.464511881794335 5.933485354178078 0
5.815401145777375 4.100193982139484 0
12.93596044547747 1.395216322403937 0
36.06626814475732 6.79308140306934 0
4.126843624178536 5.05350434662668 0
5.179946945430824 5.091416990286618 0
30.26079227473389 9.549499854686092 0
6.658896392225574 1.297121163857159 0
22.39954530073975 5.824439600339001 0
15.67182995656288 7.991488494365046 0
12.50628351612327 5.655384117083995 0
7.228824744262667 8.717655400503576 0
12.73811753677483 9.514411137572985 0
29.9420445980275 9.747105106335887 0
15.99429104368801 9.4258852321262 0
28.15394793993984 0.5027839167325513 0
35.82843916517811 7.828617514673557 0
3.425473495608569 3.088894260524923 0
2.34072113194897 9.567059138781723 0
1.976629238661221 9.742008813571378 0
2.731416146122732 0.8497659228014784 0
21.35039278541285 2.906885301631144 0
32.77709019654618 8.617882044325766 0
26.04383892476574 3.281633408899129 0
9.911575841506616 4.472554493877895 0
0.2293851333730193 0.4870716479175508 0
28.49611367991722 2.787990875652156 0
22.05236286804977 1.311470236738352 0
13.64345527149397 0.221258290795819 0
23.64929338446252 8.761703904473039 0
15.3978689724285 7.033345909157352 0
15.01777455148903 7.073659512726546 0
25.7119359474789 2.123741089511061 0
12.7530922303493 3.033382816738653 0
7.961873336555679 7.360441761763911 0
36.17992434846247 3.091324022878347 0
3.916194805392993 5.305403877014928 0
13.1492403911142 3.070271997125649 0
10.58597564401901 6.193256809221928 0
30.87510310853896 2.994491186618204 0
25.59910916670218 3.241943424881134 0
5.487133906915704 5.287600084113766 0
25.30926445797727 3.49153243245883 0
28.886897781326 2.986031389068389 0
24.59472060077134 6.05930105049102 0
22.35816652133135 2.818006765834015 0
35.71321300591992 4.991277760941066 0
33.54161519155115 6.87454625932849 0
2.00244366943586 6.563578302850817 0
8.655705534314613 3.225938308022867 0
39.74200048289387 5.75367641728801 0
0.9029956914729409 6.935535436369577 0
29.11523450241494 6.287478358100596 0
39.74052555168239 4.241213700792849 0
5.626788313598393 3.17611863584711 0
10.52624936161474 1.943409426010208 0
17.97206023245154 6.338935707746082 0
34.72404941154876 1.414170415128092 0
0.4454740170111018 1.634004156813524 0
2.936413621249446 1.119812853128739 0
5.545652784828359 3.653929264973901 0
29.90665505923322 1.226942248030688 0
3.767959657440237 9.47954014498981 0
14.22387430053704 8.502817003390875 0
2.855995578550816 0.4461286157991628 0
25.37777006396471 0.281398493321976 0
31.22480373500115 3.179675081605645 0
26.35205310494726 1.657862250826084 0
10.65203537860636 6.638915859187807 0
25.93152254920566 1.79198804144098 0
6.700435735363153 2.380475814032099 0
1.229189078172449 6.70978237282678 0
33.27884507166269 0.2285823679628146 0
12.14869030585064 7.906143848465383 0
1.466806230584968 3.314277039855257 0
4.091378785779683 0.4141931835067909 0
32.44615337451852 8.843382271287993 0
13.02110983278428 0.5504365612076664 0
4.887585734127728 3.869526358337908 0
10.66956573386424 2.94402303822012 0
16.55777792900179 9.812196693054226 0
10.89564829362721 2.099399386662947 0
5.560839604939612 4.557737566210222 0
14.03699927270895 4.403104524345381 0
3.850100408475361 2.475511590625311 0
13.78424150670255 4.699875462796911 0
15.21134155277327 3.546296492950838 0
22.87750425262375 7.532313611310985 0
24.21153357934676 2.718468318853041 0
6.334454608058182 1.561280807771887 0
27.06803127976185 5.314075457084517 0
4.859838350054572 3.008064950720461 0
6.379174998100243 3.468302434094593 0
9.469322234694726 7.734386778422038 0
8.416821759113594 2.954957771298969 0
2.879778989919471 5.502564583273013 0
23.48438354663782 1.188297759699179 0
23.88493802686274 1.249702664365109 0
3.49981495620674 9.748539385900232 0
9.290388684001121 2.745756279342314 0
9.756757676679566 6.145528488271817 0
33.44558065501271 5.857009405556059 0
36.42598680102466 0.273432086999298 0
22.21959937703825 0.2816617572711543 0
33.22314469297014 6.64267211510879 0
27.03103906804645 9.033644136067517 0
1.74451698063141 6.852282219338496 0
36.72051148522643 2.508896867444111 0
27.37418729883706 0.4941635733353278 0
9.96973614272647 7.120560912852905 0
29.50107611208254 1.278045011775946 0
14.97776589747473 9.188015294560826 0
34.12452962014303 7.547940991718157 0
33.34840093825481 3.018024663909422 0
39.48593031409939 3.802201967313808 0
39.48648521685259 6.18760792870011 0
37.97766269918702 0.232566307819171 0
5.0687845818251 4.088206631834921 0
12.79416590395852 0.9954710252599858 0
24.73578439125096 7.902318141427436 0
34.67951173543221 1.01461143917428 0
6.172288107957773 3.685371170000612 0
4.826822994236471 3.333066549423804 0
9.102288864407551 3.131550889578742 0
2.419646967693845 4.17260875863001 0
39.57699649574077 5.368421753928406 0
16.05268573559585 8.926285003979265 0
9.851317051882136 7.608035860310177 0
9.956040209460781 3.036120197159427 0
39.57552156452928 4.62518980666492 0
18.13854734712477 7.253221867411874 0
36.29593201041249 4.757603495183726 0
12.04363380598935 1.028383680186552 0
27.22455154437844 8.674364556125118 0
29.2877031029616 2.739574363664838 0
3.455351717599484 3.401165181321362 0
10.68566266046415 9.800801009227152 0
20.66024596491403 2.943133877516706 0
15.73702285031344 8.747295982575807 0
27.91048906004805 8.217910804454389 0
9.160106892842832 5.672132448787161 0
24.45339834407865 8.682078792043699 0
13.74477421396398 7.770567995674384 0
10.36123158212686 7.021826534098641 0
35.53447078213972 5.327242152318421 0
3.48535831554079 5.199455649039485 0
36.64081162511886 4.812397372016549 0
10.48022058140513 9.058582805890998 0
25.82653300532877 2.520177163419387 0
18.45544143828042 6.915463459054965 0
35.17694264851082 0.4732539682948344 0
1.837792021467306 6.19283741856998 0
36.8213356382393 0.4525192116185617 0
16.22215596293215 2.865978882100865 0
15.79225454040775 3.000604911161117 0
12.32556858459991 5.063600182698203 0
6.406898527797169 0.1174262850083601 0
16.0108188694063 6.566955504834694 0
6.013556825340807 2.073830701233472 0
33.72859333530267 9.580094846048192 0
24.18896701394504 2.316646020943191 0
37.95864166849877 9.768328632033535 0
18.8445295517125 6.943638657636142 0
35.09357620509456 0.8599045059117224 0
39.55481989192094 2.263581250666115 0
8.253387008502438 7.222177010218597 0
34.41400849504171 4.896256067693365 0
6.675495090131588 2.022728355300928 0
29.26847452337951 2.361671782718725 0
4.5746934331323 2.513276999375423 0
7.437056404470359 0.8314410998542656 0
26.22447761459309 8.979903183943046 0
31.47054019166279 7.875654467643511 0
22.49130563790052 7.61561898625006 0
39.5550253414554 7.735806233795969 0
35.70815558210376 6.999409657534758 0
39.72105735832235 1.890974511863672 0
27.22028540943528 5.745107448392075 0
34.05380901491154 9.765390478524948 0
16.1312796673713 6.911096443450965 0
18.93122724935271 1.288194627277355 0
27.57186692267696 4.407247885694543 0
34.15234192785766 2.354331134830343 0
14.09688402325064 6.939755918833924 0
26.9669374966537 6.394652818404016 0
39.7212621034715 8.10894205037004 0
14.56628447023639 8.372266824942052 0
21.70852478207521 1.567992199857812 0
6.114169515090194 5.626428199707767 0
15.0009277264237 8.519969206793121 0
38.64072047105105 1.572740396210867 0
4.967985523902173 4.505966419265707 0
23.40778353972634 4.585249656492881 0
19.16790945164908 9.563166077121634 0
7.95833221127521 1.443244392759739 0
35.6004829726538 9.723908969946182 0
18.13200425430805 1.521816259180157 0
5.81268308153826 5.151629763149415 0
26.85764612232001 6.012702024683055 0
21.67513849921242 2.740635468213053 0
37.92943377870413 4.332757438289771 0
11.68327316723889 6.297862265717458 0
9.189674335866266 9.741699814988747 0
19.90559682265548 6.059790632869706 0
26.55326208965791 2.713797357577533 0
33.55185235563863 4.63318424534709 0
25.79965344237253 0.5150458593265528 0
5.219030911382522 4.707898513801417 0
36.02693830644257 9.453867554344555 0
38.64137831179935 8.426971351823761 0
27.42030699995024 0.9477145430323469 0
15.12443438702016 0.5232120680680556 0
22.0461645337348 9.773901395249004 0
9.503912667480789 0.2453884984213992 0
3.278863840669759 5.490254718575 0
4.735781992323772 1.211966475380857 0
18.50885954202792 5.474736333621986 0
7.923232444543763 7.696857532251619 0
14.95272551670929 0.1949536367882783 0
18.82199940967304 5.846926844210479 0
27.52961908408617 4.067377878104378 0
11.26027733316897 9.44999815033527 0
27.74876089386419 2.203657517699717 0
6.68504318783533 4.400982948907157 0
24.98985534244396 4.126591664429822 0
27.60249378125693 2.534250532302528 0
36.38939279487305 2.077372743899677 0
37.88847821123105 4.690124550534989 0
2.322320062614985 5.234103082865266 0
3.438993318441126 1.468453664537406 0
15.72060359265737 7.237742342450134 0
19.56295897083529 6.08144046121975 0
1.307143300661848 8.168979228071629 0
17.22301348041812 8.606375248758868 0
9.810129443554926 0.4316820527574937 0
35.55277656085519 4.631638413626425 0
19.40093633232436 4.312324603016578 0
22.79239035828914 2.938208791154709 0
19.69699694355479 5.133489289153169 0
15.90112047915157 3.825658091603366 0
26.12418170852215 8.589046636591426 0
9.78389488205241 5.361981347087752 0
19.28863054590086 2.417804039504793 0
33.44429553109753 2.07283125406813 0
19.61795101595462 2.59805761842067 0
2.418069736853068 9.201762565361845 0
13.00666542595876 8.173198900913969 0
24.86354107151003 8.667283149150922 0
6.135891534903307 5.315505260121344 0
36.36186953627875 8.696866410161695 0
18.74742708499952 6.195082887785127 0
2.683253960487109 6.752583230435106 0
29.81443380223155 7.199396474071084 0
37.58833024541157 2.981868855628337 0
0.4230045536635784 2.278579403212879 0
8.322555156507514 1.26826853729301 0
4.44561884185979 3.509791101283694 0
16.47119938876549 8.665132318571427 0
33.17806419775553 2.275222711962028 0
32.72393765440768 2.223117980677411 0
22.45224674271245 5.341291442642075 0
34.86398734101137 4.967901528222174 0
37.19601822029778 1.741210595252659 0
16.64857463161895 7.600238513872534 0
28.38826040949367 9.772764914707619 0
16.67871170241312 8.00980223558717 0
6.24884861850849 1.010505413692666 0
18.79834078354624 5.088408830124285 0
38.81404540864737 4.582263294161393 0
23.79099643255559 2.898829024615508 0
18.1288042556599 5.486940695771158 0
28.13276582644653 3.060355924220999 0
38.89292784522936 1.350907192919462 0
27.07724696604024 1.136478831120165 0
23.76680025849219 3.322298693780731 0
38.67766294821848 4.126288188757525 0
37.20126412980171 8.252326808994146 0
25.42346647479654 7.331434744460997 0
3.911083903081909 4.072348691568549 0
5.250206259379844 1.131244554968811 0
6.104024800950516 4.180307580922264 0
4.683372649777336 0.9824903047300934 0
4.640521518396643 0.1162900634439652 0
3.777841552587139 4.462639808302789 0
35.93080788490084 2.184603322384261 0
39.20875374733333 5.239061575939659 0
39.745404762417 3.407142112667117 0
38.00488404980174 5.471523403102328 0
26.68958718944261 8.026900776133601 0
39.20727881612185 4.752239885086819 0
39.74448473395872 6.58777766525241 0
37.56717100804428 7.047164766145262 0
11.76221446302901 7.877186097451379 0
38.89376636188032 8.649175661432142 0
8.106940451657492 8.87802446141446 0
14.25017658141319 2.292086252207026 0
18.91037738984678 0.9081500469757557 0
1.884948323500109 7.177117333588796 0
21.16754049723217 3.582634845783243 0
25.63571006610833 1.324840239061774 0
30.48375089758087 0.7925591955077724 0
21.16849198132013 3.977400187008834 0
34.10169534841778 5.232443903491284 0
38.98130510526307 3.729687196742224 0
27.33677283437091 5.054039590789969 0
36.92884642760644 0.8526262570977629 0
13.14727340271336 4.11192481929393 0
38.97341735457092 6.229494575384167 0
26.69350133146548 6.617801532552545 0
2.435138503243345 6.49213767547614 0
24.3957692260265 6.485950883544507 0
2.744186458348292 3.339523489582803 0
21.82425053983188 0.4296769729871747 0
21.57849410959722 5.81941541724272 0
10.89665405968723 5.332511187152563 0
19.72865650197241 4.701750878312082 0
12.70266134702745 4.061464331150693 0
12.819298362426 9.072275383208131 0
24.98233257313814 0.512124624538065 0
28.49459000533117 7.400153999944506 0
38.20592397331121 5.885984701138845 0
30.23122517999369 2.401158376913678 0
19.17390110475161 9.170516352231283 0
9.210816034329445 7.483539376227209 0
12.37645801715201 0.8632561757544819 0
10.33604377761222 4.421134278823571 0
15.87862911573404 7.575492080879879 0
26.35337338200023 3.571886952853735 0
2.030162371394816 1.124160780112021 0
18.9000282582064 7.981671344342982 0
26.36601898884155 3.977088212521521 0
39.20167739811971 2.360600409989243 0
23.43189749595818 6.066402669220722 0
38.70422204818554 5.828336063907805 0
21.63073188345672 6.897398589245895 0
5.127133344341073 2.81743844047422 0
33.66140465461403 0.4369293675285068 0
35.40342875802225 2.873471881415483 0
24.16939886215463 7.429231942271127 0
3.058441182645113 3.006993490078937 0
17.30544773634555 5.48601133268101 0
39.20207570878031 7.638765772155213 0
14.12962282262705 8.904102771646004 0
35.01316211894149 2.657011382067034 0
18.96853572224721 3.370689705604375 0
17.24151631740795 1.975688780769587 0
23.77713489045442 7.390160623891265 0
21.91651807955385 3.41300348463356 0
18.168316178563 7.677071299861713 0
34.956924065399 2.214574948900009 0
4.14030127870861 3.354008085672012 0
38.63629047227507 1.940566690175952 0
15.12432668085916 5.349341788976041 0
21.67837558797523 0.7685204744704247 0
15.18360824959361 5.697640196192029 0
25.37827169876296 3.93378841784293 0
5.945761228158333 2.342363139821086 0
18.08574119922757 0.7276911102234805 0
24.65563424532126 3.961734314023315 0
22.5177383472794 2.005392589166203 0
14.83376133814974 7.389006360085621 0
11.34966055680136 4.244827520040722 0
1.605334702100266 1.1033278916934 0
19.57448210715355 3.871292774692163 0
37.97577508226347 6.280643366082164 0
18.12526655713809 3.386185808482127 0
38.63681467367128 8.059114579390574 0
4.406773234575939 4.48518333993136 0
20.72398805714965 1.870133665319501 0
21.03896634000202 2.15276564803877 0
13.42437640726324 1.409254947728099 0
17.10487611446452 4.696016015662667 0
9.029858108521816 2.413923639951688 0
2.44293779909322 3.265985726459571 0
0.3867754484303736 2.981705847639212 0
36.80306813551294 4.454100740683832 0
9.191443539113513 1.198512993331287 0
32.90752265660154 5.199448815001215 0
2.954466734114979 2.680025602788869 0
32.5649280314413 5.416975739378771 0
14.42559373376506 0.1949536367882783 0
7.082471884852602 5.674845442248501 0
35.12493218061679 7.46204163368986 0
8.473816314503024 0.916893961629663 0
21.18246286599114 6.036645442682126 0
14.16207226110845 0.4162119275840974 0
27.15465683286112 1.620872537339685 0
3.521252576250082 2.333125407608896 0
7.024858619374008 2.504741304116442 0
5.417282299008857 2.906784982213242 0
27.9025840136899 4.592635240704186 0
32.09814676269033 0.3841237891869273 0
29.69526014684 5.311844675894937 0
22.02994899052344 3.037474102200683 0
21.76786712371807 5.078688599702502 0
36.42645533378876 9.729958584398373 0
21.51398123681866 5.338936060324976 0
37.55293096292929 9.588371361883249 0
38.84904716205977 5.400678982824355 0
14.7785247806254 1.224088519336693 0
4.654229927954477 4.672807056118439 0
6.551615972923766 8.672540050118497 0
15.10213812806176 1.433242514455147 0
29.3469393364425 5.476969214680288 0
8.602874513727228 2.528737713464217 0
37.40594709946102 9.190297794699916 0
8.494276523161048 3.595915926640447 0
30.02256051895934 4.770007297955515 0
29.6959148294532 4.896084688353254 0
6.166549757398673 8.769888022524633 0
3.657221306291802 8.972013714622094 0
29.57816663206174 8.781318656041494 0
19.92803799479156 3.889362624334943 0
33.71250733222238 7.628748380284253 0
9.205380924364759 2.011489562832709 0
21.81004669298209 1.051107829814862 0
3.052626719714757 6.632706539378286 0
1.106763540857271 7.896670863139799 0
7.831621768800328 3.593555546133445 0
37.14236183809133 4.507382031077837 0
9.553077606684916 1.147680616047944 0
10.16251535216321 5.464672291221067 0
11.2806892292551 1.895798787808284 0
22.25529484602444 7.310263195312941 0
15.22451954377578 8.092346031652324 0
1.791065327783413 0.2255252348300678 0
22.17302686861237 5.064297141973275 0
34.98943496411317 7.117912391419568 0
18.49833463007947 7.974677415368073 0
37.426258759866 0.8117604779176357 0
38.34764185372901 0.4280471214570047 0
6.006303854851292 6.370945949338888 0
29.96441760377578 8.828196361806292 0
6.412350130602339 5.778022505446732 0
28.54200863340916 0.2480817595932728 0
20.16841327003734 5.736022047184767 0
37.58231386197527 0.4116534324384347 0
5.079500122174044 2.288391325069882 0
18.22583564289233 2.319790917535939 0
21.29182800842452 6.778970106690555 0
8.974086141935077 1.643368008883828 0
0.4415430799696909 0.944711989046327 0
22.14225029403147 3.760200160289765 0
7.844388356706958 4.742895602904199 0
27.3127060991142 6.660690547027143 0
25.25745003121438 1.288179254992187 0
11.08927641529596 4.593424192849484 0
17.27457181836573 9.521526750568704 0
16.82102967574218 4.995073696413435 0
12.57890281764073 7.274636419546918 0
12.53083337786246 7.590681001846877 0
22.6036456069672 9.232944240511523 0
7.140634175744796 6.016522864885064 0
9.094516076625887 0.4391022417632429 0
3.814440861818744 2.843663600759718 0
33.07994573853176 3.447450850535466 0
18.78044043891807 9.758076325038317 0
22.9924198858284 8.408092961376108 0
22.61494821424531 0.4533368938568993 0
22.77720581866813 0.8274484355662514 0
30.16858770952021 1.606245299081488 0
35.82323227225592 2.698045123351779 0
3.331543728319475 8.727485056501337 0
22.57513306940483 3.737546155848284 0
32.62101233856604 3.381942065325136 0
15.11541863668762 2.139149435436157 0
26.27203881876111 8.146315422805626 0
16.45489609747126 7.022958971678186 0
7.469594385470605 3.696046108186886 0
35.14031183912811 8.138840974157841 0
22.44616453373481 9.608830454912711 0
12.26228550055535 8.26856535389958 0
7.296415027317486 3.951850039424675 0
19.52213588072894 1.735554330849448 0
33.85040845447793 5.961893096539645 0
26.18932523878698 0.2336473660045768 0
0.4809681193044131 4.1017428751387 0
12.68451738216746 8.35466945743052 0
32.87930821990607 0.4246728772005044 0
24.58627022299966 9.495675469539648 0
0.2121579465966716 1.226871110359546 0
8.753394106812555 0.1937137433418437 0
34.89382797760651 7.803071423516552 0
27.98826040949369 9.636082004792762 0
5.826230108225626 3.746353400204312 0
39.11473950037688 0.3938154245405619 0
0.9859480989535011 7.308704521464423 0
0.7239354169433644 2.918340777841638 0
8.780799228401298 9.482043627303389 0
34.62783672660077 6.938356367453703 0
1.034781054114242 1.433458924782348 0
1.401943294917191 5.647264331580575 0
34.25665461018215 7.078052442666888 0
6.658457255210085 4.05697996587276 0
27.8304812120779 9.310025402486838 0
9.526768076455246 5.754085560751709 0
18.60243674754231 1.53057295515081 0
26.58487173887513 7.238586095380369 0
37.9928247390021 2.319172433588192 0
8.718263827594344 3.890785852417788 0
3.747248539655466 5.976518555582413 0
38.12135391590207 2.002188404735295 0
27.18880524006347 7.394728024293179 0
14.34115616033169 1.354903177433396 0
25.84809578112317 7.464666349804307 0
5.051785405030095 3.498015434907009 0
8.05665728525832 4.960521930466761 0
16.20120847514862 6.248900058826024 0
14.5886194995209 3.18820133984722 0
17.73201299947516 4.209509214844462 0
17.42901119531303 7.833064008008737 0
2.887265457790008 7.436455231849344 0
7.300889749787068 4.531350555827703 0
12.14100983477772 6.297357922787165 0
37.25412586329399 6.054024820202674 0
30.03830779372906 7.988410036940908 0
8.101284258424846 3.7543245315472 0
37.62980739747895 1.088574918503006 0
38.85299296871857 2.232816540915757 0
32.32582979606119 1.305591919854147 0
16.88981046952176 9.209023104295518 0
5.84730481361047 4.805285721731072 0
31.32886851773705 3.528643641954321 0
37.97978297322906 7.678976042526003 0
11.83111814898906 4.222071673094821 0
11.96673121607639 2.268093659153663 0
30.96630986599384 7.967859325879862 0
22.44083421393669 8.953516108458613 0
38.12188312451098 7.999069956566463 0
17.49930146720372 0.2302848276662503 0
6.255701367147918 3.173361897809762 0
0.2401045498455135 6.524725376241954 0
20.13771962140391 5.374967421256769 0
26.58074155217783 9.163657607335542 0
38.85347916022461 7.766862387448124 0
28.62565948859624 1.123977878186414 0
34.94756908686576 4.196643602984014 0
6.100332211759365 2.580723353217405 0
7.476549078316608 4.250507705553084 0
13.71889829125593 2.691905721849803 0
13.96131093408812 2.916072948597463 0
4.516057528603492 2.821408110112529 0
29.40732152436897 4.020380858883036 0
35.14390130000083 4.574505630019762 0
19.39617636789251 1.421483531064195 0
4.939486473496635 2.492693295705618 0
32.11097362148767 0.7384650147820926 0
1.917146185168952 8.704446469659722 0
28.90802271661927 3.424934356650309 0
37.62568060403273 8.915164743613024 0
20.22974542823764 2.020672384408789 0
35.65055399923711 8.651048197578257 0
20.06847972218429 2.432505641045462 0
10.48786629449768 5.192562063357433 0
4.038657842090891 1.704669185296398 0
23.57368485019241 9.754227209424053 0
35.24862485223897 8.798108980101951 0
25.89141527026877 0.9808953692243588 0
38.33586667666832 9.573077254757257 0
20.39428498021817 0.5466288403534142 0
23.77425739827457 0.2513886537860655 0
2.79080888907863 7.754318919824185 0
9.133589163636385 8.788071284019168 0
15.54445510595708 0.5460065851001147 0
14.93373307366193 1.843803097846135 0
17.61389928319576 6.691200026747377 0
23.63242161566377 6.50252408101318 0
20.2824735537082 9.53177334826254 0
2.271058072942402 8.861254762278902 0
8.357008134198624 2.289767615113127 0
39.10942913027921 9.606729398023646 0
6.14448576147656 0.758857707564527 0
0.1745674914683307 4.311897045656102 0
23.07569156830361 2.583673925490199 0
30.47311275065607 3.145503762582186 0
0.75942685159499 6.058962993243578 0
10.42862299398311 3.90112564744847 0
24.16951758186898 0.4821147850021544 0
16.39113213882695 8.271195646324047 0
0.8651232738714391 1.71419780906289 0
23.45616910471381 2.585425930976886 0
9.663577714812703 2.691448813613347 0
11.57428815402762 2.297527046183719 0
12.70184727941756 0.2210478091359367 0
11.60038884489802 0.406916265348515 0
30.95429552299379 9.514788457353054 0
9.324734788237775 3.444839291159047 0
17.64761127761009 8.721546525739017 0
36.09853746111882 5.067616556999224 0
23.13807702197117 7.92226360445338 0
33.0865332941345 1.419453268152554 0
15.50785853625475 2.229737949429285 0
24.33506850210125 5.80128285767628 0
3.866163161892048 0.1815095153087486 0
21.4476797310876 4.169206751869454 0
11.96712266329111 9.506372400296678 0
5.506574410427596 1.254552265538599 0
0.4509635753967454 8.188689979127567 0
30.22250947621729 9.168606171351334 0
17.42916845728175 4.833831909689404 0
3.700971717765197 3.842571563193601 0
37.63309569119102 5.420321544769505 0
33.86740659713536 2.127791661346198 0
17.09111126233512 9.812196693054226 0
2.422990313287595 4.573195613122133 0
24.780779004715 3.296749332336233 0
17.48302238765844 3.996578091640153 0
6.303866690395457 4.475030444096991 0
18.09766053045786 4.130357026337376 0
10.1658008088438 6.001579095854044 0
29.96757493386638 2.058240089510445 0
11.25050854216708 4.979258205424748 0
36.86032060904589 1.542148502953871 0
21.9827292338576 6.073080942154026 0
9.524187533189124 9.530639166232225 0
5.609977880681096 2.703093908561367 0
9.857733850563319 2.28302866825411 0
28.20499524949757 2.106083824631905 0
16.28936317342604 3.801989120171349 0
28.53377254361438 2.331519986910711 0
36.5007889057272 1.683875127896065 0
6.130053456521718 6.982124157328639 0
10.75845947565241 3.725767843504206 0
17.81617069982599 9.113700297991075 0
10.58350560624905 4.698522353331112 0
3.314551243367656 8.230951516462966 0
0.1610972877433852 7.998001966200458 0
2.261502648944145 0.8083777347709745 0
16.16742149724932 5.562049300198428 0
13.67193043755907 6.734027284144324 0
12.48296668101701 3.285299561523027 0
35.26525985168395 9.520206221010177 0
38.73053145763654 3.303519425878507 0
33.18682120284616 1.03797250976841 0
35.13024583374036 9.115204637093568 0
9.660067635594677 1.934902056864099 0
28.86360842973311 8.367715115499792 0
36.86343264892596 8.44034829159861 0
38.71426023741795 6.659643931920447 0
8.857626190071784 5.054234019516866 0
11.18178683175264 3.898167723604482 0
0.204094567723119 5.060239187761527 0
36.47733164144879 8.28635949234164 0
38.88201417267164 2.960232842954203 0
21.67941822277448 9.578795837159793 0
7.544502601619553 8.87445170023901 0
24.20519788357078 0.9176312313774364 0
6.279155696310268 9.537828887155031 0
5.013431559200074 1.275400834863493 0
27.09150649312038 8.294106833369497 0
16.11457279599157 5.203837381465533 0
2.14798684327663 0.4047404277686588 0
30.99085852843903 6.048884186629586 0
30.64979258792759 6.058852122107591 0
38.87437846702452 7.033537336416927 0
37.29785275526351 5.690052656143044 0
9.102138762578132 3.834096635380513 0
11.64383051782885 0.7930915789165217 0
33.75284025270012 9.189188660496692 0
6.058774621082343 9.129514968521253 0
6.963472437942126 4.612900674740644 0
5.189521035958957 9.748998812097755 0
6.068072015845654 7.345663246239092 0
19.74975060382754 8.366502603398702 0
17.68517365696297 7.105067367323618 0
38.78858380571388 0.1954808136378338 0
33.94138786498612 8.493963305597619 0
19.44152818371452 8.545678262453155 0
19.22511394838882 2.001520711660486 0
33.49129441247509 8.012483201367585 0
25.71481584469895 9.598074812480696 0
24.33941868693529 9.801262392095062 0
12.1644068816151 8.696348374907473 0
5.319439168632659 3.96915680543017 0
12.58663876322721 8.782452478438413 0
21.46078262175719 3.361193401223265 0
12.06606497315798 4.505442264619262 0
27.79321320640599 2.933134154502453 0
6.219557945295072 4.767324553621311 0
2.163684856139365 4.837486510538936 0
23.65350712755422 4.83648934755113 0
8.60059840717755 1.650336704301504 0
12.17812620315813 1.807276328468638 0
34.41355398702469 7.881826995020769 0
30.71596150180522 7.67949549611239 0
20.49275435103971 9.814974331448193 0
8.391124892535027 9.740343812314642 0
32.05521735583397 8.76211297107241 0
16.34230863450305 7.453743071594535 0
23.17081553752185 1.517667793449696 0
26.60273602187223 0.4731087822006262 0
10.21441983728636 2.325532124625824 0
26.66231296891389 0.9165752274277229 0
9.934513197322852 9.788939351243478 0
17.66067352359905 9.521292828019376 0
20.68955290336609 0.2632900751752896 0
15.79153680939099 1.986912180554105 0
3.131082186943539 2.430025988906802 0
13.54482800827219 9.560416595553464 0
4.177724609634211 2.990626693204191 0
22.80030473269335 4.077378369490011 0
36.09509108223308 4.339528388595035 0
30.17577021399736 8.416636999712937 0
28.61148069904864 8.833435529413741 0
20.33017816896504 8.636129563224143 0
30.67321853533591 2.331569800273549 0
20.61882586220727 8.85341703322765 0
24.65773894758999 2.900232762457823 0
15.95980852566561 8.302466785655854 0
21.11161653925471 6.420506143385734 0
27.87978078237037 1.518981356056052 0
30.3722500672408 3.56909492023828 0
28.6431089614214 1.502177547940899 0
35.73726008787468 4.289902103095891 0
16.45660192940593 1.627302201627908 0
36.00014052832132 0.5482742382727409 0
26.84137557448981 9.81441687073068 0
9.7904069207364 1.515948125631874 0
10.47097578727031 0.452570903450532 0
12.00732421320324 3.81847657829922 0
8.132825911319527 6.215170842694209 0
13.42769708268593 3.82118851740909 0
1.018863921557051 5.063313762336507 0
4.635937556319745 3.992528200461597 0
0.5034875930173078 3.720618140875729 0
35.63914534753354 1.83923588298695 0
28.87821422005448 9.163413251996852 0
28.49509827608404 3.74000866002297 0
2.393926880028547 2.282898815371701 0
2.602347305186363 2.016086285716757 0
28.57585377381223 4.154110192005362 0
33.15563182658779 6.174618790839989 0
32.48418407842176 0.1960905092376898 0
30.71874767670638 9.802394748350205 0
9.11972255624554 5.240534436392558 0
24.32949393808602 9.053347143146317 0
15.89987801859023 0.2177481538203373 0
36.72175023845747 1.145021984553412 0
33.25940900368672 3.858707002260891 0
3.486134044555524 4.564378640486317 0
17.11886051321485 8.136051552360575 0
19.99997445034643 0.4633087856289966 0
31.34698956563022 9.515413044598317 0
36.36221853513877 1.286748609495606 0
1.015257058304391 5.436660206510292 0
18.50700612779459 8.822338559156082 0
10.2597051481576 0.1862935543360945 0
18.89083393800354 8.837281364294034 0
22.29440372975758 8.313257288423157 0
22.63055700694749 8.513788867544584 0
14.65950846857259 5.140453920438521 0
31.31705719319491 0.4171539481344682 0
16.30218851976842 2.485433786287504 0
27.82987302038664 1.148745979427485 0
30.41204384747594 5.654173050492566 0
36.94042743141767 9.151927747064754 0
1.334274034174128 3.990736918229308 0
38.77722500816954 9.804748622723721 0
13.18559617652821 5.956665341302234 0
3.704331604746821 1.717576960887491 0
26.09519645652051 4.203171049895107 0
17.12099779013238 0.4375148584563185 0
38.21491603998484 6.653144085387403 0
8.071470300272294 6.590357792716962 0
34.86477687903014 9.796297251063995 0
35.16155644817999 3.901298458488071 0
0.4006914530651984 6.155703517520585 0
17.79762052910196 7.947213623969609 0
13.64381473049602 1.759761120602412 0
37.5400361565118 8.477784821178654 0
21.23325368903967 9.80489444191079 0
3.086098839729696 4.157174062814296 0
2.986297351038679 8.869714913449174 0
36.82074462821928 9.550001314248087 0
29.59196539232478 7.959908793492045 0
24.96974409404773 9.488531020963183 0
5.32619923521339 6.993521771225953 0
13.41986720001013 3.388821906965836 0
13.60542279990648 6.004458917455554 0
28.76941465695178 9.591184641096408 0
31.10574598228513 3.884841282293326 0
37.54043604288407 1.526553555057536 0
29.27662285275781 3.588809559556411 0
9.74990460677458 8.928398118508076 0
1.705190509070605 5.42155534007611 0
5.472364038778985 8.44015866071409 0
19.37405507846375 3.397422447064566 0
33.03731665670436 9.513741912166028 0
35.80103817549305 5.639194175300393 0
19.27888940519381 5.295183147692424 0
17.8978310859572 0.3695179890877009 0
35.71008534472583 6.030736113602043 0
3.171868617258411 4.398224540929326 0
25.66343879340079 8.586638799662554 0
37.63454677636683 4.129346963063632 0
22.24082138410667 7.979346164427522 0
39.06066777578138 0.7459822990618913 0
6.722673312111021 5.167780486450391 0
28.64546094797523 8.040481840333396 0
0.1896884832491483 2.640677125989669 0
9.468812918523357 9.072027147618501 0
15.57905239253198 9.738388878399386 0
18.58655667666444 2.256555852683051 0
4.418933074845431 3.797741828890588 0
1.122144428525628 0.1777032172957429 0
35.09412037808553 5.360998703206191 0
1.394948421872144 9.248445240059631 0
29.1811542474581 9.81841972638879 0
4.189830102551656 9.541458054656578 0
12.44386942245354 6.015132338466714 0
1.143790701010778 4.341923241493801 0
34.90250953692036 5.750248945796379 0
15.49762635275429 2.708232460049758 0
30.69087206887113 1.06577562323038 0
11.4209398227605 8.136352311102948 0
11.76090356357085 5.468722095353932 0
13.59731267615851 8.844922361578094 0
3.576757691867577 8.054163924936562 0
33.60896445926824 0.8509589702104184 0
1.576629238661218 9.597125519025992 0
14.32180591370111 5.275197283951345 0
1.243801854801096 3.677502769931429 0
38.01626963175615 6.999195767785873 0
13.35934216725669 9.118280841188609 0
19.09333738316199 8.439354945307686 0
39.57688090307428 1.506359127249233 0
1.858958742682613 4.798885796492079 0
0.1925631937374923 7.260401715712754 0
24.99374865269334 8.267838425085376 0
1.700053551685989 4.137863728756872 0
16.78005341711323 1.43718526735876 0
4.056526402606855 4.68068808509459 0
17.1748597741364 1.583786050720102 0
15.47246581085204 1.318576212004121 0
39.57732853587979 8.493557434986009 0
30.28800794291691 7.667144719260736 0
30.53765096940984 1.498226960983258 0
19.11035478784994 7.659655333767668 0
20.28492694249393 2.827306600856776 0
30.86233258617202 1.691156993383476 0
26.9715503178854 0.2394614161960494 0
2.971869786409529 8.075927515127573 0
12.23588825827593 7.017021385732353 0
3.752551004290218 6.566114152017687 0
30.4822586103773 4.310794206956908 0
4.455018734651492 9.810457295566998 0
33.27478432039111 9.814704367523246 0
39.05886972779841 9.254914668701785 0
39.25924328700786 1.345705488950659 0
34.81209124678492 0.1984118170213914 0
33.45904516160343 7.319242372609595 0
0.3786620591914496 4.756751618033014 0
3.642153548613739 6.30515184220489 0
30.66752247719013 3.927487900275277 0
15.90741961991255 5.869016965602079 0
39.53545802025027 0.1983346109027281 0
26.05858995338226 9.803956868962102 0
24.51556514837799 3.574147967313827 0
25.79992748160402 9.22873725981888 0
24.58130669513159 0.230726131216089 0
39.53220412210967 9.801980775299924 0
0.1970869651812254 3.417951798572619 0
39.79902391172119 0.4547448673127679 0
6.409922844183559 5.088709377268546 0
34.68427554336289 3.395298621350445 0
37.54861712153824 6.327889768650007 0
10.22017585778701 9.589740360470628 0
13.17414697649587 9.79832587682605 0
33.14430197179242 2.664883758023901 0
5.459315575068331 5.664645759225735 0
39.26010246673233 8.654563218485441 0
30.92090982059709 2.005509256640544 0
29.26149723504006 0.1870552327163165 0
9.313209562661728 4.118517366339456 0
7.05889215533913 2.856789363954046 0
39.79887078877633 9.545570518889278 0
19.91052154873282 9.521888768897663 0
19.77725422102086 8.038590138578451 0
5.444379726746942 7.312680935524798 0
30.83306224187016 8.273130138963603 0
34.35474008737058 0.8363079011230846 0
2.083578768842687 5.538393265797086 0
30.50074179237889 8.463153004736382 0
20.02319258908615 8.72315171416108 0
5.121485349496944 5.845562643570791 0
1.251140604152156 3.046544236131942 0
29.08867206269469 7.4673572779646 0
2.516871461329534 1.624437591805231 0
29.45413001427468 7.546305592706518 0
19.27728485523777 5.741607588581669 0
35.22841533944403 1.895373005540757 0
16.47463586447814 4.888771586518332 0
31.04854621324181 8.649978103723919 0
14.97427338090548 3.190867852530124 0
2.802608863583909 1.440357998552162 0
30.71622576375054 8.840000969496698 0
3.259947256703674 6.918938145477934 0
35.31927857044985 6.80478707799056 0
29.04387779676088 5.253381778540311 0
34.62746268367334 2.958250841020674 0
25.42205294041007 8.250944705703413 0
28.71696527626033 5.406379298991662 0
30.08535814618354 2.825866004554938 0
29.52319884548561 9.565524832724677 0
6.959917457224216 1.375628890291625 0
27.75430641536644 5.036888279372291 0
28.02863390979929 5.254692502703823 0
0.8753390857091174 0.408364608803037 0
28.92464503647254 0.8705402583115428 0
10.12516203345714 7.898289349390232 0
13.80982115544327 6.315546907986011 0
5.607895276586832 9.149473393026534 0
15.53405482968373 5.914624057796991 0
8.725493868931713 6.75516752599907 0
27.35026304374071 9.351677358509901 0
19.76811059055254 0.179970020450872 0
11.37220078203651 2.666093111155228 0
2.149850792853867 5.902034388992923 0
38.219857016469 5.173330846884993 0
14.76886947411883 0.8836711288528937 0
12.96657661635847 7.771631950764522 0
20.9260080400794 9.619868773358982 0
31.36784848155744 8.759245404322511 0
23.37890856106477 0.4230637903718105 0
0.4522590196730354 9.817445491334915 0
3.141177415614138 1.905632358444234 0
23.2776002740153 0.7971753320811624 0
13.204522769519 5.298388141052799 0
3.507927291906627 2.016559209776174 0
36.28978891845391 3.945141615504627 0
10.04290968459271 8.334200490733162 0
7.100501601583221 0.158566106091279 0
7.815532272575216 3.250338071961782 0
6.316848445533317 3.955852756453411 0
9.782898505379647 0.7958545467965245 0
32.5037711205968 6.790510314801775 0
20.61866865349931 9.177235434321245 0
12.4423326687718 3.70409486421004 0
32.83722625949965 6.935300063638515 0
19.76818921768111 1.149452429795393 0
20.11874346634598 1.300649518113606 0
27.24137557448982 9.677733960815823 0
34.95122570069788 8.468746118321251 0
19.705146002846 0.8379604253236456 0
0.1855923530063697 9.561035234924658 0
33.92720235220921 6.714163717951877 0
29.66232542612941 2.975480301197555 0
2.499778658346882 0.179215192938591 0
30.64934605781053 9.133894774018295 0
30.92934185940864 2.605264851950826 0
34.5185858939417 9.561687729588941 0
35.62066535519202 0.2748421512734429 0
16.9219860168405 2.342557147756826 0
36.74797054375593 8.850855209418665 0
24.5257733018797 2.110175344619379 0
11.77365080638607 7.097782030844677 0
31.64477505267614 9.803019335595469 0
26.34066401372488 1.14296332112948 0
4.113364236964482 6.668898223079672 0
17.12025595276486 0.8352895201740888 0
2.927346586954918 2.117381614620129 0
12.63916171267898 1.80604015196022 0
29.51067830436226 0.4693241876036242 0
12.80625755317416 2.248202128038732 0
20.32708475945621 7.402406806902068 0
5.972088649189135 9.808788499562556 0
6.852015774886276 3.059378235454055 0
26.8120623419414 2.38901805366076 0
6.966126963353124 4.97495439315427 0
5.763142729877775 5.839598377847807 0
20.05139723206853 7.573389470177403 0
18.86997734202168 2.611179079406182 0
23.22667604402859 1.894340730795594 0
18.73562911784919 2.982239788778942 0
11.60315210301215 9.790287139549745 0
14.46663359567815 4.426474724071892 0
2.181945298640286 1.531977261800874 0
27.54762462875486 1.802343625880434 0
14.72077637639914 4.728730860824382 0
16.53028112499741 3.144358310234606 0
1.484638327740257 0.4032284521258107 0
31.6145694977601 7.501986091992538 0
5.561609685148092 9.557787311660311 0
25.22012092857287 1.995904116195634 0
16.52236327778742 3.510212587635383 0
3.94741439644522 8.156499263235895 0
24.92183322057282 2.245412627803245 0
39.5791672960156 3.010518082241036 0
7.519604269817944 4.842082206448911 0
4.825388803931516 8.090673468984455 0
39.57824797194263 6.983872617910275 0
36.4918689330002 6.094636710895844 0
36.88849314369848 5.454945023237696 0
7.32660840361583 5.0920903900201 0
3.153510635828712 6.040286108843428 0
23.91310353712771 9.555489601519115 0
9.727066954276275 8.478313626213952 0
4.519170704547441 5.052583316915048 0
5.127640801184216 6.233467757385829 0
7.65735426562691 9.822012653393564 0
35.5708098137366 8.192232499552054 0
34.05697818755896 0.2083469995656922 0
29.34317684087905 8.341258050499277 0
5.54080222665331 6.736145370007507 0
0.8433103810868653 4.400886675918678 0
39.22602480221438 2.851126985154656 0
16.62286045721514 2.295424476149667 0
36.07440196372934 6.309838262930079 0
36.9227830050101 5.126755245270654 0
18.24373284776617 4.562677501525752 0
11.96357017041336 0.1971739025662259 0
15.16427492535503 9.570970638857771 0
39.22529833926753 7.143242412680165 0
12.97747123568841 5.5852668346845 0
37.31737506919115 3.260077858406731 0
10.50254666789087 7.780049342514616 0
4.226251189354628 4.017572375270618 0
23.78983560807398 8.297835572062324 0
4.877482623940462 0.7480134425768162 0
8.969216962351494 0.8541071130856169 0
3.249256825103318 6.307165474389638 0
7.302640155177461 0.3545349460876792 0
24.95940025761407 0.9413131503662836 0
4.443255670828942 4.212358746841627 0
8.996742649964572 6.451537090123137 0
10.76947917056616 8.023137378252928 0
26.77886090668262 7.570127569291491 0
23.06449925675814 9.213270054686575 0
37.55021667482125 4.970516690012288 0
0.8445169306269243 1.071106151219764 0
23.17368485019242 9.589156269087761 0
9.729015880440828 4.078590155972257 0
35.62904539357991 7.434196199452654 0
7.357017540260877 2.380148920441018 0
18.01054630090178 9.811962770504898 0
4.349590958718578 9.141678820134663 0
4.095480423648206 7.052749473711689 0
37.24926360020535 4.912058023418784 0
12.194534814754 2.606434778144748 0
18.36022869737439 6.415044639965412 0
19.01729572407683 0.1753252861453271 0
21.46620860700752 1.307629792934322 0
31.70698594001976 0.1880332799492375 0
10.95539189546587 2.585871198060852 0
17.48098707049755 3.549130686023203 0
17.1379464603797 3.418750502817437 0
1.41142170220796 0.7860328707095044 0
2.639460877865018 8.308464191393119 0
5.504509004245844 1.508949153883693 0
28.18622706904049 0.9432767693237389 0
18.54947189021703 0.6727315687025573 0
24.10508961373175 3.601180317860603 0
9.114938383564622 8.334882031677674 0
9.427324485953289 8.168753402982885 0
3.34417448905424 4.883604586865051 0
13.42360039880393 8.409864058390461 0
19.39743994263978 6.494993605001565 0
4.635786040520703 8.439568413048576 0
19.63061780328623 6.84567821656054 0
34.68190552401739 6.504566012685451 0
24.18744054848483 8.278024591612448 0
36.91915283913202 6.706577423772829 0
3.029909061757127 4.71745048730806 0
34.47109958786987 1.692543411136231 0
29.63012024063235 3.385812529507207 0
31.22517032241442 5.372060926780528 0
36.05439913689427 3.538332023675272 0
19.98157656335899 1.706033192415383 0
32.59519618033369 4.197826030488505 0
31.24741941208347 5.740633252667823 0
24.02053681424219 6.411466926609767 0
8.024762785177533 2.998516236835249 0
25.06144749540567 1.627490084055965 0
8.870421511559451 7.027951437666968 0
28.8732733103861 0.4351369923095894 0
7.418804018883416 5.413591250522567 0
28.30792915656234 4.488979045863691 0
2.636895957542349 8.605718049676348 0
10.85584125156637 0.4760197118967267 0
32.48157643420026 9.20492716899019 0
38.53219523165178 4.828541066027939 0
32.68633338841081 9.535032016081759 0
16.31227201593245 0.4249781846104054 0
16.36114774156395 0.8249905717253366 0
2.846377163411794 3.657726176089 0
22.900798078812 3.352915603814601 0
23.33713384104263 3.498245926969631 0
36.83605737538435 6.269375009039891 0
34.38393016684815 3.674843528282087 0
23.92299391888074 9.113161275125782 0
4.900410622414159 6.921138965801 0
4.325699512130401 7.270690212728876 0
33.98004960955669 3.566788638247591 0
31.75344556233697 4.207757074665902 0
38.24699689726575 3.321596575895612 0
31.76497066719021 3.47500966836683 0
2.770714783778045 4.806780459949134 0
4.711265294736771 1.64694936122214 0
33.95532492427673 1.051925686783605 0
4.677059790738769 1.908394672272161 0
38.18633019426807 4.841736849074871 0
38.26398517821804 4.026927596154342 0
0.3536604814808776 7.566095989605524 0
38.05324793895738 3.0030441710844 0
3.806895752884059 3.519315914023979 0
37.23255813953925 0.1790871246192637 0
30.15316307969427 0.1791380250658467 0
5.898663105692072 6.735015184582007 0
36.65288635702739 4.0049200907606 0
33.40914792858779 1.636368227585191 0
32.53988324428036 5.788704794156806 0
16.86374925211572 4.063228825825484 0
17.11758783791156 4.259570978362025 0
0.4552885190941575 8.532835068242649 0
7.498738817230364 2.085348198907392 0
25.25622589131669 9.794117943518595 0
36.89026222825237 3.313618986820764 0
4.737633960110706 9.159676873142841 0
29.29848413897503 0.9047274536055775 0
5.234746418302731 1.651138888827844 0
33.32823024076848 9.122835726614527 0
11.17170239539599 0.2097423627822892 0
0.8069410356384145 8.696975302096799 0
7.413172435181127 9.54905292956161 0
16.69146376473884 0.2072300307900682 0
5.215669622652395 7.533799041062667 0
20.99950311884988 7.066335697886246 0
8.474396321217617 4.230850704054448 0
20.99591422398684 7.426457781619118 0
19.58746901273101 9.805089752083317 0
13.33087110721119 4.589020161517813 0
24.03640833907535 1.660679285363065 0
37.19428929443051 9.820042729849716 0
0.4326677435830059 6.862050168877787 0
13.32093372032855 7.566060340687796 0
31.83613938931829 6.461317477058487 0
18.27981724938011 9.162446565514912 0
26.35971205524939 5.362511380564874 0
15.78688098394584 5.007016313814748 0
29.39984658599301 5.954214774194643 0
33.69256211713818 3.898740319543867 0
2.750413420904486 4.000013925968865 0
15.40708332624031 5.062536917526566 0
11.61761335276425 7.45844425789858 0
18.62512766841758 0.3145584475667777 0
33.84279604159505 4.313011776085303 0
8.0311834627905 1.836652648149697 0
30.20196932946951 7.291734357176438 0
12.37622157935046 6.649684545804486 0
13.84376272695956 3.248446985978263 0
6.143332636324881 0.284092951675713 0
26.64295858431977 5.159584051459126 0
30.54294810135702 5.291553706525562 0
18.30781594482613 8.417418211194825 0
30.36388211561201 4.958508462245661 0
27.21219928558667 2.596002306330234 0
22.70775567513536 6.662280478305263 0
4.64979287222902 7.778614869738544 0
17.41510992954906 1.174672659860294 0
5.967318432396524 8.054127548815401 0
13.86405255319016 4.001512921181444 0
22.99999999990776 0.171675136585745 0
8.311270379098247 6.813261916307698 0
2.764091893287747 9.825050325210347 0
4.293560243756583 7.667206486438924 0
20.6830719536121 8.024762344630192 0
37.33865945554772 6.748359486314636 0
8.048479158161939 9.562356465708206 0
7.377428591425581 2.9316441932964 0
15.70933226814326 4.280482856130724 0
15.93633788770006 4.590353981475872 0
5.756368151047752 1.123307710569787 0
5.230674933028115 1.879577876548646 0
0.7740205327228192 7.907097260977191 0
3.568058746926959 7.436234709742927 0
15.3026408102556 4.333915759133274 0
29.34357474786223 1.670778850875059 0
15.14984877210688 4.699307488190242 0
13.69705807487888 1.00972013224403 0
7.76456775426701 5.591948265093495 0
14.07649417449689 1.040790440957138 0
20.8299085866621 5.333099645645613 0
8.55203070754971 4.52728928515999 0
18.39098673981985 9.570039095543216 0
19.06798044171688 7.256987170924096 0
21.09916402129963 5.140139167066834 0
1.424394821650988 1.47081682193321 0
17.11017672287009 6.624669063683242 0
16.84116334374495 6.931960226896686 0
10.27694930478721 1.067507190033645 0
30.01550150016986 5.682125110618975 0
14.92457086937878 7.787300032233451 0
29.54814091935907 2.071670877558758 0
14.55242058959331 7.95868350214348 0
12.5025997156278 4.459216636764313 0
4.051283738698953 7.803943131717958 0
3.431959424158076 5.808613841943035 0
29.87521236606914 0.4614069799531544 0
30.43624570905357 6.480036235924726 0
35.08558826228225 1.504234359273304 0
30.6724458549794 6.794516906078705 0
10.18017895762361 0.8167433974895627 0
5.863015149096569 8.404313750870728 0
34.56114716455833 2.101809298640695 0
22.8 9.834929059663708 0
29.36533174192164 9.137753443625121 0
10.62650596816663 1.207458232356524 0
15.65235741045326 0.9667113099211661 0
5.421615294102466 2.271314586979784 0
5.736094257500475 6.173820587730326 0
6.027397674746349 1.208288750031946 0
32.39046771876423 9.835994471438976 0
7.85071189256944 2.0762292823695 0
30.63210884200226 4.656889809560202 0
10.46655482997416 1.554836891247416 0
18.77036393374199 1.929828239748688 0
27.50524408492194 8.023154475587164 0
14.64720190669112 4.014320911067703 0
15.05413672556083 3.951185318763224 0
29.95229027727121 3.659789390520686 0
19.03719350236875 6.503316775938132 0
30.94452135666837 4.774707373316681 0
39.83376253359859 2.680299046490676 0
34.52274858124768 4.104136958338759 0
39.83376323798391 7.319171875730112 0
34.26910194841309 4.410353524845699 0
30.89419959123637 7.360694271206811 0
37.43941646171621 3.579360386209835 0
39.83499601284689 4.999360721248767 0
3.217964516426477 7.315903151950632 0
32.11291578868539 7.017139429400093 0
2.811325788325565 5.884958710974721 0
32.05032916888708 7.370927228493477 0
2.06490106228249 2.215436499590643 0
28.9660754288963 1.736687489336133 0
3.680627034121311 7.701607793418624 0
24.42999724586048 1.718591043545058 0
5.898004946452855 2.806872783376723 0
7.562798021192496 2.653558567790496 0
16.73959765300283 1.00501707962277 0
34.0990520135114 1.706848116717349 0
17.10073935037181 2.731389491014651 0
3.101915536099958 1.620257436287793 0
1.199999999999996 9.855116705454614 0
13.80735208283906 8.212804763227602 0
21.41860465108022 0.1480152157160204 0
25.01450398448379 4.558408470610688 0
8.027649406473181 5.397513041455078 0
38.5657220538527 5.160135063838061 0
3.566974817768713 6.854359390302082 0
10.85066010941659 3.314441639851718 0
24.59405468130931 1.09543110341959 0
6.519724351048232 2.956846056307413 0
4.844539770610452 9.559456107664753 0
39.85582354475193 1.153846153844915 0
5.768219192987195 7.46995773531178 0
0.1654222314407974 8.854967568136052 0
0.1605869032196849 5.784824295124782 0
39.8560664324083 8.846153846152092 0
14.78522253282305 9.832581760458384 0
37.91734382916399 1.700446587391069 0
20.9713725303363 8.20998468317911 0
33.01065625179878 4.175193079394968 0
12.57302564233092 2.587779423538234 0
2.510521402762433 6.055937562494857 0
26.49996552787207 9.61837373969278 0
5.438422554378302 6.386773082923292 0
3.063906849494489 9.573589711110577 0
6.287818397801441 0.5429506592395538 0
10.11699816659474 1.414885848924537 0
27.6 9.863317090085145 0
2.542310708968542 2.634193758157139 0
18.25899473497639 0.1392331614214506 0
8.085098418933988 8.034931264711609 0
20.72296314025849 6.511397787346606 0
37.91740590075165 8.301839349431742 0
6.746822618342914 5.546170675042153 0
5.935827598283407 3.072656966384729 0
1.040217698271364 0.7911690273867307 0
32.49752338276502 6.416436136852159 0
11.48362508342988 3.002808442418068 0
7.499352868115975 6.159607723531408 0
24.69094910896569 4.768615117201312 0
19.49382225301957 7.167349900785061 0
7.995508822482665 9.213490874403725 0
23.86894509163674 2.05234283769735 0
8.601961268053273 7.322353852151042 0
8.418433668473352 8.215668367045966 0
38.20073113018808 1.419718731601143 0
7.80972818877621 8.30706964108953 0
12.33983605450685 0.4182217117021627 0
2.345036498243604 2.887623882323975 0
4.878616756492242 0.2829567301101967 0
13.91432694490392 5.07338914905337 0
13.50279009876895 2.121961858319128 0
13.16780702530979 2.329263373503917 0
31.77883487298689 6.815277946968799 0
7.873053431029379 2.666717618251551 0
38.08409277489184 3.648403754156144 0
1.938395324751058 1.856163639931342 0
5.618176101669477 2.438286706351599 0
8.381721935288354 5.520166603311226 0
7.786954312607374 5.996287315465774 0
17.49883561692435 2.638571424137683 0
37.73559358676327 3.731507564448235 0
23.54975010236278 7.878448327131745 0
28.25358430384938 1.691711815706791 0
1.973685608368476 2.868068860887581 0
6.037888853601061 1.466411973505761 0
31.12000984681541 1.083876674752071 0
31.23730731774421 1.431986541223752 0
38.20080567399675 8.580887698163313 0
7.824136993533744 8.633957664475263 0
24.33961901447384 7.897708665061732 0
25.94165072884499 7.831472973651032 0
33.15286567929382 4.535398865939731 0
11.82584568460836 3.151326279573458 0
16.49338384748312 4.180059330923164 0
17.7471532463334 2.868423585742735 0
25.49470397073949 8.967656421570668 0
25.12311053656546 9.031407051677073 0
16.33214677276546 4.513599427700331 0
25.70682833240133 4.200535791593427 0
19.62313070771999 3.064557035507379 0
17.7446829024109 3.28592725515959 0
4.69265126285688 7.214995854138444 0
28.78983705115807 7.66397087567901 0
8.358418999337173 4.851193915127062 0
15.36372512555001 6.319846055003256 0
30.57601651260131 7.117599522620181 0
15.54670031003651 6.592294408817014 0
38.06606827697703 1.07828496160758 0
0.8880632250365189 3.557753501244973 0
19.51271997903566 8.990618108484503 0
19.82978086193494 9.100066850189199 0
23.55668432919668 2.140762041968577 0
30.06859714783259 0.8457074822098494 0
7.478453488660147 3.196625078883988 0
11.768140662063 3.545672173753725 0
2.874588787731924 9.208293137690697 0
4.756099380432704 0.5309701726874482 0
1.841934001347358 2.547176420939687 0
17.91206764419575 8.365372445301597 0
35.37053509846785 3.308659625929853 0
16.05665604871792 1.03846526575632 0
22.66423087661197 4.467623444293859 0
9.225277719943511 7.124765038093405 0
22.28839679831507 4.622086938782137 0
32.32463982290394 7.966613613189911 0
14.25341778477819 5.665442917653725 0
25.65852868976092 4.59774571166423 0
35.03708131907663 3.529246906911175 0
31.89174037186362 5.348869721661711 0
38.06239479505729 8.92323536912709 0
16.6072002999307 6.100158164224568 0
29.8286505477673 4.057986431200476 0
17.00944050341348 6.222784975247014 0
30.06334647092406 4.350598267599703 0
34.40395315530702 0.4067588165870837 0
24.31317603727981 4.602641801170667 0
24.0258736535967 4.847259131187041 0
34.49884312818268 5.853336233715364 0
34.16030674550056 5.654871120411766 0
31.55242632786779 6.264060303850663 0
6.402177847490232 2.629991694723061 0
32.20182591961459 5.165851685558116 0
20.48828614904604 4.018468907385011 0
21.9332042836058 8.585668318966087 0
25.35462069816239 4.7628151440946 0
6.304142947528838 7.965600181104201 0
14.33363913115136 0.7766709883689353 0
5.764793923720712 1.635827822388696 0
0.9226544303599417 2.603706409279237 0
0.7410043209739016 4.799485162402736 0
12.10566324799381 3.005335381431939 0
16.43808124152401 1.969834534673073 0
4.961760135032095 2.030782579148253 0
20.47664147771121 6.288702870600983 0
0.8188105322613811 2.30497375630002 0
7.348161356166123 7.205286398373704 0
37.30429830153347 4.179773619512631 0
1.63920568938615 5.078664443097433 0
8.886370169602742 4.626616039477439 0
19.31228329355147 0.729946946290848 0
24.68843850103819 5.185042016279639 0
34.65023854266477 9.156686145672332 0
21.88003278834982 4.11302415458015 0
21.97379102830812 4.449850397105661 0
13.02774290603416 4.911723707553056 0
20.16440557390354 4.197655655154317 0
22.02470768796479 8.935987507737705 0
32.0971524838965 9.308908959942878 0
32.03524277144038 9.639013807034445 0
23.98064794310632 4.026453552644965 0
24.30250981567521 4.227577804173536 0
31.23416321518186 4.591637716241422 0
34.03746045701354 6.324676815553329 0
6.584905879753978 8.218438410753391 0
13.33072327523144 2.705729849390415 0
3.190510109699531 3.637467097381573 0
13.84018838379224 2.374541064629458 0
6.765038873705856 3.561483389553959 0
32.7634656552855 6.093172561420097 0
20.67621173264864 6.87248183999959 0
34.39547114798515 8.90140954233326 0
3.335122468700462 3.905006288097629 0
34.02139874999286 8.915504940698371 0
24.6673837313864 1.485414294589255 0
4.432397797473772 0.8818406395948024 0
1.605672517056308 1.8158360884823 0
23.516031792745 5.205757779815613 0
6.973856666591575 3.369075032415771 0
32.72652549013633 8.167667653129932 0
23.78818416753879 5.423695604471999 0
16.1116544724495 1.408608707922901 0
24.08416230492206 5.226373439018354 0
24.36895408067767 5.398183008080307 0
20.01090727731922 3.176427240507361 0
20.11538753570099 3.527362501707329 0
6.498715414546187 6.858873891370203 0
38.62168751445208 2.618426420523293 0
25.71279742362701 5.344246659191039 0
25.69957681281769 5.731710331375584 0
20.76007639717232 4.178126264070566 0
9.198258381533064 4.47298790551445 0
27.44862498088914 3.483887194090061 0
38.27645584110862 2.643160598636384 0
20.99553647320385 9.265330859417686 0
14.46678443774191 5.966529216796137 0
14.84019146365607 5.985640552528063 0
8.553779908603493 5.181159505608181 0
38.61506042249402 7.380207649366248 0
28.90532806544109 2.151657919380831 0
7.853975217896337 4.353927327549321 0
36.5005778093448 5.64417888915328 0
38.25629578465877 7.352365927268238 0
21.08490174057246 0.41130529089131 0
36.17406367084116 5.467838502885864 0
21.20259268018672 0.75014879237456 0
7.087977117451362 6.963771340347054 0
31.33462389169058 4.218816413054473 0
20.84869455857506 5.74912656434316 0
16.94799584759628 3.04949905604503 0
20.53152656929134 5.910292348301147 0
1.509462528280311 2.488530445318659 0
16.88614319174475 3.669855755897846 0
4.207766781479278 1.407427294499971 0
5.000037124304713 1.540898280377431 0
26.4221454635762 5.784597362481243 0
13.6377364088974 5.349198281274016 0
26.07172759417777 5.967695716346422 0
6.760942720932312 7.093082423549899 0
8.807884564822839 7.600656658399302 0
22.90298112646884 2.156971159814713 0
8.754004662799453 8.017632689288922 0
8.101166674060863 4.14684684688285 0
20.13856985591357 4.569012080807041 0
27.47590984458364 3.17877770513879 0
7.626868766168516 9.20018733825713 0
16.89890255016783 5.426875088641957 0
10.0909418819045 9.187811146348951 0
16.60535744016154 5.678784897479749 0
14.42456429640678 6.627918133846786 0
3.768633930675222 7.139235989027267 0
33.85579630230794 1.455854185774233 0
23.17369400072029 5.385975883914441 0
31.28857726152229 7.27538972532331 0
30.921496881908 5.202319361374749 0
31.89739086419022 5.735158869332809 0
31.59521874514448 5.9031365896579 0
25.55240776561531 7.938510093477691 0
1.262370950730748 2.722982716029327 0
31.41244796995531 0.8195555019128534 0
31.8152035755775 0.9447760593227881 0
23.75368412186434 5.779413706241812 0
0.7234168694725955 5.620117830404175 0
21.64918179677374 7.350394892272753 0
15.76726128988129 1.578209376711262 0
21.91670805686289 7.495321832040131 0
32.16397256718501 6.289104781540164 0
32.83972454643535 0.8200334163241884 0
11.61877667718133 5.058166007309643 0
11.96084230863181 4.853978723764127 0
12.64408357013668 4.832380670942792 0
20.32043007892761 7.022121363162987 0
6.962007956798445 7.693738275345457 0
35.54237218833455 3.937424174993286 0
5.242108733584646 8.099798400761832 0
20.40656892852003 8.182424996110006 0
14.79124498502936 6.655130876839467 0
8.380904203459806 1.936915435334533 0
0.3646814709428039 5.460448098270924 0
21.33932890548527 4.551189279961047 0
21.64345046418558 4.702529730275754 0
27.74378800358503 3.751358460242616 0
25.36750256106218 5.155456624689592 0
25.02487523945608 5.367476850284007 0
24.01577668067118 5.985191390384139 0
31.65785808406576 1.8892935935195 0
31.98620200673074 2.110450956742821 0
4.530549755469007 1.449262111194377 0
25.6752363747955 6.482512599469415 0
28.23291975723773 8.007768849400156 0
0.9188225657134271 3.191722089144289 0
26.86003368597317 4.533890677381964 0
7.470093245616984 6.507912273522475 0
27.20017417820731 4.680565036293927 0
26.03410699381928 6.332878909361495 0
28.38790916888209 6.690735592854101 0
26.3278325511876 6.584712178650345 0
28.60368896677791 7.055325576583918 0
21.04892834949872 4.728551256129653 0
16.11740930407728 2.159843844810909 0
1.339565338485396 4.931026990428113 0
31.56731916314883 5.14827511609951 0
6.687897326520237 7.46106372185961 0
19.34354584958099 0.355295306596199 0
13.83051149844508 5.683870551059037 0
35.66481340113332 3.580240868663076 0
4.162024166030478 1.069481993551159 0
26.57155964669468 4.752873826252617 0
32.18590432738547 4.741813434072696 0
20.0161702137043 6.77100547931327 0
6.982281666760049 1.759034496292499 0
34.28689143536806 8.279415599314603 0
5.392452652972982 7.813042077477323 0
10.62019712571625 7.391061474680295 0
4.889729771561562 7.508496765101266 0
0.9372448695506254 9.323881917823167 0
28.11062548732008 3.573470741009892 0
32.45742726374837 0.9457922739565392 0
34.4209815124031 6.254775185500088 0
0.6767174388069513 7.540913527865404 0
5.481871002340792 2.002605283889311 0
5.727011241467276 7.803216135374252 0
25.0312323008814 2.633647747731839 0
25.44411706673131 2.780575310032554 0
20.73402486251665 3.403369434750206 0
20.46318609847833 3.638477419290243 0
10.98152658650863 7.281920132696309 0
31.87828108276096 9.0906827329311 0
31.51858588325892 9.133181289025515 0
31.93367246334155 1.312632934508848 0
31.64821432864817 1.535522243570595 0
7.696339079061151 6.719778815479593 0
14.24827650694558 6.296044840731906 0
31.39025601695077 6.942469379392957 0
29.21733918364804 6.75777762436639 0
28.98136829864144 7.06047968954439 0
1.623356167073472 7.471826653557168 0
20.12563020487805 6.398671039404252 0
31.19717348362855 6.380242703103001 0
0.852259019673034 9.67256219678953 0
31.09230768904293 6.704691308734983 0
6.918562141961398 8.075907061725404 0
5.746227407090276 1.901044964673513 0
7.644625485940344 7.080947690615642 0
21.27835289793007 7.96374241785163 0
21.5756302623316 8.116812659753631 0
32.4962361652498 4.577608582549098 0
1.287225201093846 7.523057861294224 0
17.91632655533909 5.143335428134442 0
32.85475238263916 4.784119909656963 0
17.00604540171992 7.308191006449788 0
17.34633315461226 7.414767183812586 0
26.02251479666029 5.158146062245508 0
20.48204694874494 5.133210803675602 0
0.351014584447167 9.185233572291482 0
14.98836422148232 6.342368919456514 0
6.363688579458049 7.590394278590366 0
27.10411547190088 3.963680053504108 0
26.80622281825753 4.156875702182309 0
0.702667100991424 9.092963549735376 0
7.327422600970963 1.797505344912356 0
20.6792775183142 7.612889367471543 0
19.70001564547155 7.460133774047947 0
31.5532875811559 4.795463893618472 0
39.65484745647311 0.8393602519277396 0
39.65493722118463 9.16095513427331 0
7.219859955754667 8.29724532887348 0
28.54783604641391 4.79764859321936 0
39.3372098404067 0.9351168700390291 0
7.521129008354021 8.12715360522318 0
28.41681839797432 5.119109011391386 0
31.86178719764156 4.572020247695254 0
39.33771115203717 9.065550661362094 0
36.8620273245909 3.712028136986358 0
20.74886359095324 4.547294805099791 0
22.96648493682082 4.726168729701267 0
34.57807928751965 8.530565171973796 0
22.86987073262399 5.157626524858344 0
6.597622324967798 0.53485009866348 0
32.39089650838516 7.564335306698937 0
6.789222651665021 0.7447207265475401 0
14.52022823090646 2.559767473136578 0
14.3526526761177 2.866389512306672 0
18.1094233616326 2.722290503340143 0
1.399706781520694 2.116462972520573 0
18.33579617123221 3.030116147860017 0
8.019246025436836 2.384189054364182 0
26.24692624665801 4.601941688426547 0
21.58375954891731 8.47848417960442 0
7.158195413781416 6.627566090631876 0
7.281757944278994 3.43146704650335 0
26.83307326161355 6.959818233422252 0
27.16079975861976 7.010205720948991 0
25.09460820556579 6.744087253038895 0
25.34468573278083 6.997120976011696 0
11.1177177246464 7.885207021072479 0
11.21211468276348 7.532977643350179 0
1.706421165816539 8.062310841334805 0
21.31080333609129 9.056941712847397 0
7.295237589925281 7.567272035062396 0
21.68743943670164 9.185381022037697 0
11.2479105724116 3.293005130955291 0
26.84063989884885 3.065759474028992 0
27.17846302302802 2.972655596067304 0
17.55186720473712 5.192025834479226 0
11.4240608728001 3.602607472113088 0
1.672023941391651 4.502474051709904 0
1.04877130587257 2.052182590252024 0
1.842172371991588 7.738771268665917 0
31.30552830758688 2.100110154429725 0
2.559875438839557 7.159366916433464 0
38.75115196703363 0.9374647767429378 0
7.553060827687585 7.779349097792043 0
31.29113306126952 2.458146677388199 0
33.0902866706091 7.507405421193673 0
38.36428173964426 0.8178642100407795 0
38.74972926657836 9.062930951732593 0
33.09613057914033 7.917457511390339 0
14.90185916235929 2.517112525408459 0
1.962994432649116 8.277226513047857 0
15.11993748895511 2.826401077261457 0
19.51110185676512 7.760254276094005 0
25.65184778156799 6.818495365494686 0
21.29862685266595 8.700364059185736 0
2.242693268207109 7.294136597403468 0
17.986648293898 4.805127643384018 0
38.35893033755794 9.183074313087989 0
6.899760793240156 3.879679334879327 0
31.84094518990327 3.126894432327904 0
1.36218605782616 4.608234956069466 0
2.176404968710686 7.634007923917 0
31.88321732645724 2.490681183532659 0
31.54047815747492 2.627560343267811 0
20.98351719848647 8.58493480466243 0
25.98112792569399 4.804286595313692 0
7.110441335254989 0.6818318589800995 0
2.319471240745234 8.136780947383807 0
2.397130570631755 7.817101930921837 0
20.12708696583447 7.941534682226691 0
26.78329044320737 3.413424692189906 0
27.09382870369204 3.62543030317949 0
20.45123762483698 4.758993874066961 0
32.78693826708632 7.355337256442293 0
21.30668902687851 7.592088493450286 0
32.18243162478024 5.923869888007247 0
21.87149265136918 7.890085675119665 0
37.17414556651859 3.833600375344384 0
17.6908707925455 4.610317995593072 0
31.52838758207622 2.959862412817881 0
6.716702454963525 0.2759923910996391 0
$EndNodes
$Elements
9 5646 1 5646
1 1 1 7
1 1 3 
2 3 4 
3 4 5 
4 5 6 
5 6 7 
6 7 8 
7 8 2 
1 2 1 2
8 2 10 
9 10 9 
1 3 1 2
10 9 12 
11 12 11 
1 4 1 2
12 11 14 
13 14 13 
1 5 1 43
14 13 16 
15 16 17 
16 17 18 
17 18 19 
18 19 20 
19 20 21 
20 21 22 
21 22 23 
22 23 24 
23 24 25 
24 25 26 
25 26 27 
26 27 28 
27 28 29 
28 29 30 
29 30 31 
30 31 32 
31 32 33 
32 33 34 
33 34 35 
34 35 36 
35 36 37 
36 37 38 
37 38 39 
38 39 40 
39 40 41 
40 41 42 
41 42 43 
42 43 44 
43 44 45 
44 45 46 
45 46 47 
46 47 48 
47 48 49 
48 49 50 
49 50 51 
50 51 52 
51 52 53 
52 53 54 
53 54 55 
54 55 56 
55 56 57 
56 57 15 
1 6 1 13
57 15 59 
58 59 60 
59 60 61 
60 61 62 
61 62 63 
62 63 64 
63 64 65 
64 65 66 
65 66 67 
66 67 68 
67 68 69 
68 69 70 
69 70 58 
1 7 1 50
70 58 72 
71 72 73 
72 73 74 
73 74 75 
74 75 76 
75 76 77 
76 77 78 
77 78 79 
78 79 80 
79 80 81 
80 81 82 
81 82 83 
82 83 84 
83 84 85 
84 85 86 
85 86 87 
86 87 88 
87 88 89 
88 89 90 
89 90 91 
90 91 92 
91 92 93 
92 93 94 
93 94 95 
94 95 96 
95 96 97 
96 97 98 
97 98 99 
98 99 100 
99 100 101 
100 101 102 
101 102 103 
102 103 104 
103 104 105 
104 105 106 
105 106 107 
106 107 108 
107 108 109 
108 109 110 
109 110 111 
110 111 112 
111 112 113 
112 113 114 
113 114 115 
114 115 116 
115 116 117 
116 117 118 
117 118 119 
118 119 120 
119 120 71 
1 8 1 13
120 71 121 
121 121 122 
122 122 123 
123 123 124 
124 124 125 
125 125 126 
126 126 127 
127 127 128 
128 128 129 
129 129 130 
130 130 131 
131 131 132 
132 132 1 
2 1 2 5514
133 368 154 987 
134 154 432 987 
135 432 368 987 
136 17 18 988 
137 18 383 988 
138 383 17 988 
139 336 134 989 
140 134 878 989 
141 878 336 989 
142 659 214 990 
143 214 872 990 
144 872 659 990 
145 328 223 991 
146 223 494 991 
147 494 328 991 
148 387 194 992 
149 194 442 992 
150 442 387 992 
151 343 240 993 
152 240 556 993 
153 556 343 993 
154 217 368 994 
155 368 432 994 
156 432 217 994 
157 183 347 995 
158 347 733 995 
159 733 183 995 
160 142 390 996 
161 390 509 996 
162 509 142 996 
163 103 475 997 
164 475 898 997 
165 898 103 997 
166 185 377 998 
167 377 435 998 
168 435 185 998 
169 187 335 999 
170 335 409 999 
171 409 187 999 
172 204 354 1000 
173 354 512 1000 
174 512 204 1000 
175 381 144 1001 
176 144 414 1001 
177 414 381 1001 
178 399 153 1002 
179 153 561 1002 
180 561 399 1002 
181 206 341 1003 
182 341 753 1003 
183 753 206 1003 
184 450 204 1004 
185 204 512 1004 
186 512 450 1004 
187 147 417 1005 
188 417 791 1005 
189 791 147 1005 
190 417 348 1006 
191 348 791 1006 
192 791 417 1006 
193 641 292 1007 
194 292 832 1007 
195 832 641 1007 
196 215 653 1008 
197 653 695 1008 
198 695 215 1008 
199 378 210 1009 
200 210 623 1009 
201 623 378 1009 
202 351 245 1010 
203 245 490 1010 
204 490 351 1010 
205 233 400 1011 
206 400 737 1011 
207 737 233 1011 
208 353 206 1012 
209 206 753 1012 
210 753 353 1012 
211 378 267 1013 
212 267 694 1013 
213 694 378 1013 
214 154 402 1014 
215 402 563 1014 
216 563 154 1014 
217 136 407 1015 
218 407 751 1015 
219 751 136 1015 
220 184 359 1016 
221 359 766 1016 
222 766 184 1016 
223 407 723 1017 
224 723 751 1017 
225 751 407 1017 
226 737 400 1018 
227 400 804 1018 
228 804 737 1018 
229 309 218 1019 
230 218 513 1019 
231 513 309 1019 
232 326 232 1020 
233 232 531 1020 
234 531 326 1020 
235 112 443 1021 
236 443 601 1021 
237 601 112 1021 
238 17 383 1022 
239 383 749 1022 
240 749 17 1022 
241 203 347 1023 
242 347 434 1023 
243 434 203 1023 
244 448 214 1024 
245 214 659 1024 
246 659 448 1024 
247 475 373 1025 
248 373 898 1025 
249 898 475 1025 
250 316 142 1026 
251 142 485 1026 
252 485 316 1026 
253 134 415 1027 
254 415 878 1027 
255 878 134 1027 
256 221 333 1028 
257 333 504 1028 
258 504 221 1028 
259 223 328 1029 
260 328 465 1029 
261 465 223 1029 
262 142 316 1030 
263 316 493 1030 
264 493 142 1030 
265 292 626 1031 
266 626 746 1031 
267 746 292 1031 
268 112 113 1032 
269 113 443 1032 
270 443 112 1032 
271 352 198 1033 
272 198 439 1033 
273 439 352 1033 
274 6 7 1034 
275 7 340 1034 
276 340 6 1034 
277 186 548 1035 
278 548 743 1035 
279 743 186 1035 
280 153 428 1036 
281 428 561 1036 
282 561 153 1036 
283 42 43 1037 
284 43 375 1037 
285 375 42 1037 
286 373 244 1038 
287 244 569 1038 
288 569 373 1038 
289 203 371 1039 
290 371 544 1039 
291 544 203 1039 
292 186 388 1040 
293 388 548 1040 
294 548 186 1040 
295 206 353 1041 
296 353 920 1041 
297 920 206 1041 
298 371 203 1042 
299 203 590 1042 
300 590 371 1042 
301 354 204 1043 
302 204 627 1043 
303 627 354 1043 
304 153 497 1044 
305 497 541 1044 
306 541 153 1044 
307 347 203 1045 
308 203 733 1045 
309 733 347 1045 
310 509 390 1046 
311 390 678 1046 
312 678 509 1046 
313 218 309 1047 
314 309 502 1047 
315 502 218 1047 
316 376 300 1048 
317 300 788 1048 
318 788 376 1048 
319 208 372 1049 
320 372 730 1049 
321 730 208 1049 
322 223 315 1050 
323 315 630 1050 
324 630 223 1050 
325 179 376 1051 
326 376 788 1051 
327 788 179 1051 
328 432 154 1052 
329 154 563 1052 
330 563 432 1052 
331 376 152 1053 
332 152 471 1053 
333 471 376 1053 
334 220 499 1054 
335 499 588 1054 
336 588 220 1054 
337 626 340 1055 
338 340 746 1055 
339 746 626 1055 
340 333 221 1056 
341 221 505 1056 
342 505 333 1056 
343 551 283 1057 
344 283 680 1057 
345 680 551 1057 
346 234 395 1058 
347 395 479 1058 
348 479 234 1058 
349 315 223 1059 
350 223 520 1059 
351 520 315 1059 
352 395 138 1060 
353 138 479 1060 
354 479 395 1060 
355 212 506 1061 
356 506 521 1061 
357 521 212 1061 
358 183 733 1062 
359 733 859 1062 
360 859 183 1062 
361 209 571 1063 
362 571 748 1063 
363 748 209 1063 
364 266 532 1064 
365 532 871 1064 
366 871 266 1064 
367 562 162 1065 
368 162 737 1065 
369 737 562 1065 
370 366 24 1066 
371 24 708 1066 
372 708 366 1066 
373 189 422 1067 
374 422 647 1067 
375 647 189 1067 
376 224 560 1068 
377 560 592 1068 
378 592 224 1068 
379 384 145 1069 
380 145 583 1069 
381 583 384 1069 
382 644 363 1070 
383 363 911 1070 
384 911 644 1070 
385 321 230 1071 
386 230 519 1071 
387 519 321 1071 
388 209 430 1072 
389 430 571 1072 
390 571 209 1072 
391 198 352 1073 
392 352 498 1073 
393 498 198 1073 
394 184 766 1074 
395 766 892 1074 
396 892 184 1074 
397 199 370 1075 
398 370 510 1075 
399 510 199 1075 
400 347 183 1076 
401 183 518 1076 
402 518 347 1076 
403 532 309 1077 
404 309 871 1077 
405 871 532 1077 
406 130 131 1078 
407 131 392 1078 
408 392 130 1078 
409 463 378 1079 
410 378 694 1079 
411 694 463 1079 
412 427 229 1080 
413 229 709 1080 
414 709 427 1080 
415 653 322 1081 
416 322 695 1081 
417 695 653 1081 
418 233 331 1082 
419 331 542 1082 
420 542 233 1082 
421 232 326 1083 
422 326 729 1083 
423 729 232 1083 
424 398 225 1084 
425 225 738 1084 
426 738 398 1084 
427 383 18 1085 
428 18 650 1085 
429 650 383 1085 
430 230 321 1086 
431 321 555 1086 
432 555 230 1086 
433 196 390 1087 
434 390 682 1087 
435 682 196 1087 
436 381 253 1088 
437 253 511 1088 
438 511 381 1088 
439 242 425 1089 
440 425 479 1089 
441 479 242 1089 
442 210 438 1090 
443 438 623 1090 
444 623 210 1090 
445 425 234 1091 
446 234 479 1091 
447 479 425 1091 
448 340 7 1092 
449 7 746 1092 
450 746 340 1092 
451 390 142 1093 
452 142 979 1093 
453 979 390 1093 
454 562 206 1094 
455 206 766 1094 
456 766 562 1094 
457 370 199 1095 
458 199 456 1095 
459 456 370 1095 
460 452 363 1096 
461 363 644 1096 
462 644 452 1096 
463 384 189 1097 
464 189 462 1097 
465 462 384 1097 
466 212 344 1098 
467 344 506 1098 
468 506 212 1098 
469 471 152 1099 
470 152 726 1099 
471 726 471 1099 
472 220 364 1100 
473 364 954 1100 
474 954 220 1100 
475 422 279 1101 
476 279 647 1101 
477 647 422 1101 
478 360 659 1102 
479 659 872 1102 
480 872 360 1102 
481 152 376 1103 
482 376 797 1103 
483 797 152 1103 
484 283 383 1104 
485 383 808 1104 
486 808 283 1104 
487 378 107 1105 
488 107 668 1105 
489 668 378 1105 
490 359 562 1106 
491 562 766 1106 
492 766 359 1106 
493 203 544 1107 
494 544 831 1107 
495 831 203 1107 
496 225 398 1108 
497 398 446 1108 
498 446 225 1108 
499 344 212 1109 
500 212 527 1109 
501 527 344 1109 
502 355 270 1110 
503 270 707 1110 
504 707 355 1110 
505 229 609 1111 
506 609 709 1111 
507 709 229 1111 
508 46 47 1112 
509 47 461 1112 
510 461 46 1112 
511 225 514 1113 
512 514 738 1113 
513 738 225 1113 
514 331 233 1114 
515 233 524 1114 
516 524 331 1114 
517 173 719 1115 
518 719 732 1115 
519 732 173 1115 
520 105 106 1116 
521 106 438 1116 
522 438 105 1116 
523 393 232 1117 
524 232 507 1117 
525 507 393 1117 
526 1 3 1118 
527 3 579 1118 
528 579 1 1118 
529 133 344 1119 
530 344 525 1119 
531 525 133 1119 
532 162 524 1120 
533 524 737 1120 
534 737 162 1120 
535 139 338 1121 
536 338 600 1121 
537 600 139 1121 
538 338 139 1122 
539 139 683 1122 
540 683 338 1122 
541 398 241 1123 
542 241 446 1123 
543 446 398 1123 
544 364 558 1124 
545 558 954 1124 
546 954 364 1124 
547 420 173 1125 
548 173 732 1125 
549 732 420 1125 
550 383 170 1126 
551 170 808 1126 
552 808 383 1126 
553 101 387 1127 
554 387 974 1127 
555 974 101 1127 
556 342 229 1128 
557 229 850 1128 
558 850 342 1128 
559 344 133 1129 
560 133 506 1129 
561 506 344 1129 
562 491 625 1130 
563 625 786 1130 
564 786 491 1130 
565 319 471 1131 
566 471 726 1131 
567 726 319 1131 
568 210 378 1132 
569 378 463 1132 
570 463 210 1132 
571 240 343 1133 
572 343 736 1133 
573 736 240 1133 
574 46 461 1134 
575 461 814 1134 
576 814 46 1134 
577 343 556 1135 
578 556 795 1135 
579 795 343 1135 
580 394 213 1136 
581 213 697 1136 
582 697 394 1136 
583 149 418 1137 
584 418 867 1137 
585 867 149 1137 
586 292 8 1138 
587 8 832 1138 
588 832 292 1138 
589 443 195 1139 
590 195 601 1139 
591 601 443 1139 
592 208 730 1140 
593 730 904 1140 
594 904 208 1140 
595 189 384 1141 
596 384 695 1141 
597 695 189 1141 
598 215 474 1142 
599 474 653 1142 
600 653 215 1142 
601 506 258 1143 
602 258 521 1143 
603 521 506 1143 
604 773 465 1144 
605 465 951 1144 
606 951 773 1144 
607 189 401 1145 
608 401 462 1145 
609 462 189 1145 
610 103 104 1146 
611 104 475 1146 
612 475 103 1146 
613 560 256 1147 
614 256 592 1147 
615 592 560 1147 
616 429 217 1148 
617 217 487 1148 
618 487 429 1148 
619 548 320 1149 
620 320 743 1149 
621 743 548 1149 
622 386 157 1150 
623 157 559 1150 
624 559 386 1150 
625 243 386 1151 
626 386 559 1151 
627 559 243 1151 
628 185 435 1152 
629 435 496 1152 
630 496 185 1152 
631 543 290 1153 
632 290 581 1153 
633 581 543 1153 
634 270 355 1154 
635 355 687 1154 
636 687 270 1154 
637 350 712 1155 
638 712 961 1155 
639 961 350 1155 
640 407 136 1156 
641 136 973 1156 
642 973 407 1156 
643 203 434 1157 
644 434 590 1157 
645 590 203 1157 
646 340 626 1158 
647 626 847 1158 
648 847 340 1158 
649 697 213 1159 
650 213 722 1159 
651 722 697 1159 
652 154 368 1160 
653 368 517 1160 
654 517 154 1160 
655 196 682 1161 
656 682 851 1161 
657 851 196 1161 
658 499 269 1162 
659 269 588 1162 
660 588 499 1162 
661 712 350 1163 
662 350 888 1163 
663 888 712 1163 
664 241 366 1164 
665 366 594 1164 
666 594 241 1164 
667 368 230 1165 
668 230 517 1165 
669 517 368 1165 
670 344 177 1166 
671 177 648 1166 
672 648 344 1166 
673 406 133 1167 
674 133 525 1167 
675 525 406 1167 
676 83 580 1168 
677 580 821 1168 
678 821 83 1168 
679 283 409 1169 
680 409 680 1169 
681 680 283 1169 
682 400 233 1170 
683 233 508 1170 
684 508 400 1170 
685 244 410 1171 
686 410 453 1171 
687 453 244 1171 
688 319 465 1172 
689 465 773 1172 
690 773 319 1172 
691 601 195 1173 
692 195 785 1173 
693 785 601 1173 
694 105 438 1174 
695 438 642 1174 
696 642 105 1174 
697 83 84 1175 
698 84 580 1175 
699 580 83 1175 
700 387 101 1176 
701 101 569 1176 
702 569 387 1176 
703 375 43 1177 
704 43 488 1177 
705 488 375 1177 
706 368 217 1178 
707 217 483 1178 
708 483 368 1178 
709 140 424 1179 
710 424 607 1179 
711 607 140 1179 
712 118 456 1180 
713 456 824 1180 
714 824 118 1180 
715 118 119 1181 
716 119 456 1181 
717 456 118 1181 
718 340 249 1182 
719 249 610 1182 
720 610 340 1182 
721 145 384 1183 
722 384 817 1183 
723 817 145 1183 
724 198 498 1184 
725 498 730 1184 
726 730 198 1184 
727 414 144 1185 
728 144 449 1185 
729 449 414 1185 
730 134 336 1186 
731 336 609 1186 
732 609 134 1186 
733 132 1 1187 
734 1 579 1187 
735 579 132 1187 
736 380 219 1188 
737 219 684 1188 
738 684 380 1188 
739 422 189 1189 
740 189 925 1189 
741 925 422 1189 
742 24 25 1190 
743 25 708 1190 
744 708 24 1190 
745 254 543 1191 
746 543 581 1191 
747 581 254 1191 
748 150 410 1192 
749 410 757 1192 
750 757 150 1192 
751 410 300 1193 
752 300 757 1193 
753 757 410 1193 
754 188 381 1194 
755 381 841 1194 
756 841 188 1194 
757 339 247 1195 
758 247 934 1195 
759 934 339 1195 
760 148 619 1196 
761 619 885 1196 
762 885 148 1196 
763 497 252 1197 
764 252 541 1197 
765 541 497 1197 
766 177 344 1198 
767 344 527 1198 
768 527 177 1198 
769 247 339 1199 
770 339 566 1199 
771 566 247 1199 
772 223 364 1200 
773 364 494 1200 
774 494 223 1200 
775 349 239 1201 
776 239 526 1201 
777 526 349 1201 
778 414 449 1202 
779 449 976 1202 
780 976 414 1202 
781 133 406 1203 
782 406 801 1203 
783 801 133 1203 
784 449 222 1204 
785 222 976 1204 
786 976 449 1204 
787 219 380 1205 
788 380 538 1205 
789 538 219 1205 
790 341 206 1206 
791 206 853 1206 
792 853 341 1206 
793 401 235 1207 
794 235 462 1207 
795 462 401 1207 
796 369 135 1208 
797 135 906 1208 
798 906 369 1208 
799 356 237 1209 
800 237 522 1209 
801 522 356 1209 
802 221 389 1210 
803 389 787 1210 
804 787 221 1210 
805 530 236 1211 
806 236 572 1211 
807 572 530 1211 
808 65 66 1212 
809 66 437 1212 
810 437 65 1212 
811 764 505 1213 
812 505 845 1213 
813 845 764 1213 
814 544 343 1214 
815 343 831 1214 
816 831 544 1214 
817 63 64 1215 
818 64 436 1215 
819 436 63 1215 
820 418 149 1216 
821 149 949 1216 
822 949 418 1216 
823 225 342 1217 
824 342 523 1217 
825 523 225 1217 
826 213 394 1218 
827 394 489 1218 
828 489 213 1218 
829 259 360 1219 
830 360 515 1219 
831 515 259 1219 
832 392 131 1220 
833 131 658 1220 
834 658 392 1220 
835 249 340 1221 
836 340 847 1221 
837 847 249 1221 
838 418 350 1222 
839 350 867 1222 
840 867 418 1222 
841 568 294 1223 
842 294 577 1223 
843 577 568 1223 
844 502 116 1224 
845 116 573 1224 
846 573 502 1224 
847 179 373 1225 
848 373 774 1225 
849 774 179 1225 
850 6 340 1226 
851 340 610 1226 
852 610 6 1226 
853 39 40 1227 
854 40 411 1227 
855 411 39 1227 
856 239 349 1228 
857 349 883 1228 
858 883 239 1228 
859 253 381 1229 
860 381 635 1229 
861 635 253 1229 
862 364 223 1230 
863 223 630 1230 
864 630 364 1230 
865 381 188 1231 
866 188 635 1231 
867 635 381 1231 
868 187 713 1232 
869 713 725 1232 
870 725 187 1232 
871 505 221 1233 
872 221 845 1233 
873 845 505 1233 
874 49 50 1234 
875 50 413 1234 
876 413 49 1234 
877 412 210 1235 
878 210 618 1235 
879 618 412 1235 
880 627 204 1236 
881 204 894 1236 
882 894 627 1236 
883 8 292 1237 
884 292 746 1237 
885 746 8 1237 
886 498 327 1238 
887 327 730 1238 
888 730 498 1238 
889 24 366 1239 
890 366 552 1239 
891 552 24 1239 
892 231 445 1240 
893 445 867 1240 
894 867 231 1240 
895 229 342 1241 
896 342 539 1241 
897 539 229 1241 
898 100 101 1242 
899 101 974 1242 
900 974 100 1242 
901 342 225 1243 
902 225 634 1243 
903 634 342 1243 
904 712 406 1244 
905 406 961 1244 
906 961 712 1244 
907 540 139 1245 
908 139 557 1245 
909 557 540 1245 
910 224 424 1246 
911 424 560 1246 
912 560 224 1246 
913 289 540 1247 
914 540 557 1247 
915 557 289 1247 
916 245 351 1248 
917 351 600 1248 
918 600 245 1248 
919 162 459 1249 
920 459 524 1249 
921 524 162 1249 
922 160 367 1250 
923 367 529 1250 
924 529 160 1250 
925 409 335 1251 
926 335 680 1251 
927 680 409 1251 
928 590 299 1252 
929 299 664 1252 
930 664 590 1252 
931 423 149 1253 
932 149 565 1253 
933 565 423 1253 
934 418 276 1254 
935 276 711 1254 
936 711 418 1254 
937 558 480 1255 
938 480 886 1255 
939 886 558 1255 
940 273 530 1256 
941 530 572 1256 
942 572 273 1256 
943 491 263 1257 
944 263 625 1257 
945 625 491 1257 
946 279 533 1258 
947 533 549 1258 
948 549 279 1258 
949 533 261 1259 
950 261 549 1259 
951 549 533 1259 
952 116 117 1260 
953 117 573 1260 
954 573 116 1260 
955 164 427 1261 
956 427 530 1261 
957 530 164 1261 
958 364 220 1262 
959 220 629 1262 
960 629 364 1262 
961 435 237 1263 
962 237 496 1263 
963 496 435 1263 
964 53 54 1264 
965 54 448 1264 
966 448 53 1264 
967 35 36 1265 
968 36 422 1265 
969 422 35 1265 
970 237 356 1266 
971 356 578 1266 
972 578 237 1266 
973 246 363 1267 
974 363 554 1267 
975 554 246 1267 
976 221 787 1268 
977 787 845 1268 
978 845 221 1268 
979 428 153 1269 
980 153 541 1269 
981 541 428 1269 
982 42 375 1270 
983 375 589 1270 
984 589 42 1270 
985 364 165 1271 
986 165 558 1271 
987 558 364 1271 
988 251 568 1272 
989 568 577 1272 
990 577 251 1272 
991 373 569 1273 
992 569 898 1273 
993 898 373 1273 
994 159 439 1274 
995 439 522 1274 
996 522 159 1274 
997 386 243 1275 
998 243 509 1275 
999 509 386 1275 
1000 63 436 1276 
1001 436 500 1276 
1002 500 63 1276 
1003 437 66 1277 
1004 66 501 1277 
1005 501 437 1277 
1006 55 56 1278 
1007 56 419 1278 
1008 419 55 1278 
1009 231 867 1279 
1010 867 961 1279 
1011 961 231 1279 
1012 366 241 1280 
1013 241 552 1280 
1014 552 366 1280 
1015 359 184 1281 
1016 184 612 1281 
1017 612 359 1281 
1018 360 259 1282 
1019 259 710 1282 
1020 710 360 1282 
1021 418 711 1283 
1022 711 888 1283 
1023 888 418 1283 
1024 149 445 1284 
1025 445 565 1284 
1026 565 149 1284 
1027 427 236 1285 
1028 236 530 1285 
1029 530 427 1285 
1030 272 450 1286 
1031 450 512 1286 
1032 512 272 1286 
1033 65 437 1287 
1034 437 805 1287 
1035 805 65 1287 
1036 387 569 1288 
1037 569 784 1288 
1038 784 387 1288 
1039 165 480 1289 
1040 480 558 1289 
1041 558 165 1289 
1042 229 427 1290 
1043 427 850 1290 
1044 850 229 1290 
1045 436 64 1291 
1046 64 805 1291 
1047 805 436 1291 
1048 163 396 1292 
1049 396 489 1292 
1050 489 163 1292 
1051 906 228 1293 
1052 228 981 1293 
1053 981 906 1293 
1054 241 398 1294 
1055 398 839 1294 
1056 839 241 1294 
1057 363 246 1295 
1058 246 911 1295 
1059 911 363 1295 
1060 380 158 1296 
1061 158 538 1296 
1062 538 380 1296 
1063 140 607 1297 
1064 607 714 1297 
1065 714 140 1297 
1066 107 108 1298 
1067 108 668 1298 
1068 668 107 1298 
1069 583 145 1299 
1070 145 818 1299 
1071 818 583 1299 
1072 569 244 1300 
1073 244 784 1300 
1074 784 569 1300 
1075 183 644 1301 
1076 644 911 1301 
1077 911 183 1301 
1078 415 220 1302 
1079 220 588 1302 
1080 588 415 1302 
1081 455 254 1303 
1082 254 612 1303 
1083 612 455 1303 
1084 376 179 1304 
1085 179 545 1304 
1086 545 376 1304 
1087 165 364 1305 
1088 364 630 1305 
1089 630 165 1305 
1090 135 369 1306 
1091 369 555 1306 
1092 555 135 1306 
1093 491 177 1307 
1094 177 527 1307 
1095 527 491 1307 
1096 228 472 1308 
1097 472 981 1308 
1098 981 228 1308 
1099 267 378 1309 
1100 378 668 1309 
1101 668 267 1309 
1102 381 414 1310 
1103 414 841 1310 
1104 841 381 1310 
1105 163 489 1311 
1106 489 724 1311 
1107 724 163 1311 
1108 52 659 1312 
1109 659 710 1312 
1110 710 52 1312 
1111 389 221 1313 
1112 221 504 1313 
1113 504 389 1313 
1114 448 54 1314 
1115 54 666 1314 
1116 666 448 1314 
1117 460 155 1315 
1118 155 490 1315 
1119 490 460 1315 
1120 245 460 1316 
1121 460 490 1316 
1122 490 245 1316 
1123 174 773 1317 
1124 773 951 1317 
1125 951 174 1317 
1126 13 16 1318 
1127 16 881 1318 
1128 881 13 1318 
1129 643 150 1319 
1130 150 778 1319 
1131 778 643 1319 
1132 335 187 1320 
1133 187 676 1320 
1134 676 335 1320 
1135 646 79 1321 
1136 79 969 1321 
1137 969 646 1321 
1138 367 160 1322 
1139 160 826 1322 
1140 826 367 1322 
1141 73 74 1323 
1142 74 421 1323 
1143 421 73 1323 
1144 550 163 1324 
1145 163 724 1324 
1146 724 550 1324 
1147 659 360 1325 
1148 360 710 1325 
1149 710 659 1325 
1150 477 61 1326 
1151 61 780 1326 
1152 780 477 1326 
1153 619 148 1327 
1154 148 937 1327 
1155 937 619 1327 
1156 377 759 1328 
1157 759 781 1328 
1158 781 377 1328 
1159 187 409 1329 
1160 409 713 1329 
1161 713 187 1329 
1162 158 380 1330 
1163 380 782 1330 
1164 782 158 1330 
1165 423 224 1331 
1166 224 592 1331 
1167 592 423 1331 
1168 383 283 1332 
1169 283 749 1332 
1170 749 383 1332 
1171 391 246 1333 
1172 246 769 1333 
1173 769 391 1333 
1174 372 208 1334 
1175 208 772 1334 
1176 772 372 1334 
1177 524 459 1335 
1178 459 900 1335 
1179 900 524 1335 
1180 68 478 1336 
1181 478 783 1336 
1182 783 68 1336 
1183 230 368 1337 
1184 368 750 1337 
1185 750 230 1337 
1186 60 61 1338 
1187 61 477 1338 
1188 477 60 1338 
1189 434 299 1339 
1190 299 590 1339 
1191 590 434 1339 
1192 78 79 1340 
1193 79 646 1340 
1194 646 78 1340 
1195 150 643 1341 
1196 643 914 1341 
1197 914 150 1341 
1198 393 280 1342 
1199 280 775 1342 
1200 775 393 1342 
1201 669 192 1343 
1202 192 922 1343 
1203 922 669 1343 
1204 157 386 1344 
1205 386 856 1344 
1206 856 157 1344 
1207 300 376 1345 
1208 376 696 1345 
1209 696 300 1345 
1210 770 434 1346 
1211 434 985 1346 
1212 985 770 1346 
1213 68 69 1347 
1214 69 478 1347 
1215 478 68 1347 
1216 373 179 1348 
1217 179 608 1348 
1218 608 373 1348 
1219 189 695 1349 
1220 695 925 1349 
1221 925 189 1349 
1222 388 801 1350 
1223 801 884 1350 
1224 884 388 1350 
1225 244 373 1351 
1226 373 608 1351 
1227 608 244 1351 
1228 477 200 1352 
1229 200 923 1352 
1230 923 477 1352 
1231 525 231 1353 
1232 231 961 1353 
1233 961 525 1353 
1234 355 707 1354 
1235 707 936 1354 
1236 936 355 1354 
1237 97 599 1355 
1238 599 689 1355 
1239 689 97 1355 
1240 170 383 1356 
1241 383 613 1356 
1242 613 170 1356 
1243 76 77 1357 
1244 77 429 1357 
1245 429 76 1357 
1246 232 393 1358 
1247 393 531 1358 
1248 531 232 1358 
1249 406 291 1359 
1250 291 801 1359 
1251 801 406 1359 
1252 299 434 1360 
1253 434 770 1360 
1254 770 299 1360 
1255 384 462 1361 
1256 462 817 1361 
1257 817 384 1361 
1258 492 836 1362 
1259 836 899 1362 
1260 899 492 1362 
1261 223 465 1363 
1262 465 520 1363 
1263 520 223 1363 
1264 109 110 1364 
1265 110 430 1364 
1266 430 109 1364 
1267 574 361 1365 
1268 361 721 1365 
1269 721 574 1365 
1270 144 381 1366 
1271 381 760 1366 
1272 760 144 1366 
1273 377 185 1367 
1274 185 605 1367 
1275 605 377 1367 
1276 411 40 1368 
1277 40 503 1368 
1278 503 411 1368 
1279 406 525 1369 
1280 525 961 1369 
1281 961 406 1369 
1282 76 429 1370 
1283 429 487 1370 
1284 487 76 1370 
1285 202 478 1371 
1286 478 933 1371 
1287 933 202 1371 
1288 589 375 1372 
1289 375 652 1372 
1290 652 589 1372 
1291 27 468 1373 
1292 468 895 1373 
1293 895 27 1373 
1294 93 94 1374 
1295 94 433 1374 
1296 433 93 1374 
1297 19 20 1375 
1298 20 595 1375 
1299 595 19 1375 
1300 263 491 1376 
1301 491 527 1376 
1302 527 263 1376 
1303 9 611 1377 
1304 611 840 1377 
1305 840 9 1377 
1306 394 138 1378 
1307 138 567 1378 
1308 567 394 1378 
1309 619 379 1379 
1310 379 885 1379 
1311 885 619 1379 
1312 26 27 1380 
1313 27 895 1380 
1314 895 26 1380 
1315 238 394 1381 
1316 394 567 1381 
1317 567 238 1381 
1318 405 669 1382 
1319 669 922 1382 
1320 922 405 1382 
1321 107 378 1383 
1322 378 623 1383 
1323 623 107 1383 
1324 511 178 1384 
1325 178 684 1384 
1326 684 511 1384 
1327 197 426 1385 
1328 426 484 1385 
1329 484 197 1385 
1330 404 222 1386 
1331 222 575 1386 
1332 575 404 1386 
1333 334 511 1387 
1334 511 684 1387 
1335 684 334 1387 
1336 214 428 1388 
1337 428 541 1388 
1338 541 214 1388 
1339 492 169 1389 
1340 169 836 1389 
1341 836 492 1389 
1342 625 168 1390 
1343 168 786 1390 
1344 786 625 1390 
1345 626 171 1391 
1346 171 847 1391 
1347 847 626 1391 
1348 410 150 1392 
1349 150 914 1392 
1350 914 410 1392 
1351 238 574 1393 
1352 574 721 1393 
1353 721 238 1393 
1354 199 510 1394 
1355 510 854 1394 
1356 854 199 1394 
1357 442 194 1395 
1358 194 690 1395 
1359 690 442 1395 
1360 595 20 1396 
1361 20 907 1396 
1362 907 595 1396 
1363 135 451 1397 
1364 451 906 1397 
1365 906 135 1397 
1366 395 234 1398 
1367 234 628 1398 
1368 628 395 1398 
1369 235 401 1399 
1370 401 535 1399 
1371 535 235 1399 
1372 395 180 1400 
1373 180 574 1400 
1374 574 395 1400 
1375 351 490 1401 
1376 490 672 1401 
1377 672 351 1401 
1378 246 391 1402 
1379 391 606 1402 
1380 606 246 1402 
1381 415 134 1403 
1382 134 629 1403 
1383 629 415 1403 
1384 167 486 1404 
1385 486 633 1404 
1386 633 167 1404 
1387 386 196 1405 
1388 196 593 1405 
1389 593 386 1405 
1390 486 293 1406 
1391 293 633 1406 
1392 633 486 1406 
1393 456 296 1407 
1394 296 824 1407 
1395 824 456 1407 
1396 255 412 1408 
1397 412 545 1408 
1398 545 255 1408 
1399 455 612 1409 
1400 612 940 1409 
1401 940 455 1409 
1402 801 291 1410 
1403 291 884 1410 
1404 884 801 1410 
1405 487 217 1411 
1406 217 768 1411 
1407 768 487 1411 
1408 394 238 1412 
1409 238 724 1412 
1410 724 394 1412 
1411 151 787 1413 
1412 787 948 1413 
1413 948 151 1413 
1414 556 161 1414 
1415 161 795 1414 
1416 795 556 1414 
1417 153 399 1415 
1418 399 582 1415 
1419 582 153 1415 
1420 130 392 1416 
1421 392 765 1416 
1422 765 130 1416 
1423 383 248 1417 
1424 248 613 1417 
1425 613 383 1417 
1426 445 264 1418 
1427 264 565 1418 
1428 565 445 1418 
1429 194 387 1419 
1430 387 784 1419 
1431 784 194 1419 
1432 196 386 1420 
1433 386 678 1420 
1434 678 196 1420 
1435 390 196 1421 
1436 196 678 1421 
1437 678 390 1421 
1438 400 508 1422 
1439 508 870 1422 
1440 870 400 1422 
1441 759 135 1423 
1442 135 781 1423 
1443 781 759 1423 
1444 428 268 1424 
1445 268 561 1424 
1446 561 428 1424 
1447 453 365 1425 
1448 365 939 1425 
1449 939 453 1425 
1450 85 86 1426 
1451 86 452 1426 
1452 452 85 1426 
1453 194 453 1427 
1454 453 939 1427 
1455 939 194 1427 
1456 11 551 1428 
1457 551 680 1428 
1458 680 11 1428 
1459 138 395 1429 
1460 395 567 1429 
1461 567 138 1429 
1462 436 295 1430 
1463 295 492 1430 
1464 492 436 1430 
1465 160 529 1431 
1466 529 535 1431 
1467 535 160 1431 
1468 138 394 1432 
1469 394 697 1432 
1470 697 138 1432 
1471 684 219 1433 
1472 219 849 1433 
1473 849 684 1433 
1474 358 477 1434 
1475 477 923 1434 
1476 923 358 1434 
1477 253 589 1435 
1478 589 652 1435 
1479 652 253 1435 
1480 529 270 1436 
1481 270 535 1436 
1482 535 529 1436 
1483 226 436 1437 
1484 436 492 1437 
1485 492 226 1437 
1486 271 432 1438 
1487 432 563 1438 
1488 563 271 1438 
1489 766 348 1439 
1490 348 892 1439 
1491 892 766 1439 
1492 441 264 1440 
1493 264 495 1440 
1494 495 441 1440 
1495 9 12 1441 
1496 12 458 1441 
1497 458 9 1441 
1498 197 712 1442 
1499 712 888 1442 
1500 888 197 1442 
1501 641 9 1443 
1502 9 840 1443 
1503 840 641 1443 
1504 8 2 1444 
1505 2 832 1444 
1506 832 8 1444 
1507 177 441 1445 
1508 441 495 1445 
1509 495 177 1445 
1510 457 214 1446 
1511 214 541 1446 
1512 541 457 1446 
1513 437 295 1447 
1514 295 805 1447 
1515 805 437 1447 
1516 62 63 1448 
1517 63 500 1448 
1518 500 62 1448 
1519 431 169 1449 
1520 169 537 1449 
1521 537 431 1449 
1522 246 417 1450 
1523 417 518 1450 
1524 518 246 1450 
1525 295 436 1451 
1526 436 805 1451 
1527 805 295 1451 
1528 66 67 1452 
1529 67 501 1452 
1530 501 66 1452 
1531 402 154 1453 
1532 154 553 1453 
1533 553 402 1453 
1534 618 210 1454 
1535 210 972 1454 
1536 972 618 1454 
1537 478 362 1455 
1538 362 933 1455 
1539 933 478 1455 
1540 571 302 1456 
1541 302 748 1456 
1542 748 571 1456 
1543 173 420 1457 
1544 420 975 1457 
1545 975 173 1457 
1546 280 393 1458 
1547 393 636 1458 
1548 636 280 1458 
1549 787 374 1459 
1550 374 845 1459 
1551 845 787 1459 
1552 145 440 1460 
1553 440 901 1460 
1554 901 145 1460 
1555 188 411 1461 
1556 411 635 1461 
1557 635 188 1461 
1558 461 294 1462 
1559 294 814 1462 
1560 814 461 1462 
1561 440 329 1463 
1562 329 901 1463 
1563 901 440 1463 
1564 435 377 1464 
1565 377 781 1464 
1566 781 435 1464 
1567 436 226 1465 
1568 226 500 1465 
1569 500 436 1465 
1570 192 590 1466 
1571 590 664 1466 
1572 664 192 1466 
1573 268 448 1467 
1574 448 666 1467 
1575 666 268 1467 
1576 247 540 1468 
1577 540 667 1468 
1578 667 247 1468 
1579 227 437 1469 
1580 437 501 1469 
1581 501 227 1469 
1582 147 770 1470 
1583 770 985 1470 
1584 985 147 1470 
1585 787 389 1471 
1586 389 948 1471 
1587 948 787 1471 
1588 206 562 1472 
1589 562 853 1472 
1590 853 206 1472 
1591 140 512 1473 
1592 512 754 1473 
1593 754 140 1473 
1594 35 422 1474 
1595 422 857 1474 
1596 857 35 1474 
1597 298 508 1475 
1598 508 542 1475 
1599 542 298 1475 
1600 328 494 1476 
1601 494 943 1476 
1602 943 328 1476 
1603 180 395 1477 
1604 395 628 1477 
1605 628 180 1477 
1606 591 247 1478 
1607 247 667 1478 
1608 667 591 1478 
1609 438 255 1479 
1610 255 642 1479 
1611 642 438 1479 
1612 39 411 1480 
1613 411 596 1480 
1614 596 39 1480 
1615 733 332 1481 
1616 332 859 1481 
1617 859 733 1481 
1618 227 431 1482 
1619 431 537 1482 
1620 537 227 1482 
1621 158 466 1483 
1622 466 526 1483 
1623 526 158 1483 
1624 599 318 1484 
1625 318 689 1484 
1626 689 599 1484 
1627 304 558 1485 
1628 558 886 1485 
1629 886 304 1485 
1630 552 241 1486 
1631 241 839 1486 
1632 839 552 1486 
1633 444 134 1487 
1634 134 609 1487 
1635 609 444 1487 
1636 453 410 1488 
1637 410 914 1488 
1638 914 453 1488 
1639 449 144 1489 
1640 144 890 1489 
1641 890 449 1489 
1642 482 249 1490 
1643 249 570 1490 
1644 570 482 1490 
1645 163 464 1491 
1646 464 675 1491 
1647 675 163 1491 
1648 330 449 1492 
1649 449 890 1492 
1650 890 330 1492 
1651 305 477 1493 
1652 477 780 1493 
1653 780 305 1493 
1654 287 737 1494 
1655 737 804 1494 
1656 804 287 1494 
1657 437 227 1495 
1658 227 537 1495 
1659 537 437 1495 
1660 542 331 1496 
1661 331 796 1496 
1662 796 542 1496 
1663 149 423 1497 
1664 423 846 1497 
1665 846 149 1497 
1666 413 50 1498 
1667 50 621 1498 
1668 621 413 1498 
1669 457 252 1499 
1670 252 585 1499 
1671 585 457 1499 
1672 562 359 1500 
1673 359 742 1500 
1674 742 562 1500 
1675 424 140 1501 
1676 140 754 1501 
1677 754 424 1501 
1678 313 697 1502 
1679 697 722 1502 
1680 722 313 1502 
1681 478 307 1503 
1682 307 783 1503 
1683 783 478 1503 
1684 373 475 1504 
1685 475 774 1504 
1686 774 373 1504 
1687 157 457 1505 
1688 457 585 1505 
1689 585 157 1505 
1690 234 425 1506 
1691 425 633 1506 
1692 633 234 1506 
1693 481 232 1507 
1694 232 729 1507 
1695 729 481 1507 
1696 162 562 1508 
1697 562 742 1508 
1698 742 162 1508 
1699 235 440 1509 
1700 440 817 1509 
1701 817 235 1509 
1702 396 163 1510 
1703 163 624 1510 
1704 624 396 1510 
1705 457 157 1511 
1706 157 515 1511 
1707 515 457 1511 
1708 565 264 1512 
1709 264 607 1512 
1710 607 565 1512 
1711 200 477 1513 
1712 477 865 1513 
1713 865 200 1513 
1714 277 546 1514 
1715 546 763 1514 
1716 763 277 1514 
1717 422 322 1515 
1718 322 857 1515 
1719 857 422 1515 
1720 546 385 1516 
1721 385 763 1516 
1722 763 546 1516 
1723 222 449 1517 
1724 449 575 1517 
1725 575 222 1517 
1726 187 403 1518 
1727 403 676 1518 
1728 676 187 1518 
1729 393 507 1519 
1730 507 963 1519 
1731 963 393 1519 
1732 222 404 1520 
1733 404 704 1520 
1734 704 222 1520 
1735 401 189 1521 
1736 189 647 1521 
1737 647 401 1521 
1738 300 410 1522 
1739 410 788 1522 
1740 788 300 1522 
1741 444 281 1523 
1742 281 632 1523 
1743 632 444 1523 
1744 257 482 1524 
1745 482 570 1524 
1746 570 257 1524 
1747 628 234 1525 
1748 234 828 1525 
1749 828 628 1525 
1750 431 227 1526 
1751 227 553 1526 
1752 553 431 1526 
1753 425 242 1527 
1754 242 965 1527 
1755 965 425 1527 
1756 478 202 1528 
1757 202 874 1528 
1758 874 478 1528 
1759 495 231 1529 
1760 231 648 1529 
1761 648 495 1529 
1762 583 215 1530 
1763 215 695 1530 
1764 695 583 1530 
1765 384 583 1531 
1766 583 695 1531 
1767 695 384 1531 
1768 594 366 1532 
1769 366 719 1532 
1770 719 594 1532 
1771 447 313 1533 
1772 313 700 1533 
1773 700 447 1533 
1774 454 164 1534 
1775 164 530 1534 
1776 530 454 1534 
1777 512 354 1535 
1778 354 754 1535 
1779 754 512 1535 
1780 637 129 1536 
1781 129 765 1536 
1782 765 637 1536 
1783 472 228 1537 
1784 228 967 1537 
1785 967 472 1537 
1786 584 248 1538 
1787 248 595 1538 
1788 595 584 1538 
1789 185 496 1539 
1790 496 698 1539 
1791 698 185 1539 
1792 288 424 1540 
1793 424 754 1540 
1794 754 288 1540 
1795 496 308 1541 
1796 308 698 1541 
1797 698 496 1541 
1798 25 26 1542 
1799 26 895 1542 
1800 895 25 1542 
1801 548 172 1543 
1802 172 651 1543 
1803 651 548 1543 
1804 483 159 1544 
1805 159 750 1544 
1806 750 483 1544 
1807 248 383 1545 
1808 383 650 1545 
1809 650 248 1545 
1810 298 542 1546 
1811 542 792 1546 
1812 792 298 1546 
1813 708 25 1547 
1814 25 895 1547 
1815 895 708 1547 
1816 511 253 1548 
1817 253 652 1548 
1818 652 511 1548 
1819 560 424 1549 
1820 424 717 1549 
1821 717 560 1549 
1822 713 337 1550 
1823 337 725 1550 
1824 725 713 1550 
1825 149 846 1551 
1826 846 949 1551 
1827 949 149 1551 
1828 192 669 1552 
1829 669 862 1552 
1830 862 192 1552 
1831 663 48 1553 
1832 48 670 1553 
1833 670 663 1553 
1834 136 534 1554 
1835 534 736 1554 
1836 736 136 1554 
1837 462 235 1555 
1838 235 817 1555 
1839 817 462 1555 
1840 193 508 1556 
1841 508 660 1556 
1842 660 193 1556 
1843 75 76 1557 
1844 76 487 1557 
1845 487 75 1557 
1846 508 298 1558 
1847 298 660 1558 
1848 660 508 1558 
1849 421 74 1559 
1850 74 679 1559 
1851 679 421 1559 
1852 295 437 1560 
1853 437 537 1560 
1854 537 295 1560 
1855 297 468 1561 
1856 468 732 1561 
1857 732 297 1561 
1858 231 525 1562 
1859 525 648 1562 
1860 648 231 1562 
1861 195 443 1563 
1862 443 649 1563 
1863 649 195 1563 
1864 468 216 1564 
1865 216 732 1564 
1866 732 468 1564 
1867 544 136 1565 
1868 136 736 1565 
1869 736 544 1565 
1870 273 454 1566 
1871 454 530 1566 
1872 530 273 1566 
1873 271 421 1567 
1874 421 679 1567 
1875 679 271 1567 
1876 236 416 1568 
1877 416 572 1568 
1878 572 236 1568 
1879 345 534 1569 
1880 534 751 1569 
1881 751 345 1569 
1882 534 136 1570 
1883 136 751 1570 
1884 751 534 1570 
1885 443 266 1571 
1886 266 649 1571 
1887 649 443 1571 
1888 218 502 1572 
1889 502 573 1572 
1890 573 218 1572 
1891 580 250 1573 
1892 250 602 1573 
1893 602 580 1573 
1894 397 628 1574 
1895 628 828 1574 
1896 828 397 1574 
1897 522 439 1575 
1898 439 815 1575 
1899 815 522 1575 
1900 164 454 1576 
1901 454 584 1576 
1902 584 164 1576 
1903 322 422 1577 
1904 422 925 1577 
1905 925 322 1577 
1906 476 151 1578 
1907 151 948 1578 
1908 948 476 1578 
1909 510 323 1579 
1910 323 854 1579 
1911 854 510 1579 
1912 141 572 1580 
1913 572 860 1580 
1914 860 141 1580 
1915 836 472 1581 
1916 472 967 1581 
1917 967 836 1581 
1918 306 584 1582 
1919 584 595 1582 
1920 595 306 1582 
1921 134 494 1583 
1922 494 629 1583 
1923 629 134 1583 
1924 225 446 1584 
1925 446 634 1584 
1926 634 225 1584 
1927 331 524 1585 
1928 524 900 1585 
1929 900 331 1585 
1930 410 244 1586 
1931 244 608 1586 
1932 608 410 1586 
1933 4 5 1587 
1934 5 482 1587 
1935 482 4 1587 
1936 508 193 1588 
1937 193 870 1588 
1938 870 508 1588 
1939 159 519 1589 
1940 519 750 1589 
1941 750 159 1589 
1942 624 163 1590 
1943 163 675 1590 
1944 675 624 1590 
1945 419 268 1591 
1946 268 666 1591 
1947 666 419 1591 
1948 419 56 1592 
1949 56 811 1592 
1950 811 419 1592 
1951 388 186 1593 
1952 186 706 1593 
1953 706 388 1593 
1954 301 580 1594 
1955 580 602 1594 
1956 602 301 1594 
1957 548 388 1595 
1958 388 884 1595 
1959 884 548 1595 
1960 43 44 1596 
1961 44 488 1596 
1962 488 43 1596 
1963 361 574 1597 
1964 574 771 1597 
1965 771 361 1597 
1966 55 419 1598 
1967 419 666 1598 
1968 666 55 1598 
1969 592 211 1599 
1970 211 846 1599 
1971 846 592 1599 
1972 326 531 1600 
1973 531 962 1600 
1974 962 326 1600 
1975 146 542 1601 
1976 542 796 1601 
1977 796 146 1601 
1978 454 248 1602 
1979 248 584 1602 
1980 584 454 1602 
1981 132 579 1603 
1982 579 658 1603 
1983 658 132 1603 
1984 440 235 1604 
1985 235 661 1604 
1986 661 440 1604 
1987 547 303 1605 
1988 303 896 1605 
1989 896 547 1605 
1990 434 347 1606 
1991 347 985 1606 
1992 985 434 1606 
1993 411 188 1607 
1994 188 809 1607 
1995 809 411 1607 
1996 444 632 1608 
1997 632 943 1608 
1998 943 444 1608 
1999 442 99 1609 
2000 99 974 1609 
2001 974 442 1609 
2002 700 313 1610 
2003 313 745 1610 
2004 745 700 1610 
2005 618 152 1611 
2006 152 797 1611 
2007 797 618 1611 
2008 412 618 1612 
2009 618 797 1612 
2010 797 412 1612 
2011 433 290 1613 
2012 290 752 1613 
2013 752 433 1613 
2014 320 548 1614 
2015 548 651 1614 
2016 651 320 1614 
2017 19 595 1615 
2018 595 650 1615 
2019 650 19 1615 
2020 424 224 1616 
2021 224 607 1616 
2022 607 424 1616 
2023 243 485 1617 
2024 485 509 1617 
2025 509 243 1617 
2026 97 98 1618 
2027 98 599 1618 
2028 599 97 1618 
2029 290 459 1619 
2030 459 581 1619 
2031 581 290 1619 
2032 422 36 1620 
2033 36 699 1620 
2034 699 422 1620 
2035 279 422 1621 
2036 422 699 1621 
2037 699 279 1621 
2038 294 466 1622 
2039 466 577 1622 
2040 577 294 1622 
2041 252 457 1623 
2042 457 541 1623 
2043 541 252 1623 
2044 218 573 1624 
2045 573 727 1624 
2046 727 218 1624 
2047 661 235 1625 
2048 235 687 1625 
2049 687 661 1625 
2050 485 142 1626 
2051 142 509 1626 
2052 509 485 1626 
2053 420 216 1627 
2054 216 879 1627 
2055 879 420 1627 
2056 417 246 1628 
2057 246 606 1628 
2058 606 417 1628 
2059 643 365 1629 
2060 365 914 1629 
2061 914 643 1629 
2062 141 860 1630 
2063 860 983 1630 
2064 983 141 1630 
2065 686 483 1631 
2066 483 691 1631 
2067 691 686 1631 
2068 93 433 1632 
2069 433 752 1632 
2070 752 93 1632 
2071 210 412 1633 
2072 412 702 1633 
2073 702 210 1633 
2074 860 426 1634 
2075 426 983 1634 
2076 983 860 1634 
2077 486 775 1635 
2078 775 843 1635 
2079 843 486 1635 
2080 237 435 1636 
2081 435 970 1636 
2082 970 237 1636 
2083 40 41 1637 
2084 41 503 1637 
2085 503 40 1637 
2086 128 473 1638 
2087 473 842 1638 
2088 842 128 1638 
2089 412 255 1639 
2090 255 702 1639 
2091 702 412 1639 
2092 49 413 1640 
2093 413 670 1640 
2094 670 49 1640 
2095 455 90 1641 
2096 90 685 1641 
2097 685 455 1641 
2098 131 132 1642 
2099 132 658 1642 
2100 658 131 1642 
2101 18 19 1643 
2102 19 650 1643 
2103 650 18 1643 
2104 159 483 1644 
2105 483 686 1644 
2106 686 159 1644 
2107 452 86 1645 
2108 86 955 1645 
2109 955 452 1645 
2110 350 418 1646 
2111 418 888 1646 
2112 888 350 1646 
2113 57 802 1647 
2114 802 811 1647 
2115 811 57 1647 
2116 323 764 1648 
2117 764 845 1648 
2118 845 323 1648 
2119 311 637 1649 
2120 637 765 1649 
2121 765 311 1649 
2122 430 110 1650 
2123 110 571 1650 
2124 571 430 1650 
2125 519 159 1651 
2126 159 665 1651 
2127 665 519 1651 
2128 658 257 1652 
2129 257 924 1652 
2130 924 658 1652 
2131 504 333 1653 
2132 333 620 1653 
2133 620 504 1653 
2134 159 522 1654 
2135 522 665 1654 
2136 665 159 1654 
2137 426 197 1655 
2138 197 711 1655 
2139 711 426 1655 
2140 363 452 1656 
2141 452 955 1656 
2142 955 363 1656 
2143 220 415 1657 
2144 415 629 1657 
2145 629 220 1657 
2146 531 393 1658 
2147 393 775 1658 
2148 775 531 1658 
2149 417 147 1659 
2150 147 716 1659 
2151 716 417 1659 
2152 399 561 1660 
2153 561 865 1660 
2154 865 399 1660 
2155 416 236 1661 
2156 236 640 1661 
2157 640 416 1661 
2158 527 212 1662 
2159 212 908 1662 
2160 908 527 1662 
2161 561 200 1663 
2162 200 865 1663 
2163 865 561 1663 
2164 347 518 1664 
2165 518 716 1664 
2166 716 347 1664 
2167 719 297 1665 
2168 297 732 1665 
2169 732 719 1665 
2170 348 417 1666 
2171 417 892 1666 
2172 892 348 1666 
2173 445 149 1667 
2174 149 867 1667 
2175 867 445 1667 
2176 547 896 1668 
2177 896 959 1668 
2178 959 547 1668 
2179 317 643 1669 
2180 643 778 1669 
2181 778 317 1669 
2182 600 338 1670 
2183 338 929 1670 
2184 929 600 1670 
2185 447 242 1671 
2186 242 910 1671 
2187 910 447 1671 
2188 396 690 1672 
2189 690 939 1672 
2190 939 396 1672 
2191 151 528 1673 
2192 528 964 1673 
2193 964 151 1673 
2194 426 303 1674 
2195 303 777 1674 
2196 777 426 1674 
2197 520 465 1675 
2198 465 726 1675 
2199 726 520 1675 
2200 262 431 1676 
2201 431 688 1676 
2202 688 262 1676 
2203 161 467 1677 
2204 467 602 1677 
2205 602 161 1677 
2206 572 416 1678 
2207 416 860 1678 
2208 860 572 1678 
2209 268 419 1679 
2210 419 803 1679 
2211 803 268 1679 
2212 477 305 1680 
2213 305 865 1680 
2214 865 477 1680 
2215 682 324 1681 
2216 324 851 1681 
2217 851 682 1681 
2218 387 442 1682 
2219 442 974 1682 
2220 974 387 1682 
2221 291 406 1683 
2222 406 712 1683 
2223 712 291 1683 
2224 493 239 1684 
2225 239 883 1684 
2226 883 493 1684 
2227 563 402 1685 
2228 402 874 1685 
2229 874 563 1685 
2230 281 591 1686 
2231 591 632 1686 
2232 632 281 1686 
2233 156 446 1687 
2234 446 639 1687 
2235 639 156 1687 
2236 208 467 1688 
2237 467 772 1688 
2238 772 208 1688 
2239 290 433 1689 
2240 433 869 1689 
2241 869 290 1689 
2242 202 563 1690 
2243 563 874 1690 
2244 874 202 1690 
2245 29 30 1691 
2246 30 507 1691 
2247 507 29 1691 
2248 276 418 1692 
2249 418 603 1692 
2250 603 276 1692 
2251 124 125 1693 
2252 125 505 1693 
2253 505 124 1693 
2254 574 180 1694 
2255 180 771 1694 
2256 771 574 1694 
2257 246 554 1695 
2258 554 769 1695 
2259 769 246 1695 
2260 307 478 1696 
2261 478 874 1696 
2262 874 307 1696 
2263 488 251 1697 
2264 251 740 1697 
2265 740 488 1697 
2266 278 451 1698 
2267 451 759 1698 
2268 759 278 1698 
2269 403 187 1699 
2270 187 603 1699 
2271 603 403 1699 
2272 303 426 1700 
2273 426 860 1700 
2274 860 303 1700 
2275 975 566 1701 
2276 566 984 1701 
2277 984 975 1701 
2278 338 566 1702 
2279 566 975 1702 
2280 975 338 1702 
2281 224 423 1703 
2282 423 565 1703 
2283 565 224 1703 
2284 723 285 1704 
2285 285 751 1704 
2286 751 723 1704 
2287 451 135 1705 
2288 135 759 1705 
2289 759 451 1705 
2290 775 280 1706 
2291 280 843 1706 
2292 843 775 1706 
2293 423 592 1707 
2294 592 846 1707 
2295 846 423 1707 
2296 324 663 1708 
2297 663 670 1708 
2298 670 324 1708 
2299 456 199 1709 
2300 199 806 1709 
2301 806 456 1709 
2302 219 538 1710 
2303 538 723 1710 
2304 723 219 1710 
2305 421 271 1711 
2306 271 810 1711 
2307 810 421 1711 
2308 486 215 1712 
2309 215 583 1712 
2310 583 486 1712 
2311 217 429 1713 
2312 429 691 1713 
2313 691 217 1713 
2314 293 486 1714 
2315 486 583 1714 
2316 583 293 1714 
2317 494 134 1715 
2318 134 943 1715 
2319 943 494 1715 
2320 256 560 1716 
2321 560 626 1716 
2322 626 256 1716 
2323 91 92 1717 
2324 92 543 1717 
2325 543 91 1717 
2326 429 265 1718 
2327 265 691 1718 
2328 691 429 1718 
2329 411 503 1719 
2330 503 635 1719 
2331 635 411 1719 
2332 73 421 1720 
2333 421 822 1720 
2334 822 73 1720 
2335 474 33 1721 
2336 33 653 1721 
2337 653 474 1721 
2338 37 38 1722 
2339 38 533 1722 
2340 533 37 1722 
2341 528 408 1723 
2342 408 964 1723 
2343 964 528 1723 
2344 430 209 1724 
2345 209 823 1724 
2346 823 430 1724 
2347 468 27 1725 
2348 27 586 1725 
2349 586 468 1725 
2350 216 420 1726 
2351 420 732 1726 
2352 732 216 1726 
2353 213 489 1727 
2354 489 830 1727 
2355 830 213 1727 
2356 287 562 1728 
2357 562 737 1728 
2358 737 287 1728 
2359 96 470 1729 
2360 470 909 1729 
2361 909 96 1729 
2362 296 456 1730 
2363 456 806 1730 
2364 806 296 1730 
2365 454 273 1731 
2366 273 915 1731 
2367 915 454 1731 
2368 812 72 1732 
2369 72 822 1732 
2370 822 812 1732 
2371 11 14 1733 
2372 14 551 1733 
2373 551 11 1733 
2374 127 128 1734 
2375 128 842 1734 
2376 842 127 1734 
2377 535 401 1735 
2378 401 977 1735 
2379 977 535 1735 
2380 526 239 1736 
2381 239 645 1736 
2382 645 526 1736 
2383 333 505 1737 
2384 505 945 1737 
2385 945 333 1737 
2386 229 444 1738 
2387 444 609 1738 
2388 609 229 1738 
2389 533 38 1739 
2390 38 596 1739 
2391 596 533 1739 
2392 453 194 1740 
2393 194 784 1740 
2394 784 453 1740 
2395 392 658 1741 
2396 658 924 1741 
2397 924 392 1741 
2398 160 535 1742 
2399 535 977 1742 
2400 977 160 1742 
2401 427 164 1743 
2402 164 850 1743 
2403 850 427 1743 
2404 446 156 1744 
2405 156 634 1744 
2406 634 446 1744 
2407 23 24 1745 
2408 24 552 1745 
2409 552 23 1745 
2410 738 22 1746 
2411 22 839 1746 
2412 839 738 1746 
2413 469 82 1747 
2414 82 821 1747 
2415 821 469 1747 
2416 236 427 1748 
2417 427 709 1748 
2418 709 236 1748 
2419 260 442 1749 
2420 442 690 1749 
2421 690 260 1749 
2422 369 906 1750 
2423 906 981 1750 
2424 981 369 1750 
2425 459 162 1751 
2426 162 581 1751 
2427 581 459 1751 
2428 196 851 1752 
2429 851 980 1752 
2430 980 196 1752 
2431 216 460 1753 
2432 460 879 1753 
2433 879 216 1753 
2434 638 341 1754 
2435 341 853 1754 
2436 853 638 1754 
2437 7 8 1755 
2438 8 746 1755 
2439 746 7 1755 
2440 329 440 1756 
2441 440 913 1756 
2442 913 329 1756 
2443 438 106 1757 
2444 106 623 1757 
2445 623 438 1757 
2446 458 12 1758 
2447 12 705 1758 
2448 705 458 1758 
2449 510 122 1759 
2450 122 978 1759 
2451 978 510 1759 
2452 580 301 1760 
2453 301 821 1760 
2454 821 580 1760 
2455 313 447 1761 
2456 447 968 1761 
2457 968 313 1761 
2458 264 441 1762 
2459 441 714 1762 
2460 714 264 1762 
2461 169 431 1763 
2462 431 837 1763 
2463 837 169 1763 
2464 386 593 1764 
2465 593 856 1764 
2466 856 386 1764 
2467 99 100 1765 
2468 100 974 1765 
2469 974 99 1765 
2470 450 272 1766 
2471 272 786 1766 
2472 786 450 1766 
2473 222 529 1767 
2474 529 976 1767 
2475 976 222 1767 
2476 242 447 1768 
2477 447 946 1768 
2478 946 242 1768 
2479 197 484 1769 
2480 484 712 1769 
2481 712 197 1769 
2482 242 479 1770 
2483 479 910 1770 
2484 910 242 1770 
2485 494 364 1771 
2486 364 629 1771 
2487 629 494 1771 
2488 466 158 1772 
2489 158 577 1772 
2490 577 466 1772 
2491 632 328 1773 
2492 328 943 1773 
2493 943 632 1773 
2494 268 428 1774 
2495 428 761 1774 
2496 761 268 1774 
2497 508 233 1775 
2498 233 542 1775 
2499 542 508 1775 
2500 109 430 1776 
2501 430 744 1776 
2502 744 109 1776 
2503 846 403 1777 
2504 403 949 1777 
2505 949 846 1777 
2506 164 523 1778 
2507 523 850 1778 
2508 850 164 1778 
2509 178 622 1779 
2510 622 684 1779 
2511 684 178 1779 
2512 490 310 1780 
2513 310 672 1780 
2514 672 490 1780 
2515 622 380 1781 
2516 380 684 1781 
2517 684 622 1781 
2518 428 214 1782 
2519 214 761 1782 
2520 761 428 1782 
2521 516 186 1783 
2522 186 758 1783 
2523 758 516 1783 
2524 444 229 1784 
2525 229 825 1784 
2526 825 444 1784 
2527 442 260 1785 
2528 260 673 1785 
2529 673 442 1785 
2530 134 444 1786 
2531 444 943 1786 
2532 943 134 1786 
2533 528 218 1787 
2534 218 727 1787 
2535 727 528 1787 
2536 122 123 1788 
2537 123 978 1788 
2538 978 122 1788 
2539 249 482 1789 
2540 482 610 1789 
2541 610 249 1789 
2542 317 546 1790 
2543 546 745 1790 
2544 745 317 1790 
2545 376 471 1791 
2546 471 696 1791 
2547 696 376 1791 
2548 247 564 1792 
2549 564 934 1792 
2550 934 247 1792 
2551 429 77 1793 
2552 77 731 1793 
2553 731 429 1793 
2554 500 226 1794 
2555 226 779 1794 
2556 779 500 1794 
2557 851 413 1795 
2558 413 980 1795 
2559 980 851 1795 
2560 265 429 1796 
2561 429 731 1796 
2562 731 265 1796 
2563 523 164 1797 
2564 164 584 1797 
2565 584 523 1797 
2566 576 250 1798 
2567 250 644 1798 
2568 644 576 1798 
2569 432 271 1799 
2570 271 768 1799 
2571 768 432 1799 
2572 227 501 1800 
2573 501 789 1800 
2574 789 227 1800 
2575 588 191 1801 
2576 191 878 1801 
2577 878 588 1801 
2578 281 444 1802 
2579 444 825 1802 
2580 825 281 1802 
2581 126 127 1803 
2582 127 657 1803 
2583 657 126 1803 
2584 217 432 1804 
2585 432 768 1804 
2586 768 217 1804 
2587 305 500 1805 
2588 500 779 1805 
2589 779 305 1805 
2590 433 94 1806 
2591 94 790 1806 
2592 790 433 1806 
2593 302 601 1807 
2594 601 785 1807 
2595 785 302 1807 
2596 261 533 1808 
2597 533 596 1808 
2598 596 261 1808 
2599 443 113 1809 
2600 113 654 1809 
2601 654 443 1809 
2602 9 458 1810 
2603 458 611 1810 
2604 611 9 1810 
2605 246 518 1811 
2606 518 911 1811 
2607 911 246 1811 
2608 546 175 1812 
2609 175 745 1812 
2610 745 546 1812 
2611 482 5 1813 
2612 5 610 1813 
2613 610 482 1813 
2614 597 357 1814 
2615 357 728 1814 
2616 728 597 1814 
2617 240 597 1815 
2618 597 728 1815 
2619 728 240 1815 
2620 501 307 1816 
2621 307 789 1816 
2622 789 501 1816 
2623 431 262 1817 
2624 262 837 1817 
2625 837 431 1817 
2626 640 236 1818 
2627 236 709 1818 
2628 709 640 1818 
2629 398 738 1819 
2630 738 839 1819 
2631 839 398 1819 
2632 352 646 1820 
2633 646 969 1820 
2634 969 352 1820 
2635 266 443 1821 
2636 443 654 1821 
2637 654 266 1821 
2638 484 426 1822 
2639 426 777 1822 
2640 777 484 1822 
2641 114 115 1823 
2642 115 532 1823 
2643 532 114 1823 
2644 314 516 1824 
2645 516 758 1824 
2646 758 314 1824 
2647 464 207 1825 
2648 207 956 1825 
2649 956 464 1825 
2650 489 396 1826 
2651 396 830 1826 
2652 830 489 1826 
2653 56 57 1827 
2654 57 811 1827 
2655 811 56 1827 
2656 352 439 1828 
2657 439 930 1828 
2658 930 352 1828 
2659 318 464 1829 
2660 464 956 1829 
2661 956 318 1829 
2662 486 167 1830 
2663 167 775 1830 
2664 775 486 1830 
2665 439 198 1831 
2666 198 815 1831 
2667 815 439 1831 
2668 769 89 1832 
2669 89 833 1832 
2670 833 769 1832 
2671 90 91 1833 
2672 91 685 1833 
2673 685 90 1833 
2674 438 210 1834 
2675 210 702 1834 
2676 702 438 1834 
2677 867 350 1835 
2678 350 961 1835 
2679 961 867 1835 
2680 255 438 1836 
2681 438 702 1836 
2682 702 255 1836 
2683 440 145 1837 
2684 145 817 1837 
2685 817 440 1837 
2686 591 174 1838 
2687 174 632 1838 
2688 632 591 1838 
2689 334 684 1839 
2690 684 849 1839 
2691 849 334 1839 
2692 484 291 1840 
2693 291 712 1840 
2694 712 484 1840 
2695 168 450 1841 
2696 450 786 1841 
2697 786 168 1841 
2698 707 137 1842 
2699 137 936 1842 
2700 936 707 1842 
2701 248 454 1843 
2702 454 613 1843 
2703 613 248 1843 
2704 446 241 1844 
2705 241 639 1844 
2706 639 446 1844 
2707 439 159 1845 
2708 159 686 1845 
2709 686 439 1845 
2710 772 467 1846 
2711 467 889 1846 
2712 889 772 1846 
2713 95 96 1847 
2714 96 909 1847 
2715 909 95 1847 
2716 110 111 1848 
2717 111 571 1848 
2718 571 110 1848 
2719 730 327 1849 
2720 327 904 1849 
2721 904 730 1849 
2722 365 453 1850 
2723 453 914 1850 
2724 914 365 1850 
2725 279 549 1851 
2726 549 647 1851 
2727 647 279 1851 
2728 503 41 1852 
2729 41 589 1852 
2730 589 503 1852 
2731 523 342 1853 
2732 342 850 1853 
2733 850 523 1853 
2734 253 503 1854 
2735 503 589 1854 
2736 589 253 1854 
2737 108 109 1855 
2738 109 744 1855 
2739 744 108 1855 
2740 99 442 1856 
2741 442 673 1856 
2742 673 99 1856 
2743 33 34 1857 
2744 34 653 1857 
2745 653 33 1857 
2746 460 216 1858 
2747 216 616 1858 
2748 616 460 1858 
2749 424 288 1859 
2750 288 717 1859 
2751 717 424 1859 
2752 475 104 1860 
2753 104 642 1860 
2754 642 475 1860 
2755 224 565 1861 
2756 565 607 1861 
2757 607 224 1861 
2758 355 661 1862 
2759 661 687 1862 
2760 687 355 1862 
2761 735 228 1863 
2762 228 906 1863 
2763 906 735 1863 
2764 467 301 1864 
2765 301 602 1864 
2766 602 467 1864 
2767 250 452 1865 
2768 452 644 1865 
2769 644 250 1865 
2770 470 207 1866 
2771 207 971 1866 
2772 971 470 1866 
2773 526 466 1867 
2774 466 873 1867 
2775 873 526 1867 
2776 325 470 1868 
2777 470 971 1868 
2778 971 325 1868 
2779 529 367 1869 
2780 367 976 1869 
2781 976 529 1869 
2782 244 453 1870 
2783 453 784 1870 
2784 784 244 1870 
2785 542 146 1871 
2786 146 792 1871 
2787 792 542 1871 
2788 178 652 1872 
2789 652 740 1872 
2790 740 178 1872 
2791 645 239 1873 
2792 239 739 1873 
2793 739 645 1873 
2794 251 622 1874 
2795 622 740 1874 
2796 740 251 1874 
2797 451 735 1875 
2798 735 906 1875 
2799 906 451 1875 
2800 286 481 1876 
2801 481 616 1876 
2802 616 286 1876 
2803 53 448 1877 
2804 448 659 1877 
2805 659 53 1877 
2806 87 88 1878 
2807 88 554 1878 
2808 554 87 1878 
2809 306 523 1879 
2810 523 584 1879 
2811 584 306 1879 
2812 21 514 1880 
2813 514 907 1880 
2814 907 21 1880 
2815 281 564 1881 
2816 564 591 1881 
2817 591 281 1881 
2818 269 499 1882 
2819 499 681 1882 
2820 681 269 1882 
2821 540 247 1883 
2822 247 683 1883 
2823 683 540 1883 
2824 284 620 1884 
2825 620 657 1884 
2826 657 284 1884 
2827 445 231 1885 
2828 231 942 1885 
2829 942 445 1885 
2830 473 128 1886 
2831 128 637 1886 
2832 637 473 1886 
2833 214 457 1887 
2834 457 872 1887 
2835 872 214 1887 
2836 452 250 1888 
2837 250 734 1888 
2838 734 452 1888 
2839 669 219 1889 
2840 219 723 1889 
2841 723 669 1889 
2842 288 715 1890 
2843 715 755 1890 
2844 755 288 1890 
2845 536 288 1891 
2846 288 755 1891 
2847 755 536 1891 
2848 407 669 1892 
2849 669 723 1892 
2850 723 407 1892 
2851 496 237 1893 
2852 237 578 1893 
2853 578 496 1893 
2854 48 49 1894 
2855 49 670 1894 
2856 670 48 1894 
2857 82 83 1895 
2858 83 821 1895 
2859 821 82 1895 
2860 415 588 1896 
2861 588 878 1896 
2862 878 415 1896 
2863 254 455 1897 
2864 455 685 1897 
2865 685 254 1897 
2866 27 28 1898 
2867 28 586 1898 
2868 586 27 1898 
2869 448 268 1899 
2870 268 761 1899 
2871 761 448 1899 
2872 485 243 1900 
2873 243 605 1900 
2874 605 485 1900 
2875 441 177 1901 
2876 177 844 1901 
2877 844 441 1901 
2878 690 194 1902 
2879 194 939 1902 
2880 939 690 1902 
2881 33 474 1903 
2882 474 891 1903 
2883 891 33 1903 
2884 82 469 1904 
2885 469 693 1904 
2886 693 82 1904 
2887 214 448 1905 
2888 448 761 1905 
2889 761 214 1905 
2890 620 333 1906 
2891 333 657 1906 
2892 657 620 1906 
2893 599 260 1907 
2894 260 675 1907 
2895 675 599 1907 
2896 20 21 1908 
2897 21 907 1908 
2898 907 20 1908 
2899 318 599 1909 
2900 599 675 1909 
2901 675 318 1909 
2902 201 459 1910 
2903 459 869 1910 
2904 869 201 1910 
2905 459 290 1911 
2906 290 869 1911 
2907 869 459 1911 
2908 557 277 1912 
2909 277 763 1912 
2910 763 557 1912 
2911 461 47 1913 
2912 47 663 1913 
2913 663 461 1913 
2914 155 460 1914 
2915 460 982 1914 
2916 982 155 1914 
2917 652 375 1915 
2918 375 740 1915 
2919 740 652 1915 
2920 240 534 1916 
2921 534 597 1916 
2922 597 240 1916 
2923 487 271 1917 
2924 271 679 1917 
2925 679 487 1917 
2926 473 204 1918 
2927 204 798 1918 
2928 798 473 1918 
2929 72 73 1919 
2930 73 822 1919 
2931 822 72 1919 
2932 471 319 1920 
2933 319 617 1920 
2934 617 471 1920 
2935 560 171 1921 
2936 171 626 1921 
2937 626 560 1921 
2938 449 330 1922 
2939 330 799 1922 
2940 799 449 1922 
2941 29 507 1923 
2942 507 677 1923 
2943 677 29 1923 
2944 553 227 1924 
2945 227 789 1924 
2946 789 553 1924 
2947 499 148 1925 
2948 148 681 1925 
2949 681 499 1925 
2950 77 78 1926 
2951 78 731 1926 
2952 731 77 1926 
2953 451 278 1927 
2954 278 819 1927 
2955 819 451 1927 
2956 505 125 1928 
2957 125 945 1928 
2958 945 505 1928 
2959 396 624 1929 
2960 624 690 1929 
2961 690 396 1929 
2962 173 594 1930 
2963 594 719 1930 
2964 719 173 1930 
2965 271 563 1931 
2966 563 810 1931 
2967 810 271 1931 
2968 94 95 1932 
2969 95 790 1932 
2970 790 94 1932 
2971 441 272 1933 
2972 272 718 1933 
2973 718 441 1933 
2974 573 296 1934 
2975 296 727 1934 
2976 727 573 1934 
2977 75 487 1935 
2978 487 679 1935 
2979 679 75 1935 
2980 576 161 1936 
2981 161 602 1936 
2982 602 576 1936 
2983 90 455 1937 
2984 455 833 1937 
2985 833 90 1937 
2986 258 516 1938 
2987 516 692 1938 
2988 692 258 1938 
2989 247 566 1939 
2990 566 683 1939 
2991 683 247 1939 
2992 190 471 1940 
2993 471 617 1940 
2994 617 190 1940 
2995 85 452 1941 
2996 452 734 1941 
2997 734 85 1941 
2998 239 493 1942 
2999 493 598 1942 
3000 598 239 1942 
3001 561 268 1943 
3002 268 803 1943 
3003 803 561 1943 
3004 538 285 1944 
3005 285 723 1944 
3006 723 538 1944 
3007 267 744 1945 
3008 744 823 1945 
3009 823 267 1945 
3010 168 504 1946 
3011 504 620 1946 
3012 620 168 1946 
3013 631 266 1947 
3014 266 871 1947 
3015 871 631 1947 
3016 234 633 1948 
3017 633 828 1948 
3018 828 234 1948 
3019 80 498 1949 
3020 498 969 1949 
3021 969 80 1949 
3022 555 369 1950 
3023 369 656 1950 
3024 656 555 1950 
3025 567 395 1951 
3026 395 574 1951 
3027 574 567 1951 
3028 507 30 1952 
3029 30 963 1952 
3030 963 507 1952 
3031 230 555 1953 
3032 555 656 1953 
3033 656 230 1953 
3034 272 441 1954 
3035 441 844 1954 
3036 844 272 1954 
3037 606 391 1955 
3038 391 940 1955 
3039 940 606 1955 
3040 836 312 1956 
3041 312 899 1956 
3042 899 836 1956 
3043 459 201 1957 
3044 201 900 1957 
3045 900 459 1957 
3046 802 358 1958 
3047 358 811 1958 
3048 811 802 1958 
3049 484 172 1959 
3050 172 884 1959 
3051 884 484 1959 
3052 576 644 1960 
3053 644 859 1960 
3054 859 576 1960 
3055 129 130 1961 
3056 130 765 1961 
3057 765 129 1961 
3058 744 430 1962 
3059 430 823 1962 
3060 823 744 1962 
3061 101 102 1963 
3062 102 569 1963 
3063 569 101 1963 
3064 531 167 1964 
3065 167 962 1964 
3066 962 531 1964 
3067 264 445 1965 
3068 445 942 1965 
3069 942 264 1965 
3070 3 4 1966 
3071 4 756 1966 
3072 756 3 1966 
3073 135 555 1967 
3074 555 781 1967 
3075 781 135 1967 
3076 370 456 1968 
3077 456 876 1968 
3078 876 370 1968 
3079 84 85 1969 
3080 85 734 1969 
3081 734 84 1969 
3082 116 502 1970 
3083 502 794 1970 
3084 794 116 1970 
3085 465 319 1971 
3086 319 726 1971 
3087 726 465 1971 
3088 284 473 1972 
3089 473 798 1972 
3090 798 284 1972 
3091 555 321 1973 
3092 321 781 1973 
3093 781 555 1973 
3094 460 245 1974 
3095 245 879 1974 
3096 879 460 1974 
3097 294 461 1975 
3098 461 905 1975 
3099 905 294 1975 
3100 210 463 1976 
3101 463 972 1976 
3102 972 210 1976 
3103 465 328 1977 
3104 328 951 1977 
3105 951 465 1977 
3106 475 255 1978 
3107 255 774 1978 
3108 774 475 1978 
3109 218 528 1979 
3110 528 880 1979 
3111 880 218 1979 
3112 413 621 1980 
3113 621 980 1980 
3114 980 413 1980 
3115 456 119 1981 
3116 119 876 1981 
3117 876 456 1981 
3118 557 763 1982 
3119 763 950 1982 
3120 950 557 1982 
3121 204 473 1983 
3122 473 894 1983 
3123 894 204 1983 
3124 402 553 1984 
3125 553 789 1984 
3126 789 402 1984 
3127 255 475 1985 
3128 475 642 1985 
3129 642 255 1985 
3130 464 318 1986 
3131 318 675 1986 
3132 675 464 1986 
3133 60 477 1987 
3134 477 866 1987 
3135 866 60 1987 
3136 450 168 1988 
3137 168 931 1988 
3138 931 450 1988 
3139 123 124 1989 
3140 124 764 1989 
3141 764 123 1989 
3142 612 184 1990 
3143 184 940 1990 
3144 940 612 1990 
3145 204 450 1991 
3146 450 798 1991 
3147 798 204 1991 
3148 481 286 1992 
3149 286 813 1992 
3150 813 481 1992 
3151 177 495 1993 
3152 495 648 1993 
3153 648 177 1993 
3154 232 481 1994 
3155 481 813 1994 
3156 813 232 1994 
3157 216 468 1995 
3158 468 863 1995 
3159 863 216 1995 
3160 478 69 1996 
3161 69 875 1996 
3162 875 478 1996 
3163 467 161 1997 
3164 161 889 1997 
3165 889 467 1997 
3166 466 294 1998 
3167 294 905 1998 
3168 905 466 1998 
3169 464 163 1999 
3170 163 918 1999 
3171 918 464 1999 
3172 293 583 2000 
3173 583 818 2000 
3174 818 293 2000 
3175 205 466 2001 
3176 466 905 2001 
3177 905 205 2001 
3178 41 42 2002 
3179 42 589 2002 
3180 589 41 2002 
3181 408 528 2003 
3182 528 727 2003 
3183 727 408 2003 
3184 520 152 2004 
3185 152 618 2004 
3186 618 520 2004 
3187 476 212 2005 
3188 212 671 2005 
3189 671 476 2005 
3190 598 345 2006 
3191 345 739 2006 
3192 739 598 2006 
3193 115 116 2007 
3194 116 794 2007 
3195 794 115 2007 
3196 79 80 2008 
3197 80 969 2008 
3198 969 79 2008 
3199 362 812 2009 
3200 812 822 2009 
3201 822 362 2009 
3202 477 358 2010 
3203 358 866 2010 
3204 866 477 2010 
3205 51 52 2011 
3206 52 710 2011 
3207 710 51 2011 
3208 356 522 2012 
3209 522 815 2012 
3210 815 356 2012 
3211 657 127 2013 
3212 127 842 2013 
3213 842 657 2013 
3214 212 476 2014 
3215 476 908 2014 
3216 908 212 2014 
3217 239 598 2015 
3218 598 739 2015 
3219 739 239 2015 
3220 546 317 2016 
3221 317 778 2016 
3222 778 546 2016 
3223 57 15 2017 
3224 15 802 2017 
3225 802 57 2017 
3226 88 89 2018 
3227 89 769 2018 
3228 769 88 2018 
3229 529 222 2019 
3230 222 704 2019 
3231 704 529 2019 
3232 391 769 2020 
3233 769 833 2020 
3234 833 391 2020 
3235 38 39 2021 
3236 39 596 2021 
3237 596 38 2021 
3238 58 72 2022 
3239 72 812 2022 
3240 812 58 2022 
3241 128 129 2023 
3242 129 637 2023 
3243 637 128 2023 
3244 15 59 2024 
3245 59 802 2024 
3246 802 15 2024 
3247 291 484 2025 
3248 484 884 2025 
3249 884 291 2025 
3250 278 559 2026 
3251 559 585 2026 
3252 585 278 2026 
3253 431 553 2027 
3254 553 688 2027 
3255 688 431 2027 
3256 668 108 2028 
3257 108 744 2028 
3258 744 668 2028 
3259 104 105 2029 
3260 105 642 2029 
3261 642 104 2029 
3262 386 509 2030 
3263 509 678 2030 
3264 678 386 2030 
3265 615 133 2031 
3266 133 801 2031 
3267 801 615 2031 
3268 362 478 2032 
3269 478 875 2032 
3270 875 362 2032 
3271 466 205 2033 
3272 205 873 2033 
3273 873 466 2033 
3274 44 45 2034 
3275 45 921 2034 
3276 921 44 2034 
3277 336 640 2035 
3278 640 709 2035 
3279 709 336 2035 
3280 337 720 2036 
3281 720 725 2036 
3282 725 337 2036 
3283 70 58 2037 
3284 58 812 2037 
3285 812 70 2037 
3286 470 96 2038 
3287 96 689 2038 
3288 689 470 2038 
3289 207 464 2039 
3290 464 793 2039 
3291 793 207 2039 
3292 692 516 2040 
3293 516 953 2040 
3294 953 692 2040 
3295 467 208 2041 
3296 208 926 2041 
3297 926 467 2041 
3298 259 621 2042 
3299 621 710 2042 
3300 710 259 2042 
3301 504 168 2043 
3302 168 625 2043 
3303 625 504 2043 
3304 301 467 2044 
3305 467 926 2044 
3306 926 301 2044 
3307 207 470 2045 
3308 470 956 2045 
3309 956 207 2045 
3310 506 133 2046 
3311 133 615 2046 
3312 615 506 2046 
3313 311 627 2047 
3314 627 894 2047 
3315 894 311 2047 
3316 576 332 2048 
3317 332 795 2048 
3318 795 576 2048 
3319 249 536 2049 
3320 536 755 2049 
3321 755 249 2049 
3322 161 576 2050 
3323 576 795 2050 
3324 795 161 2050 
3325 238 567 2051 
3326 567 574 2051 
3327 574 238 2051 
3328 457 515 2052 
3329 515 872 2052 
3330 872 457 2052 
3331 175 700 2053 
3332 700 745 2053 
3333 745 175 2053 
3334 208 469 2054 
3335 469 926 2054 
3336 926 208 2054 
3337 245 600 2055 
3338 600 929 2055 
3339 929 245 2055 
3340 536 249 2056 
3341 249 847 2056 
3342 847 536 2056 
3343 469 301 2057 
3344 301 926 2057 
3345 926 469 2057 
3346 151 476 2058 
3347 476 897 2058 
3348 897 151 2058 
3349 519 230 2059 
3350 230 750 2059 
3351 750 519 2059 
3352 136 544 2060 
3353 544 973 2060 
3354 973 136 2060 
3355 559 157 2061 
3356 157 585 2061 
3357 585 559 2061 
3358 184 606 2062 
3359 606 940 2062 
3360 940 184 2062 
3361 544 371 2063 
3362 371 973 2063 
3363 973 544 2063 
3364 158 526 2064 
3365 526 645 2064 
3366 645 158 2064 
3367 580 84 2065 
3368 84 734 2065 
3369 734 580 2065 
3370 409 283 2066 
3371 283 808 2066 
3372 808 409 2066 
3373 590 192 2067 
3374 192 862 2067 
3375 862 590 2067 
3376 371 590 2068 
3377 590 862 2068 
3378 862 371 2068 
3379 579 3 2069 
3380 3 756 2069 
3381 756 579 2069 
3382 251 488 2070 
3383 488 921 2070 
3384 921 251 2070 
3385 480 165 2071 
3386 165 694 2071 
3387 694 480 2071 
3388 471 190 2072 
3389 190 696 2072 
3390 696 471 2072 
3391 532 266 2073 
3392 266 654 2073 
3393 654 532 2073 
3394 385 546 2074 
3395 546 778 2074 
3396 778 385 2074 
3397 937 499 2075 
3398 499 954 2075 
3399 954 937 2075 
3400 554 363 2076 
3401 363 955 2076 
3402 955 554 2076 
3403 32 33 2077 
3404 33 891 2077 
3405 891 32 2077 
3406 156 539 2078 
3407 539 634 2078 
3408 634 156 2078 
3409 389 504 2079 
3410 504 625 2079 
3411 625 389 2079 
3412 537 169 2080 
3413 169 938 2080 
3414 938 537 2080 
3415 468 297 2081 
3416 297 895 2081 
3417 895 468 2081 
3418 545 412 2082 
3419 412 797 2082 
3420 797 545 2082 
3421 790 95 2083 
3422 95 909 2083 
3423 909 790 2083 
3424 469 208 2084 
3425 208 904 2084 
3426 904 469 2084 
3427 37 533 2085 
3428 533 699 2085 
3429 699 37 2085 
3430 120 71 2086 
3431 71 820 2086 
3432 820 120 2086 
3433 536 171 2087 
3434 171 717 2087 
3435 717 536 2087 
3436 533 279 2088 
3437 279 699 2088 
3438 699 533 2088 
3439 289 617 2089 
3440 617 773 2089 
3441 773 289 2089 
3442 171 560 2090 
3443 560 717 2090 
3444 717 171 2090 
3445 497 228 2091 
3446 228 735 2091 
3447 735 497 2091 
3448 267 480 2092 
3449 480 694 2092 
3450 694 267 2092 
3451 16 17 2093 
3452 17 947 2093 
3453 947 16 2093 
3454 572 141 2094 
3455 141 614 2094 
3456 614 572 2094 
3457 711 197 2095 
3458 197 888 2095 
3459 888 711 2095 
3460 306 595 2096 
3461 595 907 2096 
3462 907 306 2096 
3463 143 578 2097 
3464 578 852 2097 
3465 852 143 2097 
3466 470 325 2098 
3467 325 909 2098 
3468 909 470 2098 
3469 564 247 2099 
3470 247 591 2099 
3471 591 564 2099 
3472 578 356 2100 
3473 356 852 2100 
3474 852 578 2100 
3475 280 474 2101 
3476 474 843 2101 
3477 843 280 2101 
3478 474 215 2102 
3479 215 843 2102 
3480 843 474 2102 
3481 87 554 2103 
3482 554 955 2103 
3483 955 87 2103 
3484 265 686 2104 
3485 686 691 2104 
3486 691 265 2104 
3487 474 280 2105 
3488 280 891 2105 
3489 891 474 2105 
3490 71 121 2106 
3491 121 820 2106 
3492 820 71 2106 
3493 522 237 2107 
3494 237 665 2107 
3495 665 522 2107 
3496 538 158 2108 
3497 158 645 2108 
3498 645 538 2108 
3499 5 6 2109 
3500 6 610 2109 
3501 610 5 2109 
3502 301 469 2110 
3503 469 821 2110 
3504 821 301 2110 
3505 349 526 2111 
3506 526 873 2111 
3507 873 349 2111 
3508 78 646 2112 
3509 646 731 2112 
3510 731 78 2112 
3511 52 53 2113 
3512 53 659 2113 
3513 659 52 2113 
3514 155 481 2114 
3515 481 729 2114 
3516 729 155 2114 
3517 271 487 2115 
3518 487 768 2115 
3519 768 271 2115 
3520 604 367 2116 
3521 367 826 2116 
3522 826 604 2116 
3523 315 520 2117 
3524 520 618 2117 
3525 618 315 2117 
3526 81 82 2118 
3527 82 693 2118 
3528 693 81 2118 
3529 503 253 2119 
3530 253 635 2119 
3531 635 503 2119 
3532 212 521 2120 
3533 521 671 2120 
3534 671 212 2120 
3535 677 507 2121 
3536 507 813 2121 
3537 813 677 2121 
3538 288 536 2122 
3539 536 717 2122 
3540 717 288 2122 
3541 241 594 2123 
3542 594 639 2123 
3543 639 241 2123 
3544 45 568 2124 
3545 568 921 2124 
3546 921 45 2124 
3547 594 339 2125 
3548 339 639 2125 
3549 639 594 2125 
3550 282 662 2126 
3551 662 952 2126 
3552 952 282 2126 
3553 113 114 2127 
3554 114 654 2127 
3555 654 113 2127 
3556 720 276 2128 
3557 276 725 2128 
3558 725 720 2128 
3559 381 511 2129 
3560 511 760 2129 
3561 760 381 2129 
3562 172 484 2130 
3563 484 777 2130 
3564 777 172 2130 
3565 388 615 2131 
3566 615 801 2131 
3567 801 388 2131 
3568 793 282 2132 
3569 282 952 2132 
3570 952 793 2132 
3571 167 633 2133 
3572 633 962 2133 
3573 962 167 2133 
3574 647 549 2134 
3575 549 977 2134 
3576 977 647 2134 
3577 633 425 2135 
3578 425 962 2135 
3579 962 633 2135 
3580 106 107 2136 
3581 107 623 2136 
3582 623 106 2136 
3583 557 139 2137 
3584 139 674 2137 
3585 674 557 2137 
3586 570 249 2138 
3587 249 755 2138 
3588 755 570 2138 
3589 178 511 2139 
3590 511 652 2139 
3591 652 178 2139 
3592 277 557 2140 
3593 557 674 2140 
3594 674 277 2140 
3595 490 155 2141 
3596 155 941 2141 
3597 941 490 2141 
3598 4 482 2142 
3599 482 756 2142 
3600 756 4 2142 
3601 655 372 2143 
3602 372 772 2143 
3603 772 655 2143 
3604 114 532 2144 
3605 532 654 2144 
3606 654 114 2144 
3607 604 188 2145 
3608 188 841 2145 
3609 841 604 2145 
3610 310 490 2146 
3611 490 941 2146 
3612 941 310 2146 
3613 513 218 2147 
3614 218 880 2147 
3615 880 513 2147 
3616 367 604 2148 
3617 604 841 2148 
3618 841 367 2148 
3619 62 500 2149 
3620 500 780 2149 
3621 780 62 2149 
3622 303 547 2150 
3623 547 777 2150 
3624 777 303 2150 
3625 513 166 2151 
3626 166 871 2151 
3627 871 513 2151 
3628 501 67 2152 
3629 67 783 2152 
3630 783 501 2152 
3631 262 517 2153 
3632 517 656 2153 
3633 656 262 2153 
3634 837 262 2154 
3635 262 981 2154 
3636 981 837 2154 
3637 547 172 2155 
3638 172 777 2155 
3639 777 547 2155 
3640 263 908 2156 
3641 908 948 2156 
3642 948 263 2156 
3643 91 543 2157 
3644 543 685 2157 
3645 685 91 2157 
3646 480 267 2158 
3647 267 823 2158 
3648 823 480 2158 
3649 525 344 2159 
3650 344 648 2159 
3651 648 525 2159 
3652 258 506 2160 
3653 506 615 2160 
3654 615 258 2160 
3655 111 112 2161 
3656 112 917 2161 
3657 917 111 2161 
3658 483 217 2162 
3659 217 691 2162 
3660 691 483 2162 
3661 50 51 2163 
3662 51 621 2163 
3663 621 50 2163 
3664 250 576 2164 
3665 576 602 2164 
3666 602 250 2164 
3667 516 258 2165 
3668 258 706 2165 
3669 706 516 2165 
3670 473 284 2166 
3671 284 842 2166 
3672 842 473 2166 
3673 500 305 2167 
3674 305 780 2167 
3675 780 500 2167 
3676 481 155 2168 
3677 155 982 2168 
3678 982 481 2168 
3679 517 230 2169 
3680 230 656 2169 
3681 656 517 2169 
3682 472 837 2170 
3683 837 981 2170 
3684 981 472 2170 
3685 479 138 2171 
3686 138 910 2171 
3687 910 479 2171 
3688 22 23 2172 
3689 23 839 2172 
3690 839 22 2172 
3691 569 102 2173 
3692 102 898 2173 
3693 898 569 2173 
3694 307 501 2174 
3695 501 783 2174 
3696 783 307 2174 
3697 617 319 2175 
3698 319 773 2175 
3699 773 617 2175 
3700 153 582 2176 
3701 582 868 2176 
3702 868 153 2176 
3703 694 165 2177 
3704 165 958 2177 
3705 958 694 2177 
3706 495 264 2178 
3707 264 942 2178 
3708 942 495 2178 
3709 254 581 2179 
3710 581 742 2179 
3711 742 254 2179 
3712 10 9 2180 
3713 9 641 2180 
3714 641 10 2180 
3715 595 248 2181 
3716 248 650 2181 
3717 650 595 2181 
3718 908 476 2182 
3719 476 948 2182 
3720 948 908 2182 
3721 17 749 2183 
3722 749 947 2183 
3723 947 17 2183 
3724 596 411 2184 
3725 411 809 2184 
3726 809 596 2184 
3727 231 495 2185 
3728 495 942 2185 
3729 942 231 2185 
3730 499 220 2186 
3731 220 954 2186 
3732 954 499 2186 
3733 463 694 2187 
3734 694 958 2187 
3735 958 463 2187 
3736 518 417 2188 
3737 417 716 2188 
3738 716 518 2188 
3739 290 543 2189 
3740 543 752 2189 
3741 752 290 2189 
3742 836 169 2190 
3743 169 837 2190 
3744 837 836 2190 
3745 579 257 2191 
3746 257 658 2191 
3747 658 579 2191 
3748 543 92 2192 
3749 92 752 2192 
3750 752 543 2192 
3751 609 336 2193 
3752 336 709 2193 
3753 709 609 2193 
3754 368 483 2194 
3755 483 750 2194 
3756 750 368 2194 
3757 701 337 2195 
3758 337 713 2195 
3759 713 701 2195 
3760 98 99 2196 
3761 99 673 2196 
3762 673 98 2196 
3763 502 309 2197 
3764 309 794 2197 
3765 794 502 2197 
3766 521 274 2198 
3767 274 671 2198 
3768 671 521 2198 
3769 472 836 2199 
3770 836 837 2199 
3771 837 472 2199 
3772 156 639 2200 
3773 639 934 2200 
3774 934 156 2200 
3775 489 394 2201 
3776 394 724 2201 
3777 724 489 2201 
3778 31 32 2202 
3779 32 636 2202 
3780 636 31 2202 
3781 695 322 2203 
3782 322 925 2203 
3783 925 695 2203 
3784 47 48 2204 
3785 48 663 2204 
3786 663 47 2204 
3787 539 342 2205 
3788 342 634 2205 
3789 634 539 2205 
3790 587 242 2206 
3791 242 946 2206 
3792 946 587 2206 
3793 941 587 2207 
3794 587 946 2207 
3795 946 941 2207 
3796 482 257 2208 
3797 257 756 2208 
3798 756 482 2208 
3799 408 727 2209 
3800 727 806 2209 
3801 806 408 2209 
3802 458 705 2210 
3803 705 916 2210 
3804 916 458 2210 
3805 375 488 2211 
3806 488 740 2211 
3807 740 375 2211 
3808 636 393 2212 
3809 393 963 2212 
3810 963 636 2212 
3811 270 529 2213 
3812 529 704 2213 
3813 704 270 2213 
3814 823 209 2214 
3815 209 886 2214 
3816 886 823 2214 
3817 480 823 2215 
3818 823 886 2215 
3819 886 480 2215 
3820 177 491 2216 
3821 491 844 2216 
3822 844 177 2216 
3823 255 545 2217 
3824 545 774 2217 
3825 774 255 2217 
3826 550 238 2218 
3827 238 721 2218 
3828 721 550 2218 
3829 309 513 2219 
3830 513 871 2219 
3831 871 309 2219 
3832 282 550 2220 
3833 550 721 2220 
3834 721 282 2220 
3835 321 519 2221 
3836 519 665 2221 
3837 665 321 2221 
3838 612 254 2222 
3839 254 742 2222 
3840 742 612 2222 
3841 154 517 2223 
3842 517 688 2223 
3843 688 154 2223 
3844 491 272 2224 
3845 272 844 2224 
3846 844 491 2224 
3847 259 515 2225 
3848 515 856 2225 
3849 856 259 2225 
3850 285 538 2226 
3851 538 645 2226 
3852 645 285 2226 
3853 597 182 2227 
3854 182 767 2227 
3855 767 597 2227 
3856 252 497 2228 
3857 497 735 2228 
3858 735 252 2228 
3859 215 486 2229 
3860 486 843 2229 
3861 843 215 2229 
3862 316 485 2230 
3863 485 858 2230 
3864 858 316 2230 
3865 357 597 2231 
3866 597 767 2231 
3867 767 357 2231 
3868 562 287 2232 
3869 287 853 2232 
3870 853 562 2232 
3871 273 572 2233 
3872 572 614 2233 
3873 614 273 2233 
3874 188 604 2234 
3875 604 809 2234 
3876 809 188 2234 
3877 304 937 2235 
3878 937 954 2235 
3879 954 304 2235 
3880 488 44 2236 
3881 44 921 2236 
3882 921 488 2236 
3883 172 547 2237 
3884 547 651 2237 
3885 651 172 2237 
3886 669 407 2238 
3887 407 862 2238 
3888 862 669 2238 
3889 727 296 2239 
3890 296 806 2239 
3891 806 727 2239 
3892 514 21 2240 
3893 21 738 2240 
3894 738 514 2240 
3895 327 498 2241 
3896 498 762 2241 
3897 762 327 2241 
3898 492 295 2242 
3899 295 938 2242 
3900 938 492 2242 
3901 498 80 2243 
3902 80 762 2243 
3903 762 498 2243 
3904 586 28 2244 
3905 28 677 2244 
3906 677 586 2244 
3907 286 586 2245 
3908 586 677 2245 
3909 677 286 2245 
3910 512 140 2246 
3911 140 718 2246 
3912 718 512 2246 
3913 235 535 2247 
3914 535 687 2247 
3915 687 235 2247 
3916 535 270 2248 
3917 270 687 2248 
3918 687 535 2248 
3919 517 262 2249 
3920 262 688 2249 
3921 688 517 2249 
3922 559 278 2250 
3923 278 703 2250 
3924 703 559 2250 
3925 543 254 2251 
3926 254 685 2251 
3927 685 543 2251 
3928 521 258 2252 
3929 258 692 2252 
3930 692 521 2252 
3931 274 521 2253 
3932 521 834 2253 
3933 834 274 2253 
3934 243 559 2254 
3935 559 703 2254 
3936 703 243 2254 
3937 493 316 2255 
3938 316 893 2255 
3939 893 493 2255 
3940 226 582 2256 
3941 582 779 2256 
3942 779 226 2256 
3943 142 493 2257 
3944 493 883 2257 
3945 883 142 2257 
3946 272 491 2258 
3947 491 786 2258 
3948 786 272 2258 
3949 256 611 2259 
3950 611 877 2259 
3951 877 256 2259 
3952 621 259 2260 
3953 259 980 2260 
3954 980 621 2260 
3955 592 256 2261 
3956 256 877 2261 
3957 877 592 2261 
3958 169 492 2262 
3959 492 938 2262 
3960 938 169 2262 
3961 226 492 2263 
3962 492 899 2263 
3963 899 226 2263 
3964 123 764 2264 
3965 764 978 2264 
3966 978 123 2264 
3967 582 399 2265 
3968 399 779 2265 
3969 779 582 2265 
3970 607 264 2266 
3971 264 714 2266 
3972 714 607 2266 
3973 54 55 2267 
3974 55 666 2267 
3975 666 54 2267 
3976 45 46 2268 
3977 46 814 2268 
3978 814 45 2268 
3979 186 516 2269 
3980 516 706 2269 
3981 706 186 2269 
3982 228 497 2270 
3983 497 967 2270 
3984 967 228 2270 
3985 593 196 2271 
3986 196 980 2271 
3987 980 593 2271 
3988 308 496 2272 
3989 496 960 2272 
3990 960 308 2272 
3991 700 310 2273 
3992 310 946 2273 
3993 946 700 2273 
3994 447 700 2274 
3995 700 946 2274 
3996 946 447 2274 
3997 122 510 2275 
3998 510 882 2275 
3999 882 122 2275 
4000 170 701 2276 
4001 701 713 2276 
4002 713 170 2276 
4003 89 90 2277 
4004 90 833 2277 
4005 833 89 2277 
4006 497 153 2278 
4007 153 868 2278 
4008 868 497 2278 
4009 309 532 2279 
4010 532 794 2279 
4011 794 309 2279 
4012 568 251 2280 
4013 251 921 2280 
4014 921 568 2280 
4015 877 458 2281 
4016 458 916 2281 
4017 916 877 2281 
4018 498 352 2282 
4019 352 969 2282 
4020 969 498 2282 
4021 21 22 2283 
4022 22 738 2283 
4023 738 21 2283 
4024 510 370 2284 
4025 370 882 2284 
4026 882 510 2284 
4027 112 601 2285 
4028 601 917 2285 
4029 917 112 2285 
4030 28 29 2286 
4031 29 677 2286 
4032 677 28 2286 
4033 166 692 2287 
4034 692 953 2287 
4035 953 166 2287 
4036 662 146 2288 
4037 146 796 2288 
4038 796 662 2288 
4039 416 640 2289 
4040 640 896 2289 
4041 896 416 2289 
4042 382 662 2290 
4043 662 796 2290 
4044 796 382 2290 
4045 96 97 2291 
4046 97 689 2291 
4047 689 96 2291 
4048 540 289 2292 
4049 289 667 2292 
4050 667 540 2292 
4051 549 261 2293 
4052 261 826 2293 
4053 826 549 2293 
4054 74 75 2294 
4055 75 679 2294 
4056 679 74 2294 
4057 124 505 2295 
4058 505 764 2295 
4059 764 124 2295 
4060 376 545 2296 
4061 545 797 2296 
4062 797 376 2296 
4063 807 143 2297 
4064 143 912 2297 
4065 912 807 2297 
4066 260 599 2298 
4067 599 673 2298 
4068 673 260 2298 
4069 299 776 2299 
4070 776 927 2299 
4071 927 299 2299 
4072 175 546 2300 
4073 546 741 2300 
4074 741 175 2300 
4075 343 544 2301 
4076 544 736 2301 
4077 736 343 2301 
4078 605 243 2302 
4079 243 703 2302 
4080 703 605 2302 
4081 272 512 2303 
4082 512 718 2303 
4083 718 272 2303 
4084 546 277 2304 
4085 277 741 2304 
4086 741 546 2304 
4087 315 618 2305 
4088 618 972 2305 
4089 972 315 2305 
4090 31 636 2306 
4091 636 963 2306 
4092 963 31 2306 
4093 377 605 2307 
4094 605 703 2307 
4095 703 377 2307 
4096 170 613 2308 
4097 613 915 2308 
4098 915 170 2308 
4099 161 556 2309 
4100 556 889 2309 
4101 889 161 2309 
4102 152 520 2310 
4103 520 726 2310 
4104 726 152 2310 
4105 566 338 2311 
4106 338 683 2311 
4107 683 566 2311 
4108 14 13 2312 
4109 13 881 2312 
4110 881 14 2312 
4111 664 299 2313 
4112 299 927 2313 
4113 927 664 2313 
4114 597 534 2314 
4115 534 944 2314 
4116 944 597 2314 
4117 260 624 2315 
4118 624 675 2315 
4119 675 260 2315 
4120 534 345 2316 
4121 345 944 2316 
4122 944 534 2316 
4123 511 334 2317 
4124 334 760 2317 
4125 760 511 2317 
4126 524 233 2318 
4127 233 737 2318 
4128 737 524 2318 
4129 166 513 2319 
4130 513 834 2319 
4131 834 166 2319 
4132 507 232 2320 
4133 232 813 2320 
4134 813 507 2320 
4135 631 314 2321 
4136 314 649 2321 
4137 649 631 2321 
4138 139 540 2322 
4139 540 683 2322 
4140 683 139 2322 
4141 36 37 2323 
4142 37 699 2323 
4143 699 36 2323 
4144 148 499 2324 
4145 499 937 2324 
4146 937 148 2324 
4147 117 118 2325 
4148 118 824 2325 
4149 824 117 2325 
4150 513 274 2326 
4151 274 834 2326 
4152 834 513 2326 
4153 952 382 2327 
4154 382 971 2327 
4155 971 952 2327 
4156 553 154 2328 
4157 154 688 2328 
4158 688 553 2328 
4159 571 111 2329 
4160 111 917 2329 
4161 917 571 2329 
4162 337 614 2330 
4163 614 720 2330 
4164 720 337 2330 
4165 351 672 2331 
4166 672 741 2331 
4167 741 351 2331 
4168 672 175 2332 
4169 175 741 2332 
4170 741 672 2332 
4171 12 11 2333 
4172 11 705 2333 
4173 705 12 2333 
4174 211 877 2334 
4175 877 916 2334 
4176 916 211 2334 
4177 323 510 2335 
4178 510 978 2335 
4179 978 323 2335 
4180 274 528 2336 
4181 528 897 2336 
4182 897 274 2336 
4183 674 351 2337 
4184 351 741 2337 
4185 741 674 2337 
4186 251 577 2338 
4187 577 782 2338 
4188 782 251 2338 
4189 277 674 2339 
4190 674 741 2339 
4191 741 277 2339 
4192 366 708 2340 
4193 708 719 2340 
4194 719 366 2340 
4195 547 269 2341 
4196 269 651 2341 
4197 651 547 2341 
4198 708 297 2342 
4199 297 719 2342 
4200 719 708 2342 
4201 298 771 2343 
4202 771 935 2343 
4203 935 298 2343 
4204 640 191 2344 
4205 191 896 2344 
4206 896 640 2344 
4207 599 98 2345 
4208 98 673 2345 
4209 673 599 2345 
4210 163 550 2346 
4211 550 918 2346 
4212 918 163 2346 
4213 660 298 2347 
4214 298 935 2347 
4215 935 660 2347 
4216 257 570 2348 
4217 570 924 2348 
4218 924 257 2348 
4219 643 213 2349 
4220 213 830 2349 
4221 830 643 2349 
4222 365 643 2350 
4223 643 830 2350 
4224 830 365 2350 
4225 306 514 2351 
4226 514 986 2351 
4227 986 306 2351 
4228 534 240 2352 
4229 240 736 2352 
4230 736 534 2352 
4231 410 608 2353 
4232 608 788 2353 
4233 788 410 2353 
4234 577 158 2354 
4235 158 782 2354 
4236 782 577 2354 
4237 608 179 2355 
4238 179 788 2355 
4239 788 608 2355 
4240 174 591 2356 
4241 591 667 2356 
4242 667 174 2356 
4243 274 513 2357 
4244 513 880 2357 
4245 880 274 2357 
4246 263 527 2358 
4247 527 908 2358 
4248 908 263 2358 
4249 568 45 2359 
4250 45 814 2359 
4251 814 568 2359 
4252 556 240 2360 
4253 240 728 2360 
4254 728 556 2360 
4255 515 360 2361 
4256 360 872 2361 
4257 872 515 2361 
4258 275 556 2362 
4259 556 728 2362 
4260 728 275 2362 
4261 514 306 2363 
4262 306 907 2363 
4263 907 514 2363 
4264 266 631 2364 
4265 631 649 2364 
4266 649 266 2364 
4267 515 157 2365 
4268 157 856 2365 
4269 856 515 2365 
4270 92 93 2366 
4271 93 752 2366 
4272 752 92 2366 
4273 250 580 2367 
4274 580 734 2367 
4275 734 250 2367 
4276 514 225 2368 
4277 225 986 2368 
4278 986 514 2368 
4279 468 586 2369 
4280 586 863 2369 
4281 863 468 2369 
4282 211 676 2370 
4283 676 846 2370 
4284 846 211 2370 
4285 615 388 2371 
4286 388 706 2371 
4287 706 615 2371 
4288 11 680 2372 
4289 680 705 2372 
4290 705 11 2372 
4291 80 81 2373 
4292 81 762 2373 
4293 762 80 2373 
4294 701 170 2374 
4295 170 915 2374 
4296 915 701 2374 
4297 345 598 2375 
4298 598 944 2375 
4299 944 345 2375 
4300 225 523 2376 
4301 523 986 2376 
4302 986 225 2376 
4303 167 531 2377 
4304 531 775 2377 
4305 775 167 2377 
4306 518 183 2378 
4307 183 911 2378 
4308 911 518 2378 
4309 139 600 2379 
4310 600 674 2379 
4311 674 139 2379 
4312 600 351 2380 
4313 351 674 2380 
4314 674 600 2380 
4315 285 645 2381 
4316 645 739 2381 
4317 739 285 2381 
4318 238 550 2382 
4319 550 724 2382 
4320 724 238 2382 
4321 598 182 2383 
4322 182 944 2383 
4323 944 598 2383 
4324 61 62 2384 
4325 62 780 2384 
4326 780 61 2384 
4327 703 278 2385 
4328 278 759 2385 
4329 759 703 2385 
4330 67 68 2386 
4331 68 783 2386 
4332 783 67 2386 
4333 377 703 2387 
4334 703 759 2387 
4335 759 377 2387 
4336 275 772 2388 
4337 772 889 2388 
4338 889 275 2388 
4339 582 312 2389 
4340 312 868 2389 
4341 868 582 2389 
4342 64 65 2390 
4343 65 805 2390 
4344 805 64 2390 
4345 528 151 2391 
4346 151 897 2391 
4347 897 528 2391 
4348 655 143 2392 
4349 143 852 2392 
4350 852 655 2392 
4351 625 263 2393 
4352 263 948 2393 
4353 948 625 2393 
4354 372 655 2394 
4355 655 852 2394 
4356 852 372 2394 
4357 715 176 2395 
4358 176 755 2395 
4359 755 715 2395 
4360 622 251 2396 
4361 251 782 2396 
4362 782 622 2396 
4363 528 274 2397 
4364 274 880 2397 
4365 880 528 2397 
4366 261 604 2398 
4367 604 826 2398 
4368 826 261 2398 
4369 403 603 2399 
4370 603 949 2399 
4371 949 403 2399 
4372 614 337 2400 
4373 337 701 2400 
4374 701 614 2400 
4375 286 677 2401 
4376 677 813 2401 
4377 813 286 2401 
4378 593 259 2402 
4379 259 856 2402 
4380 856 593 2402 
4381 587 155 2403 
4382 155 729 2403 
4383 729 587 2403 
4384 171 536 2404 
4385 536 847 2404 
4386 847 171 2404 
4387 119 120 2405 
4388 120 876 2405 
4389 876 119 2405 
4390 545 179 2406 
4391 179 774 2406 
4392 774 545 2406 
4393 34 35 2407 
4394 35 857 2407 
4395 857 34 2407 
4396 404 575 2408 
4397 575 827 2408 
4398 827 404 2408 
4399 269 547 2409 
4400 547 959 2409 
4401 959 269 2409 
4402 295 537 2410 
4403 537 938 2410 
4404 938 295 2410 
4405 476 671 2411 
4406 671 897 2411 
4407 897 476 2411 
4408 229 539 2412 
4409 539 825 2412 
4410 825 229 2412 
4411 261 596 2413 
4412 596 809 2413 
4413 809 261 2413 
4414 276 603 2414 
4415 603 725 2414 
4416 725 276 2414 
4417 532 115 2415 
4418 115 794 2415 
4419 794 532 2415 
4420 59 60 2416 
4421 60 866 2416 
4422 866 59 2416 
4423 516 314 2417 
4424 314 953 2417 
4425 953 516 2417 
4426 121 122 2418 
4427 122 882 2418 
4428 882 121 2418 
4429 125 126 2419 
4430 126 945 2419 
4431 945 125 2419 
4432 69 70 2420 
4433 70 875 2420 
4434 875 69 2420 
4435 102 103 2421 
4436 103 898 2421 
4437 898 102 2421 
4438 200 561 2422 
4439 561 803 2422 
4440 803 200 2422 
4441 382 747 2423 
4442 747 971 2423 
4443 971 382 2423 
4444 485 605 2424 
4445 605 858 2424 
4446 858 485 2424 
4447 639 339 2425 
4448 339 934 2425 
4449 934 639 2425 
4450 389 625 2426 
4451 625 948 2426 
4452 948 389 2426 
4453 554 88 2427 
4454 88 769 2427 
4455 769 554 2427 
4456 258 615 2428 
4457 615 706 2428 
4458 706 258 2428 
4459 573 117 2429 
4460 117 824 2429 
4461 824 573 2429 
4462 551 14 2430 
4463 14 881 2430 
4464 881 551 2430 
4465 523 306 2431 
4466 306 986 2431 
4467 986 523 2431 
4468 86 87 2432 
4469 87 955 2432 
4470 955 86 2432 
4471 715 288 2433 
4472 288 754 2433 
4473 754 715 2433 
4474 30 31 2434 
4475 31 963 2434 
4476 963 30 2434 
4477 379 619 2435 
4478 619 748 2435 
4479 748 379 2435 
4480 792 146 2436 
4481 146 829 2436 
4482 829 792 2436 
4483 563 202 2437 
4484 202 810 2437 
4485 810 563 2437 
4486 172 548 2438 
4487 548 884 2438 
4488 884 172 2438 
4489 603 418 2439 
4490 418 949 2439 
4491 949 603 2439 
4492 257 579 2440 
4493 579 756 2440 
4494 756 257 2440 
4495 578 143 2441 
4496 143 960 2441 
4497 960 578 2441 
4498 539 156 2442 
4499 156 855 2442 
4500 855 539 2442 
4501 320 651 2443 
4502 651 681 2443 
4503 681 320 2443 
4504 404 827 2444 
4505 827 932 2444 
4506 932 404 2444 
4507 550 282 2445 
4508 282 918 2445 
4509 918 550 2445 
4510 302 571 2446 
4511 571 917 2446 
4512 917 302 2446 
4513 160 549 2447 
4514 549 826 2447 
4515 826 160 2447 
4516 304 619 2448 
4517 619 937 2448 
4518 937 304 2448 
4519 619 209 2449 
4520 209 748 2449 
4521 748 619 2449 
4522 200 803 2450 
4523 803 923 2450 
4524 923 200 2450 
4525 379 748 2451 
4526 748 785 2451 
4527 785 379 2451 
4528 23 552 2452 
4529 552 839 2452 
4530 839 23 2452 
4531 354 715 2453 
4532 715 754 2453 
4533 754 354 2453 
4534 2 10 2454 
4535 10 832 2454 
4536 832 2 2454 
4537 289 557 2455 
4538 557 950 2455 
4539 950 289 2455 
4540 594 173 2456 
4541 173 984 2456 
4542 984 594 2456 
4543 339 594 2457 
4544 594 984 2457 
4545 984 339 2457 
4546 143 655 2458 
4547 655 912 2458 
4548 912 143 2458 
4549 273 614 2459 
4550 614 701 2459 
4551 701 273 2459 
4552 582 226 2460 
4553 226 899 2460 
4554 899 582 2460 
4555 176 570 2461 
4556 570 755 2461 
4557 755 176 2461 
4558 676 403 2462 
4559 403 846 2462 
4560 846 676 2462 
4561 588 269 2463 
4562 269 959 2463 
4563 959 588 2463 
4564 651 269 2464 
4565 269 681 2464 
4566 681 651 2464 
4567 326 587 2465 
4568 587 729 2465 
4569 729 326 2465 
4570 312 582 2466 
4571 582 899 2466 
4572 899 312 2466 
4573 581 162 2467 
4574 162 742 2467 
4575 742 581 2467 
4576 622 178 2468 
4577 178 740 2468 
4578 740 622 2468 
4579 354 627 2469 
4580 627 715 2469 
4581 715 354 2469 
4582 680 335 2470 
4583 335 705 2470 
4584 705 680 2470 
4585 461 887 2471 
4586 887 905 2471 
4587 905 461 2471 
4588 887 205 2472 
4589 205 905 2472 
4590 905 887 2472 
4591 810 202 2473 
4592 202 933 2473 
4593 933 810 2473 
4594 748 302 2474 
4595 302 785 2474 
4596 785 748 2474 
4597 359 612 2475 
4598 612 742 2475 
4599 742 359 2475 
4600 417 606 2476 
4601 606 892 2476 
4602 892 417 2476 
4603 605 185 2477 
4604 185 858 2477 
4605 858 605 2477 
4606 156 564 2478 
4607 564 855 2478 
4608 855 156 2478 
4609 672 310 2479 
4610 310 700 2479 
4611 700 672 2479 
4612 587 326 2480 
4613 326 965 2480 
4614 965 587 2480 
4615 391 833 2481 
4616 833 940 2481 
4617 940 391 2481 
4618 833 455 2482 
4619 455 940 2482 
4620 940 833 2482 
4621 175 672 2483 
4622 672 700 2483 
4623 700 175 2483 
4624 575 449 2484 
4625 449 799 2484 
4626 799 575 2484 
4627 633 293 2485 
4628 293 828 2485 
4629 828 633 2485 
4630 242 587 2486 
4631 587 965 2486 
4632 965 242 2486 
4633 521 692 2487 
4634 692 834 2487 
4635 834 521 2487 
4636 332 576 2488 
4637 576 859 2488 
4638 859 332 2488 
4639 896 191 2489 
4640 191 959 2489 
4641 959 896 2489 
4642 757 385 2490 
4643 385 778 2490 
4644 778 757 2490 
4645 556 275 2491 
4646 275 889 2491 
4647 889 556 2491 
4648 150 757 2492 
4649 757 778 2492 
4650 778 150 2492 
4651 803 419 2493 
4652 419 923 2493 
4653 923 803 2493 
4654 473 637 2494 
4655 637 894 2494 
4656 894 473 2494 
4657 689 318 2495 
4658 318 956 2495 
4659 956 689 2495 
4660 470 689 2496 
4661 689 956 2496 
4662 956 470 2496 
4663 549 160 2497 
4664 160 977 2497 
4665 977 549 2497 
4666 294 568 2498 
4667 568 814 2498 
4668 814 294 2498 
4669 614 141 2499 
4670 141 720 2499 
4671 720 614 2499 
4672 564 281 2500 
4673 281 855 2500 
4674 855 564 2500 
4675 296 573 2501 
4676 573 824 2501 
4677 824 296 2501 
4678 10 641 2502 
4679 641 832 2502 
4680 832 10 2502 
4681 627 176 2503 
4682 176 715 2503 
4683 715 627 2503 
4684 624 260 2504 
4685 260 690 2504 
4686 690 624 2504 
4687 585 252 2505 
4688 252 819 2505 
4689 819 585 2505 
4690 586 286 2506 
4691 286 863 2506 
4692 863 586 2506 
4693 661 355 2507 
4694 355 870 2507 
4695 870 661 2507 
4696 558 304 2508 
4697 304 954 2508 
4698 954 558 2508 
4699 193 661 2509 
4700 661 870 2509 
4701 870 193 2509 
4702 730 372 2510 
4703 372 919 2510 
4704 919 730 2510 
4705 763 190 2511 
4706 190 950 2511 
4707 950 763 2511 
4708 181 575 2512 
4709 575 799 2512 
4710 799 181 2512 
4711 278 585 2513 
4712 585 819 2513 
4713 819 278 2513 
4714 308 767 2514 
4715 767 800 2514 
4716 800 308 2514 
4717 421 810 2515 
4718 810 933 2515 
4719 933 421 2515 
4720 643 317 2516 
4721 317 722 2516 
4722 722 643 2516 
4723 285 739 2517 
4724 739 751 2517 
4725 751 285 2517 
4726 213 643 2518 
4727 643 722 2518 
4728 722 213 2518 
4729 739 345 2519 
4730 345 751 2519 
4731 751 739 2519 
4732 621 51 2520 
4733 51 710 2520 
4734 710 621 2520 
4735 707 404 2521 
4736 404 932 2521 
4737 932 707 2521 
4738 137 707 2522 
4739 707 932 2522 
4740 932 137 2522 
4741 781 321 2523 
4742 321 970 2523 
4743 970 781 2523 
4744 435 781 2524 
4745 781 970 2524 
4746 970 435 2524 
4747 357 807 2525 
4748 807 912 2525 
4749 912 357 2525 
4750 603 187 2526 
4751 187 725 2526 
4752 725 603 2526 
4753 698 308 2527 
4754 308 800 2527 
4755 800 698 2527 
4756 816 397 2528 
4757 397 901 2528 
4758 901 816 2528 
4759 201 869 2529 
4760 869 957 2529 
4761 957 201 2529 
4762 575 181 2530 
4763 181 827 2530 
4764 827 575 2530 
4765 649 314 2531 
4766 314 838 2531 
4767 838 649 2531 
4768 297 708 2532 
4769 708 895 2532 
4770 895 297 2532 
4771 705 335 2533 
4772 335 916 2533 
4773 916 705 2533 
4774 311 765 2534 
4775 765 861 2534 
4776 861 311 2534 
4777 284 657 2535 
4778 657 842 2535 
4779 842 284 2535 
4780 564 156 2536 
4781 156 934 2536 
4782 934 564 2536 
4783 616 481 2537 
4784 481 982 2537 
4785 982 616 2537 
4786 211 592 2538 
4787 592 877 2538 
4788 877 211 2538 
4789 361 792 2539 
4790 792 829 2539 
4791 829 361 2539 
4792 765 392 2540 
4793 392 861 2540 
4794 861 765 2540 
4795 885 346 2541 
4796 346 903 2541 
4797 903 885 2541 
4798 312 836 2542 
4799 836 967 2542 
4800 967 312 2542 
4801 168 620 2543 
4802 620 931 2543 
4803 931 168 2543 
4804 191 640 2544 
4805 640 878 2544 
4806 878 191 2544 
4807 280 636 2545 
4808 636 891 2545 
4809 891 280 2545 
4810 827 341 2546 
4811 341 932 2546 
4812 932 827 2546 
4813 646 265 2547 
4814 265 731 2547 
4815 731 646 2547 
4816 440 661 2548 
4817 661 913 2548 
4818 913 440 2548 
4819 661 193 2549 
4820 193 913 2549 
4821 913 661 2549 
4822 667 289 2550 
4823 289 773 2550 
4824 773 667 2550 
4825 628 397 2551 
4826 397 816 2551 
4827 816 628 2551 
4828 869 433 2552 
4829 433 957 2552 
4830 957 869 2552 
4831 693 327 2553 
4832 327 762 2553 
4833 762 693 2553 
4834 81 693 2554 
4835 693 762 2554 
4836 762 81 2554 
4837 270 704 2555 
4838 704 707 2555 
4839 707 270 2555 
4840 704 404 2556 
4841 404 707 2556 
4842 707 704 2556 
4843 182 598 2557 
4844 598 893 2557 
4845 893 182 2557 
4846 665 237 2558 
4847 237 970 2558 
4848 970 665 2558 
4849 195 649 2559 
4850 649 838 2559 
4851 838 195 2559 
4852 566 339 2560 
4853 339 984 2560 
4854 984 566 2560 
4855 140 714 2561 
4856 714 718 2561 
4857 718 140 2561 
4858 173 975 2562 
4859 975 984 2562 
4860 984 173 2562 
4861 711 276 2563 
4862 276 983 2563 
4863 983 711 2563 
4864 496 578 2564 
4865 578 960 2564 
4866 960 496 2564 
4867 146 662 2565 
4868 662 829 2565 
4869 829 146 2565 
4870 265 646 2566 
4871 646 930 2566 
4872 930 265 2566 
4873 714 441 2567 
4874 441 718 2567 
4875 718 714 2567 
4876 646 352 2568 
4877 352 930 2568 
4878 930 646 2568 
4879 604 261 2569 
4880 261 809 2569 
4881 809 604 2569 
4882 292 641 2570 
4883 641 840 2570 
4884 840 292 2570 
4885 570 176 2571 
4886 176 924 2571 
4887 924 570 2571 
4888 137 804 2572 
4889 804 936 2572 
4890 936 137 2572 
4891 276 720 2573 
4892 720 983 2573 
4893 983 276 2573 
4894 198 730 2574 
4895 730 919 2574 
4896 919 198 2574 
4897 137 638 2575 
4898 638 804 2575 
4899 804 137 2575 
4900 286 616 2576 
4901 616 863 2576 
4902 863 286 2576 
4903 638 137 2577 
4904 137 932 2577 
4905 932 638 2577 
4906 341 638 2578 
4907 638 932 2578 
4908 932 341 2578 
4909 293 818 2579 
4910 818 828 2579 
4911 828 293 2579 
4912 818 397 2580 
4913 397 828 2580 
4914 828 818 2580 
4915 186 743 2581 
4916 743 758 2581 
4917 758 186 2581 
4918 305 779 2582 
4919 779 865 2582 
4920 865 305 2582 
4921 753 181 2583 
4922 181 776 2583 
4923 776 753 2583 
4924 353 753 2584 
4925 753 776 2584 
4926 776 353 2584 
4927 329 816 2585 
4928 816 901 2585 
4929 901 329 2585 
4930 640 336 2586 
4931 336 878 2586 
4932 878 640 2586 
4933 849 405 2587 
4934 405 902 2587 
4935 902 849 2587 
4936 779 399 2588 
4937 399 865 2588 
4938 865 779 2588 
4939 325 790 2589 
4940 790 909 2589 
4941 909 325 2589 
4942 190 763 2590 
4943 763 835 2590 
4944 835 190 2590 
4945 763 385 2591 
4946 385 835 2591 
4947 835 763 2591 
4948 191 588 2592 
4949 588 959 2592 
4950 959 191 2592 
4951 789 307 2593 
4952 307 874 2593 
4953 874 789 2593 
4954 380 622 2594 
4955 622 782 2594 
4956 782 380 2594 
4957 303 860 2595 
4958 860 896 2595 
4959 896 303 2595 
4960 262 656 2596 
4961 656 981 2596 
4962 981 262 2596 
4963 402 789 2597 
4964 789 874 2597 
4965 874 402 2597 
4966 653 34 2598 
4967 34 857 2598 
4968 857 653 2598 
4969 656 369 2599 
4970 369 981 2599 
4971 981 656 2599 
4972 322 653 2600 
4973 653 857 2600 
4974 857 322 2600 
4975 346 743 2601 
4976 743 903 2601 
4977 903 346 2601 
4978 598 493 2602 
4979 493 893 2602 
4980 893 598 2602 
4981 771 298 2603 
4982 298 792 2603 
4983 792 771 2603 
4984 155 587 2604 
4985 587 941 2604 
4986 941 155 2604 
4987 361 771 2605 
4988 771 792 2605 
4989 792 361 2605 
4990 176 627 2606 
4991 627 861 2606 
4992 861 176 2606 
4993 310 941 2607 
4994 941 946 2607 
4995 946 310 2607 
4996 256 626 2608 
4997 626 840 2608 
4998 840 256 2608 
4999 611 458 2609 
5000 458 877 2609 
5001 877 611 2609 
5002 299 770 2610 
5003 770 776 2610 
5004 776 299 2610 
5005 617 289 2611 
5006 289 950 2611 
5007 950 617 2611 
5008 770 353 2612 
5009 353 776 2612 
5010 776 770 2612 
5011 743 346 2613 
5012 346 758 2613 
5013 758 743 2613 
5014 619 304 2614 
5015 304 886 2614 
5016 886 619 2614 
5017 401 647 2615 
5018 647 977 2615 
5019 977 401 2615 
5020 209 619 2616 
5021 619 886 2616 
5022 886 209 2616 
5023 860 416 2617 
5024 416 896 2617 
5025 896 860 2617 
5026 180 628 2618 
5027 628 816 2618 
5028 816 180 2618 
5029 334 849 2619 
5030 849 902 2619 
5031 902 334 2619 
5032 601 302 2620 
5033 302 917 2620 
5034 917 601 2620 
5035 313 722 2621 
5036 722 745 2621 
5037 745 313 2621 
5038 267 668 2622 
5039 668 744 2622 
5040 744 267 2622 
5041 722 317 2623 
5042 317 745 2623 
5043 745 722 2623 
5044 300 696 2624 
5045 696 835 2624 
5046 835 300 2624 
5047 671 274 2625 
5048 274 897 2625 
5049 897 671 2625 
5050 259 593 2626 
5051 593 980 2626 
5052 980 259 2626 
5053 804 400 2627 
5054 400 936 2627 
5055 936 804 2627 
5056 275 655 2628 
5057 655 772 2628 
5058 772 275 2628 
5059 182 597 2629 
5060 597 944 2629 
5061 944 182 2629 
5062 767 308 2630 
5063 308 807 2630 
5064 807 767 2630 
5065 357 767 2631 
5066 767 807 2631 
5067 807 357 2631 
5068 606 184 2632 
5069 184 892 2632 
5070 892 606 2632 
5071 627 311 2633 
5072 311 861 2633 
5073 861 627 2633 
5074 461 663 2634 
5075 663 887 2634 
5076 887 461 2634 
5077 663 324 2635 
5078 324 887 2635 
5079 887 663 2635 
5080 638 287 2636 
5081 287 804 2636 
5082 804 638 2636 
5083 657 333 2637 
5084 333 945 2637 
5085 945 657 2637 
5086 796 331 2638 
5087 331 966 2638 
5088 966 796 2638 
5089 616 216 2639 
5090 216 863 2639 
5091 863 616 2639 
5092 331 900 2640 
5093 900 966 2640 
5094 966 331 2640 
5095 143 807 2641 
5096 807 960 2641 
5097 960 143 2641 
5098 670 413 2642 
5099 413 851 2642 
5100 851 670 2642 
5101 328 632 2643 
5102 632 951 2643 
5103 951 328 2643 
5104 632 174 2644 
5105 174 951 2644 
5106 951 632 2644 
5107 174 667 2645 
5108 667 773 2645 
5109 773 174 2645 
5110 662 282 2646 
5111 282 829 2646 
5112 829 662 2646 
5113 838 346 2647 
5114 346 864 2647 
5115 864 838 2647 
5116 735 451 2648 
5117 451 819 2648 
5118 819 735 2648 
5119 166 631 2649 
5120 631 871 2649 
5121 871 166 2649 
5122 207 952 2650 
5123 952 971 2650 
5124 971 207 2650 
5125 757 300 2651 
5126 300 835 2651 
5127 835 757 2651 
5128 613 454 2652 
5129 454 915 2652 
5130 915 613 2652 
5131 126 657 2653 
5132 657 945 2653 
5133 945 126 2653 
5134 660 329 2654 
5135 329 913 2654 
5136 913 660 2654 
5137 193 660 2655 
5138 660 913 2655 
5139 913 193 2655 
5140 669 405 2656 
5141 405 849 2656 
5142 849 669 2656 
5143 181 753 2657 
5144 753 827 2657 
5145 827 181 2657 
5146 753 341 2658 
5147 341 827 2658 
5148 827 753 2658 
5149 287 638 2659 
5150 638 853 2659 
5151 853 287 2659 
5152 205 682 2660 
5153 682 848 2660 
5154 848 205 2660 
5155 682 390 2661 
5156 390 848 2661 
5157 848 682 2661 
5158 611 256 2662 
5159 256 840 2662 
5160 840 611 2662 
5161 353 791 2663 
5162 791 920 2663 
5163 920 353 2663 
5164 644 183 2664 
5165 183 859 2664 
5166 859 644 2664 
5167 637 311 2665 
5168 311 894 2665 
5169 894 637 2665 
5170 664 330 2666 
5171 330 922 2666 
5172 922 664 2666 
5173 320 681 2667 
5174 681 903 2667 
5175 903 320 2667 
5176 192 664 2668 
5177 664 922 2668 
5178 922 192 2668 
5179 353 770 2669 
5180 770 791 2669 
5181 791 353 2669 
5182 733 203 2670 
5183 203 831 2670 
5184 831 733 2670 
5185 770 147 2671 
5186 147 791 2671 
5187 791 770 2671 
5188 332 733 2672 
5189 733 831 2672 
5190 831 332 2672 
5191 329 660 2673 
5192 660 935 2673 
5193 935 329 2673 
5194 460 616 2674 
5195 616 982 2674 
5196 982 460 2674 
5197 620 284 2675 
5198 284 931 2675 
5199 931 620 2675 
5200 767 182 2676 
5201 182 800 2676 
5202 800 767 2676 
5203 758 346 2677 
5204 346 838 2677 
5205 838 758 2677 
5206 636 32 2678 
5207 32 891 2678 
5208 891 636 2678 
5209 190 617 2679 
5210 617 950 2679 
5211 950 190 2679 
5212 252 735 2680 
5213 735 819 2680 
5214 819 252 2680 
5215 626 292 2681 
5216 292 840 2681 
5217 840 626 2681 
5218 330 664 2682 
5219 664 927 2682 
5220 927 330 2682 
5221 316 698 2683 
5222 698 800 2683 
5223 800 316 2683 
5224 282 721 2684 
5225 721 829 2684 
5226 829 282 2684 
5227 713 409 2685 
5228 409 808 2685 
5229 808 713 2685 
5230 439 686 2686 
5231 686 930 2686 
5232 930 439 2686 
5233 631 166 2687 
5234 166 953 2687 
5235 953 631 2687 
5236 165 630 2688 
5237 630 958 2688 
5238 958 165 2688 
5239 692 166 2689 
5240 166 834 2689 
5241 834 692 2689 
5242 820 370 2690 
5243 370 876 2690 
5244 876 820 2690 
5245 219 669 2691 
5246 669 849 2691 
5247 849 219 2691 
5248 324 670 2692 
5249 670 851 2692 
5250 851 324 2692 
5251 321 665 2693 
5252 665 970 2693 
5253 970 321 2693 
5254 764 323 2694 
5255 323 978 2694 
5256 978 764 2694 
5257 676 211 2695 
5258 211 916 2695 
5259 916 676 2695 
5260 314 631 2696 
5261 631 953 2696 
5262 953 314 2696 
5263 367 841 2697 
5264 841 976 2697 
5265 976 367 2697 
5266 841 414 2698 
5267 414 976 2698 
5268 976 841 2698 
5269 818 145 2699 
5270 145 901 2699 
5271 901 818 2699 
5272 397 818 2700 
5273 818 901 2700 
5274 901 397 2700 
5275 630 315 2701 
5276 315 958 2701 
5277 958 630 2701 
5278 327 693 2702 
5279 693 904 2702 
5280 904 327 2702 
5281 693 469 2703 
5282 469 904 2703 
5283 904 693 2703 
5284 324 682 2704 
5285 682 887 2704 
5286 887 324 2704 
5287 682 205 2705 
5288 205 887 2705 
5289 887 682 2705 
5290 681 148 2706 
5291 148 903 2706 
5292 903 681 2706 
5293 696 190 2707 
5294 190 835 2707 
5295 835 696 2707 
5296 655 275 2708 
5297 275 912 2708 
5298 912 655 2708 
5299 343 795 2709 
5300 795 831 2709 
5301 831 343 2709 
5302 795 332 2710 
5303 332 831 2710 
5304 831 795 2710 
5305 845 374 2711 
5306 374 854 2711 
5307 854 845 2711 
5308 721 361 2712 
5309 361 829 2712 
5310 829 721 2712 
5311 728 357 2713 
5312 357 912 2713 
5313 912 728 2713 
5314 120 820 2714 
5315 820 876 2714 
5316 876 120 2714 
5317 275 728 2715 
5318 728 912 2715 
5319 912 275 2715 
5320 195 838 2716 
5321 838 864 2716 
5322 864 195 2716 
5323 335 676 2717 
5324 676 916 2717 
5325 916 335 2717 
5326 148 885 2718 
5327 885 903 2718 
5328 903 148 2718 
5329 747 382 2719 
5330 382 966 2719 
5331 966 747 2719 
5332 201 747 2720 
5333 747 966 2720 
5334 966 201 2720 
5335 698 316 2721 
5336 316 858 2721 
5337 858 698 2721 
5338 323 845 2722 
5339 845 854 2722 
5340 854 323 2722 
5341 138 697 2723 
5342 697 968 2723 
5343 968 138 2723 
5344 185 698 2724 
5345 698 858 2724 
5346 858 185 2724 
5347 365 830 2725 
5348 830 939 2725 
5349 939 365 2725 
5350 830 396 2726 
5351 396 939 2726 
5352 939 830 2726 
5353 776 181 2727 
5354 181 927 2727 
5355 927 776 2727 
5356 771 180 2728 
5357 180 935 2728 
5358 935 771 2728 
5359 820 121 2729 
5360 121 882 2729 
5361 882 820 2729 
5362 385 757 2730 
5363 757 835 2730 
5364 835 385 2730 
5365 314 758 2731 
5366 758 838 2731 
5367 838 314 2731 
5368 890 405 2732 
5369 405 922 2732 
5370 922 890 2732 
5371 330 890 2733 
5372 890 922 2733 
5373 922 330 2733 
5374 370 820 2734 
5375 820 882 2734 
5376 882 370 2734 
5377 170 713 2735 
5378 713 808 2735 
5379 808 170 2735 
5380 662 382 2736 
5381 382 952 2736 
5382 952 662 2736 
5383 282 793 2737 
5384 793 918 2737 
5385 918 282 2737 
5386 800 182 2738 
5387 182 893 2738 
5388 893 800 2738 
5389 802 59 2739 
5390 59 866 2739 
5391 866 802 2739 
5392 70 812 2740 
5393 812 875 2740 
5394 875 70 2740 
5395 785 195 2741 
5396 195 864 2741 
5397 864 785 2741 
5398 862 407 2742 
5399 407 973 2742 
5400 973 862 2742 
5401 358 802 2743 
5402 802 866 2743 
5403 866 358 2743 
5404 379 785 2744 
5405 785 864 2744 
5406 864 379 2744 
5407 371 862 2745 
5408 862 973 2745 
5409 973 371 2745 
5410 316 800 2746 
5411 800 893 2746 
5412 893 316 2746 
5413 812 362 2747 
5414 362 875 2747 
5415 875 812 2747 
5416 497 868 2748 
5417 868 967 2748 
5418 967 497 2748 
5419 816 329 2749 
5420 329 935 2749 
5421 935 816 2749 
5422 870 355 2750 
5423 355 936 2750 
5424 936 870 2750 
5425 686 265 2751 
5426 265 930 2751 
5427 930 686 2751 
5428 400 870 2752 
5429 870 936 2752 
5430 936 400 2752 
5431 551 881 2753 
5432 881 947 2753 
5433 947 551 2753 
5434 372 852 2754 
5435 852 919 2754 
5436 919 372 2754 
5437 283 551 2755 
5438 551 947 2755 
5439 947 283 2755 
5440 420 929 2756 
5441 929 975 2756 
5442 975 420 2756 
5443 929 338 2757 
5444 338 975 2757 
5445 975 929 2757 
5446 326 962 2758 
5447 962 965 2758 
5448 965 326 2758 
5449 176 861 2759 
5450 861 924 2759 
5451 924 176 2759 
5452 962 425 2760 
5453 425 965 2760 
5454 965 962 2760 
5455 273 701 2761 
5456 701 915 2761 
5457 915 273 2761 
5458 799 330 2762 
5459 330 927 2762 
5460 927 799 2762 
5461 747 201 2763 
5462 201 957 2763 
5463 957 747 2763 
5464 743 320 2764 
5465 320 903 2764 
5466 903 743 2764 
5467 720 141 2765 
5468 141 983 2765 
5469 983 720 2765 
5470 716 147 2766 
5471 147 985 2766 
5472 985 716 2766 
5473 347 716 2767 
5474 716 985 2767 
5475 985 347 2767 
5476 766 206 2768 
5477 206 920 2768 
5478 920 766 2768 
5479 348 766 2769 
5480 766 920 2769 
5481 920 348 2769 
5482 463 958 2770 
5483 958 972 2770 
5484 972 463 2770 
5485 958 315 2771 
5486 315 972 2771 
5487 972 958 2771 
5488 199 854 2772 
5489 854 928 2772 
5490 928 199 2772 
5491 790 325 2773 
5492 325 957 2773 
5493 957 790 2773 
5494 864 346 2774 
5495 346 885 2774 
5496 885 864 2774 
5497 433 790 2775 
5498 790 957 2775 
5499 957 433 2775 
5500 825 539 2776 
5501 539 855 2776 
5502 855 825 2776 
5503 144 760 2777 
5504 760 902 2777 
5505 902 144 2777 
5506 760 334 2778 
5507 334 902 2778 
5508 902 760 2778 
5509 697 313 2779 
5510 313 968 2779 
5511 968 697 2779 
5512 281 825 2780 
5513 825 855 2780 
5514 855 281 2780 
5515 798 450 2781 
5516 450 931 2781 
5517 931 798 2781 
5518 861 392 2782 
5519 392 924 2782 
5520 924 861 2782 
5521 854 374 2783 
5522 374 928 2783 
5523 928 854 2783 
5524 205 848 2784 
5525 848 873 2784 
5526 873 205 2784 
5527 787 151 2785 
5528 151 964 2785 
5529 964 787 2785 
5530 811 358 2786 
5531 358 923 2786 
5532 923 811 2786 
5533 379 864 2787 
5534 864 885 2787 
5535 885 379 2787 
5536 848 349 2788 
5537 349 873 2788 
5538 873 848 2788 
5539 356 815 2789 
5540 815 919 2789 
5541 919 356 2789 
5542 419 811 2790 
5543 811 923 2790 
5544 923 419 2790 
5545 362 822 2791 
5546 822 933 2791 
5547 933 362 2791 
5548 815 198 2792 
5549 198 919 2792 
5550 919 815 2792 
5551 420 879 2793 
5552 879 929 2793 
5553 929 420 2793 
5554 806 199 2794 
5555 199 928 2794 
5556 928 806 2794 
5557 879 245 2795 
5558 245 929 2795 
5559 929 879 2795 
5560 793 464 2796 
5561 464 918 2796 
5562 918 793 2796 
5563 791 348 2797 
5564 348 920 2797 
5565 920 791 2797 
5566 325 747 2798 
5567 747 957 2798 
5568 957 325 2798 
5569 374 787 2799 
5570 787 964 2799 
5571 964 374 2799 
5572 910 138 2800 
5573 138 968 2800 
5574 968 910 2800 
5575 822 421 2801 
5576 421 933 2801 
5577 933 822 2801 
5578 426 711 2802 
5579 711 983 2802 
5580 983 426 2802 
5581 142 883 2803 
5582 883 979 2803 
5583 979 142 2803 
5584 284 798 2804 
5585 798 931 2804 
5586 931 284 2804 
5587 928 374 2805 
5588 374 964 2805 
5589 964 928 2805 
5590 848 390 2806 
5591 390 979 2806 
5592 979 848 2806 
5593 349 848 2807 
5594 848 979 2807 
5595 979 349 2807 
5596 747 325 2808 
5597 325 971 2808 
5598 971 747 2808 
5599 181 799 2809 
5600 799 927 2809 
5601 927 181 2809 
5602 749 283 2810 
5603 283 947 2810 
5604 947 749 2810 
5605 408 806 2811 
5606 806 928 2811 
5607 928 408 2811 
5608 408 928 2812 
5609 928 964 2812 
5610 964 408 2812 
5611 207 793 2813 
5612 793 952 2813 
5613 952 207 2813 
5614 890 144 2814 
5615 144 902 2814 
5616 902 890 2814 
5617 405 890 2815 
5618 890 902 2815 
5619 902 405 2815 
5620 180 816 2816 
5621 816 935 2816 
5622 935 180 2816 
5623 852 356 2817 
5624 356 919 2817 
5625 919 852 2817 
5626 382 796 2818 
5627 796 966 2818 
5628 966 382 2818 
5629 807 308 2819 
5630 308 960 2819 
5631 960 807 2819 
5632 900 201 2820 
5633 201 966 2820 
5634 966 900 2820 
5635 868 312 2821 
5636 312 967 2821 
5637 967 868 2821 
5638 447 910 2822 
5639 910 968 2822 
5640 968 447 2822 
5641 883 349 2823 
5642 349 979 2823 
5643 979 883 2823 
5644 881 16 2824 
5645 16 947 2824 
5646 947 881 2824 
$EndElements
