$MeshFormat
4.1 0 8
$EndMeshFormat
$PhysicalNames
5
1 1 "Left"
1 2 "Right"
1 3 "Bottom"
1 4 "Top"
2 5 "Fluid"
$EndPhysicalNames
$Entities
0 4 1 0
1 0 0 0 40 0 0 1 3 0 
2 40 0 0 40 10 0 1 2 0 
3 0 10 0 40 10 0 1 4 0 
4 0 0 0 0 10 0 1 1 0 
1 0 0 0 40 10 0 1 5 0 
$EndEntities
$Nodes
5 3563 1 3563
1 1 0 21
1
2
3
4
5
6
7
8
9
10
11
12
13
14
15
16
17
18
19
20
21
0 0 0
40 0 0
1.999999999998205 0 0
3.999999999996757 0 0
5.999999999993141 0 0
7.999999999987307 0 0
9.999999999981473 0 0
11.99999999997564 0 0
13.9999999999698 0 0
15.99999999996411 0 0
17.9999999999666 0 0
19.99999999996964 0 0
21.99999999997269 0 0
23.99999999997573 0 0
25.99999999997878 0 0
27.99999999998182 0 0
29.99999999998487 0 0
31.99999999998791 0 0
33.99999999999093 0 0
35.99999999999396 0 0
37.99999999999698 0 0
1 2 0 5
22
23
24
25
26
40 10 0
40 1.999999999996827 0
40 3.999999999991027 0
40 5.999999999993932 0
40 7.999999999996978 0
1 3 0 20
27
28
29
30
31
32
33
34
35
36
37
38
39
40
41
42
43
44
45
46
0 10 0
37.99999999999999 10 0
35.99999999999999 10 0
33.99999999999999 10 0
31.99999999999998 10 0
29.99999999999998 10 0
27.99999999999998 10 0
25.99999999999997 10 0
23.99999999999996 10 0
21.99999999999996 10 0
19.99999999999996 10 0
17.99999999999995 10 0
15.99999999999995 10 0
13.99999999999995 10 0
11.99999999999994 10 0
9.999999999999936 10 0
7.999999999999929 10 0
5.99999999999995 10 0
3.999999999999964 10 0
1.999999999999986 10 0
1 4 0 4
47
48
49
50
0 7.999999999999996 0
0 5.999999999999991 0
0 3.999999999999988 0
0 1.999999999999982 0
2 1 0 3513
51
52
53
54
55
56
57
58
59
60
61
62
63
64
65
66
67
68
69
70
71
72
73
74
75
76
77
78
79
80
81
82
83
84
85
86
87
88
89
90
91
92
93
94
95
96
97
98
99
100
101
102
103
104
105
106
107
108
109
110
111
112
113
114
115
116
117
118
119
120
121
122
123
124
125
126
127
128
129
130
131
132
133
134
135
136
137
138
139
140
141
142
143
144
145
146
147
148
149
150
151
152
153
154
155
156
157
158
159
160
161
162
163
164
165
166
167
168
169
170
171
172
173
174
175
176
177
178
179
180
181
182
183
184
185
186
187
188
189
190
191
192
193
194
195
196
197
198
199
200
201
202
203
204
205
206
207
208
209
210
211
212
213
214
215
216
217
218
219
220
221
222
223
224
225
226
227
228
229
230
231
232
233
234
235
236
237
238
239
240
241
242
243
244
245
246
247
248
249
250
251
252
253
254
255
256
257
258
259
260
261
262
263
264
265
266
267
268
269
270
271
272
273
274
275
276
277
278
279
280
281
282
283
284
285
286
287
288
289
290
291
292
293
294
295
296
297
298
299
300
301
302
303
304
305
306
307
308
309
310
311
312
313
314
315
316
317
318
319
320
321
322
323
324
325
326
327
328
329
330
331
332
333
334
335
336
337
338
339
340
341
342
343
344
345
346
347
348
349
350
351
352
353
354
355
356
357
358
359
360
361
362
363
364
365
366
367
368
369
370
371
372
373
374
375
376
377
378
379
380
381
382
383
384
385
386
387
388
389
390
391
392
393
394
395
396
397
398
399
400
401
402
403
404
405
406
407
408
409
410
411
412
413
414
415
416
417
418
419
420
421
422
423
424
425
426
427
428
429
430
431
432
433
434
435
436
437
438
439
440
441
442
443
444
445
446
447
448
449
450
451
452
453
454
455
456
457
458
459
460
461
462
463
464
465
466
467
468
469
470
471
472
473
474
475
476
477
478
479
480
481
482
483
484
485
486
487
488
489
490
491
492
493
494
495
496
497
498
499
500
501
502
503
504
505
506
507
508
509
510
511
512
513
514
515
516
517
518
519
520
521
522
523
524
525
526
527
528
529
530
531
532
533
534
535
536
537
538
539
540
541
542
543
544
545
546
547
548
549
550
551
552
553
554
555
556
557
558
559
560
561
562
563
564
565
566
567
568
569
570
571
572
573
574
575
576
577
578
579
580
581
582
583
584
585
586
587
588
589
590
591
592
593
594
595
596
597
598
599
600
601
602
603
604
605
606
607
608
609
610
611
612
613
614
615
616
617
618
619
620
621
622
623
624
625
626
627
628
629
630
631
632
633
634
635
636
637
638
639
640
641
642
643
644
645
646
647
648
649
650
651
652
653
654
655
656
657
658
659
660
661
662
663
664
665
666
667
668
669
670
671
672
673
674
675
676
677
678
679
680
681
682
683
684
685
686
687
688
689
690
691
692
693
694
695
696
697
698
699
700
701
702
703
704
705
706
707
708
709
710
711
712
713
714
715
716
717
718
719
720
721
722
723
724
725
726
727
728
729
730
731
732
733
734
735
736
737
738
739
740
741
742
743
744
745
746
747
748
749
750
751
752
753
754
755
756
757
758
759
760
761
762
763
764
765
766
767
768
769
770
771
772
773
774
775
776
777
778
779
780
781
782
783
784
785
786
787
788
789
790
791
792
793
794
795
796
797
798
799
800
801
802
803
804
805
806
807
808
809
810
811
812
813
814
815
816
817
818
819
820
821
822
823
824
825
826
827
828
829
830
831
832
833
834
835
836
837
838
839
840
841
842
843
844
845
846
847
848
849
850
851
852
853
854
855
856
857
858
859
860
861
862
863
864
865
866
867
868
869
870
871
872
873
874
875
876
877
878
879
880
881
882
883
884
885
886
887
888
889
890
891
892
893
894
895
896
897
898
899
900
901
902
903
904
905
906
907
908
909
910
911
912
913
914
915
916
917
918
919
920
921
922
923
924
925
926
927
928
929
930
931
932
933
934
935
936
937
938
939
940
941
942
943
944
945
946
947
948
949
950
951
952
953
954
955
956
957
958
959
960
961
962
963
964
965
966
967
968
969
970
971
972
973
974
975
976
977
978
979
980
981
982
983
984
985
986
987
988
989
990
991
992
993
994
995
996
997
998
999
1000
1001
1002
1003
1004
1005
1006
1007
1008
1009
1010
1011
1012
1013
1014
1015
1016
1017
1018
1019
1020
1021
1022
1023
1024
1025
1026
1027
1028
1029
1030
1031
1032
1033
1034
1035
1036
1037
1038
1039
1040
1041
1042
1043
1044
1045
1046
1047
1048
1049
1050
1051
1052
1053
1054
1055
1056
1057
1058
1059
1060
1061
1062
1063
1064
1065
1066
1067
1068
1069
1070
1071
1072
1073
1074
1075
1076
1077
1078
1079
1080
1081
1082
1083
1084
1085
1086
1087
1088
1089
1090
1091
1092
1093
1094
1095
1096
1097
1098
1099
1100
1101
1102
1103
1104
1105
1106
1107
1108
1109
1110
1111
1112
1113
1114
1115
1116
1117
1118
1119
1120
1121
1122
1123
1124
1125
1126
1127
1128
1129
1130
1131
1132
1133
1134
1135
1136
1137
1138
1139
1140
1141
1142
1143
1144
1145
1146
1147
1148
1149
1150
1151
1152
1153
1154
1155
1156
1157
1158
1159
1160
1161
1162
1163
1164
1165
1166
1167
1168
1169
1170
1171
1172
1173
1174
1175
1176
1177
1178
1179
1180
1181
1182
1183
1184
1185
1186
1187
1188
1189
1190
1191
1192
1193
1194
1195
1196
1197
1198
1199
1200
1201
1202
1203
1204
1205
1206
1207
1208
1209
1210
1211
1212
1213
1214
1215
1216
1217
1218
1219
1220
1221
1222
1223
1224
1225
1226
1227
1228
1229
1230
1231
1232
1233
1234
1235
1236
1237
1238
1239
1240
1241
1242
1243
1244
1245
1246
1247
1248
1249
1250
1251
1252
1253
1254
1255
1256
1257
1258
1259
1260
1261
1262
1263
1264
1265
1266
1267
1268
1269
1270
1271
1272
1273
1274
1275
1276
1277
1278
1279
1280
1281
1282
1283
1284
1285
1286
1287
1288
1289
1290
1291
1292
1293
1294
1295
1296
1297
1298
1299
1300
1301
1302
1303
1304
1305
1306
1307
1308
1309
1310
1311
1312
1313
1314
1315
1316
1317
1318
1319
1320
1321
1322
1323
1324
1325
1326
1327
1328
1329
1330
1331
1332
1333
1334
1335
1336
1337
1338
1339
1340
1341
1342
1343
1344
1345
1346
1347
1348
1349
1350
1351
1352
1353
1354
1355
1356
1357
1358
1359
1360
1361
1362
1363
1364
1365
1366
1367
1368
1369
1370
1371
1372
1373
1374
1375
1376
1377
1378
1379
1380
1381
1382
1383
1384
1385
1386
1387
1388
1389
1390
1391
1392
1393
1394
1395
1396
1397
1398
1399
1400
1401
1402
1403
1404
1405
1406
1407
1408
1409
1410
1411
1412
1413
1414
1415
1416
1417
1418
1419
1420
1421
1422
1423
1424
1425
1426
1427
1428
1429
1430
1431
1432
1433
1434
1435
1436
1437
1438
1439
1440
1441
1442
1443
1444
1445
1446
1447
1448
1449
1450
1451
1452
1453
1454
1455
1456
1457
1458
1459
1460
1461
1462
1463
1464
1465
1466
1467
1468
1469
1470
1471
1472
1473
1474
1475
1476
1477
1478
1479
1480
1481
1482
1483
1484
1485
1486
1487
1488
1489
1490
1491
1492
1493
1494
1495
1496
1497
1498
1499
1500
1501
1502
1503
1504
1505
1506
1507
1508
1509
1510
1511
1512
1513
1514
1515
1516
1517
1518
1519
1520
1521
1522
1523
1524
1525
1526
1527
1528
1529
1530
1531
1532
1533
1534
1535
1536
1537
1538
1539
1540
1541
1542
1543
1544
1545
1546
1547
1548
1549
1550
1551
1552
1553
1554
1555
1556
1557
1558
1559
1560
1561
1562
1563
1564
1565
1566
1567
1568
1569
1570
1571
1572
1573
1574
1575
1576
1577
1578
1579
1580
1581
1582
1583
1584
1585
1586
1587
1588
1589
1590
1591
1592
1593
1594
1595
1596
1597
1598
1599
1600
1601
1602
1603
1604
1605
1606
1607
1608
1609
1610
1611
1612
1613
1614
1615
1616
1617
1618
1619
1620
1621
1622
1623
1624
1625
1626
1627
1628
1629
1630
1631
1632
1633
1634
1635
1636
1637
1638
1639
1640
1641
1642
1643
1644
1645
1646
1647
1648
1649
1650
1651
1652
1653
1654
1655
1656
1657
1658
1659
1660
1661
1662
1663
1664
1665
1666
1667
1668
1669
1670
1671
1672
1673
1674
1675
1676
1677
1678
1679
1680
1681
1682
1683
1684
1685
1686
1687
1688
1689
1690
1691
1692
1693
1694
1695
1696
1697
1698
1699
1700
1701
1702
1703
1704
1705
1706
1707
1708
1709
1710
1711
1712
1713
1714
1715
1716
1717
1718
1719
1720
1721
1722
1723
1724
1725
1726
1727
1728
1729
1730
1731
1732
1733
1734
1735
1736
1737
1738
1739
1740
1741
1742
1743
1744
1745
1746
1747
1748
1749
1750
1751
1752
1753
1754
1755
1756
1757
1758
1759
1760
1761
1762
1763
1764
1765
1766
1767
1768
1769
1770
1771
1772
1773
1774
1775
1776
1777
1778
1779
1780
1781
1782
1783
1784
1785
1786
1787
1788
1789
1790
1791
1792
1793
1794
1795
1796
1797
1798
1799
1800
1801
1802
1803
1804
1805
1806
1807
1808
1809
1810
1811
1812
1813
1814
1815
1816
1817
1818
1819
1820
1821
1822
1823
1824
1825
1826
1827
1828
1829
1830
1831
1832
1833
1834
1835
1836
1837
1838
1839
1840
1841
1842
1843
1844
1845
1846
1847
1848
1849
1850
1851
1852
1853
1854
1855
1856
1857
1858
1859
1860
1861
1862
1863
1864
1865
1866
1867
1868
1869
1870
1871
1872
1873
1874
1875
1876
1877
1878
1879
1880
1881
1882
1883
1884
1885
1886
1887
1888
1889
1890
1891
1892
1893
1894
1895
1896
1897
1898
1899
1900
1901
1902
1903
1904
1905
1906
1907
1908
1909
1910
1911
1912
1913
1914
1915
1916
1917
1918
1919
1920
1921
1922
1923
1924
1925
1926
1927
1928
1929
1930
1931
1932
1933
1934
1935
1936
1937
1938
1939
1940
1941
1942
1943
1944
1945
1946
1947
1948
1949
1950
1951
1952
1953
1954
1955
1956
1957
1958
1959
1960
1961
1962
1963
1964
1965
1966
1967
1968
1969
1970
1971
1972
1973
1974
1975
1976
1977
1978
1979
1980
1981
1982
1983
1984
1985
1986
1987
1988
1989
1990
1991
1992
1993
1994
1995
1996
1997
1998
1999
2000
2001
2002
2003
2004
2005
2006
2007
2008
2009
2010
2011
2012
2013
2014
2015
2016
2017
2018
2019
2020
2021
2022
2023
2024
2025
2026
2027
2028
2029
2030
2031
2032
2033
2034
2035
2036
2037
2038
2039
2040
2041
2042
2043
2044
2045
2046
2047
2048
2049
2050
2051
2052
2053
2054
2055
2056
2057
2058
2059
2060
2061
2062
2063
2064
2065
2066
2067
2068
2069
2070
2071
2072
2073
2074
2075
2076
2077
2078
2079
2080
2081
2082
2083
2084
2085
2086
2087
2088
2089
2090
2091
2092
2093
2094
2095
2096
2097
2098
2099
2100
2101
2102
2103
2104
2105
2106
2107
2108
2109
2110
2111
2112
2113
2114
2115
2116
2117
2118
2119
2120
2121
2122
2123
2124
2125
2126
2127
2128
2129
2130
2131
2132
2133
2134
2135
2136
2137
2138
2139
2140
2141
2142
2143
2144
2145
2146
2147
2148
2149
2150
2151
2152
2153
2154
2155
2156
2157
2158
2159
2160
2161
2162
2163
2164
2165
2166
2167
2168
2169
2170
2171
2172
2173
2174
2175
2176
2177
2178
2179
2180
2181
2182
2183
2184
2185
2186
2187
2188
2189
2190
2191
2192
2193
2194
2195
2196
2197
2198
2199
2200
2201
2202
2203
2204
2205
2206
2207
2208
2209
2210
2211
2212
2213
2214
2215
2216
2217
2218
2219
2220
2221
2222
2223
2224
2225
2226
2227
2228
2229
2230
2231
2232
2233
2234
2235
2236
2237
2238
2239
2240
2241
2242
2243
2244
2245
2246
2247
2248
2249
2250
2251
2252
2253
2254
2255
2256
2257
2258
2259
2260
2261
2262
2263
2264
2265
2266
2267
2268
2269
2270
2271
2272
2273
2274
2275
2276
2277
2278
2279
2280
2281
2282
2283
2284
2285
2286
2287
2288
2289
2290
2291
2292
2293
2294
2295
2296
2297
2298
2299
2300
2301
2302
2303
2304
2305
2306
2307
2308
2309
2310
2311
2312
2313
2314
2315
2316
2317
2318
2319
2320
2321
2322
2323
2324
2325
2326
2327
2328
2329
2330
2331
2332
2333
2334
2335
2336
2337
2338
2339
2340
2341
2342
2343
2344
2345
2346
2347
2348
2349
2350
2351
2352
2353
2354
2355
2356
2357
2358
2359
2360
2361
2362
2363
2364
2365
2366
2367
2368
2369
2370
2371
2372
2373
2374
2375
2376
2377
2378
2379
2380
2381
2382
2383
2384
2385
2386
2387
2388
2389
2390
2391
2392
2393
2394
2395
2396
2397
2398
2399
2400
2401
2402
2403
2404
2405
2406
2407
2408
2409
2410
2411
2412
2413
2414
2415
2416
2417
2418
2419
2420
2421
2422
2423
2424
2425
2426
2427
2428
2429
2430
2431
2432
2433
2434
2435
2436
2437
2438
2439
2440
2441
2442
2443
2444
2445
2446
2447
2448
2449
2450
2451
2452
2453
2454
2455
2456
2457
2458
2459
2460
2461
2462
2463
2464
2465
2466
2467
2468
2469
2470
2471
2472
2473
2474
2475
2476
2477
2478
2479
2480
2481
2482
2483
2484
2485
2486
2487
2488
2489
2490
2491
2492
2493
2494
2495
2496
2497
2498
2499
2500
2501
2502
2503
2504
2505
2506
2507
2508
2509
2510
2511
2512
2513
2514
2515
2516
2517
2518
2519
2520
2521
2522
2523
2524
2525
2526
2527
2528
2529
2530
2531
2532
2533
2534
2535
2536
2537
2538
2539
2540
2541
2542
2543
2544
2545
2546
2547
2548
2549
2550
2551
2552
2553
2554
2555
2556
2557
2558
2559
2560
2561
2562
2563
2564
2565
2566
2567
2568
2569
2570
2571
2572
2573
2574
2575
2576
2577
2578
2579
2580
2581
2582
2583
2584
2585
2586
2587
2588
2589
2590
2591
2592
2593
2594
2595
2596
2597
2598
2599
2600
2601
2602
2603
2604
2605
2606
2607
2608
2609
2610
2611
2612
2613
2614
2615
2616
2617
2618
2619
2620
2621
2622
2623
2624
2625
2626
2627
2628
2629
2630
2631
2632
2633
2634
2635
2636
2637
2638
2639
2640
2641
2642
2643
2644
2645
2646
2647
2648
2649
2650
2651
2652
2653
2654
2655
2656
2657
2658
2659
2660
2661
2662
2663
2664
2665
2666
2667
2668
2669
2670
2671
2672
2673
2674
2675
2676
2677
2678
2679
2680
2681
2682
2683
2684
2685
2686
2687
2688
2689
2690
2691
2692
2693
2694
2695
2696
2697
2698
2699
2700
2701
2702
2703
2704
2705
2706
2707
2708
2709
2710
2711
2712
2713
2714
2715
2716
2717
2718
2719
2720
2721
2722
2723
2724
2725
2726
2727
2728
2729
2730
2731
2732
2733
2734
2735
2736
2737
2738
2739
2740
2741
2742
2743
2744
2745
2746
2747
2748
2749
2750
2751
2752
2753
2754
2755
2756
2757
2758
2759
2760
2761
2762
2763
2764
2765
2766
2767
2768
2769
2770
2771
2772
2773
2774
2775
2776
2777
2778
2779
2780
2781
2782
2783
2784
2785
2786
2787
2788
2789
2790
2791
2792
2793
2794
2795
2796
2797
2798
2799
2800
2801
2802
2803
2804
2805
2806
2807
2808
2809
2810
2811
2812
2813
2814
2815
2816
2817
2818
2819
2820
2821
2822
2823
2824
2825
2826
2827
2828
2829
2830
2831
2832
2833
2834
2835
2836
2837
2838
2839
2840
2841
2842
2843
2844
2845
2846
2847
2848
2849
2850
2851
2852
2853
2854
2855
2856
2857
2858
2859
2860
2861
2862
2863
2864
2865
2866
2867
2868
2869
2870
2871
2872
2873
2874
2875
2876
2877
2878
2879
2880
2881
2882
2883
2884
2885
2886
2887
2888
2889
2890
2891
2892
2893
2894
2895
2896
2897
2898
2899
2900
2901
2902
2903
2904
2905
2906
2907
2908
2909
2910
2911
2912
2913
2914
2915
2916
2917
2918
2919
2920
2921
2922
2923
2924
2925
2926
2927
2928
2929
2930
2931
2932
2933
2934
2935
2936
2937
2938
2939
2940
2941
2942
2943
2944
2945
2946
2947
2948
2949
2950
2951
2952
2953
2954
2955
2956
2957
2958
2959
2960
2961
2962
2963
2964
2965
2966
2967
2968
2969
2970
2971
2972
2973
2974
2975
2976
2977
2978
2979
2980
2981
2982
2983
2984
2985
2986
2987
2988
2989
2990
2991
2992
2993
2994
2995
2996
2997
2998
2999
3000
3001
3002
3003
3004
3005
3006
3007
3008
3009
3010
3011
3012
3013
3014
3015
3016
3017
3018
3019
3020
3021
3022
3023
3024
3025
3026
3027
3028
3029
3030
3031
3032
3033
3034
3035
3036
3037
3038
3039
3040
3041
3042
3043
3044
3045
3046
3047
3048
3049
3050
3051
3052
3053
3054
3055
3056
3057
3058
3059
3060
3061
3062
3063
3064
3065
3066
3067
3068
3069
3070
3071
3072
3073
3074
3075
3076
3077
3078
3079
3080
3081
3082
3083
3084
3085
3086
3087
3088
3089
3090
3091
3092
3093
3094
3095
3096
3097
3098
3099
3100
3101
3102
3103
3104
3105
3106
3107
3108
3109
3110
3111
3112
3113
3114
3115
3116
3117
3118
3119
3120
3121
3122
3123
3124
3125
3126
3127
3128
3129
3130
3131
3132
3133
3134
3135
3136
3137
3138
3139
3140
3141
3142
3143
3144
3145
3146
3147
3148
3149
3150
3151
3152
3153
3154
3155
3156
3157
3158
3159
3160
3161
3162
3163
3164
3165
3166
3167
3168
3169
3170
3171
3172
3173
3174
3175
3176
3177
3178
3179
3180
3181
3182
3183
3184
3185
3186
3187
3188
3189
3190
3191
3192
3193
3194
3195
3196
3197
3198
3199
3200
3201
3202
3203
3204
3205
3206
3207
3208
3209
3210
3211
3212
3213
3214
3215
3216
3217
3218
3219
3220
3221
3222
3223
3224
3225
3226
3227
3228
3229
3230
3231
3232
3233
3234
3235
3236
3237
3238
3239
3240
3241
3242
3243
3244
3245
3246
3247
3248
3249
3250
3251
3252
3253
3254
3255
3256
3257
3258
3259
3260
3261
3262
3263
3264
3265
3266
3267
3268
3269
3270
3271
3272
3273
3274
3275
3276
3277
3278
3279
3280
3281
3282
3283
3284
3285
3286
3287
3288
3289
3290
3291
3292
3293
3294
3295
3296
3297
3298
3299
3300
3301
3302
3303
3304
3305
3306
3307
3308
3309
3310
3311
3312
3313
3314
3315
3316
3317
3318
3319
3320
3321
3322
3323
3324
3325
3326
3327
3328
3329
3330
3331
3332
3333
3334
3335
3336
3337
3338
3339
3340
3341
3342
3343
3344
3345
3346
3347
3348
3349
3350
3351
3352
3353
3354
3355
3356
3357
3358
3359
3360
3361
3362
3363
3364
3365
3366
3367
3368
3369
3370
3371
3372
3373
3374
3375
3376
3377
3378
3379
3380
3381
3382
3383
3384
3385
3386
3387
3388
3389
3390
3391
3392
3393
3394
3395
3396
3397
3398
3399
3400
3401
3402
3403
3404
3405
3406
3407
3408
3409
3410
3411
3412
3413
3414
3415
3416
3417
3418
3419
3420
3421
3422
3423
3424
3425
3426
3427
3428
3429
3430
3431
3432
3433
3434
3435
3436
3437
3438
3439
3440
3441
3442
3443
3444
3445
3446
3447
3448
3449
3450
3451
3452
3453
3454
3455
3456
3457
3458
3459
3460
3461
3462
3463
3464
3465
3466
3467
3468
3469
3470
3471
3472
3473
3474
3475
3476
3477
3478
3479
3480
3481
3482
3483
3484
3485
3486
3487
3488
3489
3490
3491
3492
3493
3494
3495
3496
3497
3498
3499
3500
3501
3502
3503
3504
3505
3506
3507
3508
3509
3510
3511
3512
3513
3514
3515
3516
3517
3518
3519
3520
3521
3522
3523
3524
3525
3526
3527
3528
3529
3530
3531
3532
3533
3534
3535
3536
3537
3538
3539
3540
3541
3542
3543
3544
3545
3546
3547
3548
3549
3550
3551
3552
3553
3554
3555
3556
3557
3558
3559
3560
3561
3562
3563
6.92375369051265 4.780818499659887 0
13.01415585069813 4.805907567776135 0
33.10875366804025 5.185050584280587 0
27.02249768754406 4.975133515522837 0
21.25276871494838 4.941245872356513 0
17.02189179689304 5.790907384534306 0
36.44862411418951 3.592022007523495 0
3.551375885803723 3.592022007521539 0
9.999999999981007 3.399999999994254 0
30.25038611125911 6.704102143168321 0
23.75500767972444 6.690705787503178 0
9.767137565175403 6.798698549621498 0
24.16666666666677 3.299999999999741 0
30.05486493013912 3.37985184306796 0
3.211604852792737 6.865059252466049 0
36.78839514720821 6.865059252466612 0
15.66804763976546 3.25396682526692 0
18.60702179216694 3.190249925098083 0
14.55286655127485 7.267253128162169 0
19.42462053502617 7.185198400696925 0
5.834686385938459 7.167113046140067 0
34.0787180263717 7.017759645574408 0
6.987281002481456 2.354595258588856 0
12.9768332146831 1.746762941052092 0
26.99999999999998 7.600000000000942 0
27.01098430925394 2.346444128355594 0
33.08130157365006 1.807202293918523 0
21.1671389266967 2.433427785345292 0
11.89055918964851 7.546464019344005 0
21.89664740826032 7.63338127777789 0
32.0158468287226 7.794182841607091 0
7.904892342548058 7.84563249484508 0
1.899699225488655 5.106084529274161 0
38.10030077450942 5.106084529272463 0
4.876310981498895 5.383145772660641 0
35.12368901848983 5.383145772656445 0
35.0815286624126 1.926910828027215 0
4.918471337573323 1.926910828023669 0
37.87797619047635 2.122023809524003 0
2.12202380952148 2.122023809521371 0
16.99378097544967 8.614940531088635 0
19.0465026468155 5.309154753412555 0
15.08612670458062 5.31629733338526 0
17.13164530156409 1.90773346933382 0
29.00070958965406 1.790252473265713 0
23.16580778093368 4.904445713709597 0
29.12010719247425 4.955276202415628 0
11.22098731213124 5.371013628108497 0
11.07310370664134 1.765196721487248 0
9.009970388574326 1.810677656553893 0
28.90999037667288 8.220015405177808 0
25.01442580715689 8.210788299751918 0
22.870850592043 1.686496543642213 0
9.03285250691293 5.002887879071924 0
24.93082856267231 4.99305287728266 0
31.07333333333319 5.000000000000019 0
30.98896179915911 1.749938239349706 0
25.13527708841147 1.758967714419537 0
5.45143857957401 3.607498473290918 0
34.10679862305348 3.569442385375384 0
17.11657148910689 4.131211574524416 0
1.84149147727382 8.158508522726178 0
38.15850852272763 8.158508522727404 0
14.97635367575421 1.683516273680942 0
4.624531741439304 8.501049899653749 0
35.35502485107941 8.482350562881296 0
10.54313904675931 8.538195413090023 0
23.33321617902831 8.506975073006597 0
28.46059627359006 6.490905453257108 0
12.05165413410049 3.464813476402777 0
19.60898755567084 1.677580714459667 0
8.390771517692475 3.469795858773763 0
25.54455194741953 6.493936096012307 0
28.44183274181309 3.489391632525546 0
13.96219520326367 3.378544069594021 0
32.0690023212292 3.448580890998697 0
25.65325086290971 3.474719647116074 0
30.50749630119938 8.435109618916163 0
22.12490693545414 3.486664182217604 0
13.45410079578044 8.477100775432957 0
1.464894264667039 6.668773594547382 0
38.53510573533342 6.668773594546503 0
20.21550085177089 3.578868171736631 0
20.49648399353164 8.487175721291692 0
33.36140359296952 8.621760403381911 0
15.16619598055542 8.570299072446664 0
7.963333333322964 6.232506018154705 0
18.81974299052632 8.558302442176666 0
1.486818124467178 3.542152688675047 0
38.51318187553141 3.542152688675724 0
32.0717385681351 6.266175975013661 0
13.20313273401896 6.46400607536817 0
20.76178503710582 6.509655793473687 0
6.586982203621478 8.632821551485724 0
9.122769719263797 8.74586598869071 0
36.521175497432 1.430773123856835 0
3.478824502559363 1.430773123852032 0
22.16640332419453 6.135886888964173 0
36.61312270486258 5.279727573574018 0
3.386877295132093 5.27972757357505 0
16.13740574131736 7.103699574933299 0
17.90732411433801 7.093700514473731 0
20.99999999997116 1.016982348340391 0
3.099506531930549 8.782165099106699 0
36.86038570420305 8.701183667615062 0
38.88461143741175 1.115388562585487 0
1.115388562584664 1.11538856258545 0
6.995760334153968 0.7848650861962853 0
12.99227773820951 0.5822543136840307 0
26.99999999999998 9.200000000000314 0
27.00366143640484 0.782148042785198 0
33.02710052454297 0.6024007646395076 0
10.95956135565172 6.572058732357999 0
12.10489307859957 6.460494574273557 0
35.33026739735659 6.421988223565822 0
4.640867406743364 6.471772690422252 0
5.878250352650002 5.777025772820198 0
34.10372023763393 5.86198533417048 0
18.24687761906718 1.195104727931162 0
5.968584113349306 1.427168695537508 0
34.0542767453512 1.244704373981913 0
33.08640342084902 6.156328734956219 0
6.907257803258024 6.060145854651553 0
35.40737934155311 7.455056486974105 0
4.556940993390167 7.511074066086621 0
12.47942529894944 5.546975757084266 0
13.9843956301357 1.143426404911011 0
34.23880948134964 9.034703655421069 0
28.00389796629661 1.378898867207102 0
7.999083797014362 1.388424305047583 0
12.01664564043336 1.170653220846447 0
27.96999679222428 8.60667180172625 0
26.00480860238561 8.60359609991762 0
1.280497159091269 9.386169507575394 0
0.6138304924246066 8.719502840908724 0
38.71950284090921 9.386169507575801 0
39.38616950757588 8.719502840908127 0
18.44921821646729 2.258521369630524 0
27.49177157953703 3.603656425467992 0
26.56224428656924 3.598765763664835 0
6.454157757522705 3.580970743846553 0
26.04875379921473 1.368470614258377 0
32.0234211242657 1.18571351108941 0
7.433935403562194 3.535069872340836 0
26.52234987832119 6.356356537178695 0
27.49436465371137 6.355346322926962 0
33.09485153744097 4.067691286884889 0
33.08570083931091 2.941741856764201 0
5.737171315020244 9.044623817046492 0
32.72210114107647 7.026039487398386 0
11.47789941213592 8.694886477478009 0
29.99655712959935 1.180063570871806 0
34.26504882347355 8.040623537279204 0
21.19772550072447 4.002259408770249 0
4.874843913813073 9.50034996655125 0
35.11834161702647 9.494116854293765 0
7.234304020603161 7.081750519713284 0
13.97179403123366 2.269607761442352 0
10.02769136506571 1.191958126013714 0
22.4099545290962 8.713452116928162 0
12.44821999514296 8.674521598258986 0
39.36676692483648 5.035361509752474 0
0.6332330751628851 5.035361509758046 0
15.95691527781766 4.233825244392198 0
16.40819666352685 5.079472097481328 0
21.16918223797391 3.166320046433176 0
4.972823779187741 0.642303609341223 0
35.02717622079916 0.6423036093424049 0
10.73361193386108 7.627785994018509 0
16.63875481014548 3.097637289708385 0
17.61841286094597 3.07639832298544 0
21.46437713393064 8.706852333023194 0
19.74430273964916 6.334669649194389 0
24.0020425601434 1.148488086020583 0
30.01484543965077 2.306680851894459 0
14.86886550626111 2.772009056180627 0
5.682066776999747 8.100328165759848 0
22.99495708900436 7.610354046095888 0
16.99792699181652 9.538313510362878 0
10.02769136506556 2.325291459345132 0
22.60601947072643 6.819991318081748 0
19.20299585186902 0.5591935714865557 0
31.50778104330732 8.743097486841085 0
20.3536854662899 5.586685473080919 0
14.28070866329148 6.3491855123052 0
24.05759811570708 2.248488086020497 0
13.00933506268743 3.883088371257644 0
8.931599875662419 7.796732344385763 0
18.79281576539323 6.52935122286107 0
29.00023652987359 0.5967508244219043 0
31.44599050270561 6.921486986596359 0
17.04388176716493 0.6359111564446066 0
13.76780509643257 5.528736992176522 0
9.003323462847701 0.6035592188512976 0
11.02436790219948 0.5883989071624159 0
28.96999679222428 9.406671801725937 0
25.00480860238561 9.403596099917307 0
10.8477130155864 9.512731804363341 0
35.22637058524428 4.181536721851775 0
4.626375148958876 4.194222084491032 0
22.18116114377873 4.444118589427904 0
30.99632059971063 0.5833127464499021 0
25.04509236278866 0.586322571473179 0
12.99689418401575 2.863373495682963 0
35.21231713321853 3.029458406975365 0
4.640428600983685 3.042143769612041 0
30.92457641372703 7.644464867897192 0
37.68736892141012 4.080086408490561 0
2.312631078586519 4.080086408490248 0
3.982890575312136 2.316568653132413 0
36.01710942467803 2.316568653135848 0
23.95054800777681 5.529401459498479 0
30.14794221235552 5.553126115194655 0
24.08776767009092 4.399166196997332 0
30.08276848531552 4.445042681827869 0
10.08461327300839 4.591300502391558 0
10.00699246140652 5.724200018933973 0
3.050741399294855 2.381606313631647 0
36.94925860069929 2.381606313634778 0
5.750501083861852 4.590487581870481 0
34.11308043652785 4.712546247437472 0
32.45908347389737 8.805314414996333 0
36.17506895685354 5.842644199565691 0
3.824931043141242 5.842644199567246 0
16.03599965909414 1.197083247671587 0
17.72832197760514 5.077091237490426 0
18.25669864269645 4.210205417678352 0
38.79705268866925 2.554725499398851 0
1.202947311329553 2.5547254993988 0
22.95695019733047 0.5621655145474044 0
37.61326072673243 3.085399501907741 0
2.386739273264127 3.085399501905986 0
23.11107205967608 9.502325024335532 0
33.15198948268795 7.81123429685447 0
5.78573030654293 2.629668186634481 0
34.08987628637205 2.434518502440374 0
16.05332565200168 9.061746534511768 0
15.25879966572428 6.562416678826909 0
15.92534887236125 2.281738856093894 0
30.83583210039978 9.478369872972054 0
17.99190618601552 6.064587550806864 0
17.93784132199198 9.057747657755101 0
7.497291515389821 8.826151348776934 0
8.545121080348808 6.958945687540428 0
28.19481254061047 4.473267116821337 0
37.46638389596844 1.184265644460279 0
2.533616104026349 1.184265644457801 0
20.83216133117719 9.495725240430565 0
39.50439395851047 3.180717562887859 0
0.4956060414890593 3.180717562891672 0
13.15136693192678 9.492366925144319 0
16.08180808093034 6.070301430950956 0
9.811015443732837 8.027586650467411 0
0.4882980882223464 6.889591198182456 0
39.51170191177781 6.889591198179137 0
6.775520310702665 7.88185569749029 0
38.87116088334694 4.216079072646405 0
1.128839116651944 4.216079072649732 0
8.342554020603927 8.863832827845263 0
16.09912756577415 8.096313059489534 0
8.115792571706018 4.417834079168524 0
25.83262606587863 5.487374162939268 0
2.192066114316144 6.213305792095864 0
37.80793388568369 6.213305792095192 0
2.945984135474824 4.65927803679025 0
37.0540158645205 4.659278036789992 0
19.28967509691778 4.026090950082423 0
20.17159073784493 4.609756265835233 0
21.95695019732895 0.9011596306608679 0
21.67932983957029 1.712302225775965 0
1.121531163385231 5.924952707940512 0
38.87846883661428 5.924952707937632 0
36.84039183247431 0.476924374618945 0
3.159608167518108 0.476924374617344 0
2.832727124471162 5.750290451771754 0
37.16727287552674 5.750290451771032 0
12.09559909897662 4.54724489076247 0
28.20106705120279 5.473771723731858 0
24.11588066206172 8.905921124252838 0
3.938188054144904 4.751631784585743 0
36.0618119458473 4.751631784584653 0
14.90545651586992 3.982936076082067 0
14.02082591951414 4.500249656918473 0
31.1318193375758 5.990092706060667 0
17.90694936010467 8.088981162579678 0
1.102128580646953 7.609094039091185 0
38.89787141935368 7.609094039090295 0
2.717534287332369 7.935244291432975 0
37.2690964580463 7.90825048093636 0
24.03421655530321 7.802823053420564 0
14.99211789189604 0.5611720912269806 0
12.03386368514164 2.325591046314039 0
11.04158594690761 2.876670065961426 0
28.12352888342097 7.436973619478619 0
29.20699092050735 7.138341000534413 0
3.64521437538753 8.049424750408832 0
36.33460190083022 8.016197827654324 0
6.862327401207119 9.544273850495243 0
29.88929092971046 7.786409055754096 0
38.92086254262937 1.745804124035439 0
38.25419587596169 1.07913745736983 0
1.745804124034783 1.07913745736894 0
1.079137457368715 1.745804124035601 0
29.80582889262408 8.885041674697989 0
35.86756805327952 1.11922798396135 0
4.132431946709814 1.119227983958567 0
33.12046786432317 9.540586801127304 0
32.08369644086755 4.544543825093101 0
25.86885903770869 4.480968679973857 0
29.16580242053542 2.886498649619739 0
29.20560162147548 3.941506559336378 0
8.921107801803766 6.011364148949376 0
29.27702985910781 6.050094599613686 0
11.09088048207091 4.078609034835176 0
19.47717006653622 2.815566270431461 0
20.33054244471281 2.563292223847197 0
8.129340969582751 2.545022924638837 0
9.133580635415935 2.89349117177397 0
25.8529925848588 7.434908131921723 0
24.77132847810029 7.131810061089134 0
31.03760968350915 2.859456991138787 0
32.04642189801279 2.335240474755642 0
24.98506487266265 2.844562453845118 0
25.93317075352504 2.526710496630402 0
23.02907292828422 5.910346130058983 0
28.15117554690703 2.542029411382285 0
23.05414139805464 2.824386908619852 0
22.05429881806461 2.535529503735036 0
23.15246046101819 3.897036631975647 0
9.141208008195472 3.957561245946647 0
24.74346272993876 6.059231586932715 0
18.93991433017541 9.519434147392223 0
9.040923239754553 9.58195532956357 0
22.19499327335886 5.327192825010094 0
15.05539866018511 9.523433024148888 0
31.06573352823384 3.942810911355558 0
24.91691536408293 3.922590841466158 0
20.22762985522121 7.394009971820768 0
21.05163881296593 7.543404264181089 0
12.84926423981597 7.495856956715045 0
13.73670002702475 7.402786659654431 0
15.28548942438254 7.64708392518071 0
38.96153714580291 0.3717961875284956 0
39.62820381247058 1.038462854194105 0
0.3717961875282214 1.038462854195144 0
1.03846285419429 0.3717961875284834 0
17.02220721751614 6.662769157980446 0
17.01283694370168 7.604113540165222 0
3.033168843976833 9.594055033035566 0
36.95346190140101 9.567061222538355 0
20.99999999997116 0.3389941161134637 0
18.71722921329683 7.612400452449108 0
7.973313176916181 5.338737465628839 0
2.172663531577866 7.230780456579869 0
37.82733646842308 7.230780456580173 0
32.08460852316951 5.483742186431424 0
2.313666003068118 8.98022454061096 0
37.67296474231023 8.953230730114155 0
9.888636255341014 9.094687133926911 0
14.3910544425369 8.104884325347264 0
14.20676559211194 9.015799949293209 0
19.77207566135264 9.015159387822786 0
21.39365235874958 5.862262851598125 0
3.908012757789939 9.094404999586816 0
36.07180351842749 9.061178076832119 0
19.58028250636137 8.076892188055096 0
20.59204216077957 1.709330282715117 0
20.20299585187055 0.8981876876000193 0
21.60827858985356 6.759641320071917 0
6.998586778044806 0.2616216953987617 0
7.32768044554091 1.046486781595047 0
6.661013778876188 1.046486781595047 0
12.99742591271832 0.1940847712280102 0
13.32303698428747 0.776339084912041 0
12.65637031762275 0.776339084912041 0
26.99999999999998 9.733333333333439 0
26.66666666666664 8.933333333333751 0
27.33333333333331 8.933333333333751 0
27.00122047878848 0.2607160142617327 0
27.33821524854686 1.042864057046931 0
26.67154858187918 1.042864057046931 0
33.00903350817394 0.2008002548798359 0
33.36946736606132 0.8032010195193435 0
32.70280069939365 0.8032010195193435 0
10.87241937015854 6.972407100441167 0
10.64922874431945 6.247256970029331 0
11.35703595247716 6.496512126603501 0
11.73881319345977 6.459324073908687 0
12.17633770824992 6.098504759250075 0
12.39952833408901 6.823654889661911 0
35.39912685697884 6.768269040535614 0
34.84422481407271 6.274297880598891 0
35.74745052101822 6.22339774956296 0
4.562386215158187 6.834648329676123 0
4.242927747011666 6.239992571849648 0
5.117288258060239 6.340677169740988 0
6.212230143033704 5.908319106206718 0
5.529749240029119 6.109094863873636 0
5.892771674887182 5.313663348380242 0
33.76373064401529 6.021598521341825 0
34.11205430805467 5.476727230369171 0
34.43537576083182 6.087630250800444 0
17.79284097353262 1.034279399088327 0
18.61862172490154 0.9575618141302763 0
18.32917015876737 1.593472970574883 0
6.318621705274634 1.260587984708788 0
5.958112151134695 1.902891594050011 0
5.62901848363859 1.118026507853726 0
33.71185943966406 1.017302222633479 0
34.37860180258492 1.057205067336376 0
34.07236899380462 1.659605831975884 0
33.42462503842032 6.119712988270405 0
33.07895333845195 6.480088118514762 0
32.7556318856748 5.869185098083489 0
6.555232626569711 6.002692466817169 0
7.264781609031213 5.691156790822049 0
6.901759174173148 6.486588306315443 0
35.42483083837768 7.112625128338375 0
35.85026644661358 7.600822100774004 0
34.94704073966808 7.651722231809937 0
4.534410744040454 7.181082121564246 0
5.00538637358931 7.726412337293479 0
4.131025862540736 7.62572773940214 0
12.2381894872596 5.241298984322966 0
12.89890462788884 5.605629800076191 0
12.30118178169988 5.793998486853645 0
13.65374294826287 0.9633964486543677 0
14.3202497686199 0.9423142261973178 0
13.97919417352434 1.524568539881348 0
34.53127811080969 9.172351406100788 0
33.86673769143972 9.218821352934327 0
34.31841264179953 8.712938207228092 0
27.67162742517746 1.241780998520899 0
28.33486918531083 1.056383780157605 0
28.00519728840154 1.838531822942803 0
7.662121599827707 1.247673187878813 0
8.336351395191999 1.066367320533825 0
7.998778396023382 1.851232406730111 0
12.33115961836403 0.9724720539661798 0
12.0221941872526 1.560870961128596 0
11.69658311568345 0.9786166474445649 0
27.65666559740808 8.735557267242397 0
27.95999572296572 8.142229068968334 0
28.29332905629905 8.94222906896802 0
26.33493620079519 8.734532033306188 0
25.67307813651415 8.938128133223179 0
26.00641146984749 8.138128133223494 0
1.093499053030418 9.795389835858465 0
1.040662878788363 9.181559343433859 0
1.707329545455025 9.181559343433859 0
0.2046101641415355 8.906500946969574 0
0.8184406565661422 8.292670454544966 0
0.8184406565661422 8.959337121211634 0
38.90650094696974 9.7953898358586 0
38.29267045454561 9.181559343434401 0
38.95933712121228 9.181559343434401 0
39.79538983585863 8.90650094696837 0
39.18155934343451 8.959337121211844 0
39.18155934343451 8.292670454544171 0
18.06262843673278 2.452168254687475 0
18.3966170245674 1.94794518447467 0
18.88840918810169 2.375450669729425 0
27.17508452544501 3.641744689782141 0
27.64819621020135 3.146497395449711 0
27.65203400296473 4.022727191172126 0
26.86524209445575 3.640114469181089 0
26.41266427900767 4.016206308767916 0
26.40882648624429 3.139976513045501 0
6.788397483505604 3.572128167365098 0
6.276450009203121 3.989762572265786 0
6.29762577985939 3.181021491908776 0
26.35324603614915 1.238304914204657 0
26.06500506562672 1.824627485677836 0
25.72801029586833 1.042479442892638 0
32.36824089930122 0.9976386016693111 0
32.03122816569162 1.580951348119213 0
31.67079430780424 0.9785505834797054 0
7.114990032185434 3.556827876863193 0
7.603995974578709 3.119820329901152 0
7.582820203922441 3.928561410258162 0
26.84828252195507 6.310496684234159 0
26.35563394191357 6.816764211063981 0
26.36313317109493 5.941808716237946 0
27.17228744708514 6.310159946150248 0
27.65915287161516 5.940461763902302 0
27.6516536424338 6.815417258728337 0
33.43680127617824 4.274061418846953 0
32.75753584223681 4.233774254054724 0
33.09021749390789 3.69523818775299 0
33.42460034533815 2.772795512019369 0
33.08716726119786 3.319921711046094 0
32.74533491139672 2.732508347227141 0
5.453901018819832 9.18189123890008 0
5.649561753360341 8.726165089395321 0
6.108051172880558 9.225815122844073 0
32.93888866539026 7.279327324859961 0
32.26989551264472 7.028799434673046 0
32.95751924519443 6.769991702662151 0
11.78948620059479 8.747116832274004 0
11.34034615296506 9.077693963522677 0
11.30386588284791 8.259848636637345 0
29.66575557307943 0.9901053480458396 0
30.32850630958111 0.9766672700738374 0
29.99540950613751 1.573418094495742 0
34.56626390030822 7.846911248578302 0
34.32715908917417 8.38157816784747 0
33.90172348093826 7.893381195411841 0
21.52513371704233 4.143389821114789 0
20.88866502248125 4.174124484287798 0
21.17937776264984 3.689263920908161 0
4.95828130460433 9.833449988850417 0
4.499791885084114 9.333799955401666 0
5.166458551750775 9.333799955401666 0
35.03944720567549 9.831372284764589 0
34.82445548936862 9.325489139058353 0
35.4911221560353 9.325489139058353 0
6.991294249696559 7.364832020232811 0
7.010774579954862 6.827123194669352 0
7.700843232158061 7.05329634423769 0
13.97499364055699 1.899962325391795 0
14.30344763675051 2.443889368239105 0
13.63694081639348 2.464971590696155 0
10.36693169056284 0.9857182825003207 0
10.03692182009379 1.589277501351618 0
9.679220584540504 1.000878594189202 0
22.10220064578549 8.78227779823535 0
22.54660603879494 8.284602822570882 0
22.58105690270816 9.073475729978254 0
12.11292639493047 8.740328539200997 0
12.59762666019064 8.232695464345317 0
12.63410693030778 9.050540791230647 0
39.78892230827883 5.011787169912478 0
39.1556892331153 5.38048201300629 0
39.1556892331153 4.713815346338655 0
0.2110776917209617 5.011787169919342 0
0.8443107668838468 4.713815346344066 0
0.8443107668838468 5.380482013010734 0
15.57036320738791 4.268029801014793 0
16.24717813556333 3.873001214727845 0
16.05320449050172 4.560444717433958 0
16.17207172166684 5.395558938466965 0
16.20363161907146 4.842327001797002 0
16.84888664984226 5.000530352180017 0
21.48707603337492 3.028804004665357 0
21.16986334173298 3.410617466795804 0
20.85060733881383 3.059538667838366 0
4.990941259725879 0.214101203113741 0
5.297098372251401 0.856404812454964 0
4.630431705585941 0.856404812454964 0
35.00905874026135 0.214101203114135 0
35.36956829440191 0.8564048124565399 0
34.70290162773424 0.8564048124565399 0
10.79710289622833 7.324316187661338 0
11.0557700567563 7.904148475484178 0
10.3479628485986 7.65489331891001 0
16.47948258382501 2.753112528103042 0
16.96232386693882 3.045527444522207 0
16.47445797967261 3.494271896499907 0
17.78569331822567 2.724793905805781 0
17.78066871407327 3.465953274202647 0
17.28887655053898 3.038447788947892 0
21.78700818073031 8.780077870267029 0
21.32028704248741 9.064676018104961 0
21.2858361785742 8.275803110697593 0
19.40514197383028 6.276340934434622 0
19.85086347452349 6.05116006536021 0
19.97690277059371 6.676507947788334 0
23.62429771738738 0.9449948765542654 0
24.3791065495102 0.96915193348004 0
24.00272341353262 1.531317448027444 0
29.69013998648132 2.492261722742711 0
30.00150560948798 1.948957188169959 0
30.352890722983 2.478823644770708 0
15.17108894059359 2.569830718376163 0
14.83303611643008 3.134839983680523 0
14.60247146175966 2.611356466485196 0
5.38042830145917 7.922830370517889 0
6.034578455519894 7.96675425446188 0
5.631193574020176 8.411399872299773 0
22.88220405899638 7.311480370458985 0
23.36106031591904 7.602678302201888 0
22.74160689209766 7.916903465626792 0
16.99930899727214 9.846104503454292 0
16.66390265575538 9.38441801381717 0
17.33056932242205 9.38441801381717 0
10.36693169056264 2.496829393608878 0
9.679220584540298 2.51198970529776 0
10.03692182009374 1.967055279128758 0
22.75255818623706 7.048026127787606 0
22.22302340106043 6.86308649494127 0
22.8424768248818 6.548861331516366 0
19.06766528393509 0.1863978571621852 0
19.60399446916983 0.745591428648741 0
18.93732780250215 0.745591428648741 0
31.84120929067663 8.845760109482725 0
31.33842578150223 9.059402368585751 0
31.3437080577431 8.32412998245478 0
20.21765227601793 5.279028699616663 0
20.78941307278137 5.679195712970373 0
20.05399105007041 5.80183200665572 0
14.63990063971565 6.31091199128421 0
14.01223598286176 6.69348157194518 0
14.18998936729702 6.04316297368621 0
23.69837179147228 2.411661543220817 0
24.02124193205385 1.897984114694082 0
24.45318062359511 2.435818600146592 0
12.69171501582868 4.051269805145519 0
13.00772813335053 3.575481972418147 0
13.32856203888308 4.022513336209267 0
8.867876594461961 7.480354462950781 0
9.273835720033873 7.780432294232657 0
8.653087312491424 8.129410275973852 0
19.0879796490783 6.341234792323516 0
18.7082534715858 6.936083379343909 0
18.58221417551558 6.310735496915785 0
29.00007884328009 0.1989169414739681 0
29.33364870650417 0.7956677658958724 0
28.66698203983649 0.7956677658958724 0
31.2374078142291 7.139923990457258 0
31.25603839403327 6.630588368259448 0
31.84452529985444 6.993948601072371 0
17.01462725569855 0.2119703854815355 0
17.39184235623188 0.8478815419261422 0
16.72517568956438 0.8478815419261422 0
13.95602921723711 5.21698063111264 0
14.01902151167738 5.769680133643317 0
13.32836456038322 5.599550211773608 0
9.001107820938827 0.2011864062837659 0
9.337764617134502 0.8047456251350634 0
8.671097950469779 0.8047456251350634 0
11.0081226340522 0.1961329690541387 0
11.36582386960549 0.7845318762165546 0
10.69915720294076 0.7845318762165546 0
28.98999893074141 9.802223933908644 0
28.62666238963238 9.208895735634583 0
29.29332905629905 9.208895735634583 0
25.00160286746184 9.801198699972437 0
24.67307813651415 9.204794799889742 0
25.33974480318082 9.204794799889742 0
10.94923767186209 9.837577268121114 0
10.46361735411521 9.350309072484455 0
11.13028402078188 9.350309072484455 0
35.59956123930787 4.385568167343905 0
34.81895274226253 4.378041626627868 0
35.26059777416243 3.781000371583552 0
4.351354005420498 4.389796621557736 0
4.543063204778869 3.797914188434496 0
4.98470823667726 4.394955443480864 0
22.19991254655359 4.763270058498005 0
21.85294559806042 4.29067621466734 0
22.49062528672218 4.278409495118368 0
30.9987735332278 0.1944375821499673 0
31.32842746628588 0.7777503285998694 0
30.6617607996182 0.7777503285998694 0
25.01503078758106 0.1954408571577263 0
25.39345648372631 0.7817634286309053 0
24.72678981705862 0.7817634286309053 0
12.67512717759978 2.691649971045944 0
13.31197420065418 2.662893502109692 0
13.0035811737933 3.235577013893254 0
35.58082330327355 2.849463747508691 0
35.25591329015384 3.396974266624748 0
34.8002148062282 2.841937206792654 0
4.370091941453577 2.853692201719083 0
5.00344617271034 2.85885102364221 0
4.54774768878714 3.413888083474833 0
31.06360311790291 7.380916617557535 0
31.14930651454968 7.957919109473482 0
30.56081960872851 7.594558876660559 0
37.41209793670302 4.25939764842884 0
37.54972497037701 3.738087034896593 0
38.10028385715032 4.242774542146249 0
2.587902063292966 4.259397648428649 0
1.899716142847451 4.242774542146485 0
2.45027502961914 3.738087034895611 0
4.15091259956306 2.611833829559207 0
3.671030321225074 2.446454594835328 0
4.126728805148274 1.891417535002705 0
35.84908740042672 2.611833829562186 0
35.87327119484087 1.891417535006633 0
36.32896967876652 2.446454594838726 0
23.62378782281165 5.708184320237085 0
24.0157281171276 5.142300016830245 0
24.21212808339119 5.737720041428106 0
29.83947850536296 5.737501486926202 0
30.11379424605432 5.169467439203434 0
30.49055388564927 5.752409419454332 0
23.80674737256379 4.201203970235557 0
24.39508763314333 4.230739691426578 0
24.06146800456564 4.765554929329863 0
29.75258020264296 4.260056909103819 0
30.40365558292928 4.274964841631949 0
30.09206967037432 4.800106294747838 0
10.43520019504021 4.45410471016477 0
10.11281769735085 4.988400669857326 0
9.70582192663411 4.331396127152579 0
10.33170577957105 5.96463739888799 0
9.602327511164951 5.841928815875799 0
10.08694409348356 5.366033842038131 0
2.90804703154002 2.698550710224852 0
2.883863237125233 1.97813441566835 0
3.360313929219314 2.468133815001739 0
37.09195296845505 2.698550710227426 0
36.6396860707736 2.468133815005036 0
37.11613676286922 1.978134415671872 0
5.850188585291132 4.918150618063669 0
5.359416881644918 4.527043942607347 0
6.041897784649504 4.326268184940428 0
34.11517437435264 5.093580868124835 0
33.77621090920719 4.489013072364481 0
34.44785602602372 4.555044801823101 0
32.15831010087332 8.866499085534473 0
32.61211129852983 8.407085886661777 0
32.60682902228896 9.142358272792748 0
36.02905104085053 6.030283074896249 0
35.97062689340199 5.501839181932051 0
36.52552893630811 5.995810341868773 0
3.970948959144291 6.030283074897979 0
3.474471063688691 5.995810341869448 0
4.029373106590743 5.501839181934312 0
16.38921498687411 1.034938905668469 0
16.04799954547082 1.59611099689545 0
15.67078444493749 0.9601998404508429 0
17.93223880710456 5.392384458479095 0
17.28892842120169 4.999736732183049 0
17.96379870450918 4.839152521809132 0
18.6367410272263 4.236536698729663 0
18.13992425953961 4.550190581871774 0
17.99343064132342 3.843888972433616 0
38.89167629304853 2.225583102973227 0
39.10341152140023 2.698959396023801 0
38.396070251559 2.739633999199526 0
1.108323706950344 2.225583102973384 0
1.603929748439404 2.739633999198406 0
0.8965884785989103 2.698959396024609 0
22.98565006575963 0.1873885048491348 0
23.27593359644973 0.7495540193965392 0
22.60926692978205 0.7495540193965392 0
37.3132870104661 2.933148439651747 0
38.00147293091339 2.916525333369156 0
37.52502223881778 3.40652473270232 0
2.686712989529777 2.933148439649632 0
2.474977761178343 3.406524732700857 0
1.998527069084262 2.916525333367468 0
23.037024019892 9.834108341445178 0
22.81476274623478 9.336433365780708 0
23.48142941290145 9.336433365780708 0
33.08218477926075 7.54105892801199 0
33.53070370067639 7.816918115270263 0
32.84307996812669 8.075725847281157 0
5.897160882199237 2.303724757749002 0
6.074816629532799 2.863920639504752 0
5.385213407896754 2.721359162649689 0
34.08423550747824 2.056210541462038 0
34.42606785727938 2.643623905280991 0
33.75932549435854 2.603721060578094 0
16.34903554248377 9.225562355200134 0
15.73984054418568 9.210681868986144 0
16.07110086933559 8.748995379349024 0
14.96593097385992 6.381989046791446 0
15.49411070387409 6.327471195715156 0
15.31635731943883 6.977789793974126 0
16.2416806045636 2.481146383564878 0
15.52325006262697 2.406407318347252 0
16.01111594989318 1.957662866369552 0
30.94527736679991 9.826123290990685 0
30.44777613386638 9.304493163962739 0
31.11444280053304 9.304493163962739 0
18.02010020990802 5.721549896251241 0
18.31524431572301 6.155814272897717 0
17.64037403241553 6.316398483271634 0
17.6438740991472 9.224229396281245 0
17.91712176265599 8.743663543673469 0
18.25252810417275 9.205350033310589 0
7.800727952645936 8.890594614540673 0
7.361424573003743 9.152990966754219 0
7.329722020519785 8.434868465035912 0
8.739050329357424 7.201092244002336 0
8.137782252073277 7.012361400180072 0
8.758530659615724 6.663383418438877 0
28.11247247354293 4.801225611586601 0
27.88638098998921 4.312597421623241 0
28.58558415829927 4.30597831725417 0
37.78145336214726 1.102096484661427 0
37.28851186129227 1.579020859280372 0
37.32918646446581 0.871679589439038 0
2.218546637848678 1.102096484659724 0
2.670813535527973 0.8716795894366109 0
2.711488138702398 1.579020859277068 0
20.94405377705904 9.831908413476855 0
20.44288177490293 9.327633653907419 0
21.1095484415696 9.327633653907419 0
39.83479798617015 3.060239187625238 0
39.33919194468063 3.574290083851537 0
39.33919194468063 2.907623417186803 0
0.1652020138296864 3.060239187630547 0
0.6608080553187458 2.9076234171889 0
0.6608080553187458 3.574290083855569 0
13.05045564397556 9.830788975048106 0
12.86848924256905 9.323155900192425 0
13.53515590923572 9.323155900192425 0
16.063275527468 5.725835382956841 0
16.41370187304691 6.32163613013952 0
15.76844684227611 6.163432779756505 0
10.04043068522252 7.788160204392978 0
9.82564140325198 8.437216017416048 0
9.566974242724013 7.857383729593207 0
0.1627660294074488 6.963197066060814 0
0.6510641176297952 6.519454930909943 0
0.6510641176297952 7.186121597576611 0
39.8372339705926 6.963197066056683 0
39.34893588237041 7.186121597574206 0
39.34893588237041 6.519454930906524 0
6.838366346396394 7.631533746158479 0
7.0891316189574 8.120103247940365 0
6.3990629667542 7.893930098372028 0
38.99048721928546 4.440721200636632 0
38.49488117779592 4.288105430198198 0
39.12811425295945 3.919410587104386 0
1.009512780713533 4.440721200641294 0
0.8718857470397073 3.919410587108256 0
1.505118822202592 4.288105430199646 0
8.082482121050639 8.903155107563448 0
8.456738694138593 8.485110437127018 0
8.488441246622552 9.203232938845325 0
16.08636817392641 8.427184221008277 0
15.80090976254898 7.923437235623166 0
16.41010476084706 7.938317721837156 0
8.024132923043865 4.733846819300112 0
7.810105926637047 4.222816145867391 0
8.51313886543714 4.29683927233807 0
25.92865077203167 5.151853518581588 0
26.13322523361407 5.652147924824804 0
25.43600219199016 5.658121045411412 0
2.434456730865846 6.061483191278691 0
2.289521743925307 6.582379546369765 0
1.852219868157279 5.996054638639134 0
37.56554326913378 6.061483191278089 0
38.14778013184218 5.996054638638053 0
37.71047825607511 6.582379546369435 0
2.799019748922401 4.45246152452865 0
3.29474577213688 4.510342539295613 0
2.744186885365191 5.015030046546488 0
37.20098025107314 4.45246152452865 0
37.25581311463083 5.015030046545491 0
36.70525422785753 4.510342539295835 0
18.98106651196674 4.175165209531021 0
19.3707325802852 3.598403015639045 0
19.51722619850139 4.304704625077203 0
20.15695403320294 4.953385630534767 0
19.81119807881044 4.499259730328141 0
20.5466201015214 4.376623436642793 0
22.27593359644821 0.862552058101027 0
21.94260026311437 1.201546174214491 0
21.65231673242427 0.6393806596670863 0
21.90577311943666 1.94407551825449 0
21.28215625541272 1.720904119820549 0
21.85006014386148 1.471927039252856 0
1.007076796291295 5.677012412404888 0
1.495374884513642 5.899936943920685 0
0.8621418093507568 6.197908767495961 0
38.9929232037079 5.677012412401343 0
39.13785819064923 6.197908767492689 0
38.50462511548571 5.899936943918866 0
36.94679727748841 0.1589747915396483 0
37.12052244330109 0.6358991661585933 0
36.45385577663343 0.6358991661585933 0
3.053202722504357 0.1589747915391147 0
3.546144223358076 0.6358991661564587 0
2.879477556691892 0.6358991661564587 0
2.648010400917518 5.907144744503988 0
2.70643454836397 5.378700851540322 0
3.143736424131998 5.965025759270951 0
37.35198959908146 5.907144744503369 0
36.85626357586585 5.965025759270554 0
37.29356545163292 5.378700851539171 0
12.110247420602 4.908055362215701 0
11.78941351506945 4.461023998424582 0
12.38713636125841 4.272655311647128 0
28.11455731040704 5.134727147223441 0
28.5939235057557 5.639984459801531 0
27.89472033744564 5.646603564170601 0
24.37676882307285 9.038903141334918 0
23.81636561369666 9.137632065753145 0
24.15450754941564 8.541228165670452 0
4.121958307149174 4.575599854922641 0
4.067125443591964 5.138168376940478 0
3.625480411693573 4.54112712189411 0
35.87804169284221 4.575599854921531 0
36.3745195882998 4.541127121894055 0
35.9328745563999 5.138168376938371 0
15.21987695340533 4.184400078244749 0
14.6512594745714 4.225925826353783 0
14.84523311963302 3.538482323647669 0
14.04036949159763 4.874151519359956 0
13.66572565782531 4.228233764762876 0
14.35638260911948 4.398363686632585 0
30.81851292738937 5.898064949743002 0
31.4256304130147 5.752089560358115 0
31.15131467232334 6.320123608080884 0
17.90682444202688 8.420741378614993 0
17.60268481663078 7.932540736047348 0
18.21133882165633 7.913661373076692 0
0.9812066859735911 7.922534187272453 0
0.8556742817713306 7.425955877879521 0
1.469504774195937 7.478792052121581 0
39.0187933140271 7.922534187271559 0
38.53049522580491 7.4787920521214 0
39.14432571822903 7.425955877877925 0
2.590210205799642 7.652937355541733 0
3.009548557351886 7.860822881001909 0
2.55284409884558 8.291972637755284 0
37.40533337599405 7.643939418710126 0
37.42933022832566 8.255980890426274 0
36.97262576981919 7.824831133672678 0
24.26788334739484 7.568105713558553 0
24.12728618049614 8.17352880872636 0
23.70748013801865 7.66683463797678 0
14.99737263060998 0.1870573637423269 0
15.32282385587145 0.7482294549693075 0
14.65615718920668 0.7482294549693075 0
12.02793353548869 1.94585023628446 0
12.35411701130841 2.512389154589636 0
11.71954050862782 2.518533748068021 0
10.70489655117665 2.680622262480976 0
11.38878126254981 2.702226754617151 0
11.03108002699637 3.247161180786152 0
28.01117308669794 7.75232967488579 0
27.86137505233701 7.175959690912222 0
28.49803851122797 7.382631492637845 0
29.45578913614645 7.354152849626847 0
28.8591925235901 7.283087286323109 0
29.30599110178551 6.777782865653282 0
3.82711698987319 7.805177967509543 0
3.789750882919128 8.444213249723093 0
3.318775253370272 7.898883033993861 0
36.15934063303929 7.787869214334077 0
36.6611275840805 7.860813582578666 0
36.18333748537089 8.399910686050227 0
6.954109133735666 9.848091283498414 0
6.483103201609516 9.392365133993657 0
7.149769868276175 9.392365133993657 0
29.68322247254748 7.570175534700074 0
30.21572444738965 7.641873605946194 0
29.76892586919424 8.147178026616022 0
38.93294624436857 1.955942644518756 0
38.56115005683916 1.661072165381643 0
39.26849132668037 1.620397562205918 0
38.04405735547834 1.067053755631278 0
38.37960243779014 0.7315086733184391 0
38.33892783461661 1.438849943159773 0
1.955942644518156 1.067053755630104 0
1.661072165380309 1.438849943158587 0
1.620397562205884 0.73150867331813 0
1.067053755630065 1.955942644518984 0
0.731508673317793 1.620397562207011 0
1.438849943158286 1.661072165380807 0
29.57193975643231 9.035019026625266 0
29.74110519016545 8.513388899597318 0
30.10444173127448 9.106717097871384 0
35.64969890522869 1.015379603996188 0
36.12958118356849 0.8500003692727284 0
35.82342407104137 1.492303978615133 0
4.350301094759964 1.015379603994079 0
4.1765759289475 1.492303978611423 0
3.870418816421978 0.8500003692701997 0
33.04015595477438 9.846862267042434 0
32.82729048576422 9.387449068169738 0
33.49395715243089 9.387449068169738 0
32.088594480747 4.909864803124569 0
31.74201069847664 4.331041572030606 0
32.42048414337901 4.392725100124128 0
25.94072842930835 4.816385024259785 0
25.4843128210969 4.316247068124198 0
26.18153586272082 4.310273947537589 0
29.4071256467762 2.68553432198447 0
29.22083336416254 3.251914041737749 0
28.86944825066753 2.722047585137 0
29.46019124802962 4.092211534939989 0
28.92251385192094 4.128724798092517 0
29.2340997644759 3.603583344976628 0
9.240365957964032 5.9376501925476 0
8.883859566767377 6.347522905575193 0
8.639097880679886 5.748919348725335 0
29.54917438761372 5.903157648399212 0
29.32933741465233 6.415034065346372 0
28.95257777505737 5.832092085095474 0
10.77062259806105 4.283207554312642 0
11.04751153871747 3.647807503744069 0
11.45450730943421 4.304812046448816 0
19.23105980479133 2.561132303329737 0
19.76721949132599 2.69067171887592 0
19.43323090349135 3.194894789088725 0
20.36888964236012 2.224766907884052 0
20.57106074106013 2.85852939364304 0
20.05167695071818 2.606580370014498 0
8.042197453546178 2.236765279927195 0
8.510027625283184 2.608498813322164 0
7.835797829918893 2.789804680667152 0
9.381183674657089 2.701389609440705 0
9.174784051029805 3.254429010180662 0
8.844774180560913 2.724654895700542 0
25.95580613067189 7.748565477224862 0
25.47065677981174 7.379877509228649 0
26.13251484409277 7.176281409311657 0
24.51358732166054 7.344434716114743 0
24.69029603508142 6.772150648201539 0
25.1101020775589 7.278844818951121 0
30.69381213760246 2.663082357852151 0
31.36519126796582 2.68599204049573 0
31.05382564495916 3.229296575068481 0
32.03889509027399 1.964127002674624 0
32.39890859763068 2.530341219890954 0
31.7014620061337 2.511253201701348 0
24.76233620924696 2.634510056088132 0
25.25786427466128 2.692749938460243 0
24.93499413407971 3.206427366986977 0
26.02647738373015 2.210707446468511 0
26.1991353085629 2.782624757367357 0
25.57389956828208 2.586799286055338 0
23.31662946298078 5.835165877090586 0
22.98349464406773 6.245646268842111 0
22.78709467780414 5.650226244244251 0
28.05428981527168 2.226242004334531 0
28.53123929279139 2.607224505724515 0
27.86799753265802 2.792621724087809 0
23.36388621892147 2.603627817420602 0
23.11523833339185 3.203683696945733 0
22.68329964185059 2.665849211493223 0
22.03076277893477 2.218484610907514 0
22.35001878185392 2.569563409864951 0
21.78211489340515 2.818540490432644 0
23.49497830287288 4.033827448561662 0
22.814391725802 4.096048842634283 0
23.1480113543797 3.561233604730997 0
9.391353505029803 4.120149708337608 0
8.854944010933623 4.143414994597445 0
9.177326508622984 3.609119034904888 0
24.4764329907785 5.914330083906184 0
25.07294774667686 5.84874018674256 0
24.68100745236091 6.4146244901494 0
18.97997144339178 9.839811382464076 0
18.58655244023389 9.359245529856297 0
19.25321910690056 9.359245529856297 0
9.013641079918139 9.860651776521189 0
8.721230986339426 9.442607106084759 0
9.387897653006094 9.442607106084759 0
22.20452325641364 5.057628137025401 0
22.50906812616236 5.455841809227955 0
21.87138843750059 5.468108528776926 0
15.01846622006167 9.841144341382963 0
14.74053154691349 9.364577365531851 0
15.40719821358016 9.364577365531851 0
30.73131059723538 4.107554251474512 0
31.06320025986739 3.590414548474071 0
31.40268972759874 4.130463934118091 0
24.67147019780734 4.071881239582853 0
24.9122776312198 3.565770162860658 0
25.16699826322165 4.130121121954964 0
20.04957812792634 7.688794697936462 0
20.13801180911773 7.029621388663794 0
20.49529962861956 7.463613828862049 0
21.14825673825263 7.887987087750223 0
20.76996928120113 7.513411926315489 0
21.23669041944403 7.228813778477555 0
12.73130807508164 7.839807250497336 0
12.64765205449448 7.168775683809073 0
13.16883258987179 7.478987935838724 0
13.91455579136001 7.715713521083186 0
13.46464451894138 7.447964503485186 0
13.83089977077285 7.044681954394924 0
15.0015173187376 7.828212041929848 0
15.32525390565825 7.339345542758726 0
15.52969704875177 7.773694190853558 0
38.98717904859996 0.1239320625094985 0
39.28204952773822 0.4957282500379942 0
38.61538286107054 0.4957282500379942 0
39.8760679374902 1.012820951396977 0
39.50427174996077 1.384617138925473 0
39.50427174996077 0.7179504722598639 0
0.1239320625094071 1.012820951398375 0
0.4957282500376285 0.717950472260198 0
0.4957282500376285 1.384617138926859 0
1.012820951397498 0.1239320625094945 0
1.38461713892572 0.4957282500379778 0
0.7179504722596514 0.4957282500379778 0
16.72716825190885 6.519125372482684 0
17.31714104291573 6.515792352329495 0
17.02231235772384 6.953389749129158 0
16.71467455348957 7.774251215395719 0
17.01918893311901 7.267171209857417 0
17.30464734449645 7.77091819524253 0
3.011056281325594 9.864685011011856 0
2.710891791969123 9.458740044047422 0
3.377558458635782 9.458740044047422 0
36.984487300467 9.855687074179452 0
36.60461586853469 9.422748296717806 0
37.27128253520135 9.422748296717806 0
20.99999999997116 0.1129980387044879 0
21.333333333305 0.4519921548179516 0
20.66666666663732 0.4519921548179516 0
18.98719757961644 7.785300431774233 0
18.48143210605372 7.754801136366502 0
18.68305795422033 7.297099789206588 0
7.976639791447254 5.040814614786883 0
8.323166339050692 5.524710454285156 0
7.620133400250599 5.450687327814477 0
2.408586620548141 7.418116077257365 0
1.826349757839575 7.35268752461781 0
2.283054216345881 6.921537767864433 0
37.59141337945297 7.418116077258063 0
37.7169457836549 6.92153776786443 0
38.17365024216138 7.352687524618027 0
32.08889850818098 5.222930923570677 0
32.42170025311496 5.644989581908558 0
31.7432268082126 5.583306053815035 0
2.051719160113974 9.046244354445713 0
2.418221337424162 8.64029938748128 0
2.471057511666217 9.254129879905888 0
37.94382442167929 9.037246417613853 0
37.51111681550442 9.218138132576406 0
37.56395298974697 8.604307640152207 0
10.14392510070009 9.210960849005644 0
9.670468658201584 9.280184374205874 0
9.851515007121373 8.792916178569214 0
14.13267392986406 7.94974607631413 0
14.70337232478906 7.980812175318699 0
14.33711707295759 8.384094724408962 0
13.88695546263078 9.16430024157539 0
14.27568745614927 8.687733265724276 0
14.45765385755577 9.195366340579959 0
20.08951988496142 9.167445036371491 0
19.53060621729297 9.19115394333315 0
19.69610088180353 8.686879183763715 0
21.13606870360126 5.771054839142775 0
21.6042747992975 5.64646520430627 0
21.44061357334998 6.169268511345328 0
4.177514833076402 9.198484966413522 0
3.669173096573484 9.292190032897837 0
3.877350343719931 8.792539999449088 0
35.80894278983563 9.181176213237805 0
36.09573802456998 8.74823743577616 0
36.31072974087684 9.254120581482395 0
19.83379567830639 7.916422103347905 0
19.63216983013978 8.374123450507819 0
19.27488201063795 7.940131010309561 0
20.45605621438237 1.940112927506692 0
20.40034323880719 1.467964448505058 0
20.91972702914914 1.7199134721336 0
19.93732780250368 0.8585894673532288 0
20.40099861727045 0.6383900119801368 0
20.27066113583752 1.197583583466692 0
21.4222370117399 6.967559463774498 0
21.51215565038464 6.468394667503259 0
21.89044310743614 6.842969828937993 0
6.999528926008417 0.08720723179958723 0
7.33144903739536 0.348828927198349 0
6.664782370730638 0.348828927198349 0
7.438320482669891 1.133694013394634 0
7.103573927392111 1.395315708793396 0
7.441146926560729 0.6104506225971108 0
6.549431593783595 1.133694013394634 0
6.552258037674432 0.6104506225971108 0
6.881351705170538 1.395315708793396 0
12.99914197088792 0.06469492374267007 0
13.32990121696588 0.2587796949706803 0
12.66323455030116 0.2587796949706803 0
13.43329006631346 0.8410340086547109 0
13.09738264572669 1.035118779882721 0
13.43843824082226 0.4528644661986905 0
12.54440117742716 0.8410340086547109 0
12.54954935193597 0.4528644661986905 0
12.87516042350512 1.035118779882721 0
26.99999999999998 9.911111111111147 0
26.66666666666664 9.644444444444586 0
27.33333333333331 9.644444444444586 0
26.55555555555553 8.844444444444898 0
26.88888888888887 8.577777777778335 0
26.55555555555553 9.377777777778022 0
27.44444444444443 8.844444444444898 0
27.44444444444443 9.377777777778022 0
27.11111111111109 8.577777777778335 0
27.00040682624969 0.08690533808724422 0
27.33496063839172 0.3476213523489769 0
26.66829397172404 0.3476213523489769 0
27.44973318592754 1.129769395134175 0
27.11762033140188 1.390485409395908 0
27.44729222831117 0.6083373666107096 0
26.5608442970373 1.129769395134175 0
26.55840333942093 0.6083373666107096 0
26.89539810917932 1.390485409395908 0
33.00301116938426 0.06693341829327863 0
33.34537801090261 0.2677336731731145 0
32.67871134423494 0.2677336731731145 0
33.48358964656743 0.8701344378126222 0
33.15928982141812 1.070934692692458 0
33.46552263019841 0.4685339280529504 0
32.59470075767721 0.8701344378126222 0
32.57663374130818 0.4685339280529504 0
32.93706759919557 1.070934692692458 0
10.84337204166082 7.10585655646889 0
10.53303943032856 6.781054794140221 0
11.24084663848626 7.03030995071439 0
10.54578454054203 6.138989715919775 0
10.94325913736747 6.063443110165276 0
10.45864255504886 6.539338084002942 0
11.4895274847523 6.471329924685334 0
11.40238549925913 6.871678292768501 0
11.17919487342004 6.146528162356666 0
11.61678656507984 6.458933907120397 0
11.68823119473019 6.096944092096913 0
11.91142182056928 6.822094222508749 0
12.20015258480004 5.977841487575581 0
12.49478784028948 6.341001802963934 0
11.83407269966024 5.97667098721071 0
12.49774008591883 6.944708328124695 0
12.13166020077903 6.943537827759823 0
12.56918471556918 6.582718513101213 0
35.42208001018626 6.883695979525545 0
34.93603742690238 6.736005636558615 0
35.83926313384789 6.685105505522682 0
34.68221061964474 6.225067766276581 0
35.09939374330637 6.026477292273719 0
34.751070079267 6.571348583246373 0
35.88651156223876 6.157200924895339 0
35.95537102186101 6.503481741865131 0
35.40046897895488 6.009510581928409 0
4.536225817963128 6.95560687609408 0
4.13828615823143 6.723826757521476 0
5.012646669280003 6.824511355412814 0
4.110281193767766 6.162732532325446 0
4.586702045084642 6.03163701164418 0
4.031800002182589 6.525608171579317 0
5.276095208499197 6.296978662847232 0
5.19761401691402 6.659854302101103 0
4.878155548767499 6.065198544274627 0
6.323556739828271 5.952083550668891 0
5.975055627207388 6.284152641722328 0
6.338078062065452 5.488721126228935 0
5.413582202488825 6.219784560891448 0
5.428103524726005 5.756422136451492 0
5.747561992872527 6.351077894277967 0
5.897612115632909 5.159209206900257 0
6.231591906016611 5.290502540286776 0
5.549111003012026 5.491278297953694 0
33.65040077947575 6.074802917065607 0
33.65873484989649 5.689544813264297 0
33.98205630267364 6.300447833695571 0
34.11483233152825 5.348307862435401 0
34.44648785472614 5.573952779065365 0
33.77484273790962 5.507921049606746 0
34.54592760189778 6.162845223010432 0
34.20593800827915 6.322458410181778 0
34.55426167231852 5.777587119209123 0
17.64149542502111 0.9806709561407155 0
18.01323953085547 0.7431280423398295 0
17.7237879647213 1.379039198784436 0
18.74253642684633 0.8783808428633145 0
18.82482896654652 1.276749085507035 0
18.28849978131177 0.7175555140204795 0
18.3566010053341 1.726262384789457 0
17.90256435979954 1.565437055946622 0
18.72834511116846 1.48871947098857 0
6.435300902583077 1.205061081099215 0
6.424828940368465 1.680783979611717 0
6.095735272872361 0.895918893415432 0
5.954621497063158 2.061465893554179 0
5.615055867352441 1.752323705870396 0
6.304659088988486 1.894885182725458 0
5.515829940401685 1.014979111959132 0
5.865867532327012 0.8483984011304114 0
5.505357978187074 1.490702010471634 0
33.59772033776835 0.941501505517334 0
33.92204539500207 0.7540021988717974 0
33.61581258622178 1.356402963511305 0
34.48671015499615 0.9947052984545303 0
34.50480240344957 1.409606756448501 0
34.14429284930902 0.7673031471060963 0
34.07839974328909 1.797906317973874 0
33.73598243760196 1.57050416662544 0
34.4027248005228 1.610407011328337 0
33.53736557761076 6.107507739375134 0
33.52991549521368 6.431267122933677 0
33.20659404243653 5.820364102502404 0
33.07646997765292 6.588007913034278 0
32.74569844247869 6.300864276161548 0
33.41469159522422 6.551392166348463 0
32.64537470728339 5.773470552459245 0
32.98359632485469 5.736854805773432 0
32.6379246248863 6.09722993601779 0
6.437890901006941 5.983541337539041 0
6.795414706780129 5.614552273709536 0
6.432392271922065 6.40998378920293 0
7.38395621095561 5.568160436212214 0
7.378457581870734 5.994602887876103 0
7.031931034267296 5.510707048377829 0
6.899926297811523 6.628735790203405 0
6.547901121123211 6.571282402369022 0
7.257450103584712 6.2597467263739 0
35.43064800398587 6.998481342126465 0
35.87353510904634 7.144246955926364 0
34.97030940210083 7.195147086962296 0
35.99789548163374 7.649410638707304 0
35.5375568797487 7.846076383543135 0
36.0153469784583 7.306979280071573 0
34.79359453903974 7.717277480088547 0
34.8110460358643 7.374846121452816 0
35.2364816441002 7.863043093888447 0
4.526900660923883 7.071084806723454 0
4.975346041123026 7.286423077930311 0
4.100985530074452 7.185738480038972 0
5.154868166989025 7.798191761029099 0
4.728953036139593 7.912845434344617 0
5.132337917639312 7.468199816506722 0
3.989054152257592 7.663945630507313 0
3.96652390290788 7.333953685984937 0
4.437499532456735 7.879283901714171 0
12.15777755002965 5.139406726735866 0
12.57725687896906 5.198060769727789 0
11.97953403278009 5.386429456505243 0
13.03873107086864 5.625181147740165 0
12.86048755361908 5.872203877509542 0
12.7974952591788 5.319504374978863 0
12.24176727595003 5.876339396776771 0
12.00053146426019 5.570662624015469 0
12.66124660488943 5.934993439768694 0
13.54352538763859 0.9033864632354865 0
13.87937952612279 0.7022742845217929 0
13.53832393102722 1.284528598205824 0
14.43220114811464 0.8752768332927533 0
14.42699969150327 1.25641896826309 0
14.1015484662418 0.6952468770361095 0
13.97746035465388 1.651615918204794 0
13.64680767278105 1.47158596194815 0
14.31331449313808 1.4505037394911 0
34.62876765396303 9.218233989660694 0
34.25669586405311 9.402351687173953 0
34.70837081441292 8.896468541467717 0
33.74271376146974 9.280193918772079 0
33.82231692191962 8.958428470579102 0
34.03518239092978 9.417841669451798 0
34.34494702861616 8.605683057830433 0
34.6374156580762 8.743330808510152 0
33.97287523870623 8.789800755343691 0
27.56087057813774 1.196075042292164 0
27.89184179715197 0.8735599552426671 0
27.56216990024267 1.655707998027865 0
28.44519292498224 0.948878751141106 0
28.44649224708717 1.408511706876807 0
28.11292238386308 0.8117608824549024 0
28.00563039576985 1.991742808188037 0
27.6733598546507 1.854624939501833 0
28.33660161478407 1.669227721138539 0
7.549800867432157 1.200756148822556 0
7.887068465609791 0.8786991643087987 0
7.549495466441175 1.663564250505084 0
8.448773927917877 0.9590149923625727 0
8.448468526926895 1.4218230940451 0
8.111811730731223 0.8182638751938027 0
7.998676595693055 2.00550177395762 0
7.6617143985064 1.86475065678885 0
8.33594419387069 1.683444789443862 0
12.43599761100759 0.9064116650060905 0
12.44154615782683 1.29662940528824 0
12.11593508625768 0.714375091604209 0
12.02404370285901 1.690943541222645 0
11.7039811781091 1.498906967820764 0
12.33855768078969 1.492762374342378 0
11.58989560743348 0.9146044563106043 0
11.90440958536415 0.7164232894303373 0
11.59544415425272 1.304822196592753 0
27.55222186580268 8.778519089081113 0
27.54222079654411 8.314076356323197 0
27.87555412987745 9.114076356322883 0
27.95666203321286 7.987414824715695 0
28.27999429728763 8.322972091957464 0
27.64333083839666 8.116300290231843 0
28.4011064776573 9.054081491381943 0
28.0877752828411 9.18296695689809 0
28.39110540839873 8.589638758624027 0
26.44497873359838 8.77817734443571 0
26.11324826772692 9.11270937774127 0
26.44658160106026 8.312709377741584 0
25.562501314557 9.0496388109917 0
25.56410418201888 8.584170844297573 0
25.89262891296658 9.180574744380266 0
26.00694575900145 7.982972144325451 0
26.33707335741103 8.11390807771402 0
25.67521529312999 8.31750417763101 0
1.031166351010135 9.931796611952821 0
0.7913320707072291 9.727186447811286 0
1.457998737373891 9.727186447811286 0
0.9607181186873944 9.11335595538668 0
1.387550505051151 8.908745791245144 0
0.7737200126265439 9.522576283669752 0
1.849607007576277 9.11335595538668 0
1.662608901515427 9.522576283669752 0
1.609772727273372 8.908745791245144 0
0.0682033880471785 8.968833648989857 0
0.2728135521887141 8.542001262626099 0
0.2728135521887141 9.208667929292766 0
0.8866440446133207 8.150392992423713 0
1.091254208754856 8.390227272726625 0
0.4774237163302495 8.337391098484561 0
0.8866440446133207 9.039281881312604 0
0.4774237163302495 9.226279987373452 0
1.091254208754856 8.612449494948846 0
38.96883364898991 9.931796611952867 0
38.54200126262631 9.727186447811468 0
39.20866792929298 9.727186447811468 0
38.15039299242441 9.113355955387268 0
38.39022727272748 8.908745791245869 0
38.33739109848494 9.522576283670068 0
39.03928188131331 9.113355955387268 0
39.22627998737383 9.522576283670068 0
38.61244949494971 8.908745791245869 0
39.93179661195288 8.968833648988451 0
39.7271864478115 9.208667929292167 0
39.7271864478115 8.542001262624494 0
39.11335595538738 9.039281881313082 0
38.90874579124601 8.612449494949125 0
39.52257628367013 9.226279987373324 0
39.11335595538738 8.150392992422852 0
39.52257628367013 8.337391098483094 0
38.90874579124601 8.390227272726568 0
17.93376517682127 2.516717216373126 0
17.88116398492139 2.206141031217273 0
18.37295614845567 2.633646516472027 0
18.37908329393411 1.844419789422719 0
18.81827426556851 1.96134908952162 0
17.99249351419959 2.038066674479671 0
19.03480617864649 2.414427103095725 0
18.64821639891197 2.608073988152677 0
18.98220498674661 2.103850917939872 0
27.069522174081 3.654440777886857 0
27.22594680474533 3.197281747868576 0
27.2297845975087 4.07351154359099 0
27.70033775375613 2.994111052110284 0
27.86060017718382 3.413181817814416 0
27.38365069966411 3.032199316424432 0
27.70545481077396 4.162417446406837 0
27.38876775668194 4.200505710720985 0
27.86187944143828 3.705258416388555 0
26.96624136375125 3.65389737101984 0
26.81666135618968 4.07133791612292 0
26.81282356342631 3.195108120400506 0
26.36280427648715 4.155353157135608 0
26.20938647616221 3.696563906516275 0
26.66580208437366 4.196701862651863 0
26.35768721946931 2.987046762839056 0
26.66068502735583 3.02839546835531 0
26.20810721190775 3.404487307942137 0
6.899810725499904 3.56918064187128 0
6.72210297718032 3.977972470290512 0
6.743278747836588 3.169231389933502 0
6.217214093096594 4.126026515072197 0
6.060682115433278 3.726077263134419 0
6.551453819079492 4.117183938590742 0
6.245448453971619 3.047705074596184 0
6.579688179954517 3.038862498114728 0
6.067740705652035 3.456496903015415 0
26.45474344846062 1.194916347520084 0
26.4709947148726 1.651073218939543 0
26.13399994511422 0.8689251761543447 0
26.07042215443071 1.976679776150989 0
25.74967865108431 1.65068860478525 0
26.37491439136513 1.846514076097269 0
25.62109579475286 0.9338157191040585 0
25.92558803168728 0.8036500190503384 0
25.63734706116484 1.389972590523517 0
32.48318082431306 0.9349469651959447 0
32.49098786573899 1.330184802225748 0
32.13055400785161 0.7277840375862402 0
32.0338305128336 1.712697293795814 0
31.68120369637215 1.50553436618611 0
32.37865028786913 1.524622384375715 0
31.55325203565042 0.9094962742764704 0
31.89807181068595 0.7214213648563718 0
31.56105907707635 1.304734111306274 0
7.008674908393179 3.564080545037312 0
7.178735479409696 3.148831002597628 0
7.157559708753426 3.957572082954639 0
7.660682831584213 2.981403815754591 0
7.80956763194446 3.374895353671917 0
7.341737460207454 3.003161820276948 0
7.632448470709189 4.059725256230604 0
7.313503099332428 4.081483260752962 0
7.802509041725703 3.64447571379092 0
26.95692673649971 6.295210066585979 0
26.79021080009208 6.755617740471266 0
26.79771002927344 5.88066224564523 0
26.30006196311102 6.97023343569241 0
26.14084525588477 6.555685614751661 0
26.62599460674491 6.924373582747872 0
26.31006093535284 5.803626109257697 0
26.63599357898673 5.75776625631316 0
26.14334499894521 6.264033783142984 0
27.06492837820972 6.295097820558009 0
27.22971659611352 5.880213261533349 0
27.22221736693216 6.755168756359384 0
27.71408227758309 5.802166910894083 0
27.87137126630553 6.262237846695458 0
27.39200507095687 5.756980534117368 0
27.70408330534128 6.968774237328795 0
27.38200609871505 6.92358786055208 0
27.86887152324508 6.553889678304135 0
33.55078452242399 4.342851462834308 0
33.21346882721982 4.508934430004143 0
33.54615047889089 3.970398363702409 0
32.64509727716876 4.289135243111336 0
32.64046323363566 3.916682143979437 0
32.98704701590601 4.4955053750734 0
33.08867281273019 3.571087154709023 0
33.43062255146744 3.777457286671087 0
32.75135711752602 3.737170121878858 0
33.53756684734723 2.716480063771092 0
33.53903326923418 3.094659918052985 0
33.19720091943304 2.507246554234031 0
33.08765606849352 3.445981662473391 0
32.74729014057932 3.236748152936331 0
33.42655557452075 3.27703531772856 0
32.63187960209199 2.66276384404812 0
32.97077910811922 2.493817499303288 0
32.63334602397894 3.040943698330013 0
5.359477586753029 9.227647046184609 0
5.271868025093126 8.90918831853344 0
5.730357444613342 9.40883835198219 0
5.620358566140374 8.620012180178264 0
5.991238424000688 8.801203485975847 0
5.337088269939962 8.757279602031856 0
6.231677792167329 9.2862122247766 0
5.948407495966918 9.42347964663019 0
6.144068230507426 8.967753497125431 0
33.01115117349485 7.36375660401382 0
32.55894554506312 7.36651655128848 0
33.24656927761281 7.107708819277584 0
32.11916030316748 7.029719417097933 0
32.35457840728543 6.773671632361697 0
32.33594782748127 7.283007254559507 0
33.03599194656708 6.684642441083407 0
33.25277947088087 6.937930278544981 0
32.58378631813533 6.687402388358066 0
11.89334846341441 8.764526950539336 0
11.75579520424355 9.147334436584003 0
11.71931493412641 8.329489109698672 0
11.29449506657477 9.205296458870899 0
11.12046153728676 8.770258618030235 0
11.60608185503364 9.257526813666894 0
11.24585470641858 8.114836023023791 0
11.55744149487745 8.167066377819786 0
11.10830144724771 8.497643509068459 0
29.55548838757279 0.9267859404371842 0
29.88743756755455 0.7233896396392151 0
29.55434076411095 1.320140464061119 0
30.43915603624169 0.9088685031411812 0
30.43800841277985 1.302223026765116 0
30.10835447972177 0.7189102803152144 0
29.99502696498356 1.704536269037054 0
29.66422540846364 1.514578046211087 0
30.32697614496533 1.501139968239085 0
34.66666892591979 7.782340485678002 0
34.7287791916204 8.123295116246267 0
34.3033435833845 7.635098143810638 0
34.34786251107437 8.495229711370227 0
33.98453716853908 8.347987369502862 0
34.64907758790904 8.301517422669322 0
33.78061503342649 7.844300414789387 0
34.08183011026117 7.650588126088484 0
33.84272529912711 8.185255045357652 0
21.63426978914829 4.190433291896301 0
21.32520931090506 4.36229836741385 0
21.61592205107364 3.877437804034214 0
20.78564486306684 4.231412842793648 0
20.7672971249922 3.91841735493156 0
21.1130530793847 4.372543255138186 0
21.17326184995829 3.584932091620799 0
21.50067006627615 3.726062503965338 0
20.86420137171507 3.756797167138347 0
4.986093768201415 9.944483329616807 0
4.611041739472455 9.777933318467221 0
5.277708406139118 9.777933318467221 0
4.37477454217446 9.278283285018473 0
4.666389180112163 9.111733273868888 0
4.458211932965717 9.611383307317638 0
5.263663431063343 9.278283285018473 0
5.3471008218546 9.611383307317638 0
4.888611402334384 9.111733273868888 0
35.0131490685585 9.943790761588197 0
34.71926294090065 9.775163046352786 0
35.38592960756731 9.775163046352786 0
34.72649344681601 9.26927990064655 0
35.09927398582484 9.100652185411137 0
34.64759903546503 9.606535331117373 0
35.6153823357049 9.26927990064655 0
35.53648792435392 9.606535331117373 0
35.32149620804707 9.100652185411137 0
6.910290992727692 7.459192520405986 0
6.686761552079393 7.204565195362054 0
7.376830204282592 7.430738344930393 0
6.936264766405428 6.742247419654707 0
7.402803977960329 6.713793244179114 0
6.693254995498827 7.025328920174235 0
7.85635630267636 7.043811619079158 0
7.61334653176976 7.326893119598684 0
7.632826862028062 6.789184294035227 0
13.9760601769981 1.776747180041609 0
14.30771378251495 1.951028786838363 0
13.64120696215792 1.972111009295413 0
14.41399883858946 2.501983237171356 0
14.07914562374928 2.697347066425159 0
14.41719844791279 2.1323378011208 0
13.52532307811342 2.530092867114089 0
13.52852268743675 2.160447431063533 0
13.85697668363027 2.704374473910843 0
10.48001179906188 0.9169716679958562 0
10.48924225408996 1.314291043333761 0
10.13154101853667 0.7258921361713448 0
10.03999863843648 1.72171729313092 0
9.691527857911275 1.530637761306408 0
10.37923896393361 1.515477449617527 0
9.563063657698768 0.9371854169143651 0
9.902303983195894 0.7309455734009719 0
9.572294112726846 1.33450479225227 0
21.99961601801526 8.805219692004414 0
22.136267527714 8.376370397647134 0
22.17071839162722 9.165243305054503 0
22.59215654202786 8.141653057785122 0
22.76325891563981 8.501676670835215 0
22.28440265871715 8.210478739092311 0
22.63809102724548 9.19348360099495 0
22.33033714393477 9.262309282302139 0
22.77474253694422 8.764634306637673 0
12.00116186152631 8.762264186181667 0
12.15056852657398 8.320438052267995 0
12.18704879669112 9.138283379153327 0
12.6474288818732 8.085420086374093 0
12.83331581703801 8.461439279345754 0
12.3121352816607 8.151227027316104 0
12.69606924202939 9.175880522221201 0
12.36077564181689 9.24168746316321 0
12.84547590707706 8.734054388307529 0
39.92964076942628 5.003929056632479 0
39.71856307770511 5.349049559886294 0
39.71856307770511 4.68238289321866 0
39.08533000254157 5.495522180757561 0
38.8742523108204 5.173976017343743 0
39.50748538598393 5.471947840917565 0
39.08533000254157 4.606633291867382 0
39.50748538598393 4.583058952027385 0
38.8742523108204 4.951753795121198 0
0.0703592305736539 5.003929056639773 0
0.2814369222946156 4.682382893225792 0
0.2814369222946156 5.349049559892459 0
0.9146699974575005 4.606633291872739 0
1.125747689178462 4.951753795125424 0
0.4925146140155772 4.583058952034033 0
0.9146699974575005 5.495522180761629 0
0.4925146140155772 5.471947840922923 0
1.125747689178462 5.173976017347647 0
15.44151251724466 4.279431319888991 0
15.73177537499034 3.918607290224637 0
15.53780172992873 4.60605079293075 0
16.34393242147856 3.75272653817306 0
16.44022163416263 4.079346011214819 0
15.95738035104882 3.786931094795654 0
16.08530089472974 4.669317875114545 0
15.6987488243 4.703522431737139 0
16.37556375247542 4.308493845450191 0
16.0933634077135 5.500921218795511 0
15.8887983632581 5.263776123111184 0
16.53405339402891 5.4219794734942 0
16.13544327091966 4.763278636568892 0
16.57613325723507 4.684336891267582 0
15.89931832905964 5.079365477554529 0
16.9957833119474 4.97421643707958 0
16.75965837008738 5.290303278065217 0
16.791218267492 4.737071341395254 0
21.59304063184192 2.982965324076085 0
21.59372173560099 3.227262744438713 0
21.27446573268184 2.876183945481275 0
21.17009037631934 3.492049940250013 0
20.85151547715926 3.385268561655204 0
21.48798417172034 3.354533898482195 0
20.74441570576047 3.023944874973429 0
21.06230950116148 2.886428833205611 0
20.74509680951954 3.268242295336057 0
4.996980419905259 0.07136706770458033 0
5.32125501296892 0.2854682708183213 0
4.654588346303459 0.2854682708183213 0
5.405189903272621 0.9277718801595444 0
5.062797829670822 1.141873083273285 0
5.423307383810761 0.4995694739320624 0
4.51630101438534 0.9277718801595444 0
4.53441849492348 0.4995694739320624 0
4.840575607449002 1.141873083273285 0
35.00301958008208 0.07136706770471167 0
35.34541165368483 0.2854682708188467 0
34.67874498701715 0.2854682708188467 0
35.48369898560282 0.9277718801612517 0
35.15942439253789 1.141873083275387 0
35.46558150506501 0.4995694739329816 0
34.59481009671259 0.9277718801612517 0
34.57669261617477 0.4995694739329816 0
34.93720217031534 1.141873083275387 0
10.81826655035075 7.22315958554228 0
11.14042467324597 7.499522067007951 0
10.43261746508827 7.250266910433782 0
11.16315609772137 7.996269302639401 0
10.7775070124589 8.023376627530903 0
11.22664706008863 7.69279949628223 0
10.2194131535111 7.663929093873843 0
10.28290411587836 7.360459287516672 0
10.54157127640633 7.940291575339514 0
16.42639184171819 2.638270940901261 0
16.74996089851153 2.586161095715082 0
16.26209501124532 3.034905547692782 0
17.07018021920327 3.028157496126815 0
16.9058833887304 3.424792102918336 0
16.9109079928828 2.683632734521471 0
16.41969236951499 3.626483432097081 0
16.26042014319452 3.281958670491738 0
16.74326142630833 3.574373586910903 0
17.84145347065223 2.607592433412561 0
18.00370932377953 2.997147384629768 0
17.51191716024524 2.569641899375014 0
17.83475399844903 3.595804924608382 0
17.50521768804204 3.557854390570835 0
18.00203445572873 3.244200507428724 0
17.17903111373665 3.025797610935376 0
17.34631157101635 2.674193193755718 0
17.34128696686394 3.415352562152583 0
21.89455186299686 8.80448638268164 0
21.75046177155363 9.162310067763407 0
21.71601090764042 8.373437160356039 0
21.27225701200634 9.183950579798884 0
21.0937160566499 8.752901357473283 0
21.594888058806 9.257176117042718 0
21.22632252678872 8.132120036589058 0
21.54895357358839 8.205345573832894 0
21.08223243534549 8.489943721670826 0
19.29208838522398 6.256898029514701 0
19.39864912009831 5.973388445680523 0
19.52468841616853 6.598736328108646 0
19.8863837194816 5.956656870748817 0
20.11898375042616 6.298495169342762 0
19.54722295366271 5.898328155989051 0
20.0544361142419 6.790454047319649 0
19.71527534842301 6.732125332559883 0
20.16099684911623 6.50694446348547 0
23.49838276980203 0.8771638067321595 0
23.87544675916884 0.6978276541916162 0
23.49906362319126 1.25999316873902 0
24.5047945459658 0.9093732159665256 0
24.50547539935502 1.292202577973387 0
24.12704970320978 0.7058800065002077 0
24.00295036466236 1.658927235363065 0
23.62520552190634 1.455434025896747 0
24.38001435402917 1.479591082822521 0
29.58190483542484 2.554122013025461 0
29.56856500526205 2.196398349300961 0
29.91995011875707 2.72626480590171 0
29.99705899943372 1.829715966928459 0
30.33510428276595 2.001858759804708 0
29.67235354626427 2.01529683777671 0
30.46557248409374 2.536204575729458 0
30.14086703092429 2.721785446577709 0
30.45223265393096 2.178480912004958 0
15.27183008537109 2.502437939108008 0
15.23600069554005 2.865268866607904 0
15.00543604086964 2.341785349412577 0
14.8210929864864 3.255783626180488 0
14.55469894198495 3.095131036485057 0
15.12331642081888 3.053605288376023 0
14.51367344692584 2.557805603253386 0
14.81589688125833 2.355627265448922 0
14.47784405709481 2.920636530753281 0
5.279882142945644 7.863664438770569 0
5.632393821465791 7.730090527472601 0
5.229008939966074 8.174736145310495 0
6.152082348359943 7.922229617362557 0
6.101209145380373 8.233301323902484 0
5.850443872819366 7.744731822120598 0
5.614235839693652 8.515090441146414 0
5.312597364153075 8.337592645904458 0
5.966747518213801 8.381516529848449 0
22.84461971566038 7.211855811913352 0
23.21072294257506 7.20418006801935 0
22.59126951875369 7.518405231444254 0
23.4830947248906 7.600119720903887 0
23.2297445279839 7.906669140434791 0
23.37034169488262 7.301246045266985 0
22.6571568264621 8.019086605470426 0
22.54440379645412 7.720212929833523 0
23.02326005337678 8.011410861576426 0
16.99976966575734 9.948701501151431 0
16.6657453296962 9.794806004605723 0
17.33241199636287 9.794806004605723 0
16.55256121040167 9.333119514968601 0
16.88520354100719 9.179224018422893 0
16.55394321585728 9.640910508060015 0
17.44145009929056 9.333119514968601 0
17.44283210474617 9.640910508060015 0
17.10742576322941 9.179224018422893 0
10.48001179906166 2.554008705030127 0
10.1315410185364 2.740706950982755 0
10.48924225408985 2.195772524813753 0
9.563063657698542 2.574222453948636 0
9.572294112726729 2.215986273732261 0
9.902303983195623 2.745760388212382 0
10.03999863843647 1.847643219056633 0
10.37923896393355 2.01918115332038 0
9.691527857911209 2.034341465009261 0
22.80140442474061 7.124037731022892 0
22.4184083550746 7.167132907882415 0
23.03786177889597 6.852907744457511 0
22.09535804450509 6.877451553894445 0
22.33181539866046 6.606321567329064 0
22.24189676001573 7.105486363600303 0
22.92129594293359 6.458484669327905 0
23.06783465844422 6.686519479033763 0
22.53829987326759 6.501579846187429 0
19.02255509462377 0.06213261905406173 0
19.42355371192458 0.2485304762162469 0
18.7568870452569 0.2485304762162469 0
19.73766067493677 0.8077240477028026 0
19.4719926255699 0.994121904864988 0
19.60233010700283 0.4349283333784322 0
18.84877178604653 0.8077240477028026 0
18.71344121811259 0.4349283333784322 0
19.24977040334734 0.994121904864988 0
31.95235203979973 8.879980983696605 0
31.78299677799464 9.19628586544127 0
31.78827905423552 8.461013479310301 0
31.2819740275672 9.164837329167305 0
31.11790104200297 8.745869824781 0
31.61540227493651 9.267499951808945 0
31.28901706255503 8.184474147659344 0
31.62244530992434 8.287136770300984 0
31.11966180074993 8.50077902940401 0
20.1723078792606 5.176476441795244 0
20.60803548575207 5.268986681684698 0
19.87261346304111 5.391622975370045 0
20.93465560827852 5.710032459600192 0
20.63496119205903 5.925178993174993 0
20.79862241800655 5.402375686135934 0
19.95409291133058 5.873547517847321 0
19.8180597210586 5.565890744383064 0
20.38982051782205 5.966057757736775 0
14.75963129852371 6.29815415094388 0
14.49115861809399 6.64245021058386 0
14.66891200252925 5.99213161232489 0
13.92274508938519 6.808246925158507 0
13.83202579339073 6.502224386539517 0
14.28193706580936 6.769973404137517 0
14.15974960196553 5.941155460813214 0
14.51894157838971 5.902881939792223 0
13.89127692153582 6.285451520453194 0
23.57862968339402 2.466052695620923 0
23.54227349974079 2.115548724294509 0
23.97421219128205 2.653383209747018 0
24.00912320416944 1.781149457585277 0
24.40470571205747 1.968479971711372 0
23.64989687993464 1.944322914785597 0
24.58504145955778 2.49826210485529 0
24.22581513532299 2.66143556205561 0
24.54868527590456 2.147758133528875 0
12.58584166687577 4.107330283108144 0
12.58423473753887 3.799723884268646 0
12.90506864307141 4.246755248059766 0
13.00719249023823 3.472946506138315 0
13.32641946643388 3.612371471089938 0
12.68957244337948 3.641127940026189 0
13.43497103094829 4.068988324526474 0
13.11735098408955 4.237169758414349 0
13.43336410161139 3.761381925686977 0
8.846635500728475 7.37489516913912 0
9.188871345099928 7.358595118986014 0
8.568122937557479 7.707573100727209 0
9.387914334824357 7.774998944181622 0
9.109401771653362 8.107676875769711 0
9.324191053623899 7.45862106274664 0
8.560249791434424 8.240302919836546 0
8.496526510233968 7.923925038401566 0
8.902485635805879 8.22400286968344 0
19.18636761030666 6.278529315477665 0
19.10180531649923 6.685261471960504 0
18.97576602042901 6.059913589532381 0
18.68006604031666 7.071660764838189 0
18.46946445043901 6.853045038892904 0
18.97522992400173 6.883544334300635 0
18.51201364555636 6.237863588267357 0
18.80717752924144 6.049747157729803 0
18.42745135174894 6.644595744750196 0
29.00002628108226 0.06630564715798937 0
29.33343845771285 0.2652225886319575 0
28.66677179104517 0.2652225886319575 0
29.44478609871437 0.8619734130538618 0
29.11153160867728 1.06089035452783 0
29.44462841212087 0.4641395301059255 0
28.55589720982412 0.8619734130538618 0
28.55573952323063 0.4641395301059255 0
28.88930938645472 1.06089035452783 0
31.1678802514036 7.212736325077557 0
30.97792814273127 6.921837706740646 0
31.56641504855244 7.285197939553569 0
31.19272102447583 6.533622162147144 0
31.59125582162466 6.606083776623156 0
30.98413833599933 6.752059166008043 0
31.97737023223738 7.018102472564375 0
31.76878754376088 7.236539476425274 0
31.78741812356505 6.727203854227464 0
17.00487575187642 0.07065679516051183 0
17.35283634094336 0.2826271806420473 0
16.68616967427586 0.2826271806420473 0
17.50782921925419 0.918538337086654 0
17.18912314165363 1.13050872256819 0
17.4785747077878 0.4945975661235829 0
16.61894033036419 0.918538337086654 0
16.58968581889781 0.4945975661235829 0
16.96690091943114 1.13050872256819 0
14.01877059083862 5.113061844091345 0
14.26998700608343 5.354004985558141 0
13.57933005478927 5.183875063688433 0
14.10276031675899 5.849994514132248 0
13.66331978070964 5.920807733729336 0
14.29098443756352 5.538238153068367 0
13.1818843817001 5.623154618305971 0
13.37010850250464 5.311398257242089 0
13.43310079694491 5.864097759772766 0
9.000369273635869 0.06706213542792197 0
9.334810427922667 0.2682485417116878 0
8.668143761257946 0.2682485417116878 0
9.449245001896768 0.8718077605629855 0
9.117019489518844 1.072994166846751 0
9.447029359987893 0.4694349479954537 0
8.560356113010471 0.8718077605629855 0
8.558140471101597 0.4694349479954537 0
8.894797267297269 1.072994166846751 0
11.00270754466977 0.06537765635137957 0
11.34416351207577 0.2615106254055182 0
10.67749684541105 0.2615106254055182 0
11.47964252540749 0.8499095325679341 0
11.15443182614877 1.046042501622073 0
11.4633972572602 0.4576435944596569 0
10.59075363652119 0.8499095325679341 0
10.5745083683739 0.4576435944596569 0
10.93220960392719 1.046042501622073 0
28.99666631024712 9.934074644636214 0
28.65333190765523 9.73629857854486 0
29.31999857432189 9.73629857854486 0
28.51221758876841 9.142970380270796 0
28.83554985284318 8.945194314179444 0
28.53221972728555 9.538522512453506 0
29.4011064776573 9.142970380270796 0
29.42110861617444 9.538522512453506 0
29.0577720750654 8.945194314179444 0
25.00053428915392 9.933732899990813 0
24.66880382328247 9.734931599963248 0
25.33547048994914 9.734931599963248 0
24.562501314557 9.138527699880553 0
24.89743751535222 8.939726399852988 0
24.55929557963324 9.536130299935683 0
25.4513902034459 9.138527699880553 0
25.44818446852213 9.536130299935683 0
25.11965973757444 8.939726399852988 0
10.98307922395399 9.945859089373705 0
10.59898356248281 9.78343635749482 0
11.26565022914948 9.78343635749482 0
10.33558546695815 9.29616816185816 0
10.61815647215364 9.133745429979273 0
10.43711012323385 9.621013625615932 0
11.22447435584704 9.29616816185816 0
11.32599901212274 9.621013625615932 0
10.84037869437586 9.133745429979273 0
35.72395812399574 4.453578649174616 0
35.31654028101399 4.650083553950709 0
35.75818531291389 4.053042298906392 0
34.68314679460195 4.443543261553233 0
34.7173739835201 4.043006911285009 0
35.05633744866554 4.647574707045362 0
35.27200683713514 3.647488254827477 0
35.64519749119874 3.851519700319608 0
34.86458899415339 3.843993159603571 0
4.259680290907705 4.454988133913305 0
4.176368346727699 4.058680237856769 0
4.61801337862609 4.655721492903137 0
4.515292556718866 3.665811556415651 0
4.873625644437251 3.866544915405482 0
4.24027141318049 3.861386093482356 0
5.104152599250055 4.461866563144141 0
4.829131455711678 4.657441100210845 0
5.020840655070049 4.065558667087605 0
22.20616301414522 4.869653881521372 0
21.8779474684269 4.716211506760807 0
22.51562715708867 4.703944787211835 0
21.74354041615431 4.239528756413819 0
22.05300455909776 4.073819662104283 0
21.76229181892917 4.558680225483918 0
22.59378000103667 4.223173130348523 0
22.61253140381153 4.542324599418623 0
22.26556445531835 4.069730755587959 0
30.99959117773352 0.06481252738332242 0
31.33169804430878 0.2592501095332898 0
30.6650313776411 0.2592501095332898 0
31.4391297551443 0.8425628559831918 0
31.10456995505188 1.037000438133159 0
31.44158268866147 0.4536876916832571 0
30.55024086625406 0.8425628559831918 0
30.55269379977123 0.4536876916832571 0
30.88234773282932 1.037000438133159 0
25.00501026251186 0.06514695238590877 0
25.3533743834495 0.2605878095436351 0
24.68670771678181 0.2605878095436351 0
25.50957785737219 0.846910381016814 0
25.19127531164215 1.04235123817454 0
25.47951628216458 0.4560286667013614 0
24.62068896848194 0.846910381016814 0
24.59062739327434 0.4560286667013614 0
24.96905308941959 1.04235123817454 0
12.56787150879446 2.634408796166938 0
12.88295152543288 2.433928802593667 0
12.57455849857201 3.006612314377228 0
13.41700087286698 2.596066837585268 0
13.42368786264453 2.968270355795558 0
13.09523386645101 2.424343312948249 0
13.00581017038582 3.359644853296684 0
12.68404316396985 3.187921328659665 0
13.32089018702424 3.159164859723413 0
35.70365869329189 2.789465527686467 0
35.74725485022719 3.156981387335851 0
35.29155636630156 2.601944327503757 0
35.27044534246561 3.519479553174543 0
34.85834301547528 3.331958352991832 0
35.63895151252063 3.339484893707869 0
34.66284736389809 2.779430140065084 0
35.03135353395311 2.599435480598411 0
34.7064435208334 3.146945999714468 0
4.279979721610208 2.79087501242143 0
4.642997293336862 2.607582266451598 0
4.187298809413662 3.162619326284221 0
5.124452029952558 2.797753441652266 0
5.031771117756012 3.169497755515057 0
4.854115370422449 2.609301873759307 0
4.51685405138829 3.53780285476243 0
4.246517391858183 3.349351286869471 0
4.879871623114945 3.354510108792597 0
31.10994535262821 7.293067200777649 0
31.33467545345085 7.60652144235394 0
30.74618854762969 7.243161209541015 0
31.22421654815722 8.062403856665579 0
30.8604597431587 8.012497865428946 0
31.3632432523331 7.798855606325922 0
30.43956734039567 7.577923546248349 0
30.57859404457155 7.314375295908691 0
30.66429744121831 7.891377787824639 0
37.32034094180065 4.3191680617416 0
37.18269699076755 3.977168688147632 0
37.73325587754085 4.481856195397288 0
37.50384365336598 3.624087243698604 0
37.91675858910617 3.786775377354293 0
37.22857266865888 3.803398483636883 0
38.23792216906372 4.297003920031479 0
37.96265118435662 4.476315159969757 0
38.10027821803062 3.955004546437511 0
2.679659058195115 4.31916806174145 0
2.266744122456047 4.481856195397686 0
2.817303009227736 3.977168688146813 0
1.762077830934428 4.297003920031897 0
1.89972178196705 3.95500454643726 0
2.037348815640875 4.476315159970298 0
2.496156346630014 3.624087243697399 0
2.771427331336461 3.803398483635799 0
2.083241410890946 3.786775377353635 0
4.206919940980035 2.710255555034804 0
3.895059686892973 2.84014149673772 0
4.350758170816174 2.285104436905096 0
3.567076903196053 2.4897499087363 0
3.710915133032191 2.064598790606591 0
3.735098927446978 2.785015085163093 0
4.17467488176032 1.749700495626135 0
4.342696906011245 2.044965672052929 0
3.862814627673258 1.87958643732905 0
35.79308005900961 2.710255555037632 0
35.64924182917245 2.285104436908416 0
36.10494031309809 2.84014149674051 0
35.82532511822848 1.749700495630228 0
36.13718537231696 1.879586437333105 0
35.65730309397717 2.044965672056565 0
36.43292309679601 2.489749908739685 0
36.26490107254469 2.785015085166023 0
36.28908486695885 2.06459879061047 0
23.51486776115659 5.767778607149953 0
23.58004787050738 5.38067716448172 0
23.77644783677097 5.976097189079581 0
24.03745482024453 5.0132662026075 0
24.29903489585891 5.221584784537129 0
23.71069463527937 5.192049063346107 0
24.29932144192931 5.807159568737981 0
23.97256125696414 5.985942429476587 0
24.3645015512801 5.420058126069748 0
29.73665726969877 5.798959944170051 0
29.70250930339758 5.415301268178829 0
30.07926894299253 5.998243248429726 0
30.10241159062059 5.041581213873027 0
30.44502326391434 5.240864518132702 0
29.79394788362803 5.225956585604572 0
30.60475777674719 5.818837187540891 0
30.29629406975463 6.003212559272437 0
30.57060981044599 5.435178511549669 0
23.71307394005474 4.135216561314965 0
24.02039390310716 3.96679005574421 0
23.68677427452947 4.501605293647496 0
24.49752762082747 4.174597522902993 0
24.47122795530219 4.540986255235524 0
24.21650732330034 3.976635296141217 0
24.05270144939054 4.88768450677404 0
23.77168115186342 4.689722280012265 0
24.36002141244296 4.719258001203285 0
29.64251744175211 4.198394984862468 0
29.96340453936587 4.028317144666549 0
29.65181862681091 4.553458597782439 0
30.51061794880053 4.218272228233309 0
30.51991913385933 4.573335841153279 0
30.18042966612797 4.033286455509259 0
30.09517006539392 4.918460832387828 0
29.76498178272136 4.733475059663778 0
30.41605716300768 4.748382992191909 0
10.55206250238415 4.408372779422507 0
10.58026692672661 4.805472946888275 0
10.17327115600987 4.148468404183528 0
10.12221917213167 5.120767392345916 0
9.743427825757388 4.860863017106936 0
10.47280609416349 4.983571600119127 0
9.579558144509349 4.244761335406253 0
9.93014506654117 4.107565543179464 0
9.607762568851809 4.641861502872021 0
10.43994355229256 6.044783192205995 0
10.03527860205099 6.162511989147821 0
10.5198951843696 5.686617015310154 0
9.467439194417762 5.881171748189741 0
9.5473908264948 5.5230055712939 0
9.792152512582291 6.121609128143757 0
10.11359463750924 5.246645116406184 0
10.43830795567377 5.487082496360201 0
9.70892968726767 5.36437391334801 0
2.860482242288408 2.804198842422588 0
2.693604080118785 2.40072694445929 0
3.170054772212866 2.890726343792679 0
2.828237183068692 1.843643783013918 0
3.13780971299315 1.93017128438401 0
2.685542815313856 2.160588179607123 0
3.463504772527467 2.496976315458437 0
3.320810404772631 2.813920712051642 0
3.296626610357844 2.09350441749514 0
37.13951775770698 2.804198842424975 0
36.82994522778128 2.890726343795233 0
37.3063959198769 2.400726944462069 0
36.53649522746503 2.496976315461789 0
36.70337338963495 2.093504417498883 0
36.6791895952208 2.813920712054436 0
37.17176281692586 1.84364378301757 0
37.31445718468162 2.160588179610218 0
36.86219028700017 1.930171284387828 0
5.883417752434226 5.027371630128066 0
5.492333550217293 4.963927990864931 0
6.174814453221878 4.763152233198013 0
5.229055480905941 4.505896062852969 0
5.520452181693593 4.241676665922916 0
5.328742982335222 4.833559099046156 0
6.139030018245388 4.23819505263041 0
6.238717519674669 4.565858088823599 0
5.747945816028455 4.174751413367276 0
34.11587235362757 5.220592408353956 0
33.77900282630691 4.997059233280964 0
34.45064794312344 5.063090962739584 0
33.66392106676697 4.414502014006818 0
33.99869665626284 4.257000568392446 0
33.66601500459176 4.79553663469418 0
34.55944788918901 4.502544319951643 0
34.5615418270138 4.883578940639006 0
34.22257836186835 4.279011144878653 0
32.0580523098653 8.886893975713853 0
32.21108013449777 8.488665447379299 0
32.20579785825689 9.223937833510268 0
32.66312057340732 8.274343043883592 0
32.81086612179891 8.611386901680007 0
32.36234720038328 8.335527714421735 0
32.65607753841949 9.254706225391553 0
32.35530416539544 9.315890895929693 0
32.80910536305195 8.856477697056997 0
35.98037840218286 6.092829366673102 0
35.7759363387313 5.752024349039462 0
36.33083838163743 6.245995508976184 0
35.90247953891814 5.388237509387505 0
36.25293951837271 5.541403651690587 0
35.75646162291512 5.575876384718062 0
36.64234892945964 6.046865722636467 0
36.49633101345663 6.234504597967025 0
36.43790686600808 5.706060705002827 0
4.019621597811974 6.092829366674891 0
3.669161618359424 6.245995508977092 0
4.224063661261476 5.752024349041956 0
3.357651070537841 6.046865722636849 0
3.562093133987342 5.706060705003915 0
3.50366898654089 6.234504597967581 0
4.09752046107391 5.388237509390001 0
4.24353837707696 5.575876384720733 0
3.74706048162136 5.541403651692203 0
16.50695342946744 0.9808907916674295 0
16.51895331584412 1.379918540891292 0
16.14173821531078 0.7440073844466853 0
16.05199950759637 1.729120246636737 0
15.68678429343972 1.492236839415993 0
16.40521483537635 1.566975904633619 0
15.5490460402186 0.881238704710595 0
15.90226136799858 0.7190943627074766 0
15.56104592659528 1.280266453934457 0
18.00021108360437 5.497482198808652 0
17.56081752720091 5.420127693501276 0
18.2356878105084 5.259543483127359 0
17.14246390240054 4.97395189708059 0
17.37794062930457 4.736013181399297 0
17.34638073189996 5.28924511806926 0
18.04229094681052 4.759839616582035 0
18.24620777630994 5.075132837570705 0
17.60289739040707 4.682485111274659 0
18.76342182206958 4.245313792413434 0
18.64664743891275 4.585298956606856 0
18.50015382069656 3.878997347168699 0
18.100999465154 4.663518969936248 0
17.83773146378098 4.297202524691514 0
18.48104184968385 4.68985025098756 0
17.90567464086575 3.721783490685372 0
18.2857170253956 3.748114771736683 0
17.78890025770892 4.061768654878795 0
38.92321749450829 2.115868970831352 0
39.22957632723926 2.260102867456302 0
38.52223505739804 2.300777470632027 0
39.20553113231055 2.747037361565451 0
38.8045486952003 2.931945861366125 0
39.30015473668983 2.417894965139826 0
38.26240943918892 2.801270165799751 0
38.3570330435682 2.472127769374127 0
38.56876827191989 2.9455040624247 0
1.076782505490608 2.115868970831579 0
1.477764942600459 2.300777470631185 0
0.7704236727599657 2.260102867457389 0
1.737590560809354 2.801270165798275 0
1.431231728078712 2.945504062424084 0
1.642966956430145 2.472127769372859 0
0.7944688676886962 2.747037361566546 0
0.6998452633094878 2.417894965141131 0
1.195451304798547 2.931945861366152 0
22.99521668856935 0.0624628349497116 0
23.31420008768861 0.2498513397988464 0
22.64753342102093 0.2498513397988464 0
23.38226139615615 0.8120168543462508 0
23.03457812860773 0.9994053591953856 0
23.41096126458531 0.4372398446479812 0
22.49337250726591 0.8120168543462508 0
22.52207237569507 0.4372398446479812 0
22.81235590638518 0.9994053591953856 0
37.21329577171065 2.882398085566415 0
37.60150797589163 2.71352391702783 0
37.12505728379602 3.203523316360994 0
38.13087699897372 2.860233943856294 0
38.04263851105907 3.181359174650874 0
37.83090328270739 2.7079828816003 0
37.4956094095129 3.513566476300513 0
37.19563569324658 3.361315414044519 0
37.88382161369388 3.344692307761928 0
2.786704228284993 2.88239808556418 0
2.874942716199209 3.203523316359052 0
2.398492024105128 2.713523917025663 0
2.504390590483081 3.513566476299148 0
2.116178386303216 3.34469230776063 0
2.804364306748731 3.361315414042794 0
1.869123001024307 2.860233943854629 0
2.169096717289956 2.707982881598275 0
1.957361488938522 3.181359174649501 0
23.01234133996398 9.944702780481727 0
22.71603202652268 9.778811121926905 0
23.38269869318934 9.778811121926905 0
22.71599297508768 9.281136146262435 0
23.08635032831306 9.115244487707612 0
22.64194493530361 9.61291946337208 0
23.60488186397657 9.281136146262435 0
23.5308338241925 9.61291946337208 0
23.30857255053528 9.115244487707612 0
33.05891654478501 7.451000471731163 0
33.43763076277347 7.456684290146955 0
32.75000703022377 7.715492022157851 0
33.65694177333921 7.818812721408861 0
33.34803225877796 8.083304271835548 0
33.58713706991202 7.54863735256638 0
32.7401101299396 8.163889697423386 0
32.67030542651241 7.893714328580906 0
33.11882434792805 8.169573515839181 0
5.934304407418005 2.195076948120509 0
6.223390730407875 2.42932940099078 0
5.53378750877183 2.286767924135717 0
6.171178737196089 2.942004790461509 0
5.770661838549913 3.033695766476717 0
6.282609312852396 2.61606136157603 0
5.251707775014695 2.751922821321426 0
5.363138350671002 2.425979392435946 0
5.540794098004564 2.986175274191696 0
34.08235524784697 1.930107887802592 0
34.4185468187543 2.139213290643209 0
33.75180445583345 2.099310445940312 0
34.53813171424849 2.713325706227863 0
34.20758092223497 2.882528264365583 0
34.53249093535468 2.335017745249527 0
33.64914189702069 2.660121913290667 0
33.64350111812688 2.28181395231233 0
33.98533346792802 2.869227316131284 0
16.4476055059778 9.280167628762923 0
16.1341203981618 9.4291029632373 0
16.46538072331171 8.96741647360018 0
15.63534550824702 9.260326980477602 0
15.65312072558093 8.947575825314859 0
15.93105539872911 9.424142801165971 0
16.07702594178022 8.644744994294776 0
16.37273583226231 8.808560814983144 0
15.76354083396423 8.793680328769151 0
14.86830807657179 6.321846502779625 0
15.10361911472161 6.086901019667873 0
14.92586573028635 6.737219617926841 0
15.57254771659069 6.249156034677905 0
15.63010537030524 6.664529149825121 0
15.27967902472633 6.068728402642442 0
15.33554320401034 7.116247499023198 0
15.04267451214599 6.935819866987734 0
15.57085424216016 6.881302015911444 0
16.34712451529772 2.547615559388539 0
15.94502570556344 2.672284021641897 0
16.43289159282965 2.223539569664197 0
15.38921712604888 2.447963472431705 0
15.47498420358081 2.123887482707362 0
15.70554885825123 2.647370999902689 0
16.03970497573716 1.849637536461438 0
16.35603670793951 2.049045063932422 0
15.63760616600288 1.974305998714796 0
30.98175912226662 9.942041096996896 0
30.59370315573322 9.76816438798758 0
31.26036982239989 9.76816438798758 0
30.31842414502191 9.246534260959635 0
30.59703484515518 9.07265755195032 0
30.42786941142205 9.594287678978263 0
31.2073130339108 9.246534260959635 0
31.31675830031093 9.594287678978263 0
30.8192570673774 9.07265755195032 0
18.02949821787219 5.607204011399367 0
18.35283634757968 5.69843073349022 0
17.67796606427219 5.859014943864136 0
18.42302369229217 6.186223180261334 0
18.07149153869218 6.438034112726104 0
18.45121771618468 5.843185525705713 0
17.52319664788219 6.400335460759891 0
17.55139067177469 6.057297806204268 0
17.84653477758969 6.491562182850743 0
17.54588502486561 9.279723309123293 0
17.52516546552961 8.965639195041661 0
17.86057180704637 9.427325684678783 0
17.91021524287733 8.638968838979592 0
18.2249020250581 8.78657121453508 0
17.61624802003255 8.805450577505736 0
18.35742369823301 9.254550825162418 0
18.06345647538823 9.421032563688563 0
18.33670413889702 8.940466711080786 0
7.901873431731308 8.912075703128584 0
7.766006489345229 9.238915321105869 0
7.734303936861271 8.520792819387561 0
7.316135592208383 9.261937506079981 0
7.148566097338347 8.870654622338959 0
7.619572029464497 9.326380771843716 0
7.273865522229774 8.304440837122238 0
7.577301959485887 8.368884102885975 0
7.137998579843695 8.631280455099523 0
8.803693412360296 7.281807762822972 0
8.396354584084763 7.335223475462615 0
9.017102991627212 6.98624549372142 0
8.002002642648099 7.030166637726619 0
8.215412221915017 6.734604368625068 0
8.195931891656715 7.272313194188527 0
8.82966718603803 6.564862662071693 0
9.023596435046644 6.807009218533601 0
8.422328357762497 6.618278374711337 0
28.08502578452041 4.910545109841689 0
27.77659423389916 4.749875414643593 0
28.47579740220921 4.743256310274522 0
27.78357047311545 4.259040856557209 0
28.17434209080426 4.091752056990042 0
27.70123040604791 4.586999351322472 0
28.71584136419554 4.250215384065115 0
28.633501297128 4.578173878830378 0
28.40740981357428 4.089545688867018 0
37.8864765175402 1.074706764728477 0
37.70860448286402 1.469461979548569 0
37.74927908603756 0.7621207097072352 0
37.22922118306688 1.71060593088707 0
37.09202375156423 1.398019875865829 0
37.54429064924569 1.628436771088218 0
37.28345398729826 0.7674842377652911 0
37.59852345347708 0.6853150779664391 0
37.10558195262208 1.162239452585384 0
2.113523482456121 1.074706764727032 0
2.250720913957744 0.7621207097058417 0
2.291395517132169 1.469461979546299 0
2.716546012695181 0.767484237762881 0
2.894418047371229 1.162239452582148 0
2.401476546517509 0.685315077964804 0
2.770778816927747 1.71060593088349 0
2.455709350750076 1.628436771085413 0
2.90797624842937 1.3980198758623 0
20.98135125901965 9.943969471158951 0
20.5920717027454 9.775877884635806 0
21.25873836941206 9.775877884635806 0
20.31312192281151 9.27160312506637 0
20.59050903320392 9.103511538543225 0
20.42501436869336 9.607786298112662 0
21.2020108117004 9.27160312506637 0
21.31390325758225 9.607786298112662 0
20.81273125542614 9.103511538543225 0
39.94493266205671 3.020079729204364 0
39.77973064822687 3.413652250168042 0
39.77973064822687 2.746985583503308 0
39.28412460673735 3.705480924172763 0
39.1189225929075 3.432386778471706 0
39.61452863439703 3.585002548910141 0
39.28412460673735 2.816592035286452 0
39.61452863439703 2.69611366002383 0
39.1189225929075 3.210164556250129 0
0.0550673379432288 3.020079729210172 0
0.2202693517729152 2.746985583507401 0
0.2202693517729152 3.413652250174069 0
0.7158753932619746 2.816592035287977 0
0.881077407091661 3.210164556251873 0
0.3854713656026017 2.696113660026851 0
0.7158753932619746 3.705480924176868 0
0.3854713656026017 3.585002548915743 0
0.881077407091661 3.432386778474096 0
13.01681854799182 9.943596325016037 0
12.73394085863409 9.774385300064141 0
13.40060752530076 9.774385300064141 0
12.77419667944981 9.266752225208462 0
13.15798565675876 9.097541200256567 0
12.67328539149859 9.605174275112248 0
13.6630855683387 9.266752225208462 0
13.56217428038748 9.605174275112248 0
13.38020787898098 9.097541200256567 0
16.05709800964722 5.611013366958804 0
16.38899180176379 5.862348066147368 0
15.74373677099299 5.704144715764353 0
16.52433313708577 6.405414363202375 0
16.21097189843153 6.498545712007925 0
16.50580058362343 6.060948315208261 0
15.66399309605803 6.194476562691688 0
15.64546054259569 5.850010514697574 0
15.9958868881746 6.445811261880254 0
10.11690243238574 7.708351389034832 0
10.13152839190489 8.117980755983471 0
9.872861231376918 7.538148468160629 0
9.830516723091696 8.57375913973226 0
9.586475522082871 8.403556218858057 0
10.05993196458138 8.334332693657828 0
9.485627175721071 7.800649422635138 0
9.715042417210752 7.561222976560706 0
9.500253135240216 8.210278789583777 0
0.05425534313581627 6.9877323553536 0
0.2170213725432651 6.617596088081087 0
0.2170213725432651 7.284262754747755 0
0.7053194607656114 6.396076175152438 0
0.8680854901730602 6.692606574546594 0
0.3797874019507139 6.469682043030797 0
0.7053194607656114 7.28496506404133 0
0.3797874019507139 7.358570931919687 0
0.8680854901730602 6.914828796768816 0
39.9457446568642 6.987732355349197 0
39.7829786274568 7.284262754744266 0
39.7829786274568 6.617596088076584 0
39.29468053923461 7.28496506403923 0
39.13191450982721 6.914828796766616 0
39.62021259804941 7.358570931916774 0
39.29468053923461 6.396076175148987 0
39.62021259804941 6.46968204302653 0
39.13191450982721 6.692606574544055 0
6.859315024960971 7.548093095714542 0
7.172926333215706 7.786340646164617 0
6.482857681012505 7.560167496596279 0
7.193668721708979 8.19951909809039 0
6.817211377760514 8.211593498972126 0
7.256514757402708 7.949197146758578 0
6.273577185438046 7.89795489866594 0
6.336423221131774 7.647632947334128 0
6.587188493692781 8.136202449116015 0
39.0302626645983 4.515601909966708 0
38.65398295904728 4.5876282675185 0
39.28721603421079 4.218933424424688 0
38.36945460927891 4.312114216048795 0
38.62640797889142 4.015445730506776 0
38.48878094521743 4.536756344039023 0
39.21376537616362 3.820521091923712 0
39.33309171210212 4.045163219913939 0
38.8374856706126 3.892547449475505 0
0.9697373354007294 4.515601909971815 0
0.7127839657884923 4.218933424430338 0
1.346017040951377 4.587628267521729 0
0.7862346238356285 3.820521091927764 0
1.162514329386277 3.892547449477679 0
0.6669082878972171 4.045163219919325 0
1.630545390719475 4.312114216049618 0
1.511219054781064 4.53675634404118 0
1.373592021107238 4.015445730508142 0
7.995791487866209 8.916262534136175 0
8.109976161400875 8.53754014341793 0
8.141678713884831 9.255662645136239 0
8.494800251983483 8.358869640220936 0
8.640687478002105 8.698269751220998 0
8.234728352430194 8.398191919939121 0
8.537070321962092 9.316366309178678 0
8.276998422408802 9.355688588896863 0
8.651254995496759 8.937643918460433 0
16.0821150433105 8.537474608181192 0
15.78389724008533 8.364598784314824 0
16.39309223838341 8.379479270528813 0
15.70150382814059 7.865811961001043 0
16.0124810232135 7.707816623348666 0
15.68874443629285 8.196683122519788 0
16.51376382587137 7.885652609286363 0
16.50100443402363 8.216523770805107 0
16.21554602264619 7.712776785419996 0
7.993579706823148 4.839184399343974 0
7.687893061754178 4.644166466042841 0
8.390926000554272 4.718189592513521 0
7.708210378280724 4.157810168100347 0
8.105556672011847 4.036815361269893 0
7.616550729618571 4.473822908231934 0
8.645587630014182 4.256507670061253 0
8.553927981352031 4.57252041019284 0
8.339900984945212 4.061489736760119 0
25.96065900741601 5.040013303795695 0
26.26125817515145 5.204787065681232 0
25.56403513352754 5.21076018626784 0
26.23342495619255 5.707072512119982 0
25.83680108230408 5.877819394592127 0
26.32944966234558 5.371551867762303 0
25.30379423402733 5.715036672902126 0
25.39981894018037 5.379516028544447 0
25.60439340176277 5.879810434787662 0
2.51525360304908 6.010875657672966 0
2.612709232658243 6.379949411946868 0
2.175407356890215 5.793624504216239 0
2.322006953795028 6.705404131127732 0
1.982160707636163 6.488152977671003 0
2.56439757034473 6.553581530310559 0
1.738937786104324 5.923637587486891 0
1.981328402654026 5.77181498666972 0
1.836393415713488 6.292711341760793 0
37.48474639695047 6.010875657672389 0
37.82459264310896 5.793624504215249 0
37.38729076734189 6.37994941194663 0
38.26106221389501 5.923637587485673 0
38.16360658428643 6.292711341759916 0
38.0186715973451 5.77181498666857 0
37.67799304620558 6.705404131127517 0
37.43560242965567 6.553581530310413 0
38.01783929236407 6.488152977670377 0
2.750031620071594 4.383522687108116 0
3.09879325673365 4.234587189613481 0
2.54823436996196 4.739274696864354 0
3.410999651024232 4.460697373464067 0
3.209202400914599 4.816449383220305 0
3.264035264471809 4.253880861202468 0
2.676921135328647 5.133614049798567 0
2.529956748776223 4.926797537536967 0
3.025682771990702 4.984678552303929 0
37.24996837992402 4.383522687108203 0
37.45176563003435 4.739274696863702 0
36.90120674326105 4.234587189614046 0
37.32307886466761 5.133614049797324 0
36.97431722800464 4.984678552303166 0
37.47004325122025 4.926797537535982 0
36.58900034896988 4.460697373464449 0
36.73596473552251 4.253880861203108 0
36.79079759908021 4.816449383219948 0
18.87819698364973 4.22485662934722 0
18.95925446701716 3.797168694903842 0
19.10574808523334 4.503470304342 0
19.39775174140768 3.455840370824587 0
19.62530284299129 3.734454045819367 0
19.08914315645664 3.604914630273184 0
19.59307656569593 4.397575850075463 0
19.28446798074489 4.546650109524061 0
19.67413404906335 3.969887915632086 0
20.15207513165561 5.067928752101278 0
19.79168247262112 4.957432216594185 0
20.52710449533208 4.834795922908838 0
19.69106719246561 4.462427551825776 0
20.06609655614209 4.229294722633335 0
19.67643048782362 4.80605691652531 0
20.67162988941356 4.298912493578646 0
20.65699318477157 4.64254185827818 0
20.31123723037907 4.188415958071553 0
22.38226139615463 0.8496828672477467 0
22.36791146194005 1.150069410801369 0
22.07762793124995 0.587903896253965 0
21.93781695170951 1.301675022065698 0
21.63318348680482 1.039896051071917 0
22.25680035082877 1.263067449505857 0
21.55077224412271 0.5521210026691591 0
21.86975564324197 0.513513430109318 0
21.53642230990813 0.8525075462227818 0
21.98125421272546 2.021333282413998 0
21.58408062856789 2.029935176458582 0
22.15198451701665 1.780958095890889 0
21.14976506069353 1.723771417835411 0
21.32049536498472 1.483396231312302 0
21.3762083405599 1.955544710313935 0
21.90697024529188 1.391801977078487 0
22.13341352515826 1.623575269557011 0
21.50979666113431 1.400403871123071 0
0.9689253405933167 5.594365647226347 0
1.342769061721727 5.56934988320652 0
0.709535986558842 5.867321706781797 0
1.619989458223112 5.891598355914076 0
1.360600104188637 6.164554415469527 0
1.505535091129176 5.643658060378453 0
0.7756786913392654 6.288894120681111 0
0.6612243242453292 6.040953825145487 0
1.149522412467676 6.263878356661285 0
39.03107465940577 5.594365647222578 0
39.29046401344073 5.867321706777635 0
38.6572309382772 5.569349883203813 0
39.22432130866088 6.288894120677708 0
38.85047758753231 6.263878356658942 0
39.3387756757545 6.040953825141417 0
38.38001054177618 5.891598355912611 0
38.49446490886981 5.643658060376321 0
38.63939989581113 6.164554415467667 0
36.98226575915978 0.05299159717988277 0
37.26239636998656 0.2119663887195311 0
36.59572970331889 0.2119663887195311 0
37.21389931357669 0.6888907633384761 0
36.8273632577358 0.8478655548781244 0
37.32030475859079 0.3709411802591795 0
36.32501042468646 0.6888907633384761 0
36.43141586970057 0.3709411802591795 0
36.60514103551325 0.8478655548781244 0
3.017734240833107 0.0529915971797049 0
3.404270296673074 0.2119663887188196 0
2.73760363000689 0.2119663887188196 0
3.674989575304732 0.6888907633361635 0
3.394858964478516 0.8478655548752783 0
3.568584130290981 0.3709411802579343 0
2.786100686416487 0.6888907633361635 0
2.679695241402735 0.3709411802579343 0
3.172636742256454 0.8478655548752783 0
2.58643815973297 5.959429508748066 0
2.460145583625778 5.587839908516634 0
2.897447459393806 6.174164816247264 0
2.664337022994906 5.254837651463178 0
2.975346322655742 5.469572958962375 0
2.479620299441262 5.411691944195412 0
3.247406190685609 6.036604195104016 0
3.062689467131966 6.193458487836252 0
3.121113614578418 5.665014594872585 0
37.41356184026637 5.959429508747481 0
37.10255254060547 6.174164816247004 0
37.53985441637254 5.587839908515622 0
36.75259380931222 6.036604195103727 0
36.87888638541839 5.665014594871868 0
36.93731053286694 6.193458487836065 0
37.33566297700165 5.254837651461884 0
37.52037970055636 5.411691944194222 0
37.02465367734075 5.469572958961407 0
12.11513019447712 5.028325519366778 0
11.80894461056995 4.94210462702889 0
12.40666745675892 4.753735940251436 0
11.68735165376706 4.432283700978619 0
11.97888891604885 4.157694121863276 0
11.70199997539244 4.79309417243185 0
12.48431544868568 4.181125451942013 0
12.49896377031106 4.541935923395244 0
12.17812986477851 4.094904559604125 0
28.08572073014178 5.021712288387302 0
28.4785771846947 5.187925024456976 0
27.77937401638463 5.194544128826045 0
28.72487565727333 5.695388705158089 0
28.41852894351618 5.868220545596832 0
28.63836591647758 5.356344128649673 0
27.79260476619325 5.704214177650182 0
27.7060950253975 5.365169601141766 0
28.18546122074616 5.870426913719856 0
24.4637315434099 9.08323048036228 0
24.16421649504484 9.314941421862585 0
24.50235843076382 8.718537521779892 0
23.71652726424164 9.214869046253247 0
23.75515415159556 8.85017608767086 0
23.97741542525278 9.347851063335328 0
24.16738317853361 8.419663846142988 0
24.42827133954475 8.552645863225068 0
23.86786813016856 8.651374787643297 0
4.183215058150598 4.51692254503494 0
4.312152447597658 4.903459137389675 0
3.870507415699267 4.306417882343307 0
4.110104573407651 5.267013907725389 0
3.79739693095632 5.056509245033756 0
4.293874826411921 5.090981978062287 0
3.521244530876463 4.4709589009969 0
3.705014783880733 4.294926971333798 0
3.650181920323524 4.857495493351634 0
35.81678494184052 4.516922545033824 0
36.12949258429301 4.306417882343227 0
35.68784755239312 4.903459137387543 0
36.4787554691173 4.470958900997189 0
36.34981807966989 4.857495493350909 0
36.2949852161122 4.294926971334068 0
35.8898954265841 5.267013907722944 0
35.70612517357901 5.090981978059823 0
36.2026030690366 5.056509245032347 0
15.32468376591714 4.251554745632309 0
15.07048672461862 4.494544495904026 0
15.26446036968024 3.807100993197912 0
14.5665271274719 4.306922409777688 0
14.506303731235 3.86246865734329 0
14.88094756500731 4.50838641194037 0
14.82515865422072 3.390331072836203 0
15.13957909175613 3.591795074998885 0
14.5709616129222 3.633320823107919 0
14.04688401562546 4.998785473507117 0
13.69178375393663 4.726769581351522 0
14.3824407052308 4.89689950322123 0
13.54735890392904 4.137561800711011 0
13.88291559353437 4.035675830425123 0
13.56690247601253 4.511463663152495 0
14.46823483898792 4.364401696537289 0
14.48777841107141 4.738303558978773 0
14.1131345772991 4.092385804381693 0
30.71407745732722 5.867389030970448 0
31.00788853276612 5.629385885267896 0
30.73357279207476 6.197419932990663 0
31.523567438161 5.672755178457265 0
31.54306277290853 6.002786080477481 0
31.21026102797456 5.5807274221396 0
31.15781311723919 6.430133908754289 0
30.84450670705275 6.338106152436624 0
31.45162419267808 6.192130763051737 0
17.90678280266762 8.531328117293432 0
17.60251825919374 8.374887690761101 0
18.21117226421929 8.356008327790446 0
17.50126330213949 7.880393927203238 0
17.80565276369115 7.705074137700252 0
17.50113838406171 8.212154143238553 0
18.31280197550689 7.855221443242363 0
18.3126770574291 8.186981659277679 0
18.00853743203301 7.698781016710034 0
0.9408993877491371 8.02701423666621 0
0.6944450888735147 7.843876075454545 0
1.308275581298121 7.896712249696606 0
0.77352284881279 7.364909824142299 0
1.140899042361774 7.234607837172696 0
0.6526009541394279 7.678349972323567 0
1.591963505378932 7.435358056465048 0
1.47104161070557 7.748798204646314 0
1.34550920650331 7.252219895253383 0
39.05910061225158 8.027014236665314 0
38.6917244187028 7.89671224969642 0
39.30555491112693 7.843876075452944 0
38.40803649462199 7.435358056465102 0
38.65449079349734 7.252219895252733 0
38.5289583892954 7.748798204646366 0
39.22647715118748 7.364909824140469 0
39.3473990458609 7.678349972321733 0
38.85910095763871 7.234607837171574 0
2.547768845288733 7.558835043577986 0
2.839783115308249 7.484413633146919 0
2.383078656801944 7.915563389900295 0
3.106886647358391 7.836015744191553 0
2.942196458871601 8.192744090513861 0
2.979562565825665 7.553708808300311 0
2.497947369349983 8.410882086529389 0
2.370623287817256 8.128575150638147 0
2.789961639369499 8.336460676098319 0
37.45074568197663 7.555835731301381 0
37.610979452256 7.903566140791296 0
37.15427499374952 7.472416384037699 0
37.48274148508545 8.371891026922912 0
37.18627079685834 8.288471679659231 0
37.6189784030332 8.107579964696678 0
36.87380220707681 7.797024684584784 0
37.01003912502457 7.53271362235855 0
37.03403597735618 8.1447550940747 0
24.34577227809206 7.489866600271216 0
24.43884190328498 7.860572355577012 0
24.0190358608075 7.353878184827431 0
24.15830938889378 8.297097393828292 0
23.83157297160922 8.161108978384506 0
24.39197618098541 8.062380053966281 0
23.5985679989238 7.621505166162184 0
23.83223479101543 7.386787826300174 0
23.69163762411672 7.99221092146798 0
14.9991242101813 0.06235245458077563 0
15.32983017415671 0.2494098183231025 0
14.66316350749194 0.2494098183231025 0
15.43305917719659 0.8105819095500831 0
15.09709847450723 0.99763927329241 0
15.43831391591053 0.4364671820654293 0
14.54417028831023 0.8105819095500831 0
14.54942502702417 0.4364671820654293 0
14.87487625228564 0.99763927329241 0
12.02595681893771 1.8192699662746 0
12.34621014510448 2.006068074550197 0
11.71163364242389 2.012212668028582 0
12.46086812003067 2.574655190681502 0
12.14654494351685 2.767597892435484 0
12.45493797037772 2.194914380651922 0
11.61476611645655 2.582847981986015 0
11.6088359668036 2.203107171956436 0
11.93501944262331 2.769646090261613 0
10.59266675259967 2.61527299465416 0
10.93986206824187 2.440829683309883 0
10.58216083268842 2.985764109478885 0
11.50451303443054 2.644078984169059 0
11.4940071145193 3.014570098993785 0
11.16782363869959 2.448031180688608 0
11.02757805369262 3.370658219061061 0
10.69088865796166 3.174610415580611 0
11.37477336933482 3.196214907716785 0
27.97372115445694 7.857448360021514 0
27.71156732337296 7.596434431455116 0
28.34823078226393 7.803106233180738 0
27.77399044197568 7.088955048056757 0
28.14850006978268 7.034612921215984 0
27.66163464525265 7.404311103463928 0
28.6228750538303 7.364517450357586 0
28.51051925710728 7.679873505764757 0
28.36072122274634 7.103503521791191 0
29.53872187469281 7.426090132657658 0
29.19092347777556 7.570836418446356 0
29.63772205597097 7.065531997776527 0
28.74325972461768 7.331336048252676 0
28.84225990589583 6.970777913371543 0
28.99205794025677 7.54714789734511 0
29.33899116221156 6.657596820692905 0
29.58778937785066 6.873408669785339 0
28.9911927652943 6.802343106481601 0
3.887751194701744 7.72376237320978 0
4.032287702233341 8.118550872524041 0
3.561312072684486 7.573220656794809 0
3.837929718762993 8.57580941616118 0
3.511490596745736 8.425267699746207 0
4.019832333248654 8.331562633261891 0
3.209962212697853 7.848702461855537 0
3.391864827183513 7.604455678956248 0
3.354498720229451 8.243490961169798 0
36.1009202104423 7.711759676560662 0
36.42744589369257 7.556375431485004 0
35.94965579498297 8.095472534956565 0
36.76996947849725 7.809018834220113 0
36.61870506303793 8.192731692616016 0
36.59470821070631 7.580690220899867 0
36.13291601355112 8.527814972182194 0
35.95765474576017 8.299486358861948 0
36.45944169680138 8.372430727106538 0
6.984703044578516 9.949363761166138 0
6.605478844980912 9.797455044664552 0
7.272145511647572 9.797455044664552 0
6.356695135076982 9.341728895159795 0
6.644137602146038 9.189820178658207 0
6.448476867605528 9.645546328162967 0
7.245584023965861 9.341728895159795 0
7.337365756494407 9.645546328162967 0
6.866359824368257 9.189820178658207 0
29.61453298682649 7.498097694348734 0
29.94096650450568 7.353562244540831 0
29.49416792631027 7.858866665210659 0
30.32453561994938 7.593695122676894 0
30.20417055943316 7.954464093538818 0
30.11846716278641 7.37746160162287 0
29.7288041823555 8.267434350236664 0
29.52273572519253 8.051200829182642 0
30.0552377000347 8.12289890042876 0
38.9369741449483 2.025988818013195 0
38.5772616591581 1.9412568593594 0
39.28460292899931 1.900582256183674 0
38.44124589490909 1.632828179163711 0
38.78887467896009 1.50742161733419 0
38.4533295966483 1.842966699647028 0
39.38436758803071 1.578595374929411 0
39.39645128976991 1.788733895412728 0
39.02465510224049 1.493863416275615 0
37.97401118198389 1.06302585505176 0
38.09941774381233 0.7153970710003694 0
38.0587431406388 1.422738340841704 0
38.42140462506629 0.6156324119679754 0
38.50613658372119 0.9753448977579188 0
38.21126610458294 0.603548710229423 0
38.3671718208349 1.558754105089754 0
38.15703330035155 1.546670403351202 0
38.49257838266335 1.211125321038363 0
2.025988818012614 1.063025855050492 0
1.94125685935814 1.422738340840138 0
1.900582256183715 0.7153970709996814 0
1.632828179162151 1.558754105088469 0
1.507421617333252 1.211125321037659 0
1.842966699645524 1.546670403349633 0
1.578595374929584 0.61563241196786 0
1.788733895412957 0.6035487102290233 0
1.49386341627511 0.9753448977575067 0
1.063025855050515 2.025988818013446 0
0.7153970709995933 1.900582256184856 0
1.422738340840087 1.941256859358652 0
0.6156324119674856 1.578595374930814 0
0.9753448977570573 1.493863416276021 0
0.603548710228836 1.788733895414198 0
1.558754105088143 1.632828179162543 0
1.546670403349494 1.842966699645926 0
1.211125321037222 1.507421617333953 0
29.49397671103506 9.085011477267692 0
29.42925300857642 8.713358702167021 0
29.79258954968546 9.306686900441084 0
29.71953062267924 8.389504641230429 0
30.01814346132964 8.611180064403824 0
29.48564148648747 8.539481993157706 0
30.20397934415795 9.180608905595848 0
29.97009020796618 9.330586257523123 0
30.13925564169931 8.808956130495178 0
35.57707585587841 0.9807634773411342 0
35.83908898616739 0.7115358626525126 0
35.53293187364027 1.353839471994918 0
36.21691889366482 0.7602578310431878 0
36.17277491142667 1.133333825696971 0
35.99904974561399 0.6564094510780261 0
35.80870941029532 1.616662643499728 0
35.5908402622445 1.512814263534566 0
36.0707225405843 1.347435028811106 0
4.422924144110016 0.9807634773392494 0
4.467068126347701 1.353839471992105 0
4.160911013822179 0.711535862650882 0
4.191290589693396 1.616662643495708 0
3.929277459405559 1.347435028807341 0
4.409159737743546 1.51281426353122 0
3.783081106326032 0.760257831040744 0
4.000950254376183 0.6564094510762556 0
3.827225088563718 1.1333338256936 0
33.01338531825812 9.948954089014144 0
32.72020793969917 9.795816356056578 0
33.38687460636584 9.795816356056578 0
32.72956469291125 9.336403157183883 0
33.10305398101897 9.183265424226319 0
32.64925278336246 9.642678623099014 0
33.61845358180013 9.336403157183883 0
33.53814167225135 9.642678623099014 0
33.3252762032412 9.183265424226319 0
32.09022716070681 5.031638462468393 0
31.74854141831591 4.818136209405896 0
32.42701486321826 4.87981973749942 0
31.62811545101301 4.259874154343108 0
31.96490315352446 4.108055429374135 0
31.63301349089246 4.625195132374575 0
32.53274671088283 4.342118858467804 0
32.53764475076227 4.707439836499272 0
32.19106096849192 4.128616605405309 0
25.9646848931749 4.928190472355094 0
25.58013867656312 4.763468860505434 0
26.27736171818703 4.757495739918826 0
25.35613074889297 4.26133986417431 0
25.6688075739051 4.090645131738043 0
25.42800014049264 4.596756208460238 0
26.2857614710582 4.253375703392167 0
26.35763086265786 4.588792047678094 0
25.90121525444641 4.088654091542506 0
29.4875667221898 2.618546212772714 0
29.54259766581691 2.983961604890723 0
29.19121255232189 2.454095148289974 0
29.23917701203825 3.373719172443752 0
28.94282284217035 3.209268107961011 0
29.48050023827903 3.172754844808483 0
28.77066352737823 2.667230563642753 0
29.011986753619 2.466266236007484 0
28.82569447100535 3.032645955760762 0
29.54505445688099 4.142446526807859 0
29.26196668732645 4.329664765563998 0
29.57355259988141 3.804523312448109 0
28.82815126206943 4.191130877677897 0
28.85664940506983 3.853207663318147 0
29.08274088862356 4.341835853281507 0
29.24359914547604 3.490942273523378 0
29.49818877203016 3.641647249126989 0
28.96051137592149 3.678160512279517 0
9.346785343350788 5.913078873747008 0
9.3095371083144 6.249237630372825 0
9.064775422226909 5.650634073522967 0
8.871443488421916 6.459575824450465 0
8.589433567298036 6.197131024226425 0
9.190701644582182 6.385861868048689 0
8.545094573638593 5.661437748650655 0
8.86435272979886 5.587723792248878 0
8.507846338602205 5.997596505276472 0
29.63988923044903 5.854178664661053 0
29.69219678599354 6.219118130393739 0
29.31543714639859 5.636176150142842 0
29.3467732665005 6.536680553923934 0
29.02232118245007 6.318678039405722 0
29.61891779500641 6.389743602709459 0
28.84442708037389 5.75942458025607 0
29.11657160887981 5.612487629041596 0
28.89673463591841 6.124364045988756 0
10.66386997005777 4.351407060805131 0
10.62050102670432 3.920605529714024 0
11.02749679742107 4.577610072418771 0
11.03305522426632 3.504206993380367 0
11.39668205162962 3.730410004994007 0
10.71279734025646 3.708805512857833 0
11.57571625188864 4.38021305032003 0
11.25545836787879 4.584811569797496 0
11.5323473085352 3.949411519228923 0
19.14902305087637 2.476320980962496 0
19.43907247566613 2.351426429406955 0
19.1050838878315 2.85564949961976 0
19.86390263292257 2.64904020169074 0
19.8199634698777 3.028368720348004 0
19.61779237117768 2.394606234589016 0
19.41858451580973 3.321337628641146 0
19.17247425406484 3.066903661539423 0
19.70863394059949 3.196443077085606 0
20.38167204157589 2.111925135896337 0
20.62219033792321 2.40716230569218 0
20.10280654758126 2.155213282063638 0
20.65123350650924 2.956941783574988 0
20.37236801251461 3.000229929742289 0
20.68958070415655 2.618416467611843 0
19.9587217860533 2.621009752070265 0
19.99706898370061 2.28248443610712 0
20.19924008240062 2.916246921866108 0
8.01314961486732 2.134012731689981 0
8.393836270567752 2.197488620373308 0
7.719606475203462 2.378794487718296 0
8.636923177183329 2.629657442883273 0
8.343380037519472 2.874439198911588 0
8.549779661146752 2.321399798171631 0
7.737950116697608 2.871398599343257 0
7.650806600661034 2.563140954631615 0
8.118636772398039 2.934874488026585 0
9.463718021070806 2.637355755329617 0
9.504921436684677 2.99829359373631 0
9.174911566215783 2.46851947925619 0
9.188518522901097 3.374741622982893 0
8.899712068046071 3.205905346909465 0
9.436121562142249 3.182640060649629 0
8.748505362275905 2.668376137009399 0
8.996108401517057 2.476274574676135 0
8.789708777889773 3.029313975416092 0
25.99007731260959 7.853117925659241 0
25.60774150756253 7.798087302966167 0
26.26959957184356 7.594491203049176 0
25.34321151146272 7.361533968330957 0
25.62273377069669 7.102907245720893 0
25.44602505727581 7.675191313634097 0
26.22568893050409 7.090072501774968 0
26.32850247631718 7.403729847078107 0
25.84335312545703 7.035041879081896 0
24.42767360284729 7.41530960112328 0
24.34664115982842 7.055650188235685 0
24.76644720230591 7.562344358985265 0
24.6632852207418 6.652264177239008 0
25.00205882020041 6.799298935100993 0
24.40554406430205 6.864888832264616 0
25.22302661071177 7.327856404905115 0
24.96528545427203 7.540481059930724 0
25.14199416769291 6.968196992017521 0
30.57921295563357 2.597624146756605 0
30.90679454009024 2.424159196113548 0
30.59542891708358 2.967463730686299 0
31.47438512945138 2.628170390281378 0
31.49060109090139 2.998009974211071 0
31.1305875835447 2.431795756994741 0
31.0592309654425 3.352576436378379 0
30.71543341953581 3.156201803091742 0
31.38681254989917 3.179111485735322 0
32.03638615436105 1.840422511980951 0
32.38887285397895 2.035523257116263 0
31.69142626248196 2.016435238926658 0
32.51640416416998 2.595374801602725 0
32.17144427229089 2.771387528548431 0
32.50887735643118 2.224261329521706 0
31.58647537550733 2.56992411068325 0
31.57894856776853 2.198810638602232 0
31.93896207512523 2.765024855818562 0
24.68809332144174 2.564492590169137 0
24.96089272344036 2.412680074784262 0
24.63802258285879 2.926357503310997 0
25.34879740866082 2.642145766665285 0
25.29872667007788 3.004010679807145 0
25.12606874524514 2.432093368908299 0
24.9183038878854 3.32704900470093 0
24.69557522446971 3.116996606943946 0
25.19110328988402 3.175236489316057 0
26.05757959379852 2.105373096414548 0
26.32354414883638 2.361287357151503 0
25.69830840855555 2.165461885839484 0
26.28779016024219 2.867929510946341 0
25.92851897499922 2.928018300371278 0
26.38109679044729 2.551926460784451 0
25.45414250653442 2.606828882530316 0
25.54744913673953 2.290825832368426 0
25.72010706157227 2.862743143267271 0
23.41248164121297 5.810105792767787 0
23.36690335699648 6.145405931550915 0
23.17050339073289 5.549985906953055 0
22.96830188266223 6.35741298176982 0
22.72632363218216 6.097293095955089 0
23.25585841735879 6.282232728801424 0
22.70643526097745 5.56351961563934 0
22.99399179567401 5.488339362670943 0
22.66085697676096 5.898819754422469 0
28.02199457139323 2.120979535318613 0
28.40205831727759 2.186174629660843 0
27.73881655714422 2.371571848024137 0
28.65792720808618 2.628956203838591 0
28.37474919383717 2.879548516544116 0
28.56104147645083 2.313168796790837 0
27.77360486124168 2.87615249498965 0
27.67671912960633 2.560365087941896 0
28.15366860712605 2.94134758933188 0
23.46713449254375 2.530041453687518 0
23.52823142788096 2.909338242013398 0
23.0962927363397 2.371503756560889 0
23.13560397850425 3.330115959721026 0
22.76476222230021 3.171578262594396 0
23.44534879937109 3.109356868521775 0
22.5596857231159 2.613003312451013 0
22.86943054398274 2.392244221251763 0
22.62078265845312 2.992300100776893 0
22.02291743255816 2.112802979965006 0
22.31863739634746 2.146836886094921 0
21.75073350789869 2.395813966662614 0
22.44859210311702 2.580908045241589 0
22.17640817845755 2.863919031939197 0
22.42505606398717 2.263863152414066 0
21.69138691851866 2.912877485998513 0
21.66785087938882 2.595832593170991 0
21.98710688230797 2.946911392128428 0
23.60915091682444 4.079424387423667 0
23.27108218160825 4.278436598082302 0
23.60470181018595 3.743621360179016 0
22.70170214739661 4.162386246187161 0
22.69725304075811 3.826583218942511 0
23.04421998925129 4.299177062773175 0
23.14652831883354 3.449299262316114 0
23.48904616068822 3.586090078902128 0
22.80845958361735 3.648311472974749 0
9.474735337307914 4.174345862467928 0
9.188471340046069 4.360199611118726 0
9.510853837735427 3.82590365142617 0
8.759522678513008 4.205366244147711 0
8.795641178940523 3.856924033105952 0
9.009668175347342 4.367954706538672 0
9.189366008765489 3.492971631224302 0
9.439511505599819 3.655560093615263 0
8.903102011503643 3.6788253798751 0
24.38742307772508 5.86602958289734 0
24.71690809446319 5.655538182707186 0
24.32496780014723 6.221422486114026 0
25.18277608558957 5.778576386679176 0
25.12032080801172 6.133969289895862 0
24.91574634642931 5.633674883652645 0
24.66018902650163 6.533088791221629 0
24.39315928734137 6.388187288195098 0
24.98967404323973 6.322597391031475 0
18.9933238144639 9.946603794154692 0
18.63996192452238 9.786415176618767 0
19.30662859118905 9.786415176618767 0
18.46876514358672 9.305849324010987 0
18.78206992031187 9.145660706475063 0
18.50882225680308 9.62622655908284 0
19.35765403247561 9.305849324010987 0
19.39771114569198 9.62622655908284 0
19.00429214253409 9.145660706475063 0
9.004547026639335 9.953550592173729 0
8.684854773224208 9.81420236869492 0
9.351521439890876 9.81420236869492 0
8.614666901867716 9.39615769825849 0
8.961641315119259 9.256809474779679 0
8.587384742031304 9.674854145216109 0
9.503555790756609 9.39615769825849 0
9.476273630920195 9.674854145216109 0
9.18386353734148 9.256809474779679 0
22.2076999174319 4.967773241030503 0
22.52177477023539 5.096422225248364 0
21.88409508157363 5.108688944797336 0
22.61375974376352 5.498724803967242 0
22.29015490790525 5.639640507734074 0
22.6232897268183 5.229160115982549 0
21.76352015888116 5.515080430032537 0
21.77305014193594 5.245515742047844 0
22.07759501168466 5.643729414250398 0
15.00615540668719 9.947048113794322 0
14.69128829341558 9.788192455177283 0
15.35795496008224 9.788192455177283 0
14.63557584248962 9.311625479326173 0
14.98737539588467 9.152769820709134 0
14.59864340236618 9.629336796560246 0
15.52446473137851 9.311625479326173 0
15.48753229125507 9.629336796560246 0
15.2095976181069 9.152769820709134 0
30.61983628690257 4.16246869818083 0
30.61730301853612 3.810072335299343 0
30.95679248626747 4.350121720943362 0
31.06235583707857 3.472949094180243 0
31.39931203644348 3.660602116942775 0
30.72793290608012 3.637692434299197 0
31.51500846072038 4.193014941705602 0
31.18058552972192 4.357758281824555 0
31.51247519235393 3.840618578824115 0
24.58965514238214 4.121644705621751 0
24.58501740951901 3.764824027016251 0
24.83973804152086 4.329174986110558 0
24.91073172026543 3.446829936658824 0
25.16081461940415 3.65436021714763 0
24.66528655398983 3.596120334775519 0
25.25035922960122 4.199297882117899 0
25.00491406332563 4.348588280234594 0
25.2457214967381 3.842477203512399 0
19.99022755216138 7.78705627330836 0
19.9006095060579 7.422667690151386 0
20.25789732555973 7.856660130349641 0
20.10813912708324 6.908158527611469 0
20.37580890048159 6.97776238465275 0
19.93008739978837 7.202943253727163 0
20.58452288641901 7.486815114542476 0
20.40647115912414 7.78159984065817 0
20.49490484031553 7.122426531385501 0
21.1804627133482 8.002848028939935 0
20.8987931815834 7.972855691074334 0
21.36551431982629 7.688257543236401 0
20.67607943727953 7.503414480360289 0
20.86113104375763 7.188823994656754 0
20.77269736256623 7.847997303929422 0
21.29837428827006 7.123950283243044 0
21.39499221355676 7.468533106812179 0
21.01670475650526 7.093957945377444 0
12.69198935350353 7.954457348424767 0
12.49037716818204 7.627376075518796 0
13.01155770355935 7.937588327548446 0
12.58044799272065 7.059748592840417 0
12.90001634277647 7.042879571964096 0
12.46249182798632 7.403698886622707 0
13.27535537322373 7.47336492887995 0
13.1573992084894 7.817315222662242 0
13.07374318790224 7.146283655973979 0
13.97384104613843 7.820022474892771 0
13.70178553805506 7.865200318723525 0
14.06804078988654 7.461917769633263 0
13.37395934958026 7.463023784762104 0
13.46815909332836 7.104919079502596 0
13.55181511391552 7.775950646190858 0
13.86229968535555 6.925313719308421 0
14.04015544969082 7.238240580737174 0
13.59024417727219 6.970491563139174 0
14.90685995018929 7.888588080846227 0
14.946624431465 7.580849698424243 0
15.15106757455852 8.015198346519075 0
15.33850873275015 7.236766081951398 0
15.58271635711938 7.363376347624246 0
15.05453662710521 7.417894198700535 0
15.61109959020818 7.815897612744507 0
15.32712748456324 7.997025729493644 0
15.65086407148389 7.508159230322522 0
38.99572634953231 0.04131068750316617 0
39.31623873146762 0.1652427500126647 0
38.64957206479995 0.1652427500126647 0
39.38888698838332 0.5370389375411604 0
39.04273270365096 0.6609710000506589 0
39.41452889118037 0.2891748125221633 0
38.49999809949309 0.5370389375411604 0
38.52564000229015 0.2891748125221633 0
38.8205104814284 0.6609710000506589 0
39.95868931249674 1.004273650464601 0
39.83475724998693 1.35042793519597 0
39.83475724998693 0.6837612685303607 0
39.46296106245751 1.500001900502596 0
39.33902899994769 1.179489518568355 0
39.71082518747712 1.474359997705468 0
39.46296106245751 0.6111130116151169 0
39.71082518747712 0.5854711088179897 0
39.33902899994769 0.9572672963464851 0
0.0413106875031357 1.004273650466119 0
0.1652427500125428 0.6837612685311729 0
0.1652427500125428 1.350427935197834 0
0.5370389375407641 0.611113011615216 0
0.6609710000501713 0.9572672963469308 0
0.28917481252195 0.5854711088184473 0
0.5370389375407641 1.500001900504097 0
0.28917481252195 1.474359997707328 0
0.6609710000501713 1.179489518569151 0
1.004273650465234 0.04131068750316483 0
1.350427935196664 0.1652427500126593 0
0.6837612685305959 0.1652427500126593 0
1.500001900502863 0.5370389375411426 0
1.179489518568225 0.6609710000506371 0
1.474359997706072 0.2891748125221538 0
0.6111130116147718 0.5370389375411426 0
0.5854711088179805 0.2891748125221538 0
0.9572672963462018 0.6609710000506371 0
16.62882193003975 6.471244110650097 0
16.92375575543934 6.324267304999146 0
16.62892707024745 6.761864701798809 0
17.41545231804893 6.466800083779177 0
17.41555745825663 6.75742067492789 0
17.12041335244164 6.323156298281416 0
17.02234740445974 7.050263279512063 0
16.72730843885245 6.906619494014301 0
17.31728122985933 6.903286473861112 0
16.61528709008553 7.830963773805884 0
16.62163907950287 7.49402144349808 0
16.90709749088031 7.997768428883192 0
17.02130626292479 7.154857099754815 0
17.31311666371957 7.321661754832124 0
16.72314387271268 7.324994774985313 0
17.40191747809471 7.826519746934966 0
17.1037550878826 7.996657422165462 0
17.40826946751205 7.489577416627161 0
3.003685427108515 9.95489500367062 0
2.681408375100804 9.819580014682474 0
3.348075041767464 9.819580014682474 0
2.603466107966553 9.41363504771804 0
2.947855722625502 9.278320058729896 0
2.581353545315314 9.68426502569433 0
3.492354996855431 9.41363504771804 0
3.470242434204193 9.68426502569433 0
3.170077944847721 9.278320058729896 0
36.99482910015566 9.951895691393149 0
36.64598306728934 9.807582765572603 0
37.312649733956 9.807582765572603 0
36.48833385757924 9.374643988110956 0
36.80615449137958 9.230331062290409 0
36.51935925664523 9.663269839752054 0
37.37722274646813 9.374643988110956 0
37.40824814553412 9.663269839752054 0
37.0283767136018 9.230331062290409 0
20.99999999997116 0.03766601290149597 0
21.333333333305 0.1506640516059839 0
20.66666666663732 0.1506640516059839 0
21.44444444441628 0.4896581677194475 0
21.11111111108244 0.6026562064239355 0
21.44444444441628 0.2636620903104718 0
20.55555555552604 0.4896581677194475 0
20.55555555552604 0.2636620903104718 0
20.88888888885988 0.6026562064239355 0
19.07718703505631 7.842933758215941 0
18.8413899278132 7.985334442133335 0
19.04301577597981 7.527633094973422 0
18.40283307030602 7.802268031005632 0
18.36866181122952 7.486967367763114 0
18.67280143662562 7.975168010330759 0
18.67166753452817 7.191999568125748 0
18.94163590084777 7.364899547450874 0
18.43587042728506 7.334400252043142 0
7.977748662957612 4.941506997839564 0
8.327601825092122 5.127479986495882 0
7.624568886292028 5.053456860025203 0
8.439784059762196 5.586701450503928 0
8.086604283096612 5.698651312689567 0
8.443110674293267 5.288778599661973 0
7.502406808028738 5.488003948543024 0
7.50573342255981 5.190081097701068 0
7.852259970163249 5.673976937199341 0
2.487227650204899 7.480561284149864 0
2.140913876466609 7.602468352187805 0
2.597618334972915 7.171318595434428 0
1.710911833260145 7.393323213963789 0
1.82130251802816 7.084080525248353 0
1.94683492223042 7.580658834641286 0
2.319851111268553 6.818456871625955 0
2.555774200238828 7.00579249230345 0
1.973537337530262 6.940363939663894 0
37.51277234979627 7.480561284150693 0
37.40238166502809 7.17131859543495 0
37.85908612353456 7.602468352188546 0
37.68014888873217 6.818456871625848 0
38.02646266247046 6.940363939663702 0
37.44422579976206 7.005792492303738 0
38.28908816674081 7.393323213963978 0
38.0531650777707 7.580658834641867 0
38.17869748197263 7.084080525248235 0
32.09032850318481 5.135993835950427 0
32.42742023313025 5.297241231427563 0
31.74894678822789 5.235557703334039 0
32.53406416309677 5.698738713734269 0
32.19268244813986 5.798302581117881 0
32.53835414810824 5.437927450873524 0
31.62943290322697 5.616494009609572 0
31.63372288823843 5.355682746748826 0
31.9665246331724 5.777741405086707 0
1.964403545795927 9.068250959057297 0
2.068958880151971 8.728325805927618 0
2.121795054394026 9.342156298352224 0
2.453073115542844 8.526991003104719 0
2.610464624140943 8.800896342399646 0
2.1911262725887 8.593010816939474 0
2.523521347865584 9.345431659670863 0
2.261574504911441 9.411451473505617 0
2.628076682221628 9.005506506541183 0
38.03411098146898 9.065251646780418 0
37.87226305466317 9.330159049242669 0
37.92509922890572 8.716328556818469 0
37.45716750656916 9.306440600063823 0
37.3481557540059 8.957517510101875 0
37.72802718593822 9.390456287563522 0
37.52761573889256 8.487999943498224 0
37.79847541826161 8.572015630997923 0
37.36576781208675 8.752907345960475 0
10.22902138248644 9.249718754031889 0
10.01085378534701 9.435215994310852 0
10.1919001342668 8.947947798674193 0
9.597746125821772 9.342016787632195 0
9.560624877602132 9.040245832274499 0
9.853034971180845 9.458290502710929 0
9.839141257714827 8.692325860116648 0
10.0944301030739 8.808599575195382 0
9.620973660575395 8.877823100395611 0
14.04654709230645 7.898033326636419 0
14.3588649745586 7.773961176607854 0
13.99260972272713 8.177243725698117 0
14.80747828553977 7.939454791975844 0
14.75354091596046 8.218665191037543 0
14.54909777286694 7.784316542942711 0
14.31913794976448 8.477164857429528 0
14.06075743709164 8.322026608396394 0
14.63145583201664 8.353092707400963 0
13.78035208613706 9.213800339002782 0
13.84927395017439 8.885733655433851 0
14.03124035158089 9.393366730289534 0
14.29866141082838 8.578377704534633 0
14.54954967627221 8.757944095821383 0
13.97885128134722 8.726877996816814 0
14.54128327937038 9.255221804342208 0
14.22147314988922 9.40372209662439 0
14.61020514340771 8.927155120773277 0
20.19533462616434 9.218206919221061 0
19.95386518210467 9.394201474731425 0
20.11935984661524 8.889926715161989 0
19.45011640260642 9.249818795169938 0
19.37414162305731 8.921538591110867 0
19.76756062621519 9.402104443718644 0
19.67077595528717 8.577452449077358 0
19.98822017889594 8.729738097626063 0
19.4293065112275 8.753447004587722 0
21.05020748521849 5.740652168324325 0
21.26082992576641 5.524854521032471 0
21.09716869981889 6.047657828071529 0
21.67448227948013 5.574532655208984 0
21.72144349408054 5.881538314956189 0
21.41689862433182 5.483324642753636 0
21.45626731155011 6.271603731261062 0
21.19868365640179 6.180395718805713 0
21.66688975209803 6.055806083969209 0
4.26734885817189 9.233178288689091 0
4.028509196955436 9.430963322000112 0
4.236686444101881 8.931313288551364 0
3.589559876167999 9.358118377334845 0
3.558897462097991 9.056253377197116 0
3.859061951454462 9.46219834416155 0
3.867129539029928 8.691918332736513 0
4.136631614316391 8.795998299563218 0
3.628289877813473 8.889703366047534 0
35.72132254697168 9.2211755920397 0
35.74525705311418 8.90823495098374 0
35.96024876942104 9.414118096689975 0
36.10371619328415 8.643923888757506 0
36.34264241573351 8.836866393407782 0
35.84085546469229 8.763922025163192 0
36.39037181502663 9.318434749699152 0
36.12751108643477 9.43843288610484 0
36.41430632116913 9.005494108643193 0
19.91830006895473 7.862932075112174 0
19.97018739273313 8.160163337564898 0
19.61289957323131 7.726170897366642 0
19.64946560473258 8.473200537992058 0
19.34406510900916 8.336439360246528 0
19.9029787766776 8.312730453284869 0
19.17308184539681 7.89454395106105 0
19.42659501734183 7.73407386635386 0
19.22496916917521 8.191775213513774 0
20.4107275655833 2.01704047577055 0
20.21902864361093 1.775674641560492 0
20.73841243395288 2.027623665189034 0
20.33644359814973 1.387509170435039 0
20.6641284665193 1.398092359853522 0
20.20045765175253 1.618291815226614 0
21.02895531860567 1.723441201939761 0
20.89296937220847 1.954223846731336 0
20.83725639663329 1.482075367729703 0
19.84877178604805 0.8453900606042986 0
20.04677455144796 0.585592384984416 0
19.91643707001503 1.144785956470972 0
20.46699953907041 0.5517907867735093 0
20.53466482303739 0.8511866826401824 0
20.20133148970354 0.5121925665267187 0
20.29321623049318 1.29738221542225 0
20.0275481811263 1.257783995175459 0
20.49121899589307 1.037584539802367 0
21.36022315236868 7.036865511675359 0
21.26410021289976 6.745618859106702 0
21.64238766995126 7.120194020541436 0
21.48011467056166 6.371312449980373 0
21.76227918814424 6.45464095884645 0
21.29407309244801 6.579230593682954 0
21.98449794663033 6.870745998560018 0
21.79845636851667 7.0786641422626 0
21.88837500716141 6.579499345991361 0
$EndNodes
$Elements
5 7124 1 7124
1 1 1 20
1 1 3 
2 3 4 
3 4 5 
4 5 6 
5 6 7 
6 7 8 
7 8 9 
8 9 10 
9 10 11 
10 11 12 
11 12 13 
12 13 14 
13 14 15 
14 15 16 
15 16 17 
16 17 18 
17 18 19 
18 19 20 
19 20 21 
20 21 2 
1 2 1 5
21 2 23 
22 23 24 
23 24 25 
24 25 26 
25 26 22 
1 3 1 20
26 22 28 
27 28 29 
28 29 30 
29 30 31 
30 31 32 
31 32 33 
32 33 34 
33 34 35 
34 35 36 
35 36 37 
36 37 38 
37 38 39 
38 39 40 
39 40 41 
40 41 42 
41 42 43 
42 43 44 
43 44 45 
44 45 46 
45 46 27 
1 4 1 5
46 27 47 
47 47 48 
48 48 49 
49 49 50 
50 50 1 
2 1 2 7074
51 5 6 1206 
52 6 420 1206 
53 420 5 1206 
54 6 158 1207 
55 158 420 1207 
56 420 6 1207 
57 158 5 1208 
58 5 420 1208 
59 420 158 1208 
60 6 73 1209 
61 73 421 1209 
62 421 6 1209 
63 73 158 1210 
64 158 421 1210 
65 421 73 1210 
66 158 6 1211 
67 6 421 1211 
68 421 158 1211 
69 73 5 1212 
70 5 422 1212 
71 422 73 1212 
72 5 158 1213 
73 158 422 1213 
74 422 5 1213 
75 158 73 1214 
76 73 422 1214 
77 422 158 1214 
78 8 9 1215 
79 9 423 1215 
80 423 8 1215 
81 9 159 1216 
82 159 423 1216 
83 423 9 1216 
84 159 8 1217 
85 8 423 1217 
86 423 159 1217 
87 9 74 1218 
88 74 424 1218 
89 424 9 1218 
90 74 159 1219 
91 159 424 1219 
92 424 74 1219 
93 159 9 1220 
94 9 424 1220 
95 424 159 1220 
96 74 8 1221 
97 8 425 1221 
98 425 74 1221 
99 8 159 1222 
100 159 425 1222 
101 425 8 1222 
102 159 74 1223 
103 74 425 1223 
104 425 159 1223 
105 33 34 1224 
106 34 426 1224 
107 426 33 1224 
108 34 160 1225 
109 160 426 1225 
110 426 34 1225 
111 160 33 1226 
112 33 426 1226 
113 426 160 1226 
114 34 75 1227 
115 75 427 1227 
116 427 34 1227 
117 75 160 1228 
118 160 427 1228 
119 427 75 1228 
120 160 34 1229 
121 34 427 1229 
122 427 160 1229 
123 75 33 1230 
124 33 428 1230 
125 428 75 1230 
126 33 160 1231 
127 160 428 1231 
128 428 33 1231 
129 160 75 1232 
130 75 428 1232 
131 428 160 1232 
132 15 16 1233 
133 16 429 1233 
134 429 15 1233 
135 16 161 1234 
136 161 429 1234 
137 429 16 1234 
138 161 15 1235 
139 15 429 1235 
140 429 161 1235 
141 16 76 1236 
142 76 430 1236 
143 430 16 1236 
144 76 161 1237 
145 161 430 1237 
146 430 76 1237 
147 161 16 1238 
148 16 430 1238 
149 430 161 1238 
150 76 15 1239 
151 15 431 1239 
152 431 76 1239 
153 15 161 1240 
154 161 431 1240 
155 431 15 1240 
156 161 76 1241 
157 76 431 1241 
158 431 161 1241 
159 18 19 1242 
160 19 432 1242 
161 432 18 1242 
162 19 162 1243 
163 162 432 1243 
164 432 19 1243 
165 162 18 1244 
166 18 432 1244 
167 432 162 1244 
168 19 77 1245 
169 77 433 1245 
170 433 19 1245 
171 77 162 1246 
172 162 433 1246 
173 433 77 1246 
174 162 19 1247 
175 19 433 1247 
176 433 162 1247 
177 77 18 1248 
178 18 434 1248 
179 434 77 1248 
180 18 162 1249 
181 162 434 1249 
182 434 18 1249 
183 162 77 1250 
184 77 434 1250 
185 434 162 1250 
186 79 62 1251 
187 62 435 1251 
188 435 79 1251 
189 62 163 1252 
190 163 435 1252 
191 435 62 1252 
192 163 79 1253 
193 79 435 1253 
194 435 163 1253 
195 62 98 1254 
196 98 436 1254 
197 436 62 1254 
198 98 163 1255 
199 163 436 1255 
200 436 98 1255 
201 163 62 1256 
202 62 436 1256 
203 436 163 1256 
204 98 79 1257 
205 79 437 1257 
206 437 98 1257 
207 79 163 1258 
208 163 437 1258 
209 437 79 1258 
210 163 98 1259 
211 98 437 1259 
212 437 163 1259 
213 79 98 1260 
214 98 438 1260 
215 438 79 1260 
216 98 164 1261 
217 164 438 1261 
218 438 98 1261 
219 164 79 1262 
220 79 438 1262 
221 438 164 1262 
222 98 142 1263 
223 142 439 1263 
224 439 98 1263 
225 142 164 1264 
226 164 439 1264 
227 439 142 1264 
228 164 98 1265 
229 98 439 1265 
230 439 164 1265 
231 142 79 1266 
232 79 440 1266 
233 440 142 1266 
234 79 164 1267 
235 164 440 1267 
236 440 79 1267 
237 164 142 1268 
238 142 440 1268 
239 440 164 1268 
240 66 72 1269 
241 72 441 1269 
242 441 66 1269 
243 72 165 1270 
244 165 441 1270 
245 441 72 1270 
246 165 66 1271 
247 66 441 1271 
248 441 165 1271 
249 72 86 1272 
250 86 442 1272 
251 442 72 1272 
252 86 165 1273 
253 165 442 1273 
254 442 86 1273 
255 165 72 1274 
256 72 442 1274 
257 442 165 1274 
258 86 66 1275 
259 66 443 1275 
260 443 86 1275 
261 66 165 1276 
262 165 443 1276 
263 443 66 1276 
264 165 86 1277 
265 86 443 1277 
266 443 165 1277 
267 71 65 1278 
268 65 444 1278 
269 444 71 1278 
270 65 166 1279 
271 166 444 1279 
272 444 65 1279 
273 166 71 1280 
274 71 444 1280 
275 444 166 1280 
276 65 85 1281 
277 85 445 1281 
278 445 65 1281 
279 85 166 1282 
280 166 445 1282 
281 445 85 1282 
282 166 65 1283 
283 65 445 1283 
284 445 166 1283 
285 85 71 1284 
286 71 446 1284 
287 446 85 1284 
288 71 166 1285 
289 166 446 1285 
290 446 71 1285 
291 166 85 1286 
292 85 446 1286 
293 446 166 1286 
294 51 71 1287 
295 71 447 1287 
296 447 51 1287 
297 71 167 1288 
298 167 447 1288 
299 447 71 1288 
300 167 51 1289 
301 51 447 1289 
302 447 167 1289 
303 71 85 1290 
304 85 448 1290 
305 448 71 1290 
306 85 167 1291 
307 167 448 1291 
308 448 85 1291 
309 167 71 1292 
310 71 448 1292 
311 448 167 1292 
312 85 51 1293 
313 51 449 1293 
314 449 85 1293 
315 51 167 1294 
316 167 449 1294 
317 449 51 1294 
318 167 85 1295 
319 85 449 1295 
320 449 167 1295 
321 72 53 1296 
322 53 450 1296 
323 450 72 1296 
324 53 168 1297 
325 168 450 1297 
326 450 53 1297 
327 168 72 1298 
328 72 450 1298 
329 450 168 1298 
330 53 86 1299 
331 86 451 1299 
332 451 53 1299 
333 86 168 1300 
334 168 451 1300 
335 451 86 1300 
336 168 53 1301 
337 53 451 1301 
338 451 168 1301 
339 86 72 1302 
340 72 452 1302 
341 452 86 1302 
342 72 168 1303 
343 168 452 1303 
344 452 72 1303 
345 168 86 1304 
346 86 452 1304 
347 452 168 1304 
348 94 11 1305 
349 11 453 1305 
350 453 94 1305 
351 11 169 1306 
352 169 453 1306 
353 453 11 1306 
354 169 94 1307 
355 94 453 1307 
356 453 169 1307 
357 11 121 1308 
358 121 454 1308 
359 454 11 1308 
360 121 169 1309 
361 169 454 1309 
362 454 121 1309 
363 169 11 1310 
364 11 454 1310 
365 454 169 1310 
366 121 94 1311 
367 94 455 1311 
368 455 121 1311 
369 94 169 1312 
370 169 455 1312 
371 455 94 1312 
372 169 121 1313 
373 121 455 1313 
374 455 169 1313 
375 5 73 1314 
376 73 456 1314 
377 456 5 1314 
378 73 170 1315 
379 170 456 1315 
380 456 73 1315 
381 170 5 1316 
382 5 456 1316 
383 456 170 1316 
384 73 88 1317 
385 88 457 1317 
386 457 73 1317 
387 88 170 1318 
388 170 457 1318 
389 457 88 1318 
390 170 73 1319 
391 73 457 1319 
392 457 170 1319 
393 88 5 1320 
394 5 458 1320 
395 458 88 1320 
396 5 170 1321 
397 170 458 1321 
398 458 5 1321 
399 170 88 1322 
400 88 458 1322 
401 458 170 1322 
402 77 19 1323 
403 19 459 1323 
404 459 77 1323 
405 19 171 1324 
406 171 459 1324 
407 459 19 1324 
408 171 77 1325 
409 77 459 1325 
410 459 171 1325 
411 19 87 1326 
412 87 460 1326 
413 460 19 1326 
414 87 171 1327 
415 171 460 1327 
416 460 87 1327 
417 171 19 1328 
418 19 460 1328 
419 460 171 1328 
420 87 77 1329 
421 77 461 1329 
422 461 87 1329 
423 77 171 1330 
424 171 461 1330 
425 461 77 1330 
426 171 87 1331 
427 87 461 1331 
428 461 171 1331 
429 53 72 1332 
430 72 462 1332 
431 462 53 1332 
432 72 172 1333 
433 172 462 1333 
434 462 72 1333 
435 172 53 1334 
436 53 462 1334 
437 462 172 1334 
438 72 141 1335 
439 141 463 1335 
440 463 72 1335 
441 141 172 1336 
442 172 463 1336 
443 463 141 1336 
444 172 72 1337 
445 72 463 1337 
446 463 172 1337 
447 141 53 1338 
448 53 464 1338 
449 464 141 1338 
450 53 172 1339 
451 172 464 1339 
452 464 53 1339 
453 172 141 1340 
454 141 464 1340 
455 464 172 1340 
456 71 51 1341 
457 51 465 1341 
458 465 71 1341 
459 51 173 1342 
460 173 465 1342 
461 465 51 1342 
462 173 71 1343 
463 71 465 1343 
464 465 173 1343 
465 51 137 1344 
466 137 466 1344 
467 466 51 1344 
468 137 173 1345 
469 173 466 1345 
470 466 137 1345 
471 173 51 1346 
472 51 466 1346 
473 466 173 1346 
474 137 71 1347 
475 71 467 1347 
476 467 137 1347 
477 71 173 1348 
478 173 467 1348 
479 467 71 1348 
480 173 137 1349 
481 137 467 1349 
482 467 173 1349 
483 72 66 1350 
484 66 468 1350 
485 468 72 1350 
486 66 174 1351 
487 174 468 1351 
488 468 66 1351 
489 174 72 1352 
490 72 468 1352 
491 468 174 1352 
492 66 116 1353 
493 116 469 1353 
494 469 66 1353 
495 116 174 1354 
496 174 469 1354 
497 469 116 1354 
498 174 66 1355 
499 66 469 1355 
500 469 174 1355 
501 116 72 1356 
502 72 470 1356 
503 470 116 1356 
504 72 174 1357 
505 174 470 1357 
506 470 72 1357 
507 174 116 1358 
508 116 470 1358 
509 470 174 1358 
510 65 71 1359 
511 71 471 1359 
512 471 65 1359 
513 71 175 1360 
514 175 471 1360 
515 471 71 1360 
516 175 65 1361 
517 65 471 1361 
518 471 175 1361 
519 71 115 1362 
520 115 472 1362 
521 472 71 1362 
522 115 175 1363 
523 175 472 1363 
524 472 115 1363 
525 175 71 1364 
526 71 472 1364 
527 472 175 1364 
528 115 65 1365 
529 65 473 1365 
530 473 115 1365 
531 65 175 1366 
532 175 473 1366 
533 473 65 1366 
534 175 115 1367 
535 115 473 1367 
536 473 175 1367 
537 98 52 1368 
538 52 474 1368 
539 474 98 1368 
540 52 176 1369 
541 176 474 1369 
542 474 52 1369 
543 176 98 1370 
544 98 474 1370 
545 474 176 1370 
546 52 142 1371 
547 142 475 1371 
548 475 52 1371 
549 142 176 1372 
550 176 475 1372 
551 475 142 1372 
552 176 52 1373 
553 52 475 1373 
554 475 176 1373 
555 142 98 1374 
556 98 476 1374 
557 476 142 1374 
558 98 176 1375 
559 176 476 1375 
560 476 98 1375 
561 176 142 1376 
562 142 476 1376 
563 476 176 1376 
564 74 9 1377 
565 9 477 1377 
566 477 74 1377 
567 9 177 1378 
568 177 477 1378 
569 477 9 1378 
570 177 74 1379 
571 74 477 1379 
572 477 177 1379 
573 9 114 1380 
574 114 478 1380 
575 478 9 1380 
576 114 177 1381 
577 177 478 1381 
578 478 114 1381 
579 177 9 1382 
580 9 478 1382 
581 478 177 1382 
582 114 74 1383 
583 74 479 1383 
584 479 114 1383 
585 74 177 1384 
586 177 479 1384 
587 479 74 1384 
588 177 114 1385 
589 114 479 1385 
590 479 177 1385 
591 116 30 1386 
592 30 480 1386 
593 480 116 1386 
594 30 178 1387 
595 178 480 1387 
596 480 30 1387 
597 178 116 1388 
598 116 480 1388 
599 480 178 1388 
600 30 135 1389 
601 135 481 1389 
602 481 30 1389 
603 135 178 1390 
604 178 481 1390 
605 481 135 1390 
606 178 30 1391 
607 30 481 1391 
608 481 178 1391 
609 135 116 1392 
610 116 482 1392 
611 482 135 1392 
612 116 178 1393 
613 178 482 1393 
614 482 116 1393 
615 178 135 1394 
616 135 482 1394 
617 482 178 1394 
618 76 16 1395 
619 16 483 1395 
620 483 76 1395 
621 16 179 1396 
622 179 483 1396 
623 483 16 1396 
624 179 76 1397 
625 76 483 1397 
626 483 179 1397 
627 16 95 1398 
628 95 484 1398 
629 484 16 1398 
630 95 179 1399 
631 179 484 1399 
632 484 95 1399 
633 179 16 1400 
634 16 484 1400 
635 484 179 1400 
636 95 76 1401 
637 76 485 1401 
638 485 95 1401 
639 76 179 1402 
640 179 485 1402 
641 485 76 1402 
642 179 95 1403 
643 95 485 1403 
644 485 179 1403 
645 73 6 1404 
646 6 486 1404 
647 486 73 1404 
648 6 180 1405 
649 180 486 1405 
650 486 6 1405 
651 180 73 1406 
652 73 486 1406 
653 486 180 1406 
654 6 100 1407 
655 100 487 1407 
656 487 6 1407 
657 100 180 1408 
658 180 487 1408 
659 487 100 1408 
660 180 6 1409 
661 6 487 1409 
662 487 180 1409 
663 100 73 1410 
664 73 488 1410 
665 488 100 1410 
666 73 180 1411 
667 180 488 1411 
668 488 73 1411 
669 180 100 1412 
670 100 488 1412 
671 488 180 1412 
672 8 74 1413 
673 74 489 1413 
674 489 8 1413 
675 74 181 1414 
676 181 489 1414 
677 489 74 1414 
678 181 8 1415 
679 8 489 1415 
680 489 181 1415 
681 74 99 1416 
682 99 490 1416 
683 490 74 1416 
684 99 181 1417 
685 181 490 1417 
686 490 99 1417 
687 181 74 1418 
688 74 490 1418 
689 490 181 1418 
690 99 8 1419 
691 8 491 1419 
692 491 99 1419 
693 8 181 1420 
694 181 491 1420 
695 491 8 1420 
696 181 99 1421 
697 99 491 1421 
698 491 181 1421 
699 33 75 1422 
700 75 492 1422 
701 492 33 1422 
702 75 182 1423 
703 182 492 1423 
704 492 75 1423 
705 182 33 1424 
706 33 492 1424 
707 492 182 1424 
708 75 101 1425 
709 101 493 1425 
710 493 75 1425 
711 101 182 1426 
712 182 493 1426 
713 493 101 1426 
714 182 75 1427 
715 75 493 1427 
716 493 182 1427 
717 101 33 1428 
718 33 494 1428 
719 494 101 1428 
720 33 182 1429 
721 182 494 1429 
722 494 33 1429 
723 182 101 1430 
724 101 494 1430 
725 494 182 1430 
726 75 34 1431 
727 34 495 1431 
728 495 75 1431 
729 34 183 1432 
730 183 495 1432 
731 495 34 1432 
732 183 75 1433 
733 75 495 1433 
734 495 183 1433 
735 34 102 1434 
736 102 496 1434 
737 496 34 1434 
738 102 183 1435 
739 183 496 1435 
740 496 102 1435 
741 183 34 1436 
742 34 496 1436 
743 496 183 1436 
744 102 75 1437 
745 75 497 1437 
746 497 102 1437 
747 75 183 1438 
748 183 497 1438 
749 497 75 1438 
750 183 102 1439 
751 102 497 1439 
752 497 183 1439 
753 46 27 1440 
754 27 498 1440 
755 498 46 1440 
756 27 184 1441 
757 184 498 1441 
758 498 27 1441 
759 184 46 1442 
760 46 498 1442 
761 498 184 1442 
762 27 112 1443 
763 112 499 1443 
764 499 27 1443 
765 112 184 1444 
766 184 499 1444 
767 499 112 1444 
768 184 27 1445 
769 27 499 1445 
770 499 184 1445 
771 112 46 1446 
772 46 500 1446 
773 500 112 1446 
774 46 184 1447 
775 184 500 1447 
776 500 46 1447 
777 184 112 1448 
778 112 500 1448 
779 500 184 1448 
780 27 47 1449 
781 47 501 1449 
782 501 27 1449 
783 47 185 1450 
784 185 501 1450 
785 501 47 1450 
786 185 27 1451 
787 27 501 1451 
788 501 185 1451 
789 47 112 1452 
790 112 502 1452 
791 502 47 1452 
792 112 185 1453 
793 185 502 1453 
794 502 112 1453 
795 185 47 1454 
796 47 502 1454 
797 502 185 1454 
798 112 27 1455 
799 27 503 1455 
800 503 112 1455 
801 27 185 1456 
802 185 503 1456 
803 503 27 1456 
804 185 112 1457 
805 112 503 1457 
806 503 185 1457 
807 22 28 1458 
808 28 504 1458 
809 504 22 1458 
810 28 186 1459 
811 186 504 1459 
812 504 28 1459 
813 186 22 1460 
814 22 504 1460 
815 504 186 1460 
816 28 113 1461 
817 113 505 1461 
818 505 28 1461 
819 113 186 1462 
820 186 505 1462 
821 505 113 1462 
822 186 28 1463 
823 28 505 1463 
824 505 186 1463 
825 113 22 1464 
826 22 506 1464 
827 506 113 1464 
828 22 186 1465 
829 186 506 1465 
830 506 22 1465 
831 186 113 1466 
832 113 506 1466 
833 506 186 1466 
834 26 22 1467 
835 22 507 1467 
836 507 26 1467 
837 22 187 1468 
838 187 507 1468 
839 507 22 1468 
840 187 26 1469 
841 26 507 1469 
842 507 187 1469 
843 22 113 1470 
844 113 508 1470 
845 508 22 1470 
846 113 187 1471 
847 187 508 1471 
848 508 113 1471 
849 187 22 1472 
850 22 508 1472 
851 508 187 1472 
852 113 26 1473 
853 26 509 1473 
854 509 113 1473 
855 26 187 1474 
856 187 509 1474 
857 509 26 1474 
858 187 113 1475 
859 113 509 1475 
860 509 187 1475 
861 68 94 1476 
862 94 510 1476 
863 510 68 1476 
864 94 188 1477 
865 188 510 1477 
866 510 94 1477 
867 188 68 1478 
868 68 510 1478 
869 510 188 1478 
870 94 121 1479 
871 121 511 1479 
872 511 94 1479 
873 121 188 1480 
874 188 511 1480 
875 511 121 1480 
876 188 94 1481 
877 94 511 1481 
878 511 188 1481 
879 121 68 1482 
880 68 512 1482 
881 512 121 1482 
882 68 188 1483 
883 188 512 1483 
884 512 68 1483 
885 188 121 1484 
886 121 512 1484 
887 512 188 1484 
888 54 76 1485 
889 76 513 1485 
890 513 54 1485 
891 76 189 1486 
892 189 513 1486 
893 513 76 1486 
894 189 54 1487 
895 54 513 1487 
896 513 189 1487 
897 76 124 1488 
898 124 514 1488 
899 514 76 1488 
900 124 189 1489 
901 189 514 1489 
902 514 124 1489 
903 189 76 1490 
904 76 514 1490 
905 514 189 1490 
906 124 54 1491 
907 54 515 1491 
908 515 124 1491 
909 54 189 1492 
910 189 515 1492 
911 515 54 1492 
912 189 124 1493 
913 124 515 1493 
914 515 189 1493 
915 76 54 1494 
916 54 516 1494 
917 516 76 1494 
918 54 190 1495 
919 190 516 1495 
920 516 54 1495 
921 190 76 1496 
922 76 516 1496 
923 516 190 1496 
924 54 127 1497 
925 127 517 1497 
926 517 54 1497 
927 127 190 1498 
928 190 517 1498 
929 517 127 1498 
930 190 54 1499 
931 54 517 1499 
932 517 190 1499 
933 127 76 1500 
934 76 518 1500 
935 518 127 1500 
936 76 190 1501 
937 190 518 1501 
938 518 76 1501 
939 190 127 1502 
940 127 518 1502 
941 518 190 1502 
942 73 51 1503 
943 51 519 1503 
944 519 73 1503 
945 51 191 1504 
946 191 519 1504 
947 519 51 1504 
948 191 73 1505 
949 73 519 1505 
950 519 191 1505 
951 51 109 1506 
952 109 520 1506 
953 520 51 1506 
954 109 191 1507 
955 191 520 1507 
956 520 109 1507 
957 191 51 1508 
958 51 520 1508 
959 520 191 1508 
960 109 73 1509 
961 73 521 1509 
962 521 109 1509 
963 73 191 1510 
964 191 521 1510 
965 521 73 1510 
966 191 109 1511 
967 109 521 1511 
968 521 191 1511 
969 15 76 1512 
970 76 522 1512 
971 522 15 1512 
972 76 192 1513 
973 192 522 1513 
974 522 76 1513 
975 192 15 1514 
976 15 522 1514 
977 522 192 1514 
978 76 108 1515 
979 108 523 1515 
980 523 76 1515 
981 108 192 1516 
982 192 523 1516 
983 523 108 1516 
984 192 76 1517 
985 76 523 1517 
986 523 192 1517 
987 108 15 1518 
988 15 524 1518 
989 524 108 1518 
990 15 192 1519 
991 192 524 1519 
992 524 15 1519 
993 192 108 1520 
994 108 524 1520 
995 524 192 1520 
996 18 77 1521 
997 77 525 1521 
998 525 18 1521 
999 77 193 1522 
1000 193 525 1522 
1001 525 77 1522 
1002 193 18 1523 
1003 18 525 1523 
1004 525 193 1523 
1005 77 107 1524 
1006 107 526 1524 
1007 526 77 1524 
1008 107 193 1525 
1009 193 526 1525 
1010 526 107 1525 
1011 193 77 1526 
1012 77 526 1526 
1013 526 193 1526 
1014 107 18 1527 
1015 18 527 1527 
1016 527 107 1527 
1017 18 193 1528 
1018 193 527 1528 
1019 527 18 1528 
1020 193 107 1529 
1021 107 527 1529 
1022 527 193 1529 
1023 51 73 1530 
1024 73 528 1530 
1025 528 51 1530 
1026 73 194 1531 
1027 194 528 1531 
1028 528 73 1531 
1029 194 51 1532 
1030 51 528 1532 
1031 528 194 1532 
1032 73 122 1533 
1033 122 529 1533 
1034 529 73 1533 
1035 122 194 1534 
1036 194 529 1534 
1037 529 122 1534 
1038 194 73 1535 
1039 73 529 1535 
1040 529 194 1535 
1041 122 51 1536 
1042 51 530 1536 
1043 530 122 1536 
1044 51 194 1537 
1045 194 530 1537 
1046 530 51 1537 
1047 194 122 1538 
1048 122 530 1538 
1049 530 194 1538 
1050 54 75 1539 
1051 75 531 1539 
1052 531 54 1539 
1053 75 195 1540 
1054 195 531 1540 
1055 531 75 1540 
1056 195 54 1541 
1057 54 531 1541 
1058 531 195 1541 
1059 75 123 1542 
1060 123 532 1542 
1061 532 75 1542 
1062 123 195 1543 
1063 195 532 1543 
1064 532 123 1543 
1065 195 75 1544 
1066 75 532 1544 
1067 532 195 1544 
1068 123 54 1545 
1069 54 533 1545 
1070 533 123 1545 
1071 54 195 1546 
1072 195 533 1546 
1073 533 54 1546 
1074 195 123 1547 
1075 123 533 1547 
1076 533 195 1547 
1077 75 54 1548 
1078 54 534 1548 
1079 534 75 1548 
1080 54 196 1549 
1081 196 534 1549 
1082 534 54 1549 
1083 196 75 1550 
1084 75 534 1550 
1085 534 196 1550 
1086 54 119 1551 
1087 119 535 1551 
1088 535 54 1551 
1089 119 196 1552 
1090 196 535 1552 
1091 535 119 1552 
1092 196 54 1553 
1093 54 535 1553 
1094 535 196 1553 
1095 119 75 1554 
1096 75 536 1554 
1097 536 119 1554 
1098 75 196 1555 
1099 196 536 1555 
1100 536 75 1555 
1101 196 119 1556 
1102 119 536 1556 
1103 536 196 1556 
1104 110 53 1557 
1105 53 537 1557 
1106 537 110 1557 
1107 53 197 1558 
1108 197 537 1558 
1109 537 53 1558 
1110 197 110 1559 
1111 110 537 1559 
1112 537 197 1559 
1113 53 126 1560 
1114 126 538 1560 
1115 538 53 1560 
1116 126 197 1561 
1117 197 538 1561 
1118 538 126 1561 
1119 197 53 1562 
1120 53 538 1562 
1121 538 197 1562 
1122 126 110 1563 
1123 110 539 1563 
1124 539 126 1563 
1125 110 197 1564 
1126 197 539 1564 
1127 539 110 1564 
1128 197 126 1565 
1129 126 539 1565 
1130 539 197 1565 
1131 77 110 1566 
1132 110 540 1566 
1133 540 77 1566 
1134 110 198 1567 
1135 198 540 1567 
1136 540 110 1567 
1137 198 77 1568 
1138 77 540 1568 
1139 540 198 1568 
1140 110 126 1569 
1141 126 541 1569 
1142 541 110 1569 
1143 126 198 1570 
1144 198 541 1570 
1145 541 126 1570 
1146 198 110 1571 
1147 110 541 1571 
1148 541 198 1571 
1149 126 77 1572 
1150 77 542 1572 
1151 542 126 1572 
1152 77 198 1573 
1153 198 542 1573 
1154 542 77 1573 
1155 198 126 1574 
1156 126 542 1574 
1157 542 198 1574 
1158 44 115 1575 
1159 115 543 1575 
1160 543 44 1575 
1161 115 199 1576 
1162 199 543 1576 
1163 543 115 1576 
1164 199 44 1577 
1165 44 543 1577 
1166 543 199 1577 
1167 115 144 1578 
1168 144 544 1578 
1169 544 115 1578 
1170 144 199 1579 
1171 199 544 1579 
1172 544 144 1579 
1173 199 115 1580 
1174 115 544 1580 
1175 544 199 1580 
1176 144 44 1581 
1177 44 545 1581 
1178 545 144 1581 
1179 44 199 1582 
1180 199 545 1582 
1181 545 44 1582 
1182 199 144 1583 
1183 144 545 1583 
1184 545 199 1583 
1185 72 81 1584 
1186 81 546 1584 
1187 546 72 1584 
1188 81 200 1585 
1189 200 546 1585 
1190 546 81 1585 
1191 200 72 1586 
1192 72 546 1586 
1193 546 200 1586 
1194 81 141 1587 
1195 141 547 1587 
1196 547 81 1587 
1197 141 200 1588 
1198 200 547 1588 
1199 547 141 1588 
1200 200 81 1589 
1201 81 547 1589 
1202 547 200 1589 
1203 141 72 1590 
1204 72 548 1590 
1205 548 141 1590 
1206 72 200 1591 
1207 200 548 1591 
1208 548 72 1591 
1209 200 141 1592 
1210 141 548 1592 
1211 548 200 1592 
1212 79 41 1593 
1213 41 549 1593 
1214 549 79 1593 
1215 41 201 1594 
1216 201 549 1594 
1217 549 41 1594 
1218 201 79 1595 
1219 79 549 1595 
1220 549 201 1595 
1221 41 117 1596 
1222 117 550 1596 
1223 550 41 1596 
1224 117 201 1597 
1225 201 550 1597 
1226 550 117 1597 
1227 201 41 1598 
1228 41 550 1598 
1229 550 201 1598 
1230 117 79 1599 
1231 79 551 1599 
1232 551 117 1599 
1233 79 201 1600 
1234 201 551 1600 
1235 551 79 1600 
1236 201 117 1601 
1237 117 551 1601 
1238 551 201 1601 
1239 95 17 1602 
1240 17 552 1602 
1241 552 95 1602 
1242 17 202 1603 
1243 202 552 1603 
1244 552 17 1603 
1245 202 95 1604 
1246 95 552 1604 
1247 552 202 1604 
1248 17 107 1605 
1249 107 553 1605 
1250 553 17 1605 
1251 107 202 1606 
1252 202 553 1606 
1253 553 107 1606 
1254 202 17 1607 
1255 17 553 1607 
1256 553 202 1607 
1257 107 95 1608 
1258 95 554 1608 
1259 554 107 1608 
1260 95 202 1609 
1261 202 554 1609 
1262 554 95 1609 
1263 202 107 1610 
1264 107 554 1610 
1265 554 202 1610 
1266 72 116 1611 
1267 116 555 1611 
1268 555 72 1611 
1269 116 203 1612 
1270 203 555 1612 
1271 555 116 1612 
1272 203 72 1613 
1273 72 555 1613 
1274 555 203 1613 
1275 116 135 1614 
1276 135 556 1614 
1277 556 116 1614 
1278 135 203 1615 
1279 203 556 1615 
1280 556 135 1615 
1281 203 116 1616 
1282 116 556 1616 
1283 556 203 1616 
1284 135 72 1617 
1285 72 557 1617 
1286 557 135 1617 
1287 72 203 1618 
1288 203 557 1618 
1289 557 72 1618 
1290 203 135 1619 
1291 135 557 1619 
1292 557 203 1619 
1293 129 55 1620 
1294 55 558 1620 
1295 558 129 1620 
1296 55 204 1621 
1297 204 558 1621 
1298 558 55 1621 
1299 204 129 1622 
1300 129 558 1622 
1301 558 204 1622 
1302 55 133 1623 
1303 133 559 1623 
1304 559 55 1623 
1305 133 204 1624 
1306 204 559 1624 
1307 559 133 1624 
1308 204 55 1625 
1309 55 559 1625 
1310 559 204 1625 
1311 133 129 1626 
1312 129 560 1626 
1313 560 133 1626 
1314 129 204 1627 
1315 204 560 1627 
1316 560 129 1627 
1317 204 133 1628 
1318 133 560 1628 
1319 560 204 1628 
1320 44 45 1629 
1321 45 561 1629 
1322 561 44 1629 
1323 45 205 1630 
1324 205 561 1630 
1325 561 45 1630 
1326 205 44 1631 
1327 44 561 1631 
1328 561 205 1631 
1329 45 115 1632 
1330 115 562 1632 
1331 562 45 1632 
1332 115 205 1633 
1333 205 562 1633 
1334 562 115 1633 
1335 205 45 1634 
1336 45 562 1634 
1337 562 205 1634 
1338 115 44 1635 
1339 44 563 1635 
1340 563 115 1635 
1341 44 205 1636 
1342 205 563 1636 
1343 563 44 1636 
1344 205 115 1637 
1345 115 563 1637 
1346 563 205 1637 
1347 29 30 1638 
1348 30 564 1638 
1349 564 29 1638 
1350 30 206 1639 
1351 206 564 1639 
1352 564 30 1639 
1353 206 29 1640 
1354 29 564 1640 
1355 564 206 1640 
1356 30 116 1641 
1357 116 565 1641 
1358 565 30 1641 
1359 116 206 1642 
1360 206 565 1642 
1361 565 116 1642 
1362 206 30 1643 
1363 30 565 1643 
1364 565 206 1643 
1365 116 29 1644 
1366 29 566 1644 
1367 566 116 1644 
1368 29 206 1645 
1369 206 566 1645 
1370 566 29 1645 
1371 206 116 1646 
1372 116 566 1646 
1373 566 206 1646 
1374 82 71 1647 
1375 71 567 1647 
1376 567 82 1647 
1377 71 207 1648 
1378 207 567 1648 
1379 567 71 1648 
1380 207 82 1649 
1381 82 567 1649 
1382 567 207 1649 
1383 71 137 1650 
1384 137 568 1650 
1385 568 71 1650 
1386 137 207 1651 
1387 207 568 1651 
1388 568 137 1651 
1389 207 71 1652 
1390 71 568 1652 
1391 568 207 1652 
1392 137 82 1653 
1393 82 569 1653 
1394 569 137 1653 
1395 82 207 1654 
1396 207 569 1654 
1397 569 82 1654 
1398 207 137 1655 
1399 137 569 1655 
1400 569 207 1655 
1401 74 114 1656 
1402 114 570 1656 
1403 570 74 1656 
1404 114 208 1657 
1405 208 570 1657 
1406 570 114 1657 
1407 208 74 1658 
1408 74 570 1658 
1409 570 208 1658 
1410 114 125 1659 
1411 125 571 1659 
1412 571 114 1659 
1413 125 208 1660 
1414 208 571 1660 
1415 571 125 1660 
1416 208 114 1661 
1417 114 571 1661 
1418 571 208 1661 
1419 125 74 1662 
1420 74 572 1662 
1421 572 125 1662 
1422 74 208 1663 
1423 208 572 1663 
1424 572 74 1663 
1425 208 125 1664 
1426 125 572 1664 
1427 572 208 1664 
1428 7 99 1665 
1429 99 573 1665 
1430 573 7 1665 
1431 99 209 1666 
1432 209 573 1666 
1433 573 99 1666 
1434 209 7 1667 
1435 7 573 1667 
1436 573 209 1667 
1437 99 100 1668 
1438 100 574 1668 
1439 574 99 1668 
1440 100 209 1669 
1441 209 574 1669 
1442 574 100 1669 
1443 209 99 1670 
1444 99 574 1670 
1445 574 209 1670 
1446 100 7 1671 
1447 7 575 1671 
1448 575 100 1671 
1449 7 209 1672 
1450 209 575 1672 
1451 575 7 1672 
1452 209 100 1673 
1453 100 575 1673 
1454 575 209 1673 
1455 36 80 1674 
1456 80 576 1674 
1457 576 36 1674 
1458 80 210 1675 
1459 210 576 1675 
1460 576 80 1675 
1461 210 36 1676 
1462 36 576 1676 
1463 576 210 1676 
1464 80 118 1677 
1465 118 577 1677 
1466 577 80 1677 
1467 118 210 1678 
1468 210 577 1678 
1469 577 118 1678 
1470 210 80 1679 
1471 80 577 1679 
1472 577 210 1679 
1473 118 36 1680 
1474 36 578 1680 
1475 578 118 1680 
1476 36 210 1681 
1477 210 578 1681 
1478 578 36 1681 
1479 210 118 1682 
1480 118 578 1682 
1481 578 210 1682 
1482 41 79 1683 
1483 79 579 1683 
1484 579 41 1683 
1485 79 211 1684 
1486 211 579 1684 
1487 579 79 1684 
1488 211 41 1685 
1489 41 579 1685 
1490 579 211 1685 
1491 79 130 1686 
1492 130 580 1686 
1493 580 79 1686 
1494 130 211 1687 
1495 211 580 1687 
1496 580 130 1687 
1497 211 79 1688 
1498 79 580 1688 
1499 580 211 1688 
1500 130 41 1689 
1501 41 581 1689 
1502 581 130 1689 
1503 41 211 1690 
1504 211 581 1690 
1505 581 41 1690 
1506 211 130 1691 
1507 130 581 1691 
1508 581 211 1691 
1509 24 25 1692 
1510 25 582 1692 
1511 582 24 1692 
1512 25 212 1693 
1513 212 582 1693 
1514 582 25 1693 
1515 212 24 1694 
1516 24 582 1694 
1517 582 212 1694 
1518 25 84 1695 
1519 84 583 1695 
1520 583 25 1695 
1521 84 212 1696 
1522 212 583 1696 
1523 583 84 1696 
1524 212 25 1697 
1525 25 583 1697 
1526 583 212 1697 
1527 84 24 1698 
1528 24 584 1698 
1529 584 84 1698 
1530 24 212 1699 
1531 212 584 1699 
1532 584 24 1699 
1533 212 84 1700 
1534 84 584 1700 
1535 584 212 1700 
1536 48 49 1701 
1537 49 585 1701 
1538 585 48 1701 
1539 49 213 1702 
1540 213 585 1702 
1541 585 49 1702 
1542 213 48 1703 
1543 48 585 1703 
1544 585 213 1703 
1545 49 83 1704 
1546 83 586 1704 
1547 586 49 1704 
1548 83 213 1705 
1549 213 586 1705 
1550 586 83 1705 
1551 213 49 1706 
1552 49 586 1706 
1553 586 213 1706 
1554 83 48 1707 
1555 48 587 1707 
1556 587 83 1707 
1557 48 213 1708 
1558 213 587 1708 
1559 587 48 1708 
1560 213 83 1709 
1561 83 587 1709 
1562 587 213 1709 
1563 93 67 1710 
1564 67 588 1710 
1565 588 93 1710 
1566 67 214 1711 
1567 214 588 1711 
1568 588 67 1711 
1569 214 93 1712 
1570 93 588 1712 
1571 588 214 1712 
1572 67 111 1713 
1573 111 589 1713 
1574 589 67 1713 
1575 111 214 1714 
1576 214 589 1714 
1577 589 111 1714 
1578 214 67 1715 
1579 67 589 1715 
1580 589 214 1715 
1581 111 93 1716 
1582 93 590 1716 
1583 590 111 1716 
1584 93 214 1717 
1585 214 590 1717 
1586 590 93 1717 
1587 214 111 1718 
1588 111 590 1718 
1589 590 214 1718 
1590 56 93 1719 
1591 93 591 1719 
1592 591 56 1719 
1593 93 215 1720 
1594 215 591 1720 
1595 591 93 1720 
1596 215 56 1721 
1597 56 591 1721 
1598 591 215 1721 
1599 93 111 1722 
1600 111 592 1722 
1601 592 93 1722 
1602 111 215 1723 
1603 215 592 1723 
1604 592 111 1723 
1605 215 93 1724 
1606 93 592 1724 
1607 592 215 1724 
1608 111 56 1725 
1609 56 593 1725 
1610 593 111 1725 
1611 56 215 1726 
1612 215 593 1726 
1613 593 56 1726 
1614 215 111 1727 
1615 111 593 1727 
1616 593 215 1727 
1617 78 129 1728 
1618 129 594 1728 
1619 594 78 1728 
1620 129 216 1729 
1621 216 594 1729 
1622 594 129 1729 
1623 216 78 1730 
1624 78 594 1730 
1625 594 216 1730 
1626 129 133 1731 
1627 133 595 1731 
1628 595 129 1731 
1629 133 216 1732 
1630 216 595 1732 
1631 595 133 1732 
1632 216 129 1733 
1633 129 595 1733 
1634 595 216 1733 
1635 133 78 1734 
1636 78 596 1734 
1637 596 133 1734 
1638 78 216 1735 
1639 216 596 1735 
1640 596 78 1735 
1641 216 133 1736 
1642 133 596 1736 
1643 596 216 1736 
1644 4 5 1737 
1645 5 597 1737 
1646 597 4 1737 
1647 5 217 1738 
1648 217 597 1738 
1649 597 5 1738 
1650 217 4 1739 
1651 4 597 1739 
1652 597 217 1739 
1653 5 88 1740 
1654 88 598 1740 
1655 598 5 1740 
1656 88 217 1741 
1657 217 598 1741 
1658 598 88 1741 
1659 217 5 1742 
1660 5 598 1742 
1661 598 217 1742 
1662 88 4 1743 
1663 4 599 1743 
1664 599 88 1743 
1665 4 217 1744 
1666 217 599 1744 
1667 599 4 1744 
1668 217 88 1745 
1669 88 599 1745 
1670 599 217 1745 
1671 19 20 1746 
1672 20 600 1746 
1673 600 19 1746 
1674 20 218 1747 
1675 218 600 1747 
1676 600 20 1747 
1677 218 19 1748 
1678 19 600 1748 
1679 600 218 1748 
1680 20 87 1749 
1681 87 601 1749 
1682 601 20 1749 
1683 87 218 1750 
1684 218 601 1750 
1685 601 87 1750 
1686 218 20 1751 
1687 20 601 1751 
1688 601 218 1751 
1689 87 19 1752 
1690 19 602 1752 
1691 602 87 1752 
1692 19 218 1753 
1693 218 602 1753 
1694 602 19 1753 
1695 218 87 1754 
1696 87 602 1754 
1697 602 218 1754 
1698 62 79 1755 
1699 79 603 1755 
1700 603 62 1755 
1701 79 219 1756 
1702 219 603 1756 
1703 603 79 1756 
1704 219 62 1757 
1705 62 603 1757 
1706 603 219 1757 
1707 79 117 1758 
1708 117 604 1758 
1709 604 79 1758 
1710 117 219 1759 
1711 219 604 1759 
1712 604 117 1759 
1713 219 79 1760 
1714 79 604 1760 
1715 604 219 1760 
1716 117 62 1761 
1717 62 605 1761 
1718 605 117 1761 
1719 62 219 1762 
1720 219 605 1762 
1721 605 62 1762 
1722 219 117 1763 
1723 117 605 1763 
1724 605 219 1763 
1725 67 94 1764 
1726 94 606 1764 
1727 606 67 1764 
1728 94 220 1765 
1729 220 606 1765 
1730 606 94 1765 
1731 220 67 1766 
1732 67 606 1766 
1733 606 220 1766 
1734 94 111 1767 
1735 111 607 1767 
1736 607 94 1767 
1737 111 220 1768 
1738 220 607 1768 
1739 607 111 1768 
1740 220 94 1769 
1741 94 607 1769 
1742 607 220 1769 
1743 111 67 1770 
1744 67 608 1770 
1745 608 111 1770 
1746 67 220 1771 
1747 220 608 1771 
1748 608 67 1771 
1749 220 111 1772 
1750 111 608 1772 
1751 608 220 1772 
1752 94 68 1773 
1753 68 609 1773 
1754 609 94 1773 
1755 68 221 1774 
1756 221 609 1774 
1757 609 68 1774 
1758 221 94 1775 
1759 94 609 1775 
1760 609 221 1775 
1761 68 111 1776 
1762 111 610 1776 
1763 610 68 1776 
1764 111 221 1777 
1765 221 610 1777 
1766 610 111 1777 
1767 221 68 1778 
1768 68 610 1778 
1769 610 221 1778 
1770 111 94 1779 
1771 94 611 1779 
1772 611 111 1779 
1773 94 221 1780 
1774 221 611 1780 
1775 611 94 1780 
1776 221 111 1781 
1777 111 611 1781 
1778 611 221 1781 
1779 80 36 1782 
1780 36 612 1782 
1781 612 80 1782 
1782 36 222 1783 
1783 222 612 1783 
1784 612 36 1783 
1785 222 80 1784 
1786 80 612 1784 
1787 612 222 1784 
1788 36 134 1785 
1789 134 613 1785 
1790 613 36 1785 
1791 134 222 1786 
1792 222 613 1786 
1793 613 134 1786 
1794 222 36 1787 
1795 36 613 1787 
1796 613 222 1787 
1797 134 80 1788 
1798 80 614 1788 
1799 614 134 1788 
1800 80 222 1789 
1801 222 614 1789 
1802 614 80 1789 
1803 222 134 1790 
1804 134 614 1790 
1805 614 222 1790 
1806 70 92 1791 
1807 92 615 1791 
1808 615 70 1791 
1809 92 223 1792 
1810 223 615 1792 
1811 615 92 1792 
1812 223 70 1793 
1813 70 615 1793 
1814 615 223 1793 
1815 92 143 1794 
1816 143 616 1794 
1817 616 92 1794 
1818 143 223 1795 
1819 223 616 1795 
1820 616 143 1795 
1821 223 92 1796 
1822 92 616 1796 
1823 616 223 1796 
1824 143 70 1797 
1825 70 617 1797 
1826 617 143 1797 
1827 70 223 1798 
1828 223 617 1798 
1829 617 70 1798 
1830 223 143 1799 
1831 143 617 1799 
1832 617 223 1799 
1833 103 14 1800 
1834 14 618 1800 
1835 618 103 1800 
1836 14 224 1801 
1837 224 618 1801 
1838 618 14 1801 
1839 224 103 1802 
1840 103 618 1802 
1841 618 224 1802 
1842 14 108 1803 
1843 108 619 1803 
1844 619 14 1803 
1845 108 224 1804 
1846 224 619 1804 
1847 619 108 1804 
1848 224 14 1805 
1849 14 619 1805 
1850 619 224 1805 
1851 108 103 1806 
1852 103 620 1806 
1853 620 108 1806 
1854 103 224 1807 
1855 224 620 1807 
1856 620 103 1807 
1857 224 108 1808 
1858 108 620 1808 
1859 620 224 1808 
1860 64 95 1809 
1861 95 621 1809 
1862 621 64 1809 
1863 95 225 1810 
1864 225 621 1810 
1865 621 95 1810 
1866 225 64 1811 
1867 64 621 1811 
1868 621 225 1811 
1869 95 107 1812 
1870 107 622 1812 
1871 622 95 1812 
1872 107 225 1813 
1873 225 622 1813 
1874 622 107 1813 
1875 225 95 1814 
1876 95 622 1814 
1877 622 225 1814 
1878 107 64 1815 
1879 64 623 1815 
1880 623 107 1815 
1881 64 225 1816 
1882 225 623 1816 
1883 623 64 1816 
1884 225 107 1817 
1885 107 623 1817 
1886 623 225 1817 
1887 114 67 1818 
1888 67 624 1818 
1889 624 114 1818 
1890 67 226 1819 
1891 226 624 1819 
1892 624 67 1819 
1893 226 114 1820 
1894 114 624 1820 
1895 624 226 1820 
1896 67 125 1821 
1897 125 625 1821 
1898 625 67 1821 
1899 125 226 1822 
1900 226 625 1822 
1901 625 125 1822 
1902 226 67 1823 
1903 67 625 1823 
1904 625 226 1823 
1905 125 114 1824 
1906 114 626 1824 
1907 626 125 1824 
1908 114 226 1825 
1909 226 626 1825 
1910 626 114 1825 
1911 226 125 1826 
1912 125 626 1826 
1913 626 226 1826 
1914 115 71 1827 
1915 71 627 1827 
1916 627 115 1827 
1917 71 227 1828 
1918 227 627 1828 
1919 627 71 1828 
1920 227 115 1829 
1921 115 627 1829 
1922 627 227 1829 
1923 71 144 1830 
1924 144 628 1830 
1925 628 71 1830 
1926 144 227 1831 
1927 227 628 1831 
1928 628 144 1831 
1929 227 71 1832 
1930 71 628 1832 
1931 628 227 1832 
1932 144 115 1833 
1933 115 629 1833 
1934 629 144 1833 
1935 115 227 1834 
1936 227 629 1834 
1937 629 115 1834 
1938 227 144 1835 
1939 144 629 1835 
1940 629 227 1835 
1941 80 61 1836 
1942 61 630 1836 
1943 630 80 1836 
1944 61 228 1837 
1945 228 630 1837 
1946 630 61 1837 
1947 228 80 1838 
1948 80 630 1838 
1949 630 228 1838 
1950 61 118 1839 
1951 118 631 1839 
1952 631 61 1839 
1953 118 228 1840 
1954 228 631 1840 
1955 631 118 1840 
1956 228 61 1841 
1957 61 631 1841 
1958 631 228 1841 
1959 118 80 1842 
1960 80 632 1842 
1961 632 118 1842 
1962 80 228 1843 
1963 228 632 1843 
1964 632 80 1843 
1965 228 118 1844 
1966 118 632 1844 
1967 632 228 1844 
1968 38 39 1845 
1969 39 633 1845 
1970 633 38 1845 
1971 39 229 1846 
1972 229 633 1846 
1973 633 39 1846 
1974 229 38 1847 
1975 38 633 1847 
1976 633 229 1847 
1977 39 91 1848 
1978 91 634 1848 
1979 634 39 1848 
1980 91 229 1849 
1981 229 634 1849 
1982 634 91 1849 
1983 229 39 1850 
1984 39 634 1850 
1985 634 229 1850 
1986 91 38 1851 
1987 38 635 1851 
1988 635 91 1851 
1989 38 229 1852 
1990 229 635 1852 
1991 635 38 1852 
1992 229 91 1853 
1993 91 635 1853 
1994 635 229 1853 
1995 99 59 1854 
1996 59 636 1854 
1997 636 99 1854 
1998 59 230 1855 
1999 230 636 1855 
2000 636 59 1855 
2001 230 99 1856 
2002 99 636 1856 
2003 636 230 1856 
2004 59 100 1857 
2005 100 637 1857 
2006 637 59 1857 
2007 100 230 1858 
2008 230 637 1858 
2009 637 100 1858 
2010 230 59 1859 
2011 59 637 1859 
2012 637 230 1859 
2013 100 99 1860 
2014 99 638 1860 
2015 638 100 1860 
2016 99 230 1861 
2017 230 638 1861 
2018 638 99 1861 
2019 230 100 1862 
2020 100 638 1862 
2021 638 230 1862 
2022 61 80 1863 
2023 80 639 1863 
2024 639 61 1863 
2025 80 231 1864 
2026 231 639 1864 
2027 639 80 1864 
2028 231 61 1865 
2029 61 639 1865 
2030 639 231 1865 
2031 80 148 1866 
2032 148 640 1866 
2033 640 80 1866 
2034 148 231 1867 
2035 231 640 1867 
2036 640 148 1867 
2037 231 80 1868 
2038 80 640 1868 
2039 640 231 1868 
2040 148 61 1869 
2041 61 641 1869 
2042 641 148 1869 
2043 61 231 1870 
2044 231 641 1870 
2045 641 61 1870 
2046 231 148 1871 
2047 148 641 1871 
2048 641 231 1871 
2049 11 12 1872 
2050 12 642 1872 
2051 642 11 1872 
2052 12 232 1873 
2053 232 642 1873 
2054 642 12 1873 
2055 232 11 1874 
2056 11 642 1874 
2057 642 232 1874 
2058 12 121 1875 
2059 121 643 1875 
2060 643 12 1875 
2061 121 232 1876 
2062 232 643 1876 
2063 643 121 1876 
2064 232 12 1877 
2065 12 643 1877 
2066 643 232 1877 
2067 121 11 1878 
2068 11 644 1878 
2069 644 121 1878 
2070 11 232 1879 
2071 232 644 1879 
2072 644 11 1879 
2073 232 121 1880 
2074 121 644 1880 
2075 644 232 1880 
2076 81 31 1881 
2077 31 645 1881 
2078 645 81 1881 
2079 31 233 1882 
2080 233 645 1882 
2081 645 31 1882 
2082 233 81 1883 
2083 81 645 1883 
2084 645 233 1883 
2085 31 128 1884 
2086 128 646 1884 
2087 646 31 1884 
2088 128 233 1885 
2089 233 646 1885 
2090 646 128 1885 
2091 233 31 1886 
2092 31 646 1886 
2093 646 233 1886 
2094 128 81 1887 
2095 81 647 1887 
2096 647 128 1887 
2097 81 233 1888 
2098 233 647 1888 
2099 647 81 1888 
2100 233 128 1889 
2101 128 647 1889 
2102 647 233 1889 
2103 92 55 1890 
2104 55 648 1890 
2105 648 92 1890 
2106 55 234 1891 
2107 234 648 1891 
2108 648 55 1891 
2109 234 92 1892 
2110 92 648 1892 
2111 648 234 1892 
2112 55 143 1893 
2113 143 649 1893 
2114 649 55 1893 
2115 143 234 1894 
2116 234 649 1894 
2117 649 143 1894 
2118 234 55 1895 
2119 55 649 1895 
2120 649 234 1895 
2121 143 92 1896 
2122 92 650 1896 
2123 650 143 1896 
2124 92 234 1897 
2125 234 650 1897 
2126 650 92 1897 
2127 234 143 1898 
2128 143 650 1898 
2129 650 234 1898 
2130 93 69 1899 
2131 69 651 1899 
2132 651 93 1899 
2133 69 235 1900 
2134 235 651 1900 
2135 651 69 1900 
2136 235 93 1901 
2137 93 651 1901 
2138 651 235 1901 
2139 69 142 1902 
2140 142 652 1902 
2141 652 69 1902 
2142 142 235 1903 
2143 235 652 1903 
2144 652 142 1903 
2145 235 69 1904 
2146 69 652 1904 
2147 652 235 1904 
2148 142 93 1905 
2149 93 653 1905 
2150 653 142 1905 
2151 93 235 1906 
2152 235 653 1906 
2153 653 93 1906 
2154 235 142 1907 
2155 142 653 1907 
2156 653 235 1907 
2157 63 103 1908 
2158 103 654 1908 
2159 654 63 1908 
2160 103 236 1909 
2161 236 654 1909 
2162 654 103 1909 
2163 236 63 1910 
2164 63 654 1910 
2165 654 236 1910 
2166 103 108 1911 
2167 108 655 1911 
2168 655 103 1911 
2169 108 236 1912 
2170 236 655 1912 
2171 655 108 1912 
2172 236 103 1913 
2173 103 655 1913 
2174 655 236 1913 
2175 108 63 1914 
2176 63 656 1914 
2177 656 108 1914 
2178 63 236 1915 
2179 236 656 1915 
2180 656 63 1915 
2181 236 108 1916 
2182 108 656 1916 
2183 656 236 1916 
2184 52 120 1917 
2185 120 657 1917 
2186 657 52 1917 
2187 120 237 1918 
2188 237 657 1918 
2189 657 120 1918 
2190 237 52 1919 
2191 52 657 1919 
2192 657 237 1919 
2193 120 125 1920 
2194 125 658 1920 
2195 658 120 1920 
2196 125 237 1921 
2197 237 658 1921 
2198 658 125 1921 
2199 237 120 1922 
2200 120 658 1922 
2201 658 237 1922 
2202 125 52 1923 
2203 52 659 1923 
2204 659 125 1923 
2205 52 237 1924 
2206 237 659 1924 
2207 659 52 1924 
2208 237 125 1925 
2209 125 659 1925 
2210 659 237 1925 
2211 82 62 1926 
2212 62 660 1926 
2213 660 82 1926 
2214 62 238 1927 
2215 238 660 1927 
2216 660 62 1927 
2217 238 82 1928 
2218 82 660 1928 
2219 660 238 1928 
2220 62 145 1929 
2221 145 661 1929 
2222 661 62 1929 
2223 145 238 1930 
2224 238 661 1930 
2225 661 145 1930 
2226 238 62 1931 
2227 62 661 1931 
2228 661 238 1931 
2229 145 82 1932 
2230 82 662 1932 
2231 662 145 1932 
2232 82 238 1933 
2233 238 662 1933 
2234 662 82 1933 
2235 238 145 1934 
2236 145 662 1934 
2237 662 238 1934 
2238 92 70 1935 
2239 70 663 1935 
2240 663 92 1935 
2241 70 239 1936 
2242 239 663 1936 
2243 663 70 1936 
2244 239 92 1937 
2245 92 663 1937 
2246 663 239 1937 
2247 70 152 1938 
2248 152 664 1938 
2249 664 70 1938 
2250 152 239 1939 
2251 239 664 1939 
2252 664 152 1939 
2253 239 70 1940 
2254 70 664 1940 
2255 664 239 1940 
2256 152 92 1941 
2257 92 665 1941 
2258 665 152 1941 
2259 92 239 1942 
2260 239 665 1942 
2261 665 92 1942 
2262 239 152 1943 
2263 152 665 1943 
2264 665 239 1943 
2265 16 17 1944 
2266 17 666 1944 
2267 666 16 1944 
2268 17 240 1945 
2269 240 666 1945 
2270 666 17 1945 
2271 240 16 1946 
2272 16 666 1946 
2273 666 240 1946 
2274 17 95 1947 
2275 95 667 1947 
2276 667 17 1947 
2277 95 240 1948 
2278 240 667 1948 
2279 667 95 1948 
2280 240 17 1949 
2281 17 667 1949 
2282 667 240 1949 
2283 95 16 1950 
2284 16 668 1950 
2285 668 95 1950 
2286 16 240 1951 
2287 240 668 1951 
2288 668 16 1951 
2289 240 95 1952 
2290 95 668 1952 
2291 668 240 1952 
2292 81 60 1953 
2293 60 669 1953 
2294 669 81 1953 
2295 60 241 1954 
2296 241 669 1954 
2297 669 60 1954 
2298 241 81 1955 
2299 81 669 1955 
2300 669 241 1955 
2301 60 141 1956 
2302 141 670 1956 
2303 670 60 1956 
2304 141 241 1957 
2305 241 670 1957 
2306 670 141 1957 
2307 241 60 1958 
2308 60 670 1958 
2309 670 241 1958 
2310 141 81 1959 
2311 81 671 1959 
2312 671 141 1959 
2313 81 241 1960 
2314 241 671 1960 
2315 671 81 1960 
2316 241 141 1961 
2317 141 671 1961 
2318 671 241 1961 
2319 10 11 1962 
2320 11 672 1962 
2321 672 10 1962 
2322 11 242 1963 
2323 242 672 1963 
2324 672 11 1963 
2325 242 10 1964 
2326 10 672 1964 
2327 672 242 1964 
2328 11 94 1965 
2329 94 673 1965 
2330 673 11 1965 
2331 94 242 1966 
2332 242 673 1966 
2333 673 94 1966 
2334 242 11 1967 
2335 11 673 1967 
2336 673 242 1967 
2337 94 10 1968 
2338 10 674 1968 
2339 674 94 1968 
2340 10 242 1969 
2341 242 674 1969 
2342 674 10 1969 
2343 242 94 1970 
2344 94 674 1970 
2345 674 242 1970 
2346 52 93 1971 
2347 93 675 1971 
2348 675 52 1971 
2349 93 243 1972 
2350 243 675 1972 
2351 675 93 1972 
2352 243 52 1973 
2353 52 675 1973 
2354 675 243 1973 
2355 93 142 1974 
2356 142 676 1974 
2357 676 93 1974 
2358 142 243 1975 
2359 243 676 1975 
2360 676 142 1975 
2361 243 93 1976 
2362 93 676 1976 
2363 676 243 1976 
2364 142 52 1977 
2365 52 677 1977 
2366 677 142 1977 
2367 52 243 1978 
2368 243 677 1978 
2369 677 52 1978 
2370 243 142 1979 
2371 142 677 1979 
2372 677 243 1979 
2373 6 7 1980 
2374 7 678 1980 
2375 678 6 1980 
2376 7 244 1981 
2377 244 678 1981 
2378 678 7 1981 
2379 244 6 1982 
2380 6 678 1982 
2381 678 244 1982 
2382 7 100 1983 
2383 100 679 1983 
2384 679 7 1983 
2385 100 244 1984 
2386 244 679 1984 
2387 679 100 1984 
2388 244 7 1985 
2389 7 679 1985 
2390 679 244 1985 
2391 100 6 1986 
2392 6 680 1986 
2393 680 100 1986 
2394 6 244 1987 
2395 244 680 1987 
2396 680 6 1987 
2397 244 100 1988 
2398 100 680 1988 
2399 680 244 1988 
2400 7 8 1989 
2401 8 681 1989 
2402 681 7 1989 
2403 8 245 1990 
2404 245 681 1990 
2405 681 8 1990 
2406 245 7 1991 
2407 7 681 1991 
2408 681 245 1991 
2409 8 99 1992 
2410 99 682 1992 
2411 682 8 1992 
2412 99 245 1993 
2413 245 682 1993 
2414 682 99 1993 
2415 245 8 1994 
2416 8 682 1994 
2417 682 245 1994 
2418 99 7 1995 
2419 7 683 1995 
2420 683 99 1995 
2421 7 245 1996 
2422 245 683 1996 
2423 683 7 1996 
2424 245 99 1997 
2425 99 683 1997 
2426 683 245 1997 
2427 32 33 1998 
2428 33 684 1998 
2429 684 32 1998 
2430 33 246 1999 
2431 246 684 1999 
2432 684 33 1999 
2433 246 32 2000 
2434 32 684 2000 
2435 684 246 2000 
2436 33 101 2001 
2437 101 685 2001 
2438 685 33 2001 
2439 101 246 2002 
2440 246 685 2002 
2441 685 101 2002 
2442 246 33 2003 
2443 33 685 2003 
2444 685 246 2003 
2445 101 32 2004 
2446 32 686 2004 
2447 686 101 2004 
2448 32 246 2005 
2449 246 686 2005 
2450 686 32 2005 
2451 246 101 2006 
2452 101 686 2006 
2453 686 246 2006 
2454 34 35 2007 
2455 35 687 2007 
2456 687 34 2007 
2457 35 247 2008 
2458 247 687 2008 
2459 687 35 2008 
2460 247 34 2009 
2461 34 687 2009 
2462 687 247 2009 
2463 35 102 2010 
2464 102 688 2010 
2465 688 35 2010 
2466 102 247 2011 
2467 247 688 2011 
2468 688 102 2011 
2469 247 35 2012 
2470 35 688 2012 
2471 688 247 2012 
2472 102 34 2013 
2473 34 689 2013 
2474 689 102 2013 
2475 34 247 2014 
2476 247 689 2014 
2477 689 34 2014 
2478 247 102 2015 
2479 102 689 2015 
2480 689 247 2015 
2481 41 42 2016 
2482 42 690 2016 
2483 690 41 2016 
2484 42 248 2017 
2485 248 690 2017 
2486 690 42 2017 
2487 248 41 2018 
2488 41 690 2018 
2489 690 248 2018 
2490 42 117 2019 
2491 117 691 2019 
2492 691 42 2019 
2493 117 248 2020 
2494 248 691 2020 
2495 691 117 2020 
2496 248 42 2021 
2497 42 691 2021 
2498 691 248 2021 
2499 117 41 2022 
2500 41 692 2022 
2501 692 117 2022 
2502 41 248 2023 
2503 248 692 2023 
2504 692 41 2023 
2505 248 117 2024 
2506 117 692 2024 
2507 692 248 2024 
2508 57 86 2025 
2509 86 693 2025 
2510 693 57 2025 
2511 86 249 2026 
2512 249 693 2026 
2513 693 86 2026 
2514 249 57 2027 
2515 57 693 2027 
2516 693 249 2027 
2517 86 110 2028 
2518 110 694 2028 
2519 694 86 2028 
2520 110 249 2029 
2521 249 694 2029 
2522 694 110 2029 
2523 249 86 2030 
2524 86 694 2030 
2525 694 249 2030 
2526 110 57 2031 
2527 57 695 2031 
2528 695 110 2031 
2529 57 249 2032 
2530 249 695 2032 
2531 695 57 2032 
2532 249 110 2033 
2533 110 695 2033 
2534 695 249 2033 
2535 85 58 2034 
2536 58 696 2034 
2537 696 85 2034 
2538 58 250 2035 
2539 250 696 2035 
2540 696 58 2035 
2541 250 85 2036 
2542 85 696 2036 
2543 696 250 2036 
2544 58 109 2037 
2545 109 697 2037 
2546 697 58 2037 
2547 109 250 2038 
2548 250 697 2038 
2549 697 109 2038 
2550 250 58 2039 
2551 58 697 2039 
2552 697 250 2039 
2553 109 85 2040 
2554 85 698 2040 
2555 698 109 2040 
2556 85 250 2041 
2557 250 698 2041 
2558 698 85 2041 
2559 250 109 2042 
2560 109 698 2042 
2561 698 250 2042 
2562 96 55 2043 
2563 55 699 2043 
2564 699 96 2043 
2565 55 251 2044 
2566 251 699 2044 
2567 699 55 2044 
2568 251 96 2045 
2569 96 699 2045 
2570 699 251 2045 
2571 55 129 2046 
2572 129 700 2046 
2573 700 55 2046 
2574 129 251 2047 
2575 251 700 2047 
2576 700 129 2047 
2577 251 55 2048 
2578 55 700 2048 
2579 700 251 2048 
2580 129 96 2049 
2581 96 701 2049 
2582 701 129 2049 
2583 96 251 2050 
2584 251 701 2050 
2585 701 96 2050 
2586 251 129 2051 
2587 129 701 2051 
2588 701 251 2051 
2589 17 18 2052 
2590 18 702 2052 
2591 702 17 2052 
2592 18 252 2053 
2593 252 702 2053 
2594 702 18 2053 
2595 252 17 2054 
2596 17 702 2054 
2597 702 252 2054 
2598 18 107 2055 
2599 107 703 2055 
2600 703 18 2055 
2601 107 252 2056 
2602 252 703 2056 
2603 703 107 2056 
2604 252 18 2057 
2605 18 703 2057 
2606 703 252 2057 
2607 107 17 2058 
2608 17 704 2058 
2609 704 107 2058 
2610 17 252 2059 
2611 252 704 2059 
2612 704 17 2059 
2613 252 107 2060 
2614 107 704 2060 
2615 704 252 2060 
2616 14 15 2061 
2617 15 705 2061 
2618 705 14 2061 
2619 15 253 2062 
2620 253 705 2062 
2621 705 15 2062 
2622 253 14 2063 
2623 14 705 2063 
2624 705 253 2063 
2625 15 108 2064 
2626 108 706 2064 
2627 706 15 2064 
2628 108 253 2065 
2629 253 706 2065 
2630 706 108 2065 
2631 253 15 2066 
2632 15 706 2066 
2633 706 253 2066 
2634 108 14 2067 
2635 14 707 2067 
2636 707 108 2067 
2637 14 253 2068 
2638 253 707 2068 
2639 707 14 2068 
2640 253 108 2069 
2641 108 707 2069 
2642 707 253 2069 
2643 120 74 2070 
2644 74 708 2070 
2645 708 120 2070 
2646 74 254 2071 
2647 254 708 2071 
2648 708 74 2071 
2649 254 120 2072 
2650 120 708 2072 
2651 708 254 2072 
2652 74 125 2073 
2653 125 709 2073 
2654 709 74 2073 
2655 125 254 2074 
2656 254 709 2074 
2657 709 125 2074 
2658 254 74 2075 
2659 74 709 2075 
2660 709 254 2075 
2661 125 120 2076 
2662 120 710 2076 
2663 710 125 2076 
2664 120 254 2077 
2665 254 710 2077 
2666 710 120 2077 
2667 254 125 2078 
2668 125 710 2078 
2669 710 254 2078 
2670 87 57 2079 
2671 57 711 2079 
2672 711 87 2079 
2673 57 255 2080 
2674 255 711 2080 
2675 711 57 2080 
2676 255 87 2081 
2677 87 711 2081 
2678 711 255 2081 
2679 57 110 2082 
2680 110 712 2082 
2681 712 57 2082 
2682 110 255 2083 
2683 255 712 2083 
2684 712 110 2083 
2685 255 57 2084 
2686 57 712 2084 
2687 712 255 2084 
2688 110 87 2085 
2689 87 713 2085 
2690 713 110 2085 
2691 87 255 2086 
2692 255 713 2086 
2693 713 87 2086 
2694 255 110 2087 
2695 110 713 2087 
2696 713 255 2087 
2697 58 88 2088 
2698 88 714 2088 
2699 714 58 2088 
2700 88 256 2089 
2701 256 714 2089 
2702 714 88 2089 
2703 256 58 2090 
2704 58 714 2090 
2705 714 256 2090 
2706 88 109 2091 
2707 109 715 2091 
2708 715 88 2091 
2709 109 256 2092 
2710 256 715 2092 
2711 715 109 2092 
2712 256 88 2093 
2713 88 715 2093 
2714 715 256 2093 
2715 109 58 2094 
2716 58 716 2094 
2717 716 109 2094 
2718 58 256 2095 
2719 256 716 2095 
2720 716 58 2095 
2721 256 109 2096 
2722 109 716 2096 
2723 716 256 2096 
2724 60 81 2097 
2725 81 717 2097 
2726 717 60 2097 
2727 81 257 2098 
2728 257 717 2098 
2729 717 81 2098 
2730 257 60 2099 
2731 60 717 2099 
2732 717 257 2099 
2733 81 128 2100 
2734 128 718 2100 
2735 718 81 2100 
2736 128 257 2101 
2737 257 718 2101 
2738 718 128 2101 
2739 257 81 2102 
2740 81 718 2102 
2741 718 257 2102 
2742 128 60 2103 
2743 60 719 2103 
2744 719 128 2103 
2745 60 257 2104 
2746 257 719 2104 
2747 719 60 2104 
2748 257 128 2105 
2749 128 719 2105 
2750 719 257 2105 
2751 84 57 2106 
2752 57 720 2106 
2753 720 84 2106 
2754 57 258 2107 
2755 258 720 2107 
2756 720 57 2107 
2757 258 84 2108 
2758 84 720 2108 
2759 720 258 2108 
2760 57 140 2109 
2761 140 721 2109 
2762 721 57 2109 
2763 140 258 2110 
2764 258 721 2110 
2765 721 140 2110 
2766 258 57 2111 
2767 57 721 2111 
2768 721 258 2111 
2769 140 84 2112 
2770 84 722 2112 
2771 722 140 2112 
2772 84 258 2113 
2773 258 722 2113 
2774 722 84 2113 
2775 258 140 2114 
2776 140 722 2114 
2777 722 258 2114 
2778 58 83 2115 
2779 83 723 2115 
2780 723 58 2115 
2781 83 259 2116 
2782 259 723 2116 
2783 723 83 2116 
2784 259 58 2117 
2785 58 723 2117 
2786 723 259 2117 
2787 83 139 2118 
2788 139 724 2118 
2789 724 83 2118 
2790 139 259 2119 
2791 259 724 2119 
2792 724 139 2119 
2793 259 83 2120 
2794 83 724 2120 
2795 724 259 2120 
2796 139 58 2121 
2797 58 725 2121 
2798 725 139 2121 
2799 58 259 2122 
2800 259 725 2122 
2801 725 58 2122 
2802 259 139 2123 
2803 139 725 2123 
2804 725 259 2123 
2805 88 58 2124 
2806 58 726 2124 
2807 726 88 2124 
2808 58 260 2125 
2809 260 726 2125 
2810 726 58 2125 
2811 260 88 2126 
2812 88 726 2126 
2813 726 260 2126 
2814 58 147 2127 
2815 147 727 2127 
2816 727 58 2127 
2817 147 260 2128 
2818 260 727 2128 
2819 727 147 2128 
2820 260 58 2129 
2821 58 727 2129 
2822 727 260 2129 
2823 147 88 2130 
2824 88 728 2130 
2825 728 147 2130 
2826 88 260 2131 
2827 260 728 2131 
2828 728 88 2131 
2829 260 147 2132 
2830 147 728 2132 
2831 728 260 2132 
2832 57 87 2133 
2833 87 729 2133 
2834 729 57 2133 
2835 87 261 2134 
2836 261 729 2134 
2837 729 87 2134 
2838 261 57 2135 
2839 57 729 2135 
2840 729 261 2135 
2841 87 146 2136 
2842 146 730 2136 
2843 730 87 2136 
2844 146 261 2137 
2845 261 730 2137 
2846 730 146 2137 
2847 261 87 2138 
2848 87 730 2138 
2849 730 261 2138 
2850 146 57 2139 
2851 57 731 2139 
2852 731 146 2139 
2853 57 261 2140 
2854 261 731 2140 
2855 731 57 2140 
2856 261 146 2141 
2857 146 731 2141 
2858 731 261 2141 
2859 61 96 2142 
2860 96 732 2142 
2861 732 61 2142 
2862 96 262 2143 
2863 262 732 2143 
2864 732 96 2143 
2865 262 61 2144 
2866 61 732 2144 
2867 732 262 2144 
2868 96 105 2145 
2869 105 733 2145 
2870 733 96 2145 
2871 105 262 2146 
2872 262 733 2146 
2873 733 105 2146 
2874 262 96 2147 
2875 96 733 2147 
2876 733 262 2147 
2877 105 61 2148 
2878 61 734 2148 
2879 734 105 2148 
2880 61 262 2149 
2881 262 734 2149 
2882 734 61 2149 
2883 262 105 2150 
2884 105 734 2150 
2885 734 262 2150 
2886 60 97 2151 
2887 97 735 2151 
2888 735 60 2151 
2889 97 263 2152 
2890 263 735 2152 
2891 735 97 2152 
2892 263 60 2153 
2893 60 735 2153 
2894 735 263 2153 
2895 97 106 2154 
2896 106 736 2154 
2897 736 97 2154 
2898 106 263 2155 
2899 263 736 2155 
2900 736 106 2155 
2901 263 97 2156 
2902 97 736 2156 
2903 736 263 2156 
2904 106 60 2157 
2905 60 737 2157 
2906 737 106 2157 
2907 60 263 2158 
2908 263 737 2158 
2909 737 60 2158 
2910 263 106 2159 
2911 106 737 2159 
2912 737 263 2159 
2913 96 63 2160 
2914 63 738 2160 
2915 738 96 2160 
2916 63 264 2161 
2917 264 738 2161 
2918 738 63 2161 
2919 264 96 2162 
2920 96 738 2162 
2921 738 264 2162 
2922 63 105 2163 
2923 105 739 2163 
2924 739 63 2163 
2925 105 264 2164 
2926 264 739 2164 
2927 739 105 2164 
2928 264 63 2165 
2929 63 739 2165 
2930 739 264 2165 
2931 105 96 2166 
2932 96 740 2166 
2933 740 105 2166 
2934 96 264 2167 
2935 264 740 2167 
2936 740 96 2167 
2937 264 105 2168 
2938 105 740 2168 
2939 740 264 2168 
2940 97 64 2169 
2941 64 741 2169 
2942 741 97 2169 
2943 64 265 2170 
2944 265 741 2170 
2945 741 64 2170 
2946 265 97 2171 
2947 97 741 2171 
2948 741 265 2171 
2949 64 106 2172 
2950 106 742 2172 
2951 742 64 2172 
2952 106 265 2173 
2953 265 742 2173 
2954 742 106 2173 
2955 265 64 2174 
2956 64 742 2174 
2957 742 265 2174 
2958 106 97 2175 
2959 97 743 2175 
2960 743 106 2175 
2961 97 265 2176 
2962 265 743 2176 
2963 743 97 2176 
2964 265 106 2177 
2965 106 743 2177 
2966 743 265 2177 
2967 59 98 2178 
2968 98 744 2178 
2969 744 59 2178 
2970 98 266 2179 
2971 266 744 2179 
2972 744 98 2179 
2973 266 59 2180 
2974 59 744 2180 
2975 744 266 2180 
2976 98 104 2181 
2977 104 745 2181 
2978 745 98 2181 
2979 104 266 2182 
2980 266 745 2182 
2981 745 104 2182 
2982 266 98 2183 
2983 98 745 2183 
2984 745 266 2183 
2985 104 59 2184 
2986 59 746 2184 
2987 746 104 2184 
2988 59 266 2185 
2989 266 746 2185 
2990 746 59 2185 
2991 266 104 2186 
2992 104 746 2186 
2993 746 266 2186 
2994 98 62 2187 
2995 62 747 2187 
2996 747 98 2187 
2997 62 267 2188 
2998 267 747 2188 
2999 747 62 2188 
3000 267 98 2189 
3001 98 747 2189 
3002 747 267 2189 
3003 62 104 2190 
3004 104 748 2190 
3005 748 62 2190 
3006 104 267 2191 
3007 267 748 2191 
3008 748 104 2191 
3009 267 62 2192 
3010 62 748 2192 
3011 748 267 2192 
3012 104 98 2193 
3013 98 749 2193 
3014 749 104 2193 
3015 98 267 2194 
3016 267 749 2194 
3017 749 98 2194 
3018 267 104 2195 
3019 104 749 2195 
3020 749 267 2195 
3021 58 90 2196 
3022 90 750 2196 
3023 750 58 2196 
3024 90 268 2197 
3025 268 750 2197 
3026 750 90 2197 
3027 268 58 2198 
3028 58 750 2198 
3029 750 268 2198 
3030 90 147 2199 
3031 147 751 2199 
3032 751 90 2199 
3033 147 268 2200 
3034 268 751 2200 
3035 751 147 2200 
3036 268 90 2201 
3037 90 751 2201 
3038 751 268 2201 
3039 147 58 2202 
3040 58 752 2202 
3041 752 147 2202 
3042 58 268 2203 
3043 268 752 2203 
3044 752 58 2203 
3045 268 147 2204 
3046 147 752 2204 
3047 752 268 2204 
3048 89 57 2205 
3049 57 753 2205 
3050 753 89 2205 
3051 57 269 2206 
3052 269 753 2206 
3053 753 57 2206 
3054 269 89 2207 
3055 89 753 2207 
3056 753 269 2207 
3057 57 146 2208 
3058 146 754 2208 
3059 754 57 2208 
3060 146 269 2209 
3061 269 754 2209 
3062 754 146 2209 
3063 269 57 2210 
3064 57 754 2210 
3065 754 269 2210 
3066 146 89 2211 
3067 89 755 2211 
3068 755 146 2211 
3069 89 269 2212 
3070 269 755 2212 
3071 755 89 2212 
3072 269 146 2213 
3073 146 755 2213 
3074 755 269 2213 
3075 51 85 2214 
3076 85 756 2214 
3077 756 51 2214 
3078 85 270 2215 
3079 270 756 2215 
3080 756 85 2215 
3081 270 51 2216 
3082 51 756 2216 
3083 756 270 2216 
3084 85 109 2217 
3085 109 757 2217 
3086 757 85 2217 
3087 109 270 2218 
3088 270 757 2218 
3089 757 109 2218 
3090 270 85 2219 
3091 85 757 2219 
3092 757 270 2219 
3093 109 51 2220 
3094 51 758 2220 
3095 758 109 2220 
3096 51 270 2221 
3097 270 758 2221 
3098 758 51 2221 
3099 270 109 2222 
3100 109 758 2222 
3101 758 270 2222 
3102 86 53 2223 
3103 53 759 2223 
3104 759 86 2223 
3105 53 271 2224 
3106 271 759 2224 
3107 759 53 2224 
3108 271 86 2225 
3109 86 759 2225 
3110 759 271 2225 
3111 53 110 2226 
3112 110 760 2226 
3113 760 53 2226 
3114 110 271 2227 
3115 271 760 2227 
3116 760 110 2227 
3117 271 53 2228 
3118 53 760 2228 
3119 760 271 2228 
3120 110 86 2229 
3121 86 761 2229 
3122 761 110 2229 
3123 86 271 2230 
3124 271 761 2230 
3125 761 86 2230 
3126 271 110 2231 
3127 110 761 2231 
3128 761 271 2231 
3129 31 81 2232 
3130 81 762 2232 
3131 762 31 2232 
3132 81 272 2233 
3133 272 762 2233 
3134 762 81 2233 
3135 272 31 2234 
3136 31 762 2234 
3137 762 272 2234 
3138 81 135 2235 
3139 135 763 2235 
3140 763 81 2235 
3141 135 272 2236 
3142 272 763 2236 
3143 763 135 2236 
3144 272 81 2237 
3145 81 763 2237 
3146 763 272 2237 
3147 135 31 2238 
3148 31 764 2238 
3149 764 135 2238 
3150 31 272 2239 
3151 272 764 2239 
3152 764 31 2239 
3153 272 135 2240 
3154 135 764 2240 
3155 764 272 2240 
3156 66 86 2241 
3157 86 765 2241 
3158 765 66 2241 
3159 86 273 2242 
3160 273 765 2242 
3161 765 86 2242 
3162 273 66 2243 
3163 66 765 2243 
3164 765 273 2243 
3165 86 149 2244 
3166 149 766 2244 
3167 766 86 2244 
3168 149 273 2245 
3169 273 766 2245 
3170 766 149 2245 
3171 273 86 2246 
3172 86 766 2246 
3173 766 273 2246 
3174 149 66 2247 
3175 66 767 2247 
3176 767 149 2247 
3177 66 273 2248 
3178 273 767 2248 
3179 767 66 2248 
3180 273 149 2249 
3181 149 767 2249 
3182 767 273 2249 
3183 85 65 2250 
3184 65 768 2250 
3185 768 85 2250 
3186 65 274 2251 
3187 274 768 2251 
3188 768 65 2251 
3189 274 85 2252 
3190 85 768 2252 
3191 768 274 2252 
3192 65 150 2253 
3193 150 769 2253 
3194 769 65 2253 
3195 150 274 2254 
3196 274 769 2254 
3197 769 150 2254 
3198 274 65 2255 
3199 65 769 2255 
3200 769 274 2255 
3201 150 85 2256 
3202 85 770 2256 
3203 770 150 2256 
3204 85 274 2257 
3205 274 770 2257 
3206 770 85 2257 
3207 274 150 2258 
3208 150 770 2258 
3209 770 274 2258 
3210 10 94 2259 
3211 94 771 2259 
3212 771 10 2259 
3213 94 275 2260 
3214 275 771 2260 
3215 771 94 2260 
3216 275 10 2261 
3217 10 771 2261 
3218 771 275 2261 
3219 94 114 2262 
3220 114 772 2262 
3221 772 94 2262 
3222 114 275 2263 
3223 275 772 2263 
3224 772 114 2263 
3225 275 94 2264 
3226 94 772 2264 
3227 772 275 2264 
3228 114 10 2265 
3229 10 773 2265 
3230 773 114 2265 
3231 10 275 2266 
3232 275 773 2266 
3233 773 10 2266 
3234 275 114 2267 
3235 114 773 2267 
3236 773 275 2267 
3237 92 56 2268 
3238 56 774 2268 
3239 774 92 2268 
3240 56 276 2269 
3241 276 774 2269 
3242 774 56 2269 
3243 276 92 2270 
3244 92 774 2270 
3245 774 276 2270 
3246 56 111 2271 
3247 111 775 2271 
3248 775 56 2271 
3249 111 276 2272 
3250 276 775 2272 
3251 775 111 2272 
3252 276 56 2273 
3253 56 775 2273 
3254 775 276 2273 
3255 111 92 2274 
3256 92 776 2274 
3257 776 111 2274 
3258 92 276 2275 
3259 276 776 2275 
3260 776 92 2275 
3261 276 111 2276 
3262 111 776 2276 
3263 776 276 2276 
3264 68 92 2277 
3265 92 777 2277 
3266 777 68 2277 
3267 92 277 2278 
3268 277 777 2278 
3269 777 92 2278 
3270 277 68 2279 
3271 68 777 2279 
3272 777 277 2279 
3273 92 111 2280 
3274 111 778 2280 
3275 778 92 2280 
3276 111 277 2281 
3277 277 778 2281 
3278 778 111 2281 
3279 277 92 2282 
3280 92 778 2282 
3281 778 277 2282 
3282 111 68 2283 
3283 68 779 2283 
3284 779 111 2283 
3285 68 277 2284 
3286 277 779 2284 
3287 779 68 2284 
3288 277 111 2285 
3289 111 779 2285 
3290 779 277 2285 
3291 89 23 2286 
3292 23 780 2286 
3293 780 89 2286 
3294 23 278 2287 
3295 278 780 2287 
3296 780 23 2287 
3297 278 89 2288 
3298 89 780 2288 
3299 780 278 2288 
3300 23 140 2289 
3301 140 781 2289 
3302 781 23 2289 
3303 140 278 2290 
3304 278 781 2290 
3305 781 140 2290 
3306 278 23 2291 
3307 23 781 2291 
3308 781 278 2291 
3309 140 89 2292 
3310 89 782 2292 
3311 782 140 2292 
3312 89 278 2293 
3313 278 782 2293 
3314 782 89 2293 
3315 278 140 2294 
3316 140 782 2294 
3317 782 278 2294 
3318 50 90 2295 
3319 90 783 2295 
3320 783 50 2295 
3321 90 279 2296 
3322 279 783 2296 
3323 783 90 2296 
3324 279 50 2297 
3325 50 783 2297 
3326 783 279 2297 
3327 90 139 2298 
3328 139 784 2298 
3329 784 90 2298 
3330 139 279 2299 
3331 279 784 2299 
3332 784 139 2299 
3333 279 90 2300 
3334 90 784 2300 
3335 784 279 2300 
3336 139 50 2301 
3337 50 785 2301 
3338 785 139 2301 
3339 50 279 2302 
3340 279 785 2302 
3341 785 50 2302 
3342 279 139 2303 
3343 139 785 2303 
3344 785 279 2303 
3345 13 14 2304 
3346 14 786 2304 
3347 786 13 2304 
3348 14 280 2305 
3349 280 786 2305 
3350 786 14 2305 
3351 280 13 2306 
3352 13 786 2306 
3353 786 280 2306 
3354 14 103 2307 
3355 103 787 2307 
3356 787 14 2307 
3357 103 280 2308 
3358 280 787 2308 
3359 787 103 2308 
3360 280 14 2309 
3361 14 787 2309 
3362 787 280 2309 
3363 103 13 2310 
3364 13 788 2310 
3365 788 103 2310 
3366 13 280 2311 
3367 280 788 2311 
3368 788 13 2311 
3369 280 103 2312 
3370 103 788 2312 
3371 788 280 2312 
3372 57 89 2313 
3373 89 789 2313 
3374 789 57 2313 
3375 89 281 2314 
3376 281 789 2314 
3377 789 89 2314 
3378 281 57 2315 
3379 57 789 2315 
3380 789 281 2315 
3381 89 140 2316 
3382 140 790 2316 
3383 790 89 2316 
3384 140 281 2317 
3385 281 790 2317 
3386 790 140 2317 
3387 281 89 2318 
3388 89 790 2318 
3389 790 281 2318 
3390 140 57 2319 
3391 57 791 2319 
3392 791 140 2319 
3393 57 281 2320 
3394 281 791 2320 
3395 791 57 2320 
3396 281 140 2321 
3397 140 791 2321 
3398 791 281 2321 
3399 90 58 2322 
3400 58 792 2322 
3401 792 90 2322 
3402 58 282 2323 
3403 282 792 2323 
3404 792 58 2323 
3405 282 90 2324 
3406 90 792 2324 
3407 792 282 2324 
3408 58 139 2325 
3409 139 793 2325 
3410 793 58 2325 
3411 139 282 2326 
3412 282 793 2326 
3413 793 139 2326 
3414 282 58 2327 
3415 58 793 2327 
3416 793 282 2327 
3417 139 90 2328 
3418 90 794 2328 
3419 794 139 2328 
3420 90 282 2329 
3421 282 794 2329 
3422 794 90 2329 
3423 282 139 2330 
3424 139 794 2330 
3425 794 282 2330 
3426 35 36 2331 
3427 36 795 2331 
3428 795 35 2331 
3429 36 283 2332 
3430 283 795 2332 
3431 795 36 2332 
3432 283 35 2333 
3433 35 795 2333 
3434 795 283 2333 
3435 36 118 2334 
3436 118 796 2334 
3437 796 36 2334 
3438 118 283 2335 
3439 283 796 2335 
3440 796 118 2335 
3441 283 36 2336 
3442 36 796 2336 
3443 796 283 2336 
3444 118 35 2337 
3445 35 797 2337 
3446 797 118 2337 
3447 35 283 2338 
3448 283 797 2338 
3449 797 35 2338 
3450 283 118 2339 
3451 118 797 2339 
3452 797 283 2339 
3453 81 72 2340 
3454 72 798 2340 
3455 798 81 2340 
3456 72 284 2341 
3457 284 798 2341 
3458 798 72 2341 
3459 284 81 2342 
3460 81 798 2342 
3461 798 284 2342 
3462 72 135 2343 
3463 135 799 2343 
3464 799 72 2343 
3465 135 284 2344 
3466 284 799 2344 
3467 799 135 2344 
3468 284 72 2345 
3469 72 799 2345 
3470 799 284 2345 
3471 135 81 2346 
3472 81 800 2346 
3473 800 135 2346 
3474 81 284 2347 
3475 284 800 2347 
3476 800 81 2347 
3477 284 135 2348 
3478 135 800 2348 
3479 800 284 2348 
3480 88 73 2349 
3481 73 801 2349 
3482 801 88 2349 
3483 73 285 2350 
3484 285 801 2350 
3485 801 73 2350 
3486 285 88 2351 
3487 88 801 2351 
3488 801 285 2351 
3489 73 109 2352 
3490 109 802 2352 
3491 802 73 2352 
3492 109 285 2353 
3493 285 802 2353 
3494 802 109 2353 
3495 285 73 2354 
3496 73 802 2354 
3497 802 285 2354 
3498 109 88 2355 
3499 88 803 2355 
3500 803 109 2355 
3501 88 285 2356 
3502 285 803 2356 
3503 803 88 2356 
3504 285 109 2357 
3505 109 803 2357 
3506 803 285 2357 
3507 77 87 2358 
3508 87 804 2358 
3509 804 77 2358 
3510 87 286 2359 
3511 286 804 2359 
3512 804 87 2359 
3513 286 77 2360 
3514 77 804 2360 
3515 804 286 2360 
3516 87 110 2361 
3517 110 805 2361 
3518 805 87 2361 
3519 110 286 2362 
3520 286 805 2362 
3521 805 110 2362 
3522 286 87 2363 
3523 87 805 2363 
3524 805 286 2363 
3525 110 77 2364 
3526 77 806 2364 
3527 806 110 2364 
3528 77 286 2365 
3529 286 806 2365 
3530 806 77 2365 
3531 286 110 2366 
3532 110 806 2366 
3533 806 286 2366 
3534 91 39 2367 
3535 39 807 2367 
3536 807 91 2367 
3537 39 287 2368 
3538 287 807 2368 
3539 807 39 2368 
3540 287 91 2369 
3541 91 807 2369 
3542 807 287 2369 
3543 39 136 2370 
3544 136 808 2370 
3545 808 39 2370 
3546 136 287 2371 
3547 287 808 2371 
3548 808 136 2371 
3549 287 39 2372 
3550 39 808 2372 
3551 808 287 2372 
3552 136 91 2373 
3553 91 809 2373 
3554 809 136 2373 
3555 91 287 2374 
3556 287 809 2374 
3557 809 91 2374 
3558 287 136 2375 
3559 136 809 2375 
3560 809 287 2375 
3561 69 93 2376 
3562 93 810 2376 
3563 810 69 2376 
3564 93 288 2377 
3565 288 810 2377 
3566 810 93 2377 
3567 288 69 2378 
3568 69 810 2378 
3569 810 288 2378 
3570 93 151 2379 
3571 151 811 2379 
3572 811 93 2379 
3573 151 288 2380 
3574 288 811 2380 
3575 811 151 2380 
3576 288 93 2381 
3577 93 811 2381 
3578 811 288 2381 
3579 151 69 2382 
3580 69 812 2382 
3581 812 151 2382 
3582 69 288 2383 
3583 288 812 2383 
3584 812 69 2383 
3585 288 151 2384 
3586 151 812 2384 
3587 812 288 2384 
3588 94 67 2385 
3589 67 813 2385 
3590 813 94 2385 
3591 67 289 2386 
3592 289 813 2386 
3593 813 67 2386 
3594 289 94 2387 
3595 94 813 2387 
3596 813 289 2387 
3597 67 114 2388 
3598 114 814 2388 
3599 814 67 2388 
3600 114 289 2389 
3601 289 814 2389 
3602 814 114 2389 
3603 289 67 2390 
3604 67 814 2390 
3605 814 289 2390 
3606 114 94 2391 
3607 94 815 2391 
3608 815 114 2391 
3609 94 289 2392 
3610 289 815 2392 
3611 815 94 2392 
3612 289 114 2393 
3613 114 815 2393 
3614 815 289 2393 
3615 31 32 2394 
3616 32 816 2394 
3617 816 31 2394 
3618 32 290 2395 
3619 290 816 2395 
3620 816 32 2395 
3621 290 31 2396 
3622 31 816 2396 
3623 816 290 2396 
3624 32 128 2397 
3625 128 817 2397 
3626 817 32 2397 
3627 128 290 2398 
3628 290 817 2398 
3629 817 128 2398 
3630 290 32 2399 
3631 32 817 2399 
3632 817 290 2399 
3633 128 31 2400 
3634 31 818 2400 
3635 818 128 2400 
3636 31 290 2401 
3637 290 818 2401 
3638 818 31 2401 
3639 290 128 2402 
3640 128 818 2402 
3641 818 290 2402 
3642 56 92 2403 
3643 92 819 2403 
3644 819 56 2403 
3645 92 291 2404 
3646 291 819 2404 
3647 819 92 2404 
3648 291 56 2405 
3649 56 819 2405 
3650 819 291 2405 
3651 92 152 2406 
3652 152 820 2406 
3653 820 92 2406 
3654 152 291 2407 
3655 291 820 2407 
3656 820 152 2407 
3657 291 92 2408 
3658 92 820 2408 
3659 820 291 2408 
3660 152 56 2409 
3661 56 821 2409 
3662 821 152 2409 
3663 56 291 2410 
3664 291 821 2410 
3665 821 56 2410 
3666 291 152 2411 
3667 152 821 2411 
3668 821 291 2411 
3669 38 91 2412 
3670 91 822 2412 
3671 822 38 2412 
3672 91 292 2413 
3673 292 822 2413 
3674 822 91 2413 
3675 292 38 2414 
3676 38 822 2414 
3677 822 292 2414 
3678 91 138 2415 
3679 138 823 2415 
3680 823 91 2415 
3681 138 292 2416 
3682 292 823 2416 
3683 823 138 2416 
3684 292 91 2417 
3685 91 823 2417 
3686 823 292 2417 
3687 138 38 2418 
3688 38 824 2418 
3689 824 138 2418 
3690 38 292 2419 
3691 292 824 2419 
3692 824 38 2419 
3693 292 138 2420 
3694 138 824 2420 
3695 824 292 2420 
3696 82 43 2421 
3697 43 825 2421 
3698 825 82 2421 
3699 43 293 2422 
3700 293 825 2422 
3701 825 43 2422 
3702 293 82 2423 
3703 82 825 2423 
3704 825 293 2423 
3705 43 144 2424 
3706 144 826 2424 
3707 826 43 2424 
3708 144 293 2425 
3709 293 826 2425 
3710 826 144 2425 
3711 293 43 2426 
3712 43 826 2426 
3713 826 293 2426 
3714 144 82 2427 
3715 82 827 2427 
3716 827 144 2427 
3717 82 293 2428 
3718 293 827 2428 
3719 827 82 2428 
3720 293 144 2429 
3721 144 827 2429 
3722 827 293 2429 
3723 62 82 2430 
3724 82 828 2430 
3725 828 62 2430 
3726 82 294 2431 
3727 294 828 2431 
3728 828 82 2431 
3729 294 62 2432 
3730 62 828 2432 
3731 828 294 2432 
3732 82 137 2433 
3733 137 829 2433 
3734 829 82 2433 
3735 137 294 2434 
3736 294 829 2434 
3737 829 137 2434 
3738 294 82 2435 
3739 82 829 2435 
3740 829 294 2435 
3741 137 62 2436 
3742 62 830 2436 
3743 830 137 2436 
3744 62 294 2437 
3745 294 830 2437 
3746 830 62 2437 
3747 294 137 2438 
3748 137 830 2438 
3749 830 294 2438 
3750 97 54 2439 
3751 54 831 2439 
3752 831 97 2439 
3753 54 295 2440 
3754 295 831 2440 
3755 831 54 2440 
3756 295 97 2441 
3757 97 831 2441 
3758 831 295 2441 
3759 54 124 2442 
3760 124 832 2442 
3761 832 54 2442 
3762 124 295 2443 
3763 295 832 2443 
3764 832 124 2443 
3765 295 54 2444 
3766 54 832 2444 
3767 832 295 2444 
3768 124 97 2445 
3769 97 833 2445 
3770 833 124 2445 
3771 97 295 2446 
3772 295 833 2446 
3773 833 97 2446 
3774 295 124 2447 
3775 124 833 2447 
3776 833 295 2447 
3777 21 89 2448 
3778 89 834 2448 
3779 834 21 2448 
3780 89 296 2449 
3781 296 834 2449 
3782 834 89 2449 
3783 296 21 2450 
3784 21 834 2450 
3785 834 296 2450 
3786 89 146 2451 
3787 146 835 2451 
3788 835 89 2451 
3789 146 296 2452 
3790 296 835 2452 
3791 835 146 2452 
3792 296 89 2453 
3793 89 835 2453 
3794 835 296 2453 
3795 146 21 2454 
3796 21 836 2454 
3797 836 146 2454 
3798 21 296 2455 
3799 296 836 2455 
3800 836 21 2455 
3801 296 146 2456 
3802 146 836 2456 
3803 836 296 2456 
3804 90 3 2457 
3805 3 837 2457 
3806 837 90 2457 
3807 3 297 2458 
3808 297 837 2458 
3809 837 3 2458 
3810 297 90 2459 
3811 90 837 2459 
3812 837 297 2459 
3813 3 147 2460 
3814 147 838 2460 
3815 838 3 2460 
3816 147 297 2461 
3817 297 838 2461 
3818 838 147 2461 
3819 297 3 2462 
3820 3 838 2462 
3821 838 297 2462 
3822 147 90 2463 
3823 90 839 2463 
3824 839 147 2463 
3825 90 297 2464 
3826 297 839 2464 
3827 839 90 2464 
3828 297 147 2465 
3829 147 839 2465 
3830 839 297 2465 
3831 36 37 2466 
3832 37 840 2466 
3833 840 36 2466 
3834 37 298 2467 
3835 298 840 2467 
3836 840 37 2467 
3837 298 36 2468 
3838 36 840 2468 
3839 840 298 2468 
3840 37 134 2469 
3841 134 841 2469 
3842 841 37 2469 
3843 134 298 2470 
3844 298 841 2470 
3845 841 134 2470 
3846 298 37 2471 
3847 37 841 2471 
3848 841 298 2471 
3849 134 36 2472 
3850 36 842 2472 
3851 842 134 2472 
3852 36 298 2473 
3853 298 842 2473 
3854 842 36 2473 
3855 298 134 2474 
3856 134 842 2474 
3857 842 298 2474 
3858 23 24 2475 
3859 24 843 2475 
3860 843 23 2475 
3861 24 299 2476 
3862 299 843 2476 
3863 843 24 2476 
3864 299 23 2477 
3865 23 843 2477 
3866 843 299 2477 
3867 24 140 2478 
3868 140 844 2478 
3869 844 24 2478 
3870 140 299 2479 
3871 299 844 2479 
3872 844 140 2479 
3873 299 24 2480 
3874 24 844 2480 
3875 844 299 2480 
3876 140 23 2481 
3877 23 845 2481 
3878 845 140 2481 
3879 23 299 2482 
3880 299 845 2482 
3881 845 23 2482 
3882 299 140 2483 
3883 140 845 2483 
3884 845 299 2483 
3885 49 50 2484 
3886 50 846 2484 
3887 846 49 2484 
3888 50 300 2485 
3889 300 846 2485 
3890 846 50 2485 
3891 300 49 2486 
3892 49 846 2486 
3893 846 300 2486 
3894 50 139 2487 
3895 139 847 2487 
3896 847 50 2487 
3897 139 300 2488 
3898 300 847 2488 
3899 847 139 2488 
3900 300 50 2489 
3901 50 847 2489 
3902 847 300 2489 
3903 139 49 2490 
3904 49 848 2490 
3905 848 139 2490 
3906 49 300 2491 
3907 300 848 2491 
3908 848 49 2491 
3909 300 139 2492 
3910 139 848 2492 
3911 848 300 2492 
3912 40 41 2493 
3913 41 849 2493 
3914 849 40 2493 
3915 41 301 2494 
3916 301 849 2494 
3917 849 41 2494 
3918 301 40 2495 
3919 40 849 2495 
3920 849 301 2495 
3921 41 130 2496 
3922 130 850 2496 
3923 850 41 2496 
3924 130 301 2497 
3925 301 850 2497 
3926 850 130 2497 
3927 301 41 2498 
3928 41 850 2498 
3929 850 301 2498 
3930 130 40 2499 
3931 40 851 2499 
3932 851 130 2499 
3933 40 301 2500 
3934 301 851 2500 
3935 851 40 2500 
3936 301 130 2501 
3937 130 851 2501 
3938 851 301 2501 
3939 93 56 2502 
3940 56 852 2502 
3941 852 93 2502 
3942 56 302 2503 
3943 302 852 2503 
3944 852 56 2503 
3945 302 93 2504 
3946 93 852 2504 
3947 852 302 2504 
3948 56 151 2505 
3949 151 853 2505 
3950 853 56 2505 
3951 151 302 2506 
3952 302 853 2506 
3953 853 151 2506 
3954 302 56 2507 
3955 56 853 2507 
3956 853 302 2507 
3957 151 93 2508 
3958 93 854 2508 
3959 854 151 2508 
3960 93 302 2509 
3961 302 854 2509 
3962 854 93 2509 
3963 302 151 2510 
3964 151 854 2510 
3965 854 302 2510 
3966 62 117 2511 
3967 117 855 2511 
3968 855 62 2511 
3969 117 303 2512 
3970 303 855 2512 
3971 855 117 2512 
3972 303 62 2513 
3973 62 855 2513 
3974 855 303 2513 
3975 117 145 2514 
3976 145 856 2514 
3977 856 117 2514 
3978 145 303 2515 
3979 303 856 2515 
3980 856 145 2515 
3981 303 117 2516 
3982 117 856 2516 
3983 856 303 2516 
3984 145 62 2517 
3985 62 857 2517 
3986 857 145 2517 
3987 62 303 2518 
3988 303 857 2518 
3989 857 62 2518 
3990 303 145 2519 
3991 145 857 2519 
3992 857 303 2519 
3993 47 48 2520 
3994 48 858 2520 
3995 858 47 2520 
3996 48 304 2521 
3997 304 858 2521 
3998 858 48 2521 
3999 304 47 2522 
4000 47 858 2522 
4001 858 304 2522 
4002 48 131 2523 
4003 131 859 2523 
4004 859 48 2523 
4005 131 304 2524 
4006 304 859 2524 
4007 859 131 2524 
4008 304 48 2525 
4009 48 859 2525 
4010 859 304 2525 
4011 131 47 2526 
4012 47 860 2526 
4013 860 131 2526 
4014 47 304 2527 
4015 304 860 2527 
4016 860 47 2527 
4017 304 131 2528 
4018 131 860 2528 
4019 860 304 2528 
4020 25 26 2529 
4021 26 861 2529 
4022 861 25 2529 
4023 26 305 2530 
4024 305 861 2530 
4025 861 26 2530 
4026 305 25 2531 
4027 25 861 2531 
4028 861 305 2531 
4029 26 132 2532 
4030 132 862 2532 
4031 862 26 2532 
4032 132 305 2533 
4033 305 862 2533 
4034 862 132 2533 
4035 305 26 2534 
4036 26 862 2534 
4037 862 305 2534 
4038 132 25 2535 
4039 25 863 2535 
4040 863 132 2535 
4041 25 305 2536 
4042 305 863 2536 
4043 863 25 2536 
4044 305 132 2537 
4045 132 863 2537 
4046 863 305 2537 
4047 71 82 2538 
4048 82 864 2538 
4049 864 71 2538 
4050 82 306 2539 
4051 306 864 2539 
4052 864 82 2539 
4053 306 71 2540 
4054 71 864 2540 
4055 864 306 2540 
4056 82 144 2541 
4057 144 865 2541 
4058 865 82 2541 
4059 144 306 2542 
4060 306 865 2542 
4061 865 144 2542 
4062 306 82 2543 
4063 82 865 2543 
4064 865 306 2543 
4065 144 71 2544 
4066 71 866 2544 
4067 866 144 2544 
4068 71 306 2545 
4069 306 866 2545 
4070 866 71 2545 
4071 306 144 2546 
4072 144 866 2546 
4073 866 306 2546 
4074 24 84 2547 
4075 84 867 2547 
4076 867 24 2547 
4077 84 307 2548 
4078 307 867 2548 
4079 867 84 2548 
4080 307 24 2549 
4081 24 867 2549 
4082 867 307 2549 
4083 84 140 2550 
4084 140 868 2550 
4085 868 84 2550 
4086 140 307 2551 
4087 307 868 2551 
4088 868 140 2551 
4089 307 84 2552 
4090 84 868 2552 
4091 868 307 2552 
4092 140 24 2553 
4093 24 869 2553 
4094 869 140 2553 
4095 24 307 2554 
4096 307 869 2554 
4097 869 24 2554 
4098 307 140 2555 
4099 140 869 2555 
4100 869 307 2555 
4101 83 49 2556 
4102 49 870 2556 
4103 870 83 2556 
4104 49 308 2557 
4105 308 870 2557 
4106 870 49 2557 
4107 308 83 2558 
4108 83 870 2558 
4109 870 308 2558 
4110 49 139 2559 
4111 139 871 2559 
4112 871 49 2559 
4113 139 308 2560 
4114 308 871 2560 
4115 871 139 2560 
4116 308 49 2561 
4117 49 871 2561 
4118 871 308 2561 
4119 139 83 2562 
4120 83 872 2562 
4121 872 139 2562 
4122 83 308 2563 
4123 308 872 2563 
4124 872 83 2563 
4125 308 139 2564 
4126 139 872 2564 
4127 872 308 2564 
4128 43 82 2565 
4129 82 873 2565 
4130 873 43 2565 
4131 82 309 2566 
4132 309 873 2566 
4133 873 82 2566 
4134 309 43 2567 
4135 43 873 2567 
4136 873 309 2567 
4137 82 145 2568 
4138 145 874 2568 
4139 874 82 2568 
4140 145 309 2569 
4141 309 874 2569 
4142 874 145 2569 
4143 309 82 2570 
4144 82 874 2570 
4145 874 309 2570 
4146 145 43 2571 
4147 43 875 2571 
4148 875 145 2571 
4149 43 309 2572 
4150 309 875 2572 
4151 875 43 2572 
4152 309 145 2573 
4153 145 875 2573 
4154 875 309 2573 
4155 91 136 2574 
4156 136 876 2574 
4157 876 91 2574 
4158 136 310 2575 
4159 310 876 2575 
4160 876 136 2575 
4161 310 91 2576 
4162 91 876 2576 
4163 876 310 2576 
4164 136 151 2577 
4165 151 877 2577 
4166 877 136 2577 
4167 151 310 2578 
4168 310 877 2578 
4169 877 151 2578 
4170 310 136 2579 
4171 136 877 2579 
4172 877 310 2579 
4173 151 91 2580 
4174 91 878 2580 
4175 878 151 2580 
4176 91 310 2581 
4177 310 878 2581 
4178 878 91 2581 
4179 310 151 2582 
4180 151 878 2582 
4181 878 310 2582 
4182 104 51 2583 
4183 51 879 2583 
4184 879 104 2583 
4185 51 311 2584 
4186 311 879 2584 
4187 879 51 2584 
4188 311 104 2585 
4189 104 879 2585 
4190 879 311 2585 
4191 51 122 2586 
4192 122 880 2586 
4193 880 51 2586 
4194 122 311 2587 
4195 311 880 2587 
4196 880 122 2587 
4197 311 51 2588 
4198 51 880 2588 
4199 880 311 2588 
4200 122 104 2589 
4201 104 881 2589 
4202 881 122 2589 
4203 104 311 2590 
4204 311 881 2590 
4205 881 104 2590 
4206 311 122 2591 
4207 122 881 2591 
4208 881 311 2591 
4209 105 54 2592 
4210 54 882 2592 
4211 882 105 2592 
4212 54 312 2593 
4213 312 882 2593 
4214 882 54 2593 
4215 312 105 2594 
4216 105 882 2594 
4217 882 312 2594 
4218 54 123 2595 
4219 123 883 2595 
4220 883 54 2595 
4221 123 312 2596 
4222 312 883 2596 
4223 883 123 2596 
4224 312 54 2597 
4225 54 883 2597 
4226 883 312 2597 
4227 123 105 2598 
4228 105 884 2598 
4229 884 123 2598 
4230 105 312 2599 
4231 312 884 2599 
4232 884 105 2599 
4233 312 123 2600 
4234 123 884 2600 
4235 884 312 2600 
4236 83 65 2601 
4237 65 885 2601 
4238 885 83 2601 
4239 65 313 2602 
4240 313 885 2602 
4241 885 65 2602 
4242 313 83 2603 
4243 83 885 2603 
4244 885 313 2603 
4245 65 131 2604 
4246 131 886 2604 
4247 886 65 2604 
4248 131 313 2605 
4249 313 886 2605 
4250 886 131 2605 
4251 313 65 2606 
4252 65 886 2606 
4253 886 313 2606 
4254 131 83 2607 
4255 83 887 2607 
4256 887 131 2607 
4257 83 313 2608 
4258 313 887 2608 
4259 887 83 2608 
4260 313 131 2609 
4261 131 887 2609 
4262 887 313 2609 
4263 66 84 2610 
4264 84 888 2610 
4265 888 66 2610 
4266 84 314 2611 
4267 314 888 2611 
4268 888 84 2611 
4269 314 66 2612 
4270 66 888 2612 
4271 888 314 2612 
4272 84 132 2613 
4273 132 889 2613 
4274 889 84 2613 
4275 132 314 2614 
4276 314 889 2614 
4277 889 132 2614 
4278 314 84 2615 
4279 84 889 2615 
4280 889 314 2615 
4281 132 66 2616 
4282 66 890 2616 
4283 890 132 2616 
4284 66 314 2617 
4285 314 890 2617 
4286 890 66 2617 
4287 314 132 2618 
4288 132 890 2618 
4289 890 314 2618 
4290 83 58 2619 
4291 58 891 2619 
4292 891 83 2619 
4293 58 315 2620 
4294 315 891 2620 
4295 891 58 2620 
4296 315 83 2621 
4297 83 891 2621 
4298 891 315 2621 
4299 58 150 2622 
4300 150 892 2622 
4301 892 58 2622 
4302 150 315 2623 
4303 315 892 2623 
4304 892 150 2623 
4305 315 58 2624 
4306 58 892 2624 
4307 892 315 2624 
4308 150 83 2625 
4309 83 893 2625 
4310 893 150 2625 
4311 83 315 2626 
4312 315 893 2626 
4313 893 83 2626 
4314 315 150 2627 
4315 150 893 2627 
4316 893 315 2627 
4317 57 84 2628 
4318 84 894 2628 
4319 894 57 2628 
4320 84 316 2629 
4321 316 894 2629 
4322 894 84 2629 
4323 316 57 2630 
4324 57 894 2630 
4325 894 316 2630 
4326 84 149 2631 
4327 149 895 2631 
4328 895 84 2631 
4329 149 316 2632 
4330 316 895 2632 
4331 895 149 2632 
4332 316 84 2633 
4333 84 895 2633 
4334 895 316 2633 
4335 149 57 2634 
4336 57 896 2634 
4337 896 149 2634 
4338 57 316 2635 
4339 316 896 2635 
4340 896 57 2635 
4341 316 149 2636 
4342 149 896 2636 
4343 896 316 2636 
4344 92 68 2637 
4345 68 897 2637 
4346 897 92 2637 
4347 68 317 2638 
4348 317 897 2638 
4349 897 68 2638 
4350 317 92 2639 
4351 92 897 2639 
4352 897 317 2639 
4353 68 133 2640 
4354 133 898 2640 
4355 898 68 2640 
4356 133 317 2641 
4357 317 898 2641 
4358 898 133 2641 
4359 317 68 2642 
4360 68 898 2642 
4361 898 317 2642 
4362 133 92 2643 
4363 92 899 2643 
4364 899 133 2643 
4365 92 317 2644 
4366 317 899 2644 
4367 899 92 2644 
4368 317 133 2645 
4369 133 899 2645 
4370 899 317 2645 
4371 55 92 2646 
4372 92 900 2646 
4373 900 55 2646 
4374 92 318 2647 
4375 318 900 2647 
4376 900 92 2647 
4377 318 55 2648 
4378 55 900 2648 
4379 900 318 2648 
4380 92 133 2649 
4381 133 901 2649 
4382 901 92 2649 
4383 133 318 2650 
4384 318 901 2650 
4385 901 133 2650 
4386 318 92 2651 
4387 92 901 2651 
4388 901 318 2651 
4389 133 55 2652 
4390 55 902 2652 
4391 902 133 2652 
4392 55 318 2653 
4393 318 902 2653 
4394 902 55 2653 
4395 318 133 2654 
4396 133 902 2654 
4397 902 318 2654 
4398 13 103 2655 
4399 103 903 2655 
4400 903 13 2655 
4401 103 319 2656 
4402 319 903 2656 
4403 903 103 2656 
4404 319 13 2657 
4405 13 903 2657 
4406 903 319 2657 
4407 103 153 2658 
4408 153 904 2658 
4409 904 103 2658 
4410 153 319 2659 
4411 319 904 2659 
4412 904 153 2659 
4413 319 103 2660 
4414 103 904 2660 
4415 904 319 2660 
4416 153 13 2661 
4417 13 905 2661 
4418 905 153 2661 
4419 13 319 2662 
4420 319 905 2662 
4421 905 13 2662 
4422 319 153 2663 
4423 153 905 2663 
4424 905 319 2663 
4425 103 78 2664 
4426 78 906 2664 
4427 906 103 2664 
4428 78 320 2665 
4429 320 906 2665 
4430 906 78 2665 
4431 320 103 2666 
4432 103 906 2666 
4433 906 320 2666 
4434 78 153 2667 
4435 153 907 2667 
4436 907 78 2667 
4437 153 320 2668 
4438 320 907 2668 
4439 907 153 2668 
4440 320 78 2669 
4441 78 907 2669 
4442 907 320 2669 
4443 153 103 2670 
4444 103 908 2670 
4445 908 153 2670 
4446 103 320 2671 
4447 320 908 2671 
4448 908 103 2671 
4449 320 153 2672 
4450 153 908 2672 
4451 908 320 2672 
4452 48 83 2673 
4453 83 909 2673 
4454 909 48 2673 
4455 83 321 2674 
4456 321 909 2674 
4457 909 83 2674 
4458 321 48 2675 
4459 48 909 2675 
4460 909 321 2675 
4461 83 131 2676 
4462 131 910 2676 
4463 910 83 2676 
4464 131 321 2677 
4465 321 910 2677 
4466 910 131 2677 
4467 321 83 2678 
4468 83 910 2678 
4469 910 321 2678 
4470 131 48 2679 
4471 48 911 2679 
4472 911 131 2679 
4473 48 321 2680 
4474 321 911 2680 
4475 911 48 2680 
4476 321 131 2681 
4477 131 911 2681 
4478 911 321 2681 
4479 84 25 2682 
4480 25 912 2682 
4481 912 84 2682 
4482 25 322 2683 
4483 322 912 2683 
4484 912 25 2683 
4485 322 84 2684 
4486 84 912 2684 
4487 912 322 2684 
4488 25 132 2685 
4489 132 913 2685 
4490 913 25 2685 
4491 132 322 2686 
4492 322 913 2686 
4493 913 132 2686 
4494 322 25 2687 
4495 25 913 2687 
4496 913 322 2687 
4497 132 84 2688 
4498 84 914 2688 
4499 914 132 2688 
4500 84 322 2689 
4501 322 914 2689 
4502 914 84 2689 
4503 322 132 2690 
4504 132 914 2690 
4505 914 322 2690 
4506 20 21 2691 
4507 21 915 2691 
4508 915 20 2691 
4509 21 323 2692 
4510 323 915 2692 
4511 915 21 2692 
4512 323 20 2693 
4513 20 915 2693 
4514 915 323 2693 
4515 21 146 2694 
4516 146 916 2694 
4517 916 21 2694 
4518 146 323 2695 
4519 323 916 2695 
4520 916 146 2695 
4521 323 21 2696 
4522 21 916 2696 
4523 916 323 2696 
4524 146 20 2697 
4525 20 917 2697 
4526 917 146 2697 
4527 20 323 2698 
4528 323 917 2698 
4529 917 20 2698 
4530 323 146 2699 
4531 146 917 2699 
4532 917 323 2699 
4533 3 4 2700 
4534 4 918 2700 
4535 918 3 2700 
4536 4 324 2701 
4537 324 918 2701 
4538 918 4 2701 
4539 324 3 2702 
4540 3 918 2702 
4541 918 324 2702 
4542 4 147 2703 
4543 147 919 2703 
4544 919 4 2703 
4545 147 324 2704 
4546 324 919 2704 
4547 919 147 2704 
4548 324 4 2705 
4549 4 919 2705 
4550 919 324 2705 
4551 147 3 2706 
4552 3 920 2706 
4553 920 147 2706 
4554 3 324 2707 
4555 324 920 2707 
4556 920 3 2707 
4557 324 147 2708 
4558 147 920 2708 
4559 920 324 2708 
4560 65 83 2709 
4561 83 921 2709 
4562 921 65 2709 
4563 83 325 2710 
4564 325 921 2710 
4565 921 83 2710 
4566 325 65 2711 
4567 65 921 2711 
4568 921 325 2711 
4569 83 150 2712 
4570 150 922 2712 
4571 922 83 2712 
4572 150 325 2713 
4573 325 922 2713 
4574 922 150 2713 
4575 325 83 2714 
4576 83 922 2714 
4577 922 325 2714 
4578 150 65 2715 
4579 65 923 2715 
4580 923 150 2715 
4581 65 325 2716 
4582 325 923 2716 
4583 923 65 2716 
4584 325 150 2717 
4585 150 923 2717 
4586 923 325 2717 
4587 84 66 2718 
4588 66 924 2718 
4589 924 84 2718 
4590 66 326 2719 
4591 326 924 2719 
4592 924 66 2719 
4593 326 84 2720 
4594 84 924 2720 
4595 924 326 2720 
4596 66 149 2721 
4597 149 925 2721 
4598 925 66 2721 
4599 149 326 2722 
4600 326 925 2722 
4601 925 149 2722 
4602 326 66 2723 
4603 66 925 2723 
4604 925 326 2723 
4605 149 84 2724 
4606 84 926 2724 
4607 926 149 2724 
4608 84 326 2725 
4609 326 926 2725 
4610 926 84 2725 
4611 326 149 2726 
4612 149 926 2726 
4613 926 326 2726 
4614 52 98 2727 
4615 98 927 2727 
4616 927 52 2727 
4617 98 327 2728 
4618 327 927 2728 
4619 927 98 2728 
4620 327 52 2729 
4621 52 927 2729 
4622 927 327 2729 
4623 98 120 2730 
4624 120 928 2730 
4625 928 98 2730 
4626 120 327 2731 
4627 327 928 2731 
4628 928 120 2731 
4629 327 98 2732 
4630 98 928 2732 
4631 928 327 2732 
4632 120 52 2733 
4633 52 929 2733 
4634 929 120 2733 
4635 52 327 2734 
4636 327 929 2734 
4637 929 52 2734 
4638 327 120 2735 
4639 120 929 2735 
4640 929 327 2735 
4641 54 97 2736 
4642 97 930 2736 
4643 930 54 2736 
4644 97 328 2737 
4645 328 930 2737 
4646 930 97 2737 
4647 328 54 2738 
4648 54 930 2738 
4649 930 328 2738 
4650 97 119 2739 
4651 119 931 2739 
4652 931 97 2739 
4653 119 328 2740 
4654 328 931 2740 
4655 931 119 2740 
4656 328 97 2741 
4657 97 931 2741 
4658 931 328 2741 
4659 119 54 2742 
4660 54 932 2742 
4661 932 119 2742 
4662 54 328 2743 
4663 328 932 2743 
4664 932 54 2743 
4665 328 119 2744 
4666 119 932 2744 
4667 932 328 2744 
4668 102 35 2745 
4669 35 933 2745 
4670 933 102 2745 
4671 35 329 2746 
4672 329 933 2746 
4673 933 35 2746 
4674 329 102 2747 
4675 102 933 2747 
4676 933 329 2747 
4677 35 118 2748 
4678 118 934 2748 
4679 934 35 2748 
4680 118 329 2749 
4681 329 934 2749 
4682 934 118 2749 
4683 329 35 2750 
4684 35 934 2750 
4685 934 329 2750 
4686 118 102 2751 
4687 102 935 2751 
4688 935 118 2751 
4689 102 329 2752 
4690 329 935 2752 
4691 935 102 2752 
4692 329 118 2753 
4693 118 935 2753 
4694 935 329 2753 
4695 58 85 2754 
4696 85 936 2754 
4697 936 58 2754 
4698 85 330 2755 
4699 330 936 2755 
4700 936 85 2755 
4701 330 58 2756 
4702 58 936 2756 
4703 936 330 2756 
4704 85 150 2757 
4705 150 937 2757 
4706 937 85 2757 
4707 150 330 2758 
4708 330 937 2758 
4709 937 150 2758 
4710 330 85 2759 
4711 85 937 2759 
4712 937 330 2759 
4713 150 58 2760 
4714 58 938 2760 
4715 938 150 2760 
4716 58 330 2761 
4717 330 938 2761 
4718 938 58 2761 
4719 330 150 2762 
4720 150 938 2762 
4721 938 330 2762 
4722 86 57 2763 
4723 57 939 2763 
4724 939 86 2763 
4725 57 331 2764 
4726 331 939 2764 
4727 939 57 2764 
4728 331 86 2765 
4729 86 939 2765 
4730 939 331 2765 
4731 57 149 2766 
4732 149 940 2766 
4733 940 57 2766 
4734 149 331 2767 
4735 331 940 2767 
4736 940 149 2767 
4737 331 57 2768 
4738 57 940 2768 
4739 940 331 2768 
4740 149 86 2769 
4741 86 941 2769 
4742 941 149 2769 
4743 86 331 2770 
4744 331 941 2770 
4745 941 86 2770 
4746 331 149 2771 
4747 149 941 2771 
4748 941 331 2771 
4749 67 93 2772 
4750 93 942 2772 
4751 942 67 2772 
4752 93 332 2773 
4753 332 942 2773 
4754 942 93 2773 
4755 332 67 2774 
4756 67 942 2774 
4757 942 332 2774 
4758 93 125 2775 
4759 125 943 2775 
4760 943 93 2775 
4761 125 332 2776 
4762 332 943 2776 
4763 943 125 2776 
4764 332 93 2777 
4765 93 943 2777 
4766 943 332 2777 
4767 125 67 2778 
4768 67 944 2778 
4769 944 125 2778 
4770 67 332 2779 
4771 332 944 2779 
4772 944 67 2779 
4773 332 125 2780 
4774 125 944 2780 
4775 944 332 2780 
4776 93 52 2781 
4777 52 945 2781 
4778 945 93 2781 
4779 52 333 2782 
4780 333 945 2782 
4781 945 52 2782 
4782 333 93 2783 
4783 93 945 2783 
4784 945 333 2783 
4785 52 125 2784 
4786 125 946 2784 
4787 946 52 2784 
4788 125 333 2785 
4789 333 946 2785 
4790 946 125 2785 
4791 333 52 2786 
4792 52 946 2786 
4793 946 333 2786 
4794 125 93 2787 
4795 93 947 2787 
4796 947 125 2787 
4797 93 333 2788 
4798 333 947 2788 
4799 947 93 2788 
4800 333 125 2789 
4801 125 947 2789 
4802 947 333 2789 
4803 60 106 2790 
4804 106 948 2790 
4805 948 60 2790 
4806 106 334 2791 
4807 334 948 2791 
4808 948 106 2791 
4809 334 60 2792 
4810 60 948 2792 
4811 948 334 2792 
4812 106 141 2793 
4813 141 949 2793 
4814 949 106 2793 
4815 141 334 2794 
4816 334 949 2794 
4817 949 141 2794 
4818 334 106 2795 
4819 106 949 2795 
4820 949 334 2795 
4821 141 60 2796 
4822 60 950 2796 
4823 950 141 2796 
4824 60 334 2797 
4825 334 950 2797 
4826 950 60 2797 
4827 334 141 2798 
4828 141 950 2798 
4829 950 334 2798 
4830 138 91 2799 
4831 91 951 2799 
4832 951 138 2799 
4833 91 335 2800 
4834 335 951 2800 
4835 951 91 2800 
4836 335 138 2801 
4837 138 951 2801 
4838 951 335 2801 
4839 91 152 2802 
4840 152 952 2802 
4841 952 91 2802 
4842 152 335 2803 
4843 335 952 2803 
4844 952 152 2803 
4845 335 91 2804 
4846 91 952 2804 
4847 952 335 2804 
4848 152 138 2805 
4849 138 953 2805 
4850 953 152 2805 
4851 138 335 2806 
4852 335 953 2806 
4853 953 138 2806 
4854 335 152 2807 
4855 152 953 2807 
4856 953 335 2807 
4857 112 47 2808 
4858 47 954 2808 
4859 954 112 2808 
4860 47 336 2809 
4861 336 954 2809 
4862 954 47 2809 
4863 336 112 2810 
4864 112 954 2810 
4865 954 336 2810 
4866 47 131 2811 
4867 131 955 2811 
4868 955 47 2811 
4869 131 336 2812 
4870 336 955 2812 
4871 955 131 2812 
4872 336 47 2813 
4873 47 955 2813 
4874 955 336 2813 
4875 131 112 2814 
4876 112 956 2814 
4877 956 131 2814 
4878 112 336 2815 
4879 336 956 2815 
4880 956 112 2815 
4881 336 131 2816 
4882 131 956 2816 
4883 956 336 2816 
4884 26 113 2817 
4885 113 957 2817 
4886 957 26 2817 
4887 113 337 2818 
4888 337 957 2818 
4889 957 113 2818 
4890 337 26 2819 
4891 26 957 2819 
4892 957 337 2819 
4893 113 132 2820 
4894 132 958 2820 
4895 958 113 2820 
4896 132 337 2821 
4897 337 958 2821 
4898 958 132 2821 
4899 337 113 2822 
4900 113 958 2822 
4901 958 337 2822 
4902 132 26 2823 
4903 26 959 2823 
4904 959 132 2823 
4905 26 337 2824 
4906 337 959 2824 
4907 959 26 2824 
4908 337 132 2825 
4909 132 959 2825 
4910 959 337 2825 
4911 112 65 2826 
4912 65 960 2826 
4913 960 112 2826 
4914 65 338 2827 
4915 338 960 2827 
4916 960 65 2827 
4917 338 112 2828 
4918 112 960 2828 
4919 960 338 2828 
4920 65 154 2829 
4921 154 961 2829 
4922 961 65 2829 
4923 154 338 2830 
4924 338 961 2830 
4925 961 154 2830 
4926 338 65 2831 
4927 65 961 2831 
4928 961 338 2831 
4929 154 112 2832 
4930 112 962 2832 
4931 962 154 2832 
4932 112 338 2833 
4933 338 962 2833 
4934 962 112 2833 
4935 338 154 2834 
4936 154 962 2834 
4937 962 338 2834 
4938 66 113 2835 
4939 113 963 2835 
4940 963 66 2835 
4941 113 339 2836 
4942 339 963 2836 
4943 963 113 2836 
4944 339 66 2837 
4945 66 963 2837 
4946 963 339 2837 
4947 113 155 2838 
4948 155 964 2838 
4949 964 113 2838 
4950 155 339 2839 
4951 339 964 2839 
4952 964 155 2839 
4953 339 113 2840 
4954 113 964 2840 
4955 964 339 2840 
4956 155 66 2841 
4957 66 965 2841 
4958 965 155 2841 
4959 66 339 2842 
4960 339 965 2842 
4961 965 66 2842 
4962 339 155 2843 
4963 155 965 2843 
4964 965 339 2843 
4965 61 102 2844 
4966 102 966 2844 
4967 966 61 2844 
4968 102 340 2845 
4969 340 966 2845 
4970 966 102 2845 
4971 340 61 2846 
4972 61 966 2846 
4973 966 340 2846 
4974 102 118 2847 
4975 118 967 2847 
4976 967 102 2847 
4977 118 340 2848 
4978 340 967 2848 
4979 967 118 2848 
4980 340 102 2849 
4981 102 967 2849 
4982 967 340 2849 
4983 118 61 2850 
4984 61 968 2850 
4985 968 118 2850 
4986 61 340 2851 
4987 340 968 2851 
4988 968 61 2851 
4989 340 118 2852 
4990 118 968 2852 
4991 968 340 2852 
4992 9 10 2853 
4993 10 969 2853 
4994 969 9 2853 
4995 10 341 2854 
4996 341 969 2854 
4997 969 10 2854 
4998 341 9 2855 
4999 9 969 2855 
5000 969 341 2855 
5001 10 114 2856 
5002 114 970 2856 
5003 970 10 2856 
5004 114 341 2857 
5005 341 970 2857 
5006 970 114 2857 
5007 341 10 2858 
5008 10 970 2858 
5009 970 341 2858 
5010 114 9 2859 
5011 9 971 2859 
5012 971 114 2859 
5013 9 341 2860 
5014 341 971 2860 
5015 971 9 2860 
5016 341 114 2861 
5017 114 971 2861 
5018 971 341 2861 
5019 99 74 2862 
5020 74 972 2862 
5021 972 99 2862 
5022 74 342 2863 
5023 342 972 2863 
5024 972 74 2863 
5025 342 99 2864 
5026 99 972 2864 
5027 972 342 2864 
5028 74 120 2865 
5029 120 973 2865 
5030 973 74 2865 
5031 120 342 2866 
5032 342 973 2866 
5033 973 120 2866 
5034 342 74 2867 
5035 74 973 2867 
5036 973 342 2867 
5037 120 99 2868 
5038 99 974 2868 
5039 974 120 2868 
5040 99 342 2869 
5041 342 974 2869 
5042 974 99 2869 
5043 342 120 2870 
5044 120 974 2870 
5045 974 342 2870 
5046 59 99 2871 
5047 99 975 2871 
5048 975 59 2871 
5049 99 343 2872 
5050 343 975 2872 
5051 975 99 2872 
5052 343 59 2873 
5053 59 975 2873 
5054 975 343 2873 
5055 99 120 2874 
5056 120 976 2874 
5057 976 99 2874 
5058 120 343 2875 
5059 343 976 2875 
5060 976 120 2875 
5061 343 99 2876 
5062 99 976 2876 
5063 976 343 2876 
5064 120 59 2877 
5065 59 977 2877 
5066 977 120 2877 
5067 59 343 2878 
5068 343 977 2878 
5069 977 59 2878 
5070 343 120 2879 
5071 120 977 2879 
5072 977 343 2879 
5073 101 75 2880 
5074 75 978 2880 
5075 978 101 2880 
5076 75 344 2881 
5077 344 978 2881 
5078 978 75 2881 
5079 344 101 2882 
5080 101 978 2882 
5081 978 344 2882 
5082 75 119 2883 
5083 119 979 2883 
5084 979 75 2883 
5085 119 344 2884 
5086 344 979 2884 
5087 979 119 2884 
5088 344 75 2885 
5089 75 979 2885 
5090 979 344 2885 
5091 119 101 2886 
5092 101 980 2886 
5093 980 119 2886 
5094 101 344 2887 
5095 344 980 2887 
5096 980 101 2887 
5097 344 119 2888 
5098 119 980 2888 
5099 980 344 2888 
5100 60 101 2889 
5101 101 981 2889 
5102 981 60 2889 
5103 101 345 2890 
5104 345 981 2890 
5105 981 101 2890 
5106 345 60 2891 
5107 60 981 2891 
5108 981 345 2891 
5109 101 119 2892 
5110 119 982 2892 
5111 982 101 2892 
5112 119 345 2893 
5113 345 982 2893 
5114 982 119 2893 
5115 345 101 2894 
5116 101 982 2894 
5117 982 345 2894 
5118 119 60 2895 
5119 60 983 2895 
5120 983 119 2895 
5121 60 345 2896 
5122 345 983 2896 
5123 983 60 2896 
5124 345 119 2897 
5125 119 983 2897 
5126 983 345 2897 
5127 65 115 2898 
5128 115 984 2898 
5129 984 65 2898 
5130 115 346 2899 
5131 346 984 2899 
5132 984 115 2899 
5133 346 65 2900 
5134 65 984 2900 
5135 984 346 2900 
5136 115 154 2901 
5137 154 985 2901 
5138 985 115 2901 
5139 154 346 2902 
5140 346 985 2902 
5141 985 154 2902 
5142 346 115 2903 
5143 115 985 2903 
5144 985 346 2903 
5145 154 65 2904 
5146 65 986 2904 
5147 986 154 2904 
5148 65 346 2905 
5149 346 986 2905 
5150 986 65 2905 
5151 346 154 2906 
5152 154 986 2906 
5153 986 346 2906 
5154 116 66 2907 
5155 66 987 2907 
5156 987 116 2907 
5157 66 347 2908 
5158 347 987 2908 
5159 987 66 2908 
5160 347 116 2909 
5161 116 987 2909 
5162 987 347 2909 
5163 66 155 2910 
5164 155 988 2910 
5165 988 66 2910 
5166 155 347 2911 
5167 347 988 2911 
5168 988 155 2911 
5169 347 66 2912 
5170 66 988 2912 
5171 988 347 2912 
5172 155 116 2913 
5173 116 989 2913 
5174 989 155 2913 
5175 116 347 2914 
5176 347 989 2914 
5177 989 116 2914 
5178 347 155 2915 
5179 155 989 2915 
5180 989 347 2915 
5181 43 44 2916 
5182 44 990 2916 
5183 990 43 2916 
5184 44 348 2917 
5185 348 990 2917 
5186 990 44 2917 
5187 348 43 2918 
5188 43 990 2918 
5189 990 348 2918 
5190 44 144 2919 
5191 144 991 2919 
5192 991 44 2919 
5193 144 348 2920 
5194 348 991 2920 
5195 991 144 2920 
5196 348 44 2921 
5197 44 991 2921 
5198 991 348 2921 
5199 144 43 2922 
5200 43 992 2922 
5201 992 144 2922 
5202 43 348 2923 
5203 348 992 2923 
5204 992 43 2923 
5205 348 144 2924 
5206 144 992 2924 
5207 992 348 2924 
5208 101 60 2925 
5209 60 993 2925 
5210 993 101 2925 
5211 60 349 2926 
5212 349 993 2926 
5213 993 60 2926 
5214 349 101 2927 
5215 101 993 2927 
5216 993 349 2927 
5217 60 128 2928 
5218 128 994 2928 
5219 994 60 2928 
5220 128 349 2929 
5221 349 994 2929 
5222 994 128 2929 
5223 349 60 2930 
5224 60 994 2930 
5225 994 349 2930 
5226 128 101 2931 
5227 101 995 2931 
5228 995 128 2931 
5229 101 349 2932 
5230 349 995 2932 
5231 995 101 2932 
5232 349 128 2933 
5233 128 995 2933 
5234 995 349 2933 
5235 23 89 2934 
5236 89 996 2934 
5237 996 23 2934 
5238 89 350 2935 
5239 350 996 2935 
5240 996 89 2935 
5241 350 23 2936 
5242 23 996 2936 
5243 996 350 2936 
5244 89 156 2937 
5245 156 997 2937 
5246 997 89 2937 
5247 156 350 2938 
5248 350 997 2938 
5249 997 156 2938 
5250 350 89 2939 
5251 89 997 2939 
5252 997 350 2939 
5253 156 23 2940 
5254 23 998 2940 
5255 998 156 2940 
5256 23 350 2941 
5257 350 998 2941 
5258 998 23 2941 
5259 350 156 2942 
5260 156 998 2942 
5261 998 350 2942 
5262 89 21 2943 
5263 21 999 2943 
5264 999 89 2943 
5265 21 351 2944 
5266 351 999 2944 
5267 999 21 2944 
5268 351 89 2945 
5269 89 999 2945 
5270 999 351 2945 
5271 21 156 2946 
5272 156 1000 2946 
5273 1000 21 2946 
5274 156 351 2947 
5275 351 1000 2947 
5276 1000 156 2947 
5277 351 21 2948 
5278 21 1000 2948 
5279 1000 351 2948 
5280 156 89 2949 
5281 89 1001 2949 
5282 1001 156 2949 
5283 89 351 2950 
5284 351 1001 2950 
5285 1001 89 2950 
5286 351 156 2951 
5287 156 1001 2951 
5288 1001 351 2951 
5289 3 90 2952 
5290 90 1002 2952 
5291 1002 3 2952 
5292 90 352 2953 
5293 352 1002 2953 
5294 1002 90 2953 
5295 352 3 2954 
5296 3 1002 2954 
5297 1002 352 2954 
5298 90 157 2955 
5299 157 1003 2955 
5300 1003 90 2955 
5301 157 352 2956 
5302 352 1003 2956 
5303 1003 157 2956 
5304 352 90 2957 
5305 90 1003 2957 
5306 1003 352 2957 
5307 157 3 2958 
5308 3 1004 2958 
5309 1004 157 2958 
5310 3 352 2959 
5311 352 1004 2959 
5312 1004 3 2959 
5313 352 157 2960 
5314 157 1004 2960 
5315 1004 352 2960 
5316 90 50 2961 
5317 50 1005 2961 
5318 1005 90 2961 
5319 50 353 2962 
5320 353 1005 2962 
5321 1005 50 2962 
5322 353 90 2963 
5323 90 1005 2963 
5324 1005 353 2963 
5325 50 157 2964 
5326 157 1006 2964 
5327 1006 50 2964 
5328 157 353 2965 
5329 353 1006 2965 
5330 1006 157 2965 
5331 353 50 2966 
5332 50 1006 2966 
5333 1006 353 2966 
5334 157 90 2967 
5335 90 1007 2967 
5336 1007 157 2967 
5337 90 353 2968 
5338 353 1007 2968 
5339 1007 90 2968 
5340 353 157 2969 
5341 157 1007 2969 
5342 1007 353 2969 
5343 32 101 2970 
5344 101 1008 2970 
5345 1008 32 2970 
5346 101 354 2971 
5347 354 1008 2971 
5348 1008 101 2971 
5349 354 32 2972 
5350 32 1008 2972 
5351 1008 354 2972 
5352 101 128 2973 
5353 128 1009 2973 
5354 1009 101 2973 
5355 128 354 2974 
5356 354 1009 2974 
5357 1009 128 2974 
5358 354 101 2975 
5359 101 1009 2975 
5360 1009 354 2975 
5361 128 32 2976 
5362 32 1010 2976 
5363 1010 128 2976 
5364 32 354 2977 
5365 354 1010 2977 
5366 1010 32 2977 
5367 354 128 2978 
5368 128 1010 2978 
5369 1010 354 2978 
5370 87 20 2979 
5371 20 1011 2979 
5372 1011 87 2979 
5373 20 355 2980 
5374 355 1011 2980 
5375 1011 20 2980 
5376 355 87 2981 
5377 87 1011 2981 
5378 1011 355 2981 
5379 20 146 2982 
5380 146 1012 2982 
5381 1012 20 2982 
5382 146 355 2983 
5383 355 1012 2983 
5384 1012 146 2983 
5385 355 20 2984 
5386 20 1012 2984 
5387 1012 355 2984 
5388 146 87 2985 
5389 87 1013 2985 
5390 1013 146 2985 
5391 87 355 2986 
5392 355 1013 2986 
5393 1013 87 2986 
5394 355 146 2987 
5395 146 1013 2987 
5396 1013 355 2987 
5397 4 88 2988 
5398 88 1014 2988 
5399 1014 4 2988 
5400 88 356 2989 
5401 356 1014 2989 
5402 1014 88 2989 
5403 356 4 2990 
5404 4 1014 2990 
5405 1014 356 2990 
5406 88 147 2991 
5407 147 1015 2991 
5408 1015 88 2991 
5409 147 356 2992 
5410 356 1015 2992 
5411 1015 147 2992 
5412 356 88 2993 
5413 88 1015 2993 
5414 1015 356 2993 
5415 147 4 2994 
5416 4 1016 2994 
5417 1016 147 2994 
5418 4 356 2995 
5419 356 1016 2995 
5420 1016 4 2995 
5421 356 147 2996 
5422 147 1016 2996 
5423 1016 356 2996 
5424 30 31 2997 
5425 31 1017 2997 
5426 1017 30 2997 
5427 31 357 2998 
5428 357 1017 2998 
5429 1017 31 2998 
5430 357 30 2999 
5431 30 1017 2999 
5432 1017 357 2999 
5433 31 135 3000 
5434 135 1018 3000 
5435 1018 31 3000 
5436 135 357 3001 
5437 357 1018 3001 
5438 1018 135 3001 
5439 357 31 3002 
5440 31 1018 3002 
5441 1018 357 3002 
5442 135 30 3003 
5443 30 1019 3003 
5444 1019 135 3003 
5445 30 357 3004 
5446 357 1019 3004 
5447 1019 30 3004 
5448 357 135 3005 
5449 135 1019 3005 
5450 1019 357 3005 
5451 53 106 3006 
5452 106 1020 3006 
5453 1020 53 3006 
5454 106 358 3007 
5455 358 1020 3007 
5456 1020 106 3007 
5457 358 53 3008 
5458 53 1020 3008 
5459 1020 358 3008 
5460 106 126 3009 
5461 126 1021 3009 
5462 1021 106 3009 
5463 126 358 3010 
5464 358 1021 3010 
5465 1021 126 3010 
5466 358 106 3011 
5467 106 1021 3011 
5468 1021 358 3011 
5469 126 53 3012 
5470 53 1022 3012 
5471 1022 126 3012 
5472 53 358 3013 
5473 358 1022 3013 
5474 1022 53 3013 
5475 358 126 3014 
5476 126 1022 3014 
5477 1022 358 3014 
5478 54 105 3015 
5479 105 1023 3015 
5480 1023 54 3015 
5481 105 359 3016 
5482 359 1023 3016 
5483 1023 105 3016 
5484 359 54 3017 
5485 54 1023 3017 
5486 1023 359 3017 
5487 105 127 3018 
5488 127 1024 3018 
5489 1024 105 3018 
5490 127 359 3019 
5491 359 1024 3019 
5492 1024 127 3019 
5493 359 105 3020 
5494 105 1024 3020 
5495 1024 359 3020 
5496 127 54 3021 
5497 54 1025 3021 
5498 1025 127 3021 
5499 54 359 3022 
5500 359 1025 3022 
5501 1025 54 3022 
5502 359 127 3023 
5503 127 1025 3023 
5504 1025 359 3023 
5505 95 64 3024 
5506 64 1026 3024 
5507 1026 95 3024 
5508 64 360 3025 
5509 360 1026 3025 
5510 1026 64 3025 
5511 360 95 3026 
5512 95 1026 3026 
5513 1026 360 3026 
5514 64 124 3027 
5515 124 1027 3027 
5516 1027 64 3027 
5517 124 360 3028 
5518 360 1027 3028 
5519 1027 124 3028 
5520 360 64 3029 
5521 64 1027 3029 
5522 1027 360 3029 
5523 124 95 3030 
5524 95 1028 3030 
5525 1028 124 3030 
5526 95 360 3031 
5527 360 1028 3031 
5528 1028 95 3031 
5529 360 124 3032 
5530 124 1028 3032 
5531 1028 360 3032 
5532 64 97 3033 
5533 97 1029 3033 
5534 1029 64 3033 
5535 97 361 3034 
5536 361 1029 3034 
5537 1029 97 3034 
5538 361 64 3035 
5539 64 1029 3035 
5540 1029 361 3035 
5541 97 124 3036 
5542 124 1030 3036 
5543 1030 97 3036 
5544 124 361 3037 
5545 361 1030 3037 
5546 1030 124 3037 
5547 361 97 3038 
5548 97 1030 3038 
5549 1030 361 3038 
5550 124 64 3039 
5551 64 1031 3039 
5552 1031 124 3039 
5553 64 361 3040 
5554 361 1031 3040 
5555 1031 64 3040 
5556 361 124 3041 
5557 124 1031 3041 
5558 1031 361 3041 
5559 104 62 3042 
5560 62 1032 3042 
5561 1032 104 3042 
5562 62 362 3043 
5563 362 1032 3043 
5564 1032 62 3043 
5565 362 104 3044 
5566 104 1032 3044 
5567 1032 362 3044 
5568 62 137 3045 
5569 137 1033 3045 
5570 1033 62 3045 
5571 137 362 3046 
5572 362 1033 3046 
5573 1033 137 3046 
5574 362 62 3047 
5575 62 1033 3047 
5576 1033 362 3047 
5577 137 104 3048 
5578 104 1034 3048 
5579 1034 137 3048 
5580 104 362 3049 
5581 362 1034 3049 
5582 1034 104 3049 
5583 362 137 3050 
5584 137 1034 3050 
5585 1034 362 3050 
5586 97 60 3051 
5587 60 1035 3051 
5588 1035 97 3051 
5589 60 363 3052 
5590 363 1035 3052 
5591 1035 60 3052 
5592 363 97 3053 
5593 97 1035 3053 
5594 1035 363 3053 
5595 60 119 3054 
5596 119 1036 3054 
5597 1036 60 3054 
5598 119 363 3055 
5599 363 1036 3055 
5600 1036 119 3055 
5601 363 60 3056 
5602 60 1036 3056 
5603 1036 363 3056 
5604 119 97 3057 
5605 97 1037 3057 
5606 1037 119 3057 
5607 97 363 3058 
5608 363 1037 3058 
5609 1037 97 3058 
5610 363 119 3059 
5611 119 1037 3059 
5612 1037 363 3059 
5613 98 59 3060 
5614 59 1038 3060 
5615 1038 98 3060 
5616 59 364 3061 
5617 364 1038 3061 
5618 1038 59 3061 
5619 364 98 3062 
5620 98 1038 3062 
5621 1038 364 3062 
5622 59 120 3063 
5623 120 1039 3063 
5624 1039 59 3063 
5625 120 364 3064 
5626 364 1039 3064 
5627 1039 120 3064 
5628 364 59 3065 
5629 59 1039 3065 
5630 1039 364 3065 
5631 120 98 3066 
5632 98 1040 3066 
5633 1040 120 3066 
5634 98 364 3067 
5635 364 1040 3067 
5636 1040 98 3067 
5637 364 120 3068 
5638 120 1040 3068 
5639 1040 364 3068 
5640 68 121 3069 
5641 121 1041 3069 
5642 1041 68 3069 
5643 121 365 3070 
5644 365 1041 3070 
5645 1041 121 3070 
5646 365 68 3071 
5647 68 1041 3071 
5648 1041 365 3071 
5649 121 133 3072 
5650 133 1042 3072 
5651 1042 121 3072 
5652 133 365 3073 
5653 365 1042 3073 
5654 1042 133 3073 
5655 365 121 3074 
5656 121 1042 3074 
5657 1042 365 3074 
5658 133 68 3075 
5659 68 1043 3075 
5660 1043 133 3075 
5661 68 365 3076 
5662 365 1043 3076 
5663 1043 68 3076 
5664 365 133 3077 
5665 133 1043 3077 
5666 1043 365 3077 
5667 121 78 3078 
5668 78 1044 3078 
5669 1044 121 3078 
5670 78 366 3079 
5671 366 1044 3079 
5672 1044 78 3079 
5673 366 121 3080 
5674 121 1044 3080 
5675 1044 366 3080 
5676 78 133 3081 
5677 133 1045 3081 
5678 1045 78 3081 
5679 133 366 3082 
5680 366 1045 3082 
5681 1045 133 3082 
5682 366 78 3083 
5683 78 1045 3083 
5684 1045 366 3083 
5685 133 121 3084 
5686 121 1046 3084 
5687 1046 133 3084 
5688 121 366 3085 
5689 366 1046 3085 
5690 1046 121 3085 
5691 366 133 3086 
5692 133 1046 3086 
5693 1046 366 3086 
5694 73 100 3087 
5695 100 1047 3087 
5696 1047 73 3087 
5697 100 367 3088 
5698 367 1047 3088 
5699 1047 100 3088 
5700 367 73 3089 
5701 73 1047 3089 
5702 1047 367 3089 
5703 100 122 3090 
5704 122 1048 3090 
5705 1048 100 3090 
5706 122 367 3091 
5707 367 1048 3091 
5708 1048 122 3091 
5709 367 100 3092 
5710 100 1048 3092 
5711 1048 367 3092 
5712 122 73 3093 
5713 73 1049 3093 
5714 1049 122 3093 
5715 73 367 3094 
5716 367 1049 3094 
5717 1049 73 3094 
5718 367 122 3095 
5719 122 1049 3095 
5720 1049 367 3095 
5721 100 59 3096 
5722 59 1050 3096 
5723 1050 100 3096 
5724 59 368 3097 
5725 368 1050 3097 
5726 1050 59 3097 
5727 368 100 3098 
5728 100 1050 3098 
5729 1050 368 3098 
5730 59 122 3099 
5731 122 1051 3099 
5732 1051 59 3099 
5733 122 368 3100 
5734 368 1051 3100 
5735 1051 122 3100 
5736 368 59 3101 
5737 59 1051 3101 
5738 1051 368 3101 
5739 122 100 3102 
5740 100 1052 3102 
5741 1052 122 3102 
5742 100 368 3103 
5743 368 1052 3103 
5744 1052 100 3103 
5745 368 122 3104 
5746 122 1052 3104 
5747 1052 368 3104 
5748 75 102 3105 
5749 102 1053 3105 
5750 1053 75 3105 
5751 102 369 3106 
5752 369 1053 3106 
5753 1053 102 3106 
5754 369 75 3107 
5755 75 1053 3107 
5756 1053 369 3107 
5757 102 123 3108 
5758 123 1054 3108 
5759 1054 102 3108 
5760 123 369 3109 
5761 369 1054 3109 
5762 1054 123 3109 
5763 369 102 3110 
5764 102 1054 3110 
5765 1054 369 3110 
5766 123 75 3111 
5767 75 1055 3111 
5768 1055 123 3111 
5769 75 369 3112 
5770 369 1055 3112 
5771 1055 75 3112 
5772 369 123 3113 
5773 123 1055 3113 
5774 1055 369 3113 
5775 102 61 3114 
5776 61 1056 3114 
5777 1056 102 3114 
5778 61 370 3115 
5779 370 1056 3115 
5780 1056 61 3115 
5781 370 102 3116 
5782 102 1056 3116 
5783 1056 370 3116 
5784 61 123 3117 
5785 123 1057 3117 
5786 1057 61 3117 
5787 123 370 3118 
5788 370 1057 3118 
5789 1057 123 3118 
5790 370 61 3119 
5791 61 1057 3119 
5792 1057 370 3119 
5793 123 102 3120 
5794 102 1058 3120 
5795 1058 123 3120 
5796 102 370 3121 
5797 370 1058 3121 
5798 1058 102 3121 
5799 370 123 3122 
5800 123 1058 3122 
5801 1058 370 3122 
5802 64 107 3123 
5803 107 1059 3123 
5804 1059 64 3123 
5805 107 371 3124 
5806 371 1059 3124 
5807 1059 107 3124 
5808 371 64 3125 
5809 64 1059 3125 
5810 1059 371 3125 
5811 107 126 3126 
5812 126 1060 3126 
5813 1060 107 3126 
5814 126 371 3127 
5815 371 1060 3127 
5816 1060 126 3127 
5817 371 107 3128 
5818 107 1060 3128 
5819 1060 371 3128 
5820 126 64 3129 
5821 64 1061 3129 
5822 1061 126 3129 
5823 64 371 3130 
5824 371 1061 3130 
5825 1061 64 3130 
5826 371 126 3131 
5827 126 1061 3131 
5828 1061 371 3131 
5829 107 77 3132 
5830 77 1062 3132 
5831 1062 107 3132 
5832 77 372 3133 
5833 372 1062 3133 
5834 1062 77 3133 
5835 372 107 3134 
5836 107 1062 3134 
5837 1062 372 3134 
5838 77 126 3135 
5839 126 1063 3135 
5840 1063 77 3135 
5841 126 372 3136 
5842 372 1063 3136 
5843 1063 126 3136 
5844 372 77 3137 
5845 77 1063 3137 
5846 1063 372 3137 
5847 126 107 3138 
5848 107 1064 3138 
5849 1064 126 3138 
5850 107 372 3139 
5851 372 1064 3139 
5852 1064 107 3139 
5853 372 126 3140 
5854 126 1064 3140 
5855 1064 372 3140 
5856 63 108 3141 
5857 108 1065 3141 
5858 1065 63 3141 
5859 108 373 3142 
5860 373 1065 3142 
5861 1065 108 3142 
5862 373 63 3143 
5863 63 1065 3143 
5864 1065 373 3143 
5865 108 127 3144 
5866 127 1066 3144 
5867 1066 108 3144 
5868 127 373 3145 
5869 373 1066 3145 
5870 1066 127 3145 
5871 373 108 3146 
5872 108 1066 3146 
5873 1066 373 3146 
5874 127 63 3147 
5875 63 1067 3147 
5876 1067 127 3147 
5877 63 373 3148 
5878 373 1067 3148 
5879 1067 63 3148 
5880 373 127 3149 
5881 127 1067 3149 
5882 1067 373 3149 
5883 108 76 3150 
5884 76 1068 3150 
5885 1068 108 3150 
5886 76 374 3151 
5887 374 1068 3151 
5888 1068 76 3151 
5889 374 108 3152 
5890 108 1068 3152 
5891 1068 374 3152 
5892 76 127 3153 
5893 127 1069 3153 
5894 1069 76 3153 
5895 127 374 3154 
5896 374 1069 3154 
5897 1069 127 3154 
5898 374 76 3155 
5899 76 1069 3155 
5900 1069 374 3155 
5901 127 108 3156 
5902 108 1070 3156 
5903 1070 127 3156 
5904 108 374 3157 
5905 374 1070 3157 
5906 1070 108 3157 
5907 374 127 3158 
5908 127 1070 3158 
5909 1070 374 3158 
5910 96 61 3159 
5911 61 1071 3159 
5912 1071 96 3159 
5913 61 375 3160 
5914 375 1071 3160 
5915 1071 61 3160 
5916 375 96 3161 
5917 96 1071 3161 
5918 1071 375 3161 
5919 61 148 3162 
5920 148 1072 3162 
5921 1072 61 3162 
5922 148 375 3163 
5923 375 1072 3163 
5924 1072 148 3163 
5925 375 61 3164 
5926 61 1072 3164 
5927 1072 375 3164 
5928 148 96 3165 
5929 96 1073 3165 
5930 1073 148 3165 
5931 96 375 3166 
5932 375 1073 3166 
5933 1073 96 3166 
5934 375 148 3167 
5935 148 1073 3167 
5936 1073 375 3167 
5937 76 95 3168 
5938 95 1074 3168 
5939 1074 76 3168 
5940 95 376 3169 
5941 376 1074 3169 
5942 1074 95 3169 
5943 376 76 3170 
5944 76 1074 3170 
5945 1074 376 3170 
5946 95 124 3171 
5947 124 1075 3171 
5948 1075 95 3171 
5949 124 376 3172 
5950 376 1075 3172 
5951 1075 124 3172 
5952 376 95 3173 
5953 95 1075 3173 
5954 1075 376 3173 
5955 124 76 3174 
5956 76 1076 3174 
5957 1076 124 3174 
5958 76 376 3175 
5959 376 1076 3175 
5960 1076 76 3175 
5961 376 124 3176 
5962 124 1076 3176 
5963 1076 376 3176 
5964 103 63 3177 
5965 63 1077 3177 
5966 1077 103 3177 
5967 63 377 3178 
5968 377 1077 3178 
5969 1077 63 3178 
5970 377 103 3179 
5971 103 1077 3179 
5972 1077 377 3179 
5973 63 129 3180 
5974 129 1078 3180 
5975 1078 63 3180 
5976 129 377 3181 
5977 377 1078 3181 
5978 1078 129 3181 
5979 377 63 3182 
5980 63 1078 3182 
5981 1078 377 3182 
5982 129 103 3183 
5983 103 1079 3183 
5984 1079 129 3183 
5985 103 377 3184 
5986 377 1079 3184 
5987 1079 103 3184 
5988 377 129 3185 
5989 129 1079 3185 
5990 1079 377 3185 
5991 78 103 3186 
5992 103 1080 3186 
5993 1080 78 3186 
5994 103 378 3187 
5995 378 1080 3187 
5996 1080 103 3187 
5997 378 78 3188 
5998 78 1080 3188 
5999 1080 378 3188 
6000 103 129 3189 
6001 129 1081 3189 
6002 1081 103 3189 
6003 129 378 3190 
6004 378 1081 3190 
6005 1081 129 3190 
6006 378 103 3191 
6007 103 1081 3191 
6008 1081 378 3191 
6009 129 78 3192 
6010 78 1082 3192 
6011 1082 129 3192 
6012 78 378 3193 
6013 378 1082 3193 
6014 1082 78 3193 
6015 378 129 3194 
6016 129 1082 3194 
6017 1082 378 3194 
6018 63 96 3195 
6019 96 1083 3195 
6020 1083 63 3195 
6021 96 379 3196 
6022 379 1083 3196 
6023 1083 96 3196 
6024 379 63 3197 
6025 63 1083 3197 
6026 1083 379 3197 
6027 96 129 3198 
6028 129 1084 3198 
6029 1084 96 3198 
6030 129 379 3199 
6031 379 1084 3199 
6032 1084 129 3199 
6033 379 96 3200 
6034 96 1084 3200 
6035 1084 379 3200 
6036 129 63 3201 
6037 63 1085 3201 
6038 1085 129 3201 
6039 63 379 3202 
6040 379 1085 3202 
6041 1085 63 3202 
6042 379 129 3203 
6043 129 1085 3203 
6044 1085 379 3203 
6045 59 104 3204 
6046 104 1086 3204 
6047 1086 59 3204 
6048 104 380 3205 
6049 380 1086 3205 
6050 1086 104 3205 
6051 380 59 3206 
6052 59 1086 3206 
6053 1086 380 3206 
6054 104 122 3207 
6055 122 1087 3207 
6056 1087 104 3207 
6057 122 380 3208 
6058 380 1087 3208 
6059 1087 122 3208 
6060 380 104 3209 
6061 104 1087 3209 
6062 1087 380 3209 
6063 122 59 3210 
6064 59 1088 3210 
6065 1088 122 3210 
6066 59 380 3211 
6067 380 1088 3211 
6068 1088 59 3211 
6069 380 122 3212 
6070 122 1088 3212 
6071 1088 380 3212 
6072 61 105 3213 
6073 105 1089 3213 
6074 1089 61 3213 
6075 105 381 3214 
6076 381 1089 3214 
6077 1089 105 3214 
6078 381 61 3215 
6079 61 1089 3215 
6080 1089 381 3215 
6081 105 123 3216 
6082 123 1090 3216 
6083 1090 105 3216 
6084 123 381 3217 
6085 381 1090 3217 
6086 1090 123 3217 
6087 381 105 3218 
6088 105 1090 3218 
6089 1090 381 3218 
6090 123 61 3219 
6091 61 1091 3219 
6092 1091 123 3219 
6093 61 381 3220 
6094 381 1091 3220 
6095 1091 61 3220 
6096 381 123 3221 
6097 123 1091 3221 
6098 1091 381 3221 
6099 37 38 3222 
6100 38 1092 3222 
6101 1092 37 3222 
6102 38 382 3223 
6103 382 1092 3223 
6104 1092 38 3223 
6105 382 37 3224 
6106 37 1092 3224 
6107 1092 382 3224 
6108 38 138 3225 
6109 138 1093 3225 
6110 1093 38 3225 
6111 138 382 3226 
6112 382 1093 3226 
6113 1093 138 3226 
6114 382 38 3227 
6115 38 1093 3227 
6116 1093 382 3227 
6117 138 37 3228 
6118 37 1094 3228 
6119 1094 138 3228 
6120 37 382 3229 
6121 382 1094 3229 
6122 1094 37 3229 
6123 382 138 3230 
6124 138 1094 3230 
6125 1094 382 3230 
6126 42 43 3231 
6127 43 1095 3231 
6128 1095 42 3231 
6129 43 383 3232 
6130 383 1095 3232 
6131 1095 43 3232 
6132 383 42 3233 
6133 42 1095 3233 
6134 1095 383 3233 
6135 43 145 3234 
6136 145 1096 3234 
6137 1096 43 3234 
6138 145 383 3235 
6139 383 1096 3235 
6140 1096 145 3235 
6141 383 43 3236 
6142 43 1096 3236 
6143 1096 383 3236 
6144 145 42 3237 
6145 42 1097 3237 
6146 1097 145 3237 
6147 42 383 3238 
6148 383 1097 3238 
6149 1097 42 3238 
6150 383 145 3239 
6151 145 1097 3239 
6152 1097 383 3239 
6153 55 96 3240 
6154 96 1098 3240 
6155 1098 55 3240 
6156 96 384 3241 
6157 384 1098 3241 
6158 1098 96 3241 
6159 384 55 3242 
6160 55 1098 3242 
6161 1098 384 3242 
6162 96 148 3243 
6163 148 1099 3243 
6164 1099 96 3243 
6165 148 384 3244 
6166 384 1099 3244 
6167 1099 148 3244 
6168 384 96 3245 
6169 96 1099 3245 
6170 1099 384 3245 
6171 148 55 3246 
6172 55 1100 3246 
6173 1100 148 3246 
6174 55 384 3247 
6175 384 1100 3247 
6176 1100 55 3247 
6177 384 148 3248 
6178 148 1100 3248 
6179 1100 384 3248 
6180 39 40 3249 
6181 40 1101 3249 
6182 1101 39 3249 
6183 40 385 3250 
6184 385 1101 3250 
6185 1101 40 3250 
6186 385 39 3251 
6187 39 1101 3251 
6188 1101 385 3251 
6189 40 136 3252 
6190 136 1102 3252 
6191 1102 40 3252 
6192 136 385 3253 
6193 385 1102 3253 
6194 1102 136 3253 
6195 385 40 3254 
6196 40 1102 3254 
6197 1102 385 3254 
6198 136 39 3255 
6199 39 1103 3255 
6200 1103 136 3255 
6201 39 385 3256 
6202 385 1103 3256 
6203 1103 39 3256 
6204 385 136 3257 
6205 136 1103 3257 
6206 1103 385 3257 
6207 106 64 3258 
6208 64 1104 3258 
6209 1104 106 3258 
6210 64 386 3259 
6211 386 1104 3259 
6212 1104 64 3259 
6213 386 106 3260 
6214 106 1104 3260 
6215 1104 386 3260 
6216 64 126 3261 
6217 126 1105 3261 
6218 1105 64 3261 
6219 126 386 3262 
6220 386 1105 3262 
6221 1105 126 3262 
6222 386 64 3263 
6223 64 1105 3263 
6224 1105 386 3263 
6225 126 106 3264 
6226 106 1106 3264 
6227 1106 126 3264 
6228 106 386 3265 
6229 386 1106 3265 
6230 1106 106 3265 
6231 386 126 3266 
6232 126 1106 3266 
6233 1106 386 3266 
6234 105 63 3267 
6235 63 1107 3267 
6236 1107 105 3267 
6237 63 387 3268 
6238 387 1107 3268 
6239 1107 63 3268 
6240 387 105 3269 
6241 105 1107 3269 
6242 1107 387 3269 
6243 63 127 3270 
6244 127 1108 3270 
6245 1108 63 3270 
6246 127 387 3271 
6247 387 1108 3271 
6248 1108 127 3271 
6249 387 63 3272 
6250 63 1108 3272 
6251 1108 387 3272 
6252 127 105 3273 
6253 105 1109 3273 
6254 1109 127 3273 
6255 105 387 3274 
6256 387 1109 3274 
6257 1109 105 3274 
6258 387 127 3275 
6259 127 1109 3275 
6260 1109 387 3275 
6261 134 70 3276 
6262 70 1110 3276 
6263 1110 134 3276 
6264 70 388 3277 
6265 388 1110 3277 
6266 1110 70 3277 
6267 388 134 3278 
6268 134 1110 3278 
6269 1110 388 3278 
6270 70 143 3279 
6271 143 1111 3279 
6272 1111 70 3279 
6273 143 388 3280 
6274 388 1111 3280 
6275 1111 143 3280 
6276 388 70 3281 
6277 70 1111 3281 
6278 1111 388 3281 
6279 143 134 3282 
6280 134 1112 3282 
6281 1112 143 3282 
6282 134 388 3283 
6283 388 1112 3283 
6284 1112 134 3283 
6285 388 143 3284 
6286 143 1112 3284 
6287 1112 388 3284 
6288 80 134 3285 
6289 134 1113 3285 
6290 1113 80 3285 
6291 134 389 3286 
6292 389 1113 3286 
6293 1113 134 3286 
6294 389 80 3287 
6295 80 1113 3287 
6296 1113 389 3287 
6297 134 143 3288 
6298 143 1114 3288 
6299 1114 134 3288 
6300 143 389 3289 
6301 389 1114 3289 
6302 1114 143 3289 
6303 389 134 3290 
6304 134 1114 3290 
6305 1114 389 3290 
6306 143 80 3291 
6307 80 1115 3291 
6308 1115 143 3291 
6309 80 389 3292 
6310 389 1115 3292 
6311 1115 80 3292 
6312 389 143 3293 
6313 143 1115 3293 
6314 1115 389 3293 
6315 130 79 3294 
6316 79 1116 3294 
6317 1116 130 3294 
6318 79 390 3295 
6319 390 1116 3295 
6320 1116 79 3295 
6321 390 130 3296 
6322 130 1116 3296 
6323 1116 390 3296 
6324 79 142 3297 
6325 142 1117 3297 
6326 1117 79 3297 
6327 142 390 3298 
6328 390 1117 3298 
6329 1117 142 3298 
6330 390 79 3299 
6331 79 1117 3299 
6332 1117 390 3299 
6333 142 130 3300 
6334 130 1118 3300 
6335 1118 142 3300 
6336 130 390 3301 
6337 390 1118 3301 
6338 1118 130 3301 
6339 390 142 3302 
6340 142 1118 3302 
6341 1118 390 3302 
6342 69 130 3303 
6343 130 1119 3303 
6344 1119 69 3303 
6345 130 391 3304 
6346 391 1119 3304 
6347 1119 130 3304 
6348 391 69 3305 
6349 69 1119 3305 
6350 1119 391 3305 
6351 130 142 3306 
6352 142 1120 3306 
6353 1120 130 3306 
6354 142 391 3307 
6355 391 1120 3307 
6356 1120 142 3307 
6357 391 130 3308 
6358 130 1120 3308 
6359 1120 391 3308 
6360 142 69 3309 
6361 69 1121 3309 
6362 1121 142 3309 
6363 69 391 3310 
6364 391 1121 3310 
6365 1121 69 3310 
6366 391 142 3311 
6367 142 1121 3311 
6368 1121 391 3311 
6369 136 69 3312 
6370 69 1122 3312 
6371 1122 136 3312 
6372 69 392 3313 
6373 392 1122 3313 
6374 1122 69 3313 
6375 392 136 3314 
6376 136 1122 3314 
6377 1122 392 3314 
6378 69 151 3315 
6379 151 1123 3315 
6380 1123 69 3315 
6381 151 392 3316 
6382 392 1123 3316 
6383 1123 151 3316 
6384 392 69 3317 
6385 69 1123 3317 
6386 1123 392 3317 
6387 151 136 3318 
6388 136 1124 3318 
6389 1124 151 3318 
6390 136 392 3319 
6391 392 1124 3319 
6392 1124 136 3319 
6393 392 151 3320 
6394 151 1124 3320 
6395 1124 392 3320 
6396 21 2 3321 
6397 2 1125 3321 
6398 1125 21 3321 
6399 2 393 3322 
6400 393 1125 3322 
6401 1125 2 3322 
6402 393 21 3323 
6403 21 1125 3323 
6404 1125 393 3323 
6405 2 156 3324 
6406 156 1126 3324 
6407 1126 2 3324 
6408 156 393 3325 
6409 393 1126 3325 
6410 1126 156 3325 
6411 393 2 3326 
6412 2 1126 3326 
6413 1126 393 3326 
6414 156 21 3327 
6415 21 1127 3327 
6416 1127 156 3327 
6417 21 393 3328 
6418 393 1127 3328 
6419 1127 21 3328 
6420 393 156 3329 
6421 156 1127 3329 
6422 1127 393 3329 
6423 2 23 3330 
6424 23 1128 3330 
6425 1128 2 3330 
6426 23 394 3331 
6427 394 1128 3331 
6428 1128 23 3331 
6429 394 2 3332 
6430 2 1128 3332 
6431 1128 394 3332 
6432 23 156 3333 
6433 156 1129 3333 
6434 1129 23 3333 
6435 156 394 3334 
6436 394 1129 3334 
6437 1129 156 3334 
6438 394 23 3335 
6439 23 1129 3335 
6440 1129 394 3335 
6441 156 2 3336 
6442 2 1130 3336 
6443 1130 156 3336 
6444 2 394 3337 
6445 394 1130 3337 
6446 1130 2 3337 
6447 394 156 3338 
6448 156 1130 3338 
6449 1130 394 3338 
6450 50 1 3339 
6451 1 1131 3339 
6452 1131 50 3339 
6453 1 395 3340 
6454 395 1131 3340 
6455 1131 1 3340 
6456 395 50 3341 
6457 50 1131 3341 
6458 1131 395 3341 
6459 1 157 3342 
6460 157 1132 3342 
6461 1132 1 3342 
6462 157 395 3343 
6463 395 1132 3343 
6464 1132 157 3343 
6465 395 1 3344 
6466 1 1132 3344 
6467 1132 395 3344 
6468 157 50 3345 
6469 50 1133 3345 
6470 1133 157 3345 
6471 50 395 3346 
6472 395 1133 3346 
6473 1133 50 3346 
6474 395 157 3347 
6475 157 1133 3347 
6476 1133 395 3347 
6477 1 3 3348 
6478 3 1134 3348 
6479 1134 1 3348 
6480 3 396 3349 
6481 396 1134 3349 
6482 1134 3 3349 
6483 396 1 3350 
6484 1 1134 3350 
6485 1134 396 3350 
6486 3 157 3351 
6487 157 1135 3351 
6488 1135 3 3351 
6489 157 396 3352 
6490 396 1135 3352 
6491 1135 157 3352 
6492 396 3 3353 
6493 3 1135 3353 
6494 1135 396 3353 
6495 157 1 3354 
6496 1 1136 3354 
6497 1136 157 3354 
6498 1 396 3355 
6499 396 1136 3355 
6500 1136 1 3355 
6501 396 157 3356 
6502 157 1136 3356 
6503 1136 396 3356 
6504 151 56 3357 
6505 56 1137 3357 
6506 1137 151 3357 
6507 56 397 3358 
6508 397 1137 3358 
6509 1137 56 3358 
6510 397 151 3359 
6511 151 1137 3359 
6512 1137 397 3359 
6513 56 152 3360 
6514 152 1138 3360 
6515 1138 56 3360 
6516 152 397 3361 
6517 397 1138 3361 
6518 1138 152 3361 
6519 397 56 3362 
6520 56 1138 3362 
6521 1138 397 3362 
6522 152 151 3363 
6523 151 1139 3363 
6524 1139 152 3363 
6525 151 397 3364 
6526 397 1139 3364 
6527 1139 151 3364 
6528 397 152 3365 
6529 152 1139 3365 
6530 1139 397 3365 
6531 91 151 3366 
6532 151 1140 3366 
6533 1140 91 3366 
6534 151 398 3367 
6535 398 1140 3367 
6536 1140 151 3367 
6537 398 91 3368 
6538 91 1140 3368 
6539 1140 398 3368 
6540 151 152 3369 
6541 152 1141 3369 
6542 1141 151 3369 
6543 152 398 3370 
6544 398 1141 3370 
6545 1141 152 3370 
6546 398 151 3371 
6547 151 1141 3371 
6548 1141 398 3371 
6549 152 91 3372 
6550 91 1142 3372 
6551 1142 152 3372 
6552 91 398 3373 
6553 398 1142 3373 
6554 1142 91 3373 
6555 398 152 3374 
6556 152 1142 3374 
6557 1142 398 3374 
6558 45 46 3375 
6559 46 1143 3375 
6560 1143 45 3375 
6561 46 399 3376 
6562 399 1143 3376 
6563 1143 46 3376 
6564 399 45 3377 
6565 45 1143 3377 
6566 1143 399 3377 
6567 46 154 3378 
6568 154 1144 3378 
6569 1144 46 3378 
6570 154 399 3379 
6571 399 1144 3379 
6572 1144 154 3379 
6573 399 46 3380 
6574 46 1144 3380 
6575 1144 399 3380 
6576 154 45 3381 
6577 45 1145 3381 
6578 1145 154 3381 
6579 45 399 3382 
6580 399 1145 3382 
6581 1145 45 3382 
6582 399 154 3383 
6583 154 1145 3383 
6584 1145 399 3383 
6585 28 29 3384 
6586 29 1146 3384 
6587 1146 28 3384 
6588 29 400 3385 
6589 400 1146 3385 
6590 1146 29 3385 
6591 400 28 3386 
6592 28 1146 3386 
6593 1146 400 3386 
6594 29 155 3387 
6595 155 1147 3387 
6596 1147 29 3387 
6597 155 400 3388 
6598 400 1147 3388 
6599 1147 155 3388 
6600 400 29 3389 
6601 29 1147 3389 
6602 1147 400 3389 
6603 155 28 3390 
6604 28 1148 3390 
6605 1148 155 3390 
6606 28 400 3391 
6607 400 1148 3391 
6608 1148 28 3391 
6609 400 155 3392 
6610 155 1148 3392 
6611 1148 400 3392 
6612 12 13 3393 
6613 13 1149 3393 
6614 1149 12 3393 
6615 13 401 3394 
6616 401 1149 3394 
6617 1149 13 3394 
6618 401 12 3395 
6619 12 1149 3395 
6620 1149 401 3395 
6621 13 153 3396 
6622 153 1150 3396 
6623 1150 13 3396 
6624 153 401 3397 
6625 401 1150 3397 
6626 1150 153 3397 
6627 401 13 3398 
6628 13 1150 3398 
6629 1150 401 3398 
6630 153 12 3399 
6631 12 1151 3399 
6632 1151 153 3399 
6633 12 401 3400 
6634 401 1151 3400 
6635 1151 12 3400 
6636 401 153 3401 
6637 153 1151 3401 
6638 1151 401 3401 
6639 70 138 3402 
6640 138 1152 3402 
6641 1152 70 3402 
6642 138 402 3403 
6643 402 1152 3403 
6644 1152 138 3403 
6645 402 70 3404 
6646 70 1152 3404 
6647 1152 402 3404 
6648 138 152 3405 
6649 152 1153 3405 
6650 1153 138 3405 
6651 152 402 3406 
6652 402 1153 3406 
6653 1153 152 3406 
6654 402 138 3407 
6655 138 1153 3407 
6656 1153 402 3407 
6657 152 70 3408 
6658 70 1154 3408 
6659 1154 152 3408 
6660 70 402 3409 
6661 402 1154 3409 
6662 1154 70 3409 
6663 402 152 3410 
6664 152 1154 3410 
6665 1154 402 3410 
6666 51 104 3411 
6667 104 1155 3411 
6668 1155 51 3411 
6669 104 403 3412 
6670 403 1155 3412 
6671 1155 104 3412 
6672 403 51 3413 
6673 51 1155 3413 
6674 1155 403 3413 
6675 104 137 3414 
6676 137 1156 3414 
6677 1156 104 3414 
6678 137 403 3415 
6679 403 1156 3415 
6680 1156 137 3415 
6681 403 104 3416 
6682 104 1156 3416 
6683 1156 403 3416 
6684 137 51 3417 
6685 51 1157 3417 
6686 1157 137 3417 
6687 51 403 3418 
6688 403 1157 3418 
6689 1157 51 3418 
6690 403 137 3419 
6691 137 1157 3419 
6692 1157 403 3419 
6693 65 112 3420 
6694 112 1158 3420 
6695 1158 65 3420 
6696 112 404 3421 
6697 404 1158 3421 
6698 1158 112 3421 
6699 404 65 3422 
6700 65 1158 3422 
6701 1158 404 3422 
6702 112 131 3423 
6703 131 1159 3423 
6704 1159 112 3423 
6705 131 404 3424 
6706 404 1159 3424 
6707 1159 131 3424 
6708 404 112 3425 
6709 112 1159 3425 
6710 1159 404 3425 
6711 131 65 3426 
6712 65 1160 3426 
6713 1160 131 3426 
6714 65 404 3427 
6715 404 1160 3427 
6716 1160 65 3427 
6717 404 131 3428 
6718 131 1160 3428 
6719 1160 404 3428 
6720 113 66 3429 
6721 66 1161 3429 
6722 1161 113 3429 
6723 66 405 3430 
6724 405 1161 3430 
6725 1161 66 3430 
6726 405 113 3431 
6727 113 1161 3431 
6728 1161 405 3431 
6729 66 132 3432 
6730 132 1162 3432 
6731 1162 66 3432 
6732 132 405 3433 
6733 405 1162 3433 
6734 1162 132 3433 
6735 405 66 3434 
6736 66 1162 3434 
6737 1162 405 3434 
6738 132 113 3435 
6739 113 1163 3435 
6740 1163 132 3435 
6741 113 405 3436 
6742 405 1163 3436 
6743 1163 113 3436 
6744 405 132 3437 
6745 132 1163 3437 
6746 1163 405 3437 
6747 106 53 3438 
6748 53 1164 3438 
6749 1164 106 3438 
6750 53 406 3439 
6751 406 1164 3439 
6752 1164 53 3439 
6753 406 106 3440 
6754 106 1164 3440 
6755 1164 406 3440 
6756 53 141 3441 
6757 141 1165 3441 
6758 1165 53 3441 
6759 141 406 3442 
6760 406 1165 3442 
6761 1165 141 3442 
6762 406 53 3443 
6763 53 1165 3443 
6764 1165 406 3443 
6765 141 106 3444 
6766 106 1166 3444 
6767 1166 141 3444 
6768 106 406 3445 
6769 406 1166 3445 
6770 1166 106 3445 
6771 406 141 3446 
6772 141 1166 3446 
6773 1166 406 3446 
6774 46 112 3447 
6775 112 1167 3447 
6776 1167 46 3447 
6777 112 407 3448 
6778 407 1167 3448 
6779 1167 112 3448 
6780 407 46 3449 
6781 46 1167 3449 
6782 1167 407 3449 
6783 112 154 3450 
6784 154 1168 3450 
6785 1168 112 3450 
6786 154 407 3451 
6787 407 1168 3451 
6788 1168 154 3451 
6789 407 112 3452 
6790 112 1168 3452 
6791 1168 407 3452 
6792 154 46 3453 
6793 46 1169 3453 
6794 1169 154 3453 
6795 46 407 3454 
6796 407 1169 3454 
6797 1169 46 3454 
6798 407 154 3455 
6799 154 1169 3455 
6800 1169 407 3455 
6801 113 28 3456 
6802 28 1170 3456 
6803 1170 113 3456 
6804 28 408 3457 
6805 408 1170 3457 
6806 1170 28 3457 
6807 408 113 3458 
6808 113 1170 3458 
6809 1170 408 3458 
6810 28 155 3459 
6811 155 1171 3459 
6812 1171 28 3459 
6813 155 408 3460 
6814 408 1171 3460 
6815 1171 155 3460 
6816 408 28 3461 
6817 28 1171 3461 
6818 1171 408 3461 
6819 155 113 3462 
6820 113 1172 3462 
6821 1172 155 3462 
6822 113 408 3463 
6823 408 1172 3463 
6824 1172 113 3463 
6825 408 155 3464 
6826 155 1172 3464 
6827 1172 408 3464 
6828 117 42 3465 
6829 42 1173 3465 
6830 1173 117 3465 
6831 42 409 3466 
6832 409 1173 3466 
6833 1173 42 3466 
6834 409 117 3467 
6835 117 1173 3467 
6836 1173 409 3467 
6837 42 145 3468 
6838 145 1174 3468 
6839 1174 42 3468 
6840 145 409 3469 
6841 409 1174 3469 
6842 1174 145 3469 
6843 409 42 3470 
6844 42 1174 3470 
6845 1174 409 3470 
6846 145 117 3471 
6847 117 1175 3471 
6848 1175 145 3471 
6849 117 409 3472 
6850 409 1175 3472 
6851 1175 117 3472 
6852 409 145 3473 
6853 145 1175 3473 
6854 1175 409 3473 
6855 130 69 3474 
6856 69 1176 3474 
6857 1176 130 3474 
6858 69 410 3475 
6859 410 1176 3475 
6860 1176 69 3475 
6861 410 130 3476 
6862 130 1176 3476 
6863 1176 410 3476 
6864 69 136 3477 
6865 136 1177 3477 
6866 1177 69 3477 
6867 136 410 3478 
6868 410 1177 3478 
6869 1177 136 3478 
6870 410 69 3479 
6871 69 1177 3479 
6872 1177 410 3479 
6873 136 130 3480 
6874 130 1178 3480 
6875 1178 136 3480 
6876 130 410 3481 
6877 410 1178 3481 
6878 1178 130 3481 
6879 410 136 3482 
6880 136 1178 3482 
6881 1178 410 3482 
6882 40 130 3483 
6883 130 1179 3483 
6884 1179 40 3483 
6885 130 411 3484 
6886 411 1179 3484 
6887 1179 130 3484 
6888 411 40 3485 
6889 40 1179 3485 
6890 1179 411 3485 
6891 130 136 3486 
6892 136 1180 3486 
6893 1180 130 3486 
6894 136 411 3487 
6895 411 1180 3487 
6896 1180 136 3487 
6897 411 130 3488 
6898 130 1180 3488 
6899 1180 411 3488 
6900 136 40 3489 
6901 40 1181 3489 
6902 1181 136 3489 
6903 40 411 3490 
6904 411 1181 3490 
6905 1181 40 3490 
6906 411 136 3491 
6907 136 1181 3491 
6908 1181 411 3491 
6909 134 37 3492 
6910 37 1182 3492 
6911 1182 134 3492 
6912 37 412 3493 
6913 412 1182 3493 
6914 1182 37 3493 
6915 412 134 3494 
6916 134 1182 3494 
6917 1182 412 3494 
6918 37 138 3495 
6919 138 1183 3495 
6920 1183 37 3495 
6921 138 412 3496 
6922 412 1183 3496 
6923 1183 138 3496 
6924 412 37 3497 
6925 37 1183 3497 
6926 1183 412 3497 
6927 138 134 3498 
6928 134 1184 3498 
6929 1184 138 3498 
6930 134 412 3499 
6931 412 1184 3499 
6932 1184 134 3499 
6933 412 138 3500 
6934 138 1184 3500 
6935 1184 412 3500 
6936 143 55 3501 
6937 55 1185 3501 
6938 1185 143 3501 
6939 55 413 3502 
6940 413 1185 3502 
6941 1185 55 3502 
6942 413 143 3503 
6943 143 1185 3503 
6944 1185 413 3503 
6945 55 148 3504 
6946 148 1186 3504 
6947 1186 55 3504 
6948 148 413 3505 
6949 413 1186 3505 
6950 1186 148 3505 
6951 413 55 3506 
6952 55 1186 3506 
6953 1186 413 3506 
6954 148 143 3507 
6955 143 1187 3507 
6956 1187 148 3507 
6957 143 413 3508 
6958 413 1187 3508 
6959 1187 143 3508 
6960 413 148 3509 
6961 148 1187 3509 
6962 1187 413 3509 
6963 115 45 3510 
6964 45 1188 3510 
6965 1188 115 3510 
6966 45 414 3511 
6967 414 1188 3511 
6968 1188 45 3511 
6969 414 115 3512 
6970 115 1188 3512 
6971 1188 414 3512 
6972 45 154 3513 
6973 154 1189 3513 
6974 1189 45 3513 
6975 154 414 3514 
6976 414 1189 3514 
6977 1189 154 3514 
6978 414 45 3515 
6979 45 1189 3515 
6980 1189 414 3515 
6981 154 115 3516 
6982 115 1190 3516 
6983 1190 154 3516 
6984 115 414 3517 
6985 414 1190 3517 
6986 1190 115 3517 
6987 414 154 3518 
6988 154 1190 3518 
6989 1190 414 3518 
6990 29 116 3519 
6991 116 1191 3519 
6992 1191 29 3519 
6993 116 415 3520 
6994 415 1191 3520 
6995 1191 116 3520 
6996 415 29 3521 
6997 29 1191 3521 
6998 1191 415 3521 
6999 116 155 3522 
7000 155 1192 3522 
7001 1192 116 3522 
7002 155 415 3523 
7003 415 1192 3523 
7004 1192 155 3523 
7005 415 116 3524 
7006 116 1192 3524 
7007 1192 415 3524 
7008 155 29 3525 
7009 29 1193 3525 
7010 1193 155 3525 
7011 29 415 3526 
7012 415 1193 3526 
7013 1193 29 3526 
7014 415 155 3527 
7015 155 1193 3527 
7016 1193 415 3527 
7017 70 134 3528 
7018 134 1194 3528 
7019 1194 70 3528 
7020 134 416 3529 
7021 416 1194 3529 
7022 1194 134 3529 
7023 416 70 3530 
7024 70 1194 3530 
7025 1194 416 3530 
7026 134 138 3531 
7027 138 1195 3531 
7028 1195 134 3531 
7029 138 416 3532 
7030 416 1195 3532 
7031 1195 138 3532 
7032 416 134 3533 
7033 134 1195 3533 
7034 1195 416 3533 
7035 138 70 3534 
7036 70 1196 3534 
7037 1196 138 3534 
7038 70 416 3535 
7039 416 1196 3535 
7040 1196 70 3535 
7041 416 138 3536 
7042 138 1196 3536 
7043 1196 416 3536 
7044 78 121 3537 
7045 121 1197 3537 
7046 1197 78 3537 
7047 121 417 3538 
7048 417 1197 3538 
7049 1197 121 3538 
7050 417 78 3539 
7051 78 1197 3539 
7052 1197 417 3539 
7053 121 153 3540 
7054 153 1198 3540 
7055 1198 121 3540 
7056 153 417 3541 
7057 417 1198 3541 
7058 1198 153 3541 
7059 417 121 3542 
7060 121 1198 3542 
7061 1198 417 3542 
7062 153 78 3543 
7063 78 1199 3543 
7064 1199 153 3543 
7065 78 417 3544 
7066 417 1199 3544 
7067 1199 78 3544 
7068 417 153 3545 
7069 153 1199 3545 
7070 1199 417 3545 
7071 121 12 3546 
7072 12 1200 3546 
7073 1200 121 3546 
7074 12 418 3547 
7075 418 1200 3547 
7076 1200 12 3547 
7077 418 121 3548 
7078 121 1200 3548 
7079 1200 418 3548 
7080 12 153 3549 
7081 153 1201 3549 
7082 1201 12 3549 
7083 153 418 3550 
7084 418 1201 3550 
7085 1201 153 3550 
7086 418 12 3551 
7087 12 1201 3551 
7088 1201 418 3551 
7089 153 121 3552 
7090 121 1202 3552 
7091 1202 153 3552 
7092 121 418 3553 
7093 418 1202 3553 
7094 1202 121 3553 
7095 418 153 3554 
7096 153 1202 3554 
7097 1202 418 3554 
7098 80 143 3555 
7099 143 1203 3555 
7100 1203 80 3555 
7101 143 419 3556 
7102 419 1203 3556 
7103 1203 143 3556 
7104 419 80 3557 
7105 80 1203 3557 
7106 1203 419 3557 
7107 143 148 3558 
7108 148 1204 3558 
7109 1204 143 3558 
7110 148 419 3559 
7111 419 1204 3559 
7112 1204 148 3559 
7113 419 143 3560 
7114 143 1204 3560 
7115 1204 419 3560 
7116 148 80 3561 
7117 80 1205 3561 
7118 1205 148 3561 
7119 80 419 3562 
7120 419 1205 3562 
7121 1205 80 3562 
7122 419 148 3563 
7123 148 1205 3563 
7124 1205 419 3563 
$EndElements
