$MeshFormat
4.1 0 8
$EndMeshFormat
$PhysicalNames
5
1 1 "Left"
1 2 "Right"
1 3 "Bottom"
1 4 "Top"
2 5 "Fluid"
$EndPhysicalNames
$Entities
0 4 1 0
1 0 0 0 40 0 0 1 3 0 
2 40 0 0 40 10 0 1 2 0 
3 0 10 0 40 10 0 1 4 0 
4 0 0 0 0 10 0 1 1 0 
1 0 0 0 40 10 0 1 5 0 
$EndEntities
$Nodes
5 4731 1 4731
1 1 0 41
1
2
3
4
5
6
7
8
9
10
11
12
13
14
15
16
17
18
19
20
21
22
23
24
25
26
27
28
29
30
31
32
33
34
35
36
37
38
39
40
41
0 0 0
40 0 0
0.999999999999276 0 0
1.999999999998205 0 0
2.999999999997454 0 0
3.999999999996757 0 0
4.999999999995886 0 0
5.999999999993141 0 0
6.999999999990224 0 0
7.999999999987307 0 0
8.999999999984389 0 0
9.999999999981473 0 0
10.99999999997856 0 0
11.99999999997564 0 0
12.99999999997272 0 0
13.9999999999698 0 0
14.99999999996689 0 0
15.99999999996411 0 0
16.99999999996507 0 0
17.9999999999666 0 0
18.99999999996812 0 0
19.99999999996964 0 0
20.99999999997116 0 0
21.99999999997269 0 0
22.99999999997421 0 0
23.99999999997573 0 0
24.99999999997726 0 0
25.99999999997878 0 0
26.9999999999803 0 0
27.99999999998182 0 0
28.99999999998334 0 0
29.99999999998487 0 0
30.99999999998639 0 0
31.99999999998791 0 0
32.99999999998942 0 0
33.99999999999093 0 0
34.99999999999245 0 0
35.99999999999396 0 0
36.99999999999547 0 0
37.99999999999698 0 0
38.99999999999849 0 0
1 2 0 10
42
43
44
45
46
47
48
49
50
51
40 10 0
40 0.9999999999991893 0
40 1.999999999996827 0
40 2.99999999999391 0
40 3.999999999991027 0
40 4.999999999992411 0
40 5.999999999993932 0
40 6.999999999995455 0
40 7.999999999996978 0
40 8.99999999999849 0
1 3 0 40
52
53
54
55
56
57
58
59
60
61
62
63
64
65
66
67
68
69
70
71
72
73
74
75
76
77
78
79
80
81
82
83
84
85
86
87
88
89
90
91
0 10 0
39 10 0
37.99999999999999 10 0
36.99999999999999 10 0
35.99999999999999 10 0
34.99999999999999 10 0
33.99999999999999 10 0
32.99999999999999 10 0
31.99999999999998 10 0
30.99999999999998 10 0
29.99999999999998 10 0
28.99999999999998 10 0
27.99999999999998 10 0
26.99999999999997 10 0
25.99999999999997 10 0
24.99999999999997 10 0
23.99999999999996 10 0
22.99999999999996 10 0
21.99999999999996 10 0
20.99999999999996 10 0
19.99999999999996 10 0
18.99999999999996 10 0
17.99999999999995 10 0
16.99999999999995 10 0
15.99999999999995 10 0
14.99999999999995 10 0
13.99999999999995 10 0
12.99999999999994 10 0
11.99999999999994 10 0
10.99999999999994 10 0
9.999999999999936 10 0
8.999999999999936 10 0
7.999999999999929 10 0
6.999999999999936 10 0
5.99999999999995 10 0
4.999999999999957 10 0
3.999999999999964 10 0
2.999999999999972 10 0
1.999999999999986 10 0
0.9999999999999858 10 0
1 4 0 9
92
93
94
95
96
97
98
99
100
0 8.999999999999998 0
0 7.999999999999996 0
0 6.999999999999994 0
0 5.999999999999991 0
0 4.999999999999989 0
0 3.999999999999988 0
0 2.999999999999985 0
0 1.999999999999982 0
0 0.9999999999999911 0
2 1 0 4631
101
102
103
104
105
106
107
108
109
110
111
112
113
114
115
116
117
118
119
120
121
122
123
124
125
126
127
128
129
130
131
132
133
134
135
136
137
138
139
140
141
142
143
144
145
146
147
148
149
150
151
152
153
154
155
156
157
158
159
160
161
162
163
164
165
166
167
168
169
170
171
172
173
174
175
176
177
178
179
180
181
182
183
184
185
186
187
188
189
190
191
192
193
194
195
196
197
198
199
200
201
202
203
204
205
206
207
208
209
210
211
212
213
214
215
216
217
218
219
220
221
222
223
224
225
226
227
228
229
230
231
232
233
234
235
236
237
238
239
240
241
242
243
244
245
246
247
248
249
250
251
252
253
254
255
256
257
258
259
260
261
262
263
264
265
266
267
268
269
270
271
272
273
274
275
276
277
278
279
280
281
282
283
284
285
286
287
288
289
290
291
292
293
294
295
296
297
298
299
300
301
302
303
304
305
306
307
308
309
310
311
312
313
314
315
316
317
318
319
320
321
322
323
324
325
326
327
328
329
330
331
332
333
334
335
336
337
338
339
340
341
342
343
344
345
346
347
348
349
350
351
352
353
354
355
356
357
358
359
360
361
362
363
364
365
366
367
368
369
370
371
372
373
374
375
376
377
378
379
380
381
382
383
384
385
386
387
388
389
390
391
392
393
394
395
396
397
398
399
400
401
402
403
404
405
406
407
408
409
410
411
412
413
414
415
416
417
418
419
420
421
422
423
424
425
426
427
428
429
430
431
432
433
434
435
436
437
438
439
440
441
442
443
444
445
446
447
448
449
450
451
452
453
454
455
456
457
458
459
460
461
462
463
464
465
466
467
468
469
470
471
472
473
474
475
476
477
478
479
480
481
482
483
484
485
486
487
488
489
490
491
492
493
494
495
496
497
498
499
500
501
502
503
504
505
506
507
508
509
510
511
512
513
514
515
516
517
518
519
520
521
522
523
524
525
526
527
528
529
530
531
532
533
534
535
536
537
538
539
540
541
542
543
544
545
546
547
548
549
550
551
552
553
554
555
556
557
558
559
560
561
562
563
564
565
566
567
568
569
570
571
572
573
574
575
576
577
578
579
580
581
582
583
584
585
586
587
588
589
590
591
592
593
594
595
596
597
598
599
600
601
602
603
604
605
606
607
608
609
610
611
612
613
614
615
616
617
618
619
620
621
622
623
624
625
626
627
628
629
630
631
632
633
634
635
636
637
638
639
640
641
642
643
644
645
646
647
648
649
650
651
652
653
654
655
656
657
658
659
660
661
662
663
664
665
666
667
668
669
670
671
672
673
674
675
676
677
678
679
680
681
682
683
684
685
686
687
688
689
690
691
692
693
694
695
696
697
698
699
700
701
702
703
704
705
706
707
708
709
710
711
712
713
714
715
716
717
718
719
720
721
722
723
724
725
726
727
728
729
730
731
732
733
734
735
736
737
738
739
740
741
742
743
744
745
746
747
748
749
750
751
752
753
754
755
756
757
758
759
760
761
762
763
764
765
766
767
768
769
770
771
772
773
774
775
776
777
778
779
780
781
782
783
784
785
786
787
788
789
790
791
792
793
794
795
796
797
798
799
800
801
802
803
804
805
806
807
808
809
810
811
812
813
814
815
816
817
818
819
820
821
822
823
824
825
826
827
828
829
830
831
832
833
834
835
836
837
838
839
840
841
842
843
844
845
846
847
848
849
850
851
852
853
854
855
856
857
858
859
860
861
862
863
864
865
866
867
868
869
870
871
872
873
874
875
876
877
878
879
880
881
882
883
884
885
886
887
888
889
890
891
892
893
894
895
896
897
898
899
900
901
902
903
904
905
906
907
908
909
910
911
912
913
914
915
916
917
918
919
920
921
922
923
924
925
926
927
928
929
930
931
932
933
934
935
936
937
938
939
940
941
942
943
944
945
946
947
948
949
950
951
952
953
954
955
956
957
958
959
960
961
962
963
964
965
966
967
968
969
970
971
972
973
974
975
976
977
978
979
980
981
982
983
984
985
986
987
988
989
990
991
992
993
994
995
996
997
998
999
1000
1001
1002
1003
1004
1005
1006
1007
1008
1009
1010
1011
1012
1013
1014
1015
1016
1017
1018
1019
1020
1021
1022
1023
1024
1025
1026
1027
1028
1029
1030
1031
1032
1033
1034
1035
1036
1037
1038
1039
1040
1041
1042
1043
1044
1045
1046
1047
1048
1049
1050
1051
1052
1053
1054
1055
1056
1057
1058
1059
1060
1061
1062
1063
1064
1065
1066
1067
1068
1069
1070
1071
1072
1073
1074
1075
1076
1077
1078
1079
1080
1081
1082
1083
1084
1085
1086
1087
1088
1089
1090
1091
1092
1093
1094
1095
1096
1097
1098
1099
1100
1101
1102
1103
1104
1105
1106
1107
1108
1109
1110
1111
1112
1113
1114
1115
1116
1117
1118
1119
1120
1121
1122
1123
1124
1125
1126
1127
1128
1129
1130
1131
1132
1133
1134
1135
1136
1137
1138
1139
1140
1141
1142
1143
1144
1145
1146
1147
1148
1149
1150
1151
1152
1153
1154
1155
1156
1157
1158
1159
1160
1161
1162
1163
1164
1165
1166
1167
1168
1169
1170
1171
1172
1173
1174
1175
1176
1177
1178
1179
1180
1181
1182
1183
1184
1185
1186
1187
1188
1189
1190
1191
1192
1193
1194
1195
1196
1197
1198
1199
1200
1201
1202
1203
1204
1205
1206
1207
1208
1209
1210
1211
1212
1213
1214
1215
1216
1217
1218
1219
1220
1221
1222
1223
1224
1225
1226
1227
1228
1229
1230
1231
1232
1233
1234
1235
1236
1237
1238
1239
1240
1241
1242
1243
1244
1245
1246
1247
1248
1249
1250
1251
1252
1253
1254
1255
1256
1257
1258
1259
1260
1261
1262
1263
1264
1265
1266
1267
1268
1269
1270
1271
1272
1273
1274
1275
1276
1277
1278
1279
1280
1281
1282
1283
1284
1285
1286
1287
1288
1289
1290
1291
1292
1293
1294
1295
1296
1297
1298
1299
1300
1301
1302
1303
1304
1305
1306
1307
1308
1309
1310
1311
1312
1313
1314
1315
1316
1317
1318
1319
1320
1321
1322
1323
1324
1325
1326
1327
1328
1329
1330
1331
1332
1333
1334
1335
1336
1337
1338
1339
1340
1341
1342
1343
1344
1345
1346
1347
1348
1349
1350
1351
1352
1353
1354
1355
1356
1357
1358
1359
1360
1361
1362
1363
1364
1365
1366
1367
1368
1369
1370
1371
1372
1373
1374
1375
1376
1377
1378
1379
1380
1381
1382
1383
1384
1385
1386
1387
1388
1389
1390
1391
1392
1393
1394
1395
1396
1397
1398
1399
1400
1401
1402
1403
1404
1405
1406
1407
1408
1409
1410
1411
1412
1413
1414
1415
1416
1417
1418
1419
1420
1421
1422
1423
1424
1425
1426
1427
1428
1429
1430
1431
1432
1433
1434
1435
1436
1437
1438
1439
1440
1441
1442
1443
1444
1445
1446
1447
1448
1449
1450
1451
1452
1453
1454
1455
1456
1457
1458
1459
1460
1461
1462
1463
1464
1465
1466
1467
1468
1469
1470
1471
1472
1473
1474
1475
1476
1477
1478
1479
1480
1481
1482
1483
1484
1485
1486
1487
1488
1489
1490
1491
1492
1493
1494
1495
1496
1497
1498
1499
1500
1501
1502
1503
1504
1505
1506
1507
1508
1509
1510
1511
1512
1513
1514
1515
1516
1517
1518
1519
1520
1521
1522
1523
1524
1525
1526
1527
1528
1529
1530
1531
1532
1533
1534
1535
1536
1537
1538
1539
1540
1541
1542
1543
1544
1545
1546
1547
1548
1549
1550
1551
1552
1553
1554
1555
1556
1557
1558
1559
1560
1561
1562
1563
1564
1565
1566
1567
1568
1569
1570
1571
1572
1573
1574
1575
1576
1577
1578
1579
1580
1581
1582
1583
1584
1585
1586
1587
1588
1589
1590
1591
1592
1593
1594
1595
1596
1597
1598
1599
1600
1601
1602
1603
1604
1605
1606
1607
1608
1609
1610
1611
1612
1613
1614
1615
1616
1617
1618
1619
1620
1621
1622
1623
1624
1625
1626
1627
1628
1629
1630
1631
1632
1633
1634
1635
1636
1637
1638
1639
1640
1641
1642
1643
1644
1645
1646
1647
1648
1649
1650
1651
1652
1653
1654
1655
1656
1657
1658
1659
1660
1661
1662
1663
1664
1665
1666
1667
1668
1669
1670
1671
1672
1673
1674
1675
1676
1677
1678
1679
1680
1681
1682
1683
1684
1685
1686
1687
1688
1689
1690
1691
1692
1693
1694
1695
1696
1697
1698
1699
1700
1701
1702
1703
1704
1705
1706
1707
1708
1709
1710
1711
1712
1713
1714
1715
1716
1717
1718
1719
1720
1721
1722
1723
1724
1725
1726
1727
1728
1729
1730
1731
1732
1733
1734
1735
1736
1737
1738
1739
1740
1741
1742
1743
1744
1745
1746
1747
1748
1749
1750
1751
1752
1753
1754
1755
1756
1757
1758
1759
1760
1761
1762
1763
1764
1765
1766
1767
1768
1769
1770
1771
1772
1773
1774
1775
1776
1777
1778
1779
1780
1781
1782
1783
1784
1785
1786
1787
1788
1789
1790
1791
1792
1793
1794
1795
1796
1797
1798
1799
1800
1801
1802
1803
1804
1805
1806
1807
1808
1809
1810
1811
1812
1813
1814
1815
1816
1817
1818
1819
1820
1821
1822
1823
1824
1825
1826
1827
1828
1829
1830
1831
1832
1833
1834
1835
1836
1837
1838
1839
1840
1841
1842
1843
1844
1845
1846
1847
1848
1849
1850
1851
1852
1853
1854
1855
1856
1857
1858
1859
1860
1861
1862
1863
1864
1865
1866
1867
1868
1869
1870
1871
1872
1873
1874
1875
1876
1877
1878
1879
1880
1881
1882
1883
1884
1885
1886
1887
1888
1889
1890
1891
1892
1893
1894
1895
1896
1897
1898
1899
1900
1901
1902
1903
1904
1905
1906
1907
1908
1909
1910
1911
1912
1913
1914
1915
1916
1917
1918
1919
1920
1921
1922
1923
1924
1925
1926
1927
1928
1929
1930
1931
1932
1933
1934
1935
1936
1937
1938
1939
1940
1941
1942
1943
1944
1945
1946
1947
1948
1949
1950
1951
1952
1953
1954
1955
1956
1957
1958
1959
1960
1961
1962
1963
1964
1965
1966
1967
1968
1969
1970
1971
1972
1973
1974
1975
1976
1977
1978
1979
1980
1981
1982
1983
1984
1985
1986
1987
1988
1989
1990
1991
1992
1993
1994
1995
1996
1997
1998
1999
2000
2001
2002
2003
2004
2005
2006
2007
2008
2009
2010
2011
2012
2013
2014
2015
2016
2017
2018
2019
2020
2021
2022
2023
2024
2025
2026
2027
2028
2029
2030
2031
2032
2033
2034
2035
2036
2037
2038
2039
2040
2041
2042
2043
2044
2045
2046
2047
2048
2049
2050
2051
2052
2053
2054
2055
2056
2057
2058
2059
2060
2061
2062
2063
2064
2065
2066
2067
2068
2069
2070
2071
2072
2073
2074
2075
2076
2077
2078
2079
2080
2081
2082
2083
2084
2085
2086
2087
2088
2089
2090
2091
2092
2093
2094
2095
2096
2097
2098
2099
2100
2101
2102
2103
2104
2105
2106
2107
2108
2109
2110
2111
2112
2113
2114
2115
2116
2117
2118
2119
2120
2121
2122
2123
2124
2125
2126
2127
2128
2129
2130
2131
2132
2133
2134
2135
2136
2137
2138
2139
2140
2141
2142
2143
2144
2145
2146
2147
2148
2149
2150
2151
2152
2153
2154
2155
2156
2157
2158
2159
2160
2161
2162
2163
2164
2165
2166
2167
2168
2169
2170
2171
2172
2173
2174
2175
2176
2177
2178
2179
2180
2181
2182
2183
2184
2185
2186
2187
2188
2189
2190
2191
2192
2193
2194
2195
2196
2197
2198
2199
2200
2201
2202
2203
2204
2205
2206
2207
2208
2209
2210
2211
2212
2213
2214
2215
2216
2217
2218
2219
2220
2221
2222
2223
2224
2225
2226
2227
2228
2229
2230
2231
2232
2233
2234
2235
2236
2237
2238
2239
2240
2241
2242
2243
2244
2245
2246
2247
2248
2249
2250
2251
2252
2253
2254
2255
2256
2257
2258
2259
2260
2261
2262
2263
2264
2265
2266
2267
2268
2269
2270
2271
2272
2273
2274
2275
2276
2277
2278
2279
2280
2281
2282
2283
2284
2285
2286
2287
2288
2289
2290
2291
2292
2293
2294
2295
2296
2297
2298
2299
2300
2301
2302
2303
2304
2305
2306
2307
2308
2309
2310
2311
2312
2313
2314
2315
2316
2317
2318
2319
2320
2321
2322
2323
2324
2325
2326
2327
2328
2329
2330
2331
2332
2333
2334
2335
2336
2337
2338
2339
2340
2341
2342
2343
2344
2345
2346
2347
2348
2349
2350
2351
2352
2353
2354
2355
2356
2357
2358
2359
2360
2361
2362
2363
2364
2365
2366
2367
2368
2369
2370
2371
2372
2373
2374
2375
2376
2377
2378
2379
2380
2381
2382
2383
2384
2385
2386
2387
2388
2389
2390
2391
2392
2393
2394
2395
2396
2397
2398
2399
2400
2401
2402
2403
2404
2405
2406
2407
2408
2409
2410
2411
2412
2413
2414
2415
2416
2417
2418
2419
2420
2421
2422
2423
2424
2425
2426
2427
2428
2429
2430
2431
2432
2433
2434
2435
2436
2437
2438
2439
2440
2441
2442
2443
2444
2445
2446
2447
2448
2449
2450
2451
2452
2453
2454
2455
2456
2457
2458
2459
2460
2461
2462
2463
2464
2465
2466
2467
2468
2469
2470
2471
2472
2473
2474
2475
2476
2477
2478
2479
2480
2481
2482
2483
2484
2485
2486
2487
2488
2489
2490
2491
2492
2493
2494
2495
2496
2497
2498
2499
2500
2501
2502
2503
2504
2505
2506
2507
2508
2509
2510
2511
2512
2513
2514
2515
2516
2517
2518
2519
2520
2521
2522
2523
2524
2525
2526
2527
2528
2529
2530
2531
2532
2533
2534
2535
2536
2537
2538
2539
2540
2541
2542
2543
2544
2545
2546
2547
2548
2549
2550
2551
2552
2553
2554
2555
2556
2557
2558
2559
2560
2561
2562
2563
2564
2565
2566
2567
2568
2569
2570
2571
2572
2573
2574
2575
2576
2577
2578
2579
2580
2581
2582
2583
2584
2585
2586
2587
2588
2589
2590
2591
2592
2593
2594
2595
2596
2597
2598
2599
2600
2601
2602
2603
2604
2605
2606
2607
2608
2609
2610
2611
2612
2613
2614
2615
2616
2617
2618
2619
2620
2621
2622
2623
2624
2625
2626
2627
2628
2629
2630
2631
2632
2633
2634
2635
2636
2637
2638
2639
2640
2641
2642
2643
2644
2645
2646
2647
2648
2649
2650
2651
2652
2653
2654
2655
2656
2657
2658
2659
2660
2661
2662
2663
2664
2665
2666
2667
2668
2669
2670
2671
2672
2673
2674
2675
2676
2677
2678
2679
2680
2681
2682
2683
2684
2685
2686
2687
2688
2689
2690
2691
2692
2693
2694
2695
2696
2697
2698
2699
2700
2701
2702
2703
2704
2705
2706
2707
2708
2709
2710
2711
2712
2713
2714
2715
2716
2717
2718
2719
2720
2721
2722
2723
2724
2725
2726
2727
2728
2729
2730
2731
2732
2733
2734
2735
2736
2737
2738
2739
2740
2741
2742
2743
2744
2745
2746
2747
2748
2749
2750
2751
2752
2753
2754
2755
2756
2757
2758
2759
2760
2761
2762
2763
2764
2765
2766
2767
2768
2769
2770
2771
2772
2773
2774
2775
2776
2777
2778
2779
2780
2781
2782
2783
2784
2785
2786
2787
2788
2789
2790
2791
2792
2793
2794
2795
2796
2797
2798
2799
2800
2801
2802
2803
2804
2805
2806
2807
2808
2809
2810
2811
2812
2813
2814
2815
2816
2817
2818
2819
2820
2821
2822
2823
2824
2825
2826
2827
2828
2829
2830
2831
2832
2833
2834
2835
2836
2837
2838
2839
2840
2841
2842
2843
2844
2845
2846
2847
2848
2849
2850
2851
2852
2853
2854
2855
2856
2857
2858
2859
2860
2861
2862
2863
2864
2865
2866
2867
2868
2869
2870
2871
2872
2873
2874
2875
2876
2877
2878
2879
2880
2881
2882
2883
2884
2885
2886
2887
2888
2889
2890
2891
2892
2893
2894
2895
2896
2897
2898
2899
2900
2901
2902
2903
2904
2905
2906
2907
2908
2909
2910
2911
2912
2913
2914
2915
2916
2917
2918
2919
2920
2921
2922
2923
2924
2925
2926
2927
2928
2929
2930
2931
2932
2933
2934
2935
2936
2937
2938
2939
2940
2941
2942
2943
2944
2945
2946
2947
2948
2949
2950
2951
2952
2953
2954
2955
2956
2957
2958
2959
2960
2961
2962
2963
2964
2965
2966
2967
2968
2969
2970
2971
2972
2973
2974
2975
2976
2977
2978
2979
2980
2981
2982
2983
2984
2985
2986
2987
2988
2989
2990
2991
2992
2993
2994
2995
2996
2997
2998
2999
3000
3001
3002
3003
3004
3005
3006
3007
3008
3009
3010
3011
3012
3013
3014
3015
3016
3017
3018
3019
3020
3021
3022
3023
3024
3025
3026
3027
3028
3029
3030
3031
3032
3033
3034
3035
3036
3037
3038
3039
3040
3041
3042
3043
3044
3045
3046
3047
3048
3049
3050
3051
3052
3053
3054
3055
3056
3057
3058
3059
3060
3061
3062
3063
3064
3065
3066
3067
3068
3069
3070
3071
3072
3073
3074
3075
3076
3077
3078
3079
3080
3081
3082
3083
3084
3085
3086
3087
3088
3089
3090
3091
3092
3093
3094
3095
3096
3097
3098
3099
3100
3101
3102
3103
3104
3105
3106
3107
3108
3109
3110
3111
3112
3113
3114
3115
3116
3117
3118
3119
3120
3121
3122
3123
3124
3125
3126
3127
3128
3129
3130
3131
3132
3133
3134
3135
3136
3137
3138
3139
3140
3141
3142
3143
3144
3145
3146
3147
3148
3149
3150
3151
3152
3153
3154
3155
3156
3157
3158
3159
3160
3161
3162
3163
3164
3165
3166
3167
3168
3169
3170
3171
3172
3173
3174
3175
3176
3177
3178
3179
3180
3181
3182
3183
3184
3185
3186
3187
3188
3189
3190
3191
3192
3193
3194
3195
3196
3197
3198
3199
3200
3201
3202
3203
3204
3205
3206
3207
3208
3209
3210
3211
3212
3213
3214
3215
3216
3217
3218
3219
3220
3221
3222
3223
3224
3225
3226
3227
3228
3229
3230
3231
3232
3233
3234
3235
3236
3237
3238
3239
3240
3241
3242
3243
3244
3245
3246
3247
3248
3249
3250
3251
3252
3253
3254
3255
3256
3257
3258
3259
3260
3261
3262
3263
3264
3265
3266
3267
3268
3269
3270
3271
3272
3273
3274
3275
3276
3277
3278
3279
3280
3281
3282
3283
3284
3285
3286
3287
3288
3289
3290
3291
3292
3293
3294
3295
3296
3297
3298
3299
3300
3301
3302
3303
3304
3305
3306
3307
3308
3309
3310
3311
3312
3313
3314
3315
3316
3317
3318
3319
3320
3321
3322
3323
3324
3325
3326
3327
3328
3329
3330
3331
3332
3333
3334
3335
3336
3337
3338
3339
3340
3341
3342
3343
3344
3345
3346
3347
3348
3349
3350
3351
3352
3353
3354
3355
3356
3357
3358
3359
3360
3361
3362
3363
3364
3365
3366
3367
3368
3369
3370
3371
3372
3373
3374
3375
3376
3377
3378
3379
3380
3381
3382
3383
3384
3385
3386
3387
3388
3389
3390
3391
3392
3393
3394
3395
3396
3397
3398
3399
3400
3401
3402
3403
3404
3405
3406
3407
3408
3409
3410
3411
3412
3413
3414
3415
3416
3417
3418
3419
3420
3421
3422
3423
3424
3425
3426
3427
3428
3429
3430
3431
3432
3433
3434
3435
3436
3437
3438
3439
3440
3441
3442
3443
3444
3445
3446
3447
3448
3449
3450
3451
3452
3453
3454
3455
3456
3457
3458
3459
3460
3461
3462
3463
3464
3465
3466
3467
3468
3469
3470
3471
3472
3473
3474
3475
3476
3477
3478
3479
3480
3481
3482
3483
3484
3485
3486
3487
3488
3489
3490
3491
3492
3493
3494
3495
3496
3497
3498
3499
3500
3501
3502
3503
3504
3505
3506
3507
3508
3509
3510
3511
3512
3513
3514
3515
3516
3517
3518
3519
3520
3521
3522
3523
3524
3525
3526
3527
3528
3529
3530
3531
3532
3533
3534
3535
3536
3537
3538
3539
3540
3541
3542
3543
3544
3545
3546
3547
3548
3549
3550
3551
3552
3553
3554
3555
3556
3557
3558
3559
3560
3561
3562
3563
3564
3565
3566
3567
3568
3569
3570
3571
3572
3573
3574
3575
3576
3577
3578
3579
3580
3581
3582
3583
3584
3585
3586
3587
3588
3589
3590
3591
3592
3593
3594
3595
3596
3597
3598
3599
3600
3601
3602
3603
3604
3605
3606
3607
3608
3609
3610
3611
3612
3613
3614
3615
3616
3617
3618
3619
3620
3621
3622
3623
3624
3625
3626
3627
3628
3629
3630
3631
3632
3633
3634
3635
3636
3637
3638
3639
3640
3641
3642
3643
3644
3645
3646
3647
3648
3649
3650
3651
3652
3653
3654
3655
3656
3657
3658
3659
3660
3661
3662
3663
3664
3665
3666
3667
3668
3669
3670
3671
3672
3673
3674
3675
3676
3677
3678
3679
3680
3681
3682
3683
3684
3685
3686
3687
3688
3689
3690
3691
3692
3693
3694
3695
3696
3697
3698
3699
3700
3701
3702
3703
3704
3705
3706
3707
3708
3709
3710
3711
3712
3713
3714
3715
3716
3717
3718
3719
3720
3721
3722
3723
3724
3725
3726
3727
3728
3729
3730
3731
3732
3733
3734
3735
3736
3737
3738
3739
3740
3741
3742
3743
3744
3745
3746
3747
3748
3749
3750
3751
3752
3753
3754
3755
3756
3757
3758
3759
3760
3761
3762
3763
3764
3765
3766
3767
3768
3769
3770
3771
3772
3773
3774
3775
3776
3777
3778
3779
3780
3781
3782
3783
3784
3785
3786
3787
3788
3789
3790
3791
3792
3793
3794
3795
3796
3797
3798
3799
3800
3801
3802
3803
3804
3805
3806
3807
3808
3809
3810
3811
3812
3813
3814
3815
3816
3817
3818
3819
3820
3821
3822
3823
3824
3825
3826
3827
3828
3829
3830
3831
3832
3833
3834
3835
3836
3837
3838
3839
3840
3841
3842
3843
3844
3845
3846
3847
3848
3849
3850
3851
3852
3853
3854
3855
3856
3857
3858
3859
3860
3861
3862
3863
3864
3865
3866
3867
3868
3869
3870
3871
3872
3873
3874
3875
3876
3877
3878
3879
3880
3881
3882
3883
3884
3885
3886
3887
3888
3889
3890
3891
3892
3893
3894
3895
3896
3897
3898
3899
3900
3901
3902
3903
3904
3905
3906
3907
3908
3909
3910
3911
3912
3913
3914
3915
3916
3917
3918
3919
3920
3921
3922
3923
3924
3925
3926
3927
3928
3929
3930
3931
3932
3933
3934
3935
3936
3937
3938
3939
3940
3941
3942
3943
3944
3945
3946
3947
3948
3949
3950
3951
3952
3953
3954
3955
3956
3957
3958
3959
3960
3961
3962
3963
3964
3965
3966
3967
3968
3969
3970
3971
3972
3973
3974
3975
3976
3977
3978
3979
3980
3981
3982
3983
3984
3985
3986
3987
3988
3989
3990
3991
3992
3993
3994
3995
3996
3997
3998
3999
4000
4001
4002
4003
4004
4005
4006
4007
4008
4009
4010
4011
4012
4013
4014
4015
4016
4017
4018
4019
4020
4021
4022
4023
4024
4025
4026
4027
4028
4029
4030
4031
4032
4033
4034
4035
4036
4037
4038
4039
4040
4041
4042
4043
4044
4045
4046
4047
4048
4049
4050
4051
4052
4053
4054
4055
4056
4057
4058
4059
4060
4061
4062
4063
4064
4065
4066
4067
4068
4069
4070
4071
4072
4073
4074
4075
4076
4077
4078
4079
4080
4081
4082
4083
4084
4085
4086
4087
4088
4089
4090
4091
4092
4093
4094
4095
4096
4097
4098
4099
4100
4101
4102
4103
4104
4105
4106
4107
4108
4109
4110
4111
4112
4113
4114
4115
4116
4117
4118
4119
4120
4121
4122
4123
4124
4125
4126
4127
4128
4129
4130
4131
4132
4133
4134
4135
4136
4137
4138
4139
4140
4141
4142
4143
4144
4145
4146
4147
4148
4149
4150
4151
4152
4153
4154
4155
4156
4157
4158
4159
4160
4161
4162
4163
4164
4165
4166
4167
4168
4169
4170
4171
4172
4173
4174
4175
4176
4177
4178
4179
4180
4181
4182
4183
4184
4185
4186
4187
4188
4189
4190
4191
4192
4193
4194
4195
4196
4197
4198
4199
4200
4201
4202
4203
4204
4205
4206
4207
4208
4209
4210
4211
4212
4213
4214
4215
4216
4217
4218
4219
4220
4221
4222
4223
4224
4225
4226
4227
4228
4229
4230
4231
4232
4233
4234
4235
4236
4237
4238
4239
4240
4241
4242
4243
4244
4245
4246
4247
4248
4249
4250
4251
4252
4253
4254
4255
4256
4257
4258
4259
4260
4261
4262
4263
4264
4265
4266
4267
4268
4269
4270
4271
4272
4273
4274
4275
4276
4277
4278
4279
4280
4281
4282
4283
4284
4285
4286
4287
4288
4289
4290
4291
4292
4293
4294
4295
4296
4297
4298
4299
4300
4301
4302
4303
4304
4305
4306
4307
4308
4309
4310
4311
4312
4313
4314
4315
4316
4317
4318
4319
4320
4321
4322
4323
4324
4325
4326
4327
4328
4329
4330
4331
4332
4333
4334
4335
4336
4337
4338
4339
4340
4341
4342
4343
4344
4345
4346
4347
4348
4349
4350
4351
4352
4353
4354
4355
4356
4357
4358
4359
4360
4361
4362
4363
4364
4365
4366
4367
4368
4369
4370
4371
4372
4373
4374
4375
4376
4377
4378
4379
4380
4381
4382
4383
4384
4385
4386
4387
4388
4389
4390
4391
4392
4393
4394
4395
4396
4397
4398
4399
4400
4401
4402
4403
4404
4405
4406
4407
4408
4409
4410
4411
4412
4413
4414
4415
4416
4417
4418
4419
4420
4421
4422
4423
4424
4425
4426
4427
4428
4429
4430
4431
4432
4433
4434
4435
4436
4437
4438
4439
4440
4441
4442
4443
4444
4445
4446
4447
4448
4449
4450
4451
4452
4453
4454
4455
4456
4457
4458
4459
4460
4461
4462
4463
4464
4465
4466
4467
4468
4469
4470
4471
4472
4473
4474
4475
4476
4477
4478
4479
4480
4481
4482
4483
4484
4485
4486
4487
4488
4489
4490
4491
4492
4493
4494
4495
4496
4497
4498
4499
4500
4501
4502
4503
4504
4505
4506
4507
4508
4509
4510
4511
4512
4513
4514
4515
4516
4517
4518
4519
4520
4521
4522
4523
4524
4525
4526
4527
4528
4529
4530
4531
4532
4533
4534
4535
4536
4537
4538
4539
4540
4541
4542
4543
4544
4545
4546
4547
4548
4549
4550
4551
4552
4553
4554
4555
4556
4557
4558
4559
4560
4561
4562
4563
4564
4565
4566
4567
4568
4569
4570
4571
4572
4573
4574
4575
4576
4577
4578
4579
4580
4581
4582
4583
4584
4585
4586
4587
4588
4589
4590
4591
4592
4593
4594
4595
4596
4597
4598
4599
4600
4601
4602
4603
4604
4605
4606
4607
4608
4609
4610
4611
4612
4613
4614
4615
4616
4617
4618
4619
4620
4621
4622
4623
4624
4625
4626
4627
4628
4629
4630
4631
4632
4633
4634
4635
4636
4637
4638
4639
4640
4641
4642
4643
4644
4645
4646
4647
4648
4649
4650
4651
4652
4653
4654
4655
4656
4657
4658
4659
4660
4661
4662
4663
4664
4665
4666
4667
4668
4669
4670
4671
4672
4673
4674
4675
4676
4677
4678
4679
4680
4681
4682
4683
4684
4685
4686
4687
4688
4689
4690
4691
4692
4693
4694
4695
4696
4697
4698
4699
4700
4701
4702
4703
4704
4705
4706
4707
4708
4709
4710
4711
4712
4713
4714
4715
4716
4717
4718
4719
4720
4721
4722
4723
4724
4725
4726
4727
4728
4729
4730
4731
6.502703454473432 5.010509460685944 0
12.49999999997419 4.999999999998785 0
34.51427421235928 5.133333699280009 0
28.64220300810908 5.133461702114575 0
22.71350291200751 5.068245248596682 0
17.55528409528019 5.079210304490539 0
3.443665485127661 3.388912384395192 0
9.447623649053181 3.401799298197357 0
31.5 6.625000000000241 0
25.55259918404059 6.59887892156001 0
9.478761407753803 6.837878979227359 0
25.52123859223006 3.162121020774279 0
31.53463087116527 3.164892902722014 0
3.499999999999968 6.731839715750358 0
15.00941396506297 3.129706982543922 0
19.99058603491212 3.129706982544461 0
14.98886166698018 6.913814485626133 0
20.03946427996148 6.850611354658874 0
36.91666666666671 3.083333333333567 0
36.91666666666667 6.916666666666815 0
5.953411740566589 2.684970998438682 0
12.0625366979665 2.376089103542462 0
33.82374461318798 7.634404029803359 0
29.1026896472783 7.433142859558583 0
22.94022116603681 7.625938376806022 0
17.52364678800138 2.52297190505843 0
6.985127716565613 7.388279302050498 0
11.91779594323141 7.466779594325547 0
28.01760792782438 2.614253927878272 0
33.91779594322416 2.533220405677907 0
22.85142442131258 2.457194080189507 0
17.49999999999996 7.537625628133538 0
37.83163061561503 5.000784325816573 0
2.116422177035266 5.080741370239576 0
7.883924617513187 2.079124421119859 0
27.09481522372548 7.937026567233271 0
29.89512198951876 2.036148235844002 0
5.112451762880164 7.970077080348335 0
1.982904340673586 2.002934021027876 0
1.936019829224007 8.157306062951227 0
4.401577200644613 5.027782287380582 0
8.46214131288542 5.040683962265318 0
26.51650916360628 4.954715460864687 0
32.48488989962991 5.019490644566173 0
10.45629067245166 5.008145405962034 0
30.50198985562783 5.00069140136663 0
24.52229138102 5.011533727308022 0
14.45313720708074 5.001952941891886 0
19.49744325723428 4.972379505332933 0
13.66953600542211 1.783677029374698 0
21.36964882726485 8.16521396354797 0
21.32306162735137 1.779105971246472 0
13.58802136581476 8.30690139475754 0
35.60274569838903 8.27532602797168 0
35.58631070042104 1.700334451556572 0
38.15218814594538 1.65455247686513 0
38.37246884777164 8.340982899721849 0
4.122035561557471 1.690915661089695 0
10.29384017208656 1.721520808080617 0
32.20076394386038 8.248338335231963 0
24.70005348987208 8.283828104885185 0
8.648564379629478 8.306434292949408 0
26.35170536334561 1.693689403697194 0
32.31246807974475 1.684196608737985 0
10.39499570903854 8.349503290002353 0
24.60434643404761 1.650626789670569 0
36.18130630630631 4.638023893458938 0
19.02780675622681 1.712817937934139 0
15.97219324371968 1.712817937925218 0
15.90860957709886 8.320642878029997 0
19.11126251747872 8.252553823635532 0
30.52680781096692 8.458209207853177 0
21.69211990106585 3.621704553120177 0
13.30981357812004 6.428998930416506 0
13.16187479379605 3.568707310091126 0
21.85101621413379 6.612008970651535 0
35.28733775550238 6.518838534415853 0
27.49361274189802 6.497147327266061 0
5.553736433550061 6.367081571777014 0
29.45326111389976 3.638435353004921 0
7.501793761397914 3.658195886900903 0
15.98474472998983 4.398306855397019 0
1.619839450399547 3.539673959491025 0
3.555150979420435 8.436422861841928 0
16.44553187960488 6.288635688026005 0
38.45979022008068 3.500097682354691 0
38.45625498987756 6.516218900425122 0
18.53815463879576 6.414195961815772 0
18.50992506120012 3.721638778841695 0
35.22298028788919 3.421624352892859 0
1.509219742903937 6.484194429723738 0
20.95931295972025 5.192041775514776 0
33.05469433852685 6.300979441065757 0
10.93615619500107 3.636333893511668 0
30.06991021657807 6.355591521486039 0
24.04052542392208 6.363705505196507 0
5.402881153325552 3.90929492028169 0
11.54081183146079 6.075709531791537 0
23.45918816851289 3.924290468208919 0
7.514850602536464 6.053085630479963 0
33.54081183148927 3.924290468214457 0
27.54081183149009 3.924290468216292 0
6.667196036379391 1.331809352489332 0
28.31846401490419 8.63019166173029 0
28.73323253780578 1.294947317828598 0
6.334064349967816 8.644942295719609 0
36.8937588750273 8.629982390821223 0
36.98263991446467 1.324931187235925 0
9.040708066537453 1.338250045700858 0
12.22126321702419 1.356272797593144 0
22.57496915855231 1.281736408518751 0
22.78278479837264 8.646897055294909 0
12.41469950620179 8.718598847610826 0
31.07914813438821 1.341030795471544 0
33.51709678346712 8.750091159275199 0
16.34675669147702 3.123093198087648 0
34.53908566321404 1.370837174611064 0
25.93566284386764 8.679575901127905 0
17.49999999996787 0.9916279836893657 0
5.218658582026324 1.220960513094655 0
17.4999999999982 9.095831118428922 0
14.87950136941656 1.247199555185329 0
20.13281017745051 8.753167679101065 0
4.576532991269265 3.198524936607752 0
20.11466539964624 1.243544416823021 0
14.83032361387589 8.68839850610904 0
28.84673873373381 5.985693578479439 0
8.277763527055399 7.044162818511874 0
26.72223647292714 2.955837181497941 0
32.7222364729336 2.955837181490923 0
10.72147869633136 6.976767779823158 0
24.27858097335248 3.023339902225633 0
3.330299866498496 4.672052527980366 0
2.987280952034022 1.294100069533016 0
27.30793197125973 1.005656268897529 0
7.69391205440778 8.994622306849433 0
36.98917230819224 5.814500689409543 0
12.1258326020759 3.927709536490634 0
22.85284304525422 6.173898016615011 0
29.46190689604677 8.972652472277606 0
15.40581905332989 5.745027491554524 0
33.98813608206348 6.038066785181444 0
17.23964626224209 3.824685709947512 0
1.170650707026852 1.17065070702673 0
1.176064130361948 8.88173070340625 0
11.22408609509089 1.075228750607143 0
23.77482606139522 8.928026167049802 0
31.4999999999998 5.468822176413642 0
25.57483204477176 5.491892634364136 0
9.418139374535871 4.510860179730294 0
34.66416774769315 8.893815086626869 0
38.93538495423376 4.517907710960094 0
1.084660989645575 4.61801587313598 0
20.18591115393023 4.194000906787527 0
4.559676720221693 8.957531176226931 0
6.775932882936115 2.762218700696524 0
4.608840029963932 7.009633136502659 0
33.50784481085186 1.010317545205131 0
30.40464462235142 3.038727997671503 0
1.04408448664424 2.585459591461995 0
8.43621196548365 3.001332867424715 0
2.542368852232752 6.149142692276958 0
9.506484989452114 8.971757073262964 0
25.49267945039809 1.028095519440157 0
2.66843819472567 9.062482212692414 0
23.50253446361288 1.003979904221327 0
26.55050225976082 7.038738700908225 0
11.43062281747828 9.112247977250165 0
3.056535517695115 2.377109758592116 0
31.43305063845216 9.058203370835171 0
28.06214880397494 7.327764516929294 0
1.004470014515979 7.429163596507006 0
37.16550170860513 4.152287032159858 0
39.01466781139166 7.438007316392069 0
39.00171879979141 2.59610174436225 0
9.437939471167581 5.586531318275267 0
25.56984945222851 4.406379590845985 0
31.59181969362172 4.394484513471062 0
28.94826593564097 2.627643706906481 0
29.52238283642025 5.485156949766988 0
6.057490324088345 7.376669545516849 0
7.617205671553874 1.182436864616711 0
30.67609657795311 7.319858042285549 0
20.03249852712336 5.768924330338723 0
35.49751682456336 5.484968436609389 0
13.47613530395581 5.434319376949021 0
27.49872279402966 8.987572112909382 0
15.97335497612995 7.297774254579418 0
14.23458257496984 3.824043571742945 0
18.49513967979811 2.676606087390933 0
3.679545782450017 5.686447621397528 0
4.31562369441982 4.041729182258388 0
29.65530290122457 1.160059743463463 0
14.30516750195506 6.089400850660724 0
25.66629511603515 7.633059797636507 0
38.98229108741622 1.077909825867975 0
38.94519739650021 8.9451973965003 0
18.4497140431463 7.396501990888715 0
9.322239268824875 2.385021716652423 0
38.89676746129575 5.637014103427085 0
11.51118914819879 4.647041147397229 0
2.507619266125003 3.997269344161705 0
10.33641108957056 6.069446408773056 0
24.52004021182968 4.025850623405995 0
23.48860081778099 5.342829151439169 0
17.46109774453456 6.064148726438946 0
2.937263276597255 7.603230560539904 0
33.47345542239647 5.316253397726657 0
6.241845241254748 3.594705620440794 0
0.9687857127115379 5.64371463086582 0
5.440872956236141 5.320493326403571 0
12.98234124522232 2.580170199081781 0
27.4956697268339 5.332309971125372 0
9.518767983275998 7.934212609207258 0
25.48102807103408 2.065805118964685 0
32.86887649511547 7.390103402653677 0
10.91656950840288 2.61266565812609 0
24.08237216316794 7.387922812779209 0
7.506883821986478 4.71724122444981 0
22.05297180226089 7.431653143661484 0
21.92134738040938 2.646107472416349 0
14.08162194158879 2.710042967163618 0
20.89017850461607 2.692973946555564 0
12.94234823846835 7.33550640794675 0
31.51446156171587 2.228139805922761 0
20.94721823913679 7.337647283583911 0
13.91475862801021 7.164359365156582 0
18.53290271025138 4.757864341204343 0
34.91316364932444 7.443495321046759 0
35.93160527463417 7.211752660131872 0
8.368013738894716 6.125124996526699 0
32.63681101113107 3.876252239232946 0
26.61309673117882 3.89961740753091 0
26.53062085348523 5.985613836014747 0
8.462132314223751 4.055018903161399 0
28.34540663477758 3.508875218650294 0
6.715205958893263 6.454817010861007 0
16.42143496249751 5.283609951157202 0
16.51795787190368 9.114821693160126 0
18.46036989361983 9.108892128626801 0
18.48131302426805 0.8952963941665735 0
16.51832694194903 0.8955165208837986 0
30.60635558135385 3.976485182444202 0
34.49168333111718 4.097192313226415 0
13.36395646835646 0.8797758026173116 0
21.67716882249504 0.8738321295161529 0
37.84443655083854 7.270563449161628 0
37.87555871317652 2.757357542546459 0
21.64031440012872 9.120196307077345 0
13.29103480850891 9.293969517382319 0
36.0270143706631 2.667484281256043 0
22.69293055486722 3.336506705698883 0
12.31572298210058 6.662436507490064 0
5.628016105617313 9.033169606883531 0
34.80665847695037 2.383139751182765 0
4.432275780345813 0.8117858484807967 0
35.37542510468018 0.7593368299159784 0
19.88495484458057 2.165933752691631 0
15.11600198500289 2.166583920567221 0
31.80446885829394 7.451011417906585 0
37.54054476985805 9.106591159985898 0
15.21109785016155 7.826432849175285 0
2.110390545864483 0.8947190178273854 0
20.02862217127264 7.760543974576111 0
37.75158721950943 0.8794753434804338 0
32.53275743712628 9.032827366525972 0
13.43312856256011 4.517934785513225 0
21.80649693342723 4.661413108229386 0
4.595133041280494 6.015987566492353 0
2.394130086038346 2.997151819941108 0
36.15064297438062 3.715642053033292 0
36.05855210738696 9.068159597041177 0
8.549851631927014 9.237947895334107 0
26.45033096927453 0.7620885139652097 0
9.786415234612178 0.7494544128376792 0
25.20529666385655 9.256617377730796 0
19.3408885177098 9.222922726272678 0
37.94734658671656 5.916814353949117 0
15.67400431100325 0.7711068027988692 0
31.82413954541496 0.7921859660730954 0
15.65137821257566 9.224772615459832 0
3.793076432160713 7.59614825321824 0
19.32475703601578 0.7703317497847467 0
19.32782597880485 4.022907034453984 0
36.13566648252126 6.217685795360079 0
21.83246731294336 5.681196605952292 0
29.59751538148901 4.57877275572681 0
24.51991206960231 0.7365404426664108 0
35.30168146504515 4.48672278199171 0
10.46642070319376 9.286701668103097 0
16.87793400183223 8.144618033559361 0
17.98321340934587 8.256003787212144 0
30.48435306909316 9.297813010193192 0
17.98261155014573 1.773319036654209 0
17.03215668100967 1.738206511652729 0
5.011579204399379 2.334372906804586 0
2.254041176186947 7.028954703383782 0
33.17171215667726 2.113127363551604 0
7.855928269152028 7.767678540612207 0
27.14562689296803 2.232804051244322 0
11.34246446649932 7.928732401296354 0
23.78329772678075 2.14081429533856 0
15.13725212584276 4.080952570199738 0
36.55347418326391 7.814955418914924 0
37.11958012327565 2.222226461920233 0
19.39032467235966 6.286856413113567 0
29.76076440434083 7.964274546723587 0
0.7497169853378726 3.548629884817795 0
20.90593974815479 6.280167185637544 0
3.499999999999968 9.297183668184514 0
10.13666179711136 3.953088911785816 0
30.8633382028708 6.046911088207042 0
32.23697334414847 5.999876297118732 0
24.83962853323121 6.049195998478327 0
3.964894628870711 2.596222770080452 0
30.41063816203312 0.7868318768701409 0
12.55720246424037 5.825816826133012 0
39.29015577062639 3.516301019663844 0
39.28598381183481 6.513034331460436 0
18.19398086670628 5.557513261423454 0
8.435526996145825 0.7209864577985297 0
28.85249262794191 4.239927433307029 0
26.62677483077334 9.252720206037825 0
15.35851801901969 4.909033340693108 0
16.86999590315477 7.044458787734328 0
34.2409811732811 3.252809164432863 0
20.75065508631719 3.587777033833807 0
36.3281745157166 0.763406299194924 0
16.88286547856237 4.478618752486443 0
37.9966331508373 4.162735494641515 0
19.1655321265366 3.213745316422946 0
0.6793108169156383 6.505823740520052 0
2.898982480247495 5.401896934624218 0
34.43872358706179 8.130203612251883 0
17.79281188618624 6.86601965078403 0
24.89003077304978 7.158557166088284 0
17.82007852803176 3.300395067678464 0
10.10773667049654 2.846200583880537 0
23.66101281373884 8.100313801436402 0
6.217756481571818 5.764231617623425 0
3.708318458786304 0.7593603158207016 0
11.3389630063736 1.901855861989297 0
5.986838425079711 0.8327944603873996 0
22.6994606269407 4.212355964864202 0
15.80199013472699 2.682426337891327 0
29.7987982218267 7.132753400571548 0
32.29300260721694 6.753394111748998 0
30.6981333432152 2.257626573817125 0
15.69102572767051 6.509347987963181 0
10.54772486081173 0.6954237992910925 0
37.68283009187328 3.531162217007219 0
1.839397044086712 4.366136332220842 0
19.30315937165972 7.238683668152311 0
28.206667299063 1.78256379714756 0
6.806631534444875 8.210744389416661 0
37.40462374197321 8.0338234488101 0
28.25798291332622 0.7900547931886857 0
39.23851847153733 8.211374499496262 0
39.23851847154052 1.788625500498931 0
6.054847936973371 1.844844742637785 0
8.631137233058888 2.057980082091635 0
36.40874392490821 1.73567653623274 0
6.871534571611671 9.221969570693552 0
36.92355348400972 4.90200594982714 0
28.09589078072371 5.819442889318997 0
0.7714188788343977 1.84800179013165 0
28.49999999999995 9.394320303388618 0
24.44370731261365 9.310211835735741 0
1.784199121220873 5.839448280776522 0
1.835298881213314 9.234739054270758 0
4.350174270633715 8.124668748807395 0
18.95498458393725 5.607787628077888 0
28.90419142013943 8.171013673430746 0
33.62525128088078 6.847236035156637 0
23.30591449946583 6.888419434635939 0
11.68495479275485 3.131304392398528 0
5.423055437929184 3.157030382796489 0
32.58300334473383 0.681031365938485 0
34.41279706482435 6.725595123433651 0
12.79601827702513 4.260730080704056 0
11.81281577421743 5.398777576904176 0
26.34181451579969 7.977820449466035 0
33.04563325697808 8.140331333813496 0
11.51784370723371 6.934180089473296 0
7.534042830972987 6.842612304598074 0
23.41308436896519 2.976429090332301 0
33.46595716901643 3.157387695402778 0
27.465957169011 3.157387695405435 0
23.76909270363417 4.627439031073135 0
7.096533036145331 1.978301135475919 0
20.22048496136159 4.993408634890337 0
7.650998414270012 2.797636478568795 0
34.81334293236116 5.899807440450329 0
35.36786805571861 9.281597094082237 0
5.891361266683461 4.430763312302913 0
20.612836226071 8.085604005237697 0
33.83055213513893 4.605394617265588 0
14.3984003792093 1.725075747266497 0
20.76474384386068 0.8091083184038368 0
6.812209422180327 4.311321874468792 0
14.23837087083109 0.7755108217169849 0
27.23260294929111 4.546973423813638 0
14.17090796375337 9.265411950710931 0
27.84320772178451 8.042524566475427 0
22.60059334543031 6.946383588473998 0
0.7206376686174103 8.226121670742835 0
14.40983256841589 7.863592138526399 0
20.7669181609618 9.216118683807743 0
20.59552084401099 1.738133281144105 0
7.054666223225469 5.578467484404866 0
17.01068336270372 3.196172232568311 0
12.40350802636312 3.116796108320906 0
11.8729747670856 0.7064386369085742 0
23.13269144841814 9.295471758243176 0
27.30402876785651 7.252500512627575 0
29.12253016762743 1.850432813463383 0
5.899153309577011 8.141570818666366 0
34.48890793981611 0.6053962787251737 0
26.17187889944763 2.458777264476008 0
8.828121100536318 7.541222735527316 0
12.89949050389873 1.843782819286217 0
12.49999999999994 9.454009743561732 0
22.12349621053919 1.829270326879889 0
22.51856213151425 0.5770137600405717 0
32.84571012108415 5.630661147630145 0
22.10777348543854 8.163653002418471 0
0.7097898748322422 0.5704865142112147 0
30.33940343993472 1.492547845185382 0
12.44106590404313 7.951303729187403 0
24.16555737506835 5.633856800731971 0
5.090463254261918 4.546012605725429 0
17.81508139690898 4.323544168864297 0
10.8309159607503 4.36514297747214 0
28.10314753466126 4.384077787650916 0
8.303754859318252 1.464274237624884 0
29.67532341535273 2.835238823356727 0
32.18443545501959 2.454828150648301 0
5.333129637620625 7.180865333536214 0
0.6393453048684975 9.360654695131496 0
11.13150370317985 5.439824014165607 0
31.32125046545749 8.156902297114074 0
30.21815892788745 5.68310530037528 0
34.03510407294175 9.336145559262167 0
6.978368299496814 0.7312657894100414 0
7.825042999490519 5.487246848704703 0
36.70195891459466 9.340934291417522 0
33.19330405995713 4.548336273401165 0
15.78632799854921 3.547897962175352 0
16.54183742058737 3.761462451777047 0
1.499999999998741 0.5248764756504527 0
24.74431968673551 2.401520715729909 0
10.25568031324574 7.598479284274153 0
26.69948851596944 8.596453016151834 0
36.34544308111858 5.411436952933017 0
29.12930367046496 0.6490123708961493 0
22.43413294471048 9.408151745478657 0
20.93583016597039 4.375057668729334 0
19.29443316641922 2.556925172963191 0
12.57020417059589 0.5928196195133812 0
33.8964776722154 1.816077870373186 0
38.39184014697683 9.400231819219542 0
23.02871583718528 1.79806371364972 0
29.32682049118435 6.555759221698485 0
1.75578432759863 2.704159878676403 0
38.39630174669268 0.5957701887175348 0
2.774218069991842 8.314860424506367 0
16.61457115027307 2.49594802053061 0
37.59753401873286 6.549941026817864 0
28.48798353313219 6.603158398875143 0
39.44790405769006 0.5520959423088763 0
39.44790405769118 9.447904057690497 0
38.22524822120912 5.518204261064259 0
3.388617343762203 1.787375163071609 0
34.97735161352848 1.818103792450134 0
31.30109589326318 0.7110722538482132 0
37.24474237798986 0.734802176905453 0
9.275707767044674 0.6959014861795124 0
17.49999999996652 0.3305426612297885 0
25.71365316924139 9.312064426286234 0
17.49999999999936 9.698610372809641 0
1.731510339975644 7.538474787614004 0
33.99891758355296 0.5385712746434349 0
6.166516892409645 9.418379725859028 0
2.699223832631986 0.7296063624534671 0
6.277871675732267 8.966693824432232 0
36.34999291889341 8.240087945902609 0
6.642437952018272 2.195121526270076 0
6.261397520158692 2.430678147257664 0
35.16694048943842 1.276836152027871 0
4.234657690414799 6.585820139581791 0
3.924892941243493 6.144758301213414 0
13.09791856017515 8.773156586583562 0
11.87425430712143 1.878072587708301 0
27.43597732374062 0.3352187562991764 0
7.564637351469215 9.664874102283145 0
37.41813606122857 1.733903375340429 0
23.12800625938276 8.124383077845778 0
8.82541168755589 0.6864121678331291 0
36.1850188936011 8.657822671944693 0
36.77027147672558 0.6961124954769496 0
9.552262502482963 1.814930856811299 0
38.55459434371485 5.051902046734583 0
30.82992876546924 0.7092875574472283 0
33.51740028546962 9.362078906179123 0
7.823603299202714 4.143485338170704 0
5.401832335700639 0.6845849911606848 0
31.19793651641645 4.954666030417112 0
25.22232429267342 4.969935317506048 0
9.770789839385037 5.035178967989197 0
27.17330110740572 5.93835704480206 0
1.589243644535621 6.980770909871509 0
7.188482208673129 9.405530625847662 0
37.6288050933065 1.28631966919383 0
33.01661807353113 9.260972841933723 0
24.08593645123169 3.657826997946849 0
10.86623387245424 6.373974573462584 0
4.765012613004878 3.71651634638261 0
27.85530496152259 0.5985703540287383 0
28.7591544674438 2.086880105839141 0
6.254425056036744 7.909661584533292 0
4.015833587187643 4.580521332539779 0
3.696529682015326 4.034231364877982 0
2.651447103219589 4.583354414127215 0
6.616416525032945 7.658564412328002 0
28.39084705417612 2.341487143977437 0
25.43400381659163 8.198821267883199 0
5.134156527508 3.421616746561977 0
8.708179557901305 6.669055598088645 0
26.28552393211201 3.339191869934377 0
32.29789278507665 3.332327441148628 0
12.39443013962981 1.858714906807274 0
26.18747922488032 9.310765369055243 0
31.63535925861627 1.75112240337743 0
33.50261493694407 0.336772515068377 0
22.610259816616 8.1454961448398 0
21.2325733402728 5.717801855701538 0
11.26004474500862 6.662219133695996 0
23.71695117027685 3.308019820255617 0
12.81459559201989 8.325601323851922 0
11.72926226339313 8.586526408719115 0
28.26984931529963 7.847100918945156 0
12.06607662558141 8.199544992698193 0
9.706987824412064 1.269741755539718 0
2.675573603467575 1.891381283051003 0
34.17861280462733 0.9955169995137894 0
28.68967662379756 7.643973683306207 0
6.323729954919151 3.013965106525333 0
31.73858525318263 1.272471123427541 0
1.389956293130793 5.114157291413792 0
1.623135670322559 5.521301427293973 0
33.92652166123896 8.171566267110146 0
33.46215821787772 8.174942174297351 0
32.2913697657566 7.696484385264076 0
29.88571069224754 4.064564430391978 0
29.00377485942105 5.534770743453667 0
30.15475377253501 3.551216177706875 0
15.72859067828236 5.312556927801611 0
8.143719149698549 4.604314696625509 0
38.43345634596329 6.023349119267109 0
11.97687427249272 9.522085906937299 0
11.52439264842525 4.070361525799844 0
23.46065642898576 5.960144224416896 0
33.50542861432893 5.885099874657953 0
25.28033766586542 8.740007127914629 0
23.06068541419413 4.636013414844673 0
28.02582901858464 6.306582871820066 0
16.09092863181076 5.772424376912578 0
23.00703219836711 0.5269978880872995 0
28.47687101586324 6.136098288891193 0
26.8475999146418 5.424213089334935 0
32.32211598687545 7.198169644103086 0
29.48730229868224 9.657550824092535 0
14.19641764781468 8.753570617192503 0
4.111940723605582 3.543055501087111 0
24.87072701502606 4.481254647186668 0
10.07688041106327 5.554707711003452 0
9.224605784119197 8.404134658473209 0
9.806749560588884 8.418490990824191 0
25.19268465182659 1.581509142691804 0
25.77513762825926 1.595863347367345 0
22.17877552411046 6.155701197739613 0
22.46627109006836 5.641113290387995 0
23.32373214447422 5.012837810369661 0
0.3615536632151917 4.539338624378652 0
30.87913627891063 2.820415824736881 0
3.803807616531042 5.128760812252826 0
23.50084482118761 0.3346599680737757 0
11.47687427249272 9.704082659083388 0
3.240638211560912 6.189143343141615 0
5.662279475022912 0.2775981534624665 0
10.17888373121857 6.62803105594119 0
24.77328659247074 3.403770515468636 0
31.24907525869878 2.550219760820633 0
3.093861539250387 4.019411418845754 0
35.55843490910498 3.874663062639287 0
2.37013018195338 0.2982396726091285 0
5.872770806583508 3.145569000558655 0
5.100048196239723 8.653592621152931 0
17.99377100806751 0.6289747926186463 0
17.00610898062732 0.6290481681910548 0
27.99957426467653 9.460630805432666 0
14.1021024184875 1.428087866119393 0
20.91646773809922 8.488978884197804 0
14.72137458745523 5.612127094702378 0
14.89994940742171 6.249414275947127 0
9.068691627787237 2.929384627424831 0
16.57376162703899 7.495617025291036 0
4.883644787456007 0.6775821205251505 0
39.64512831807792 4.505969236981177 0
2.765470009473222 6.636645703803699 0
17.00598595730061 9.40355093719635 0
17.98678996453933 9.401574415685241 0
3.605878324125932 1.248125348814471 0
30.90005504353446 4.457220365760632 0
0.6114593249944825 4.055548585984588 0
25.92313218661219 7.09022580670158 0
16.25329951835368 7.921011722056259 0
1.277573876067788 8.421719479033436 0
36.10774304701528 1.399805762328079 0
20.89444210507435 1.442115856931471 0
15.18450189346223 0.6727687859947328 0
4.590989974643203 1.241220674221716 0
12.04567391674963 4.524916894628883 0
2.360191946190697 1.397251036129426 0
19.82456623172009 9.325363468457914 0
34.41407393745994 1.856684932055672 0
39.27738413850984 5.051640604793197 0
16.77602152887899 5.878798121874051 0
17.14593893410408 5.47565632736223 0
15.92156590383568 4.863650049082443 0
12.11510744122667 9.094952189474242 0
13.84324656936177 6.56091971541127 0
11.59477077282956 1.444452470063195 0
0.6844822341190376 5.08724350133393 0
19.81314081187722 0.6712920555359226 0
23.01831559168091 5.528324138883622 0
15.16056727548383 9.304390373856291 0
28.01458169300172 6.809356747690167 0
9.094904872605367 6.183178431343109 0
25.90139492521247 3.822706006383724 0
31.92108719197269 3.811876551808674 0
22.86535525122648 0.9542433575935499 0
15.32256553271304 1.708867137892589 0
9.106073386196291 5.046025153423627 0
25.88706355353552 4.950995895358269 0
31.85890319775048 4.960932444816959 0
0.3480281622147467 2.528486530487321 0
31.60804651512975 0.2640619886910318 0
4.784091115994392 1.748749693662979 0
19.75756495540062 8.255421825770902 0
1.220375837452465 7.937530443400355 0
1.308324642178279 1.673862172728752 0
22.06602582047792 4.165157875404589 0
10.15197347244363 7.137708681108223 0
24.84804641743935 2.86232721290994 0
27.49957426467654 9.662524037636461 0
23.4062078911689 8.558412341260372 0
2.781901507927086 5.051563610948054 0
19.67580900015121 1.707432035816264 0
11.00290887473707 5.861659984910067 0
2.89710148426139 7.121341659891349 0
4.519892240073871 9.652510392075643 0
24.59006157673436 6.523819556587706 0
15.3166770137121 8.278491411104774 0
20.63258374499947 5.747044430497014 0
14.60832396929778 4.30231636127819 0
12.47395029302507 4.396146539064492 0
19.07721289427171 6.646578681027218 0
25.40176555461883 9.752205792576932 0
15.5085663080465 1.243708098636472 0
14.27605918270218 8.286297346464327 0
19.52832040421301 8.742881409669758 0
14.40292926564848 6.722524900481146 0
10.39351822086966 3.478541129726007 0
13.75728778153655 1.146321217902998 0
17.45371580372602 7.979415816301682 0
17.45371580372543 8.498817646400143 0
14.70595741340485 0.6742367923007713 0
2.556146064908543 9.687494070897472 0
21.25896046278512 8.833842984811019 0
28.5282775075222 5.646199389971003 0
20.29990944613742 9.323095454302935 0
29.25403374200611 5.065797135869457 0
11.58231452994394 3.565115940800277 0
19.48907639729628 1.242231368180636 0
3.995031035089212 3.061220030361132 0
33.99195523893975 5.495884627396038 0
18.76367601786726 7.0164605402856 0
13.82602643678489 3.367597949665896 0
14.4418728272072 3.221264507150162 0
15.4634371345168 8.744604666532958 0
3.714488569374433 2.221416063254088 0
4.690488687825937 7.701459655219463 0
26.85824528504802 6.507166621396344 0
8.133379347035104 3.571515885829006 0
20.29313641449219 0.6842175784089526 0
9.595471744859347 0.2498181376125597 0
14.66707719254307 9.317936818939989 0
1.649127613599756 8.757925273542744 0
32.14710093303949 2.858519411620412 0
5.546540392691495 8.381605835299411 0
8.861548678448505 7.141088177755517 0
26.13845132153494 2.858911822249409 0
20.3384348967903 7.316267537606298 0
33.67836802431391 9.778715186420722 0
26.70332276795996 1.153811395519978 0
26.91942098017152 0.5892482609542462 0
1.266135902050741 2.145465134207174 0
21.2549914312357 1.154015473055487 0
37.16779099786392 6.427036127631408 0
31.0131449269413 6.663923043497611 0
30.53644833246733 6.57412021732621 0
13.68332137935901 8.955427620950264 0
25.88601736076586 6.025461797312964 0
9.109298445937602 3.989226127029683 0
14.73567929721822 2.668777956758254 0
3.231866470272593 0.6844867951179059 0
8.297442688654757 8.846334831710983 0
8.081254562111575 9.410856734061179 0
6.66254288789685 5.932505370963099 0
17.51280500638559 2.011499151121789 0
17.50492274370776 1.501051177332101 0
20.25523979470292 2.662871560597219 0
28.10572893631127 9.004028026009429 0
38.44568924434954 2.951185656421134 0
38.34315521963777 2.336003921257947 0
38.41052440333394 7.683184555091849 0
38.43845311736925 7.074929888659606 0
23.39976098954738 6.475340985482486 0
33.12461996066916 5.749297995474187 0
7.094907594885065 6.028790041915279 0
14.9829691173144 4.663979617594911 0
4.517668941513119 2.709706871164264 0
35.76330344027261 1.074359193555825 0
7.531857990345999 0.6379008846755841 0
21.52980775841064 6.191124254080457 0
4.250696910919453 7.576816712842764 0
7.326122766491448 0.2437552631366805 0
4.366169798275854 2.207170445991578 0
22.36150369429126 3.723522407894421 0
39.40851357495339 4.011402910204988 0
9.502161663150661 9.657252357754322 0
25.49755981678471 0.3426985064800523 0
1.151405808460998 3.9021065724816 0
14.50542420648565 1.249262041389604 0
11.19392895668813 7.279893423530936 0
2.14658563505433 8.818175776638133 0
20.5041881881611 8.684963456048834 0
31.4776835461507 9.686067790278392 0
23.82498768969947 2.713527762632165 0
29.98208665504664 9.423488494156933 0
8.78198930958686 3.486050356261157 0
30.15768925870228 8.909558230107992 0
26.21124076576221 6.54107715282766 0
37.58386240650062 0.2931584478268113 0
39.66723959993047 2.532033914784329 0
39.67155593713056 7.479335772128167 0
34.56642394021163 9.409986881963013 0
34.90187901104799 8.433114908950143 0
0.334823338171993 7.476387865502332 0
19.83477438921573 3.782204974595324 0
1.754648531188307 1.35610124862733 0
32.07395441459273 5.496063039366182 0
10.0036972813663 4.490698165826047 0
30.95510935283281 5.505474888662438 0
24.97891731967432 5.517540786716829 0
37.51351492328601 9.702197053328632 0
26.93508807585779 1.644049907946348 0
37.38857565315947 7.407017854879515 0
37.58938317017461 5.577366456391744 0
8.066134901063096 8.356245046803682 0
23.91610702799224 4.192526707562683 0
28.98730229868223 9.455657591888741 0
28.76012363698364 8.999054812465504 0
4.019892240073875 9.418238281470481 0
36.68050181912673 6.316284383812146 0
13.69703879467697 5.984239719342082 0
35.87787691524402 4.280129576161314 0
29.03073700584667 4.650720630382804 0
20.49164336250597 1.263595338790321 0
0.322928570903846 5.547904876955267 0
0.6473565286204166 1.339550832386124 0
20.52955887882681 7.727931754465907 0
39.63225582043192 5.545671367804476 0
12.56373847407836 3.537737651634222 0
2.964777029620374 2.921057987642806 0
19.4949754560983 5.449697154583181 0
30.32122293108695 7.914113932287438 0
36.95825486396793 7.58848184479728 0
13.57783306407774 2.357963398540032 0
13.40861266020239 2.952973492112175 0
4.936322700669097 4.165678902755169 0
28.43709349941431 2.916924284478349 0
37.24811880260566 5.239096988351085 0
0.6268135272863647 0.9137124070793119 0
33.5560272338237 6.395427420467946 0
6.83985729519626 3.338373402679407 0
13.13642128883004 4.984084720820343 0
17.37463517795852 6.658209054985768 0
3.040299038310088 5.745829082766235 0
24.33764278671326 6.970061828021333 0
7.805635724134722 6.340274310534912 0
27.20662191055997 3.660431857050879 0
33.21452667054559 3.652643467616727 0
22.1769575613133 8.643582121596909 0
8.059940032307701 6.670633373212215 0
26.93376345770565 3.337614094811428 0
32.9416682176937 3.329825705375549 0
26.20732068728776 5.477407310414524 0
12.69457522429902 3.919048975761938 0
8.780804333881681 4.535521015052336 0
29.5948688572248 0.6030240381198707 0
30.84854369162352 3.39336869427924 0
14.53200810193366 2.200567544999112 0
11.59270137232148 7.443230695031732 0
38.89511031498028 3.844768804326209 0
22.43481753493944 6.577430191913515 0
9.751037322830648 6.164618902091894 0
25.20370941876275 3.864783745008753 0
6.585941333182407 7.073255286142785 0
20.45688473106921 2.199013660130433 0
23.3492688390195 2.524812488620123 0
10.65348745796683 3.031733378506098 0
11.36568695405168 0.5938891291719057 0
21.45661295622084 7.644838130264456 0
21.61706875184382 7.12710313263231 0
38.51026032668477 1.109410830483547 0
2.477856648135683 2.4590651998537 0
16.9255418424314 6.465747734066426 0
29.37643455681106 0.2163374569653831 0
12.82823672975979 1.359943806498891 0
21.50121526203043 2.98692865736403 0
21.37819583745894 2.372729130072795 0
1.337121003858416 9.372156585892336 0
14.0781466709972 5.50855772316721 0
35.640173687529 6.07383092212844 0
37.08083456148424 9.482508483801139 0
19.45926926114009 5.887856123843392 0
12.64812281569585 2.266680707303486 0
23.63583916993777 9.407832641764324 0
38.56983546374956 8.895470705147231 0
38.10002570404916 1.043266003021033 0
6.321735574856555 0.521353416599147 0
30.84138495145917 7.9783231824176 0
6.659456099826726 0.2437552631366805 0
15.36190214932686 6.389396655047946 0
22.36698881791208 7.740414840961992 0
10.68855037599639 1.164057785992951 0
24.30619562129365 8.840688702556911 0
36.74427044988415 3.650420806175573 0
36.49915032976401 4.16865099288403 0
36.68775372020182 2.657681358836614 0
22.29875600408705 2.310857293161915 0
33.11996859954243 2.742117413481768 0
34.80113956923677 0.9118567610840719 0
31.98860269185947 9.363676912453714 0
28.89485411036346 8.591285935812881 0
12.99047850277541 7.864570510630564 0
13.38897348153287 6.976288234506612 0
13.48170941076444 7.602255722620291 0
38.10161792153551 8.949268626309097 0
35.00544836135051 4.001846482703662 0
14.43781762113543 7.313921996436371 0
30.23528693949023 4.518649779845881 0
22.66787882301235 2.028176040239705 0
31.24426871538028 3.845287532879093 0
34.20666270607402 8.591369952717983 0
35.2115938339336 8.816912736226929 0
3.871609233214032 8.897045902084457 0
23.89822787225714 5.780130485789215 0
15.84745888686843 6.18100372251457 0
28.6874766681654 1.642647976146514 0
12.13791242593391 6.187987621804871 0
8.79652948912247 2.481444888722924 0
0.9384698117434772 9.414128466179248 0
26.18620396386522 7.549872982670256 0
2.78180494576367 3.461111182832668 0
14.86993069518587 7.534613157775939 0
22.12521139719551 1.328279621638264 0
34.34503469098058 9.778715186420722 0
0.6051677884928792 2.144487127197876 0
6.346616397996567 8.332419167934212 0
11.97027668997286 5.766767978276242 0
29.91649303711817 8.465045408951456 0
33.03182915919049 8.641083286538223 0
35.35221771183422 2.824082795110556 0
35.47332784934483 2.250319494665126 0
36.02927505209571 7.767344702339492 0
31.26727196723485 7.642590585768737 0
15.07249142647677 5.218671258046506 0
36.51844613961565 2.208462426469672 0
34.43858440892797 5.69040264163726 0
32.05552400647961 8.779789690864369 0
2.154479495748994 4.481382348874041 0
9.018778873793019 9.403234989532358 0
25.98100347321713 0.5967280111351223 0
10.95229642451702 1.566201806892352 0
11.90044210459129 7.782271908269768 0
34.09115877862919 3.758097315291245 0
24.04529745500205 8.437389357790464 0
8.75603150764924 5.584113425689094 0
32.23784020146091 4.43007579909006 0
26.23315178233787 4.42023748641386 0
15.39110483109056 7.34600719646028 0
15.69768746779679 7.814949993928233 0
8.901633667002869 8.838713087182159 0
26.09823859433941 1.161291145700854 0
5.689260610836494 3.553676974506324 0
34.98487764492508 7.949674987090108 0
11.09275376798339 4.216172672793679 0
13.78746702453222 4.984735701451377 0
6.315138643372845 4.112263602404166 0
5.062564275279654 9.330233594370155 0
14.0402827815369 4.447977099716018 0
28.91564456143944 3.258318092853898 0
33.51848842297262 2.60124515487743 0
36.57318611836316 1.274671340887863 0
7.889244875726804 7.218151221240718 0
27.11127351163539 2.782009642715899 0
4.087543266896529 1.087353941797064 0
6.108810905510556 6.732856042718289 0
30.07855306804021 7.472295329860228 0
37.71577566079918 2.211378827110607 0
35.48250487411588 7.643524669716771 0
35.37736889315366 7.058028838531495 0
4.812527732720416 5.454754393425502 0
5.196580810355566 5.901187488224313 0
33.74925005792894 3.444829109350033 0
34.07212286803401 8.993350601721412 0
5.845362553754587 3.978254617675133 0
2.167912358646323 9.432407088987725 0
6.606192336499364 1.718318410201012 0
0.5612602771438725 6.978329112342351 0
11.77277469306689 1.045980061702954 0
32.80110541177681 1.125181839960534 0
12.73524477157021 9.155526036184959 0
4.919236501598163 6.464234091590676 0
29.23198068711281 6.008869916648304 0
29.63970451472755 6.132169230983837 0
38.46393610838391 4.0602469626521 0
38.25454957356203 4.560475843806061 0
6.623844857203853 9.740656523564517 0
23.23010076939534 8.95679832686263 0
22.28574404773728 9.058415035950304 0
9.751069901425181 7.456856957569589 0
25.24886211666655 2.543148951822957 0
28.4193276377638 0.2633515977295619 0
37.51135097121389 6.093752023392175 0
19.1193906487635 4.584383626997087 0
18.79021791675212 4.167470051500008 0
11.03299450794343 5.031670189174957 0
1.064333524778518 6.806393922250265 0
22.25690003752053 0.9108607660251585 0
4.225418674791708 5.576739158423488 0
34.20697736412998 2.244146009077953 0
30.52782899546203 5.57690259664965 0
10.77320782535881 7.501326488464554 0
32.59305154598825 8.473832345190477 0
24.26873279562291 2.5218916377647 0
30.9724679025151 9.452005460342788 0
30.81473717283741 8.938075196293847 0
25.09408616344053 6.60221069537554 0
11.6243249223466 0.2354795456361914 0
16.50610898062607 0.2985055069612662 0
18.49377100806759 0.2984321313888578 0
24.87231265134934 1.138420917259046 0
25.00419717332589 0.5882119873688559 0
5.00372254453261 2.896642742069609 0
28.35528771894271 8.281243300545489 0
19.67039346332312 4.396429148858148 0
16.50598595730119 9.704940564386709 0
18.48678996453991 9.7029640428756 0
7.458366272230209 7.332856715753593 0
27.54306399660114 2.668148558176009 0
24.27047476549462 4.554941127262384 0
12.71847461865885 0.9429560732412788 0
10.12263380056147 8.869320677122806 0
9.990968564215271 9.419486247122022 0
0.453327657828636 8.862258788624777 0
9.897340705553693 3.400362931287903 0
23.37756381613935 9.765157252747725 0
10.47462281010444 4.442125765073329 0
0.2571396262781326 1.616000596710541 0
3.967305487374871 7.112540368490419 0
24.50915909643986 5.564862175506107 0
35.01067860113725 9.391804060236369 0
7.126978248026198 1.497515784193987 0
7.532554441737464 1.74662080707083 0
28.79576219459151 0.479689054694945 0
10.92393698529373 0.5902175166327451 0
32.69279469487682 2.507930898563609 0
32.52252445495418 5.550009363105016 0
21.7059122376107 8.483021091014594 0
13.31099432589243 1.502411883759409 0
26.66237733309533 7.651195239202511 0
31.32685514541568 7.131956486730792 0
24.07284445800294 9.412746000928514 0
24.00748217773031 0.5801734489625793 0
1.137880307460553 3.224587811923605 0
0.5979338239940376 3.044696492093259 0
3.241196391382024 8.932029580906287 0
3.056146064908537 9.453221960292311 0
10.96568117355733 9.466316548451088 0
31.74565778138276 6.031232824510872 0
31.28777940095687 6.046911088206976 0
25.32235325401452 6.046655851467492 0
9.66747494023347 3.955249463237822 0
11.48516954186536 5.161880912822338 0
22.10213261211415 3.20143957707847 0
22.48856745219639 2.813269419434913 0
20.30905075838652 3.637161641055265 0
35.9928754627344 5.704697061634161 0
21.53275906869695 5.178217163232151 0
22.1174890527927 5.136951654259453 0
1.611766293737762 9.744913018090253 0
18.04836166204695 3.781859338461485 0
12.85596159956299 6.80898061528444 0
12.39195572126678 7.15490750325412 0
39.40693651965225 1.288845108788698 0
39.39457195601252 8.718857298665018 0
8.317091272018574 2.379479123545403 0
5.462682127631719 2.725458096013252 0
13.60986197710867 3.970228555782432 0
2.375774760669403 7.596497108958304 0
12.90971561318648 4.592888288738688 0
27.94299057720432 3.093505613978 0
21.7079088867952 1.494069475880838 0
1.594257718305485 2.430851163722091 0
0.8453490346159519 8.822835689760192 0
24.2089309890876 1.130382378852769 0
32.99734168242462 1.60254717249824 0
39.43062485680593 3.037467588006668 0
38.91896887103467 6.822420182759209 0
39.43355054107549 6.983680549282653 0
38.91722159683283 3.204166815460262 0
2.101876590441212 6.55409727512816 0
4.477425260112818 0.2705952828269322 0
38.79747513909243 2.013093240575437 0
38.87521837690021 7.996788238536727 0
19.49464804675119 3.455453111140464 0
1.680160070255851 4.688297858532133 0
15.55800143697808 0.2570356009329564 0
13.45465215609966 0.2932586008724372 0
10.76401307657019 8.916150978451872 0
1.514632494710612 4.174608721615949 0
28.08034008986808 4.949949820296954 0
19.44158567865118 0.2567772499282489 0
21.5590562741463 0.2912773765053843 0
8.320604298914581 7.4510213648838 0
23.30924716636259 4.254695154715418 0
26.6799140884476 2.549139499072757 0
19.44696283923657 9.740974242090893 0
2.999269081379315 8.604588499680236 0
17.62493539572761 3.816208315496758 0
15.55045940419185 9.741590871819945 0
3.488365210564496 2.787414971022587 0
35.67638862049819 8.875027573031698 0
7.078125502143954 6.895236205836526 0
21.54677146670955 9.706732102359114 0
13.4303449361696 9.764656505794106 0
24.78301915544743 8.95021910611724 0
27.88679817690612 8.553429447038367 0
27.47891524651321 8.322374415539359 0
2.173862934187632 3.511365041197946 0
5.95374458838738 8.606560907089836 0
5.165235367044873 6.852526680605295 0
17.08264330166232 7.57556748314241 0
23.96339287481375 1.598473663076819 0
10.20932675583682 1.055466340069796 0
29.8444097172013 3.170800724677717 0
19.9679464575087 4.719929682336932 0
11.05602766433871 8.463494556182956 0
24.14781282225962 7.924021573033599 0
10.84979089562101 2.078680776065335 0
29.87396269117903 5.021540368953477 0
25.08545979298567 7.691815022869992 0
9.907938703802659 2.317581036204526 0
39.74617282384578 8.403791499830577 0
39.74617282384684 1.596208500164982 0
33.24608478842718 7.721612922090177 0
5.54267203520574 9.67772320229451 0
28.55094066146181 7.12135525845434 0
4.977637803714225 4.964762739836527 0
39.41341242377731 2.128242414952669 0
39.41772876097633 7.88312727196177 0
18.95471197742825 7.629246494225519 0
27.61047340359542 4.754453727529975 0
35.66016819863827 4.869905037353345 0
35.10449083398927 5.035008305960369 0
33.98113604876043 1.399077530063127 0
36.36477467057014 3.155486555874301 0
35.80021254431097 3.268250229060731 0
4.674100917911857 8.35075900179422 0
4.155000656758614 8.506207595625417 0
35.45847503488886 0.2531122766386595 0
38.79099923496738 1.507029267744012 0
38.8520615719364 8.499184931906138 0
5.018140476821574 7.386858516795736 0
23.03540648645016 1.361260008796599 0
7.30957501953468 3.072683688722074 0
29.99169667574097 2.636705018957411 0
3.410113236252645 7.310406176502834 0
3.428496896059468 7.878600558533357 0
31.65168834925668 8.48781466772707 0
32.51091914570875 9.677609122175324 0
33.03028271852504 0.5637829703812053 0
10.43938211699533 2.393462350029081 0
29.55765168612359 1.682213597590283 0
29.17035520221926 1.435146624918481 0
1.473236088214139 2.943097809876475 0
2.147663383496297 5.689777447764352 0
1.945262572119187 6.157595134259073 0
16.0641104176388 0.5555411078942226 0
26.98311541711427 7.409421926923024 0
24.55748547536327 7.610102694584225 0
7.863001380383859 3.152388410964804 0
31.74450929596691 2.615953619764359 0
30.3326333183618 2.44416760244421 0
2.519257836505171 5.543926999046917 0
18.93375280377653 9.443938284966492 0
7.990378332422284 2.626031255704457 0
20.32596751841321 6.299900956878381 0
9.275216830522039 7.437771441320645 0
25.72471518757059 2.562234468071658 0
27.11604792317178 6.929462180267286 0
18.93535668675065 0.5552093813171067 0
34.83782591756263 6.381413699433278 0
17.98797485812722 1.220081138170049 0
18.4972437768802 1.460477789584974 0
16.50755895555946 1.448846990153915 0
17.01682787430886 1.208450338741965 0
31.09370297162552 8.557771625267472 0
16.0564453614931 9.446531436206653 0
37.30689526940996 4.685025769267857 0
18.00046600598174 2.324299009701191 0
18.50185266205689 2.054247687326427 0
2.459558697980506 8.511549566716669 0
32.55620523048054 2.084050707645963 0
27.61993010457649 7.025804118940976 0
32.23987032329785 1.052471313583188 0
12.84924135512716 3.088557872497938 0
16.43483381694492 8.526694201583162 0
16.9652972912447 8.785090281716137 0
17.9811944343213 8.820242344755956 0
18.51828194014814 8.539149913158159 0
17.97764248416404 7.730043802078132 0
18.5147299899903 7.968353200578797 0
2.044272918103521 2.568081906548462 0
37.27964246228618 8.590132333205741 0
37.7725457865343 8.49379916950595 0
8.516617210642293 9.745982631778036 0
26.4834436564112 0.2540295046550699 0
37.04542085316 9.025835947408215 0
8.444204583105941 7.871778523029644 0
5.474232492393841 4.765756414810638 0
26.55640371858709 2.128423573139175 0
35.78486983755261 6.649425663302601 0
36.32797947460737 6.782035040719589 0
19.82076249314817 6.302130699370387 0
27.78405854509289 3.53018446075734 0
14.79374955529186 3.678234374828868 0
0.2402125562058034 8.408707223580942 0
0.5750358943777965 7.885095089083279 0
13.11438378210541 5.896378377832846 0
18.97084030960278 8.861456226178337 0
36.44272483856867 0.254468766398308 0
37.66458849168582 4.438602284205982 0
16.05484149889066 1.126480420535962 0
38.87966875433604 6.222089111770881 0
39.39425042437686 6.050016144960484 0
16.02598188719273 8.886745728883319 0
18.94462560550355 1.12614869396182 0
7.254699797467571 6.450171648646347 0
31.09724767977309 1.942265725070477 0
22.168193787275 6.996681900929006 0
10.48880690106454 9.7622338893677 0
16.12958484290658 2.297064098782385 0
24.50663735651844 0.2455134808888036 0
29.50623711350415 2.499676922035737 0
15.30913536159762 2.65957241366749 0
31.86582382183697 6.943135176551941 0
14.41279029025593 0.258503607238995 0
20.58824794793383 0.2697027728012789 0
22.40648682412514 4.64733810723009 0
20.58897272032057 9.738706227935914 0
14.39030265458442 9.755137316903644 0
16.53964035833414 1.982324156702852 0
5.501023908196378 7.509203986467132 0
37.25499948904837 3.588927527500215 0
8.017577555895668 0.6344744408050802 0
19.48101468680369 7.750593822121318 0
34.9417113230946 5.506036525446575 0
36.75678716630705 4.564105625148646 0
22.06524365132733 0.4836152965189082 0
34.404758693083 6.221156449688475 0
20.63087408908435 6.822808607960109 0
33.43929079639474 7.290581155871224 0
33.18294070484103 6.846106292958691 0
12.9303449361696 9.582659753648016 0
23.44283594289019 7.300760208073723 0
23.80960402885195 6.880015917537218 0
12.84444592272346 5.42004540102694 0
11.55468699970808 2.706686384689027 0
11.17922683205293 3.126767981345429 0
10.66438016292787 7.95890499185762 0
24.37732128252129 2.064320600246346 0
20.54380654194846 3.136819320977944 0
29.35895015496449 3.033772627756043 0
18.27504775634333 3.232879977970364 0
17.94628833194375 2.833324353375942 0
18.99511018380764 5.112677158205055 0
17.38760259644699 7.149368022217299 0
29.93681732696193 5.841284590542767 0
30.08084387331185 5.389651217169633 0
29.32197269759572 2.171408252071288 0
5.648118798419677 6.974872150276692 0
30.02198035441419 0.6489638734445347 0
27.04183254160099 9.413430772982403 0
34.76921300284054 4.572416264832711 0
7.087590002476692 1.081837335505361 0
5.689698465515174 7.829439148177183 0
30.49478435636437 9.765937670064398 0
3.569439486260171 0.2531201052735672 0
16.42962758629653 6.876956243446585 0
34.95477768149625 0.4549110362137174 0
17.9141753097775 7.266715756602093 0
18.26022685604277 6.892239201162838 0
7.934961716128437 1.575278507787151 0
30.1816016721193 6.936067654781045 0
1.052438757510371 6.211244267036537 0
0.5493655098757254 6.049846123795288 0
36.46724870818826 7.314458248571204 0
18.72353228917828 3.203996727551858 0
3.302942709732003 5.25346569466737 0
19.91680891523974 5.244904156853997 0
20.4040988160684 5.318124913581278 0
36.00808873732942 5.178143094333781 0
34.87109948988373 6.895976326298754 0
17.73678756884034 5.566957430784313 0
18.06441108334553 6.011952649892724 0
16.03663752780178 6.698585976856202 0
35.45595601857286 9.760532364694079 0
5.737455290452673 5.817268838601336 0
25.36964169104185 7.130165295094933 0
35.19939917080897 5.967871470491857 0
28.0779211718889 5.428404854186314 0
15.55108079026022 6.906978909389578 0
15.53257736611306 3.120010427536867 0
8.47850899870584 0.2403288192661766 0
21.23472473380846 6.743274479957663 0
9.625866529458198 2.877673866243439 0
37.30393516770629 2.687639112600086 0
15.63610828479393 4.009052462590703 0
21.47814900015449 4.219391776692966 0
6.851949474944329 3.854741127270163 0
16.10430338304214 3.902555756449806 0
20.93625365865948 2.07007106631538 0
27.09767551124152 8.507017232098162 0
27.12883717065334 4.123627099853613 0
1.988951920203754 3.967693211957858 0
14.04985277540673 2.072931914601604 0
19.57764944132695 6.792050478641584 0
30.47021272066813 0.262277292290047 0
18.93912653414805 2.315449732762754 0
20.97656776415755 7.862821750789859 0
26.7874029480254 4.467102097403078 0
7.273629001854907 4.228919661939835 0
38.77901251449235 9.448476405239946 0
39.47673171503543 0.8766685893920134 0
39.1310338180638 9.464367151396932 0
39.46436715139713 9.131033818063097 0
0.2499056617792909 3.516209961605922 0
4.602554716442117 4.538508025121466 0
2.549167058604368 8.0251323493325 0
17.93068808983885 6.448121446346249 0
6.402091381112406 4.584198215819216 0
36.56731963819822 9.780311430472507 0
29.17261303649844 1.034673144062737 0
8.998028189473738 1.927083948148305 0
6.162232958005048 6.195376733420481 0
25.98125749190082 8.096818716076816 0
3.499999999999968 9.765727889394839 0
18.28596972278683 4.267682429636778 0
18.09405589074595 5.131529302372779 0
26.54225827692443 9.750906735345941 0
38.94806860146041 0.3826220436754704 0
29.96327611022602 1.562918608164282 0
38.94216563059965 0.7419253189647953 0
12.72757967482033 6.305750754679861 0
10.51590828692392 0.2318079330970308 0
33.05054979399451 4.961360105231332 0
35.80880672103519 9.449918897041139 0
16.95319484544669 4.947146336044728 0
24.48123577087119 9.770070611911914 0
21.11098449733304 3.30081851116985 0
11.94133497413014 5.015272908100063 0
6.053777630760464 5.365078134904313 0
28.88372012553975 3.795746001654081 0
17.41774365691718 4.627124408613759 0
34.27883655953846 4.611973543257338 0
33.95434909924846 4.208959132902153 0
31.77549442253727 7.952084016750874 0
20.70520936235074 4.853502693044816 0
23.56120204764786 7.704724997007212 0
10.93279859380025 4.673443176943802 0
11.43935640424766 2.29687020788595 0
32.52766778157039 0.2270104553128283 0
23.18840103078177 3.412408754746701 0
22.98581311504833 2.923376625406897 0
23.92666163414505 4.993933969940109 0
39.76338525687547 3.50543367321626 0
39.76199460394493 6.504344777149941 0
32.73885781361975 6.814825651822811 0
10.64140182173402 5.505805276300232 0
27.99645533364297 3.9390811581725 0
34.39187728319141 7.736034321034 0
24.05881652462311 5.329406559826388 0
13.13034054446043 4.115790725436136 0
19.72332468197064 2.617521969399761 0
30.70556163917938 1.697068404824684 0
7.543818689309511 2.285020678388191 0
7.174488111117152 2.512718771580413 0
12.97805354630835 0.4908651407102309 0
17.31253104590448 4.208949543766084 0
0.2365966249440807 0.5234955047370686 0
0.5699299582771727 0.1901621714037382 0
22.02481578161305 9.509449350852 0
16.42968172368323 4.720178519680221 0
12.29000607947733 5.408198134345324 0
1.420734858945449 5.989119113788694 0
11.79145950693169 6.557442042918299 0
11.9171208775219 7.02113206376297 0
34.65188159742916 3.590541943517379 0
27.69505774981854 5.882966729236809 0
37.87384304686113 7.881789932564526 0
36.25350367399387 9.469697962819566 0
0.2264369389718794 6.501941246840012 0
20.44740876042074 4.520822403469066 0
3.088877442003177 8.118171282296066 0
33.93942725663156 5.018327238090752 0
7.931356044787473 5.08172401180661 0
0.2131151016228325 9.453551565043831 0
0.5464484349561611 9.786884898377165 0
14.81708467748444 8.126141164603576 0
38.0060596750435 3.262872480636123 0
32.93468514770351 5.322135063307659 0
5.944979225797677 4.920588699797476 0
32.70509123198465 7.926257690566378 0
16.93072234851106 3.594106798097624 0
36.49009395727736 5.814541145900879 0
37.96607518648298 6.778907792134871 0
27.0815939465771 4.944666285267899 0
12.48279532318398 2.691018470315049 0
21.12620171778448 3.861513085227772 0
7.902635780307233 5.888485825237121 0
13.18378925151439 2.069210015914232 0
5.673279627313113 2.288062882627018 0
5.428361907799691 1.800059387512342 0
8.998484487813931 7.927289879227994 0
26.00153744460911 2.072757262379296 0
6.940598899546746 4.679690853201516 0
10.05648133518676 7.960731727827921 0
24.9432313972724 2.039317541455054 0
22.531262104576 7.334658369647168 0
7.021417833228459 5.102072723180207 0
18.5606227202983 5.307721743568561 0
34.75687331270689 3.019191089502829 0
34.32181186448521 2.723056440431178 0
10.11138003180179 0.4816260707095906 0
33.12364230085915 4.116292993616189 0
8.218399350423551 5.551018602498907 0
21.78930173943331 2.084827923514237 0
21.84346470498809 7.920173369875975 0
34.38323510911226 7.267831491427923 0
32.7716683235727 4.481359719066762 0
35.90119987346358 0.5075810430369675 0
13.97087085408029 7.778284299480173 0
19.00109438884719 3.652763709906208 0
15.49350495828409 4.462764255429955 0
24.88300132549006 9.522276404488847 0
33.87491142850723 2.981139088504516 0
12.43373669524763 7.584529910486566 0
32.0037883654934 2.122388188436349 0
38.46394671565894 9.80007727307318 0
22.95052645010693 3.824384379590668 0
38.46543391556272 0.1985900629058449 0
37.49168515723883 3.123951030962415 0
28.49999999999997 9.798106767796206 0
12.52340139018142 0.1976065398377937 0
36.00735633199745 2.034498423015118 0
22.47804431490347 9.802717248492884 0
17.96775606748018 4.720206271519726 0
6.591708719756906 5.451069520904746 0
1.923251288012174 3.080328552702845 0
27.41401723778883 7.744017215445425 0
27.73646176453865 7.540929865344098 0
32.13571429671223 0.4910724440038601 0
4.046864746376291 0.5237153881004994 0
23.43818267585964 1.647619304403202 0
15.63006178781652 2.187276065461255 0
33.52534487991484 1.646507593043307 0
29.55408409114861 7.510056935617906 0
28.399294250065 1.289188636054948 0
27.92419406121632 1.192758286411258 0
6.670743485341454 8.692552085276608 0
7.124026053488109 8.809112088986549 0
29.3010897077769 4.15237851401292 0
39.48263468589619 0.1840319807696254 0
39.81596801923002 0.5173653141026885 0
39.81596801923039 9.482634685896329 0
39.48263468589706 9.815968019230166 0
34.49630264659982 0.2017987595750579 0
13.86744244638578 0.5517622081114322 0
12.49999999999994 9.818003247853911 0
22.50618737715372 0.1923379200135239 0
21.14730422210896 0.5609801493066632 0
38.00037853177566 6.327658093730701 0
16.63309249158937 3.360242627477669 0
1.499999999998741 0.1749588252168176 0
21.13574418703016 9.445438330295028 0
19.79041527429795 7.283279665795765 0
13.82064759075408 9.51979382269775 0
6.236294132810824 1.336482851838172 0
5.753448314693135 1.299533238706613 0
19.48351710928931 2.966792490643532 0
37.45287907874602 6.912390380882102 0
19.4023982557422 2.145225621196321 0
3.899467227404954 8.052413287955854 0
21.23388001970595 4.742837517491165 0
14.79796791120958 1.712953074339682 0
20.25808952493138 8.199771886304958 0
20.19838036274593 1.715870483552919 0
6.544134253651972 0.9652898674289244 0
1.87013018195381 0.473198497825946 0
1.593680417630025 0.8634154001681894 0
27.78996737328514 2.209873925423385 0
27.55340872109692 1.673674705763137 0
7.215895840054173 7.788900744026455 0
7.452157286001561 8.324348412292766 0
27.62552077181415 4.285113893226948 0
28.43368226579358 4.044293479869413 0
22.57572706875893 1.636356816349453 0
37.97746163894496 9.502274326401812 0
38.04929632206636 0.4917485107326562 0
15.97835827491774 3.117805832718109 0
28.97249789053161 6.86402016004407 0
36.55142329900298 9.013025426426641 0
29.37562090684234 8.36931356414398 0
38.04641782093042 3.731331798001142 0
5.461568558090311 4.295356946103344 0
18.96115463169756 6.102946667669076 0
30.31088625755622 1.92877421828217 0
32.52822342996409 6.351416616644495 0
29.40943612009645 7.040551827276205 0
36.95061893342147 8.159587086182082 0
11.49504376961936 5.638103707620441 0
32.00999198378847 6.459423469622656 0
36.83698798754951 1.760944728462966 0
16.88811638713061 4.021588971403667 0
17.05679153976137 2.25237547908059 0
18.56237336314643 5.859832283772373 0
29.25588182391952 7.856143693237638 0
32.71245926791983 5.977172295271544 0
37.61498831710524 3.948728247936197 0
24.34857044407388 6.015586101468936 0
10.63457798428758 3.984855260923208 0
33.49910387249751 4.823328096131136 0
28.70683970719898 0.9113381606378109 0
36.48343429047821 4.983822265406364 0
36.75272295777352 5.3759811973899 0
33.66199525737228 2.154141879867566 0
30.38380244911211 6.028535970022787 0
16.25443932549236 2.767155852169862 0
30.13511483439747 1.146479821839662 0
15.31099802981831 3.586185838306337 0
16.2249740368712 3.477484537346683 0
23.22114599509287 2.132024029725929 0
30.60972991211868 1.206803505842356 0
1.069929958276753 0.3651209966205558 0
1.126813527285945 0.7553378989627991 0
17.35680271765919 3.440417670064762 0
17.45146955957895 3.006513068435068 0
7.462197681567488 5.260985185853126 0
33.95393098629771 7.069078396131215 0
34.00872814258954 6.536965981257244 0
8.593329974000511 1.174503580374757 0
8.118829175672651 1.122565853346708 0
28.53261439023742 4.58582230769084 0
12.14772631255238 0.4330860854739851 0
22.85560813104286 9.56787450124061 0
22.94890967031098 7.153580466638654 0
22.91978363005012 6.669567013241649 0
12.05033317236149 2.874729868087299 0
12.07143180706462 3.391936679070022 0
26.4206420635368 8.842916374439188 0
26.94166204692415 8.945581778366346 0
16.46981587637986 4.212796019886836 0
28.88718091935012 6.381537066351022 0
8.272938903296776 1.867126246945459 0
20.62413213540594 4.052278536450223 0
18.98503499091798 2.81575885892569 0
17.04963376699272 2.738364052719117 0
8.658533386304866 1.620168121805792 0
26.7120394184982 8.170433344283714 0
29.73184297652971 6.681368047918689 0
26.32565529187892 8.417949788915259 0
33.52155600886177 4.359340452960403 0
7.46485327508415 5.706266654529844 0
22.78320306383375 9.116840186338914 0
12.22148071823523 0.8851770180050332 0
16.65733706815127 2.938404483728856 0
38.3178820993733 5.385334230102639 0
38.35645408974048 5.690677572813487 0
38.00140847451357 5.478600980276649 0
3.499311285784565 1.590796964564773 0
3.52239614100493 1.95180019425114 0
3.144144604497113 1.819528330398914 0
35.03424932572118 1.62975847287259 0
35.12344026363329 1.967192665063157 0
34.77436525123096 1.857360239414654 0
31.12674800921259 0.6840343497732523 0
31.37507847955484 0.5010860733071029 0
31.40146119102212 0.9480963384642842 0
37.07579409748333 0.686577788047126 0
37.33210986583159 0.5380925067952956 0
37.32632317065465 0.9797362358739373 0
9.105471944522172 0.6780505106267901 0
9.354041000547079 0.4817852996723972 0
9.367610356064768 0.9278686482393499 0
17.49999999996606 0.1101808870765962 0
17.66666666663366 0.4407235483063847 0
17.33333333329982 0.4407235483063847 0
25.883105337703 9.330546775804713 0
25.63964994436597 9.522893934672345 0
25.61820422565519 9.082752568381645 0
17.49999999999975 9.899536790936546 0
17.3333333333325 9.598147163746189 0
17.66666666666584 9.598147163746189 0
1.557333394571877 7.708314815690746 0
1.66334051022619 7.332197695834931 0
1.973857115128866 7.574911851316338 0
33.83558746479858 0.5162962732828552 0
34.16260850778666 0.3813225177895362 0
33.99855677807364 0.7180950328579132 0
5.931510999342303 9.483849777580852 0
6.222022523212877 9.22450630114537 0
6.346017154673756 9.54678309885086 0
2.895501594887821 0.6745688106621611 0
2.598965110176831 0.9728084832712894 0
2.603204792831308 0.5414417934269508 0
6.079984043772465 8.881601909011792 0
6.494490199103918 8.944535230281799 0
6.259140784320418 9.073944334003107 0
36.28216583076991 8.381798788231837 0
36.16873760018211 8.110123130929738 0
36.5990753257282 8.228341918546251 0
6.49107292397592 2.267394989868128 0
6.597939641712325 2.006089134794593 0
6.838301290366573 2.311880454147506 0
6.330247381220466 2.625955948797623 0
6.089885732566217 2.32016462944471 0
6.364059446689393 2.345913863530658 0
35.09744561769116 1.449335926065169 0
35.02715041911088 1.135670052184971 0
35.37622543151321 1.245502477833474 0
4.114499240126233 6.775764330611604 0
4.109930243898421 6.444549140608167 0
4.479543587219742 6.5371469475256 0
3.701479574564493 6.187681879453767 0
4.066523921658002 5.949064496367765 0
4.006675327507986 6.297528527818709 0
13.03354647739723 8.59955227631731 0
13.32565824483294 8.791342499574474 0
12.93455095829528 8.928574983858901 0
12.05268474070404 1.870144829614636 0
11.75858467048718 2.05200585108002 0
11.81149351017307 1.712067082430248 0
27.47865910790091 0.1117395854330588 0
27.58130309832739 0.4469583417322351 0
27.24796976499355 0.4469583417322351 0
7.521545783823027 9.888291367427714 0
7.419516468625644 9.55316546971086 0
7.752849801958974 9.55316546971086 0
37.51765470721288 1.571129013147161 0
37.5633014434832 1.870227438041931 0
37.17345203298964 1.760353674832196 0
22.95033740793074 8.132406169982236 0
23.24308007971947 7.9502117520294 0
23.19060129049808 8.290531311525696 0
8.955373251359246 0.674887404511329 0
8.767215583413057 0.9152162237775054 0
8.753646227895368 0.4691328752105529 0
36.22717448900581 8.521043696912532 0
36.37910995867178 8.78532155326903 0
35.94877223312569 8.667102765652517 0
36.91763713039524 0.6736812275709583 0
36.69369530230228 0.9281499939692662 0
36.69948199747922 0.4865062648906246 0
9.628936913702326 1.624900570197591 0
9.722780647798132 1.97382446051478 0
9.30506994594843 1.846067539721526 0
38.44053663785454 4.856864694503749 0
38.79558225308146 5.068941287040587 0
38.42766414020855 5.229900158659414 0
30.96969229994795 0.6834394509729241 0
30.77323835396352 0.9457167432629711 0
30.74685564249625 0.4987064781057897 0
33.34483235631225 9.370723355151441 0
33.68986704729283 9.149438541572161 0
33.51750145280379 9.566074821813764 0
7.610760294195702 4.172974149840472 0
7.929176458274792 3.952233376077668 0
7.930873145137647 4.30524848859397 0
5.206830305907616 0.6351818347517799 0
5.462890253592079 0.5057931505160281 0
5.535776447602224 0.9127799882142464 0
31.06664212401469 5.141393202732462 0
31.09724868855534 4.783280648418269 0
31.42991873667932 4.939324240100606 0
25.10648257282173 5.157787226392736 0
25.10482170864064 4.795949545220018 0
25.4556685965579 4.95606918090539 0
9.881739962124188 4.851394851227174 0
9.888339994334759 5.209951897408833 0
9.542289561696164 5.044190155331585 0
27.38752785871255 5.922604781064497 0
27.06584490092966 6.140372736027623 0
27.06653056257495 5.75209361731406 0
1.367644467318512 6.964709645367418 0
1.784168187875502 6.831306680993009 0
1.615918278412849 7.146296403254099 0
7.294131421026948 9.466717644232366 0
7.020005593428245 9.542500065513737 0
7.251309611564193 9.207374167796884 0
37.58787771790552 1.421934444431628 0
37.4543440757602 1.163575399970063 0
37.84419348625377 1.273449163179798 0
33.17790495233275 9.337021333736308 0
32.8497918368858 9.431266736153232 0
33.02215743137484 9.014630455911631 0
23.94123519769902 3.535152456127134 0
24.29485254547128 3.569005841192826 0
24.02172161052475 3.869322696520588 0
11.0428414667488 6.475483961692426 0
10.64137455278539 6.473396254019598 0
10.91448559782853 6.173043504675725 0
4.914808919199898 3.608112067757351 0
4.827839153583416 3.889180149640896 0
4.552389766231321 3.652256821749583 0
27.72107897758805 0.534742207642089 0
28.03776262494354 0.4628750490724746 0
27.80707328203618 0.798093805371651 0
28.63802923404926 2.165695869964394 0
28.69611731137808 1.906625572150028 0
28.94331685690407 2.188318875403002 0
6.372848971523322 7.832358506488934 0
6.320069966686209 8.087325597538774 0
6.0703562299007 7.809300649572169 0
3.915903551443584 4.760118715966908 0
3.887252382701986 4.431434347592845 0
4.244344827417359 4.550010934059583 0
3.490165011213828 4.031732092417847 0
3.818606287187603 3.821624310510521 0
3.780817747644547 4.249337691705579 0
2.69938971558445 4.778716104115719 0
2.425162848793286 4.553788376176165 0
2.829788745281029 4.417558762089762 0
6.553011521895635 7.474504419965116 0
6.802725258681146 7.752529367931721 0
6.493512794522055 7.748659449087171 0
28.45224030588049 2.527794926254063 0
28.2050407603545 2.24610162300109 0
28.51526009629336 2.250564882677159 0
25.35657338344378 8.387408424632097 0
25.26678414083295 8.038569723468298 0
25.67865392549814 8.170485655549202 0
5.037856890700939 3.509812201150473 0
5.044581652235483 3.259057355322073 0
5.320031039587579 3.495980683213385 0
8.821568164236835 6.850365798609293 0
8.451318941283807 6.612781137709072 0
8.851651568183273 6.544019857947568 0
26.17633299908974 3.152383357402199 0
26.54028571207266 3.398215486321076 0
26.13995308517363 3.466976766079855 0
32.1849200430585 3.151019175120522 0
32.55231342304711 3.388138953957499 0
32.15644488912432 3.457824194367863 0
12.2260766848735 1.863692269314293 0
12.50506128685091 1.686256841228878 0
12.45215244716501 2.026195609878651 0
26.04104735624931 9.330113756727716 0
26.24997229984043 9.081020492073657 0
26.27141801855121 9.521161858364357 0
31.67565849091641 1.592116602528986 0
31.8207629666923 1.887819606012725 0
31.40965631824012 1.773431001590578 0
33.50087164564147 0.1122575050227923 0
33.67015324926228 0.4490300200911694 0
33.33681991592845 0.4490300200911694 0
22.77775526034182 8.139443858980243 0
22.50027270014239 8.318682067517726 0
22.55275148936378 7.978362508021431 0
21.34145120431214 5.530346745722869 0
21.32366013379032 5.893055215763791 0
21.03260868271595 5.730003605617952 0
11.17411175760026 6.57156548177023 0
11.43956676123437 6.557369584986943 0
11.16645571619123 6.857722334330816 0
23.81824010404741 3.418550063563389 0
23.52974123591831 3.402913126265612 0
23.80287217086484 3.102596270937851 0
12.93910548801215 8.450367188740096 0
12.55678700075494 8.33183463355005 0
12.94789428729259 8.194602149265622 0
11.85819486235773 8.805791077860036 0
11.50078318245691 8.542502262421877 0
11.82880874536475 8.411285885875431 0
28.41206317980467 7.781959703101731 0
28.33908281907452 8.020213052950442 0
28.05840194701969 7.739130000783292 0
11.94108019942751 8.282292080535123 0
11.94986899870795 8.02652704106065 0
12.30728067860878 8.289815856498807 0
9.680512021012026 1.443170869773731 0
9.511370375187232 1.119148738026085 0
9.929081077036935 1.246905658819338 0
2.548586298725061 1.729471791203965 0
2.906463357732237 1.854197037058712 0
2.571671153945426 2.090475020890332 0
34.07518109289774 1.125557239776661 0
34.05845518509843 0.8704102744813648 0
34.40220213588583 0.9905834842833423 0
28.6181716916836 7.468293686598028 0
28.89885256373843 7.749376738765179 0
28.55200561597064 7.714250624555416 0
6.351024859473952 2.82038493522018 0
6.447169359703338 3.123629809220884 0
6.172995645580163 3.097880575134937 0
31.71006715577186 1.432566175879024 0
31.54729097766193 1.135229294990727 0
31.95839762611412 1.249617899412874 0
1.530346486603878 4.937638178263117 0
1.491721394292532 5.279537764173063 0
1.147800998495969 5.125295931805198 0
1.569447853356454 5.415252476133123 0
1.841252322859566 5.480497026103357 0
1.458706834751657 5.668154779645438 0
33.75578768596468 8.185353818729567 0
34.06299662049624 7.978724636388463 0
33.96078067725595 8.350620346212409 0
33.60099987151094 8.186479121125302 0
33.34162941944097 8.355121555795348 0
33.44384536268126 7.983225845971401 0
32.45367006824415 7.778308707716572 0
32.09886752263697 7.798611379467541 0
32.32157170638867 7.512533068608113 0
29.98177579583372 3.893161655280367 0
30.0298605516968 4.206607456187663 0
29.6454957292121 4.093924179707902 0
28.83090553375465 5.55130867468256 0
29.05612023465013 5.38446313177841 0
29.12429880985837 5.668540423900031 0
30.00421983626206 3.409459842794433 0
30.38858465874675 3.522143119274193 0
30.07145682259621 3.722045571052 0
15.85194823136992 5.447064790171113 0
15.49764258354398 5.322205920016414 0
15.83618121993319 5.168400073217307 0
8.037581428190149 4.787413294446878 0
8.037578428636259 4.458858274745572 0
8.35599759226924 4.566672520684075 0
38.59549293237887 6.058860707706439 0
38.27901930751914 6.152127457880449 0
38.42585679799187 5.859059192214437 0
11.80249902999031 9.544777961395821 0
11.96916569665698 9.362781209249732 0
12.15895809083087 9.658698550166344 0
11.52879381516741 3.878134985267382 0
11.72047146623331 4.215037403229235 0
11.32391266387504 4.117912188902913 0
23.45134163272069 6.165915915409472 0
23.26736676400699 5.825623797490358 0
23.66326089022961 5.888892960350858 0
33.51608634497308 6.074715366968385 0
33.34452612508409 5.834110904483456 0
33.65567337292962 5.746473352522018 0
25.30535133320171 8.567803711309239 0
25.47376572452987 8.892066802257778 0
25.06189593986468 8.76015087017687 0
22.82454965104744 4.638871542768519 0
23.176412914923 4.491936136927337 0
23.18109367661194 4.777232564838163 0
27.87177751373546 6.207724362801708 0
28.20323444414685 6.243061386671402 0
28.00247509787162 6.46896286598709 0
15.98075985491518 5.935362518831035 0
15.97272754921272 5.600353939874768 0
16.31929849130438 5.781556672031929 0
23.16985555398473 0.5103259307695422 0
23.00937626449808 0.702663850783066 0
22.84186477661853 0.3680038827092904 0
28.47316684344025 5.98041158556321 0
28.60386442757641 6.241650088748592 0
28.35358177657305 6.186233192361779 0
26.953259601694 5.237079507108331 0
26.95796349832031 5.580712298825017 0
26.6315766439111 5.454847462071456 0
32.33182044676162 7.346428154887782 0
32.13986248412878 7.134191724586223 0
32.49466502973596 7.113889052835254 0
29.49576743289407 9.885850274697512 0
29.31640306490966 9.543401098790047 0
29.649736398243 9.543401098790047 0
14.20492087583511 8.582956839353029 0
14.39921640848131 8.902460358004157 0
13.9851156591276 8.775294654220325 0
4.044046400000837 3.376830940696685 0
4.334699136431555 3.594436539984417 0
3.957076634384354 3.65789902258023 0
24.98762261609152 4.633055988446891 0
24.63768620262525 4.506212999300228 0
24.98687222636142 4.304494953812882 0
9.99037018489417 5.383128145080252 0
10.28986072436183 5.544099841912847 0
9.950410323933804 5.736895146017258 0
9.126551717733596 8.560775341561859 0
9.130646049008226 8.214927186876624 0
9.41661958561577 8.436701446981145 0
9.902743419693179 8.579917118029835 0
9.610667511105666 8.441486891098137 0
9.906837750967808 8.234068963344599 0
25.09657017875743 1.420077150600843 0
25.38879739108625 1.558469927032215 0
25.0926863856361 1.765980350442353 0
25.87317414733432 1.439216090168232 0
25.86929035421298 1.785119290009741 0
25.58294838323047 1.563254661924062 0
22.29421159449949 6.313869395002054 0
21.95408635039587 6.149635591447812 0
22.28802862743602 6.003598606768972 0
22.6775390157767 5.627752185199896 0
22.38386048275531 5.832069304318433 0
22.33741377167307 5.463518381645656 0
23.17527862475424 5.14130407013517 0
23.26877592003863 4.902840696679825 0
23.5271418886298 4.994368664293988 0
0.1205178877383972 4.513112874792877 0
0.4820715509535889 4.385784832504874 0
0.4820715509535889 4.719118165838207 0
30.9394705908091 3.008012241710132 0
30.66063808149242 2.705590132075169 0
31.03730016443037 2.74764510042534 0
3.845228227891384 4.942865209204591 0
3.961643533208557 5.280996907010312 0
3.604551088493185 5.162420320543574 0
23.50028160704585 0.1115533226912586 0
23.6677930949254 0.4462132907650342 0
23.33445976159156 0.4462132907650342 0
11.4922914241642 9.901360886361131 0
11.30249902999031 9.605443545444517 0
11.63583236332365 9.605443545444517 0
3.09433568793121 6.356708583722977 0
3.154184282081227 6.008244552272035 0
3.473394664670299 6.202476893429835 0
5.554093158337313 0.09253271782082217 0
5.883039300031921 0.3701308712832887 0
5.549705966699503 0.3701308712832887 0
10.12637461176791 6.814225938330569 0
9.998018742847643 6.511785481313868 0
10.41225783904016 6.558081748179134 0
24.85770205268443 3.196410479489516 0
24.93818846551016 3.53058071988297 0
24.52396925921763 3.484320347033421 0
31.43272256385997 2.647750823155136 0
31.16061315769308 2.65757974578659 0
31.15389005454328 2.345328713520173 0
3.289275630292181 4.026792110407104 0
2.977260223957962 4.229577763662609 0
3.015048763501017 3.801864382467551 0
35.64401939045826 3.670643156188479 0
35.67025311617692 4.025675965888096 0
35.36103222067978 3.927670065841285 0
2.45671006064968 0.09941322420304283 0
2.493506909271773 0.3976528968121713 0
2.16017357593869 0.3976528968121713 0
6.022675929468281 3.14174853981271 0
5.845890495255813 3.29910166793198 0
5.749745995026426 2.995856793931276 0
4.92405889311386 8.527066959242733 0
5.280172021579066 8.552279769461599 0
5.095913674026242 8.881431134754465 0
17.83125700266733 0.540200925436004 0
18.15836134410072 0.5080903955950733 0
17.99169467743448 0.8386330568248618 0
17.16870299352009 0.5402253839601402 0
17.00814530751474 0.8387308909214064 0
16.84147864084714 0.5081882296916178 0
27.83276568623539 9.482734306114017 0
27.99943235290205 9.280841073910223 0
28.16652475489215 9.61831703627376 0
14.05667960103963 1.645613547586863 0
14.00333643158023 1.329091905737025 0
14.24629122284263 1.309558145034291 0
20.96631759714503 8.246598950994491 0
21.01767824210862 8.623437177184506 0
20.76540737504401 8.596900524414416 0
14.86011028262195 5.453035842716262 0
14.81078704758006 5.815518478972542 0
14.49322643216368 5.567826962418329 0
15.09821004257726 6.302752084375928 0
14.73132619211898 6.417543204077995 0
14.87031198756889 6.027947539387458 0
8.984175747441355 3.110838931015634 0
8.94238095403192 2.771913070500656 0
9.279518181888433 2.905401880758204 0
16.47501686833373 7.646003104476605 0
16.47237083544124 7.279283355868261 0
16.773897177342 7.561564615528241 0
5.034101123159406 0.6328475445399352 0
4.844859716609381 0.9034428273668674 0
4.771973522599235 0.4964559896686491 0
39.88170943935931 4.501989745654872 0
39.52683775743723 4.674625649311228 0
39.52683775743723 4.341292315977433 0
2.935946287235314 6.505876037277005 0
2.839837061886712 6.799146707645946 0
2.52062667929764 6.604914366488146 0
17.16866198576625 9.499794018541758 0
16.84131460973475 9.506124210118825 0
17.00798127640083 9.204734582928467 0
17.82892998817916 9.499135178038054 0
17.98238661938579 9.202099220913654 0
18.14905328605304 9.503488848104013 0
3.571731612572475 1.411047026479061 0
3.433825911648752 1.100528578056063 0
3.812077448156569 1.232800441908289 0
30.99795486426133 4.617465426866109 0
30.66946682683871 4.478132316523822 0
31.03274343950335 4.276063353891965 0
0.5653734382133525 4.224521486373519 0
0.4537254367774517 3.868059490267457 0
0.8152790999926434 4.074064781312788 0
26.0087445434712 6.909281143056606 0
26.04664318746939 7.254008101748771 0
25.71400882889598 7.107388175299366 0
16.04508802386083 7.846476284888559 0
16.36819616543862 7.78780133673168 0
16.34661436576159 8.12875754454854 0
1.463219278551248 8.486918748463637 0
1.058091891682382 8.509857284394172 0
1.311410457969735 8.2683824042425 0
36.00740942105097 1.287848837693192 0
36.28155382921336 1.299629532585248 0
36.03426589078151 1.611938916705797 0
20.9940825254288 1.343443382193927 0
20.93767485881223 1.653118369774016 0
20.75156893098201 1.329785818826471 0
15.02133442094856 0.6399894470600206 0
15.28616873481079 0.4812918629312007 0
15.24600252462735 0.897025047992977 0
4.643894706075666 1.384365616135355 0
4.381767105515496 1.247974061264069 0
4.747308112338447 1.091322345265723 0
12.22383550626657 4.484208810372767 0
12.0189543549742 4.723986014008299 0
11.89423188900811 4.366555859505582 0
2.443459079632768 1.564761708896772 0
2.151162277576255 1.431634691661563 0
2.485954481363067 1.195356707829942 0
19.98579213639018 9.359510382519659 0
19.72181824980995 9.516095398243531 0
19.76608830896013 9.100484624610552 0
34.58660602587478 1.870220619283167 0
34.37240336220857 2.018634184537208 0
34.28321242429646 1.681199992346641 0
39.40425636424786 4.856516105248567 0
39.39138386660186 5.22955156940423 0
39.03651218467979 5.068854139726792 0
16.89421705100614 6.077194178779667 0
16.54766279032712 5.817014587019087 0
16.88618474530368 5.7421855998234 0
17.38744025797294 5.539671786097238 0
17.00949054704538 5.607805001652792 0
17.04088599729393 5.279492194336657 0
16.10924853210767 4.848522285212221 0
15.90050629511763 5.018764446977584 0
15.75494288428173 4.723663415057524 0
11.98680992163558 8.975266338111744 0
12.34326898247613 9.089186926882267 0
12.0152434195683 9.220403303428713 0
13.81940921647896 6.359773165496166 0
14.02105756644235 6.604893310409525 0
13.68927292516401 6.718092670328119 0
11.68004002831488 1.291984672754494 0
11.71833233207578 1.567527043215212 0
11.38593995809802 1.473845694219878 0
0.5897144079215376 4.9017531248233 0
0.9126429788253835 5.116324668445244 0
0.5510893156101918 5.243652710733246 0
19.97593540383103 0.6382788241196479 0
19.75085441584641 0.8950560740478969 0
19.71263261595421 0.4805412684402231 0
22.86155384964755 5.590155801365104 0
23.07347310715647 5.313132846306491 0
23.1199198182387 5.681683768979267 0
14.99696362978656 9.330929626655111 0
15.21408970064513 9.072520498475056 0
15.27064849601981 9.509720996438709 0
27.85678107962489 6.878089530628507 0
27.99872598934398 6.636554157943791 0
28.18823801003628 6.913426554498201 0
9.337201917175584 6.202529576281911 0
8.980560006417962 6.382060802365721 0
8.966952694222556 5.964944915381692 0
25.66416098989035 3.797068872667996 0
26.01191008287378 3.628148144896304 0
26.02811370287327 4.042901001586872 0
31.68251258558656 3.790417989333916 0
32.03084302475634 3.617673897921211 0
32.04990596557516 4.027537768170895 0
22.98095295779722 1.079986556777876 0
22.65296218043101 0.9376645087176242 0
22.9621506154512 0.8450790072851495 0
15.39142004861643 1.556294877001045 0
15.4702535871452 1.862756332128342 0
15.1060229623775 1.707550204548379 0
8.995451357872527 4.865856431806413 0
9.320717410633248 5.047805550476396 0
9.002051390083098 5.224413477988072 0
25.99280158730452 5.132534663529031 0
25.6772483501786 4.949756040189463 0
25.99114072312344 4.770696982356314 0
31.94793103246007 5.149748421932258 0
31.65024096379067 4.941413044900554 0
31.97853759700071 4.791635867618065 0
0.1160093874049156 2.509495510162429 0
0.4640375496196623 2.3713153739831 0
0.4640375496196623 2.704648707316434 0
31.53601550503468 0.0880206628970106 0
31.8107286868442 0.3520826515880424 0
31.47739535351037 0.3520826515880424 0
4.708261753192729 1.553541955949109 0
5.004776300806699 1.76802770452074 0
4.639235293983748 1.924679420519086 0
19.66721255010995 8.4203811095025 0
19.63248321471733 8.089506541327514 0
19.97299910137459 8.256377826482693 0
1.38695522706415 7.841333367619529 0
1.292344445097961 8.106986059031472 0
0.9818278401952848 7.864271903550065 0
1.487293229959572 1.615815633594453 0
1.354215953895421 1.841599327962759 0
1.083464742679843 1.564171556629044 0
21.85488088499033 4.14942517891805 0
22.15253544949482 3.999739464462989 0
22.19066112694862 4.346308982832725 0
10.1174045255096 6.984118480052913 0
10.37637749400691 7.237651915068511 0
9.962138397814391 7.191355648203245 0
24.88262199434063 3.015929378636617 0
24.62364902584244 2.762395943621827 0
25.03786823213497 2.808656316471376 0
27.49985808822549 9.887508012545487 0
27.33276568623539 9.550032050181947 0
27.66609901956873 9.550032050181947 0
23.32127291697892 8.711111854535028 0
23.28333516776013 8.435207732663894 0
23.61401558876765 8.528917436582192 0
2.742874517153616 4.934785836389332 0
3.003727951557693 5.041837691184213 0
2.599102055069949 5.178067305270616 0
19.60609371867475 1.554598130191141 0
19.891809748126 1.705636735110305 0
19.52952353365286 1.862061242147345 0
10.96004393192281 6.002271975158219 0
10.82360788916249 5.790310135949576 0
11.2250748031259 5.792397843622403 0
3.111454920286204 7.152137312060538 0
2.696135312348531 7.251175641271678 0
2.883714220149435 6.96071202634183 0
4.506630746691264 9.88417013069188 0
4.359856320098509 9.536680522767524 0
4.69318965343184 9.536680522767524 0
24.49007184462922 6.312240353420847 0
24.77324029433845 6.577190907051439 0
24.50687259123541 6.682027409290832 0
15.35187006822895 8.429177598414604 0
15.11936615924985 8.264440922129699 0
15.4787948136575 8.141855712770019 0
20.54146507728103 5.56933684545017 0
20.83261215095817 5.739751130549777 0
20.5236740067592 5.932045315491094 0
14.43201458378279 4.376104291637674 0
14.66005289003679 4.069104167740291 0
14.73290443407376 4.461740624456605 0
12.36659429835839 4.44128535851797 0
12.46526705737537 4.194862052086394 0
12.58998952334146 4.552292206589111 0
19.00189740180904 6.44921035198552 0
19.25689897943036 6.724039587431032 0
18.97284230157573 6.766486103665101 0
25.46725518487293 9.917401930858977 0
25.20235407282512 9.669607723435909 0
25.53568740615845 9.669607723435909 0
15.45342030706091 1.401241863915673 0
15.35402399615544 1.08733815220689 0
15.71825462092314 1.242544279786853 0
14.23146805413094 8.427199082443636 0
14.09130437231094 8.152263626582755 0
14.50540512166465 8.279429330366588 0
19.59079769971408 8.582867637468786 0
19.6673396997911 8.906323938347834 0
19.32682381313384 8.739452653192656 0
14.56565281152791 6.575246745589335 0
14.43551652021296 6.933566250421286 0
14.20761846520458 6.658761705432816 0
10.4887787376607 3.689321311674497 0
10.21263889615919 3.425943541797453 0
10.47913702878909 3.320358535706071 0
13.59692675177171 1.269924683298336 0
13.7865383735747 0.9338692807457649 0
13.88839821926325 1.235169689664894 0
17.27721660185274 7.887219825998194 0
17.64564307102395 7.924348410549122 0
17.43828773830137 8.126679212357729 0
17.27721660185195 8.579755599462809 0
17.43828773830117 8.299813155723882 0
17.64564307102317 8.616884184013736 0
14.86181959426277 0.6404787824953667 0
14.60794321788416 0.8989823897343617 0
14.64810942806761 0.4832492046725854 0
2.518715354969501 9.895831356965823 0
2.408194753211399 9.583325427863295 0
2.741528086544728 9.583325427863295 0
21.4229745633929 8.706417751812111 0
21.22206434129188 9.056719325232036 0
21.13184248367059 8.738391877388912 0
28.67240641645503 5.588451556855006 0
28.49030234065991 5.817111952589813 0
28.42212376545166 5.533034660468192 0
20.14423987452929 9.358754377801333 0
20.39987926151658 9.097460605737247 0
20.3556092023664 9.513071379370226 0
29.13953986217848 5.228138595917006 0
29.16458404386807 4.926010531236948 0
29.45797731997179 5.043242280454418 0
11.54810110900697 3.709719790267526 0
11.40114183923328 3.444251408903491 0
11.79770064159156 3.541376623229813 0
19.54384951772311 1.399531240979265 0
19.28054672984629 1.241793685299841 0
19.64283294431943 1.085369178262801 0
4.005076503828713 3.216219117121359 0
3.801197049695861 3.015451728278926 0
4.178819551743064 2.951989245683112 0
34.16478851112084 5.555761703952498 0
33.81784891446657 5.616734936768046 0
33.99322829123184 5.315157241467568 0
18.58384823326977 6.942386164330029 0
18.86833000944091 6.889780056751228 0
18.83884981089109 7.217215399775543 0
13.74082793518359 3.586782943833323 0
13.68984105738991 3.215449408973547 0
14.04741031778117 3.30056149619082 0
14.56195645574667 3.391671687145676 0
14.25269244792194 3.251783682018909 0
14.51096957795299 3.020338152285901 0
15.40079010849718 8.584548683557331 0
15.67447497473044 8.763340053340928 0
15.31504632032278 8.88592526270061 0
3.631019882875673 2.096480494311967 0
3.933806253267539 2.169518164808078 0
3.578639571980087 2.398249530642218 0
4.80392682689001 7.560389957356819 0
4.717704907113272 7.932068494791731 0
4.549834329474528 7.61192051350984 0
26.96745342890229 6.681017549856876 0
26.64645613276469 6.510506386106439 0
26.96082629347709 6.329975928225718 0
8.023795024638888 3.410348213384875 0
8.343907875580834 3.542622552138373 0
8.032435140885589 3.761576891963769 0
20.13593393803602 0.6425873317439912 0
20.35262675277417 0.4977752989375965 0
20.39084855266637 0.9122901045452702 0
9.531823914941738 0.0832727125375199 0
9.793962326484333 0.3330908501500796 0
9.460628993151971 0.3330908501500796 0
14.83246693547297 9.335445108349676 0
14.61266171876546 9.527782923216973 0
14.55610292339078 9.090582425253322 0
1.587070524395237 8.598987346633407 0
1.806815441345692 8.716656796921576 0
1.553496875058339 8.958131677073252 0
32.13465609237946 2.993083165277783 0
31.95538908640811 2.826080154996909 0
32.3512576203309 2.756394914586545 0
5.429002753729656 8.461617507510425 0
5.519381821716223 8.164417911438038 0
5.691236602628607 8.51878208694977 0
8.872691204419235 7.007709991831583 0
9.056143728912877 7.173396630836731 0
8.655811102013407 7.242157910598235 0
26.12730879556405 2.992290008173876 0
25.94385627107087 2.826603369166566 0
26.3441888979699 2.757842089407786 0
20.44170580529619 7.168175391949695 0
20.43809176906658 7.471486265255439 0
20.13550711600814 7.309140955613761 0
33.55945600810463 9.926238395473574 0
33.57115736575189 9.704953581894296 0
33.90449069908522 9.704953581894296 0
26.78765336752177 1.284385689371567 0
26.50178636686003 1.203196437727461 0
26.82052856949808 0.9738520594609055 0
27.07578431713718 0.5316348432839251 0
26.89256130690192 0.785664347938995 0
26.78991731647545 0.4504455916398187 0
1.431041576456189 2.244619582232348 0
1.027213089176459 2.19297550526694 0
1.340153040519575 1.998800315122233 0
21.41840729369403 1.268984524606037 0
21.11426563414925 1.247409920901932 0
21.2323013658638 0.9456519736584923 0
37.02454332424094 6.386067827902589 0
37.251499108263 6.263825947952938 0
37.22733056108782 6.631214607038696 0
31.06308050163147 6.869593695261134 0
30.8508599025884 6.676897391330068 0
31.12549437660403 6.445278043901631 0
30.42748504233284 6.749856593699266 0
30.4898989173054 6.325540942339764 0
30.69196103776375 6.646963115939601 0
13.52079251789423 8.852099511030042 0
13.81408356964238 8.842580322139579 0
13.71508805054043 9.171603029681171 0
25.67114952985941 6.038744451079037 0
25.99715675300762 5.834322755897283 0
25.98974579943056 6.203318184962574 0
9.325020489842219 3.967295201652445 0
8.996523378232409 4.185035069973792 0
9.006351469738178 3.815348109462813 0
14.60890506795666 2.836175968821931 0
14.64443440793663 2.515134948163031 0
14.95369841576136 2.655022953289798 0
3.073049140768023 0.6595289548836406 0
3.313394976352117 0.4812823703128692 0
3.30915529369764 0.9126490601572078 0
8.213306374230671 8.715797143836609 0
8.498619566737084 8.7969056733315 0
8.180402124996517 9.02630167796484 0
7.925055538839761 9.468493013636872 0
8.108339416148789 9.214475645414906 0
8.210368731346172 9.549601543131763 0
6.531835109453977 6.050517999815843 0
6.644988530898044 5.75840149099713 0
6.810805023338527 5.988596622076325 0
17.67302111484423 2.102596697611476 0
17.35620282513221 2.090892522610983 0
17.50919107918033 1.841008233142909 0
17.66251143127379 1.421999399225225 0
17.50656365828772 1.670858908546347 0
17.34569314156176 1.410295224224732 0
20.37866811141037 2.828517496565748 0
20.0435935580652 2.652837431944437 0
20.34345771463319 2.507259753281472 0
27.97430524841504 8.873930600216367 0
28.3080643170718 9.009513330376112 0
28.03481724344696 9.12864014743581 0
38.63573275474054 3.015795027712691 0
38.26034605920224 3.069546960440762 0
38.44098891910583 2.768214981109948 0
38.49902072179152 2.195552714161776 0
38.40681091086856 2.563154402722219 0
38.12363402625322 2.249304646889846 0
38.59922035416574 7.820724923735256 0
38.20914326731471 7.764910301325109 0
38.42320958852138 7.463918440215181 0
38.63645863954616 7.009718701825599 0
38.43251915986648 7.261166884737768 0
38.24638155269511 6.953904079415453 0
23.43104315290789 6.337648169098002 0
23.58206697097843 6.575821975104977 0
23.18617284475581 6.512552812244479 0
33.21758990719749 5.788843611422201 0
33.00834147342672 5.893646194723363 0
33.14792850138326 5.565404180276996 0
7.108321385438264 6.178897561085416 0
6.954926592334599 6.020691512393718 0
7.221474806882333 5.886781052266703 0
14.8577861500793 4.582295043228846 0
15.15957975405895 4.551321842829252 0
14.93154144780494 4.858321966726635 0
4.701927045727254 2.747534904858867 0
4.353032187217699 2.834818192617489 0
4.498047591594403 2.546767516016434 0
35.57501308179128 1.178010158342792 0
35.82230102022313 0.8657007742222426 0
35.89259621880341 1.17936664810244 0
7.716354553962393 0.6067792497640984 0
7.375810653798895 0.8505345129007789 0
7.503408763276706 0.4563888913618752 0
21.73776376182927 6.161443276894762 0
21.42892124023307 6.361100136789845 0
21.4227382731696 6.050829348556764 0
4.217537791014699 7.394199367521221 0
4.403237070505701 7.570372866050939 0
4.131315871237961 7.765877904956132 0
7.442040922156326 0.0812517543788935 0
7.43483035532519 0.325007017515574 0
7.101497021992828 0.325007017515574 0
4.499928188077567 2.077486337961953 0
4.447547877181981 2.379255374292205 0
4.151033329568012 2.164769625720575 0
22.24885138340811 3.560577888904493 0
22.5846316253664 3.757461692819169 0
22.25102807409927 3.8525276419596 0
39.44796617639572 4.176436873718703 0
39.21135143327118 4.015203880276309 0
39.56622311519326 3.842567976619953 0
9.500720554383511 9.885750785918107 0
9.336215550867569 9.543003143672429 0
9.669548884200902 9.543003143672429 0
25.49918660558025 0.1142328354933508 0
25.66341308905386 0.4569313419734031 0
25.33007975572002 0.4569313419734031 0
1.285302082835373 4.019932135036202 0
0.9952612611481486 4.022917443478458 0
1.173654081399473 3.66347013893014 0
14.59444198503717 1.40717911461381 0
14.38073181884201 1.249949536791029 0
14.54109881557777 1.090657472763973 0
11.08595737317294 7.395131201550149 0
11.1444171200844 7.063613764275797 0
11.35141237680705 7.380935304766862 0
2.250347886334669 8.67932135076059 0
2.216774236997771 9.038465681200435 0
1.972634781830551 8.736740297953373 0
20.41661153056087 8.507911713462532 0
20.62798085839797 8.662228715031425 0
20.46797217552447 8.884749939652547 0
31.49256118205022 9.895355930092798 0
31.30357806153428 9.581423720371189 0
31.63691139486761 9.581423720371189 0
23.9622887966109 2.625893986732119 0
23.83888434400571 2.904432251730033 0
23.67378992848181 2.610257049434342 0
29.81466451703113 9.465380322144846 0
29.97611554006219 9.231317992209243 0
30.15547990804659 9.573767168116708 0
8.888608308041229 3.296394173961076 0
8.89724842428793 3.647622852539971 0
8.560111196431421 3.514134042282424 0
30.04880132190532 8.78013997007959 0
30.38961671292078 8.888526816051453 0
30.03464974128073 9.060007904192929 0
26.10478073652121 6.726231591765298 0
26.09815360109601 6.37518997013414 0
26.43078795966942 6.521809896583544 0
37.52795413549769 0.09771948260893709 0
37.77848320866901 0.3908779304357484 0
37.44514987533518 0.3908779304357484 0
39.88907986664349 2.510677971591689 0
39.55631946657396 2.709378553046829 0
39.55631946657396 2.376045219714468 0
39.89051864571019 7.4931119240402 0
39.56207458284074 7.639114362839071 0
39.56207458284074 7.30578102950523 0
34.74353056263492 9.434600656196627 0
34.53384267105113 9.582044147075059 0
34.42189858694883 9.21331584261735 0
35.05626415237672 8.534085341182896 0
34.6682567819343 8.485711202609631 0
34.98111609883293 8.279548183057903 0
0.1116077793906643 7.492129288500774 0
0.4464311175626574 7.301850487336444 0
0.4464311175626574 7.635183820669778 0
20.00375719268603 3.701970954642437 0
19.78283717398361 3.999704305278945 0
19.71772880097756 3.644939663864589 0
1.636067859629582 1.509895325560645 0
1.678563261359881 1.140490324493815 0
1.949314472575459 1.41791809582753 0
32.01961477140748 5.328125286781998 0
32.26527255279037 5.505143327017028 0
31.93697591958033 5.654920504299518 0
9.959375776117943 4.669901250506125 0
9.852832817671176 4.318215752447386 0
10.19888325030977 4.483977494524631 0
30.98569973615348 5.324996155480903 0
31.10614918523447 5.673736051094374 0
30.77347913711048 5.517692459412037 0
25.02534691515536 5.340322382796329 0
25.13112596589243 5.686209806519764 0
24.78027907797518 5.526090170834393 0
37.50450497442866 9.900732351109545 0
37.35135323104802 9.602929404438177 0
37.68468656438135 9.602929404438177 0
26.86490847015438 1.447798526847024 0
27.12954898002852 1.627503409362733 0
26.81080677739048 1.856847787629288 0
37.38322629022156 7.198082656902653 0
37.54587864865707 7.570468250950415 0
37.23662202059978 7.452502656785477 0
37.47006203132729 5.464217157205954 0
37.78945345750207 5.498321712052477 0
37.50863402169447 5.769560499916801 0
8.136203778366784 8.552433882200841 0
7.871991741540968 8.372848631421773 0
8.190209183281533 8.143452626788433 0
23.96511180277827 4.0475559330592 0
24.06841331448537 4.281938787347271 0
23.7147959667131 4.248085402281579 0
29.14973639824299 9.476103354722115 0
28.82910076622738 9.616659298425786 0
28.98306973157632 9.274210122518321 0
28.8468315159782 8.867299648824465 0
28.90734351101012 9.12200919604391 0
28.52619588396259 9.007855592528138 0
4.193189653431844 9.45858981923247 0
3.839964080024603 9.571807316551665 0
4.026522986765179 9.224317708627309 0
36.86211359799521 6.349150579962835 0
36.57761165610489 6.48354561527968 0
36.60178020328008 6.116156956193922 0
13.49432922558427 5.949186008902537 0
13.82611386686261 5.835986648983941 0
13.77067329158402 6.16754650013977 0
36.06994206531032 4.211265174217847 0
35.78695489553183 4.468292083870654 0
35.77673378488993 4.160831470395439 0
29.09015179848159 4.78765169607473 0
28.84181088063255 4.674703255268136 0
29.16024833842586 4.489806939805548 0
20.45701753533763 1.105416024672393 0
20.61730268345922 1.270278979446087 0
20.40060986872107 1.415091012252482 0
0.1076428569679487 5.515968292318416 0
0.4305714278717946 5.397206502607024 0
0.4305714278717946 5.73053983594036 0
0.6060024118824229 1.170067179804282 0
0.8631420381605555 1.452734443181501 0
0.4729251358182715 1.395850874172589 0
20.50179976307875 7.608707670875309 0
20.69653778134487 7.717061014429171 0
20.39033909205682 7.858026578093238 0
39.87741860681064 5.515223789263607 0
39.50967442724256 5.727561823741831 0
39.50967442724256 5.394228490407991 0
12.61714862331677 3.678051499405327 0
12.36435970083913 3.527414432148587 0
12.70970709807918 3.407747023348751 0
3.15499267748105 2.895693376876705 0
2.934190866928793 3.102374063993036 0
2.805147544451278 2.765106522058677 0
19.67497241348531 5.397000330084945 0
19.49415285571964 5.608803037666597 0
19.31580109908994 5.343288095998001 0
30.50804244000233 7.897393727475388 0
30.2029317154649 8.112199228954735 0
30.25269463779363 7.732748840432191 0
36.80946523796617 7.440034643459673 0
37.09318175753594 7.512990653424732 0
36.97211759640169 7.812420237507435 0
13.40990343824072 2.24060354233217 0
13.77633033702955 2.283894465026116 0
13.54726541696295 2.54939218826181 0
13.18427623307359 3.033950333761694 0
13.49085861567117 2.747728886119191 0
13.55070313186241 3.07724125645564 0
4.884942516138156 4.038901001765082 0
5.143222369418855 4.206995476254096 0
4.780803216450278 4.251140230246328 0
28.46765578762655 2.719607306421034 0
28.57692202327762 3.017814403345041 0
28.26670268733876 3.013351143668971 0
37.35630724213764 5.351460667859068 0
37.05361486493587 5.318534542529257 0
37.33443430074347 5.047295754664933 0
0.5991547447710722 1.028121038035344 0
0.445534467372869 0.8280663070968393 0
0.835751369715153 0.8849498761057522 0
33.53295255147134 6.24482454890505 0
33.72313819892265 6.426910080268676 0
33.41199095107711 6.514547632230113 0
7.039194646510096 3.252929330092278 0
6.861165432616307 3.530424970007035 0
6.619211806462374 3.231765907938909 0
13.03751886425335 5.139468032589383 0
13.02318328378811 4.834006502110785 0
13.34856171844866 4.978779627760863 0
17.23524294188262 6.588938856386346 0
17.54284826955977 6.529459144069581 0
17.34581432243317 6.856229164501375 0
3.087404557664286 5.860473132146907 0
2.827216790263445 5.765622903222471 0
3.206275767002534 5.611391212929327 0
24.15351345793443 6.907230048665682 0
24.42273299456171 6.830774833102041 0
24.43668190764366 7.172180602296275 0
7.896166688521967 6.172828312513857 0
7.902564098000808 6.436003870553229 0
7.618176385881391 6.41199074853765 0
27.12017682440963 3.828113244266027 0
27.09522527024993 3.572478986662408 0
27.40446363702035 3.580703340224202 0
33.13071650438864 3.817728725021377 0
33.10576495023103 3.562094467417484 0
33.40709855701709 3.578107210411321 0
22.20001891993822 8.803558494656388 0
21.97501514896019 8.642477143697574 0
22.35583861504149 8.484710726436761 0
8.235239099419273 6.613307062750263 0
7.957248796778695 6.852469498774055 0
7.987332200725135 6.54612355811233 0
26.7563655539372 3.397689561280093 0
27.04065236654793 3.150279657238268 0
27.00427245263182 3.464873065915924 0
32.76690523391946 3.387305042033139 0
33.04328728654791 3.147683527423084 0
33.01481213261373 3.454488546670424 0
26.09955396522193 5.308005135214449 0
26.41815023479309 5.472578869097986 0
26.10425786184825 5.651637926931136 0
12.66076087339032 3.805155274114566 0
12.8841560983734 3.916162122185707 0
12.53880870113335 4.035829530985542 0
8.887028340434325 4.69568838568265 0
8.568359320330286 4.543741293493017 0
8.887025340880434 4.367133365981343 0
29.75005725281141 0.5876945938611112 0
29.45982514297144 0.8040320508264943 0
29.57472417589154 0.4173454696720067 0
30.9292730617134 3.198996531557585 0
30.99651004804754 3.511582259815152 0
30.6198479651096 3.469527291464981 0
14.57654400950845 2.359064810909984 0
14.33734347424392 2.211895419809742 0
14.68213682204862 2.03074240427761 0
11.61765392735074 7.612914230217878 0
11.4843365153515 7.435381061933794 0
11.6761136742622 7.281396792943525 0
38.76342849643157 3.954258065880331 0
38.88168543522912 3.620389168781581 0
39.04021701328014 3.959659178316716 0
22.37955893144249 6.454445726393353 0
22.62941797520799 6.565903932334174 0
22.29547569816785 6.711940917013016 0
9.555912733917344 6.196343066531507 0
9.841795961189597 5.940198876380073 0
9.855403273385003 6.357314763364104 0
25.43159915440711 3.811094785543006 0
25.09786636094032 4.099004653086911 0
25.08166274094083 3.684251796396342 0
6.542853124612122 7.279401377903377 0
6.452879205388005 6.968247280840213 0
6.762091669547094 6.972117199684764 0
20.41067269342195 2.352640453125876 0
20.31245347322026 2.034360231322057 0
20.64752802656542 2.210040295943367 0
23.32799699570428 2.37427362138273 0
23.51521697825514 2.547351958096995 0
23.20459254309909 2.652811886380644 0
10.83540438712359 3.093577643381285 0
10.56579344115482 3.171422618632768 0
10.55926454562208 2.830199873504242 0
11.19659101637371 0.5563726265930162 0
11.41288724037195 0.4334425886934933 0
11.48758260540939 0.7918521722292077 0
21.62641119524886 7.747235079157971 0
21.25782667420749 7.715899792465446 0
21.48560099920617 7.47137951916995 0
21.8403522560795 7.056921748981776 0
21.53908626441384 7.298801186625901 0
21.47176773503813 7.025586462289252 0
38.54824652001546 1.280624377738884 0
38.35291673977428 1.119911165355404 0
38.62961772026456 0.9276969483563523 0
2.505765502168128 2.279702993157898 0
2.642840750623048 2.611108926128975 0
2.284963691615872 2.486383680274228 0
16.94405715552361 6.272844049510458 0
17.08554516337358 6.524785082746566 0
16.74702320839701 6.599614069942253 0
29.45881151892642 0.07211248565512769 0
29.5019127424203 0.2884499426205108 0
29.16857940908645 0.2884499426205108 0
12.80448547171348 1.198664135569782 0
13.03056123400499 1.36116747613414 0
12.64966348356091 1.519999807792751 0
21.70489418116856 3.084913560966852 0
21.36117122257079 3.100535719013257 0
21.43758038235196 2.775336692111981 0
21.54086828173989 2.265980857911872 0
21.3965739074948 2.570603516348236 0
21.19714532314213 2.281603015958277 0
1.171061711406783 9.417962429766193 0
1.449494671811226 9.162875447856448 0
1.390806628357238 9.535631880054366 0
14.00247306067792 5.314943347336039 0
14.27881712667767 5.533303838573274 0
13.95314982563602 5.677425983592318 0
35.47500942253158 6.025879297717894 0
35.75778566487121 5.92549505136597 0
35.68772597518421 6.270118417301457 0
37.20712644378076 9.529699881262346 0
36.92759782535963 9.60781425840622 0
37.10777941531232 9.310011311734854 0
19.62736415354104 5.98121228909856 0
19.26819283914567 5.927500055011616 0
19.48225079073357 5.754856027420001 0
12.56433358629489 2.40764666997591 0
12.53671667252036 2.162184210044055 0
12.8433181882723 2.230211241890494 0
23.80355507711099 9.445286269604708 0
23.58951020611862 9.567768133335832 0
23.51445222658371 9.210443522352435 0
38.62916723600714 8.727217000456461 0
38.6356243357422 9.080299973622358 0
38.44471481949935 8.878895141362875 0
38.00126702316799 1.192431274455532 0
38.08263822341709 0.8395038450730006 0
38.21617186556241 1.097862889534566 0
6.102857999976468 0.4513826256621822 0
6.433367958115503 0.4175397353363962 0
6.428980766477693 0.6951378887988627 0
30.6814297801264 7.918796810852109 0
30.94624399828992 7.818361173939074 0
30.89648107596119 8.197811562461618 0
6.55315203327003 0.0812517543788935 0
6.879274799771255 0.325007017515574 0
6.545941466438894 0.325007017515574 0
15.25219428987898 6.349412877409534 0
15.48624897677575 6.214590711521883 0
15.34726318132585 6.604186376212421 0
22.45339392873659 7.599335453809832 0
22.47166115646248 7.843335406728829 0
22.17591136853717 7.778573662347316 0
10.73549221439128 1.320269114893571 0
10.51003846963156 1.193667464454887 0
10.82012044396634 0.9782367786303956 0
24.26035839085365 8.6841809914973 0
24.48331880792646 8.811576214392611 0
24.17490966510084 9.026308901780817 0
36.94214627505199 3.628680390556333 0
36.68680504428996 3.839449963789574 0
36.60386003031049 3.483132064180811 0
36.61531944822514 4.319653972834275 0
36.27703320348365 4.174105646458753 0
36.60509833758325 4.01219335935906 0
36.54381158584388 2.802832991142074 0
36.61144940471352 2.51579736733763 0
36.90800017004806 2.654413718030138 0
22.35717593526967 2.47138628192259 0
22.11453319834521 2.262078364152718 0
22.42455887864628 2.199107233410437 0
33.00463907638443 2.603693986174765 0
33.2525459750787 2.67087749081205 0
33.10272074716415 2.95178076345849 0
34.90521677904366 1.014010255203705 0
34.60971105742231 0.9626967381401031 0
34.88849087124435 0.7588632899084079 0
31.80721777677054 9.473960094429628 0
31.98480358914597 9.151569216604953 0
32.17378670966191 9.465501426326561 0
28.89174167377147 8.731376689940259 0
28.70583651513569 8.464163756991306 0
29.08698414218322 8.578317360507077 0
13.17361603568617 7.835659437778285 0
13.0065219242111 8.040925211525169 0
12.79129754842896 7.717126882588239 0
13.21371176604042 6.91359785762329 0
13.53784856255437 6.856548843359899 0
13.41536011600381 7.158718002536648 0
13.33735967168252 7.748221175108195 0
13.44627209241433 7.367373831907874 0
13.66149646819647 7.691172160844804 0
38.00487717972174 8.798947562005615 0
38.28864230542799 8.896827781750163 0
38.0113342794568 9.152030535171512 0
34.90670399345229 3.840221049607646 0
35.17670337142829 3.970064539196077 0
34.93293771917095 4.195253859307262 0
14.44714597204194 7.130698615739695 0
14.61217061884383 7.363776206862968 0
14.25413627252051 7.44729116670645 0
30.44787745882397 4.498608787885572 0
30.11159739220236 4.699371312313107 0
30.14638596744436 4.357969239338964 0
22.54759981828805 2.104880149103034 0
22.60669695691228 1.885170026923105 0
22.84933969383674 2.094477944692977 0
31.45690642672242 3.801554983024056 0
31.14748133011862 4.072085742931452 0
31.1284183892998 3.66222187268177 0
34.1293090790781 8.745092066206682 0
34.05416102553431 8.490554908081689 0
34.43651801360965 8.538462883865579 0
35.15950242667193 8.662017950275159 0
35.39406919601374 8.791278619426949 0
35.08120987911511 8.997441638978678 0
3.99547897761872 8.763666646717772 0
3.977095317811898 9.050586915498634 0
3.642253404211478 8.876884144036966 0
23.80911803798674 5.828888380808297 0
23.85079535503549 5.585605479320118 0
24.03477022374919 5.925897597239231 0
15.89960327326773 6.0715556340317 0
15.99467216471461 6.326329132834586 0
15.64810122262294 6.145126400677426 0
28.54245883501139 1.573386363707557 0
28.8477464578662 1.596009369146165 0
28.67222471161861 1.758548195585819 0
11.99814907983176 6.308711220362157 0
12.07864224054502 6.029837993243141 0
12.33694595742495 6.225413651809315 0
8.851660241143664 2.622599824266687 0
8.621292895888336 2.513585946079758 0
8.916635330335412 2.308148895822328 0
1.038177980701804 9.431953056528499 0
0.8592717055373202 9.591594387103582 0
0.9179597489913075 9.218837954905664 0
26.13433377988706 7.407223827071662 0
26.35950691314191 7.522144044348171 0
26.06477119856669 7.720251076590933 0
2.911029899005445 3.615764303796522 0
2.561184765975673 3.485177448978494 0
2.873200172309892 3.282391795722989 0
15.02329673744253 7.424953497525785 0
14.8302870379211 7.741546048492541 0
14.75620831019398 7.437339927309491 0
22.12578312608096 1.161282719891056 0
22.27455892209567 1.479762119012301 0
21.97529214340992 1.343794026011435 0
34.44834489699353 9.926238395473574 0
34.12671292130744 9.704953581894296 0
34.46004625464078 9.704953581894296 0
0.5497507583790398 2.243315572886618 0
0.4588622224424257 1.997496305776503 0
0.8068903846571723 2.192649502930507 0
6.495770760803087 8.396035284356827 0
6.193278019180465 8.372977427440063 0
6.350800414006152 8.228244792005746 0
12.02276366189134 5.889431445400263 0
11.77463476521702 5.747085028990651 0
12.11343164281022 5.66378746043781 0
29.96840258137729 8.631969029694078 0
29.71305477916859 8.467324142650883 0
30.06802175080864 8.295843054509406 0
33.0272277932613 8.808000604113131 0
32.87007328443161 8.604747328959229 0
33.19818639987856 8.510501926542306 0
35.53407079012884 2.971063809753153 0
35.12728549222459 2.876282299728727 0
35.39529685314923 2.624902275849788 0
35.69555097347632 2.206046075825914 0
35.4356668989861 2.433647842367978 0
35.28876567557208 2.111264565801488 0
35.85454200837297 7.751474463481014 0
36.17145150333126 7.598017593795429 0
36.06183164458288 7.952542049742032 0
31.24927913449396 7.471153348653623 0
31.46433043032876 7.750168100263132 0
31.08820633688181 7.706450308389454 0
14.97714922896247 5.321883897164305 0
14.96138221752573 5.0432191802105 0
15.27894283294212 5.290910696764713 0
36.55501354451813 2.366057723215316 0
36.31806814506232 2.203874414652818 0
36.68225672926651 2.055455141540882 0
34.31366490111691 5.620601042032905 0
34.58873385121614 5.5745145937892 0
34.41335447445087 5.876092289089677 0
31.89644619626405 8.695443798977168 0
32.26301512915543 8.686985130874101 0
32.00711069401935 8.956940142741837 0
2.259506979636421 4.51979768775844 0
2.036766238956991 4.64275335044482 0
2.16716526865357 4.281596008418862 0
9.175087954415021 9.458330687598441 0
8.856210168573321 9.547060961622156 0
9.025038498390716 9.204313319376476 0
25.82456097453133 0.5416078435250932 0
26.14377814749015 0.4529388417001107 0
25.97467129762991 0.7956373481801631 0
10.82340756389816 1.454317121860037 0
11.17178184199384 1.514428806496264 0
10.86169986765906 1.729859492320755 0
11.72023417144067 7.72592796796389 0
12.08643465062194 7.733451743927572 0
11.89465749171125 7.887436012917841 0
34.04121798041188 3.926526698910706 0
33.95765059446652 3.645065649312855 0
34.27460776100916 3.702699597650174 0
24.17339233542312 8.549747876575152 0
23.8270454433787 8.488576442092223 0
24.13545458620432 8.273843754704018 0
8.885370763900747 5.403776235409893 0
8.853994905903846 5.765256580163687 0
8.528728853143125 5.583307461493703 0
32.10484993157085 4.614683652375765 0
32.15549030207124 4.233604183931356 0
32.45318037074063 4.44193956096306 0
26.10650346605756 4.593777512708177 0
26.13869932191507 4.242078161596918 0
26.45425255904099 4.424856784936485 0
15.4511071580669 7.185865312221945 0
15.52518588579402 7.490071433404995 0
15.19702144941076 7.362084843753899 0
15.85988400700853 7.81112237551255 0
15.6057982983524 7.987341907044506 0
15.62738009802943 7.646385699227646 0
9.018894345361486 8.705634817798177 0
8.985990096127333 9.016139351926411 0
8.700016559519787 8.79436509182189 0
25.98087446936104 1.294358689612735 0
26.01374967133734 0.9838250597020736 0
26.30009164231985 1.205689687787753 0
5.777995668472265 3.685892505076269 0
5.50506573403041 3.540000759194834 0
5.78472043000681 3.435137659247869 0
35.16692899754618 7.889498778702849 0
35.0087823101253 8.118401542437891 0
34.77892162710377 7.841124640129583 0
11.18003303706108 4.166515904567525 0
11.14495295897749 4.409452265887682 0
10.95327530791159 4.072549847925829 0
13.90557984518959 5.140336006764095 0
13.56557696368271 4.978996621304542 0
13.89124426472436 4.834874476285496 0
6.149448383770351 4.045910845049291 0
6.456397768935973 4.006097032437918 0
6.339569777412211 4.28478292972529 0
4.874080331833768 9.429254923532362 0
5.08341903370622 9.106978125826872 0
5.230193460298975 9.45446773375123 0
14.24266752119583 4.42465787111695 0
13.97551618372592 4.65595494237371 0
13.90266463968895 4.263318485657396 0
29.10572387032672 3.174799050921767 0
28.90477077003893 3.468542888169704 0
28.73643904395266 3.131612339470224 0
33.53599884095801 2.415864308035647 0
33.63408051173773 2.763951085319372 0
33.3853859162221 2.623920071277271 0
36.62800018284815 1.121002942439571 0
36.65485665257868 1.445093021452176 0
36.43670151966266 1.257918058771842 0
8.00764555731141 7.3433308601216 0
7.759738658617273 7.276147355483666 0
7.900350411251729 7.034975448116889 0
26.99304562584352 2.656883625152721 0
27.24095252453814 2.724067129788552 0
27.09982238452451 2.965078173206425 0
4.213951536266603 1.196685150455852 0
3.972632429080102 1.179209972902487 0
4.076045835342882 0.886166702032854 0
5.906679221049654 6.825535720004051 0
6.125917765984627 6.518251541785436 0
6.293835729497388 6.854780866365381 0
30.17180468344472 7.585475972956455 0
29.87937189806925 7.523107759051787 0
30.18448262260668 7.308302257572442 0
37.91450750664035 2.207762948840732 0
37.57030483241711 2.396987610525767 0
37.66251464334007 2.029385921965323 0
35.33280474060978 7.787448672911736 0
35.44242459935816 7.432924216965135 0
35.6722852823797 7.710201119273441 0
35.19262343266016 7.006787564664703 0
35.53210397443007 6.929540011026407 0
35.40737927237075 7.237758939903376 0
4.884992629867057 5.267676669069886 0
4.94951124341235 5.597078428773809 0
4.603079324881841 5.499508082432812 0
5.397063400047256 5.862920795468299 0
5.115150095062041 6.094752208831227 0
5.077528935957401 5.745889460373412 0
33.84368102089977 3.540642913999118 0
33.58533968614488 3.508835757655756 0
33.81872946674216 3.285008656395224 0
34.08446246639809 8.879085615874493 0
34.25713156288963 9.074437082536816 0
33.87477457481429 9.026529106752925 0
5.830029649444962 3.827418386132539 0
5.992856353897598 4.001241183472946 0
5.7132016579212 4.106104283419913 0
2.278783517790659 9.49829643389338 0
2.001070413286541 9.555715381086161 0
2.223883144861769 9.243209451983631 0
6.442745436617376 1.631657501776043 0
6.789973803008029 1.676142966055421 0
6.585857769872689 1.847154762771572 0
0.5219100972199505 7.135830902949784 0
0.413523698019837 6.828050950954133 0
0.74834703619183 6.971105483123137 0
11.73937466839399 1.159160536634414 0
11.62327851841446 0.9425491497395569 0
11.95567089239223 1.036230498734891 0
32.87380610079114 1.273231997967883 0
32.56552561208513 1.163469938212335 0
32.96398452245416 0.9388435837013832 0
12.81365969542697 9.056031467059368 0
12.84209319335969 9.301168432376336 0
12.54998142592398 9.109378209119173 0
5.027270988370719 6.613649599956783 0
4.707736524280864 6.496618264861897 0
5.022701992142906 6.282434409953347 0
29.20036741908896 5.826573481631577 0
29.36039467157247 6.016595362704592 0
29.13517997067699 6.183440905608742 0
29.74399918924196 5.990972567412288 0
29.67881174082999 6.347839991389454 0
29.49630261411072 6.05769513414977 0
38.61970376089945 4.026084118655628 0
38.46531807115165 4.246963389417902 0
38.30678649310062 3.907693379882769 0
38.34052171447028 4.693055960194243 0
38.02760444667145 4.574665221421383 0
38.39552255954436 4.413706349802556 0
6.541281619067913 9.913552174521506 0
6.498459809605158 9.654208698086023 0
6.831793142938487 9.654208698086023 0
23.2625705430544 8.843907183069113 0
23.37920609306957 9.060098750718536 0
23.04852567206204 8.966389046800238 0
22.23628108207955 8.941836132774187 0
22.5008872636068 9.037821278907957 0
22.12006379752549 9.195587696168769 0
9.582866430818328 7.409649515334735 0
9.828503874141575 7.2977384070237 0
9.84183939931564 7.663182950350333 0
25.41704292664356 2.590358363853973 0
25.17147346521071 2.702263562775715 0
25.15806995814538 2.336824928839184 0
28.47310921257632 0.08778386590985397 0
28.55910351702445 0.3511354636394159 0
28.22577018369061 0.3511354636394159 0
37.48262328870756 5.941689022250277 0
37.68541052555444 6.186835801386384 0
37.36601909937966 6.152731246539861 0
19.04991220541639 4.771542491178121 0
18.99337311260658 4.455051667551804 0
19.31488662826754 4.526556722261335 0
18.61101522940121 4.215657723848682 0
18.87598965225236 3.970671954931895 0
18.88364886860278 4.316080475719445 0
11.00015810953129 4.895618914178073 0
11.22522911977402 5.039511783579265 0
10.87359629452498 5.159879869767533 0
1.192674427399478 6.906583982827004 0
0.9160381187367118 6.913793753092442 0
1.084288028199364 6.598804030831352 0
22.16967933952263 1.022143101353354 0
22.15087699717661 0.7872355518606277 0
22.45014377586237 0.9232036448614936 0
4.10218055262878 5.430323022400533 0
4.407376305572272 5.540169670765475 0
4.166699166174073 5.759724782104456 0
34.31047726143483 2.386835388646208 0
34.00708365985651 2.197814761709682 0
34.30337117109858 2.147787876877968 0
30.63105235132022 5.541501695407774 0
30.53644204207343 5.768972995077323 0
30.41599259299244 5.420233099463854 0
10.94571699606316 7.468942223194688 0
10.79045086836796 7.67617939134502 0
10.5834556116453 7.358857850853955 0
32.4421909756583 8.584999348982803 0
32.61314958227558 8.287500671411978 0
32.72381408003087 8.548997015176647 0
24.11020383191871 2.562015278442964 0
24.26545006971305 2.354742216277723 0
24.43054448523696 2.648917418573414 0
31.13517284698908 9.503402943725987 0
30.81894032386941 9.583272823511992 0
30.96329053668681 9.269340613790384 0
30.92486520741883 8.81816259166073 0
30.91071362679424 9.098030525774069 0
30.60863268429916 8.898032471446738 0
25.16210462690411 6.416761871804625 0
25.1789053735103 6.786548927674612 0
24.94124848990718 6.603321286647383 0
11.54144164076693 0.07849318187873046 0
11.83243322980261 0.3139727275149218 0
11.49909989647025 0.3139727275149218 0
16.50203632685175 0.09950183565375541 0
16.67481197418006 0.3980073426150216 0
16.3414786408464 0.3980073426150216 0
18.4979236693341 0.09947737712961928 0
18.65836134410126 0.3979095085184771 0
18.32502801076742 0.3979095085184771 0
24.98977951193168 1.272381075456591 0
24.66552371833309 1.175196049865342 0
24.96163472378325 0.9676856264552046 0
25.16562554123375 0.5387691689363376 0
25.00559623110876 0.7842826498251413 0
24.84136974763515 0.4415841433450889 0
4.863944913400418 2.809846861827316 0
5.146119062287059 2.796015343890228 0
5.001103657910353 3.084066020491283 0
28.52598105132877 8.360816211902176 0
28.1723198185438 8.317986509583735 0
28.36756228695555 8.164927180150555 0
19.78458262482921 4.520936520326203 0
19.49855423312075 4.463905229548355 0
19.7280435320194 4.204445696699886 0
16.50199531910036 9.901646854795571 0
16.34131460973494 9.606587419182278 0
16.67464794306828 9.606587419182278 0
18.49559665484661 9.900988014291867 0
18.3157199527199 9.603952057167467 0
18.64905328605323 9.603952057167467 0
7.433140752649283 7.496271519472099 0
7.325845606589603 7.187916107467388 0
7.616112457451742 7.314382520321291 0
27.56876627246452 2.505068845766201 0
27.67554303114551 2.813263393819906 0
27.38488268619339 2.686113434941922 0
24.4376021194481 4.530775159325468 0
24.18728628338293 4.731304628547847 0
24.18653589365282 4.402743593913839 0
12.7678981013465 1.059668224483912 0
12.50331400209298 0.964016163449268 0
12.88421175253707 0.8051838317906572 0
10.00803816635071 8.730193680129375 0
10.32801673759792 8.835175211742753 0
10.03184649773578 9.04259313949629 0
9.832484517889107 9.463747773461662 0
9.987958085620383 9.225981662829362 0
10.15246308913632 9.56872930507504 0
0.3913217754820155 8.696126819789205 0
0.6044368771048479 8.816345051499702 0
0.3642243208990445 9.074304494585425 0
9.827208717239413 3.585083713757026 0
9.817567008367805 3.216120937788599 0
10.04724639105387 3.399884142318085 0
23.45918793871309 9.921719084249242 0
23.17008508818582 9.686876336996967 0
23.50341842151915 9.686876336996967 0
10.35585842655582 4.467786694273726 0
10.48073352265537 4.253452551443761 0
10.58727648110214 4.605138049502501 0
0.08571320875937753 1.538666865570171 0
0.3428528350375101 1.488000795614061 0
0.3428528350375101 1.821334128947391 0
4.025381839112923 6.951337740247812 0
4.123073983166505 7.239440586070439 0
3.753460639845184 7.146842779153006 0
24.62369300356369 5.541863967097485 0
24.50478166824648 5.749304991572135 0
24.3990026175094 5.4034175678487 0
34.89161544961013 9.42853971562108 0
35.01423813484967 9.189072080315158 0
35.12618221895195 9.557800384772868 0
7.137126651986487 1.337254000433343 0
7.280238985241802 1.552751261428872 0
6.963569106850307 1.602542090719746 0
7.677894910268175 1.6693940309358 0
7.504337365131994 1.934682121222203 0
7.415431049812223 1.635786269054487 0
28.68458170263369 0.4232479492945436 0
28.97502195501327 0.3762338085303648 0
28.72768292612757 0.6395854062599267 0
11.04934102678773 0.5551487557466294 0
10.89858264706545 0.7869566888436602 0
10.82388728202801 0.4285471053079459 0
32.86224777482923 2.525631814535378 0
32.53315554094334 2.639532076900945 0
32.6829807688579 2.358628804254505 0
32.41479589957752 5.523125434929973 0
32.61770815855608 5.400053718433778 0
32.53506930672894 5.726848935951298 0
21.57195848833476 8.589477120546634 0
21.72777818343803 8.270629352327012 0
21.81800004105932 8.588956800170136 0
13.448162266557 1.388621571917139 0
13.29334027840442 1.709957244140108 0
13.19148043271587 1.408656835220979 0
26.76923160552721 7.54232016911467 0
26.69966902420684 7.855347418633939 0
26.51823136955194 7.555918129858924 0
31.16765057445626 7.025604843005528 0
31.54377466790321 7.069322634879207 0
31.26914019388758 7.300941982307642 0
23.94922350646604 9.446924055992772 0
24.09712594400394 9.216994667904686 0
24.17218392353885 9.574319278888085 0
23.83667221377297 0.5280511177279688 0
24.17579808243612 0.4389046305429967 0
24.00997623698183 0.7735645986167724 0
1.267268081501447 3.116573787625542 0
1.169145581065991 3.437630552077475 0
0.9772272598142219 3.119559096067798 0
0.5473394368794259 2.876718694518413 0
0.7972450986587168 3.059595322791016 0
0.44921693644397 3.197775458970346 0
3.154928521842709 8.810311551813543 0
3.432115790267475 8.88854537031091 0
3.136544862035887 9.097231820594404 0
2.908194753211393 9.505234724328242 0
3.074861419878058 9.27096261372308 0
3.185382021636159 9.583468542825608 0
11.13210133034518 9.52618817523375 0
10.81070062558368 9.584339405518064 0
10.95424156474312 9.28842206460145 0
31.58188592712752 6.041685000308252 0
31.82754370851034 5.833310432681082 0
31.82754370851041 6.218703040543282 0
31.42925980031889 6.046911088206953 0
31.21703920127589 6.239607392138086 0
31.21703920127582 5.854214784275887 0
25.48326149427562 6.045809135797213 0
25.23819365709544 6.231576923835276 0
25.2456046106725 5.862581494769985 0
9.511079321274174 3.955969647055158 0
9.750586795466004 3.770045891073665 0
9.740758703960234 4.139732851584644 0
11.60305815476053 5.069233212374581 0
11.47649633975421 5.33349416796404 0
11.37595413108133 5.082915358128392 0
21.9051999645298 3.156417200871665 0
22.23880351579692 3.061351251731234 0
22.16239435601574 3.38655027863251 0
22.42044641797278 2.638856990680257 0
22.67764080945873 2.868990068441101 0
22.36761512915767 2.931961199183382 0
20.16184931574296 3.653623176795751 0
20.35009729320528 3.451548552477844 0
20.41520566621131 3.806313193892199 0
35.87535292327301 5.802450431201209 0
35.94527845613878 5.533700817058855 0
36.15799500879142 5.777939936642419 0
21.43285632061481 5.010557348992104 0
21.72390777168918 5.173608959137943 0
21.44151311378685 5.350485181566406 0
22.21249629940915 4.95553667036184 0
22.22115309258119 5.295464502936142 0
21.91881776638776 5.159853789480376 0
1.537255431245911 9.914971006030084 0
1.482355058317021 9.659884024120338 0
1.815688391650354 9.659884024120338 0
18.12612175042628 3.601297728327215 0
18.12445604005202 3.942347428722492 0
17.89450719566256 3.801932858334748 0
13.03604113871713 6.857828651215899 0
12.70467760671064 6.935641176907084 0
12.8271660532612 6.633472017730337 0
12.41736663432218 7.319064501842139 0
12.20849154886626 7.094707868356577 0
12.5500089806119 7.050950139563644 0
39.46307586902282 1.122251644885288 0
39.54848499706426 1.359156869762273 0
39.20924869286966 1.385126811718535 0
39.44658978417092 8.88801823172127 0
39.19276260801669 8.625143064887194 0
39.54436347584996 8.64341059938659 0
8.212409285005137 2.486645470696659 0
8.277384374196883 2.172194542252299 0
8.461480156853703 2.479597357687251 0
5.475891024199229 2.581600667085507 0
5.613049768709164 2.855819825749474 0
5.299105589986762 2.738953795204776 0
13.66877311529152 3.787659812538834 0
13.75919103821287 4.104068971012867 0
13.40162177782161 4.018956883795594 0
2.416352622163555 7.785677910816478 0
2.188611922026786 7.594252625097771 0
2.522359737817868 7.409560790960664 0
12.94761472524026 4.7036076914169 0
12.73524463006193 4.617872789813843 0
13.04628748425724 4.457184384985323 0
28.10200171326876 3.072211586835522 0
27.91811812699764 3.253256176011243 0
27.80885189134656 2.955049079087236 0
21.56937977888053 1.382335858881154 0
21.83619130660981 1.39905731075896 0
21.71815557489525 1.7008152580024 0
1.54041551520777 2.339748258737321 0
1.7776487955259 2.379315021142123 0
1.464708844182785 2.573490211286829 0
0.91401694453177 8.643562687969757 0
0.8869194899487991 9.02174036276598 0
0.7351106693672866 8.803204018544839 0
24.10527062891603 1.261663024248222 0
24.0771258407676 0.9569675752468356 0
24.44439649757917 1.17251653706325 0
32.93921819100707 1.432353775480452 0
33.22563288331791 1.575330693751658 0
32.82717397294888 1.79995704826261 0
39.47744788553245 2.877856444120943 0
39.57359354247745 3.18458953588814 0
39.24083314240792 3.049956784010921 0
38.79663055743463 6.9255487998588 0
38.88706922424902 6.617224471548256 0
39.07320683142038 6.924487276870572 0
39.48273945082239 7.140562621890059 0
39.24473405476732 6.978240732378386 0
39.57317811763676 6.832238293579515 0
38.79291020556831 3.100122080725734 0
39.06969872241688 3.105523193162119 0
38.8890558625133 3.406855172492932 0
2.0511550618593 6.395811465709619 0
2.299428872953637 6.5773982235963 0
1.955045836510698 6.68908213607856 0
4.49247508670182 0.09019842760897739 0
4.636567013484838 0.3607937104359096 0
4.303233680151796 0.3607937104359096 0
38.65046069494307 2.087915820600939 0
38.72939391885944 1.818757072646499 0
39.01257080347479 2.132606828478873 0
38.75411834535451 7.925259484883548 0
39.0428015532764 7.882056684808352 0
38.82873523206973 8.183048545918279 0
19.60435335348939 3.536022376046303 0
19.32933538403088 3.564035154005798 0
19.5502554027333 3.26630180336929 0
1.627081078978897 4.79568503396923 0
1.534739367996046 4.557483354629651 0
1.87865976379261 4.711725186997517 0
15.51933381230303 0.08567853364431881 0
15.74400191598181 0.3427141345772752 0
15.41066858264941 0.3427141345772752 0
13.48488405201406 0.09775286695747908 0
13.60620287480864 0.3910114678299163 0
13.27286954147628 0.3910114678299163 0
10.86321053436234 8.792634081901463 0
10.88701886574741 9.105033541268378 0
10.54180982960083 8.850785312185776 0
1.406377644918578 4.110766184747651 0
1.65795632973229 4.026806337775938 0
1.479563509480966 4.386253642324257 0
28.07273760827036 5.138573831178967 0
27.89305245045442 4.888779193024414 0
28.27523021087947 4.822496436687481 0
19.48052855952965 0.08559241664274964 0
19.58878090487886 0.3423696665709985 0
19.25544757154503 0.3423696665709985 0
21.51968542469672 0.09709245883512811 0
21.74540836553801 0.3883698353405124 0
21.41207503220417 0.3883698353405124 0
8.151432031707335 7.42095424133596 0
8.475496308835433 7.345468972974331 0
8.334884556200976 7.586640880341108 0
23.15596532060539 4.130447195929513 0
23.51250934616988 4.268808217999157 0
23.25926683231249 4.364830050217585 0
26.84925915144759 2.57926024393834 0
26.52467648694079 2.654584648348902 0
26.66580662695442 2.413573604931029 0
19.48232094641216 9.913658080696964 0
19.26261711898211 9.654632322787856 0
19.59595045231544 9.654632322787856 0
3.07428608517514 8.701164524738193 0
2.813975115365609 8.660643712293005 0
3.109546043597197 8.451957262009511 0
17.56155339533382 3.647096364374244 0
17.75336510688945 3.813382517346506 0
17.55988768495956 3.988146064769522 0
15.51681980139725 9.913863623939982 0
15.40061253892249 9.655454495759926 0
15.73394587225582 9.655454495759926 0
3.32952207112909 2.851145704669965 0
3.503265119043441 2.586915833231718 0
3.632308441520956 2.924183375166077 0
35.77922880875806 8.739504399348185 0
35.70093626120126 9.074928088051704 0
35.54900079153527 8.810650231695204 0
6.926153059200943 6.912777506249344 0
7.109124764003401 6.730888507098535 0
7.199098683227518 7.0420426041617 0
21.51559048890316 9.902244034119704 0
21.39569528894608 9.608976136478818 0
21.72902862227941 9.608976136478818 0
13.47678164538983 9.921552168598035 0
13.24045991489282 9.686208674392141 0
13.57379324822615 9.686208674392141 0
24.89612310305869 8.83022152957774 0
24.81067437730588 9.172349439861259 0
24.64225998597772 8.848086348912721 0
27.90132832861333 8.723731073892679 0
27.7429095642401 8.527842042141058 0
28.01615663786494 8.408715225081361 0
27.35748442142278 8.41565769856067 0
27.4723127306744 8.100641849749353 0
27.60694858744246 8.450823698308056 0
2.100440550237394 3.682769448283559 0
2.062610823541842 3.349396940210026 0
2.35853742878366 3.501928735100253 0
5.971941681324171 8.761557603230992 0
5.826971334527234 8.593767110879911 0
6.062320749310736 8.464358007158603 0
5.109270610186289 6.743080462961657 0
5.350700479405186 6.800157861972841 0
5.035735011543143 7.014341716881389 0
17.1535257678315 7.752603714945103 0
16.94352440221644 7.588214768145367 0
17.15087973493901 7.385883966336759 0
24.02342459082475 1.417693452322905 0
24.11701234521404 1.796638249361983 0
23.74974168840246 1.581089287545569 0
10.09652738751185 1.175480520329364 0
10.18115561708691 0.8334481840661893 0
10.3502972629117 1.157470315813835 0
29.9007718178175 3.282654691784714 0
29.65766474881793 3.214824967013122 0
29.97479258496848 3.014922515235316 0
19.88376695622441 4.628770031485797 0
20.12478085760017 4.635779741338266 0
19.89529155870153 4.895239274186735 0
10.96054873028518 8.641748607811826 0
10.93116261329219 8.247243415827221 0
11.27637164943877 8.501491644909825 0
24.31007949176655 7.865257496899331 0
24.16962637529018 8.102721159785062 0
23.96373259972214 7.804086062416403 0
10.68673352537015 2.137622414090681 0
10.82753135802706 1.900685815378416 0
11.03510780346583 2.197734098726907 0
29.96611179440903 5.169129573362365 0
29.66462030302943 5.028490024815759 0
29.99115597609863 4.867001508682306 0
25.15060279963097 7.869567641797228 0
24.89184801863584 7.71140009794782 0
25.2139285606902 7.494477328864928 0
9.841339381571364 2.141374520312522 0
10.10317184879525 2.29510080938856 0
9.779304881041357 2.516267778912495 0
39.91539094128193 8.467930499942014 0
39.6615637651277 8.538388666441776 0
39.6615637651277 8.205055333107937 0
39.91539094128228 1.532069500053666 0
39.66156376512912 1.794944666886914 0
39.66156376512912 1.461611333554367 0
33.31290196557688 7.582040118182404 0
33.37182088619775 7.832116095235677 0
33.05353151350691 7.75068255285245 0
5.514224011735216 9.892574400764836 0
5.390229380274337 9.570297603059347 0
5.723562713607667 9.570297603059347 0
28.57192637090501 7.294087544980738 0
28.36702433285631 7.017426058086259 0
28.7138712806241 7.052552172296022 0
4.940029320198327 5.10434611787356 0
4.823226086206919 4.846185877647513 0
5.169658004737427 4.943756223988509 0
39.47171040785624 2.241448053103915 0
39.21788323170308 2.170989886604616 0
39.55064363177261 1.972289305149476 0
39.47746552412266 7.773711529450272 0
39.55208241083789 8.031500590485003 0
39.22363834796844 7.844169695950034 0
18.83856284601775 7.759434102916589 0
18.90252846407809 7.421477384422182 0
19.1230446221889 7.706827995337787 0
27.44624869324015 4.877912374156328 0
27.64874129584926 4.561834979664842 0
27.73643022169686 4.823613828768754 0
35.77966377650264 4.997632455807224 0
35.48645549608226 4.947198751984814 0
35.71438532332991 4.664883904267998 0
35.0387606236373 5.217770147283256 0
34.97348217046456 4.885021595744029 0
35.30122970786593 5.002233174853822 0
34.00935550760878 1.260077416626441 0
34.13889979472996 1.528664191682459 0
33.79515284394257 1.408490981880481 0
36.43615190263332 2.968768056821304 0
36.47736143720582 3.318153980747053 0
36.18081067187128 3.179537630054545 0
35.68340240095443 3.119119621069878 0
35.99262329645156 3.217125521116689 0
35.72461193552692 3.468505544995627 0
4.782076467004571 8.426122419456496 0
4.527983969589088 8.477652975609514 0
4.712242317141912 8.14850161031665 0
4.089942785466913 8.633387211231424 0
4.020108635604255 8.355766402091581 0
4.354950549204673 8.529469173553247 0
35.48615834495843 0.08437075887955316 0
35.611300046521 0.3374830355182126 0
35.27796671318716 0.3374830355182126 0
38.64182615610966 1.413163856825706 0
39.00393626464137 1.457854864703639 0
38.7272352841511 1.650069081702691 0
38.72324260540275 8.595121742709429 0
38.82101629708179 8.350514110374748 0
39.01192581332465 8.551918942634233 0
4.913144089888557 7.455522911215577 0
4.98670338146871 7.19245232894487 0
5.154573959107455 7.512600310226762 0
23.03763670287178 1.215658773845559 0
23.18888559574944 1.387767875555882 0
22.87969716072925 1.480353376988357 0
7.195767221289569 3.164366092106501 0
7.245502105580269 2.877512955995798 0
7.487455731734202 3.176172018063924 0
30.09715442920372 2.570527084157639 0
30.02388823781504 2.836890613328547 0
29.85404736020415 2.502697359386047 0
3.282458837616623 7.2151588175977 0
3.567729889471109 7.212798048490477 0
3.380150981670205 7.503261663420326 0
3.306970384025719 7.972751326971729 0
3.386278868272479 7.692659790763834 0
3.592241435880205 7.970390557864508 0
31.76183431052307 8.598118791264737 0
31.46866315105544 8.567640111892105 0
31.72456758619152 8.297685100024369 0
32.50363971523624 9.892536374058443 0
32.34789219427834 9.570145496233765 0
32.68122552761167 9.570145496233765 0
33.1793758431221 0.5247001718621122 0
33.04037695803691 0.7517106271749404 0
32.8710953544161 0.4149381121065634 0
10.54993059916159 2.242549605411929 0
10.48789609863158 2.617442864011903 0
10.28031965319281 2.320394580663411 0
29.70269219228897 1.626140525632582 0
29.52510128108993 1.856264882299223 0
29.44516158499187 1.564235384839043 0
29.18629688041653 1.296717895403514 0
29.31606275702375 1.481879727281776 0
29.00870596921749 1.526842252070154 0
1.379053341752642 3.022743786943165 0
1.424368300819003 2.744239093338291 0
1.616286622070772 3.062310549347968 0
2.268818137588105 5.639887170093629 0
2.158077118983307 5.892789473605944 0
2.016094893917479 5.536655699593484 0
1.998950389085292 6.263644085419923 0
1.746227145414666 6.160412614919777 0
2.090610181857604 6.048728702437518 0
16.19414578651731 0.4836858762593404 0
16.08548055686369 0.7407214771922969 0
15.91270490953539 0.4422159702310307 0
26.87614430020018 7.461729065021507 0
26.94588214824387 7.233553713486274 0
27.12731980289875 7.53298300226129 0
24.4466370428011 7.760617870749539 0
24.50996280386033 7.385527557817238 0
24.71585657942838 7.684162655185897 0
7.933669035755141 3.270639055096808 0
7.671931185350595 3.202740258811501 0
7.983403920045841 2.983785918986105 0
31.59786724294935 2.669662109469711 0
31.81446877090079 2.432973858778474 0
31.82119187405059 2.745224891044892 0
30.210799976744 2.506347945319905 0
30.30862955036525 2.245980804035112 0
30.47847042797614 2.580174057977613 0
2.39268295525773 5.591270353854483 0
2.511554164595978 5.342188434636904 0
2.653536389661806 5.698322208649365 0
18.79804089913211 9.51761013786443 0
18.91167040503538 9.258584379955323 0
19.0915471071621 9.555620337079723 0
8.103504971806375 2.568829514749677 0
8.02586290405865 2.808333533899322 0
7.841767121401827 2.500930718464371 0
20.13264344183268 6.306478880625327 0
20.42146859789712 6.116330824284883 0
20.42379051550983 6.476893165724934 0
9.42424874051728 7.403287676585087 0
9.207368638111452 7.63773559535174 0
9.194033112937388 7.272291052025107 0
25.57566061694491 2.596720202603541 0
25.79254071935077 2.36227228383745 0
25.80594422641609 2.727710917773982 0
27.0533876416102 6.821782736147191 0
27.30456314430877 6.893036673386974 0
26.99019298359637 7.073567131267695 0
18.80555657032894 0.4835019251612267 0
19.08670457424485 0.4418470437006178 0
18.91380891567816 0.7402791750894756 0
34.84598691262979 6.54194911909426 0
34.68798863824938 6.335605421105753 0
34.97950220180872 6.26668655809982 0
17.98976262745438 1.035668505341996 0
18.15063314418033 1.296232189663611 0
17.82352880274694 1.328342719504541 0
18.66878785245835 1.356197373895229 0
18.50255402775091 1.648871588057774 0
18.32038945043132 1.376364406801919 0
16.33269304707606 1.352393816320977 0
16.68601419283939 1.360856674230147 0
16.50396962676294 1.63329047991062 0
17.01171827207525 1.03186494777171 0
17.18299485176213 1.312761611361353 0
16.85577049908919 1.280724457092831 0
31.01785380701486 8.691394734651938 0
30.98058708268331 8.390961043411574 0
31.28266802517839 8.590959097738905 0
16.19146774446558 9.520451043122259 0
15.9026078580229 9.557101350555497 0
16.07526048199081 9.262041914942204 0
37.43467586454337 4.612699042414763 0
37.3540264563449 4.862605348303856 0
37.13198348734161 4.579772917084952 0
18.00641749126041 2.507959000716852 0
17.83557478137628 2.206863317137943 0
18.15940574530853 2.258074711248778 0
18.67493303269394 2.147890570883833 0
18.32653463066691 2.168057603790523 0
18.50409032280981 1.846794887304925 0
2.354672240643394 8.577112614120104 0
2.389932199065452 8.32790535139142 0
2.634071654232673 8.629630734638482 0
32.68012848896752 1.960458226645184 0
32.63745094739247 2.217335407281956 0
32.35103625508162 2.07435848901075 0
27.72523055014981 6.950238654378777 0
27.66203589213598 7.202023049499282 0
27.47252387144367 6.925150652944871 0
32.12549264948586 1.176284629464756 0
32.21567107114888 0.8418962151982562 0
32.37844724925881 1.139233096086553 0
12.99781913138184 3.079145127223615 0
12.80487472509544 3.258020430303323 0
12.7450302089042 2.928508059966875 0
16.28713375531582 8.654052924257762 0
16.40712579862533 8.33065170439084 0
16.61024189689361 8.595377976100883 0
16.99441838771553 8.998581031101729 0
16.78706305499353 8.681510002811875 0
17.11441043102504 8.675179811234807 0
17.98052144264645 9.008321863937226 0
17.82146928122179 8.724025750132341 0
18.14159257909567 8.7283794201983 0
18.69663811708223 8.633531955140164 0
18.32062174770461 8.634681942999034 0
18.53758595565758 8.349235841335277 0
17.97578550910343 7.554723807033461 0
18.13685664555207 7.794183193392997 0
17.82028529783662 7.841224405807938 0
18.69190218353844 7.872469671701015 0
18.53640197227163 8.158970270475491 0
18.31588581416082 7.873619659559886 0
2.140435781605151 2.522722582505815 0
2.064729110580166 2.756464535055324 0
1.927653862125246 2.425058602084247 0
37.23798203572384 8.775568628004288 0
37.1926750264289 8.417979390945687 0
37.40827032470582 8.576848980667247 0
37.89518646805467 8.647124409737899 0
37.57257143278852 8.54473792610065 0
37.84987945875972 8.289535172679299 0
8.505539070214054 9.915327543926011 0
8.355489614189745 9.661310175704047 0
8.68882294752308 9.661310175704047 0
26.4944812187901 0.08467650155168997 0
26.64459154188868 0.3387060062067599 0
26.31125820855484 0.3387060062067599 0
37.15990816601512 8.92080316607178 0
37.09597484587091 9.157787132937212 0
36.880379547594 8.998917543215653 0
8.31623241062915 7.981963785530419 0
8.37608465093143 7.726893266389722 0
8.640296687757248 7.906478517168789 0
5.602155571771148 4.839004351172374 0
5.335189567630633 4.877420782313212 0
5.48535233777974 4.580844110946327 0
26.68457865830024 2.018305676026897 0
26.62463650366758 2.273334962953169 0
26.35999599379344 2.093630080437459 0
35.66793762256305 6.793338952616775 0
35.73595802519208 6.461983331026178 0
35.95071386490267 6.69295470626485 0
36.39208380530274 6.970151455839425 0
36.13175041058759 6.737157832070513 0
36.46010420793177 6.638795834248827 0
19.96424176674434 6.307222128122661 0
19.75018381515644 6.479866155714276 0
19.74786189754373 6.119303814274225 0
27.89009233712018 3.654450049207975 0
27.59694251519799 3.537287541459689 0
27.86514078296049 3.398815791604356 0
14.67924869844156 3.543994976371911 0
14.98013854873253 3.629631309190843 0
14.72186141870149 3.86107683892385 0
0.08007085206860114 8.469569074526978 0
0.3202834082744045 8.211609631441258 0
0.3202834082744045 8.544942964774592 0
0.5265019696312585 7.771419561863428 0
0.7667145258370619 7.84679345211104 0
0.4318911876650689 8.037072253275371 0
13.30011088806042 5.919898895066123 0
12.99379994148861 6.050398044794122 0
13.0492405167672 5.718838193638294 0
18.84749090690044 8.740967392813557 0
19.14099711493043 8.778977592028848 0
18.92403290697747 9.064423693692605 0
36.48090827951936 0.08482292213276933 0
36.59029978476025 0.3392916885310773 0
36.25696645142641 0.3392916885310773 0
37.55390693863533 4.530557880727471 0
37.60890778370942 4.251208270335785 0
37.83095075271272 4.53404070155469 0
16.18178722818646 1.244938293114993 0
15.90034635120453 1.203468387086683 0
16.08239091728098 0.9310345814062099 0
38.74423040183645 6.125107371874363 0
39.0208066758222 6.124045848886134 0
38.87396918534947 6.417114114552146 0
39.4303392952242 5.8956767494605 0
39.56007807873723 6.187683492138284 0
39.19233389916914 6.066688193282668 0
16.15084977873176 8.774070100024481 0
16.06510599055736 9.07544667916776 0
15.86198989228908 8.810720407457715 0
18.81791512866613 1.244754342020844 0
18.91689855526246 0.93059227930438 0
19.09906313258205 1.203099460560235 0
7.161585452965766 6.319358096662438 0
7.43453107699234 6.448623194574794 0
7.167982862444607 6.582533654701809 0
31.23028579195906 1.837145442154927 0
31.10328086156805 2.142677368270121 0
30.95817638579217 1.846974364786382 0
22.02406060122323 7.013448005080675 0
22.20660111561303 6.851691486684846 0
22.27391964498873 7.124906211021496 0
10.49626896702147 9.920744629789233 0
10.31840920141941 9.682978519156933 0
10.65174253475275 9.682978519156933 0
15.96792274045109 2.230769458199644 0
16.23878307896645 2.168610019079404 0
16.18204870930221 2.491812819068107 0
24.50221245215714 0.08183782696293453 0
24.675516475366 0.3273513078517381 0
24.34218314203216 0.3273513078517381 0
29.44987501288796 2.38782295492874 0
29.69222750612521 2.457021327078822 0
29.37660882149929 2.654186484099649 0
15.14485043722116 2.651954438926211 0
15.40904249377583 2.502860890708679 0
15.37351315379586 2.82390191136758 0
31.72343089337697 7.006382198152923 0
31.8862754763513 6.773843096100393 0
31.98776509578262 7.049180235402507 0
14.47093009673087 0.086167869079665 0
14.55038705368464 0.34467147631866 0
14.21705372035227 0.34467147631866 0
20.52941598262488 0.08990092426709297 0
20.78433059725522 0.3596036970683719 0
20.45099726392138 0.3596036970683719 0
22.30882888985329 4.792332154685386 0
22.30414812816436 4.50703572677456 0
22.60648345435778 4.642646440230325 0
20.52965757344016 9.912902075978637 0
20.45196362709411 9.651608303914552 0
20.78529696042744 9.651608303914552 0
14.46343421819477 9.918379105634548 0
14.18707020611258 9.673516422538192 0
14.52040353944591 9.673516422538192 0
16.51466342768783 1.8111162020936 0
16.72878939653896 2.072159562962064 0
16.37546825077563 2.063696705052893 0
5.556988665054962 7.618650204110772 0
5.315535102899055 7.553382133450561 0
5.630547956635116 7.355579621840064 0
37.11238928810673 3.60818263099788 0
37.28483208252946 3.401141025947001 0
37.36777709650892 3.757458925555765 0
7.878261075812283 0.6056371018072637 0
8.151034850676266 0.4518202995345366 0
8.023436741198458 0.8459659210734403 0
19.54029979185168 7.921230540110987 0
19.29847885864737 7.747277104636386 0
19.60426540991202 7.583273821616579 0
34.98450078667241 5.374779553778658 0
35.08419036000637 5.63027080083543 0
34.75644282260502 5.513059221725638 0
36.7011983937395 4.451472183589147 0
36.94861411964063 4.539466202378549 0
36.62054898554103 4.701378489478241 0
21.91413749126502 0.4524824753450203 0
22.19460192760475 0.3535430188531599 0
22.08699153511221 0.6448203953585442 0
34.26856394665695 6.32827278610119 0
34.40207923583588 6.05301022510675 0
34.54363289675617 6.282186337857485 0
20.53918553606087 7.003689082067631 0
20.52542603906688 6.65119571608551 0
20.82801069212531 6.813541025727187 0
33.37730396823273 7.438362862776086 0
33.31113952413033 7.17597353122718 0
33.62942889682117 7.257407073610406 0
33.03550384616111 6.845729712226042 0
33.28762877474956 6.664773923060362 0
33.22568949361243 7.027815243589669 0
13.07379324822615 9.625543090343445 0
12.81011497872316 9.67888983240325 0
12.90712658155948 9.443546338197356 0
23.48847642403165 7.438207132552985 0
23.22965720279761 7.271706006505227 0
23.61037420184132 7.192367485162957 0
23.97750053864732 6.877214745170978 0
23.73263023049524 7.052119388317455 0
23.71868131741329 6.710713619123221 0
12.94019374221782 5.284788259324915 0
12.95926123030655 5.560060534702991 0
12.63388279564601 5.415287409052913 0
11.51126440202582 2.56514704878586 0
11.76739283014314 2.738026626876672 0
11.38540376695527 2.816885478404549 0
11.01065084515229 3.125255844327729 0
11.26025037773689 2.956912677290016 0
11.26677927326961 3.298135422418542 0
10.80061344615524 8.079046894385442 0
10.43835206173738 7.968962522044708 0
10.75417498089098 7.828705559142708 0
24.25498848111655 1.951920561751825 0
24.57532913443481 2.038822701882275 0
24.30164623201252 2.202218537104939 0
20.47485702715888 2.986500083359323 0
20.72821337762724 3.139190100455771 0
20.42834922105925 3.284767779118738 0
29.25349240150174 3.099950562555815 0
29.32751316865273 2.832218386006417 0
29.49584489473899 3.169148934705897 0
18.42670416578052 3.210374948067665 0
18.2016837818584 3.418304608163508 0
18.19675532139107 3.069960377679921 0
17.98835826658108 2.677634115275102 0
18.08716884659121 2.936775169481779 0
17.76333788265896 2.885563775370945 0
19.00848538376443 4.94764033491411 0
19.14917934165972 5.230948097205292 0
18.82766582599876 5.159443042495762 0
17.25253283320057 7.243817479361721 0
17.35013679526267 7.019948820245219 0
17.56013816087773 7.184337767044956 0
29.84303679332008 5.894011020598597 0
29.89245303042321 5.669848946895011 0
30.07496215714248 5.959993804134695 0
30.03507218845331 5.291833189434417 0
30.26699755227571 5.357815972970514 0
29.94046187920652 5.519304489103966 0
29.38845354091849 2.27840006494059 0
29.13092293362137 2.216494924147051 0
29.44654161824731 2.019329767126224 0
5.753115185352694 6.906207755856852 0
5.67957958670955 7.177469009776584 0
5.511661623196788 6.84093968519664 0
29.89242775187454 0.6030078723026658 0
30.14420617214406 0.4785985834382251 0
30.02930713922396 0.8652851645927129 0
27.18018511187687 9.467000961963928 0
26.88953579079144 9.55538365967341 0
27.05577672213466 9.217907697309869 0
34.59172351543899 4.600980759113045 0
34.85419259966762 4.385443786683612 0
34.86172289341499 4.730824248701476 0
7.123997236803319 1.198694517537135 0
6.911051446117632 1.048304159134912 0
7.227721324509126 0.9985133298440377 0
5.619880184161228 7.725395258014122 0
5.882114033060176 7.782559837453467 0
5.567101179324117 7.980362349063962 0
30.49826145212144 9.921979223354798 0
30.32637914181917 9.687916893419198 0
30.6597124751525 9.687916893419198 0
3.523146495418127 0.08437336842452241 0
3.759252648347744 0.3374934736980896 0
3.425919315014643 0.3374934736980896 0
16.28283814734379 6.821122062017337 0
16.58171845635206 6.736683573068973 0
16.42432615519375 7.073063095253445 0
35.11006759538963 0.4047492887098986 0
34.93970357533085 0.6065480482849565 0
34.81456187376827 0.353435771646297 0
17.95462978430792 7.400281125208115 0
17.73566239865457 7.223453678506554 0
18.05223374637002 7.176412466091612 0
18.41603184599494 6.900979051289108 0
18.16758426179177 7.05158694761186 0
18.19706446034159 6.724151604587547 0
7.812030668398499 1.612279931174574 0
7.951974082333521 1.407329870009582 0
8.040880397653291 1.706225722177298 0
30.30920282221683 6.870505739517545 0
30.2188321572997 7.129559699212714 0
30.01677003684135 6.808137525612877 0
1.176814737708615 6.113051109208699 0
1.080323105776649 6.400420812426776 0
0.900178429045849 6.120260879474137 0
0.5060504075290878 5.897853584887033 0
0.7324873465009673 6.06646149839372 0
0.4095587755971213 6.18522328810511 0
36.43850688316304 7.147625858456631 0
36.64579651937294 7.348693444717648 0
36.31744272202878 7.447055442539334 0
18.57619901005884 3.200747197928163 0
18.79473469850433 3.031449377121913 0
18.79966315897167 3.3797936076055 0
3.437596119560172 5.203988614681755 0
3.293823657476505 5.447270083563038 0
3.177408352159331 5.109138385757318 0
19.81558356653246 5.328735997508551 0
19.87824571127854 5.070230765692423 0
20.05659746790823 5.33574570736102 0
20.465303434304 5.426363673144926 0
20.21902743485111 5.360152626270113 0
20.52796557905008 5.167858441328797 0
35.8956372893997 5.100378474800703 0
36.17827937491811 5.075867980241912 0
35.95034954767045 5.358182827958728 0
35.02386696490351 6.952770060587123 0
34.73235340134418 7.021688923593055 0
34.85707810340349 6.713469994716085 0
17.58438980288503 5.570105487237933 0
17.82868417694227 5.401226998899435 0
17.79728872669373 5.729539806215571 0
18.02122115555862 6.163432446049147 0
17.90649656486212 5.877871545918374 0
18.26551552961586 5.99455395771065 0
16.15184146117887 6.761665306487209 0
15.90033941053408 6.835236073132934 0
16.05773171169239 6.498856550948463 0
35.48531867285762 9.920177454898026 0
35.27460802476382 9.680709819592105 0
35.60794135809716 9.680709819592105 0
5.577354893412958 5.834947912260641 0
5.79869490942021 5.633997927542777 0
5.836316068524851 5.982860676000591 0
25.5295119970392 7.12070133809715 0
25.30865586004226 7.307260752939908 0
25.27075721604407 6.962533794247743 0
35.3280845836249 5.990559480505699 0
35.1000266195575 6.12883914845268 0
35.17008630924449 5.784215782517191 0
28.07193130227729 5.29805884247542 0
28.27200498690723 5.460436481873296 0
27.88982722648217 5.526719238210227 0
15.50443247779012 7.039522549865044 0
15.41032272830364 6.776713794326298 0
15.73848716468689 6.904700383977392 0
15.44799382196767 2.977381249324039 0
15.70696516646309 3.116778242534515 0
15.44277310990841 3.265871790752047 0
8.49283633289251 0.08010960642205887 0
8.638011998278685 0.3204384256882354 0
8.304678664946323 0.3204384256882354 0
21.34431972902635 6.897643578064369 0
21.02929424036668 6.787029649726372 0
21.33056023203234 6.545150212082247 0
9.465243149112085 2.888164960364406 0
9.685280822926538 2.702965388925466 0
9.727075616335974 3.041891249440444 0
37.36538684918317 2.842776662826704 0
37.11339398588288 2.664399635951295 0
37.43302466805282 2.55574103902226 0
15.58603504687551 4.16277062939582 0
15.5198961363953 3.879300998321931 0
15.80239367111099 3.985085760054358 0
21.65892194488252 4.167503146014176 0
21.40682536651737 4.418620851217228 0
21.36869968906358 4.072051332847493 0
6.865196159198997 3.70254754487062 0
7.055317552840857 3.941419629546619 0
6.635334712793134 3.92025620739325 0
15.95845870386039 3.949586858007392 0
16.1441562673929 3.737305390134068 0
16.21029517787311 4.020775021207958 0
21.04983126354231 2.180716994705806 0
20.80731766909551 2.16705943133835 0
20.95161204334061 1.862436772901986 0
27.23040450966555 8.477205304080272 0
27.09862894041354 8.697014120386461 0
26.96399308364548 8.346832271827756 0
27.09424857777408 3.982511658533605 0
27.30075065047818 4.198296997294514 0
26.99151228370776 4.19007264373272 0
2.038803545576101 3.834878838536863 0
2.11198941013849 4.110366296113468 0
1.816062804896671 3.957834501223241 0
13.93367024080588 2.188883970379973 0
14.03926305334605 1.8605615637476 0
14.17662503206827 2.16935020967724 0
19.66914613121603 6.643172748804674 0
19.64009103098272 6.960448500484257 0
19.42371116178211 6.77253018663582 0
30.49007090687979 0.08742576409668233 0
30.62695029422921 0.3497030563867293 0
30.29361696089537 0.3497030563867293 0
18.82069099005766 2.234957919362609 0
19.08712215226469 2.195064281220029 0
18.90956646012179 2.516326997705626 0
21.0978116101864 7.788560999307246 0
20.98635093916447 8.037879906525175 0
20.84554074312178 7.762024346537156 0
26.6390029476035 4.440478321932892 0
26.87770087616511 4.304564309582542 0
26.8455050203076 4.656263660693801 0
7.427435528413099 4.201452257763516 0
7.197574082007237 4.419160920286146 0
7.195877395144382 4.066145807769844 0
38.90806997033086 9.464557933913413 0
38.72361755382306 9.616236074819829 0
38.70535001932313 9.264635206986595 0
39.48634093415055 0.9848594717530591 0
39.30230895338057 0.8355581191896215 0
39.64154525757517 0.8095881772333596 0
39.02541040485468 9.469854849299077 0
39.1747117574184 9.285822868529243 0
39.19297929191833 9.637423736362477 0
39.46985484929912 9.025410404853963 0
39.63742373636277 9.192979291917361 0
39.28582286852951 9.174711757417965 0
0.08330188725976363 3.505403320535299 0
0.3332075490390545 3.354946615474567 0
0.3332075490390545 3.688279948807902 0
4.43991853716885 4.536006498253479 0
4.669547221707951 4.375416604368428 0
4.698198390449549 4.704100972742492 0
2.474150054808543 7.928556324274543 0
2.753549468397821 7.981074444792924 0
2.419801652606739 8.165766278930031 0
17.97664682438972 6.308822044866989 0
18.08721820494029 6.576112352982018 0
17.72819924018655 6.459429941189742 0
6.2653853674231 4.675156996269357 0
6.368554023325398 4.442094467530307 0
6.572334752588721 4.635343183657985 0
36.5224398793994 9.926770476824169 0
36.42309285093096 9.707081907296676 0
36.75642618426429 9.707081907296676 0
29.18704949184293 1.163226735118266 0
29.01171641492306 0.9928776109291615 0
29.31907320272932 0.9479150861407831 0
9.120325174945355 1.883451903500529 0
8.983801563785834 2.123361915630788 0
8.889957829690026 1.774438025313599 0
6.143725116816125 6.339091772019501 0
5.977908624375643 6.108896640940306 0
6.365065132823376 6.138141787301637 0
25.86107181726787 8.136484804947075 0
25.99645570791189 7.902566321059787 0
26.08624495052272 8.251405022223587 0
3.499999999999968 9.921909296464946 0
3.333333333333302 9.687637185859785 0
3.666666666666634 9.687637185859785 0
18.44293249807944 4.249061849894272 0
18.21131794331573 4.449696979901806 0
18.20365872696531 4.104288459114257 0
18.06074756542584 4.989534649355886 0
18.27364648923454 5.148968968333524 0
17.94777361757747 5.256084289428924 0
26.51408609230812 9.91696891178198 0
26.38967770256592 9.667875647127921 0
26.72301103589925 9.667875647127921 0
38.78145678271719 0.3261307441310017 0
39.13199088638299 0.3115726619947822 0
38.93075813528105 0.5101627249006272 0
29.83790033365645 1.586375529157249 0
29.98599415046177 1.405175398937709 0
30.06593384655983 1.697204896397889 0
38.77358615490285 0.8052017778501016 0
38.92879047832746 0.6299304833304021 0
39.12412025856865 0.7906436957138822 0
12.78437207834698 6.465728730862143 0
12.53350170705376 6.264668029434312 0
12.86486523906025 6.186855503743126 0
10.50530276229465 0.07726931103234359 0
10.68787771590474 0.3090772441293745 0
10.35454438257237 0.3090772441293745 0
33.00296503867364 5.099034715841388 0
32.90958125119386 4.843062341066223 0
33.23910309211604 4.941983258786384 0
35.95578627614071 9.506026164694106 0
35.72555825891794 9.577171997041125 0
35.74507562804692 9.266558529388185 0
16.97663796774146 5.103322197230823 0
16.75249842883552 4.903125013229458 0
17.13044813976308 4.834991797673903 0
24.49374525695704 9.923356870637305 0
24.3083143611616 9.693427482549218 0
24.64164769449494 9.693427482549218 0
21.23109430100499 3.205165670281863 0
21.18458649490536 3.503433366041278 0
20.91727269608877 3.193856497186407 0
11.98417470743437 4.887438018498692 0
12.08471691610725 5.138016828334341 0
11.75511329884879 5.020363877467156 0
5.999118013823345 5.232026973997943 0
6.258079188935238 5.379939737737893 0
5.904135689522807 5.483267692977102 0
28.89412929140569 3.647685524436432 0
29.06315795579381 3.891369595988677 0
28.69387312941975 3.848182884537135 0
17.28529774358658 4.72831782186358 0
17.37189684412951 4.476429109988167 0
17.59603638303545 4.676626293989532 0
34.42826470100497 4.614166518587921 0
34.20788763567889 4.783567286600978 0
34.20035734193152 4.438186824583114 0
33.99561475395164 4.076813971447675 0
34.09219485516819 4.303848687798053 0
33.77523768862555 4.246214739460733 0
31.9269090748972 7.883811256629808 0
31.76583627728505 8.119108216365637 0
31.63373791542957 7.853332577257177 0
20.6283357611442 5.012984367816643 0
20.62050816322757 4.740656332221495 0
20.86678416268046 4.806867379096309 0
23.5279317922842 7.572862062197481 0
23.76819567485155 7.73098720374094 0
23.38747867580784 7.810325725083211 0
10.96675947148356 4.776209910101021 0
10.74000174233407 4.682243853459325 0
11.09163456758311 4.561875767271057 0
11.47282087020568 2.428541656518167 0
11.23162963967471 2.270463909333779 0
11.61361870286259 2.191605057805903 0
32.50922259384924 0.07567015177094276 0
32.70355704209788 0.3026806070837711 0
32.37022370876405 0.3026806070837711 0
23.11350658472062 3.557735309551501 0
23.09813865153806 3.241781516925961 0
23.35355785608662 3.43770943776264 0
22.84338936374271 2.905692470431763 0
23.0834406351087 2.785666598642901 0
23.03060934629358 3.078770807146027 0
23.97918461098201 5.116098949562433 0
23.72811838518674 4.988067384150804 0
24.07268190626641 4.877635576107089 0
39.92112841895849 3.501811224400399 0
39.68451367583395 3.673911564290377 0
39.68451367583395 3.340578230958005 0
39.92066486798164 6.501448259046444 0
39.68265947192658 6.672459702868611 0
39.68265947192658 6.33912636953477 0
32.88747621575402 6.835302831847415 0
32.63357897198406 6.986107722075162 0
32.69551825312118 6.623066401545856 0
10.47803452791875 5.527799030345108 0
10.74306539912184 5.317924898809292 0
10.70310553816148 5.671691899746299 0
27.96089126663688 3.790748948346362 0
28.14833650102727 3.944011388157903 0
27.88013823326477 4.082483138013235 0
34.37626184856794 7.604644557294706 0
34.58125483985921 7.769911084777547 0
34.21811516114706 7.833547321029748 0
24.02323624114137 5.227923146191192 0
24.24888842690382 5.324932362622127 0
23.90432490582415 5.435364170665842 0
13.2417813002722 4.067477607013495 0
13.11982912801522 4.298151863884471 0
13.02941120509387 3.981742705410439 0
19.86628852048777 2.637720901545284 0
19.66944796110066 2.768051374969138 0
19.63423756432347 2.446793631684861 0
30.82761437226093 1.765241924704451 0
30.5810328074431 1.815747607942397 0
30.7080377378341 1.510215681827203 0
7.508092114322676 2.114148744994656 0
7.692913907030903 2.387260526025615 0
7.430450046574951 2.353652764144302 0
7.015651343399533 2.417746202584285 0
7.307339853844165 2.429552128541709 0
7.20047313610776 2.690857983615244 0
13.11400333821251 0.4568803144425142 0
12.97073806175357 0.6544868542803078 0
12.84941923895899 0.3612282534078707 0
17.14501426223631 4.170751335400013 0
17.45575290168518 4.119059807525964 0
17.33682597379194 4.337037488372275 0
0.07886554164802691 0.5078318349123533 0
0.3154621665921076 0.3646606729827611 0
0.3154621665921076 0.6979940063160915 0
0.5233099860921496 0.06338739046791274 0
0.7599066110362304 0.253549561871651 0
0.4265732777031383 0.253549561871651 0
21.88837672724724 9.543215219309781 0
22.03308770881742 9.345932467802667 0
22.15298290877449 9.639200365443552 0
16.27862047205686 4.800698442078147 0
16.43243064407848 4.532368042521227 0
16.57799405491437 4.827469074441288 0
12.44906951456396 5.41133832015904 0
12.22000810597838 5.544264179127503 0
12.20094061788965 5.268991903749428 0
1.299580104853641 6.039009391459417 0
1.391239897625953 5.824094008477012 0
1.571384574356753 6.104253941429651 0
11.88266477349769 6.431862694066633 0
11.87500873208866 6.718019546627219 0
11.61670501520873 6.522443888061044 0
12.05021326761796 7.05011605519286 0
11.78425350932901 7.14069724918727 0
11.91689585561873 6.872582886908776 0
34.78884840547851 3.703119536545552 0
34.46151536727582 3.646847807058885 0
34.70528101953315 3.4216584869477 0
27.56144673951682 5.904141342542747 0
27.76220608579205 5.678239863227059 0
27.76152042414676 6.066518981940622 0
38.03024948182377 7.831112093816 0
37.883645212202 8.085532093698825 0
37.70763444655763 7.728725610178752 0
36.1040185937936 9.512619186620247 0
36.33800489865849 9.292930617092756 0
36.31848752952951 9.603544084745696 0
0.07547897965729312 6.50064708228 0
0.3019159186291726 6.335921662453352 0
0.3019159186291726 6.669254995786686 0
20.28460162523752 4.56941064838231 0
20.52305002677379 4.363293659661976 0
20.53457462925091 4.629762902362913 0
3.193763899340289 8.052608234892633 0
3.139415497138485 8.289818189548122 0
2.933452929530758 8.012087422447445 0
33.97571896379577 5.155971445032473 0
33.74781160472232 4.979991751027666 0
34.09475120137659 4.919018518212116 0
7.966793726553124 4.946549732840579 0
8.072846785721138 5.203218274258877 0
7.754427622088158 5.095404028320375 0
0.07103836720761084 9.484517188347944 0
0.2841534688304433 9.271402086725109 0
0.2841534688304433 9.604735420058441 0
0.515482811652049 9.928961632792388 0
0.3952645799415529 9.715846531169554 0
0.7285979132748815 9.715846531169554 0
14.95283538050729 8.213657506629302 0
14.68574695325874 8.226043936413005 0
14.81267169868729 7.938722050768419 0
38.11380286943356 3.173442568512424 0
38.04955999566582 3.431377459999344 0
37.8548161600311 3.1837974133966 0
32.96434348990996 5.219293035200163 0
33.08461689706138 5.423016536221486 0
32.75509505613919 5.324095618501326 0
5.96285187883575 5.08386382896233 0
5.759071149572427 4.890615112834653 0
6.113014648984856 4.787287157595444 0
32.5915772236535 7.854899809484007 0
32.87320032802607 7.818897475677851 0
32.65049614427437 8.104975786537279 0
17.06035065781895 3.538321580204482 0
16.90406867711351 3.726751653274061 0
16.82774771060071 3.517247160814327 0
36.53831091599695 5.9489092102235 0
36.32373450697241 5.814554631397992 0
36.60823644886273 5.680159596081147 0
38.08892224239969 6.85523004724054 0
37.80268191868479 6.866470756038122 0
38.00662139836447 6.615022573125952 0
27.03125761233909 5.07723057241932 0
26.9435686864915 4.815451723315408 0
27.26995554090071 4.941316560068969 0
12.50922442212427 2.549092590979764 0
12.62288153158981 2.795994925905912 0
12.31628001583787 2.727967894059473 0
21.18965890172251 3.690331557393919 0
21.25138392827357 3.952758435692428 0
20.93756232335735 3.941449262596971 0
7.928500040579471 6.022232150747928 0
7.747509794111405 5.809606101473929 0
8.031897506230822 5.833619223489507 0
13.27855550071961 2.144352414790237 0
13.02187366687848 2.164387678094077 0
13.25093858694508 1.898889954858382 0
5.546090190759695 2.435802262623429 0
5.579902256228621 2.155760177356463 0
5.893846434951025 2.272626207901162 0
5.219533231408465 1.785130935803861 0
5.567289475599796 1.621954881081594 0
5.498263016390815 1.993092345651571 0
9.055272283573137 8.055978927128221 0
8.825056655993244 7.92498230256824 0
9.115124523875416 7.800908407987523 0
25.94475695966294 1.944083928347058 0
26.17504056913412 2.0750746435175 0
25.88481480503027 2.19911321527333 0
6.983395392002219 4.80248051277909 0
6.751837258733502 4.667174062785418 0
7.086564047904517 4.569417984040039 0
9.990081675833766 8.081482542345844 0
9.943643210569499 7.831141207103109 0
10.23571911915701 7.969571434034808 0
25.00953530078469 1.918583150030103 0
25.05619305168066 2.168881125383216 0
24.76396583935184 2.030488348951844 0
22.5081516909579 7.464083296704891 0
22.3949424174224 7.23756503392755 0
22.69069220534771 7.302326778309062 0
7.01033503656279 4.943274469438654 0
7.194322626146803 5.132593810678294 0
6.859595836975786 5.230349889423672 0
18.42916876575199 5.207699782065453 0
18.68283667149565 5.224457904283597 0
18.56986272364728 5.491007544356634 0
34.92883735918215 2.941318397859484 0
34.74027825795906 3.231208202276184 0
34.60150432097945 2.885046668372819 0
34.34875542821991 2.546472199097284 0
34.4564838382389 2.786335118682269 0
34.16019632699683 2.836362003513983 0
9.965931755465148 0.4103601611824232 0
10.219701630865 0.3923499566668944 0
10.14850670907523 0.6421680942794542 0
33.10042171449317 3.972278567021197 0
33.28591939743519 4.196306578410604 0
32.98458579064911 4.180293835416767 0
8.349518134067894 5.572275853763641 0
8.137152029602928 5.721130149243436 0
8.168527887599829 5.359649804489642 0
21.67790358239802 2.170013789059019 0
21.74528652577462 1.897734740546866 0
21.94471511012729 2.186735240936825 0
21.75536177817128 7.83901349236181 0
22.00140333089584 7.83849317198531 0
21.77362900589716 8.083013445280805 0
34.3733811238749 7.448576947426013 0
34.20659226237487 7.209276881554977 0
34.56973194108702 7.145640645302778 0
32.63112307811122 4.459034200955294 0
32.86726113155363 4.30198274390029 0
32.81662076105325 4.683062212344701 0
35.75887499271258 0.4223059576509819 0
36.07645812972471 0.4236624474106305 0
35.86826649795345 0.67677472404929 0
13.82455028263509 7.749848353131431 0
14.0984873501688 7.602078601054385 0
13.98957492943698 7.982925944254704 0
18.94628180961739 3.799103174400629 0
18.8921838588613 3.529382601723616 0
19.16481749806288 3.629805353594379 0
15.53850060470556 4.31400789367557 0
15.6122559024312 4.590034817173361 0
15.32975836771551 4.484250055440934 0
25.02943266311553 9.592964594073216 0
24.77556954603456 9.610829413408197 0
24.84400176732008 9.363035205985128 0
34.01122951500417 2.922389552871762 0
33.86061659026825 3.130445316113386 0
33.75288818024927 2.8905823965284 0
12.43129362564913 7.462271970919621 0
12.6057169459197 7.623780015873574 0
12.26419951417406 7.667537744666505 0
31.94357266898467 2.011574867699032 0
32.16689730008591 2.087137649274212 0
31.90089512740962 2.268452048335804 0
38.48798223855298 9.933359091024393 0
38.28526228754526 9.733436364097573 0
38.61859562087859 9.733436364097573 0
23.03421505782902 3.695060517832824 0
23.03639174852017 3.98701027088793 0
22.78097254397162 3.791082350051251 0
38.48847797185272 0.06619668763528164 0
38.62057855408463 0.2647867505411266 0
38.2872452207508 0.2647867505411266 0
37.42797017902735 2.98821396894748 0
37.68335798742954 3.137490263505364 0
37.3637273052596 3.2461488604344 0
28.49999999999998 9.932702255932069 0
28.3333333333333 9.730809023728275 0
28.66666666666663 9.730809023728275 0
12.50780046337659 0.0658688466125979 0
12.69786852025001 0.2634753864503916 0
12.36453518691765 0.2634753864503916 0
35.87356046769386 2.134105718609244 0
36.00080365244224 1.82350313693481 0
36.14770487585625 2.1458864135013 0
22.49268143830113 9.934239082830961 0
22.30405908653797 9.736956331323846 0
22.6373924198713 9.736956331323846 0
18.01864762433725 4.85242697240487 0
17.77937385322312 4.707653581624854 0
18.10524672488018 4.600538260529455 0
6.437389551934051 5.408603533071371 0
6.716359465818602 5.346682155331852 0
6.621377141518064 5.597922874311013 0
1.979073608150022 3.205718110711659 0
1.766291688670117 3.108054130290091 0
2.024388567216383 2.927213417106785 0
27.4506800610996 7.907856116384708 0
27.27095374312361 7.64451476510209 0
27.52041790914328 7.679680764849476 0
27.88060609676603 7.637072982916273 0
27.62789941805989 7.611984981482366 0
27.70087977879004 7.373731631633656 0
31.9866179473717 0.4277528033589852 0
32.23957254714466 0.3907012699807817 0
32.18095239562034 0.6547632586718135 0
4.159713508906287 0.4451670788604321 0
4.062486328502803 0.6982871841339993 0
3.918394401719784 0.427691901307067 0
23.57467162208442 1.597471167987696 0
23.41673207994189 1.862165771130494 0
23.3231443255526 1.483220974091416 0
15.57275233884636 2.022225974651231 0
15.80141505542107 2.1941734470926 0
15.51601796918214 2.345428774639934 0
33.40163394914799 1.589984167266681 0
33.64322245432736 1.490967669540541 0
33.53117823626916 1.858570942322699 0
29.47251271425591 7.635824780633359 0
29.48519065341787 7.358651065249346 0
29.70454890577205 7.535694960971014 0
28.44639802897792 1.455566583677036 0
28.28798148748474 1.287269075463731 0
28.46350323373234 1.124730249024077 0
27.81293111051302 1.326992784152116 0
27.83003631526742 0.9961564494991576 0
28.12961475786851 1.255125625582501 0
6.603813123251382 8.516079590137627 0
6.782969863799334 8.70842201512894 0
6.625447468973647 8.853154650563257 0
7.208189880780254 8.671492928417548 0
7.22982422650252 9.008567988843177 0
6.934064053181552 8.747275349698921 0
29.45062206772189 4.123195540914883 0
29.25036590573594 4.323692901015586 0
29.20228114987286 4.01024710010829 0
39.4942115619649 0.06134399358987513 0
39.64351291452875 0.2453759743595005 0
39.31017958119491 0.2453759743595005 0
39.93865600641001 0.5057884380339592 0
39.75462402564003 0.6898204188035847 0
39.75462402564003 0.3564870854705216 0
39.93865600641013 9.49421156196494 0
39.75462402564052 9.643512914528943 0
39.75462402564052 9.310179581195106 0
39.49421156196569 9.938656006410055 0
39.31017958119608 9.75462402564022 0
39.64351291452942 9.75462402564022 0
34.49876754886106 0.06726625319168597 0
34.66173686213613 0.2690650127667438 0
34.32840352880228 0.2690650127667438 0
13.74379963823735 0.4771793369095813 0
14.03527110572889 0.442424343276139 0
13.82325659519111 0.7356829441485763 0
12.49999999999994 9.939334415951302 0
12.33333333333327 9.757337663805215 0
12.66666666666661 9.757337663805215 0
22.50206245903354 0.06411264000450796 0
22.67491650288073 0.2564505600180318 0
22.34158316954689 0.2564505600180318 0
21.27482434819172 0.4782707596076053 0
21.19640562948823 0.7479735324088842 0
20.97068268864693 0.4566961559035 0
38.13466003612326 6.253563782701647 0
38.01805584679536 6.464606006991229 0
37.84841971240837 6.264804491499227 0
16.66351084859004 3.226502686044542 0
16.72853775829348 3.439292437274343 0
16.50722886788459 3.414932759114121 0
1.499999999998741 0.05831960840560587 0
1.666666666665229 0.2332784336224234 0
1.333333333332253 0.2332784336224234 0
21.25868619571962 9.521878212457457 0
20.96755411599731 9.553852338034256 0
21.18099224937356 9.260584440393371 0
19.95283390851069 7.298144998343584 0
19.70739893907677 7.427502436174728 0
19.71101297530638 7.124191562868983 0
13.70389413308765 9.604587780026689 0
13.76086345433879 9.359725096930333 0
13.9971851848358 9.595068591136227 0
6.296776198089975 1.167028888238301 0
6.319446035387862 1.504378982321763 0
6.092660164954634 1.338040684954452 0
5.652981773933057 1.117762737396222 0
5.931711558915405 1.325724147243933 0
5.675651611230943 1.455112831479684 0
19.54654509024601 3.103414929870313 0
19.31449413408171 2.912487660009889 0
19.58951210354022 2.884474882050394 0
37.40466076541708 7.033206832236849 0
37.32235992138185 6.79299935812226 0
37.63161654943914 6.910964952287198 0
19.43838661884986 2.007992437274031 0
19.527262088914 2.289361515617048 0
19.24154605946275 2.138322910697884 0
3.7492315463287 8.028328134338674 0
4.014239310066461 7.924410096660496 0
3.934930825819702 8.204501632868391 0
21.33322997095114 4.865430800411776 0
21.04300771513219 4.769978987245092 0
21.32540237303452 4.593102764816628 0
14.93115708854301 1.708912183364077 0
14.77079009180726 1.868204247391133 0
14.69195655327848 1.561742792263836 0
20.13984062455151 8.237827846660712 0
20.29984930742501 8.015306622039589 0
20.33457864281763 8.346181190214573 0
20.06600020232424 1.708449551022524 0
20.30285553546772 1.565849393840015 0
20.22628535044583 1.873312505796219 0
6.399389571703691 1.043297893435219 0
6.503113659409499 0.8431167057421218 0
6.729899529842726 1.009455003109433 0
1.993506909272166 0.4559725052177772 0
1.826840242605678 0.6309313304345947 0
1.790043393983585 0.3326916578254662 0
1.62490722350712 0.9762617083407683 0
1.421443708218539 0.8529808609484574 0
1.734690321164416 0.7610036312153424 0
27.65106739802585 2.35231063484866 0
27.71408718843872 2.075080591271756 0
28.00474753339084 2.202230550149739 0
27.33565586177489 1.637378341968329 0
27.68933599713988 1.487298257269409 0
27.63523430437598 1.896347518051673 0
7.352317275257271 7.648286195563053 0
7.292818547883692 7.922441224685106 0
7.002551697021555 7.795974811831205 0
7.667332536520456 8.362216419918134 0
7.317566958284739 8.509905036186288 0
7.371572363199488 8.100923780773877 0
27.46631185086511 4.252125928418959 0
27.75649337932184 4.197827383031385 0
27.65375708525551 4.405388368230501 0
28.54386050950436 3.931032043942245 0
28.46310747613225 4.222766233609119 0
28.29407881174414 3.979082162056874 0
22.42473081261681 1.582454517249364 0
22.72647068816551 1.572052312839308 0
22.57597970549447 1.754563618959687 0
37.839335469601 9.53628849546257 0
37.96994885192661 9.33636576853575 0
38.12310059530726 9.634168715207117 0
37.93362784719093 0.4570746180710299 0
38.14853268958534 0.3625062331500637 0
38.06572842942283 0.6556646809768749 0
16.04236836704058 2.974441789565695 0
16.03714765498132 3.262932330993703 0
15.85555880273131 3.116043377594929 0
29.13400267633142 6.950974080433713 0
28.8543903569807 6.966773806159265 0
28.92910063828272 6.674312593539233 0
36.50124476047241 8.903722471429679 0
36.71571369620832 8.994647369555128 0
36.43731144032819 9.140706438295114 0
29.53276406907665 8.435413527715058 0
29.24723974100951 8.504326569950777 0
29.34685891044087 8.168200594766104 0
38.16761373061613 3.798054991665783 0
37.90862702121367 3.808409836549959 0
38.06301271096146 3.587530565787684 0
5.585270326033108 4.211805059562649 0
5.48113102634523 4.424044288043895 0
5.318304321892594 4.250221490703487 0
18.96321131428433 6.267999680866139 0
18.81809795147685 6.041643419187579 0
19.10215462933149 5.999196902953511 0
30.30138053009673 2.074183009314432 0
30.1818038956699 1.819156766437185 0
30.44947434690205 1.892982879094892 0
32.60663037087981 6.217424118276328 0
32.62530679190263 6.468596723153084 0
32.35273312710984 6.368229008504074 0
29.43697466306715 7.202149362468778 0
29.27964875285303 7.00981796951109 0
29.51168494436916 6.909688149848745 0
36.79928399723756 8.201508298639409 0
36.96957228621953 8.002788651302369 0
37.08300051680732 8.274464308604468 0
11.61622379176586 5.704196938772051 0
11.38911976808667 5.717879084525862 0
11.47978774900555 5.492235099563408 0
31.91565510931231 6.361433255580543 0
32.17998931171795 6.404231292830128 0
31.93433153033514 6.612605860457298 0
36.97973600842995 1.769367459206375 0
36.78843734524446 1.906282575538646 0
36.74279060897413 1.607184150643877 0
17.00354270931169 4.108297811279208 0
16.77093976209345 4.087223391889052 0
16.88986668998669 3.869245711042742 0
17.20419833625747 2.171184631930583 0
17.06500315934527 2.423765134889877 0
16.90117312368137 2.16217667042131 0
18.43150295621616 5.943847169003867 0
18.57044627126332 5.675044391091238 0
18.68517086195981 5.960605291222012 0
29.37311195851288 7.751187033173269 0
29.30694588279993 7.997143971130657 0
29.08758763044575 7.820100075408988 0
32.66804231686505 6.092676011152011 0
32.59838091105082 5.869236580006807 0
32.87095457584361 5.969604294655816 0
37.59237439218256 4.087916924912523 0
37.48777337252788 3.877392499034425 0
37.76481718660526 3.880875319861644 0
24.40957480040906 6.142829201714591 0
24.18488441435477 6.004382802465805 0
24.45125211745781 5.899546300226412 0
10.56913199213334 3.858092688740231 0
10.80055004667965 3.995444043969005 0
10.53405191404975 4.101029050060387 0
33.60103714334431 4.914992037041127 0
33.3886211182837 4.895972589086319 0
33.50765335586453 4.659019662265963 0
28.56601838611033 0.9987800905516981 0
28.69804209699672 0.7834684415742154 0
28.85645863848991 0.9517659497875194 0
36.52943136026474 4.841284036230814 0
36.58414361853551 5.09908838938884 0
36.33672789263437 5.01109437059944 0
36.8884829166585 5.364162612208862 0
36.69577944902812 5.533972946577486 0
36.67390650763394 5.229808033383353 0
33.58383445242457 2.266829883032359 0
33.57672836208831 2.027782371264119 0
33.82542295760395 2.16781338530622 0
30.43901695618699 6.143679526571955 0
30.22395719785921 6.022410930628035 0
30.48843319329012 5.919517452868369 0
16.13439538389879 2.857558462716279 0
16.22366687016414 2.648510070197267 0
16.40525572241415 2.79539902359604 0
30.06701863255172 1.031123814057755 0
30.2950521454551 1.141953181298395 0
30.04327372518559 1.266362470162836 0
15.15255470690801 3.598948463683332 0
15.3689133311435 3.42126359434187 0
15.41152605140343 3.738345456893809 0
16.11935290896581 3.382825232536561 0
16.37118938297853 3.454013395737126 0
16.18437981866926 3.595614983766361 0
23.28528938106207 2.243344135084666 0
23.03376208453024 2.129093941188385 0
23.3443865196863 2.023634012904736 0
30.69983873618 1.111555392728014 0
30.67609382881387 1.346794048833094 0
30.45325717136217 1.16206107596596 0
0.9265732777027571 0.3118691702772569 0
1.189976652758257 0.2966658240903361 0
1.093239944369246 0.4868279954940744 0
1.00241803638168 0.8321583734002479 0
1.112201134038976 0.6169002962748222 0
1.265821411437179 0.8169550272133272 0
17.47217583597768 3.521832815896913 0
17.202377447535 3.487091870860195 0
17.39585486946489 3.31232832343718 0
17.5983982918707 2.94329334705732 0
17.42741048343814 3.167693456227281 0
17.32859990342802 2.908552402020603 0
7.341249242259813 5.185564631569267 0
7.598041501014829 5.155157753002546 0
7.447302301427825 5.442233172987565 0
33.80097562678882 7.183572820363737 0
33.99732644400095 6.880636518240501 0
34.06349088810335 7.143025849789407 0
33.8740385018446 6.474089600531776 0
34.13655376315913 6.433542629957446 0
34.0155921627649 6.703265713282511 0
8.68985501222793 1.077913361291381 0
8.645930966618739 1.325675954566833 0
8.444203943154863 1.119921425266057 0
8.057187281124117 1.008663058587316 0
8.28603701037891 1.10260884959004 0
8.013263235514925 1.256425651862768 0
28.6757700087628 4.653070481037481 0
28.42598831100258 4.70112059915211 0
28.49608485094687 4.403275842882928 0
12.0069003598712 0.3798415741275198 0
12.2393101610413 0.3419685683291221 0
12.19696841674462 0.5774481139653135 0
22.99609985982032 9.621115419827929 0
22.7632470252511 9.658675415573088 0
22.80747750805716 9.423832668320815 0
23.06501511193787 7.222646092693538 0
22.8299080605927 7.241967477306225 0
22.95180583840238 6.996127829916198 0
23.02618039159006 6.577294821497532 0
22.94209715831542 6.834790012117196 0
22.79107334024488 6.59661620611022 0
11.93260822102761 2.794041121342763 0
12.1721259655637 2.789205026650222 0
12.04626533049315 3.040943456268911 0
11.96073973396512 3.483650202653061 0
12.05329820872753 3.213345726596485 0
12.20025747850121 3.47881410796052 0
26.32769324605926 8.925070827201639 0
26.35193114112463 8.706315097239642 0
26.58230180342653 8.897363198876283 0
27.02238655724238 9.06195803243785 0
26.75597513122231 8.931585000185335 0
27.04662445230775 8.843202302475854 0
16.44580869497736 4.363240542590099 0
16.33213267565235 4.124188442353634 0
16.63150625850987 4.150959074716775 0
29.02024671475609 6.307663288842981 0
28.90066164788889 6.51348489564155 0
28.74063439540538 6.323463014568535 0
8.262666917956283 2.001410250052318 0
8.153539460042738 1.803508301896734 0
8.402610331891305 1.796460188887326 0
20.52023279188445 3.944685492357185 0
20.77020579589784 4.005037746337788 0
20.58195781843552 4.207112370655694 0
18.8819022657509 2.902036754246523 0
18.9248692790451 2.683096706426605 0
19.14833342795793 2.862143116103942 0
17.19465463923261 2.819169396781953 0
16.8916294266565 2.810161435272679 0
17.06261723508906 2.585761326102719 0
8.776792895300403 1.672132749866095 0
8.531141826227335 1.71414081384077 0
8.667665437386857 1.474230801710511 0
26.71622305267446 8.02842678699434 0
26.83544771939771 8.234637642556272 0
26.58444748342244 8.248235603300529 0
29.86685047164482 6.723237656658758 0
29.61915389651358 6.78996022339624 0
29.70952456143071 6.530906263701071 0
26.20104421718208 8.358448713169734 0
26.45565277454935 8.330741084844377 0
26.32026888390533 8.564659568731665 0
33.63097332516332 4.296341846146816 0
33.51513740131927 4.504357114542386 0
33.41855730010273 4.277322398192008 0
7.344790033615361 5.779273256471558 0
7.448187499266712 5.590660329213137 0
7.601582292370377 5.748866377904837 0
22.89955977020817 9.019736333292334 0
22.78334248565412 9.273487896686916 0
22.66670693563896 9.057296329037493 0
12.10523956744834 0.9826294841689172 0
12.2215532186389 0.728145091475663 0
12.33764936861844 0.9447564783705195 0
16.67159237411067 3.085889971461605 0
16.53955496996712 2.852481900782371 0
16.76086386037602 2.876841578942592 0
$EndNodes
$Elements
5 9460 1 9460
1 1 1 40
1 1 3 
2 3 4 
3 4 5 
4 5 6 
5 6 7 
6 7 8 
7 8 9 
8 9 10 
9 10 11 
10 11 12 
11 12 13 
12 13 14 
13 14 15 
14 15 16 
15 16 17 
16 17 18 
17 18 19 
18 19 20 
19 20 21 
20 21 22 
21 22 23 
22 23 24 
23 24 25 
24 25 26 
25 26 27 
26 27 28 
27 28 29 
28 29 30 
29 30 31 
30 31 32 
31 32 33 
32 33 34 
33 34 35 
34 35 36 
35 36 37 
36 37 38 
37 38 39 
38 39 40 
39 40 41 
40 41 2 
1 2 1 10
41 2 43 
42 43 44 
43 44 45 
44 45 46 
45 46 47 
46 47 48 
47 48 49 
48 49 50 
49 50 51 
50 51 42 
1 3 1 40
51 42 53 
52 53 54 
53 54 55 
54 55 56 
55 56 57 
56 57 58 
57 58 59 
58 59 60 
59 60 61 
60 61 62 
61 62 63 
62 63 64 
63 64 65 
64 65 66 
65 66 67 
66 67 68 
67 68 69 
68 69 70 
69 70 71 
70 71 72 
71 72 73 
72 73 74 
73 74 75 
74 75 76 
75 76 77 
76 77 78 
77 78 79 
78 79 80 
79 80 81 
80 81 82 
81 82 83 
82 83 84 
83 84 85 
84 85 86 
85 86 87 
86 87 88 
87 88 89 
88 89 90 
89 90 91 
90 91 52 
1 4 1 10
91 52 92 
92 92 93 
93 93 94 
94 94 95 
95 95 96 
96 96 97 
97 97 98 
98 98 99 
99 99 100 
100 100 1 
2 1 2 9360
101 133 300 1612 
102 300 572 1612 
103 572 133 1612 
104 300 378 1613 
105 378 572 1613 
106 572 300 1613 
107 378 133 1614 
108 133 572 1614 
109 572 378 1614 
110 234 158 1615 
111 158 573 1615 
112 573 234 1615 
113 158 269 1616 
114 269 573 1616 
115 573 158 1616 
116 269 234 1617 
117 234 573 1617 
118 573 269 1617 
119 217 155 1618 
120 155 574 1618 
121 574 217 1618 
122 155 355 1619 
123 355 574 1619 
124 574 155 1619 
125 355 217 1620 
126 217 574 1620 
127 574 355 1620 
128 214 33 1621 
129 33 575 1621 
130 575 214 1621 
131 33 380 1622 
132 380 575 1622 
133 575 33 1622 
134 380 214 1623 
135 214 575 1623 
136 575 380 1623 
137 208 39 1624 
138 39 576 1624 
139 576 208 1624 
140 39 365 1625 
141 365 576 1625 
142 576 39 1625 
143 365 208 1626 
144 208 576 1626 
145 576 365 1626 
146 209 11 1627 
147 11 577 1627 
148 577 209 1627 
149 11 375 1628 
150 375 577 1628 
151 577 11 1628 
152 375 209 1629 
153 209 577 1629 
154 577 375 1629 
155 19 20 1630 
156 20 578 1630 
157 578 19 1630 
158 20 219 1631 
159 219 578 1631 
160 578 20 1631 
161 219 19 1632 
162 19 578 1632 
163 578 219 1632 
164 218 66 1633 
165 66 579 1633 
166 579 218 1633 
167 66 376 1634 
168 376 579 1634 
169 579 66 1634 
170 376 218 1635 
171 218 579 1635 
172 579 376 1635 
173 74 75 1636 
174 75 580 1636 
175 580 74 1636 
176 75 221 1637 
177 221 580 1637 
178 580 75 1637 
179 221 74 1638 
180 74 580 1638 
181 580 221 1638 
182 140 272 1639 
183 272 581 1639 
184 581 140 1639 
185 272 397 1640 
186 397 581 1640 
187 581 272 1640 
188 397 140 1641 
189 140 581 1641 
190 581 397 1641 
191 258 36 1642 
192 36 582 1642 
193 582 258 1642 
194 36 518 1643 
195 518 582 1643 
196 582 36 1643 
197 518 258 1644 
198 258 582 1644 
199 582 518 1644 
200 86 354 1645 
201 354 583 1645 
202 583 86 1645 
203 354 463 1646 
204 463 583 1646 
205 583 354 1646 
206 463 86 1647 
207 86 583 1647 
208 583 463 1647 
209 5 234 1648 
210 234 584 1648 
211 584 5 1648 
212 234 363 1649 
213 363 584 1649 
214 584 234 1649 
215 363 5 1650 
216 5 584 1650 
217 584 363 1650 
218 354 206 1651 
219 206 585 1651 
220 585 354 1651 
221 206 463 1652 
222 463 585 1652 
223 585 206 1652 
224 463 354 1653 
225 354 585 1653 
226 585 463 1653 
227 207 154 1654 
228 154 586 1654 
229 586 207 1654 
230 154 404 1655 
231 404 586 1655 
232 586 154 1655 
233 404 207 1656 
234 207 586 1656 
235 586 404 1656 
236 256 460 1657 
237 460 587 1657 
238 587 256 1657 
239 460 490 1658 
240 490 587 1658 
241 587 460 1658 
242 490 256 1659 
243 256 587 1659 
244 587 490 1659 
245 256 121 1660 
246 121 588 1660 
247 588 256 1660 
248 121 460 1661 
249 460 588 1661 
250 588 121 1661 
251 460 256 1662 
252 256 588 1662 
253 588 460 1662 
254 155 217 1663 
255 217 589 1663 
256 589 155 1663 
257 217 357 1664 
258 357 589 1664 
259 589 217 1664 
260 357 155 1665 
261 155 589 1665 
262 589 357 1665 
263 257 114 1666 
264 114 590 1666 
265 590 257 1666 
266 114 369 1667 
267 369 590 1667 
268 590 114 1667 
269 369 257 1668 
270 257 590 1668 
271 590 369 1668 
272 114 291 1669 
273 291 591 1669 
274 591 114 1669 
275 291 369 1670 
276 369 591 1670 
277 591 291 1670 
278 369 114 1671 
279 114 591 1671 
280 591 369 1671 
281 213 153 1672 
282 153 592 1672 
283 592 213 1672 
284 153 350 1673 
285 350 592 1673 
286 592 153 1673 
287 350 213 1674 
288 213 592 1674 
289 592 350 1674 
290 210 122 1675 
291 122 593 1675 
292 593 210 1675 
293 122 442 1676 
294 442 593 1676 
295 593 122 1676 
296 442 210 1677 
297 210 593 1677 
298 593 442 1677 
299 29 30 1678 
300 30 594 1678 
301 594 29 1678 
302 30 235 1679 
303 235 594 1679 
304 594 30 1679 
305 235 29 1680 
306 29 594 1680 
307 594 235 1680 
308 84 85 1681 
309 85 595 1681 
310 595 84 1681 
311 85 236 1682 
312 236 595 1682 
313 595 85 1682 
314 236 84 1683 
315 84 595 1683 
316 595 236 1683 
317 208 156 1684 
318 156 596 1684 
319 596 208 1684 
320 156 405 1685 
321 405 596 1685 
322 596 156 1685 
323 405 208 1686 
324 208 596 1686 
325 596 405 1686 
326 212 125 1687 
327 125 597 1687 
328 597 212 1687 
329 125 439 1688 
330 439 597 1688 
331 597 125 1688 
332 439 212 1689 
333 212 597 1689 
334 597 439 1689 
335 11 209 1690 
336 209 598 1690 
337 598 11 1690 
338 209 421 1691 
339 421 598 1691 
340 598 209 1691 
341 421 11 1692 
342 11 598 1692 
343 598 421 1692 
344 154 207 1693 
345 207 599 1693 
346 599 154 1693 
347 207 372 1694 
348 372 599 1694 
349 599 207 1694 
350 372 154 1695 
351 154 599 1695 
352 599 372 1695 
353 39 208 1696 
354 208 600 1696 
355 600 39 1696 
356 208 428 1697 
357 428 600 1697 
358 600 208 1697 
359 428 39 1698 
360 39 600 1698 
361 600 428 1698 
362 209 159 1699 
363 159 601 1699 
364 601 209 1699 
365 159 299 1700 
366 299 601 1700 
367 601 159 1700 
368 299 209 1701 
369 209 601 1701 
370 601 299 1701 
371 133 252 1702 
372 252 602 1702 
373 602 133 1702 
374 252 300 1703 
375 300 602 1703 
376 602 252 1703 
377 300 133 1704 
378 133 602 1704 
379 602 300 1704 
380 33 214 1705 
381 214 603 1705 
382 603 33 1705 
383 214 416 1706 
384 416 603 1706 
385 603 214 1706 
386 416 33 1707 
387 33 603 1707 
388 603 416 1707 
389 59 215 1708 
390 215 604 1708 
391 604 59 1708 
392 215 543 1709 
393 543 604 1709 
394 604 215 1709 
395 543 59 1710 
396 59 604 1710 
397 604 543 1710 
398 319 181 1711 
399 181 605 1711 
400 605 319 1711 
401 181 335 1712 
402 335 605 1712 
403 605 181 1712 
404 335 319 1713 
405 319 605 1713 
406 605 335 1713 
407 220 7 1714 
408 7 606 1714 
409 606 220 1714 
410 7 443 1715 
411 443 606 1715 
412 606 7 1715 
413 443 220 1716 
414 220 606 1716 
415 606 443 1716 
416 248 146 1717 
417 146 607 1717 
418 607 248 1717 
419 146 278 1718 
420 278 607 1718 
421 607 146 1718 
422 278 248 1719 
423 248 607 1719 
424 607 278 1719 
425 249 147 1720 
426 147 608 1720 
427 608 249 1720 
428 147 277 1721 
429 277 608 1721 
430 608 147 1721 
431 277 249 1722 
432 249 608 1722 
433 608 277 1722 
434 250 145 1723 
435 145 609 1723 
436 609 250 1723 
437 145 276 1724 
438 276 609 1724 
439 609 145 1724 
440 276 250 1725 
441 250 609 1725 
442 609 276 1725 
443 313 178 1726 
444 178 610 1726 
445 610 313 1726 
446 178 334 1727 
447 334 610 1727 
448 610 178 1727 
449 334 313 1728 
450 313 610 1728 
451 610 334 1728 
452 272 191 1729 
453 191 611 1729 
454 611 272 1729 
455 191 397 1730 
456 397 611 1730 
457 611 191 1730 
458 397 272 1731 
459 272 611 1731 
460 611 397 1731 
461 236 85 1732 
462 85 612 1732 
463 612 236 1732 
464 85 463 1733 
465 463 612 1733 
466 612 85 1733 
467 463 236 1734 
468 236 612 1734 
469 612 463 1734 
470 156 208 1735 
471 208 613 1735 
472 613 156 1735 
473 208 365 1736 
474 365 613 1736 
475 613 208 1736 
476 365 156 1737 
477 156 613 1737 
478 613 365 1737 
479 215 59 1738 
480 59 614 1738 
481 614 215 1738 
482 59 366 1739 
483 366 614 1739 
484 614 59 1739 
485 366 215 1740 
486 215 614 1740 
487 614 366 1740 
488 199 232 1741 
489 232 615 1741 
490 615 199 1741 
491 232 304 1742 
492 304 615 1742 
493 615 232 1742 
494 304 199 1743 
495 199 615 1743 
496 615 304 1743 
497 198 231 1744 
498 231 616 1744 
499 616 198 1744 
500 231 303 1745 
501 303 616 1745 
502 616 231 1745 
503 303 198 1746 
504 198 616 1746 
505 616 303 1746 
506 224 197 1747 
507 197 617 1747 
508 617 224 1747 
509 197 292 1748 
510 292 617 1748 
511 617 197 1748 
512 292 224 1749 
513 224 617 1749 
514 617 292 1749 
515 235 30 1750 
516 30 618 1750 
517 618 235 1750 
518 30 457 1751 
519 457 618 1751 
520 618 30 1751 
521 457 235 1752 
522 235 618 1752 
523 618 457 1752 
524 279 454 1753 
525 454 619 1753 
526 619 279 1753 
527 454 516 1754 
528 516 619 1754 
529 619 454 1754 
530 516 279 1755 
531 279 619 1755 
532 619 516 1755 
533 281 455 1756 
534 455 620 1756 
535 620 281 1756 
536 455 517 1757 
537 517 620 1757 
538 620 455 1757 
539 517 281 1758 
540 281 620 1758 
541 620 517 1758 
542 141 233 1759 
543 233 621 1759 
544 621 141 1759 
545 233 292 1760 
546 292 621 1760 
547 621 233 1760 
548 292 141 1761 
549 141 621 1761 
550 621 292 1761 
551 233 107 1762 
552 107 622 1762 
553 622 233 1762 
554 107 292 1763 
555 292 622 1763 
556 622 107 1763 
557 292 233 1764 
558 233 622 1764 
559 622 292 1764 
560 233 134 1765 
561 134 623 1765 
562 623 233 1765 
563 134 302 1766 
564 302 623 1766 
565 623 134 1766 
566 302 233 1767 
567 233 623 1767 
568 623 302 1767 
569 281 127 1768 
570 127 624 1768 
571 624 281 1768 
572 127 455 1769 
573 455 624 1769 
574 624 127 1769 
575 455 281 1770 
576 281 624 1770 
577 624 455 1770 
578 279 129 1771 
579 129 625 1771 
580 625 279 1771 
581 129 454 1772 
582 454 625 1772 
583 625 129 1772 
584 454 279 1773 
585 279 625 1773 
586 625 454 1773 
587 218 161 1774 
588 161 626 1774 
589 626 218 1774 
590 161 295 1775 
591 295 626 1775 
592 626 161 1775 
593 295 218 1776 
594 218 626 1776 
595 626 295 1776 
596 197 224 1777 
597 224 627 1777 
598 627 197 1777 
599 224 477 1778 
600 477 627 1778 
601 627 224 1778 
602 477 197 1779 
603 197 627 1779 
604 627 477 1779 
605 111 228 1780 
606 228 628 1780 
607 628 111 1780 
608 228 331 1781 
609 331 628 1781 
610 628 228 1781 
611 331 111 1782 
612 111 628 1782 
613 628 331 1782 
614 112 229 1783 
615 229 629 1783 
616 629 112 1783 
617 229 333 1784 
618 333 629 1784 
619 629 229 1784 
620 333 112 1785 
621 112 629 1785 
622 629 333 1785 
623 113 230 1786 
624 230 630 1786 
625 630 113 1786 
626 230 332 1787 
627 332 630 1787 
628 630 230 1787 
629 332 113 1788 
630 113 630 1788 
631 630 332 1788 
632 122 210 1789 
633 210 631 1789 
634 631 122 1789 
635 210 521 1790 
636 521 631 1790 
637 631 210 1790 
638 521 122 1791 
639 122 631 1791 
640 631 521 1791 
641 66 218 1792 
642 218 632 1792 
643 632 66 1792 
644 218 423 1793 
645 423 632 1793 
646 632 218 1793 
647 423 66 1794 
648 66 632 1794 
649 632 423 1794 
650 214 164 1795 
651 164 633 1795 
652 633 214 1795 
653 164 325 1796 
654 325 633 1796 
655 633 164 1796 
656 325 214 1797 
657 214 633 1797 
658 633 325 1797 
659 35 36 1798 
660 36 634 1798 
661 634 35 1798 
662 36 258 1799 
663 258 634 1799 
664 634 36 1799 
665 258 35 1800 
666 35 634 1800 
667 634 258 1800 
668 125 212 1801 
669 212 635 1801 
670 635 125 1801 
671 212 526 1802 
672 526 635 1802 
673 635 212 1802 
674 526 125 1803 
675 125 635 1803 
676 635 526 1803 
677 192 386 1804 
678 386 636 1804 
679 636 192 1804 
680 386 409 1805 
681 409 636 1805 
682 636 386 1805 
683 409 192 1806 
684 192 636 1806 
685 636 409 1806 
686 231 198 1807 
687 198 637 1807 
688 637 231 1807 
689 198 484 1808 
690 484 637 1808 
691 637 198 1808 
692 484 231 1809 
693 231 637 1809 
694 637 484 1809 
695 232 199 1810 
696 199 638 1810 
697 638 232 1810 
698 199 486 1811 
699 486 638 1811 
700 638 199 1811 
701 486 232 1812 
702 232 638 1812 
703 638 486 1812 
704 153 213 1813 
705 213 639 1813 
706 639 153 1813 
707 213 529 1814 
708 529 639 1814 
709 639 213 1814 
710 529 153 1815 
711 153 639 1815 
712 639 529 1815 
713 213 268 1816 
714 268 640 1816 
715 640 213 1816 
716 268 401 1817 
717 401 640 1817 
718 640 268 1817 
719 401 213 1818 
720 213 640 1818 
721 640 401 1818 
722 271 473 1819 
723 473 641 1819 
724 641 271 1819 
725 473 504 1820 
726 504 641 1820 
727 641 473 1820 
728 504 271 1821 
729 271 641 1821 
730 641 504 1821 
731 213 401 1822 
732 401 642 1822 
733 642 213 1822 
734 401 529 1823 
735 529 642 1823 
736 642 401 1823 
737 529 213 1824 
738 213 642 1824 
739 642 529 1824 
740 159 209 1825 
741 209 643 1825 
742 643 159 1825 
743 209 375 1826 
744 375 643 1826 
745 643 209 1826 
746 375 159 1827 
747 159 643 1827 
748 643 375 1827 
749 139 234 1828 
750 234 644 1828 
751 644 139 1828 
752 234 269 1829 
753 269 644 1829 
754 644 234 1829 
755 269 139 1830 
756 139 644 1830 
757 644 269 1830 
758 217 258 1831 
759 258 645 1831 
760 645 217 1831 
761 258 518 1832 
762 518 645 1832 
763 645 258 1832 
764 518 217 1833 
765 217 645 1833 
766 645 518 1833 
767 271 124 1834 
768 124 646 1834 
769 646 271 1834 
770 124 473 1835 
771 473 646 1835 
772 646 124 1835 
773 473 271 1836 
774 271 646 1836 
775 646 473 1836 
776 121 256 1837 
777 256 647 1837 
778 647 121 1837 
779 256 309 1838 
780 309 647 1838 
781 647 256 1838 
782 309 121 1839 
783 121 647 1839 
784 647 309 1839 
785 164 214 1840 
786 214 648 1840 
787 648 164 1840 
788 214 380 1841 
789 380 648 1841 
790 648 214 1841 
791 380 164 1842 
792 164 648 1842 
793 648 380 1842 
794 253 134 1843 
795 134 649 1843 
796 649 253 1843 
797 134 310 1844 
798 310 649 1844 
799 649 134 1844 
800 310 253 1845 
801 253 649 1845 
802 649 310 1845 
803 310 134 1846 
804 134 650 1846 
805 650 310 1846 
806 134 469 1847 
807 469 650 1847 
808 650 134 1847 
809 469 310 1848 
810 310 650 1848 
811 650 469 1848 
812 215 123 1849 
813 123 651 1849 
814 651 215 1849 
815 123 434 1850 
816 434 651 1850 
817 651 123 1850 
818 434 215 1851 
819 215 651 1851 
820 651 434 1851 
821 123 215 1852 
822 215 652 1852 
823 652 123 1852 
824 215 483 1853 
825 483 652 1853 
826 652 215 1853 
827 483 123 1854 
828 123 652 1854 
829 652 483 1854 
830 316 160 1855 
831 160 653 1855 
832 653 316 1855 
833 160 360 1856 
834 360 653 1856 
835 653 160 1856 
836 360 316 1857 
837 316 653 1857 
838 653 360 1857 
839 180 343 1858 
840 343 654 1858 
841 654 180 1858 
842 343 387 1859 
843 387 654 1859 
844 654 343 1859 
845 387 180 1860 
846 180 654 1860 
847 654 387 1860 
848 227 104 1861 
849 104 655 1861 
850 655 227 1861 
851 104 280 1862 
852 280 655 1862 
853 655 104 1862 
854 280 227 1863 
855 227 655 1863 
856 655 280 1863 
857 180 259 1864 
858 259 656 1864 
859 656 180 1864 
860 259 343 1865 
861 343 656 1865 
862 656 259 1865 
863 343 180 1866 
864 180 656 1866 
865 656 343 1866 
866 338 241 1867 
867 241 657 1867 
868 657 338 1867 
869 241 424 1868 
870 424 657 1868 
871 657 241 1868 
872 424 338 1869 
873 338 657 1869 
874 657 424 1869 
875 142 319 1870 
876 319 658 1870 
877 658 142 1870 
878 319 335 1871 
879 335 658 1871 
880 658 319 1871 
881 335 142 1872 
882 142 658 1872 
883 658 335 1872 
884 300 187 1873 
885 187 659 1873 
886 659 300 1873 
887 187 378 1874 
888 378 659 1874 
889 659 187 1874 
890 378 300 1875 
891 300 659 1875 
892 659 378 1875 
893 80 268 1876 
894 268 660 1876 
895 660 80 1876 
896 268 522 1877 
897 522 660 1877 
898 660 268 1877 
899 522 80 1878 
900 80 660 1878 
901 660 522 1878 
902 194 238 1879 
903 238 661 1879 
904 661 194 1879 
905 238 301 1880 
906 301 661 1880 
907 661 238 1880 
908 301 194 1881 
909 194 661 1881 
910 661 301 1881 
911 196 239 1882 
912 239 662 1882 
913 662 196 1882 
914 239 305 1883 
915 305 662 1883 
916 662 239 1883 
917 305 196 1884 
918 196 662 1884 
919 662 305 1884 
920 242 193 1885 
921 193 663 1885 
922 663 242 1885 
923 193 308 1886 
924 308 663 1886 
925 663 193 1886 
926 308 242 1887 
927 242 663 1887 
928 663 308 1887 
929 161 218 1888 
930 218 664 1888 
931 664 161 1888 
932 218 376 1889 
933 376 664 1889 
934 664 218 1889 
935 376 161 1890 
936 161 664 1890 
937 664 376 1890 
938 105 444 1891 
939 444 665 1891 
940 665 105 1891 
941 444 489 1892 
942 489 665 1892 
943 665 444 1892 
944 489 105 1893 
945 105 665 1893 
946 665 489 1893 
947 178 465 1894 
948 465 666 1894 
949 666 178 1894 
950 465 569 1895 
951 569 666 1895 
952 666 465 1895 
953 569 178 1896 
954 178 666 1896 
955 666 569 1896 
956 185 241 1897 
957 241 667 1897 
958 667 185 1897 
959 241 338 1898 
960 338 667 1898 
961 667 241 1898 
962 338 185 1899 
963 185 667 1899 
964 667 338 1899 
965 25 266 1900 
966 266 668 1900 
967 668 25 1900 
968 266 524 1901 
969 524 668 1901 
970 668 266 1901 
971 524 25 1902 
972 25 668 1902 
973 668 524 1902 
974 465 227 1903 
975 227 669 1903 
976 669 465 1903 
977 227 569 1904 
978 569 669 1904 
979 669 227 1904 
980 569 465 1905 
981 465 669 1905 
982 669 569 1905 
983 143 313 1906 
984 313 670 1906 
985 670 143 1906 
986 313 334 1907 
987 334 670 1907 
988 670 313 1907 
989 334 143 1908 
990 143 670 1908 
991 670 334 1908 
992 316 360 1909 
993 360 671 1909 
994 671 316 1909 
995 360 447 1910 
996 447 671 1910 
997 671 360 1910 
998 447 316 1911 
999 316 671 1911 
1000 671 447 1911 
1001 62 63 1912 
1002 63 672 1912 
1003 672 62 1912 
1004 63 240 1913 
1005 240 672 1913 
1006 672 63 1913 
1007 240 62 1914 
1008 62 672 1914 
1009 672 240 1914 
1010 153 226 1915 
1011 226 673 1915 
1012 673 153 1915 
1013 226 503 1916 
1014 503 673 1916 
1015 673 226 1916 
1016 503 153 1917 
1017 153 673 1917 
1018 673 503 1917 
1019 107 224 1918 
1020 224 674 1918 
1021 674 107 1918 
1022 224 292 1919 
1023 292 674 1919 
1024 674 224 1919 
1025 292 107 1920 
1026 107 674 1920 
1027 674 292 1920 
1028 277 147 1921 
1029 147 675 1921 
1030 675 277 1921 
1031 147 304 1922 
1032 304 675 1922 
1033 675 147 1922 
1034 304 277 1923 
1035 277 675 1923 
1036 675 304 1923 
1037 276 145 1924 
1038 145 676 1924 
1039 676 276 1924 
1040 145 303 1925 
1041 303 676 1925 
1042 676 145 1925 
1043 303 276 1926 
1044 276 676 1926 
1045 676 303 1926 
1046 263 162 1927 
1047 162 677 1927 
1048 677 263 1927 
1049 162 314 1928 
1050 314 677 1928 
1051 677 162 1928 
1052 314 263 1929 
1053 263 677 1929 
1054 677 314 1929 
1055 165 263 1930 
1056 263 678 1930 
1057 678 165 1930 
1058 263 314 1931 
1059 314 678 1931 
1060 678 263 1931 
1061 314 165 1932 
1062 165 678 1932 
1063 678 314 1932 
1064 166 264 1933 
1065 264 679 1933 
1066 679 166 1933 
1067 264 315 1934 
1068 315 679 1934 
1069 679 264 1934 
1070 315 166 1935 
1071 166 679 1935 
1072 679 315 1935 
1073 264 163 1936 
1074 163 680 1936 
1075 680 264 1936 
1076 163 315 1937 
1077 315 680 1937 
1078 680 163 1937 
1079 315 264 1938 
1080 264 680 1938 
1081 680 315 1938 
1082 239 176 1939 
1083 176 681 1939 
1084 681 239 1939 
1085 176 386 1940 
1086 386 681 1940 
1087 681 176 1940 
1088 386 239 1941 
1089 239 681 1941 
1090 681 386 1941 
1091 105 239 1942 
1092 239 682 1942 
1093 682 105 1942 
1094 239 386 1943 
1095 386 682 1943 
1096 682 239 1943 
1097 386 105 1944 
1098 105 682 1944 
1099 682 386 1944 
1100 305 105 1945 
1101 105 683 1945 
1102 683 305 1945 
1103 105 489 1946 
1104 489 683 1946 
1105 683 105 1946 
1106 489 305 1947 
1107 305 683 1947 
1108 683 489 1947 
1109 96 97 1948 
1110 97 684 1948 
1111 684 96 1948 
1112 97 253 1949 
1113 253 684 1949 
1114 684 97 1949 
1115 253 96 1950 
1116 96 684 1950 
1117 684 253 1950 
1118 113 259 1951 
1119 259 685 1951 
1120 685 113 1951 
1121 259 448 1952 
1122 448 685 1952 
1123 685 259 1952 
1124 448 113 1953 
1125 113 685 1953 
1126 685 448 1953 
1127 233 141 1954 
1128 141 686 1954 
1129 686 233 1954 
1130 141 291 1955 
1131 291 686 1955 
1132 686 141 1955 
1133 291 233 1956 
1134 233 686 1956 
1135 686 291 1956 
1136 25 26 1957 
1137 26 687 1957 
1138 687 25 1957 
1139 26 266 1958 
1140 266 687 1958 
1141 687 26 1958 
1142 266 25 1959 
1143 25 687 1959 
1144 687 266 1959 
1145 80 81 1960 
1146 81 688 1960 
1147 688 80 1960 
1148 81 268 1961 
1149 268 688 1961 
1150 688 81 1961 
1151 268 80 1962 
1152 80 688 1962 
1153 688 268 1962 
1154 114 262 1963 
1155 262 689 1963 
1156 689 114 1963 
1157 262 291 1964 
1158 291 689 1964 
1159 689 262 1964 
1160 291 114 1965 
1161 114 689 1965 
1162 689 291 1965 
1163 7 8 1966 
1164 8 690 1966 
1165 690 7 1966 
1166 8 443 1967 
1167 443 690 1967 
1168 690 8 1967 
1169 443 7 1968 
1170 7 690 1968 
1171 690 443 1968 
1172 231 111 1969 
1173 111 691 1969 
1174 691 231 1969 
1175 111 303 1970 
1176 303 691 1970 
1177 691 111 1970 
1178 303 231 1971 
1179 231 691 1971 
1180 691 303 1971 
1181 232 112 1972 
1182 112 692 1972 
1183 692 232 1972 
1184 112 304 1973 
1185 304 692 1973 
1186 692 112 1973 
1187 304 232 1974 
1188 232 692 1974 
1189 692 304 1974 
1190 325 113 1975 
1191 113 693 1975 
1192 693 325 1975 
1193 113 448 1976 
1194 448 693 1976 
1195 693 113 1976 
1196 448 325 1977 
1197 325 693 1977 
1198 693 448 1977 
1199 107 233 1978 
1200 233 694 1978 
1201 694 107 1978 
1202 233 302 1979 
1203 302 694 1979 
1204 694 233 1979 
1205 302 107 1980 
1206 107 694 1980 
1207 694 302 1980 
1208 190 371 1981 
1209 371 695 1981 
1210 695 190 1981 
1211 371 389 1982 
1212 389 695 1982 
1213 695 371 1982 
1214 389 190 1983 
1215 190 695 1983 
1216 695 389 1983 
1217 4 5 1984 
1218 5 696 1984 
1219 696 4 1984 
1220 5 363 1985 
1221 363 696 1985 
1222 696 5 1985 
1223 363 4 1986 
1224 4 696 1986 
1225 696 363 1986 
1226 121 309 1987 
1227 309 697 1987 
1228 697 121 1987 
1229 309 477 1988 
1230 477 697 1988 
1231 697 309 1988 
1232 477 121 1989 
1233 121 697 1989 
1234 697 477 1989 
1235 255 138 1990 
1236 138 698 1990 
1237 698 255 1990 
1238 138 354 1991 
1239 354 698 1991 
1240 698 138 1991 
1241 354 255 1992 
1242 255 698 1992 
1243 698 354 1992 
1244 219 20 1993 
1245 20 699 1993 
1246 699 219 1993 
1247 20 341 1994 
1248 341 699 1994 
1249 699 20 1994 
1250 341 219 1995 
1251 219 699 1995 
1252 699 341 1995 
1253 19 219 1996 
1254 219 700 1996 
1255 700 19 1996 
1256 219 342 1997 
1257 342 700 1997 
1258 700 219 1997 
1259 342 19 1998 
1260 19 700 1998 
1261 700 342 1998 
1262 64 287 1999 
1263 287 701 1999 
1264 701 64 1999 
1265 287 467 2000 
1266 467 701 2000 
1267 701 287 2000 
1268 467 64 2001 
1269 64 701 2001 
1270 701 467 2001 
1271 498 150 2002 
1272 150 702 2002 
1273 702 498 2002 
1274 150 501 2003 
1275 501 702 2003 
1276 702 150 2003 
1277 501 498 2004 
1278 498 702 2004 
1279 702 501 2004 
1280 496 151 2005 
1281 151 703 2005 
1282 703 496 2005 
1283 151 508 2006 
1284 508 703 2006 
1285 703 151 2006 
1286 508 496 2007 
1287 496 703 2007 
1288 703 508 2007 
1289 148 241 2008 
1290 241 704 2008 
1291 704 148 2008 
1292 241 294 2009 
1293 294 704 2009 
1294 704 241 2009 
1295 294 148 2010 
1296 148 704 2010 
1297 704 294 2010 
1298 241 117 2011 
1299 117 705 2011 
1300 705 241 2011 
1301 117 294 2012 
1302 294 705 2012 
1303 705 117 2012 
1304 294 241 2013 
1305 241 705 2013 
1306 705 294 2013 
1307 108 261 2014 
1308 261 706 2014 
1309 706 108 2014 
1310 261 299 2015 
1311 299 706 2015 
1312 706 261 2015 
1313 299 108 2016 
1314 108 706 2016 
1315 706 299 2016 
1316 391 288 2017 
1317 288 707 2017 
1318 707 391 2017 
1319 288 425 2018 
1320 425 707 2018 
1321 707 288 2018 
1322 425 391 2019 
1323 391 707 2019 
1324 707 425 2019 
1325 7 220 2020 
1326 220 708 2020 
1327 708 7 2020 
1328 220 356 2021 
1329 356 708 2021 
1330 708 220 2021 
1331 356 7 2022 
1332 7 708 2022 
1333 708 356 2022 
1334 46 47 2023 
1335 47 709 2023 
1336 709 46 2023 
1337 47 252 2024 
1338 252 709 2024 
1339 709 47 2024 
1340 252 46 2025 
1341 46 709 2025 
1342 709 252 2025 
1343 262 114 2026 
1344 114 710 2026 
1345 710 262 2026 
1346 114 397 2027 
1347 397 710 2027 
1348 710 114 2027 
1349 397 262 2028 
1350 262 710 2028 
1351 710 397 2028 
1352 221 75 2029 
1353 75 711 2029 
1354 711 221 2029 
1355 75 339 2030 
1356 339 711 2030 
1357 711 75 2030 
1358 339 221 2031 
1359 221 711 2031 
1360 711 339 2031 
1361 74 221 2032 
1362 221 712 2032 
1363 712 74 2032 
1364 221 340 2033 
1365 340 712 2033 
1366 712 221 2033 
1367 340 74 2034 
1368 74 712 2034 
1369 712 340 2034 
1370 158 234 2035 
1371 234 713 2035 
1372 713 158 2035 
1373 234 441 2036 
1374 441 713 2036 
1375 713 234 2036 
1376 441 158 2037 
1377 158 713 2037 
1378 713 441 2037 
1379 278 146 2038 
1380 146 714 2038 
1381 714 278 2038 
1382 146 343 2039 
1383 343 714 2039 
1384 714 146 2039 
1385 343 278 2040 
1386 278 714 2040 
1387 714 343 2040 
1388 253 97 2041 
1389 97 715 2041 
1390 715 253 2041 
1391 97 408 2042 
1392 408 715 2042 
1393 715 97 2042 
1394 408 253 2043 
1395 253 715 2043 
1396 715 408 2043 
1397 110 267 2044 
1398 267 716 2044 
1399 716 110 2044 
1400 267 295 2045 
1401 295 716 2045 
1402 716 267 2045 
1403 295 110 2046 
1404 110 716 2046 
1405 716 295 2046 
1406 170 288 2047 
1407 288 717 2047 
1408 717 170 2047 
1409 288 391 2048 
1410 391 717 2048 
1411 717 288 2048 
1412 391 170 2049 
1413 170 717 2049 
1414 717 391 2049 
1415 140 245 2050 
1416 245 718 2050 
1417 718 140 2050 
1418 245 506 2051 
1419 506 718 2051 
1420 718 245 2051 
1421 506 140 2052 
1422 140 718 2052 
1423 718 506 2052 
1424 155 428 2053 
1425 428 719 2053 
1426 719 155 2053 
1427 428 462 2054 
1428 462 719 2054 
1429 719 428 2054 
1430 462 155 2055 
1431 155 719 2055 
1432 719 462 2055 
1433 499 152 2056 
1434 152 720 2056 
1435 720 499 2056 
1436 152 509 2057 
1437 509 720 2057 
1438 720 152 2057 
1439 509 499 2058 
1440 499 720 2058 
1441 720 509 2058 
1442 222 17 2059 
1443 17 721 2059 
1444 721 222 2059 
1445 17 379 2060 
1446 379 721 2060 
1447 721 17 2060 
1448 379 222 2061 
1449 222 721 2061 
1450 721 379 2061 
1451 220 158 2062 
1452 158 722 2062 
1453 722 220 2062 
1454 158 356 2063 
1455 356 722 2063 
1456 722 158 2063 
1457 356 220 2064 
1458 220 722 2064 
1459 722 356 2064 
1460 238 102 2065 
1461 102 723 2065 
1462 723 238 2065 
1463 102 301 2066 
1464 301 723 2066 
1465 723 102 2066 
1466 301 238 2067 
1467 238 723 2067 
1468 723 301 2067 
1469 234 139 2068 
1470 139 724 2068 
1471 724 234 2068 
1472 139 363 2069 
1473 363 724 2069 
1474 724 139 2069 
1475 363 234 2070 
1476 234 724 2070 
1477 724 363 2070 
1478 223 72 2071 
1479 72 725 2071 
1480 725 223 2071 
1481 72 377 2072 
1482 377 725 2072 
1483 725 72 2072 
1484 377 223 2073 
1485 223 725 2073 
1486 725 377 2073 
1487 217 355 2074 
1488 355 726 2074 
1489 726 217 2074 
1490 355 560 2075 
1491 560 726 2075 
1492 726 355 2075 
1493 560 217 2076 
1494 217 726 2076 
1495 726 560 2076 
1496 252 47 2077 
1497 47 727 2077 
1498 727 252 2077 
1499 47 300 2078 
1500 300 727 2078 
1501 727 47 2078 
1502 300 252 2079 
1503 252 727 2079 
1504 727 300 2079 
1505 306 185 2080 
1506 185 728 2080 
1507 728 306 2080 
1508 185 338 2081 
1509 338 728 2081 
1510 728 185 2081 
1511 338 306 2082 
1512 306 728 2082 
1513 728 338 2082 
1514 106 306 2083 
1515 306 729 2083 
1516 729 106 2083 
1517 306 338 2084 
1518 338 729 2084 
1519 729 306 2084 
1520 338 106 2085 
1521 106 729 2085 
1522 729 338 2085 
1523 182 338 2086 
1524 338 730 2086 
1525 730 182 2086 
1526 338 424 2087 
1527 424 730 2087 
1528 730 338 2087 
1529 424 182 2088 
1530 182 730 2088 
1531 730 424 2088 
1532 268 213 2089 
1533 213 731 2089 
1534 731 268 2089 
1535 213 522 2090 
1536 522 731 2090 
1537 731 213 2090 
1538 522 268 2091 
1539 268 731 2091 
1540 731 522 2091 
1541 174 294 2092 
1542 294 732 2092 
1543 732 174 2092 
1544 294 327 2093 
1545 327 732 2093 
1546 732 294 2093 
1547 327 174 2094 
1548 174 732 2094 
1549 732 327 2094 
1550 246 210 2095 
1551 210 733 2095 
1552 733 246 2095 
1553 210 442 2096 
1554 442 733 2096 
1555 733 210 2096 
1556 442 246 2097 
1557 246 733 2097 
1558 733 442 2097 
1559 96 253 2098 
1560 253 734 2098 
1561 734 96 2098 
1562 253 310 2099 
1563 310 734 2099 
1564 734 253 2099 
1565 310 96 2100 
1566 96 734 2100 
1567 734 310 2100 
1568 22 225 2101 
1569 225 735 2101 
1570 735 22 2101 
1571 225 383 2102 
1572 383 735 2102 
1573 735 225 2102 
1574 383 22 2103 
1575 22 735 2103 
1576 735 383 2103 
1577 239 105 2104 
1578 105 736 2104 
1579 736 239 2104 
1580 105 305 2105 
1581 305 736 2105 
1582 736 105 2105 
1583 305 239 2106 
1584 239 736 2106 
1585 736 305 2106 
1586 77 226 2107 
1587 226 737 2107 
1588 737 77 2107 
1589 226 381 2108 
1590 381 737 2108 
1591 737 226 2108 
1592 381 77 2109 
1593 77 737 2109 
1594 737 381 2109 
1595 271 178 2110 
1596 178 738 2110 
1597 738 271 2110 
1598 178 569 2111 
1599 569 738 2111 
1600 738 178 2111 
1601 569 271 2112 
1602 271 738 2112 
1603 738 569 2112 
1604 276 111 2113 
1605 111 739 2113 
1606 739 276 2113 
1607 111 331 2114 
1608 331 739 2114 
1609 739 111 2114 
1610 331 276 2115 
1611 276 739 2115 
1612 739 331 2115 
1613 277 112 2116 
1614 112 740 2116 
1615 740 277 2116 
1616 112 333 2117 
1617 333 740 2117 
1618 740 112 2117 
1619 333 277 2118 
1620 277 740 2118 
1621 740 333 2118 
1622 278 113 2119 
1623 113 741 2119 
1624 741 278 2119 
1625 113 332 2120 
1626 332 741 2120 
1627 741 113 2120 
1628 332 278 2121 
1629 278 741 2121 
1630 741 332 2121 
1631 266 211 2122 
1632 211 742 2122 
1633 742 266 2122 
1634 211 524 2123 
1635 524 742 2123 
1636 742 211 2123 
1637 524 266 2124 
1638 266 742 2124 
1639 742 524 2124 
1640 222 169 2125 
1641 169 743 2125 
1642 743 222 2125 
1643 169 359 2126 
1644 359 743 2126 
1645 743 169 2126 
1646 359 222 2127 
1647 222 743 2127 
1648 743 359 2127 
1649 142 250 2128 
1650 250 744 2128 
1651 744 142 2128 
1652 250 276 2129 
1653 276 744 2129 
1654 744 250 2129 
1655 276 142 2130 
1656 142 744 2130 
1657 744 276 2130 
1658 143 249 2131 
1659 249 745 2131 
1660 745 143 2131 
1661 249 277 2132 
1662 277 745 2132 
1663 745 249 2132 
1664 277 143 2133 
1665 143 745 2133 
1666 745 277 2133 
1667 144 248 2134 
1668 248 746 2134 
1669 746 144 2134 
1670 248 278 2135 
1671 278 746 2135 
1672 746 248 2135 
1673 278 144 2136 
1674 144 746 2136 
1675 746 278 2136 
1676 98 99 2137 
1677 99 747 2137 
1678 747 98 2137 
1679 99 260 2138 
1680 260 747 2138 
1681 747 99 2138 
1682 260 98 2139 
1683 98 747 2139 
1684 747 260 2139 
1685 33 34 2140 
1686 34 748 2140 
1687 748 33 2140 
1688 34 380 2141 
1689 380 748 2141 
1690 748 34 2141 
1691 380 33 2142 
1692 33 748 2142 
1693 748 380 2142 
1694 158 220 2143 
1695 220 749 2143 
1696 749 158 2143 
1697 220 396 2144 
1698 396 749 2144 
1699 749 220 2144 
1700 396 158 2145 
1701 158 749 2145 
1702 749 396 2145 
1703 223 171 2146 
1704 171 750 2146 
1705 750 223 2146 
1706 171 364 2147 
1707 364 750 2147 
1708 750 171 2147 
1709 364 223 2148 
1710 223 750 2148 
1711 750 364 2148 
1712 272 140 2149 
1713 140 751 2149 
1714 751 272 2149 
1715 140 506 2150 
1716 506 751 2150 
1717 751 140 2150 
1718 506 272 2151 
1719 272 751 2151 
1720 751 506 2151 
1721 244 139 2152 
1722 139 752 2152 
1723 752 244 2152 
1724 139 466 2153 
1725 466 752 2153 
1726 752 139 2153 
1727 466 244 2154 
1728 244 752 2154 
1729 752 466 2154 
1730 368 173 2155 
1731 173 753 2155 
1732 753 368 2155 
1733 173 444 2156 
1734 444 753 2156 
1735 753 173 2156 
1736 444 368 2157 
1737 368 753 2157 
1738 753 444 2157 
1739 111 231 2158 
1740 231 754 2158 
1741 754 111 2158 
1742 231 552 2159 
1743 552 754 2159 
1744 754 231 2159 
1745 552 111 2160 
1746 111 754 2160 
1747 754 552 2160 
1748 112 232 2161 
1749 232 755 2161 
1750 755 112 2161 
1751 232 551 2162 
1752 551 755 2162 
1753 755 232 2162 
1754 551 112 2163 
1755 112 755 2163 
1756 755 551 2163 
1757 64 65 2164 
1758 65 756 2164 
1759 756 64 2164 
1760 65 287 2165 
1761 287 756 2165 
1762 756 65 2165 
1763 287 64 2166 
1764 64 756 2166 
1765 756 287 2166 
1766 247 212 2167 
1767 212 757 2167 
1768 757 247 2167 
1769 212 439 2168 
1770 439 757 2168 
1771 757 212 2168 
1772 439 247 2169 
1773 247 757 2169 
1774 757 439 2169 
1775 134 233 2170 
1776 233 758 2170 
1777 758 134 2170 
1778 233 433 2171 
1779 433 758 2171 
1780 758 233 2171 
1781 433 134 2172 
1782 134 758 2172 
1783 758 433 2172 
1784 168 225 2173 
1785 225 759 2173 
1786 759 168 2173 
1787 225 358 2174 
1788 358 759 2174 
1789 759 225 2174 
1790 358 168 2175 
1791 168 759 2175 
1792 759 358 2175 
1793 198 303 2176 
1794 303 760 2176 
1795 760 198 2176 
1796 303 540 2177 
1797 540 760 2177 
1798 760 303 2177 
1799 540 198 2178 
1800 198 760 2178 
1801 760 540 2178 
1802 114 307 2179 
1803 307 761 2179 
1804 761 114 2179 
1805 307 397 2180 
1806 397 761 2180 
1807 761 307 2180 
1808 397 114 2181 
1809 114 761 2181 
1810 761 397 2181 
1811 87 88 2182 
1812 88 762 2182 
1813 762 87 2182 
1814 88 255 2183 
1815 255 762 2183 
1816 762 88 2183 
1817 255 87 2184 
1818 87 762 2184 
1819 762 255 2184 
1820 196 414 2185 
1821 414 763 2185 
1822 763 196 2185 
1823 414 436 2186 
1824 436 763 2186 
1825 763 414 2186 
1826 436 196 2187 
1827 196 763 2187 
1828 763 436 2187 
1829 170 226 2188 
1830 226 764 2188 
1831 764 170 2188 
1832 226 362 2189 
1833 362 764 2189 
1834 764 226 2189 
1835 362 170 2190 
1836 170 764 2190 
1837 764 362 2190 
1838 284 192 2191 
1839 192 765 2191 
1840 765 284 2191 
1841 192 409 2192 
1842 409 765 2192 
1843 765 192 2192 
1844 409 284 2193 
1845 284 765 2193 
1846 765 409 2193 
1847 148 289 2194 
1848 289 766 2194 
1849 766 148 2194 
1850 289 403 2195 
1851 403 766 2195 
1852 766 289 2195 
1853 403 148 2196 
1854 148 766 2196 
1855 766 403 2196 
1856 102 238 2197 
1857 238 767 2197 
1858 767 102 2197 
1859 238 480 2198 
1860 480 767 2198 
1861 767 238 2198 
1862 480 102 2199 
1863 102 767 2199 
1864 767 480 2199 
1865 188 406 2200 
1866 406 768 2200 
1867 768 188 2200 
1868 406 453 2201 
1869 453 768 2201 
1870 768 406 2201 
1871 453 188 2202 
1872 188 768 2202 
1873 768 453 2202 
1874 66 67 2203 
1875 67 769 2203 
1876 769 66 2203 
1877 67 376 2204 
1878 376 769 2204 
1879 769 67 2204 
1880 376 66 2205 
1881 66 769 2205 
1882 769 376 2205 
1883 169 222 2206 
1884 222 770 2206 
1885 770 169 2206 
1886 222 379 2207 
1887 379 770 2207 
1888 770 222 2207 
1889 379 169 2208 
1890 169 770 2208 
1891 770 379 2208 
1892 226 153 2209 
1893 153 771 2209 
1894 771 226 2209 
1895 153 507 2210 
1896 507 771 2210 
1897 771 153 2210 
1898 507 226 2211 
1899 226 771 2211 
1900 771 507 2211 
1901 171 223 2212 
1902 223 772 2212 
1903 772 171 2212 
1904 223 377 2213 
1905 377 772 2213 
1906 772 223 2213 
1907 377 171 2214 
1908 171 772 2214 
1909 772 377 2214 
1910 294 117 2215 
1911 117 773 2215 
1912 773 294 2215 
1913 117 327 2216 
1914 327 773 2216 
1915 773 117 2216 
1916 327 294 2217 
1917 294 773 2217 
1918 773 327 2217 
1919 194 411 2218 
1920 411 774 2218 
1921 774 194 2218 
1922 411 438 2219 
1923 438 774 2219 
1924 774 411 2219 
1925 438 194 2220 
1926 194 774 2220 
1927 774 438 2220 
1928 150 345 2221 
1929 345 775 2221 
1930 775 150 2221 
1931 345 501 2222 
1932 501 775 2222 
1933 775 345 2222 
1934 501 150 2223 
1935 150 775 2223 
1936 775 501 2223 
1937 391 132 2224 
1938 132 776 2224 
1939 776 391 2224 
1940 132 392 2225 
1941 392 776 2225 
1942 776 132 2225 
1943 392 391 2226 
1944 391 776 2226 
1945 776 392 2226 
1946 221 391 2227 
1947 391 777 2227 
1948 777 221 2227 
1949 391 392 2228 
1950 392 777 2228 
1951 777 391 2228 
1952 392 221 2229 
1953 221 777 2229 
1954 777 392 2229 
1955 17 222 2230 
1956 222 778 2230 
1957 778 17 2230 
1958 222 501 2231 
1959 501 778 2231 
1960 778 222 2231 
1961 501 17 2232 
1962 17 778 2232 
1963 778 501 2232 
1964 89 90 2233 
1965 90 779 2233 
1966 779 89 2233 
1967 90 265 2234 
1968 265 779 2234 
1969 779 90 2234 
1970 265 89 2235 
1971 89 779 2235 
1972 779 265 2235 
1973 151 349 2236 
1974 349 780 2236 
1975 780 151 2236 
1976 349 508 2237 
1977 508 780 2237 
1978 780 349 2237 
1979 508 151 2238 
1980 151 780 2238 
1981 780 508 2238 
1982 104 227 2239 
1983 227 781 2239 
1984 781 104 2239 
1985 227 465 2240 
1986 465 781 2240 
1987 781 227 2240 
1988 465 104 2241 
1989 104 781 2241 
1990 781 465 2241 
1991 72 223 2242 
1992 223 782 2242 
1993 782 72 2242 
1994 223 508 2243 
1995 508 782 2243 
1996 782 223 2243 
1997 508 72 2244 
1998 72 782 2244 
1999 782 508 2244 
2000 280 104 2245 
2001 104 783 2245 
2002 783 280 2245 
2003 104 387 2246 
2004 387 783 2246 
2005 783 104 2246 
2006 387 280 2247 
2007 280 783 2247 
2008 783 387 2247 
2009 238 194 2248 
2010 194 784 2248 
2011 784 238 2248 
2012 194 476 2249 
2013 476 784 2249 
2014 784 194 2249 
2015 476 238 2250 
2016 238 784 2250 
2017 784 476 2250 
2018 225 168 2251 
2019 168 785 2251 
2020 785 225 2251 
2021 168 383 2252 
2022 383 785 2252 
2023 785 168 2252 
2024 383 225 2253 
2025 225 785 2253 
2026 785 383 2253 
2027 224 107 2254 
2028 107 786 2254 
2029 786 224 2254 
2030 107 415 2255 
2031 415 786 2255 
2032 786 107 2255 
2033 415 224 2256 
2034 224 786 2256 
2035 786 415 2256 
2036 103 242 2257 
2037 242 787 2257 
2038 787 103 2257 
2039 242 308 2258 
2040 308 787 2258 
2041 787 242 2258 
2042 308 103 2259 
2043 103 787 2259 
2044 787 308 2259 
2045 298 188 2260 
2046 188 788 2260 
2047 788 298 2260 
2048 188 453 2261 
2049 453 788 2261 
2050 788 188 2261 
2051 453 298 2262 
2052 298 788 2262 
2053 788 453 2262 
2054 289 175 2263 
2055 175 789 2263 
2056 789 289 2263 
2057 175 322 2264 
2058 322 789 2264 
2059 789 175 2264 
2060 322 289 2265 
2061 289 789 2265 
2062 789 322 2265 
2063 115 289 2266 
2064 289 790 2266 
2065 790 115 2266 
2066 289 322 2267 
2067 322 790 2267 
2068 790 289 2267 
2069 322 115 2268 
2070 115 790 2268 
2071 790 322 2268 
2072 226 170 2269 
2073 170 791 2269 
2074 791 226 2269 
2075 170 381 2270 
2076 381 791 2270 
2077 791 170 2270 
2078 381 226 2271 
2079 226 791 2271 
2080 791 381 2271 
2081 269 158 2272 
2082 158 792 2272 
2083 792 269 2272 
2084 158 415 2273 
2085 415 792 2273 
2086 792 158 2273 
2087 415 269 2274 
2088 269 792 2274 
2089 792 415 2274 
2090 257 138 2275 
2091 138 793 2275 
2092 793 257 2275 
2093 138 471 2276 
2094 471 793 2276 
2095 793 138 2276 
2096 471 257 2277 
2097 257 793 2277 
2098 793 471 2277 
2099 178 267 2278 
2100 267 794 2278 
2101 794 178 2278 
2102 267 334 2279 
2103 334 794 2279 
2104 794 267 2279 
2105 334 178 2280 
2106 178 794 2280 
2107 794 334 2280 
2108 181 261 2281 
2109 261 795 2281 
2110 795 181 2281 
2111 261 335 2282 
2112 335 795 2282 
2113 795 261 2282 
2114 335 181 2283 
2115 181 795 2283 
2116 795 335 2283 
2117 225 22 2284 
2118 22 796 2284 
2119 796 225 2284 
2120 22 499 2285 
2121 499 796 2285 
2122 796 22 2285 
2123 499 225 2286 
2124 225 796 2286 
2125 796 499 2286 
2126 11 12 2287 
2127 12 797 2287 
2128 797 11 2287 
2129 12 375 2288 
2130 375 797 2288 
2131 797 12 2288 
2132 375 11 2289 
2133 11 797 2289 
2134 797 375 2289 
2135 226 77 2290 
2136 77 798 2290 
2137 798 226 2290 
2138 77 503 2291 
2139 503 798 2291 
2140 798 77 2291 
2141 503 226 2292 
2142 226 798 2292 
2143 798 503 2292 
2144 245 140 2293 
2145 140 799 2293 
2146 799 245 2293 
2147 140 470 2294 
2148 470 799 2294 
2149 799 140 2294 
2150 470 245 2295 
2151 245 799 2295 
2152 799 470 2295 
2153 230 113 2296 
2154 113 800 2296 
2155 800 230 2296 
2156 113 537 2297 
2157 537 800 2297 
2158 800 113 2297 
2159 537 230 2298 
2160 230 800 2298 
2161 800 537 2298 
2162 354 138 2299 
2163 138 801 2299 
2164 801 354 2299 
2165 138 517 2300 
2166 517 801 2300 
2167 801 138 2300 
2168 517 354 2301 
2169 354 801 2301 
2170 801 517 2301 
2171 228 111 2302 
2172 111 802 2302 
2173 802 228 2302 
2174 111 520 2303 
2175 520 802 2303 
2176 802 111 2303 
2177 520 228 2304 
2178 228 802 2304 
2179 802 520 2304 
2180 229 112 2305 
2181 112 803 2305 
2182 803 229 2305 
2183 112 519 2306 
2184 519 803 2306 
2185 803 112 2306 
2186 519 229 2307 
2187 229 803 2307 
2188 803 519 2307 
2189 118 326 2308 
2190 326 804 2308 
2191 804 118 2308 
2192 326 364 2309 
2193 364 804 2309 
2194 804 326 2309 
2195 364 118 2310 
2196 118 804 2310 
2197 804 364 2310 
2198 58 59 2311 
2199 59 805 2311 
2200 805 58 2311 
2201 59 543 2312 
2202 543 805 2312 
2203 805 59 2312 
2204 543 58 2313 
2205 58 805 2313 
2206 805 543 2313 
2207 235 163 2314 
2208 163 806 2314 
2209 806 235 2314 
2210 163 374 2315 
2211 374 806 2315 
2212 806 163 2315 
2213 374 235 2316 
2214 235 806 2316 
2215 806 374 2316 
2216 29 235 2317 
2217 235 807 2317 
2218 807 29 2317 
2219 235 374 2318 
2220 374 807 2318 
2221 807 235 2318 
2222 374 29 2319 
2223 29 807 2319 
2224 807 374 2319 
2225 139 260 2320 
2226 260 808 2320 
2227 808 139 2320 
2228 260 466 2321 
2229 466 808 2321 
2230 808 260 2321 
2231 466 139 2322 
2232 139 808 2322 
2233 808 466 2322 
2234 346 152 2323 
2235 152 809 2323 
2236 809 346 2323 
2237 152 499 2324 
2238 499 809 2324 
2239 809 152 2324 
2240 499 346 2325 
2241 346 809 2325 
2242 809 499 2325 
2243 120 237 2326 
2244 237 810 2326 
2245 810 120 2326 
2246 237 568 2327 
2247 568 810 2327 
2248 810 237 2327 
2249 568 120 2328 
2250 120 810 2328 
2251 810 568 2328 
2252 109 283 2329 
2253 283 811 2329 
2254 811 109 2329 
2255 283 412 2330 
2256 412 811 2330 
2257 811 283 2330 
2258 412 109 2331 
2259 109 811 2331 
2260 811 412 2331 
2261 283 195 2332 
2262 195 812 2332 
2263 812 283 2332 
2264 195 412 2333 
2265 412 812 2333 
2266 812 195 2333 
2267 412 283 2334 
2268 283 812 2334 
2269 812 412 2334 
2270 350 153 2335 
2271 153 813 2335 
2272 813 350 2335 
2273 153 503 2336 
2274 503 813 2336 
2275 813 153 2336 
2276 503 350 2337 
2277 350 813 2337 
2278 813 503 2337 
2279 110 249 2338 
2280 249 814 2338 
2281 814 110 2338 
2282 249 334 2339 
2283 334 814 2339 
2284 814 249 2339 
2285 334 110 2340 
2286 110 814 2340 
2287 814 334 2340 
2288 108 250 2341 
2289 250 815 2341 
2290 815 108 2341 
2291 250 335 2342 
2292 335 815 2342 
2293 815 250 2342 
2294 335 108 2343 
2295 108 815 2343 
2296 815 335 2343 
2297 115 322 2344 
2298 322 816 2344 
2299 816 115 2344 
2300 322 359 2345 
2301 359 816 2345 
2302 816 322 2345 
2303 359 115 2346 
2304 115 816 2346 
2305 816 359 2346 
2306 234 5 2347 
2307 5 817 2347 
2308 817 234 2347 
2309 5 441 2348 
2310 441 817 2348 
2311 817 5 2348 
2312 441 234 2349 
2313 234 817 2349 
2314 817 441 2349 
2315 236 162 2350 
2316 162 818 2350 
2317 818 236 2350 
2318 162 373 2351 
2319 373 818 2351 
2320 818 162 2351 
2321 373 236 2352 
2322 236 818 2352 
2323 818 373 2352 
2324 84 236 2353 
2325 236 819 2353 
2326 819 84 2353 
2327 236 373 2354 
2328 373 819 2354 
2329 819 236 2354 
2330 373 84 2355 
2331 84 819 2355 
2332 819 373 2355 
2333 337 440 2356 
2334 440 820 2356 
2335 820 337 2356 
2336 440 510 2357 
2337 510 820 2357 
2338 820 440 2357 
2339 510 337 2358 
2340 337 820 2358 
2341 820 510 2358 
2342 394 126 2359 
2343 126 821 2359 
2344 821 394 2359 
2345 126 395 2360 
2346 395 821 2360 
2347 821 126 2360 
2348 395 394 2361 
2349 394 821 2361 
2350 821 395 2361 
2351 219 394 2362 
2352 394 822 2362 
2353 822 219 2362 
2354 394 395 2363 
2355 395 822 2363 
2356 822 394 2363 
2357 395 219 2364 
2358 219 822 2364 
2359 822 395 2364 
2360 323 116 2365 
2361 116 823 2365 
2362 823 323 2365 
2363 116 358 2366 
2364 358 823 2366 
2365 823 116 2366 
2366 358 323 2367 
2367 323 823 2367 
2368 823 358 2367 
2369 287 204 2368 
2370 204 824 2368 
2371 824 287 2368 
2372 204 467 2369 
2373 467 824 2369 
2374 824 204 2369 
2375 467 287 2370 
2376 287 824 2370 
2377 824 467 2370 
2378 275 186 2371 
2379 186 825 2371 
2380 825 275 2371 
2381 186 348 2372 
2382 348 825 2372 
2383 825 186 2372 
2384 348 275 2373 
2385 275 825 2373 
2386 825 348 2373 
2387 156 275 2374 
2388 275 826 2374 
2389 826 156 2374 
2390 275 348 2375 
2391 348 826 2375 
2392 826 275 2375 
2393 348 156 2376 
2394 156 826 2376 
2395 826 348 2376 
2396 274 157 2377 
2397 157 827 2377 
2398 827 274 2377 
2399 157 347 2378 
2400 347 827 2378 
2401 827 157 2378 
2402 347 274 2379 
2403 274 827 2379 
2404 827 347 2379 
2405 187 274 2380 
2406 274 828 2380 
2407 828 187 2380 
2408 274 347 2381 
2409 347 828 2381 
2410 828 274 2381 
2411 347 187 2382 
2412 187 828 2382 
2413 828 347 2382 
2414 239 196 2383 
2415 196 829 2383 
2416 829 239 2383 
2417 196 475 2384 
2418 475 829 2384 
2419 829 196 2384 
2420 475 239 2385 
2421 239 829 2385 
2422 829 475 2385 
2423 308 193 2386 
2424 193 830 2386 
2425 830 308 2386 
2426 193 525 2387 
2427 525 830 2387 
2428 830 193 2387 
2429 525 308 2388 
2430 308 830 2388 
2431 830 525 2388 
2432 200 337 2389 
2433 337 831 2389 
2434 831 200 2389 
2435 337 510 2390 
2436 510 831 2390 
2437 831 337 2390 
2438 510 200 2391 
2439 200 831 2391 
2440 831 510 2391 
2441 148 403 2392 
2442 403 832 2392 
2443 832 148 2392 
2444 403 424 2393 
2445 424 832 2393 
2446 832 403 2393 
2447 424 148 2394 
2448 148 832 2394 
2449 832 424 2394 
2450 396 224 2395 
2451 224 833 2395 
2452 833 396 2395 
2453 224 415 2396 
2454 415 833 2396 
2455 833 224 2396 
2456 415 396 2397 
2457 396 833 2397 
2458 833 415 2397 
2459 155 357 2398 
2460 357 834 2398 
2461 834 155 2398 
2462 357 428 2399 
2463 428 834 2399 
2464 834 357 2399 
2465 428 155 2400 
2466 155 834 2400 
2467 834 428 2400 
2468 10 282 2401 
2469 282 835 2401 
2470 835 10 2401 
2471 282 544 2402 
2472 544 835 2402 
2473 835 282 2402 
2474 544 10 2403 
2475 10 835 2403 
2476 835 544 2403 
2477 386 176 2404 
2478 176 836 2404 
2479 836 386 2404 
2480 176 409 2405 
2481 409 836 2405 
2482 836 176 2405 
2483 409 386 2406 
2484 386 836 2406 
2485 836 409 2406 
2486 382 257 2407 
2487 257 837 2407 
2488 837 382 2407 
2489 257 471 2408 
2490 471 837 2408 
2491 837 257 2408 
2492 471 382 2409 
2493 382 837 2409 
2494 837 471 2409 
2495 9 10 2410 
2496 10 838 2410 
2497 838 9 2410 
2498 10 544 2411 
2499 544 838 2411 
2500 838 10 2411 
2501 544 9 2412 
2502 9 838 2412 
2503 838 544 2412 
2504 158 396 2413 
2505 396 839 2413 
2506 839 158 2413 
2507 396 415 2414 
2508 415 839 2414 
2509 839 396 2414 
2510 415 158 2415 
2511 158 839 2415 
2512 839 415 2415 
2513 173 352 2416 
2514 352 840 2416 
2515 840 173 2416 
2516 352 444 2417 
2517 444 840 2417 
2518 840 352 2417 
2519 444 173 2418 
2520 173 840 2418 
2521 840 444 2418 
2522 46 252 2419 
2523 252 841 2419 
2524 841 46 2419 
2525 252 418 2420 
2526 418 841 2420 
2527 841 252 2420 
2528 418 46 2421 
2529 46 841 2421 
2530 841 418 2421 
2531 82 83 2422 
2532 83 842 2422 
2533 842 82 2422 
2534 83 263 2423 
2535 263 842 2423 
2536 842 83 2423 
2537 263 82 2424 
2538 82 842 2424 
2539 842 263 2424 
2540 27 28 2425 
2541 28 843 2425 
2542 843 27 2425 
2543 28 264 2426 
2544 264 843 2426 
2545 843 28 2426 
2546 264 27 2427 
2547 27 843 2427 
2548 843 264 2427 
2549 183 253 2428 
2550 253 844 2428 
2551 844 183 2428 
2552 253 408 2429 
2553 408 844 2429 
2554 844 253 2429 
2555 408 183 2430 
2556 183 844 2430 
2557 844 408 2430 
2558 222 498 2431 
2559 498 845 2431 
2560 845 222 2431 
2561 498 501 2432 
2562 501 845 2432 
2563 845 498 2432 
2564 501 222 2433 
2565 222 845 2433 
2566 845 501 2433 
2567 401 231 2434 
2568 231 846 2434 
2569 846 401 2434 
2570 231 484 2435 
2571 484 846 2435 
2572 846 231 2435 
2573 484 401 2436 
2574 401 846 2436 
2575 846 484 2436 
2576 140 265 2437 
2577 265 847 2437 
2578 847 140 2437 
2579 265 470 2438 
2580 470 847 2438 
2581 847 265 2438 
2582 470 140 2439 
2583 140 847 2439 
2584 847 470 2439 
2585 223 496 2440 
2586 496 848 2440 
2587 848 223 2440 
2588 496 508 2441 
2589 508 848 2441 
2590 848 496 2441 
2591 508 223 2442 
2592 223 848 2442 
2593 848 508 2442 
2594 60 61 2443 
2595 61 849 2443 
2596 849 60 2443 
2597 61 270 2444 
2598 270 849 2444 
2599 849 61 2444 
2600 270 60 2445 
2601 60 849 2445 
2602 849 270 2445 
2603 402 232 2446 
2604 232 850 2446 
2605 850 402 2446 
2606 232 486 2447 
2607 486 850 2447 
2608 850 232 2447 
2609 486 402 2448 
2610 402 850 2448 
2611 850 486 2448 
2612 62 240 2449 
2613 240 851 2449 
2614 851 62 2449 
2615 240 393 2450 
2616 393 851 2450 
2617 851 240 2450 
2618 393 62 2451 
2619 62 851 2451 
2620 851 393 2451 
2621 261 108 2452 
2622 108 852 2452 
2623 852 261 2452 
2624 108 335 2453 
2625 335 852 2453 
2626 852 108 2453 
2627 335 261 2454 
2628 261 852 2454 
2629 852 335 2454 
2630 240 172 2455 
2631 172 853 2455 
2632 853 240 2455 
2633 172 393 2456 
2634 393 853 2456 
2635 853 172 2456 
2636 393 240 2457 
2637 240 853 2457 
2638 853 393 2457 
2639 267 110 2458 
2640 110 854 2458 
2641 854 267 2458 
2642 110 334 2459 
2643 334 854 2459 
2644 854 110 2459 
2645 334 267 2460 
2646 267 854 2460 
2647 854 334 2460 
2648 39 40 2461 
2649 40 855 2461 
2650 855 39 2461 
2651 40 365 2462 
2652 365 855 2462 
2653 855 40 2462 
2654 365 39 2463 
2655 39 855 2463 
2656 855 365 2463 
2657 44 45 2464 
2658 45 856 2464 
2659 856 44 2464 
2660 45 275 2465 
2661 275 856 2465 
2662 856 45 2465 
2663 275 44 2466 
2664 44 856 2466 
2665 856 275 2466 
2666 49 50 2467 
2667 50 857 2467 
2668 857 49 2467 
2669 50 274 2468 
2670 274 857 2468 
2671 857 50 2468 
2672 274 49 2469 
2673 49 857 2469 
2674 857 274 2469 
2675 251 57 2470 
2676 57 858 2470 
2677 858 251 2470 
2678 57 543 2471 
2679 543 858 2471 
2680 858 57 2471 
2681 543 251 2472 
2682 251 858 2472 
2683 858 543 2472 
2684 154 251 2473 
2685 251 859 2473 
2686 859 154 2473 
2687 251 434 2474 
2688 434 859 2474 
2689 859 251 2474 
2690 434 154 2475 
2691 154 859 2475 
2692 859 434 2475 
2693 93 94 2476 
2694 94 860 2476 
2695 860 93 2476 
2696 94 272 2477 
2697 272 860 2477 
2698 860 94 2477 
2699 272 93 2478 
2700 93 860 2478 
2701 860 272 2478 
2702 116 254 2479 
2703 254 861 2479 
2704 861 116 2479 
2705 254 384 2480 
2706 384 861 2480 
2707 861 254 2480 
2708 384 116 2481 
2709 116 861 2481 
2710 861 384 2481 
2711 139 244 2482 
2712 244 862 2482 
2713 862 139 2482 
2714 244 363 2483 
2715 363 862 2483 
2716 862 244 2483 
2717 363 139 2484 
2718 139 862 2484 
2719 862 363 2484 
2720 248 144 2485 
2721 144 863 2485 
2722 863 248 2485 
2723 144 413 2486 
2724 413 863 2486 
2725 863 144 2486 
2726 413 248 2487 
2727 248 863 2487 
2728 863 413 2487 
2729 145 250 2488 
2730 250 864 2488 
2731 864 145 2488 
2732 250 411 2489 
2733 411 864 2489 
2734 864 250 2489 
2735 411 145 2490 
2736 145 864 2490 
2737 864 411 2490 
2738 146 248 2491 
2739 248 865 2491 
2740 865 146 2491 
2741 248 412 2492 
2742 412 865 2492 
2743 865 248 2492 
2744 412 146 2493 
2745 146 865 2493 
2746 865 412 2493 
2747 147 249 2494 
2748 249 866 2494 
2749 866 147 2494 
2750 249 414 2495 
2751 414 866 2495 
2752 866 249 2495 
2753 414 147 2496 
2754 147 866 2496 
2755 866 414 2496 
2756 54 55 2497 
2757 55 867 2497 
2758 867 54 2497 
2759 55 361 2498 
2760 361 867 2498 
2761 867 55 2498 
2762 361 54 2499 
2763 54 867 2499 
2764 867 361 2499 
2765 163 235 2500 
2766 235 868 2500 
2767 868 163 2500 
2768 235 400 2501 
2769 400 868 2501 
2770 868 235 2501 
2771 400 163 2502 
2772 163 868 2502 
2773 868 400 2502 
2774 120 347 2503 
2775 347 869 2503 
2776 869 120 2503 
2777 347 456 2504 
2778 456 869 2504 
2779 869 347 2504 
2780 456 120 2505 
2781 120 869 2505 
2782 869 456 2505 
2783 237 133 2506 
2784 133 870 2506 
2785 870 237 2506 
2786 133 378 2507 
2787 378 870 2507 
2788 870 133 2507 
2789 378 237 2508 
2790 237 870 2508 
2791 870 378 2508 
2792 162 236 2509 
2793 236 871 2509 
2794 871 162 2509 
2795 236 399 2510 
2796 399 871 2510 
2797 871 236 2510 
2798 399 162 2511 
2799 162 871 2511 
2800 871 399 2511 
2801 199 304 2512 
2802 304 872 2512 
2803 872 199 2512 
2804 304 489 2513 
2805 489 872 2513 
2806 872 304 2513 
2807 489 199 2514 
2808 199 872 2514 
2809 872 489 2514 
2810 240 63 2515 
2811 63 873 2515 
2812 873 240 2515 
2813 63 467 2516 
2814 467 873 2516 
2815 873 63 2516 
2816 467 240 2517 
2817 240 873 2517 
2818 873 467 2517 
2819 204 240 2518 
2820 240 874 2518 
2821 874 204 2518 
2822 240 467 2519 
2823 467 874 2519 
2824 874 240 2519 
2825 467 204 2520 
2826 204 874 2520 
2827 874 467 2520 
2828 255 88 2521 
2829 88 875 2521 
2830 875 255 2521 
2831 88 410 2522 
2832 410 875 2522 
2833 875 88 2522 
2834 410 255 2523 
2835 255 875 2523 
2836 875 410 2523 
2837 237 120 2524 
2838 120 876 2524 
2839 876 237 2524 
2840 120 385 2525 
2841 385 876 2525 
2842 876 120 2525 
2843 385 237 2526 
2844 237 876 2526 
2845 876 385 2526 
2846 174 286 2527 
2847 286 877 2527 
2848 877 174 2527 
2849 286 294 2528 
2850 294 877 2528 
2851 877 286 2528 
2852 294 174 2529 
2853 174 877 2529 
2854 877 294 2529 
2855 371 167 2530 
2856 167 878 2530 
2857 878 371 2530 
2858 167 389 2531 
2859 389 878 2531 
2860 878 167 2531 
2861 389 371 2532 
2862 371 878 2532 
2863 878 389 2532 
2864 387 104 2533 
2865 104 879 2533 
2866 879 387 2533 
2867 104 422 2534 
2868 422 879 2534 
2869 879 104 2534 
2870 422 387 2535 
2871 387 879 2535 
2872 879 422 2535 
2873 225 499 2536 
2874 499 880 2536 
2875 880 225 2536 
2876 499 509 2537 
2877 509 880 2537 
2878 880 499 2537 
2879 509 225 2538 
2880 225 880 2538 
2881 880 509 2538 
2882 95 96 2539 
2883 96 881 2539 
2884 881 95 2539 
2885 96 310 2540 
2886 310 881 2540 
2887 881 96 2540 
2888 310 95 2541 
2889 95 881 2541 
2890 881 310 2541 
2891 100 244 2542 
2892 244 882 2542 
2893 882 100 2542 
2894 244 466 2543 
2895 466 882 2543 
2896 882 244 2543 
2897 466 100 2544 
2898 100 882 2544 
2899 882 466 2544 
2900 364 326 2545 
2901 326 883 2545 
2902 883 364 2545 
2903 326 496 2546 
2904 496 883 2546 
2905 883 326 2546 
2906 496 364 2547 
2907 364 883 2547 
2908 883 496 2547 
2909 47 48 2548 
2910 48 884 2548 
2911 884 47 2548 
2912 48 300 2549 
2913 300 884 2549 
2914 884 48 2549 
2915 300 47 2550 
2916 47 884 2550 
2917 884 300 2550 
2918 175 238 2551 
2919 238 885 2551 
2920 885 175 2551 
2921 238 512 2552 
2922 512 885 2552 
2923 885 238 2552 
2924 512 175 2553 
2925 175 885 2553 
2926 885 512 2553 
2927 269 107 2554 
2928 107 886 2554 
2929 886 269 2554 
2930 107 370 2555 
2931 370 886 2555 
2932 886 107 2555 
2933 370 269 2556 
2934 269 886 2556 
2935 886 370 2556 
2936 149 284 2557 
2937 284 887 2557 
2938 887 149 2557 
2939 284 472 2558 
2940 472 887 2558 
2941 887 284 2558 
2942 472 149 2559 
2943 149 887 2559 
2944 887 472 2559 
2945 283 172 2560 
2946 172 888 2560 
2947 888 283 2560 
2948 172 407 2561 
2949 407 888 2561 
2950 888 172 2561 
2951 407 283 2562 
2952 283 888 2562 
2953 888 407 2562 
2954 404 120 2563 
2955 120 889 2563 
2956 889 404 2563 
2957 120 456 2564 
2958 456 889 2564 
2959 889 120 2564 
2960 456 404 2565 
2961 404 889 2565 
2962 889 456 2565 
2963 312 150 2566 
2964 150 890 2566 
2965 890 312 2566 
2966 150 322 2567 
2967 322 890 2567 
2968 890 150 2567 
2969 322 312 2568 
2970 312 890 2568 
2971 890 322 2568 
2972 175 312 2569 
2973 312 891 2569 
2974 891 175 2569 
2975 312 322 2570 
2976 322 891 2570 
2977 891 312 2570 
2978 322 175 2571 
2979 175 891 2571 
2980 891 322 2571 
2981 292 197 2572 
2982 197 892 2572 
2983 892 292 2572 
2984 197 531 2573 
2985 531 892 2573 
2986 892 197 2573 
2987 531 292 2574 
2988 292 892 2574 
2989 892 531 2574 
2990 129 279 2575 
2991 279 893 2575 
2992 893 129 2575 
2993 279 336 2576 
2994 336 893 2576 
2995 893 279 2576 
2996 336 129 2577 
2997 129 893 2577 
2998 893 336 2577 
2999 133 237 2578 
3000 237 894 2578 
3001 894 133 2578 
3002 237 464 2579 
3003 464 894 2579 
3004 894 237 2579 
3005 464 133 2580 
3006 133 894 2580 
3007 894 464 2580 
3008 244 100 2581 
3009 100 895 2581 
3010 895 244 2581 
3011 100 527 2582 
3012 527 895 2582 
3013 895 100 2582 
3014 527 244 2583 
3015 244 895 2583 
3016 895 527 2583 
3017 193 242 2584 
3018 242 896 2584 
3019 896 193 2584 
3020 242 474 2585 
3021 474 896 2585 
3022 896 242 2585 
3023 474 193 2586 
3024 193 896 2586 
3025 896 474 2586 
3026 256 181 2587 
3027 181 897 2587 
3028 897 256 2587 
3029 181 309 2588 
3030 309 897 2588 
3031 897 181 2588 
3032 309 256 2589 
3033 256 897 2589 
3034 897 309 2589 
3035 286 102 2590 
3036 102 898 2590 
3037 898 286 2590 
3038 102 367 2591 
3039 367 898 2591 
3040 898 102 2591 
3041 367 286 2592 
3042 286 898 2592 
3043 898 367 2592 
3044 425 306 2593 
3045 306 899 2593 
3046 899 425 2593 
3047 306 435 2594 
3048 435 899 2594 
3049 899 306 2594 
3050 435 425 2595 
3051 425 899 2595 
3052 899 435 2595 
3053 291 262 2596 
3054 262 900 2596 
3055 900 291 2596 
3056 262 433 2597 
3057 433 900 2597 
3058 900 262 2597 
3059 433 291 2598 
3060 291 900 2598 
3061 900 433 2598 
3062 318 196 2599 
3063 196 901 2599 
3064 901 318 2599 
3065 196 436 2600 
3066 436 901 2600 
3067 901 196 2600 
3068 436 318 2601 
3069 318 901 2601 
3070 901 436 2601 
3071 200 331 2602 
3072 331 902 2602 
3073 902 200 2602 
3074 331 485 2603 
3075 485 902 2603 
3076 902 331 2603 
3077 485 200 2604 
3078 200 902 2604 
3079 902 485 2604 
3080 202 333 2605 
3081 333 903 2605 
3082 903 202 2605 
3083 333 488 2606 
3084 488 903 2606 
3085 903 333 2606 
3086 488 202 2607 
3087 202 903 2607 
3088 903 488 2607 
3089 201 332 2608 
3090 332 904 2608 
3091 904 201 2608 
3092 332 487 2609 
3093 487 904 2609 
3094 904 332 2609 
3095 487 201 2610 
3096 201 904 2610 
3097 904 487 2610 
3098 212 349 2611 
3099 349 905 2611 
3100 905 212 2611 
3101 349 526 2612 
3102 526 905 2612 
3103 905 349 2612 
3104 526 212 2613 
3105 212 905 2613 
3106 905 526 2613 
3107 331 228 2614 
3108 228 906 2614 
3109 906 331 2614 
3110 228 485 2615 
3111 485 906 2615 
3112 906 228 2615 
3113 485 331 2616 
3114 331 906 2616 
3115 906 485 2616 
3116 333 229 2617 
3117 229 907 2617 
3118 907 333 2617 
3119 229 488 2618 
3120 488 907 2618 
3121 907 229 2618 
3122 488 333 2619 
3123 333 907 2619 
3124 907 488 2619 
3125 332 230 2620 
3126 230 908 2620 
3127 908 332 2620 
3128 230 487 2621 
3129 487 908 2621 
3130 908 230 2621 
3131 487 332 2622 
3132 332 908 2622 
3133 908 487 2622 
3134 249 143 2623 
3135 143 909 2623 
3136 909 249 2623 
3137 143 334 2624 
3138 334 909 2624 
3139 909 143 2624 
3140 334 249 2625 
3141 249 909 2625 
3142 909 334 2625 
3143 238 175 2626 
3144 175 910 2626 
3145 910 238 2626 
3146 175 480 2627 
3147 480 910 2627 
3148 910 175 2627 
3149 480 238 2628 
3150 238 910 2628 
3151 910 480 2628 
3152 250 142 2629 
3153 142 911 2629 
3154 911 250 2629 
3155 142 335 2630 
3156 335 911 2630 
3157 911 142 2630 
3158 335 250 2631 
3159 250 911 2631 
3160 911 335 2631 
3161 32 293 2632 
3162 293 912 2632 
3163 912 32 2632 
3164 293 555 2633 
3165 555 912 2633 
3166 912 293 2633 
3167 555 32 2634 
3168 32 912 2634 
3169 912 555 2634 
3170 259 113 2635 
3171 113 913 2635 
3172 913 259 2635 
3173 113 343 2636 
3174 343 913 2636 
3175 913 113 2636 
3176 343 259 2637 
3177 259 913 2637 
3178 913 343 2637 
3179 359 322 2638 
3180 322 914 2638 
3181 914 359 2638 
3182 322 498 2639 
3183 498 914 2639 
3184 914 322 2639 
3185 498 359 2640 
3186 359 914 2640 
3187 914 498 2640 
3188 128 401 2641 
3189 401 915 2641 
3190 915 128 2641 
3191 401 484 2642 
3192 484 915 2642 
3193 915 401 2642 
3194 484 128 2643 
3195 128 915 2643 
3196 915 484 2643 
3197 252 186 2644 
3198 186 916 2644 
3199 916 252 2644 
3200 186 418 2645 
3201 418 916 2645 
3202 916 186 2645 
3203 418 252 2646 
3204 252 916 2646 
3205 916 418 2646 
3206 176 239 2647 
3207 239 917 2647 
3208 917 176 2647 
3209 239 505 2648 
3210 505 917 2648 
3211 917 239 2648 
3212 505 176 2649 
3213 176 917 2649 
3214 917 505 2649 
3215 111 276 2650 
3216 276 918 2650 
3217 918 111 2650 
3218 276 303 2651 
3219 303 918 2651 
3220 918 276 2651 
3221 303 111 2652 
3222 111 918 2652 
3223 918 303 2652 
3224 112 277 2653 
3225 277 919 2653 
3226 919 112 2653 
3227 277 304 2654 
3228 304 919 2654 
3229 919 277 2654 
3230 304 112 2655 
3231 112 919 2655 
3232 919 304 2655 
3233 127 281 2656 
3234 281 920 2656 
3235 920 127 2656 
3236 281 337 2657 
3237 337 920 2657 
3238 920 281 2657 
3239 337 127 2658 
3240 127 920 2658 
3241 920 337 2658 
3242 323 358 2659 
3243 358 921 2659 
3244 921 323 2659 
3245 358 509 2660 
3246 509 921 2660 
3247 921 358 2660 
3248 509 323 2661 
3249 323 921 2661 
3250 921 509 2661 
3251 131 402 2662 
3252 402 922 2662 
3253 922 131 2662 
3254 402 486 2663 
3255 486 922 2663 
3256 922 402 2663 
3257 486 131 2664 
3258 131 922 2664 
3259 922 486 2664 
3260 317 194 2665 
3261 194 923 2665 
3262 923 317 2665 
3263 194 438 2666 
3264 438 923 2666 
3265 923 194 2666 
3266 438 317 2667 
3267 317 923 2667 
3268 923 438 2667 
3269 246 13 2668 
3270 13 924 2668 
3271 924 246 2668 
3272 13 513 2669 
3273 513 924 2669 
3274 924 13 2669 
3275 513 246 2670 
3276 246 924 2670 
3277 924 513 2670 
3278 320 151 2671 
3279 151 925 2671 
3280 925 320 2671 
3281 151 326 2672 
3282 326 925 2672 
3283 925 151 2672 
3284 326 320 2673 
3285 320 925 2673 
3286 925 326 2673 
3287 176 320 2674 
3288 320 926 2674 
3289 926 176 2674 
3290 320 326 2675 
3291 326 926 2675 
3292 926 320 2675 
3293 326 176 2676 
3294 176 926 2676 
3295 926 326 2676 
3296 296 156 2677 
3297 156 927 2677 
3298 927 296 2677 
3299 156 565 2678 
3300 565 927 2678 
3301 927 156 2678 
3302 565 296 2679 
3303 296 927 2679 
3304 927 565 2679 
3305 139 269 2680 
3306 269 928 2680 
3307 928 139 2680 
3308 269 370 2681 
3309 370 928 2681 
3310 928 269 2681 
3311 370 139 2682 
3312 139 928 2682 
3313 928 370 2682 
3314 185 306 2683 
3315 306 929 2683 
3316 929 185 2683 
3317 306 425 2684 
3318 425 929 2684 
3319 929 306 2684 
3320 425 185 2685 
3321 185 929 2685 
3322 929 425 2685 
3323 31 32 2686 
3324 32 930 2686 
3325 930 31 2686 
3326 32 555 2687 
3327 555 930 2687 
3328 930 32 2687 
3329 555 31 2688 
3330 31 930 2688 
3331 930 555 2688 
3332 210 345 2689 
3333 345 931 2689 
3334 931 210 2689 
3335 345 521 2690 
3336 521 931 2690 
3337 931 345 2690 
3338 521 210 2691 
3339 210 931 2691 
3340 931 521 2691 
3341 321 173 2692 
3342 173 932 2692 
3343 932 321 2692 
3344 173 323 2693 
3345 323 932 2693 
3346 932 173 2693 
3347 323 321 2694 
3348 321 932 2694 
3349 932 323 2694 
3350 152 321 2695 
3351 321 933 2695 
3352 933 152 2695 
3353 321 323 2696 
3354 323 933 2696 
3355 933 321 2696 
3356 323 152 2697 
3357 152 933 2697 
3358 933 323 2697 
3359 91 245 2698 
3360 245 934 2698 
3361 934 91 2698 
3362 245 470 2699 
3363 470 934 2699 
3364 934 245 2699 
3365 470 91 2700 
3366 91 934 2700 
3367 934 470 2700 
3368 286 148 2701 
3369 148 935 2701 
3370 935 286 2701 
3371 148 294 2702 
3372 294 935 2702 
3373 935 148 2702 
3374 294 286 2703 
3375 286 935 2703 
3376 935 294 2703 
3377 177 285 2704 
3378 285 936 2704 
3379 936 177 2704 
3380 285 385 2705 
3381 385 936 2705 
3382 936 285 2705 
3383 385 177 2706 
3384 177 936 2706 
3385 936 385 2706 
3386 361 55 2707 
3387 55 937 2707 
3388 937 361 2707 
3389 55 546 2708 
3390 546 937 2708 
3391 937 55 2708 
3392 546 361 2709 
3393 361 937 2709 
3394 937 546 2709 
3395 284 406 2710 
3396 406 938 2710 
3397 938 284 2710 
3398 406 472 2711 
3399 472 938 2711 
3400 938 406 2711 
3401 472 284 2712 
3402 284 938 2712 
3403 938 472 2712 
3404 312 122 2713 
3405 122 939 2713 
3406 939 312 2713 
3407 122 521 2714 
3408 521 939 2714 
3409 939 122 2714 
3410 521 312 2715 
3411 312 939 2715 
3412 939 521 2715 
3413 247 68 2716 
3414 68 940 2716 
3415 940 247 2716 
3416 68 514 2717 
3417 514 940 2717 
3418 940 68 2717 
3419 514 247 2718 
3420 247 940 2718 
3421 940 514 2718 
3422 157 297 2719 
3423 297 941 2719 
3424 941 157 2719 
3425 297 561 2720 
3426 561 941 2720 
3427 941 297 2720 
3428 561 157 2721 
3429 157 941 2721 
3430 941 561 2721 
3431 156 365 2722 
3432 365 942 2722 
3433 942 156 2722 
3434 365 565 2723 
3435 565 942 2723 
3436 942 365 2723 
3437 565 156 2724 
3438 156 942 2724 
3439 942 565 2724 
3440 443 8 2725 
3441 8 943 2725 
3442 943 443 2725 
3443 8 544 2726 
3444 544 943 2726 
3445 943 8 2726 
3446 544 443 2727 
3447 443 943 2727 
3448 943 544 2727 
3449 172 283 2728 
3450 283 944 2728 
3451 944 172 2728 
3452 283 541 2729 
3453 541 944 2729 
3454 944 283 2729 
3455 541 172 2730 
3456 172 944 2730 
3457 944 541 2730 
3458 8 9 2731 
3459 9 945 2731 
3460 945 8 2731 
3461 9 544 2732 
3462 544 945 2732 
3463 945 9 2732 
3464 544 8 2733 
3465 8 945 2733 
3466 945 544 2733 
3467 117 241 2734 
3468 241 946 2734 
3469 946 117 2734 
3470 241 449 2735 
3471 449 946 2735 
3472 946 241 2735 
3473 449 117 2736 
3474 117 946 2736 
3475 946 449 2736 
3476 320 125 2737 
3477 125 947 2737 
3478 947 320 2737 
3479 125 526 2738 
3480 526 947 2738 
3481 947 125 2738 
3482 526 320 2739 
3483 320 947 2739 
3484 947 526 2739 
3485 246 159 2740 
3486 159 948 2740 
3487 948 246 2740 
3488 159 450 2741 
3489 450 948 2741 
3490 948 159 2741 
3491 450 246 2742 
3492 246 948 2742 
3493 948 450 2742 
3494 247 161 2743 
3495 161 949 2743 
3496 949 247 2743 
3497 161 468 2744 
3498 468 949 2744 
3499 949 161 2744 
3500 468 247 2745 
3501 247 949 2745 
3502 949 468 2745 
3503 119 273 2746 
3504 273 950 2746 
3505 950 119 2746 
3506 273 371 2747 
3507 371 950 2747 
3508 950 273 2747 
3509 371 119 2748 
3510 119 950 2748 
3511 950 371 2748 
3512 273 167 2749 
3513 167 951 2749 
3514 951 273 2749 
3515 167 371 2750 
3516 371 951 2750 
3517 951 167 2750 
3518 371 273 2751 
3519 273 951 2751 
3520 951 371 2751 
3521 119 351 2752 
3522 351 952 2752 
3523 952 119 2752 
3524 351 405 2753 
3525 405 952 2753 
3526 952 351 2753 
3527 405 119 2754 
3528 119 952 2754 
3529 952 405 2754 
3530 131 321 2755 
3531 321 953 2755 
3532 953 131 2755 
3533 321 523 2756 
3534 523 953 2756 
3535 953 321 2756 
3536 523 131 2757 
3537 131 953 2757 
3538 953 523 2757 
3539 230 398 2758 
3540 398 954 2758 
3541 954 230 2758 
3542 398 487 2759 
3543 487 954 2759 
3544 954 398 2759 
3545 487 230 2760 
3546 230 954 2760 
3547 954 487 2760 
3548 357 217 2761 
3549 217 955 2761 
3550 955 357 2761 
3551 217 518 2762 
3552 518 955 2762 
3553 955 217 2762 
3554 518 357 2763 
3555 357 955 2763 
3556 955 518 2763 
3557 60 270 2764 
3558 270 956 2764 
3559 956 60 2764 
3560 270 366 2765 
3561 366 956 2765 
3562 956 270 2765 
3563 366 60 2766 
3564 60 956 2766 
3565 956 366 2766 
3566 240 204 2767 
3567 204 957 2767 
3568 957 240 2767 
3569 204 473 2768 
3570 473 957 2768 
3571 957 204 2768 
3572 473 240 2769 
3573 240 957 2769 
3574 957 473 2769 
3575 324 153 2770 
3576 153 958 2770 
3577 958 324 2770 
3578 153 529 2771 
3579 529 958 2771 
3580 958 153 2771 
3581 529 324 2772 
3582 324 958 2772 
3583 958 529 2772 
3584 324 174 2773 
3585 174 959 2773 
3586 959 324 2773 
3587 174 327 2774 
3588 327 959 2774 
3589 959 174 2774 
3590 327 324 2775 
3591 324 959 2775 
3592 959 327 2775 
3593 153 324 2776 
3594 324 960 2776 
3595 960 153 2776 
3596 324 327 2777 
3597 327 960 2777 
3598 960 324 2777 
3599 327 153 2778 
3600 153 960 2778 
3601 960 327 2778 
3602 361 157 2779 
3603 157 961 2779 
3604 961 361 2779 
3605 157 561 2780 
3606 561 961 2780 
3607 961 157 2780 
3608 561 361 2781 
3609 361 961 2781 
3610 961 561 2781 
3611 344 190 2782 
3612 190 962 2782 
3613 962 344 2782 
3614 190 389 2783 
3615 389 962 2783 
3616 962 190 2783 
3617 389 344 2784 
3618 344 962 2784 
3619 962 389 2784 
3620 327 117 2785 
3621 117 963 2785 
3622 963 327 2785 
3623 117 507 2786 
3624 507 963 2786 
3625 963 117 2786 
3626 507 327 2787 
3627 327 963 2787 
3628 963 507 2787 
3629 343 146 2788 
3630 146 964 2788 
3631 964 343 2788 
3632 146 387 2789 
3633 387 964 2789 
3634 964 146 2789 
3635 387 343 2790 
3636 343 964 2790 
3637 964 387 2790 
3638 131 523 2791 
3639 523 965 2791 
3640 965 131 2791 
3641 523 562 2792 
3642 562 965 2792 
3643 965 523 2792 
3644 562 131 2793 
3645 131 965 2793 
3646 965 562 2793 
3647 113 278 2794 
3648 278 966 2794 
3649 966 113 2794 
3650 278 343 2795 
3651 343 966 2795 
3652 966 278 2795 
3653 343 113 2796 
3654 113 966 2796 
3655 966 343 2796 
3656 251 215 2797 
3657 215 967 2797 
3658 967 251 2797 
3659 215 434 2798 
3660 434 967 2798 
3661 967 215 2798 
3662 434 251 2799 
3663 251 967 2799 
3664 967 434 2799 
3665 251 154 2800 
3666 154 968 2800 
3667 968 251 2800 
3668 154 494 2801 
3669 494 968 2801 
3670 968 154 2801 
3671 494 251 2802 
3672 251 968 2802 
3673 968 494 2802 
3674 184 255 2803 
3675 255 969 2803 
3676 969 184 2803 
3677 255 410 2804 
3678 410 969 2804 
3679 969 255 2804 
3680 410 184 2805 
3681 184 969 2805 
3682 969 410 2805 
3683 196 305 2806 
3684 305 970 2806 
3685 970 196 2806 
3686 305 530 2807 
3687 530 970 2807 
3688 970 305 2807 
3689 530 196 2808 
3690 196 970 2808 
3691 970 530 2808 
3692 241 185 2809 
3693 185 971 2809 
3694 971 241 2809 
3695 185 449 2810 
3696 449 971 2810 
3697 971 185 2810 
3698 449 241 2811 
3699 241 971 2811 
3700 971 449 2811 
3701 454 205 2812 
3702 205 972 2812 
3703 972 454 2812 
3704 205 516 2813 
3705 516 972 2813 
3706 972 205 2813 
3707 516 454 2814 
3708 454 972 2814 
3709 972 516 2814 
3710 353 198 2815 
3711 198 973 2815 
3712 973 353 2815 
3713 198 417 2816 
3714 417 973 2816 
3715 973 198 2816 
3716 417 353 2817 
3717 353 973 2817 
3718 973 417 2817 
3719 299 261 2818 
3720 261 974 2818 
3721 974 299 2818 
3722 261 461 2819 
3723 461 974 2819 
3724 974 261 2819 
3725 461 299 2820 
3726 299 974 2820 
3727 974 461 2820 
3728 245 91 2821 
3729 91 975 2821 
3730 975 245 2821 
3731 91 539 2822 
3732 539 975 2822 
3733 975 91 2822 
3734 539 245 2823 
3735 245 975 2823 
3736 975 539 2823 
3737 295 267 2824 
3738 267 976 2824 
3739 976 295 2824 
3740 267 482 2825 
3741 482 976 2825 
3742 976 267 2825 
3743 482 295 2826 
3744 295 976 2826 
3745 976 482 2826 
3746 107 302 2827 
3747 302 977 2827 
3748 977 107 2827 
3749 302 370 2828 
3750 370 977 2828 
3751 977 302 2828 
3752 370 107 2829 
3753 107 977 2829 
3754 977 370 2829 
3755 117 362 2830 
3756 362 978 2830 
3757 978 117 2830 
3758 362 507 2831 
3759 507 978 2831 
3760 978 362 2831 
3761 507 117 2832 
3762 117 978 2832 
3763 978 507 2832 
3764 346 211 2833 
3765 211 979 2833 
3766 979 346 2833 
3767 211 523 2834 
3768 523 979 2834 
3769 979 211 2834 
3770 523 346 2835 
3771 346 979 2835 
3772 979 523 2835 
3773 57 58 2836 
3774 58 980 2836 
3775 980 57 2836 
3776 58 543 2837 
3777 543 980 2837 
3778 980 58 2837 
3779 543 57 2838 
3780 57 980 2838 
3781 980 543 2838 
3782 260 99 2839 
3783 99 981 2839 
3784 981 260 2839 
3785 99 466 2840 
3786 466 981 2840 
3787 981 99 2840 
3788 466 260 2841 
3789 260 981 2841 
3790 981 466 2841 
3791 455 206 2842 
3792 206 982 2842 
3793 982 455 2842 
3794 206 517 2843 
3795 517 982 2843 
3796 982 206 2843 
3797 517 455 2844 
3798 455 982 2844 
3799 982 517 2844 
3800 417 198 2845 
3801 198 983 2845 
3802 983 417 2845 
3803 198 481 2846 
3804 481 983 2846 
3805 983 198 2846 
3806 481 417 2847 
3807 417 983 2847 
3808 983 481 2847 
3809 172 240 2848 
3810 240 984 2848 
3811 984 172 2848 
3812 240 407 2849 
3813 407 984 2849 
3814 984 240 2849 
3815 407 172 2850 
3816 172 984 2850 
3817 984 407 2850 
3818 215 366 2851 
3819 366 985 2851 
3820 985 215 2851 
3821 366 483 2852 
3822 483 985 2852 
3823 985 366 2852 
3824 483 215 2853 
3825 215 985 2853 
3826 985 483 2853 
3827 351 190 2854 
3828 190 986 2854 
3829 986 351 2854 
3830 190 355 2855 
3831 355 986 2855 
3832 986 190 2855 
3833 355 351 2856 
3834 351 986 2856 
3835 986 355 2856 
3836 155 351 2857 
3837 351 987 2857 
3838 987 155 2857 
3839 351 355 2858 
3840 355 987 2858 
3841 987 351 2858 
3842 355 155 2859 
3843 155 987 2859 
3844 987 355 2859 
3845 154 330 2860 
3846 330 988 2860 
3847 988 154 2860 
3848 330 404 2861 
3849 404 988 2861 
3850 988 330 2861 
3851 404 154 2862 
3852 154 988 2862 
3853 988 404 2862 
3854 283 360 2863 
3855 360 989 2863 
3856 989 283 2863 
3857 360 541 2864 
3858 541 989 2864 
3859 989 360 2864 
3860 541 283 2865 
3861 283 989 2865 
3862 989 541 2865 
3863 241 148 2866 
3864 148 990 2866 
3865 990 241 2866 
3866 148 424 2867 
3867 424 990 2867 
3868 990 148 2867 
3869 424 241 2868 
3870 241 990 2868 
3871 990 424 2868 
3872 405 351 2869 
3873 351 991 2869 
3874 991 405 2869 
3875 351 462 2870 
3876 462 991 2870 
3877 991 351 2870 
3878 462 405 2871 
3879 405 991 2871 
3880 991 462 2871 
3881 242 103 2872 
3882 103 992 2872 
3883 992 242 2872 
3884 103 493 2873 
3885 493 992 2873 
3886 992 103 2873 
3887 493 242 2874 
3888 242 992 2874 
3889 992 493 2874 
3890 270 160 2875 
3891 160 993 2875 
3892 993 270 2875 
3893 160 366 2876 
3894 366 993 2876 
3895 993 160 2876 
3896 366 270 2877 
3897 270 993 2877 
3898 993 366 2877 
3899 302 134 2878 
3900 134 994 2878 
3901 994 302 2878 
3902 134 452 2879 
3903 452 994 2879 
3904 994 134 2879 
3905 452 302 2880 
3906 302 994 2880 
3907 994 452 2880 
3908 263 83 2881 
3909 83 995 2881 
3910 995 263 2881 
3911 83 373 2882 
3912 373 995 2882 
3913 995 83 2882 
3914 373 263 2883 
3915 263 995 2883 
3916 995 373 2883 
3917 264 28 2884 
3918 28 996 2884 
3919 996 264 2884 
3920 28 374 2885 
3921 374 996 2885 
3922 996 28 2885 
3923 374 264 2886 
3924 264 996 2886 
3925 996 374 2886 
3926 159 246 2887 
3927 246 997 2887 
3928 997 159 2887 
3929 246 442 2888 
3930 442 997 2888 
3931 997 246 2888 
3932 442 159 2889 
3933 159 997 2889 
3934 997 442 2889 
3935 401 128 2890 
3936 128 998 2890 
3937 998 401 2890 
3938 128 529 2891 
3939 529 998 2891 
3940 998 128 2891 
3941 529 401 2892 
3942 401 998 2892 
3943 998 529 2892 
3944 344 201 2893 
3945 201 999 2893 
3946 999 344 2893 
3947 201 426 2894 
3948 426 999 2894 
3949 999 201 2894 
3950 426 344 2895 
3951 344 999 2895 
3952 999 426 2895 
3953 161 247 2896 
3954 247 1000 2896 
3955 1000 161 2896 
3956 247 439 2897 
3957 439 1000 2897 
3958 1000 247 2897 
3959 439 161 2898 
3960 161 1000 2898 
3961 1000 439 2898 
3962 142 276 2899 
3963 276 1001 2899 
3964 1001 142 2899 
3965 276 331 2900 
3966 331 1001 2900 
3967 1001 276 2900 
3968 331 142 2901 
3969 142 1001 2901 
3970 1001 331 2901 
3971 144 278 2902 
3972 278 1002 2902 
3973 1002 144 2902 
3974 278 332 2903 
3975 332 1002 2903 
3976 1002 278 2903 
3977 332 144 2904 
3978 144 1002 2904 
3979 1002 332 2904 
3980 143 277 2905 
3981 277 1003 2905 
3982 1003 143 2905 
3983 277 333 2906 
3984 333 1003 2906 
3985 1003 277 2906 
3986 333 143 2907 
3987 143 1003 2907 
3988 1003 333 2907 
3989 117 288 2908 
3990 288 1004 2908 
3991 1004 117 2908 
3992 288 362 2909 
3993 362 1004 2909 
3994 1004 288 2909 
3995 362 117 2910 
3996 117 1004 2910 
3997 1004 362 2910 
3998 288 170 2911 
3999 170 1005 2911 
4000 1005 288 2911 
4001 170 362 2912 
4002 362 1005 2912 
4003 1005 170 2912 
4004 362 288 2913 
4005 288 1005 2913 
4006 1005 362 2913 
4007 162 263 2914 
4008 263 1006 2914 
4009 1006 162 2914 
4010 263 373 2915 
4011 373 1006 2915 
4012 1006 263 2915 
4013 373 162 2916 
4014 162 1006 2916 
4015 1006 373 2916 
4016 163 264 2917 
4017 264 1007 2917 
4018 1007 163 2917 
4019 264 374 2918 
4020 374 1007 2918 
4021 1007 264 2918 
4022 374 163 2919 
4023 163 1007 2919 
4024 1007 374 2919 
4025 309 197 2920 
4026 197 1008 2920 
4027 1008 309 2920 
4028 197 477 2921 
4029 477 1008 2921 
4030 1008 197 2921 
4031 477 309 2922 
4032 309 1008 2922 
4033 1008 477 2922 
4034 329 154 2923 
4035 154 1009 2923 
4036 1009 329 2923 
4037 154 434 2924 
4038 434 1009 2924 
4039 1009 154 2924 
4040 434 329 2925 
4041 329 1009 2925 
4042 1009 434 2925 
4043 194 301 2926 
4044 301 1010 2926 
4045 1010 194 2926 
4046 301 533 2927 
4047 533 1010 2927 
4048 1010 301 2927 
4049 533 194 2928 
4050 194 1010 2928 
4051 1010 533 2928 
4052 148 286 2929 
4053 286 1011 2929 
4054 1011 148 2929 
4055 286 367 2930 
4056 367 1011 2930 
4057 1011 286 2930 
4058 367 148 2931 
4059 148 1011 2931 
4060 1011 367 2931 
4061 495 309 2932 
4062 309 1012 2932 
4063 1012 495 2932 
4064 309 500 2933 
4065 500 1012 2933 
4066 1012 309 2933 
4067 500 495 2934 
4068 495 1012 2934 
4069 1012 500 2934 
4070 87 255 2935 
4071 255 1013 2935 
4072 1013 87 2935 
4073 255 354 2936 
4074 354 1013 2936 
4075 1013 255 2936 
4076 354 87 2937 
4077 87 1013 2937 
4078 1013 354 2937 
4079 289 148 2938 
4080 148 1014 2938 
4081 1014 289 2938 
4082 148 367 2939 
4083 367 1014 2939 
4084 1014 148 2939 
4085 367 289 2940 
4086 289 1014 2940 
4087 1014 367 2940 
4088 279 180 2941 
4089 180 1015 2941 
4090 1015 279 2941 
4091 180 336 2942 
4092 336 1015 2942 
4093 1015 180 2942 
4094 336 279 2943 
4095 279 1015 2943 
4096 1015 336 2943 
4097 398 130 2944 
4098 130 1016 2944 
4099 1016 398 2944 
4100 130 487 2945 
4101 487 1016 2945 
4102 1016 130 2945 
4103 487 398 2946 
4104 398 1016 2946 
4105 1016 487 2946 
4106 428 208 2947 
4107 208 1017 2947 
4108 1017 428 2947 
4109 208 462 2948 
4110 462 1017 2948 
4111 1017 208 2948 
4112 462 428 2949 
4113 428 1017 2949 
4114 1017 462 2949 
4115 228 399 2950 
4116 399 1018 2950 
4117 1018 228 2950 
4118 399 485 2951 
4119 485 1018 2951 
4120 1018 399 2951 
4121 485 228 2952 
4122 228 1018 2952 
4123 1018 485 2952 
4124 229 400 2953 
4125 400 1019 2953 
4126 1019 229 2953 
4127 400 488 2954 
4128 488 1019 2954 
4129 1019 400 2954 
4130 488 229 2955 
4131 229 1019 2955 
4132 1019 488 2955 
4133 356 158 2956 
4134 158 1020 2956 
4135 1020 356 2956 
4136 158 441 2957 
4137 441 1020 2957 
4138 1020 158 2957 
4139 441 356 2958 
4140 356 1020 2958 
4141 1020 441 2958 
4142 281 179 2959 
4143 179 1021 2959 
4144 1021 281 2959 
4145 179 337 2960 
4146 337 1021 2960 
4147 1021 179 2960 
4148 337 281 2961 
4149 281 1021 2961 
4150 1021 337 2961 
4151 283 407 2962 
4152 407 1022 2962 
4153 1022 283 2962 
4154 407 446 2963 
4155 446 1022 2963 
4156 1022 407 2963 
4157 446 283 2964 
4158 283 1022 2964 
4159 1022 446 2964 
4160 156 348 2965 
4161 348 1023 2965 
4162 1023 156 2965 
4163 348 405 2966 
4164 405 1023 2966 
4165 1023 348 2966 
4166 405 156 2967 
4167 156 1023 2967 
4168 1023 405 2967 
4169 154 329 2968 
4170 329 1024 2968 
4171 1024 154 2968 
4172 329 330 2969 
4173 330 1024 2969 
4174 1024 329 2969 
4175 330 154 2970 
4176 154 1024 2970 
4177 1024 330 2970 
4178 329 177 2971 
4179 177 1025 2971 
4180 1025 329 2971 
4181 177 330 2972 
4182 330 1025 2972 
4183 1025 177 2972 
4184 330 329 2973 
4185 329 1025 2973 
4186 1025 330 2973 
4187 141 311 2974 
4188 311 1026 2974 
4189 1026 141 2974 
4190 311 369 2975 
4191 369 1026 2975 
4192 1026 311 2975 
4193 369 141 2976 
4194 141 1026 2976 
4195 1026 369 2976 
4196 311 179 2977 
4197 179 1027 2977 
4198 1027 311 2977 
4199 179 369 2978 
4200 369 1027 2978 
4201 1027 179 2978 
4202 369 311 2979 
4203 311 1027 2979 
4204 1027 369 2979 
4205 426 201 2980 
4206 201 1028 2980 
4207 1028 426 2980 
4208 201 487 2981 
4209 487 1028 2981 
4210 1028 201 2981 
4211 487 426 2982 
4212 426 1028 2982 
4213 1028 487 2982 
4214 215 251 2983 
4215 251 1029 2983 
4216 1029 215 2983 
4217 251 543 2984 
4218 543 1029 2984 
4219 1029 251 2984 
4220 543 215 2985 
4221 215 1029 2985 
4222 1029 543 2985 
4223 197 309 2986 
4224 309 1030 2986 
4225 1030 197 2986 
4226 309 495 2987 
4227 495 1030 2987 
4228 1030 309 2987 
4229 495 197 2988 
4230 197 1030 2988 
4231 1030 495 2988 
4232 265 90 2989 
4233 90 1031 2989 
4234 1031 265 2989 
4235 90 470 2990 
4236 470 1031 2990 
4237 1031 90 2990 
4238 470 265 2991 
4239 265 1031 2991 
4240 1031 470 2991 
4241 460 203 2992 
4242 203 1032 2992 
4243 1032 460 2992 
4244 203 490 2993 
4245 490 1032 2993 
4246 1032 203 2993 
4247 490 460 2994 
4248 460 1032 2994 
4249 1032 490 2994 
4250 272 94 2995 
4251 94 1033 2995 
4252 1033 272 2995 
4253 94 432 2996 
4254 432 1033 2996 
4255 1033 94 2996 
4256 432 272 2997 
4257 272 1033 2997 
4258 1033 432 2997 
4259 210 246 2998 
4260 246 1034 2998 
4261 1034 210 2998 
4262 246 513 2999 
4263 513 1034 2999 
4264 1034 246 2999 
4265 513 210 3000 
4266 210 1034 3000 
4267 1034 513 3000 
4268 258 164 3001 
4269 164 1035 3001 
4270 1035 258 3001 
4271 164 478 3002 
4272 478 1035 3002 
4273 1035 164 3002 
4274 478 258 3003 
4275 258 1035 3003 
4276 1035 478 3003 
4277 213 350 3004 
4278 350 1036 3004 
4279 1036 213 3004 
4280 350 522 3005 
4281 522 1036 3005 
4282 1036 350 3005 
4283 522 213 3006 
4284 213 1036 3006 
4285 1036 522 3006 
4286 179 257 3007 
4287 257 1037 3007 
4288 1037 179 3007 
4289 257 369 3008 
4290 369 1037 3008 
4291 1037 257 3008 
4292 369 179 3009 
4293 179 1037 3009 
4294 1037 369 3009 
4295 227 280 3010 
4296 280 1038 3010 
4297 1038 227 3010 
4298 280 563 3011 
4299 563 1038 3011 
4300 1038 280 3011 
4301 563 227 3012 
4302 227 1038 3012 
4303 1038 563 3012 
4304 280 195 3013 
4305 195 1039 3013 
4306 1039 280 3013 
4307 195 563 3014 
4308 563 1039 3014 
4309 1039 195 3014 
4310 563 280 3015 
4311 280 1039 3015 
4312 1039 563 3015 
4313 186 252 3016 
4314 252 1040 3016 
4315 1040 186 3016 
4316 252 430 3017 
4317 430 1040 3017 
4318 1040 252 3017 
4319 430 186 3018 
4320 186 1040 3018 
4321 1040 430 3018 
4322 252 133 3019 
4323 133 1041 3019 
4324 1041 252 3019 
4325 133 430 3020 
4326 430 1041 3020 
4327 1041 133 3020 
4328 430 252 3021 
4329 252 1041 3021 
4330 1041 430 3021 
4331 85 86 3022 
4332 86 1042 3022 
4333 1042 85 3022 
4334 86 463 3023 
4335 463 1042 3023 
4336 1042 86 3023 
4337 463 85 3024 
4338 85 1042 3024 
4339 1042 463 3024 
4340 212 247 3025 
4341 247 1043 3025 
4342 1043 212 3025 
4343 247 514 3026 
4344 514 1043 3026 
4345 1043 247 3026 
4346 514 212 3027 
4347 212 1043 3027 
4348 1043 514 3027 
4349 349 212 3028 
4350 212 1044 3028 
4351 1044 349 3028 
4352 212 556 3029 
4353 556 1044 3029 
4354 1044 212 3029 
4355 556 349 3030 
4356 349 1044 3030 
4357 1044 556 3030 
4358 314 111 3031 
4359 111 1045 3031 
4360 1045 314 3031 
4361 111 552 3032 
4362 552 1045 3032 
4363 1045 111 3032 
4364 552 314 3033 
4365 314 1045 3033 
4366 1045 552 3033 
4367 315 112 3034 
4368 112 1046 3034 
4369 1046 315 3034 
4370 112 551 3035 
4371 551 1046 3035 
4372 1046 112 3035 
4373 551 315 3036 
4374 315 1046 3036 
4375 1046 551 3036 
4376 30 31 3037 
4377 31 1047 3037 
4378 1047 30 3037 
4379 31 457 3038 
4380 457 1047 3038 
4381 1047 31 3038 
4382 457 30 3039 
4383 30 1047 3039 
4384 1047 457 3039 
4385 237 378 3040 
4386 378 1048 3040 
4387 1048 237 3040 
4388 378 568 3041 
4389 568 1048 3041 
4390 1048 378 3041 
4391 568 237 3042 
4392 237 1048 3042 
4393 1048 568 3042 
4394 149 328 3043 
4395 328 1049 3043 
4396 1049 149 3043 
4397 328 384 3044 
4398 384 1049 3044 
4399 1049 328 3044 
4400 384 149 3045 
4401 149 1049 3045 
4402 1049 384 3045 
4403 328 189 3046 
4404 189 1050 3046 
4405 1050 328 3046 
4406 189 384 3047 
4407 384 1050 3047 
4408 1050 189 3047 
4409 384 328 3048 
4410 328 1050 3048 
4411 1050 384 3048 
4412 145 301 3049 
4413 301 1051 3049 
4414 1051 145 3049 
4415 301 540 3050 
4416 540 1051 3050 
4417 1051 301 3050 
4418 540 145 3051 
4419 145 1051 3051 
4420 1051 540 3051 
4421 191 272 3052 
4422 272 1052 3052 
4423 1052 191 3052 
4424 272 432 3053 
4425 432 1052 3053 
4426 1052 272 3053 
4427 432 191 3054 
4428 191 1052 3054 
4429 1052 432 3054 
4430 211 346 3055 
4431 346 1053 3055 
4432 1053 211 3055 
4433 346 524 3056 
4434 524 1053 3056 
4435 1053 346 3056 
4436 524 211 3057 
4437 211 1053 3057 
4438 1053 524 3057 
4439 291 141 3058 
4440 141 1054 3058 
4441 1054 291 3058 
4442 141 369 3059 
4443 369 1054 3059 
4444 1054 141 3059 
4445 369 291 3060 
4446 291 1054 3060 
4447 1054 369 3060 
4448 355 130 3061 
4449 130 1055 3061 
4450 1055 355 3061 
4451 130 560 3062 
4452 560 1055 3062 
4453 1055 130 3062 
4454 560 355 3063 
4455 355 1055 3063 
4456 1055 560 3063 
4457 146 412 3064 
4458 412 1056 3064 
4459 1056 146 3064 
4460 412 542 3065 
4461 542 1056 3065 
4462 1056 412 3065 
4463 542 146 3066 
4464 146 1056 3066 
4465 1056 542 3066 
4466 231 401 3067 
4467 401 1057 3067 
4468 1057 231 3067 
4469 401 552 3068 
4470 552 1057 3068 
4471 1057 401 3068 
4472 552 231 3069 
4473 231 1057 3069 
4474 1057 552 3069 
4475 366 160 3070 
4476 160 1058 3070 
4477 1058 366 3070 
4478 160 483 3071 
4479 483 1058 3071 
4480 1058 160 3071 
4481 483 366 3072 
4482 366 1058 3072 
4483 1058 483 3072 
4484 232 402 3073 
4485 402 1059 3073 
4486 1059 232 3073 
4487 402 551 3074 
4488 551 1059 3074 
4489 1059 402 3074 
4490 551 232 3075 
4491 232 1059 3075 
4492 1059 551 3075 
4493 270 61 3076 
4494 61 1060 3076 
4495 1060 270 3076 
4496 61 393 3077 
4497 393 1060 3077 
4498 1060 61 3077 
4499 393 270 3078 
4500 270 1060 3078 
4501 1060 393 3078 
4502 172 270 3079 
4503 270 1061 3079 
4504 1061 172 3079 
4505 270 393 3080 
4506 393 1061 3080 
4507 1061 270 3080 
4508 393 172 3081 
4509 172 1061 3081 
4510 1061 393 3081 
4511 414 110 3082 
4512 110 1062 3082 
4513 1062 414 3082 
4514 110 436 3083 
4515 436 1062 3083 
4516 1062 110 3083 
4517 436 414 3084 
4518 414 1062 3084 
4519 1062 436 3084 
4520 13 14 3085 
4521 14 1063 3085 
4522 1063 13 3085 
4523 14 513 3086 
4524 513 1063 3086 
4525 1063 14 3086 
4526 513 13 3087 
4527 13 1063 3087 
4528 1063 513 3087 
4529 18 19 3088 
4530 19 1064 3088 
4531 1064 18 3088 
4532 19 342 3089 
4533 342 1064 3089 
4534 1064 19 3089 
4535 342 18 3090 
4536 18 1064 3090 
4537 1064 342 3090 
4538 20 21 3091 
4539 21 1065 3091 
4540 1065 20 3091 
4541 21 341 3092 
4542 341 1065 3092 
4543 1065 21 3092 
4544 341 20 3093 
4545 20 1065 3093 
4546 1065 341 3093 
4547 264 166 3094 
4548 166 1066 3094 
4549 1066 264 3094 
4550 166 388 3095 
4551 388 1066 3095 
4552 1066 166 3095 
4553 388 264 3096 
4554 264 1066 3096 
4555 1066 388 3096 
4556 27 264 3097 
4557 264 1067 3097 
4558 1067 27 3097 
4559 264 388 3098 
4560 388 1067 3098 
4561 1067 264 3098 
4562 388 27 3099 
4563 27 1067 3099 
4564 1067 388 3099 
4565 224 396 3100 
4566 396 1068 3100 
4567 1068 224 3100 
4568 396 477 3101 
4569 477 1068 3101 
4570 1068 396 3101 
4571 477 224 3102 
4572 224 1068 3102 
4573 1068 477 3102 
4574 473 204 3103 
4575 204 1069 3103 
4576 1069 473 3103 
4577 204 504 3104 
4578 504 1069 3104 
4579 1069 204 3104 
4580 504 473 3105 
4581 473 1069 3105 
4582 1069 504 3105 
4583 254 149 3106 
4584 149 1070 3106 
4585 1070 254 3106 
4586 149 384 3107 
4587 384 1070 3107 
4588 1070 149 3107 
4589 384 254 3108 
4590 254 1070 3108 
4591 1070 384 3108 
4592 75 76 3109 
4593 76 1071 3109 
4594 1071 75 3109 
4595 76 339 3110 
4596 339 1071 3110 
4597 1071 76 3110 
4598 339 75 3111 
4599 75 1071 3111 
4600 1071 339 3111 
4601 73 74 3112 
4602 74 1072 3112 
4603 1072 73 3112 
4604 74 340 3113 
4605 340 1072 3113 
4606 1072 74 3113 
4607 340 73 3114 
4608 73 1072 3114 
4609 1072 340 3114 
4610 399 127 3115 
4611 127 1073 3115 
4612 1073 399 3115 
4613 127 485 3116 
4614 485 1073 3116 
4615 1073 127 3116 
4616 485 399 3117 
4617 399 1073 3117 
4618 1073 485 3117 
4619 400 129 3118 
4620 129 1074 3118 
4621 1074 400 3118 
4622 129 488 3119 
4623 488 1074 3119 
4624 1074 129 3119 
4625 488 400 3120 
4626 400 1074 3120 
4627 1074 488 3120 
4628 304 147 3121 
4629 147 1075 3121 
4630 1075 304 3121 
4631 147 489 3122 
4632 489 1075 3122 
4633 1075 147 3122 
4634 489 304 3123 
4635 304 1075 3123 
4636 1075 489 3123 
4637 345 210 3124 
4638 210 1076 3124 
4639 1076 345 3124 
4640 210 559 3125 
4641 559 1076 3125 
4642 1076 210 3125 
4643 559 345 3126 
4644 345 1076 3126 
4645 1076 559 3126 
4646 263 165 3127 
4647 165 1077 3127 
4648 1077 263 3127 
4649 165 390 3128 
4650 390 1077 3128 
4651 1077 165 3128 
4652 390 263 3129 
4653 263 1077 3129 
4654 1077 390 3129 
4655 82 263 3130 
4656 263 1078 3130 
4657 1078 82 3130 
4658 263 390 3131 
4659 390 1078 3131 
4660 1078 263 3131 
4661 390 82 3132 
4662 82 1078 3132 
4663 1078 390 3132 
4664 92 506 3133 
4665 506 1079 3133 
4666 1079 92 3133 
4667 506 539 3134 
4668 539 1079 3134 
4669 1079 506 3134 
4670 539 92 3135 
4671 92 1079 3135 
4672 1079 539 3135 
4673 411 108 3136 
4674 108 1080 3136 
4675 1080 411 3136 
4676 108 438 3137 
4677 438 1080 3137 
4678 1080 108 3137 
4679 438 411 3138 
4680 411 1080 3138 
4681 1080 438 3138 
4682 68 69 3139 
4683 69 1081 3139 
4684 1081 68 3139 
4685 69 514 3140 
4686 514 1081 3140 
4687 1081 69 3140 
4688 514 68 3141 
4689 68 1081 3141 
4690 1081 514 3141 
4691 145 411 3142 
4692 411 1082 3142 
4693 1082 145 3142 
4694 411 533 3143 
4695 533 1082 3143 
4696 1082 411 3143 
4697 533 145 3144 
4698 145 1082 3144 
4699 1082 533 3144 
4700 99 100 3145 
4701 100 1083 3145 
4702 1083 99 3145 
4703 100 466 3146 
4704 466 1083 3146 
4705 1083 100 3146 
4706 466 99 3147 
4707 99 1083 3147 
4708 1083 466 3147 
4709 114 257 3148 
4710 257 1084 3148 
4711 1084 114 3148 
4712 257 382 3149 
4713 382 1084 3149 
4714 1084 257 3149 
4715 382 114 3150 
4716 114 1084 3150 
4717 1084 382 3150 
4718 147 414 3151 
4719 414 1085 3151 
4720 1085 147 3151 
4721 414 530 3152 
4722 530 1085 3152 
4723 1085 414 3152 
4724 530 147 3153 
4725 147 1085 3153 
4726 1085 530 3153 
4727 57 251 3154 
4728 251 1086 3154 
4729 1086 57 3154 
4730 251 494 3155 
4731 494 1086 3155 
4732 1086 251 3155 
4733 494 57 3156 
4734 57 1086 3156 
4735 1086 494 3156 
4736 203 282 3157 
4737 282 1087 3157 
4738 1087 203 3157 
4739 282 490 3158 
4740 490 1087 3158 
4741 1087 282 3158 
4742 490 203 3159 
4743 203 1087 3159 
4744 1087 490 3159 
4745 282 135 3160 
4746 135 1088 3160 
4747 1088 282 3160 
4748 135 490 3161 
4749 490 1088 3161 
4750 1088 135 3161 
4751 490 282 3162 
4752 282 1088 3162 
4753 1088 490 3162 
4754 457 31 3163 
4755 31 1089 3163 
4756 1089 457 3163 
4757 31 555 3164 
4758 555 1089 3164 
4759 1089 31 3164 
4760 555 457 3165 
4761 457 1089 3165 
4762 1089 555 3165 
4763 13 246 3166 
4764 246 1090 3166 
4765 1090 13 3166 
4766 246 450 3167 
4767 450 1090 3167 
4768 1090 246 3167 
4769 450 13 3168 
4770 13 1090 3168 
4771 1090 450 3168 
4772 398 230 3169 
4773 230 1091 3169 
4774 1091 398 3169 
4775 230 537 3170 
4776 537 1091 3170 
4777 1091 230 3170 
4778 537 398 3171 
4779 398 1091 3171 
4780 1091 537 3171 
4781 413 144 3172 
4782 144 1092 3172 
4783 1092 413 3172 
4784 144 525 3173 
4785 525 1092 3173 
4786 1092 144 3173 
4787 525 413 3174 
4788 413 1092 3174 
4789 1092 525 3174 
4790 349 151 3175 
4791 151 1093 3175 
4792 1093 349 3175 
4793 151 526 3176 
4794 526 1093 3176 
4795 1093 151 3176 
4796 526 349 3177 
4797 349 1093 3177 
4798 1093 526 3177 
4799 345 150 3178 
4800 150 1094 3178 
4801 1094 345 3178 
4802 150 521 3179 
4803 521 1094 3179 
4804 1094 150 3179 
4805 521 345 3180 
4806 345 1094 3180 
4807 1094 521 3180 
4808 267 136 3181 
4809 136 1095 3181 
4810 1095 267 3181 
4811 136 482 3182 
4812 482 1095 3182 
4813 1095 136 3182 
4814 482 267 3183 
4815 267 1095 3183 
4816 1095 482 3183 
4817 283 109 3184 
4818 109 1096 3184 
4819 1096 283 3184 
4820 109 360 3185 
4821 360 1096 3185 
4822 1096 109 3185 
4823 360 283 3186 
4824 283 1096 3186 
4825 1096 360 3186 
4826 68 247 3187 
4827 247 1097 3187 
4828 1097 68 3187 
4829 247 468 3188 
4830 468 1097 3188 
4831 1097 247 3188 
4832 468 68 3189 
4833 68 1097 3189 
4834 1097 468 3189 
4835 266 26 3190 
4836 26 1098 3190 
4837 1098 266 3190 
4838 26 388 3191 
4839 388 1098 3191 
4840 1098 26 3191 
4841 388 266 3192 
4842 266 1098 3192 
4843 1098 388 3192 
4844 260 183 3193 
4845 183 1099 3193 
4846 1099 260 3193 
4847 183 408 3194 
4848 408 1099 3194 
4849 1099 183 3194 
4850 408 260 3195 
4851 260 1099 3195 
4852 1099 408 3195 
4853 98 260 3196 
4854 260 1100 3196 
4855 1100 98 3196 
4856 260 408 3197 
4857 408 1100 3197 
4858 1100 260 3197 
4859 408 98 3198 
4860 98 1100 3198 
4861 1100 408 3198 
4862 265 184 3199 
4863 184 1101 3199 
4864 1101 265 3199 
4865 184 410 3200 
4866 410 1101 3200 
4867 1101 184 3200 
4868 410 265 3201 
4869 265 1101 3201 
4870 1101 410 3201 
4871 89 265 3202 
4872 265 1102 3202 
4873 1102 89 3202 
4874 265 410 3203 
4875 410 1102 3203 
4876 1102 265 3203 
4877 410 89 3204 
4878 89 1102 3204 
4879 1102 410 3204 
4880 268 81 3205 
4881 81 1103 3205 
4882 1103 268 3205 
4883 81 390 3206 
4884 390 1103 3206 
4885 1103 81 3206 
4886 390 268 3207 
4887 268 1103 3207 
4888 1103 390 3207 
4889 109 248 3208 
4890 248 1104 3208 
4891 1104 109 3208 
4892 248 413 3209 
4893 413 1104 3209 
4894 1104 248 3209 
4895 413 109 3210 
4896 109 1104 3210 
4897 1104 413 3210 
4898 248 109 3211 
4899 109 1105 3211 
4900 1105 248 3211 
4901 109 412 3212 
4902 412 1105 3212 
4903 1105 109 3212 
4904 412 248 3213 
4905 248 1105 3213 
4906 1105 412 3213 
4907 249 110 3214 
4908 110 1106 3214 
4909 1106 249 3214 
4910 110 414 3215 
4911 414 1106 3215 
4912 1106 110 3215 
4913 414 249 3216 
4914 249 1106 3216 
4915 1106 414 3216 
4916 250 108 3217 
4917 108 1107 3217 
4918 1107 250 3217 
4919 108 411 3218 
4920 411 1107 3218 
4921 1107 108 3218 
4922 411 250 3219 
4923 250 1107 3219 
4924 1107 411 3219 
4925 301 481 3220 
4926 481 1108 3220 
4927 1108 301 3220 
4928 481 540 3221 
4929 540 1108 3221 
4930 1108 481 3221 
4931 540 301 3222 
4932 301 1108 3222 
4933 1108 540 3222 
4934 173 321 3223 
4935 321 1109 3223 
4936 1109 173 3223 
4937 321 352 3224 
4938 352 1109 3224 
4939 1109 321 3224 
4940 352 173 3225 
4941 173 1109 3225 
4942 1109 352 3225 
4943 321 131 3226 
4944 131 1110 3226 
4945 1110 321 3226 
4946 131 352 3227 
4947 352 1110 3227 
4948 1110 131 3227 
4949 352 321 3228 
4950 321 1110 3228 
4951 1110 352 3228 
4952 254 116 3229 
4953 116 1111 3229 
4954 1111 254 3229 
4955 116 427 3230 
4956 427 1111 3230 
4957 1111 116 3230 
4958 427 254 3231 
4959 254 1111 3231 
4960 1111 427 3231 
4961 385 285 3232 
4962 285 1112 3232 
4963 1112 385 3232 
4964 285 554 3233 
4965 554 1112 3233 
4966 1112 285 3233 
4967 554 385 3234 
4968 385 1112 3234 
4969 1112 554 3234 
4970 192 368 3235 
4971 368 1113 3235 
4972 1113 192 3235 
4973 368 386 3236 
4974 386 1113 3236 
4975 1113 368 3236 
4976 386 192 3237 
4977 192 1113 3237 
4978 1113 386 3237 
4979 368 105 3238 
4980 105 1114 3238 
4981 1114 368 3238 
4982 105 386 3239 
4983 386 1114 3239 
4984 1114 105 3239 
4985 386 368 3240 
4986 368 1114 3240 
4987 1114 386 3240 
4988 90 91 3241 
4989 91 1115 3241 
4990 1115 90 3241 
4991 91 470 3242 
4992 470 1115 3242 
4993 1115 91 3242 
4994 470 90 3243 
4995 90 1115 3243 
4996 1115 470 3243 
4997 437 189 3244 
4998 189 1116 3244 
4999 1116 437 3244 
5000 189 532 3245 
5001 532 1116 3245 
5002 1116 189 3245 
5003 532 437 3246 
5004 437 1116 3246 
5005 1116 532 3246 
5006 174 324 3247 
5007 324 1117 3247 
5008 1117 174 3247 
5009 324 353 3248 
5010 353 1117 3248 
5011 1117 324 3248 
5012 353 174 3249 
5013 174 1117 3249 
5014 1117 353 3249 
5015 324 128 3250 
5016 128 1118 3250 
5017 1118 324 3250 
5018 128 353 3251 
5019 353 1118 3251 
5020 1118 128 3251 
5021 353 324 3252 
5022 324 1118 3252 
5023 1118 353 3252 
5024 296 43 3253 
5025 43 1119 3253 
5026 1119 296 3253 
5027 43 459 3254 
5028 459 1119 3254 
5029 1119 43 3254 
5030 459 296 3255 
5031 296 1119 3255 
5032 1119 459 3255 
5033 51 297 3256 
5034 297 1120 3256 
5035 1120 51 3256 
5036 297 458 3257 
5037 458 1120 3257 
5038 1120 297 3257 
5039 458 51 3258 
5040 51 1120 3258 
5041 1120 458 3258 
5042 261 135 3259 
5043 135 1121 3259 
5044 1121 261 3259 
5045 135 461 3260 
5046 461 1121 3260 
5047 1121 135 3260 
5048 461 261 3261 
5049 261 1121 3261 
5050 1121 461 3261 
5051 396 121 3262 
5052 121 1122 3262 
5053 1122 396 3262 
5054 121 477 3263 
5055 477 1122 3263 
5056 1122 121 3263 
5057 477 396 3264 
5058 396 1122 3264 
5059 1122 477 3264 
5060 175 289 3265 
5061 289 1123 3265 
5062 1123 175 3265 
5063 289 367 3266 
5064 367 1123 3266 
5065 1123 289 3266 
5066 367 175 3267 
5067 175 1123 3267 
5068 1123 367 3267 
5069 307 140 3268 
5070 140 1124 3268 
5071 1124 307 3268 
5072 140 397 3269 
5073 397 1124 3269 
5074 1124 140 3269 
5075 397 307 3270 
5076 307 1124 3270 
5077 1124 397 3270 
5078 367 102 3271 
5079 102 1125 3271 
5080 1125 367 3271 
5081 102 480 3272 
5082 480 1125 3272 
5083 1125 102 3272 
5084 480 367 3273 
5085 367 1125 3273 
5086 1125 480 3273 
5087 129 336 3274 
5088 336 1126 3274 
5089 1126 129 3274 
5090 336 488 3275 
5091 488 1126 3275 
5092 1126 336 3275 
5093 488 129 3276 
5094 129 1126 3276 
5095 1126 488 3276 
5096 152 346 3277 
5097 346 1127 3277 
5098 1127 152 3277 
5099 346 523 3278 
5100 523 1127 3278 
5101 1127 346 3278 
5102 523 152 3279 
5103 152 1127 3279 
5104 1127 523 3279 
5105 260 139 3280 
5106 139 1128 3280 
5107 1128 260 3280 
5108 139 564 3281 
5109 564 1128 3281 
5110 1128 139 3281 
5111 564 260 3282 
5112 260 1128 3282 
5113 1128 564 3282 
5114 506 245 3283 
5115 245 1129 3283 
5116 1129 506 3283 
5117 245 539 3284 
5118 539 1129 3284 
5119 1129 245 3284 
5120 539 506 3285 
5121 506 1129 3285 
5122 1129 539 3285 
5123 166 266 3286 
5124 266 1130 3286 
5125 1130 166 3286 
5126 266 388 3287 
5127 388 1130 3287 
5128 1130 266 3287 
5129 388 166 3288 
5130 166 1130 3288 
5131 1130 388 3288 
5132 164 258 3289 
5133 258 1131 3289 
5134 1131 164 3289 
5135 258 398 3290 
5136 398 1131 3290 
5137 1131 258 3290 
5138 398 164 3291 
5139 164 1131 3291 
5140 1131 398 3291 
5141 275 45 3292 
5142 45 1132 3292 
5143 1132 275 3292 
5144 45 418 3293 
5145 418 1132 3293 
5146 1132 45 3293 
5147 418 275 3294 
5148 275 1132 3294 
5149 1132 418 3294 
5150 274 187 3295 
5151 187 1133 3295 
5152 1133 274 3295 
5153 187 419 3296 
5154 419 1133 3296 
5155 1133 187 3296 
5156 419 274 3297 
5157 274 1133 3297 
5158 1133 419 3297 
5159 49 274 3298 
5160 274 1134 3298 
5161 1134 49 3298 
5162 274 419 3299 
5163 419 1134 3299 
5164 1134 274 3299 
5165 419 49 3300 
5166 49 1134 3300 
5167 1134 419 3300 
5168 186 275 3301 
5169 275 1135 3301 
5170 1135 186 3301 
5171 275 418 3302 
5172 418 1135 3302 
5173 1135 275 3302 
5174 418 186 3303 
5175 186 1135 3303 
5176 1135 418 3303 
5177 191 262 3304 
5178 262 1136 3304 
5179 1136 191 3304 
5180 262 397 3305 
5181 397 1136 3305 
5182 1136 262 3305 
5183 397 191 3306 
5184 191 1136 3306 
5185 1136 397 3306 
5186 6 7 3307 
5187 7 1137 3307 
5188 1137 6 3307 
5189 7 356 3308 
5190 356 1137 3308 
5191 1137 7 3308 
5192 356 6 3309 
5193 6 1137 3309 
5194 1137 356 3309 
5195 275 156 3310 
5196 156 1138 3310 
5197 1138 275 3310 
5198 156 459 3311 
5199 459 1138 3311 
5200 1138 156 3311 
5201 459 275 3312 
5202 275 1138 3312 
5203 1138 459 3312 
5204 157 274 3313 
5205 274 1139 3313 
5206 1139 157 3313 
5207 274 458 3314 
5208 458 1139 3314 
5209 1139 274 3314 
5210 458 157 3315 
5211 157 1139 3315 
5212 1139 458 3315 
5213 116 384 3316 
5214 384 1140 3316 
5215 1140 116 3316 
5216 384 431 3317 
5217 431 1140 3317 
5218 1140 384 3317 
5219 431 116 3318 
5220 116 1140 3318 
5221 1140 431 3318 
5222 134 253 3319 
5223 253 1141 3319 
5224 1141 134 3319 
5225 253 452 3320 
5226 452 1141 3320 
5227 1141 253 3320 
5228 452 134 3321 
5229 134 1141 3321 
5230 1141 452 3321 
5231 17 18 3322 
5232 18 1142 3322 
5233 1142 17 3322 
5234 18 379 3323 
5235 379 1142 3323 
5236 1142 18 3323 
5237 379 17 3324 
5238 17 1142 3324 
5239 1142 379 3324 
5240 15 16 3325 
5241 16 1143 3325 
5242 1143 15 3325 
5243 16 345 3326 
5244 345 1143 3326 
5245 1143 16 3326 
5246 345 15 3327 
5247 15 1143 3327 
5248 1143 345 3327 
5249 165 268 3328 
5250 268 1144 3328 
5251 1144 165 3328 
5252 268 390 3329 
5253 390 1144 3329 
5254 1144 268 3329 
5255 390 165 3330 
5256 165 1144 3330 
5257 1144 390 3330 
5258 253 183 3331 
5259 183 1145 3331 
5260 1145 253 3331 
5261 183 452 3332 
5262 452 1145 3332 
5263 1145 183 3332 
5264 452 253 3333 
5265 253 1145 3333 
5266 1145 452 3333 
5267 104 313 3334 
5268 313 1146 3334 
5269 1146 104 3334 
5270 313 534 3335 
5271 534 1146 3335 
5272 1146 313 3335 
5273 534 104 3336 
5274 104 1146 3336 
5275 1146 534 3336 
5276 21 22 3337 
5277 22 1147 3337 
5278 1147 21 3337 
5279 22 383 3338 
5280 383 1147 3338 
5281 1147 22 3338 
5282 383 21 3339 
5283 21 1147 3339 
5284 1147 383 3339 
5285 23 24 3340 
5286 24 1148 3340 
5287 1148 23 3340 
5288 24 346 3341 
5289 346 1148 3341 
5290 1148 24 3341 
5291 346 23 3342 
5292 23 1148 3342 
5293 1148 346 3342 
5294 399 228 3343 
5295 228 1149 3343 
5296 1149 399 3343 
5297 228 520 3344 
5298 520 1149 3344 
5299 1149 228 3344 
5300 520 399 3345 
5301 399 1149 3345 
5302 1149 520 3345 
5303 444 199 3346 
5304 199 1150 3346 
5305 1150 444 3346 
5306 199 489 3347 
5307 489 1150 3347 
5308 1150 199 3347 
5309 489 444 3348 
5310 444 1150 3348 
5311 1150 489 3348 
5312 400 229 3349 
5313 229 1151 3349 
5314 1151 400 3349 
5315 229 519 3350 
5316 519 1151 3350 
5317 1151 229 3350 
5318 519 400 3351 
5319 400 1151 3351 
5320 1151 519 3351 
5321 72 73 3352 
5322 73 1152 3352 
5323 1152 72 3352 
5324 73 377 3353 
5325 377 1152 3353 
5326 1152 73 3353 
5327 377 72 3354 
5328 72 1152 3354 
5329 1152 377 3354 
5330 184 265 3355 
5331 265 1153 3355 
5332 1153 184 3355 
5333 265 566 3356 
5334 566 1153 3356 
5335 1153 265 3356 
5336 566 184 3357 
5337 184 1153 3357 
5338 1153 566 3357 
5339 243 437 3358 
5340 437 1154 3358 
5341 1154 243 3358 
5342 437 532 3359 
5343 532 1154 3359 
5344 1154 437 3359 
5345 532 243 3360 
5346 243 1154 3360 
5347 1154 532 3360 
5348 76 77 3361 
5349 77 1155 3361 
5350 1155 76 3361 
5351 77 381 3362 
5352 381 1155 3362 
5353 1155 77 3362 
5354 381 76 3363 
5355 76 1155 3363 
5356 1155 381 3363 
5357 107 269 3364 
5358 269 1156 3364 
5359 1156 107 3364 
5360 269 415 3365 
5361 415 1156 3365 
5362 1156 269 3365 
5363 415 107 3366 
5364 107 1156 3366 
5365 1156 415 3366 
5366 154 372 3367 
5367 372 1157 3367 
5368 1157 154 3367 
5369 372 494 3368 
5370 494 1157 3368 
5371 1157 372 3368 
5372 494 154 3369 
5373 154 1157 3369 
5374 1157 494 3369 
5375 127 337 3370 
5376 337 1158 3370 
5377 1158 127 3370 
5378 337 485 3371 
5379 485 1158 3371 
5380 1158 337 3371 
5381 485 127 3372 
5382 127 1158 3372 
5383 1158 485 3372 
5384 70 71 3373 
5385 71 1159 3373 
5386 1159 70 3373 
5387 71 349 3374 
5388 349 1159 3374 
5389 1159 71 3374 
5390 349 70 3375 
5391 70 1159 3375 
5392 1159 349 3375 
5393 78 79 3376 
5394 79 1160 3376 
5395 1160 78 3376 
5396 79 350 3377 
5397 350 1160 3377 
5398 1160 79 3377 
5399 350 78 3378 
5400 78 1160 3378 
5401 1160 350 3378 
5402 161 376 3379 
5403 376 1161 3379 
5404 1161 161 3379 
5405 376 468 3380 
5406 468 1161 3380 
5407 1161 376 3380 
5408 468 161 3381 
5409 161 1161 3381 
5410 1161 468 3381 
5411 204 287 3382 
5412 287 1162 3382 
5413 1162 204 3382 
5414 287 504 3383 
5415 504 1162 3383 
5416 1162 287 3383 
5417 504 204 3384 
5418 204 1162 3384 
5419 1162 504 3384 
5420 287 136 3385 
5421 136 1163 3385 
5422 1163 287 3385 
5423 136 504 3386 
5424 504 1163 3386 
5425 1163 136 3386 
5426 504 287 3387 
5427 287 1163 3387 
5428 1163 504 3387 
5429 302 183 3388 
5430 183 1164 3388 
5431 1164 302 3388 
5432 183 370 3389 
5433 370 1164 3389 
5434 1164 183 3389 
5435 370 302 3390 
5436 302 1164 3390 
5437 1164 370 3390 
5438 206 354 3391 
5439 354 1165 3391 
5440 1165 206 3391 
5441 354 517 3392 
5442 517 1165 3392 
5443 1165 354 3392 
5444 517 206 3393 
5445 206 1165 3393 
5446 1165 517 3393 
5447 257 179 3394 
5448 179 1166 3394 
5449 1166 257 3394 
5450 179 538 3395 
5451 538 1166 3395 
5452 1166 179 3395 
5453 538 257 3396 
5454 257 1166 3396 
5455 1166 538 3396 
5456 132 391 3397 
5457 391 1167 3397 
5458 1167 132 3397 
5459 391 425 3398 
5460 425 1167 3398 
5461 1167 391 3398 
5462 425 132 3399 
5463 132 1167 3399 
5464 1167 425 3399 
5465 266 166 3400 
5466 166 1168 3400 
5467 1168 266 3400 
5468 166 402 3401 
5469 402 1168 3401 
5470 1168 166 3401 
5471 402 266 3402 
5472 266 1168 3402 
5473 1168 402 3402 
5474 159 375 3403 
5475 375 1169 3403 
5476 1169 159 3403 
5477 375 450 3404 
5478 450 1169 3404 
5479 1169 375 3404 
5480 450 159 3405 
5481 159 1169 3405 
5482 1169 450 3405 
5483 259 180 3406 
5484 180 1170 3406 
5485 1170 259 3406 
5486 180 536 3407 
5487 536 1170 3407 
5488 1170 180 3407 
5489 536 259 3408 
5490 259 1170 3408 
5491 1170 536 3408 
5492 149 254 3409 
5493 254 1171 3409 
5494 1171 149 3409 
5495 254 491 3410 
5496 491 1171 3410 
5497 1171 254 3410 
5498 491 149 3411 
5499 149 1171 3411 
5500 1171 491 3411 
5501 268 165 3412 
5502 165 1172 3412 
5503 1172 268 3412 
5504 165 401 3413 
5505 401 1172 3413 
5506 1172 165 3413 
5507 401 268 3414 
5508 268 1172 3414 
5509 1172 401 3414 
5510 318 161 3415 
5511 161 1173 3415 
5512 1173 318 3415 
5513 161 439 3416 
5514 439 1173 3416 
5515 1173 161 3416 
5516 439 318 3417 
5517 318 1173 3417 
5518 1173 439 3417 
5519 317 159 3418 
5520 159 1174 3418 
5521 1174 317 3418 
5522 159 442 3419 
5523 442 1174 3419 
5524 1174 159 3419 
5525 442 317 3420 
5526 317 1174 3420 
5527 1174 442 3420 
5528 146 280 3421 
5529 280 1175 3421 
5530 1175 146 3421 
5531 280 387 3422 
5532 387 1175 3422 
5533 1175 280 3422 
5534 387 146 3423 
5535 146 1175 3423 
5536 1175 387 3423 
5537 295 161 3424 
5538 161 1176 3424 
5539 1176 295 3424 
5540 161 436 3425 
5541 436 1176 3425 
5542 1176 161 3425 
5543 436 295 3426 
5544 295 1176 3426 
5545 1176 436 3426 
5546 299 159 3427 
5547 159 1177 3427 
5548 1177 299 3427 
5549 159 438 3428 
5550 438 1177 3428 
5551 1177 159 3428 
5552 438 299 3429 
5553 299 1177 3429 
5554 1177 438 3429 
5555 50 51 3430 
5556 51 1178 3430 
5557 1178 50 3430 
5558 51 458 3431 
5559 458 1178 3431 
5560 1178 51 3431 
5561 458 50 3432 
5562 50 1178 3432 
5563 1178 458 3432 
5564 43 44 3433 
5565 44 1179 3433 
5566 1179 43 3433 
5567 44 459 3434 
5568 459 1179 3434 
5569 1179 44 3434 
5570 459 43 3435 
5571 43 1179 3435 
5572 1179 459 3435 
5573 316 123 3436 
5574 123 1180 3436 
5575 1180 316 3436 
5576 123 483 3437 
5577 483 1180 3437 
5578 1180 123 3437 
5579 483 316 3438 
5580 316 1180 3438 
5581 1180 483 3438 
5582 86 87 3439 
5583 87 1181 3439 
5584 1181 86 3439 
5585 87 354 3440 
5586 354 1181 3440 
5587 1181 87 3440 
5588 354 86 3441 
5589 86 1181 3441 
5590 1181 354 3441 
5591 124 271 3442 
5592 271 1182 3442 
5593 1182 124 3442 
5594 271 569 3443 
5595 569 1182 3443 
5596 1182 271 3443 
5597 569 124 3444 
5598 124 1182 3444 
5599 1182 569 3444 
5600 311 141 3445 
5601 141 1183 3445 
5602 1183 311 3445 
5603 141 531 3446 
5604 531 1183 3446 
5605 1183 141 3446 
5606 531 311 3447 
5607 311 1183 3447 
5608 1183 531 3447 
5609 44 275 3448 
5610 275 1184 3448 
5611 1184 44 3448 
5612 275 459 3449 
5613 459 1184 3449 
5614 1184 275 3449 
5615 459 44 3450 
5616 44 1184 3450 
5617 1184 459 3450 
5618 274 50 3451 
5619 50 1185 3451 
5620 1185 274 3451 
5621 50 458 3452 
5622 458 1185 3452 
5623 1185 50 3452 
5624 458 274 3453 
5625 274 1185 3453 
5626 1185 458 3453 
5627 171 298 3454 
5628 298 1186 3454 
5629 1186 171 3454 
5630 298 453 3455 
5631 453 1186 3455 
5632 1186 298 3455 
5633 453 171 3456 
5634 171 1186 3456 
5635 1186 453 3456 
5636 313 502 3457 
5637 502 1187 3457 
5638 1187 313 3457 
5639 502 534 3458 
5640 534 1187 3458 
5641 1187 502 3458 
5642 534 313 3459 
5643 313 1187 3459 
5644 1187 534 3459 
5645 167 285 3460 
5646 285 1188 3460 
5647 1188 167 3460 
5648 285 389 3461 
5649 389 1188 3461 
5650 1188 285 3461 
5651 389 167 3462 
5652 167 1188 3462 
5653 1188 389 3462 
5654 285 103 3463 
5655 103 1189 3463 
5656 1189 285 3463 
5657 103 389 3464 
5658 389 1189 3464 
5659 1189 103 3464 
5660 389 285 3465 
5661 285 1189 3465 
5662 1189 389 3465 
5663 258 217 3466 
5664 217 1190 3466 
5665 1190 258 3466 
5666 217 560 3467 
5667 560 1190 3467 
5668 1190 217 3467 
5669 560 258 3468 
5670 258 1190 3468 
5671 1190 560 3468 
5672 351 119 3469 
5673 119 1191 3469 
5674 1191 351 3469 
5675 119 371 3470 
5676 371 1191 3470 
5677 1191 119 3470 
5678 371 351 3471 
5679 351 1191 3471 
5680 1191 371 3471 
5681 190 351 3472 
5682 351 1192 3472 
5683 1192 190 3472 
5684 351 371 3473 
5685 371 1192 3473 
5686 1192 351 3473 
5687 371 190 3474 
5688 190 1192 3474 
5689 1192 371 3474 
5690 138 255 3475 
5691 255 1193 3475 
5692 1193 138 3475 
5693 255 471 3476 
5694 471 1193 3476 
5695 1193 255 3476 
5696 471 138 3477 
5697 138 1193 3477 
5698 1193 471 3477 
5699 255 184 3478 
5700 184 1194 3478 
5701 1194 255 3478 
5702 184 471 3479 
5703 471 1194 3479 
5704 1194 184 3479 
5705 471 255 3480 
5706 255 1194 3480 
5707 1194 471 3480 
5708 37 38 3481 
5709 38 1195 3481 
5710 1195 37 3481 
5711 38 357 3482 
5712 357 1195 3482 
5713 1195 38 3482 
5714 357 37 3483 
5715 37 1195 3483 
5716 1195 357 3483 
5717 156 296 3484 
5718 296 1196 3484 
5719 1196 156 3484 
5720 296 459 3485 
5721 459 1196 3485 
5722 1196 296 3485 
5723 459 156 3486 
5724 156 1196 3486 
5725 1196 459 3486 
5726 297 157 3487 
5727 157 1197 3487 
5728 1197 297 3487 
5729 157 458 3488 
5730 458 1197 3488 
5731 1197 157 3488 
5732 458 297 3489 
5733 297 1197 3489 
5734 1197 458 3489 
5735 138 257 3490 
5736 257 1198 3490 
5737 1198 138 3490 
5738 257 538 3491 
5739 538 1198 3491 
5740 1198 257 3491 
5741 538 138 3492 
5742 138 1198 3492 
5743 1198 538 3492 
5744 211 266 3493 
5745 266 1199 3493 
5746 1199 211 3493 
5747 266 562 3494 
5748 562 1199 3494 
5749 1199 266 3494 
5750 562 211 3495 
5751 211 1199 3495 
5752 1199 562 3495 
5753 181 256 3496 
5754 256 1200 3496 
5755 1200 181 3496 
5756 256 492 3497 
5757 492 1200 3497 
5758 1200 256 3497 
5759 492 181 3498 
5760 181 1200 3498 
5761 1200 492 3498 
5762 137 259 3499 
5763 259 1201 3499 
5764 1201 137 3499 
5765 259 536 3500 
5766 536 1201 3500 
5767 1201 259 3500 
5768 536 137 3501 
5769 137 1201 3501 
5770 1201 536 3501 
5771 307 114 3502 
5772 114 1202 3502 
5773 1202 307 3502 
5774 114 382 3503 
5775 382 1202 3503 
5776 1202 114 3503 
5777 382 307 3504 
5778 307 1202 3504 
5779 1202 382 3504 
5780 184 307 3505 
5781 307 1203 3505 
5782 1203 184 3505 
5783 307 382 3506 
5784 382 1203 3506 
5785 1203 307 3506 
5786 382 184 3507 
5787 184 1203 3507 
5788 1203 382 3507 
5789 160 270 3508 
5790 270 1204 3508 
5791 1204 160 3508 
5792 270 541 3509 
5793 541 1204 3509 
5794 1204 270 3509 
5795 541 160 3510 
5796 160 1204 3510 
5797 1204 541 3510 
5798 59 60 3511 
5799 60 1205 3511 
5800 1205 59 3511 
5801 60 366 3512 
5802 366 1205 3512 
5803 1205 60 3512 
5804 366 59 3513 
5805 59 1205 3513 
5806 1205 366 3513 
5807 35 258 3514 
5808 258 1206 3514 
5809 1206 35 3514 
5810 258 478 3515 
5811 478 1206 3515 
5812 1206 258 3515 
5813 478 35 3516 
5814 35 1206 3516 
5815 1206 478 3516 
5816 159 317 3517 
5817 317 1207 3517 
5818 1207 159 3517 
5819 317 438 3518 
5820 438 1207 3518 
5821 1207 317 3518 
5822 438 159 3519 
5823 159 1207 3519 
5824 1207 438 3519 
5825 293 137 3520 
5826 137 1208 3520 
5827 1208 293 3520 
5828 137 516 3521 
5829 516 1208 3521 
5830 1208 137 3521 
5831 516 293 3522 
5832 293 1208 3522 
5833 1208 516 3522 
5834 205 293 3523 
5835 293 1209 3523 
5836 1209 205 3523 
5837 293 516 3524 
5838 516 1209 3524 
5839 1209 293 3524 
5840 516 205 3525 
5841 205 1209 3525 
5842 1209 516 3525 
5843 183 260 3526 
5844 260 1210 3526 
5845 1210 183 3526 
5846 260 564 3527 
5847 564 1210 3527 
5848 1210 260 3527 
5849 564 183 3528 
5850 183 1210 3528 
5851 1210 564 3528 
5852 134 262 3529 
5853 262 1211 3529 
5854 1211 134 3529 
5855 262 469 3530 
5856 469 1211 3530 
5857 1211 262 3530 
5858 469 134 3531 
5859 134 1211 3531 
5860 1211 469 3531 
5861 262 191 3532 
5862 191 1212 3532 
5863 1212 262 3532 
5864 191 469 3533 
5865 469 1212 3533 
5866 1212 191 3533 
5867 469 262 3534 
5868 262 1212 3534 
5869 1212 469 3534 
5870 18 342 3535 
5871 342 1213 3535 
5872 1213 18 3535 
5873 342 379 3536 
5874 379 1213 3536 
5875 1213 342 3536 
5876 379 18 3537 
5877 18 1213 3537 
5878 1213 379 3537 
5879 136 267 3538 
5880 267 1214 3538 
5881 1214 136 3538 
5882 267 515 3539 
5883 515 1214 3539 
5884 1214 267 3539 
5885 515 136 3540 
5886 136 1214 3540 
5887 1214 515 3540 
5888 161 318 3541 
5889 318 1215 3541 
5890 1215 161 3541 
5891 318 436 3542 
5892 436 1215 3542 
5893 1215 318 3542 
5894 436 161 3543 
5895 161 1215 3543 
5896 1215 436 3543 
5897 261 181 3544 
5898 181 1216 3544 
5899 1216 261 3544 
5900 181 492 3545 
5901 492 1216 3545 
5902 1216 181 3545 
5903 492 261 3546 
5904 261 1216 3546 
5905 1216 492 3546 
5906 113 325 3547 
5907 325 1217 3547 
5908 1217 113 3547 
5909 325 537 3548 
5910 537 1217 3548 
5911 1217 325 3548 
5912 537 113 3549 
5913 113 1217 3549 
5914 1217 537 3549 
5915 259 137 3550 
5916 137 1218 3550 
5917 1218 259 3550 
5918 137 448 3551 
5919 448 1218 3551 
5920 1218 137 3551 
5921 448 259 3552 
5922 259 1218 3552 
5923 1218 448 3552 
5924 262 134 3553 
5925 134 1219 3553 
5926 1219 262 3553 
5927 134 433 3554 
5928 433 1219 3554 
5929 1219 134 3554 
5930 433 262 3555 
5931 262 1219 3555 
5932 1219 433 3555 
5933 73 340 3556 
5934 340 1220 3556 
5935 1220 73 3556 
5936 340 377 3557 
5937 377 1220 3557 
5938 1220 340 3557 
5939 377 73 3558 
5940 73 1220 3558 
5941 1220 377 3558 
5942 135 261 3559 
5943 261 1221 3559 
5944 1221 135 3559 
5945 261 492 3560 
5946 492 1221 3560 
5947 1221 261 3560 
5948 492 135 3561 
5949 135 1221 3561 
5950 1221 492 3561 
5951 118 284 3562 
5952 284 1222 3562 
5953 1222 118 3562 
5954 284 409 3563 
5955 409 1222 3563 
5956 1222 284 3563 
5957 409 118 3564 
5958 118 1222 3564 
5959 1222 409 3564 
5960 111 314 3565 
5961 314 1223 3565 
5962 1223 111 3565 
5963 314 520 3566 
5964 520 1223 3566 
5965 1223 314 3566 
5966 520 111 3567 
5967 111 1223 3567 
5968 1223 520 3567 
5969 112 315 3568 
5970 315 1224 3568 
5971 1224 112 3568 
5972 315 519 3569 
5973 519 1224 3569 
5974 1224 315 3569 
5975 519 112 3570 
5976 112 1224 3570 
5977 1224 519 3570 
5978 267 178 3571 
5979 178 1225 3571 
5980 1225 267 3571 
5981 178 515 3572 
5982 515 1225 3572 
5983 1225 178 3572 
5984 515 267 3573 
5985 267 1225 3573 
5986 1225 515 3573 
5987 341 21 3574 
5988 21 1226 3574 
5989 1226 341 3574 
5990 21 383 3575 
5991 383 1226 3575 
5992 1226 21 3575 
5993 383 341 3576 
5994 341 1226 3576 
5995 1226 383 3576 
5996 177 479 3577 
5997 479 1227 3577 
5998 1227 177 3577 
5999 479 493 3578 
6000 493 1227 3578 
6001 1227 479 3578 
6002 493 177 3579 
6003 177 1227 3579 
6004 1227 493 3579 
6005 219 341 3580 
6006 341 1228 3580 
6007 1228 219 3580 
6008 341 394 3581 
6009 394 1228 3581 
6010 1228 341 3581 
6011 394 219 3582 
6012 219 1228 3582 
6013 1228 394 3582 
6014 341 168 3583 
6015 168 1229 3583 
6016 1229 341 3583 
6017 168 394 3584 
6018 394 1229 3584 
6019 1229 168 3584 
6020 394 341 3585 
6021 341 1229 3585 
6022 1229 394 3585 
6023 169 342 3586 
6024 342 1230 3586 
6025 1230 169 3586 
6026 342 395 3587 
6027 395 1230 3587 
6028 1230 342 3587 
6029 395 169 3588 
6030 169 1230 3588 
6031 1230 395 3588 
6032 342 219 3589 
6033 219 1231 3589 
6034 1231 342 3589 
6035 219 395 3590 
6036 395 1231 3590 
6037 1231 219 3590 
6038 395 342 3591 
6039 342 1231 3591 
6040 1231 395 3591 
6041 270 172 3592 
6042 172 1232 3592 
6043 1232 270 3592 
6044 172 541 3593 
6045 541 1232 3593 
6046 1232 172 3593 
6047 541 270 3594 
6048 270 1232 3594 
6049 1232 541 3594 
6050 339 76 3595 
6051 76 1233 3595 
6052 1233 339 3595 
6053 76 381 3596 
6054 381 1233 3596 
6055 1233 76 3596 
6056 381 339 3597 
6057 339 1233 3597 
6058 1233 381 3597 
6059 273 133 3598 
6060 133 1234 3598 
6061 1234 273 3598 
6062 133 464 3599 
6063 464 1234 3599 
6064 1234 133 3599 
6065 464 273 3600 
6066 273 1234 3600 
6067 1234 464 3600 
6068 290 126 3601 
6069 126 1235 3601 
6070 1235 290 3601 
6071 126 394 3602 
6072 394 1235 3602 
6073 1235 126 3602 
6074 394 290 3603 
6075 290 1235 3603 
6076 1235 394 3603 
6077 168 290 3604 
6078 290 1236 3604 
6079 1236 168 3604 
6080 290 394 3605 
6081 394 1236 3605 
6082 1236 290 3605 
6083 394 168 3606 
6084 168 1236 3606 
6085 1236 394 3606 
6086 265 140 3607 
6087 140 1237 3607 
6088 1237 265 3607 
6089 140 566 3608 
6090 566 1237 3608 
6091 1237 140 3608 
6092 566 265 3609 
6093 265 1237 3609 
6094 1237 566 3609 
6095 164 398 3610 
6096 398 1238 3610 
6097 1238 164 3610 
6098 398 537 3611 
6099 537 1238 3611 
6100 1238 398 3611 
6101 537 164 3612 
6102 164 1238 3612 
6103 1238 537 3612 
6104 178 271 3613 
6105 271 1239 3613 
6106 1239 178 3613 
6107 271 515 3614 
6108 515 1239 3614 
6109 1239 271 3614 
6110 515 178 3615 
6111 178 1239 3615 
6112 1239 515 3615 
6113 164 380 3616 
6114 380 1240 3616 
6115 1240 164 3616 
6116 380 478 3617 
6117 478 1240 3617 
6118 1240 380 3617 
6119 478 164 3618 
6120 164 1240 3618 
6121 1240 478 3618 
6122 312 175 3619 
6123 175 1241 3619 
6124 1241 312 3619 
6125 175 512 3620 
6126 512 1241 3620 
6127 1241 175 3620 
6128 512 312 3621 
6129 312 1241 3621 
6130 1241 512 3621 
6131 339 170 3622 
6132 170 1242 3622 
6133 1242 339 3622 
6134 170 391 3623 
6135 391 1242 3623 
6136 1242 170 3623 
6137 391 339 3624 
6138 339 1242 3624 
6139 1242 391 3624 
6140 221 339 3625 
6141 339 1243 3625 
6142 1243 221 3625 
6143 339 391 3626 
6144 391 1243 3626 
6145 1243 339 3626 
6146 391 221 3627 
6147 221 1243 3627 
6148 1243 391 3627 
6149 340 221 3628 
6150 221 1244 3628 
6151 1244 340 3628 
6152 221 392 3629 
6153 392 1244 3629 
6154 1244 221 3629 
6155 392 340 3630 
6156 340 1244 3630 
6157 1244 392 3630 
6158 171 340 3631 
6159 340 1245 3631 
6160 1245 171 3631 
6161 340 392 3632 
6162 392 1245 3632 
6163 1245 340 3632 
6164 392 171 3633 
6165 171 1245 3633 
6166 1245 392 3633 
6167 132 298 3634 
6168 298 1246 3634 
6169 1246 132 3634 
6170 298 392 3635 
6171 392 1246 3635 
6172 1246 298 3635 
6173 392 132 3636 
6174 132 1246 3636 
6175 1246 392 3636 
6176 298 171 3637 
6177 171 1247 3637 
6178 1247 298 3637 
6179 171 392 3638 
6180 392 1247 3638 
6181 1247 171 3638 
6182 392 298 3639 
6183 298 1247 3639 
6184 1247 392 3639 
6185 139 370 3640 
6186 370 1248 3640 
6187 1248 139 3640 
6188 370 564 3641 
6189 564 1248 3641 
6190 1248 370 3641 
6191 564 139 3642 
6192 139 1248 3642 
6193 1248 564 3642 
6194 361 207 3643 
6195 207 1249 3643 
6196 1249 361 3643 
6197 207 456 3644 
6198 456 1249 3644 
6199 1249 207 3644 
6200 456 361 3645 
6201 361 1249 3645 
6202 1249 456 3645 
6203 157 361 3646 
6204 361 1250 3646 
6205 1250 157 3646 
6206 361 456 3647 
6207 456 1250 3647 
6208 1250 361 3647 
6209 456 157 3648 
6210 157 1250 3648 
6211 1250 456 3648 
6212 83 84 3649 
6213 84 1251 3649 
6214 1251 83 3649 
6215 84 373 3650 
6216 373 1251 3650 
6217 1251 84 3650 
6218 373 83 3651 
6219 83 1251 3651 
6220 1251 373 3651 
6221 28 29 3652 
6222 29 1252 3652 
6223 1252 28 3652 
6224 29 374 3653 
6225 374 1252 3653 
6226 1252 29 3653 
6227 374 28 3654 
6228 28 1252 3654 
6229 1252 374 3654 
6230 207 361 3655 
6231 361 1253 3655 
6232 1253 207 3655 
6233 361 546 3656 
6234 546 1253 3656 
6235 1253 361 3656 
6236 546 207 3657 
6237 207 1253 3657 
6238 1253 546 3657 
6239 162 399 3658 
6240 399 1254 3658 
6241 1254 162 3658 
6242 399 520 3659 
6243 520 1254 3659 
6244 1254 399 3659 
6245 520 162 3660 
6246 162 1254 3660 
6247 1254 520 3660 
6248 495 311 3661 
6249 311 1255 3661 
6250 1255 495 3661 
6251 311 531 3662 
6252 531 1255 3662 
6253 1255 311 3662 
6254 531 495 3663 
6255 495 1255 3663 
6256 1255 531 3663 
6257 163 400 3664 
6258 400 1256 3664 
6259 1256 163 3664 
6260 400 519 3665 
6261 519 1256 3665 
6262 1256 400 3665 
6263 519 163 3666 
6264 163 1256 3666 
6265 1256 519 3666 
6266 330 177 3667 
6267 177 1257 3667 
6268 1257 330 3667 
6269 177 385 3668 
6270 385 1257 3668 
6271 1257 177 3668 
6272 385 330 3669 
6273 330 1257 3669 
6274 1257 385 3669 
6275 120 330 3670 
6276 330 1258 3670 
6277 1258 120 3670 
6278 330 385 3671 
6279 385 1258 3671 
6280 1258 330 3671 
6281 385 120 3672 
6282 120 1258 3672 
6283 1258 385 3672 
6284 284 118 3673 
6285 118 1259 3673 
6286 1259 284 3673 
6287 118 406 3674 
6288 406 1259 3674 
6289 1259 118 3674 
6290 406 284 3675 
6291 284 1259 3675 
6292 1259 406 3675 
6293 336 202 3676 
6294 202 1260 3676 
6295 1260 336 3676 
6296 202 488 3677 
6297 488 1260 3677 
6298 1260 202 3677 
6299 488 336 3678 
6300 336 1260 3678 
6301 1260 488 3678 
6302 289 115 3679 
6303 115 1261 3679 
6304 1261 289 3679 
6305 115 403 3680 
6306 403 1261 3680 
6307 1261 115 3680 
6308 403 289 3681 
6309 289 1261 3681 
6310 1261 403 3681 
6311 92 93 3682 
6312 93 1262 3682 
6313 1262 92 3682 
6314 93 506 3683 
6315 506 1262 3683 
6316 1262 93 3683 
6317 506 92 3684 
6318 92 1262 3684 
6319 1262 506 3684 
6320 93 272 3685 
6321 272 1263 3685 
6322 1263 93 3685 
6323 272 506 3686 
6324 506 1263 3686 
6325 1263 272 3686 
6326 506 93 3687 
6327 93 1263 3687 
6328 1263 506 3687 
6329 286 174 3688 
6330 174 1264 3688 
6331 1264 286 3688 
6332 174 417 3689 
6333 417 1264 3689 
6334 1264 174 3689 
6335 417 286 3690 
6336 286 1264 3690 
6337 1264 417 3690 
6338 340 171 3691 
6339 171 1265 3691 
6340 1265 340 3691 
6341 171 377 3692 
6342 377 1265 3692 
6343 1265 171 3692 
6344 377 340 3693 
6345 340 1265 3693 
6346 1265 377 3693 
6347 38 39 3694 
6348 39 1266 3694 
6349 1266 38 3694 
6350 39 428 3695 
6351 428 1266 3695 
6352 1266 39 3695 
6353 428 38 3696 
6354 38 1266 3696 
6355 1266 428 3696 
6356 133 273 3697 
6357 273 1267 3697 
6358 1267 133 3697 
6359 273 430 3698 
6360 430 1267 3698 
6361 1267 273 3698 
6362 430 133 3699 
6363 133 1267 3699 
6364 1267 430 3699 
6365 342 169 3700 
6366 169 1268 3700 
6367 1268 342 3700 
6368 169 379 3701 
6369 379 1268 3701 
6370 1268 169 3701 
6371 379 342 3702 
6372 342 1268 3702 
6373 1268 379 3702 
6374 187 300 3703 
6375 300 1269 3703 
6376 1269 187 3703 
6377 300 419 3704 
6378 419 1269 3704 
6379 1269 300 3704 
6380 419 187 3705 
6381 187 1269 3705 
6382 1269 419 3705 
6383 300 48 3706 
6384 48 1270 3706 
6385 1270 300 3706 
6386 48 419 3707 
6387 419 1270 3707 
6388 1270 48 3707 
6389 419 300 3708 
6390 300 1270 3708 
6391 1270 419 3708 
6392 170 339 3709 
6393 339 1271 3709 
6394 1271 170 3709 
6395 339 381 3710 
6396 381 1271 3710 
6397 1271 339 3710 
6398 381 170 3711 
6399 170 1271 3711 
6400 1271 381 3711 
6401 168 341 3712 
6402 341 1272 3712 
6403 1272 168 3712 
6404 341 383 3713 
6405 383 1272 3713 
6406 1272 341 3713 
6407 383 168 3714 
6408 168 1272 3714 
6409 1272 383 3714 
6410 337 200 3715 
6411 200 1273 3715 
6412 1273 337 3715 
6413 200 485 3716 
6414 485 1273 3716 
6415 1273 200 3716 
6416 485 337 3717 
6417 337 1273 3717 
6418 1273 485 3717 
6419 214 325 3718 
6420 325 1274 3718 
6421 1274 214 3718 
6422 325 448 3719 
6423 448 1274 3719 
6424 1274 325 3719 
6425 448 214 3720 
6426 214 1274 3720 
6427 1274 448 3720 
6428 320 176 3721 
6429 176 1275 3721 
6430 1275 320 3721 
6431 176 505 3722 
6432 505 1275 3722 
6433 1275 176 3722 
6434 505 320 3723 
6435 320 1275 3723 
6436 1275 505 3723 
6437 81 82 3724 
6438 82 1276 3724 
6439 1276 81 3724 
6440 82 390 3725 
6441 390 1276 3725 
6442 1276 82 3725 
6443 390 81 3726 
6444 81 1276 3726 
6445 1276 390 3726 
6446 445 169 3727 
6447 169 1277 3727 
6448 1277 445 3727 
6449 169 567 3728 
6450 567 1277 3728 
6451 1277 169 3728 
6452 567 445 3729 
6453 445 1277 3729 
6454 1277 567 3729 
6455 26 27 3730 
6456 27 1278 3730 
6457 1278 26 3730 
6458 27 388 3731 
6459 388 1278 3731 
6460 1278 27 3731 
6461 388 26 3732 
6462 26 1278 3732 
6463 1278 388 3732 
6464 279 137 3733 
6465 137 1279 3733 
6466 1279 279 3733 
6467 137 536 3734 
6468 536 1279 3734 
6469 1279 137 3734 
6470 536 279 3735 
6471 279 1279 3735 
6472 1279 536 3735 
6473 115 359 3736 
6474 359 1280 3736 
6475 1280 115 3736 
6476 359 445 3737 
6477 445 1280 3737 
6478 1280 359 3737 
6479 445 115 3738 
6480 115 1280 3738 
6481 1280 445 3738 
6482 360 109 3739 
6483 109 1281 3739 
6484 1281 360 3739 
6485 109 447 3740 
6486 447 1281 3740 
6487 1281 109 3740 
6488 447 360 3741 
6489 360 1281 3741 
6490 1281 447 3741 
6491 16 17 3742 
6492 17 1282 3742 
6493 1282 16 3742 
6494 17 501 3743 
6495 501 1282 3743 
6496 1282 17 3743 
6497 501 16 3744 
6498 16 1282 3744 
6499 1282 501 3744 
6500 22 23 3745 
6501 23 1283 3745 
6502 1283 22 3745 
6503 23 499 3746 
6504 499 1283 3746 
6505 1283 23 3746 
6506 499 22 3747 
6507 22 1283 3747 
6508 1283 499 3747 
6509 105 368 3748 
6510 368 1284 3748 
6511 1284 105 3748 
6512 368 444 3749 
6513 444 1284 3749 
6514 1284 368 3749 
6515 444 105 3750 
6516 105 1284 3750 
6517 1284 444 3750 
6518 71 72 3751 
6519 72 1285 3751 
6520 1285 71 3751 
6521 72 508 3752 
6522 508 1285 3752 
6523 1285 72 3752 
6524 508 71 3753 
6525 71 1285 3753 
6526 1285 508 3753 
6527 77 78 3754 
6528 78 1286 3754 
6529 1286 77 3754 
6530 78 503 3755 
6531 503 1286 3755 
6532 1286 78 3755 
6533 503 77 3756 
6534 77 1286 3756 
6535 1286 503 3756 
6536 169 395 3757 
6537 395 1287 3757 
6538 1287 169 3757 
6539 395 567 3758 
6540 567 1287 3758 
6541 1287 395 3758 
6542 567 169 3759 
6543 169 1287 3759 
6544 1287 567 3759 
6545 281 138 3760 
6546 138 1288 3760 
6547 1288 281 3760 
6548 138 538 3761 
6549 538 1288 3761 
6550 1288 138 3761 
6551 538 281 3762 
6552 281 1288 3762 
6553 1288 538 3762 
6554 273 119 3763 
6555 119 1289 3763 
6556 1289 273 3763 
6557 119 451 3764 
6558 451 1289 3764 
6559 1289 119 3764 
6560 451 273 3765 
6561 273 1289 3765 
6562 1289 451 3765 
6563 282 10 3766 
6564 10 1290 3766 
6565 1290 282 3766 
6566 10 421 3767 
6567 421 1290 3767 
6568 1290 10 3767 
6569 421 282 3768 
6570 282 1290 3768 
6571 1290 421 3768 
6572 364 171 3769 
6573 171 1291 3769 
6574 1291 364 3769 
6575 171 453 3770 
6576 453 1291 3770 
6577 1291 171 3770 
6578 453 364 3771 
6579 364 1291 3771 
6580 1291 453 3771 
6581 103 285 3772 
6582 285 1292 3772 
6583 1292 103 3772 
6584 285 493 3773 
6585 493 1292 3773 
6586 1292 285 3773 
6587 493 103 3774 
6588 103 1292 3774 
6589 1292 493 3774 
6590 167 273 3775 
6591 273 1293 3775 
6592 1293 167 3775 
6593 273 464 3776 
6594 464 1293 3776 
6595 1293 273 3776 
6596 464 167 3777 
6597 167 1293 3777 
6598 1293 464 3777 
6599 346 24 3778 
6600 24 1294 3778 
6601 1294 346 3778 
6602 24 524 3779 
6603 524 1294 3779 
6604 1294 24 3779 
6605 524 346 3780 
6606 346 1294 3780 
6607 1294 524 3780 
6608 479 242 3781 
6609 242 1295 3781 
6610 1295 479 3781 
6611 242 493 3782 
6612 493 1295 3782 
6613 1295 242 3782 
6614 493 479 3783 
6615 479 1295 3783 
6616 1295 493 3783 
6617 326 118 3784 
6618 118 1296 3784 
6619 1296 326 3784 
6620 118 409 3785 
6621 409 1296 3785 
6622 1296 118 3785 
6623 409 326 3786 
6624 326 1296 3786 
6625 1296 409 3786 
6626 123 316 3787 
6627 316 1297 3787 
6628 1297 123 3787 
6629 316 474 3788 
6630 474 1297 3788 
6631 1297 316 3788 
6632 474 123 3789 
6633 123 1297 3789 
6634 1297 474 3789 
6635 316 193 3790 
6636 193 1298 3790 
6637 1298 316 3790 
6638 193 474 3791 
6639 474 1298 3791 
6640 1298 193 3791 
6641 474 316 3792 
6642 316 1298 3792 
6643 1298 474 3792 
6644 350 79 3793 
6645 79 1299 3793 
6646 1299 350 3793 
6647 79 522 3794 
6648 522 1299 3794 
6649 1299 79 3794 
6650 522 350 3795 
6651 350 1299 3795 
6652 1299 522 3795 
6653 318 125 3796 
6654 125 1300 3796 
6655 1300 318 3796 
6656 125 475 3797 
6657 475 1300 3797 
6658 1300 125 3797 
6659 475 318 3798 
6660 318 1300 3798 
6661 1300 475 3798 
6662 196 318 3799 
6663 318 1301 3799 
6664 1301 196 3799 
6665 318 475 3800 
6666 475 1301 3800 
6667 1301 318 3800 
6668 475 196 3801 
6669 196 1301 3801 
6670 1301 475 3801 
6671 102 286 3802 
6672 286 1302 3802 
6673 1302 102 3802 
6674 286 417 3803 
6675 417 1302 3803 
6676 1302 286 3803 
6677 417 102 3804 
6678 102 1302 3804 
6679 1302 417 3804 
6680 317 122 3805 
6681 122 1303 3805 
6682 1303 317 3805 
6683 122 476 3806 
6684 476 1303 3806 
6685 1303 122 3806 
6686 476 317 3807 
6687 317 1303 3807 
6688 1303 476 3807 
6689 194 317 3808 
6690 317 1304 3808 
6691 1304 194 3808 
6692 317 476 3809 
6693 476 1304 3809 
6694 1304 317 3809 
6695 476 194 3810 
6696 194 1304 3810 
6697 1304 476 3810 
6698 401 165 3811 
6699 165 1305 3811 
6700 1305 401 3811 
6701 165 552 3812 
6702 552 1305 3812 
6703 1305 165 3812 
6704 552 401 3813 
6705 401 1305 3813 
6706 1305 552 3813 
6707 402 166 3814 
6708 166 1306 3814 
6709 1306 402 3814 
6710 166 551 3815 
6711 551 1306 3815 
6712 1306 166 3815 
6713 551 402 3816 
6714 402 1306 3816 
6715 1306 551 3816 
6716 116 323 3817 
6717 323 1307 3817 
6718 1307 116 3817 
6719 323 427 3818 
6720 427 1307 3818 
6721 1307 323 3818 
6722 427 116 3819 
6723 116 1307 3819 
6724 1307 427 3819 
6725 180 279 3820 
6726 279 1308 3820 
6727 1308 180 3820 
6728 279 536 3821 
6729 536 1308 3821 
6730 1308 279 3821 
6731 536 180 3822 
6732 180 1308 3822 
6733 1308 536 3822 
6734 290 189 3823 
6735 189 1309 3823 
6736 1309 290 3823 
6737 189 437 3824 
6738 437 1309 3824 
6739 1309 189 3824 
6740 437 290 3825 
6741 290 1309 3825 
6742 1309 437 3825 
6743 126 290 3826 
6744 290 1310 3826 
6745 1310 126 3826 
6746 290 437 3827 
6747 437 1310 3827 
6748 1310 290 3827 
6749 437 126 3828 
6750 126 1310 3828 
6751 1310 437 3828 
6752 328 149 3829 
6753 149 1311 3829 
6754 1311 328 3829 
6755 149 472 3830 
6756 472 1311 3830 
6757 1311 149 3830 
6758 472 328 3831 
6759 328 1311 3831 
6760 1311 472 3831 
6761 132 425 3832 
6762 425 1312 3832 
6763 1312 132 3832 
6764 425 435 3833 
6765 435 1312 3833 
6766 1312 425 3833 
6767 435 132 3834 
6768 132 1312 3834 
6769 1312 435 3834 
6770 195 280 3835 
6771 280 1313 3835 
6772 1313 195 3835 
6773 280 542 3836 
6774 542 1313 3836 
6775 1313 280 3836 
6776 542 195 3837 
6777 195 1313 3837 
6778 1313 542 3837 
6779 280 146 3838 
6780 146 1314 3838 
6781 1314 280 3838 
6782 146 542 3839 
6783 542 1314 3839 
6784 1314 146 3839 
6785 542 280 3840 
6786 280 1314 3840 
6787 1314 542 3840 
6788 137 279 3841 
6789 279 1315 3841 
6790 1315 137 3841 
6791 279 516 3842 
6792 516 1315 3842 
6793 1315 279 3842 
6794 516 137 3843 
6795 137 1315 3843 
6796 1315 516 3843 
6797 179 281 3844 
6798 281 1316 3844 
6799 1316 179 3844 
6800 281 538 3845 
6801 538 1316 3845 
6802 1316 281 3845 
6803 538 179 3846 
6804 179 1316 3846 
6805 1316 538 3846 
6806 293 32 3847 
6807 32 1317 3847 
6808 1317 293 3847 
6809 32 416 3848 
6810 416 1317 3848 
6811 1317 32 3848 
6812 416 293 3849 
6813 293 1317 3849 
6814 1317 416 3849 
6815 287 65 3850 
6816 65 1318 3850 
6817 1318 287 3850 
6818 65 423 3851 
6819 423 1318 3851 
6820 1318 65 3851 
6821 423 287 3852 
6822 287 1318 3852 
6823 1318 423 3852 
6824 103 344 3853 
6825 344 1319 3853 
6826 1319 103 3853 
6827 344 389 3854 
6828 389 1319 3854 
6829 1319 344 3854 
6830 389 103 3855 
6831 103 1319 3855 
6832 1319 389 3855 
6833 282 203 3856 
6834 203 1320 3856 
6835 1320 282 3856 
6836 203 544 3857 
6837 544 1320 3857 
6838 1320 203 3857 
6839 544 282 3858 
6840 282 1320 3858 
6841 1320 544 3858 
6842 138 281 3859 
6843 281 1321 3859 
6844 1321 138 3859 
6845 281 517 3860 
6846 517 1321 3860 
6847 1321 281 3860 
6848 517 138 3861 
6849 138 1321 3861 
6850 1321 517 3861 
6851 61 62 3862 
6852 62 1322 3862 
6853 1322 61 3862 
6854 62 393 3863 
6855 393 1322 3863 
6856 1322 62 3863 
6857 393 61 3864 
6858 61 1322 3864 
6859 1322 393 3864 
6860 5 6 3865 
6861 6 1323 3865 
6862 1323 5 3865 
6863 6 441 3866 
6864 441 1323 3866 
6865 1323 6 3866 
6866 441 5 3867 
6867 5 1323 3867 
6868 1323 441 3867 
6869 288 185 3868 
6870 185 1324 3868 
6871 1324 288 3868 
6872 185 425 3869 
6873 425 1324 3869 
6874 1324 185 3869 
6875 425 288 3870 
6876 288 1324 3870 
6877 1324 425 3870 
6878 37 357 3871 
6879 357 1325 3871 
6880 1325 37 3871 
6881 357 518 3872 
6882 518 1325 3872 
6883 1325 357 3872 
6884 518 37 3873 
6885 37 1325 3873 
6886 1325 518 3873 
6887 298 132 3874 
6888 132 1326 3874 
6889 1326 298 3874 
6890 132 435 3875 
6891 435 1326 3875 
6892 1326 132 3875 
6893 435 298 3876 
6894 298 1326 3876 
6895 1326 435 3876 
6896 188 298 3877 
6897 298 1327 3877 
6898 1327 188 3877 
6899 298 435 3878 
6900 435 1327 3878 
6901 1327 298 3878 
6902 435 188 3879 
6903 188 1327 3879 
6904 1327 435 3879 
6905 135 282 3880 
6906 282 1328 3880 
6907 1328 135 3880 
6908 282 535 3881 
6909 535 1328 3881 
6910 1328 282 3881 
6911 535 135 3882 
6912 135 1328 3882 
6913 1328 535 3882 
6914 195 283 3883 
6915 283 1329 3883 
6916 1329 195 3883 
6917 283 446 3884 
6918 446 1329 3884 
6919 1329 283 3884 
6920 446 195 3885 
6921 195 1329 3885 
6922 1329 446 3885 
6923 310 191 3886 
6924 191 1330 3886 
6925 1330 310 3886 
6926 191 432 3887 
6927 432 1330 3887 
6928 1330 191 3887 
6929 432 310 3888 
6930 310 1330 3888 
6931 1330 432 3888 
6932 95 310 3889 
6933 310 1331 3889 
6934 1331 95 3889 
6935 310 432 3890 
6936 432 1331 3890 
6937 1331 310 3890 
6938 432 95 3891 
6939 95 1331 3891 
6940 1331 432 3891 
6941 330 120 3892 
6942 120 1332 3892 
6943 1332 330 3892 
6944 120 404 3893 
6945 404 1332 3893 
6946 1332 120 3893 
6947 404 330 3894 
6948 330 1332 3894 
6949 1332 404 3894 
6950 189 290 3895 
6951 290 1333 3895 
6952 1333 189 3895 
6953 290 431 3896 
6954 431 1333 3896 
6955 1333 290 3896 
6956 431 189 3897 
6957 189 1333 3897 
6958 1333 431 3897 
6959 233 291 3898 
6960 291 1334 3898 
6961 1334 233 3898 
6962 291 433 3899 
6963 433 1334 3899 
6964 1334 291 3899 
6965 433 233 3900 
6966 233 1334 3900 
6967 1334 433 3900 
6968 284 149 3901 
6969 149 1335 3901 
6970 1335 284 3901 
6971 149 491 3902 
6972 491 1335 3902 
6973 1335 149 3902 
6974 491 284 3903 
6975 284 1335 3903 
6976 1335 491 3903 
6977 192 284 3904 
6978 284 1336 3904 
6979 1336 192 3904 
6980 284 491 3905 
6981 491 1336 3905 
6982 1336 284 3905 
6983 491 192 3906 
6984 192 1336 3906 
6985 1336 491 3906 
6986 285 167 3907 
6987 167 1337 3907 
6988 1337 285 3907 
6989 167 554 3908 
6990 554 1337 3908 
6991 1337 167 3908 
6992 554 285 3909 
6993 285 1337 3909 
6994 1337 554 3909 
6995 177 329 3910 
6996 329 1338 3910 
6997 1338 177 3910 
6998 329 479 3911 
6999 479 1338 3911 
7000 1338 329 3911 
7001 479 177 3912 
7002 177 1338 3912 
7003 1338 479 3912 
7004 306 106 3913 
7005 106 1339 3913 
7006 1339 306 3913 
7007 106 420 3914 
7008 420 1339 3914 
7009 1339 106 3914 
7010 420 306 3915 
7011 306 1339 3915 
7012 1339 420 3915 
7013 188 306 3916 
7014 306 1340 3916 
7015 1340 188 3916 
7016 306 420 3917 
7017 420 1340 3917 
7018 1340 306 3917 
7019 420 188 3918 
7020 188 1340 3918 
7021 1340 420 3918 
7022 185 288 3919 
7023 288 1341 3919 
7024 1341 185 3919 
7025 288 449 3920 
7026 449 1341 3920 
7027 1341 288 3920 
7028 449 185 3921 
7029 185 1341 3921 
7030 1341 449 3921 
7031 56 57 3922 
7032 57 1342 3922 
7033 1342 56 3922 
7034 57 494 3923 
7035 494 1342 3923 
7036 1342 57 3923 
7037 494 56 3924 
7038 56 1342 3924 
7039 1342 494 3924 
7040 179 311 3925 
7041 311 1343 3925 
7042 1343 179 3925 
7043 311 440 3926 
7044 440 1343 3926 
7045 1343 311 3926 
7046 440 179 3927 
7047 179 1343 3927 
7048 1343 440 3927 
7049 110 295 3928 
7050 295 1344 3928 
7051 1344 110 3928 
7052 295 436 3929 
7053 436 1344 3929 
7054 1344 295 3929 
7055 436 110 3930 
7056 110 1344 3930 
7057 1344 436 3930 
7058 285 177 3931 
7059 177 1345 3931 
7060 1345 285 3931 
7061 177 493 3932 
7062 493 1345 3932 
7063 1345 177 3932 
7064 493 285 3933 
7065 285 1345 3933 
7066 1345 493 3933 
7067 313 104 3934 
7068 104 1346 3934 
7069 1346 313 3934 
7070 104 465 3935 
7071 465 1346 3935 
7072 1346 104 3935 
7073 465 313 3936 
7074 313 1346 3936 
7075 1346 465 3936 
7076 288 117 3937 
7077 117 1347 3937 
7078 1347 288 3937 
7079 117 449 3938 
7080 449 1347 3938 
7081 1347 117 3938 
7082 449 288 3939 
7083 288 1347 3939 
7084 1347 449 3939 
7085 115 445 3940 
7086 445 1348 3940 
7087 1348 115 3940 
7088 445 548 3941 
7089 548 1348 3941 
7090 1348 445 3941 
7091 548 115 3942 
7092 115 1348 3942 
7093 1348 548 3942 
7094 10 11 3943 
7095 11 1349 3943 
7096 1349 10 3943 
7097 11 421 3944 
7098 421 1349 3944 
7099 1349 11 3944 
7100 421 10 3945 
7101 10 1349 3945 
7102 1349 421 3945 
7103 176 326 3946 
7104 326 1350 3946 
7105 1350 176 3946 
7106 326 409 3947 
7107 409 1350 3947 
7108 1350 326 3947 
7109 409 176 3948 
7110 176 1350 3948 
7111 1350 409 3948 
7112 108 299 3949 
7113 299 1351 3949 
7114 1351 108 3949 
7115 299 438 3950 
7116 438 1351 3950 
7117 1351 299 3950 
7118 438 108 3951 
7119 108 1351 3951 
7120 1351 438 3951 
7121 348 119 3952 
7122 119 1352 3952 
7123 1352 348 3952 
7124 119 405 3953 
7125 405 1352 3953 
7126 1352 119 3953 
7127 405 348 3954 
7128 348 1352 3954 
7129 1352 405 3954 
7130 182 403 3955 
7131 403 1353 3955 
7132 1353 182 3955 
7133 403 548 3956 
7134 548 1353 3956 
7135 1353 403 3956 
7136 548 182 3957 
7137 182 1353 3957 
7138 1353 548 3957 
7139 173 368 3958 
7140 368 1354 3958 
7141 1354 173 3958 
7142 368 557 3959 
7143 557 1354 3959 
7144 1354 368 3959 
7145 557 173 3960 
7146 173 1354 3960 
7147 1354 557 3960 
7148 309 181 3961 
7149 181 1355 3961 
7150 1355 309 3961 
7151 181 500 3962 
7152 500 1355 3962 
7153 1355 181 3962 
7154 500 309 3963 
7155 309 1355 3963 
7156 1355 500 3963 
7157 182 548 3964 
7158 548 1356 3964 
7159 1356 182 3964 
7160 548 549 3965 
7161 549 1356 3965 
7162 1356 548 3965 
7163 549 182 3966 
7164 182 1356 3966 
7165 1356 549 3966 
7166 152 323 3967 
7167 323 1357 3967 
7168 1357 152 3967 
7169 323 509 3968 
7170 509 1357 3968 
7171 1357 323 3968 
7172 509 152 3969 
7173 152 1357 3969 
7174 1357 509 3969 
7175 136 287 3970 
7176 287 1358 3970 
7177 1358 136 3970 
7178 287 553 3971 
7179 553 1358 3971 
7180 1358 287 3971 
7181 553 136 3972 
7182 136 1358 3972 
7183 1358 553 3972 
7184 333 202 3973 
7185 202 1359 3973 
7186 1359 333 3973 
7187 202 502 3974 
7188 502 1359 3974 
7189 1359 202 3974 
7190 502 333 3975 
7191 333 1359 3975 
7192 1359 502 3975 
7193 183 302 3976 
7194 302 1360 3976 
7195 1360 183 3976 
7196 302 452 3977 
7197 452 1360 3977 
7198 1360 302 3977 
7199 452 183 3978 
7200 183 1360 3978 
7201 1360 452 3978 
7202 322 150 3979 
7203 150 1361 3979 
7204 1361 322 3979 
7205 150 498 3980 
7206 498 1361 3980 
7207 1361 150 3980 
7208 498 322 3981 
7209 322 1361 3981 
7210 1361 498 3981 
7211 406 118 3982 
7212 118 1362 3982 
7213 1362 406 3982 
7214 118 453 3983 
7215 453 1362 3983 
7216 1362 118 3983 
7217 453 406 3984 
7218 406 1362 3984 
7219 1362 453 3984 
7220 32 33 3985 
7221 33 1363 3985 
7222 1363 32 3985 
7223 33 416 3986 
7224 416 1363 3986 
7225 1363 33 3986 
7226 416 32 3987 
7227 32 1363 3987 
7228 1363 416 3987 
7229 290 168 3988 
7230 168 1364 3988 
7231 1364 290 3988 
7232 168 558 3989 
7233 558 1364 3989 
7234 1364 168 3989 
7235 558 290 3990 
7236 290 1364 3990 
7237 1364 558 3990 
7238 326 151 3991 
7239 151 1365 3991 
7240 1365 326 3991 
7241 151 496 3992 
7242 496 1365 3992 
7243 1365 151 3992 
7244 496 326 3993 
7245 326 1365 3993 
7246 1365 496 3993 
7247 143 333 3994 
7248 333 1366 3994 
7249 1366 143 3994 
7250 333 502 3995 
7251 502 1366 3995 
7252 1366 333 3995 
7253 502 143 3996 
7254 143 1366 3996 
7255 1366 502 3996 
7256 181 319 3997 
7257 319 1367 3997 
7258 1367 181 3997 
7259 319 500 3998 
7260 500 1367 3998 
7261 1367 319 3998 
7262 500 181 3999 
7263 181 1367 3999 
7264 1367 500 3999 
7265 297 53 4000 
7266 53 1368 4000 
7267 1368 297 4000 
7268 53 561 4001 
7269 561 1368 4001 
7270 1368 53 4001 
7271 561 297 4002 
7272 297 1368 4002 
7273 1368 561 4002 
7274 43 296 4003 
7275 296 1369 4003 
7276 1369 43 4003 
7277 296 570 4004 
7278 570 1369 4004 
7279 1369 296 4004 
7280 570 43 4005 
7281 43 1369 4005 
7282 1369 570 4005 
7283 53 297 4006 
7284 297 1370 4006 
7285 1370 53 4006 
7286 297 571 4007 
7287 571 1370 4007 
7288 1370 297 4007 
7289 571 53 4008 
7290 53 1370 4008 
7291 1370 571 4008 
7292 297 51 4009 
7293 51 1371 4009 
7294 1371 297 4009 
7295 51 571 4010 
7296 571 1371 4010 
7297 1371 51 4010 
7298 571 297 4011 
7299 297 1371 4011 
7300 1371 571 4011 
7301 97 98 4012 
7302 98 1372 4012 
7303 1372 97 4012 
7304 98 408 4013 
7305 408 1372 4013 
7306 1372 98 4013 
7307 408 97 4014 
7308 97 1372 4014 
7309 1372 408 4014 
7310 141 292 4015 
7311 292 1373 4015 
7312 1373 141 4015 
7313 292 531 4016 
7314 531 1373 4016 
7315 1373 292 4016 
7316 531 141 4017 
7317 141 1373 4017 
7318 1373 531 4017 
7319 140 307 4018 
7320 307 1374 4018 
7321 1374 140 4018 
7322 307 566 4019 
7323 566 1374 4019 
7324 1374 307 4019 
7325 566 140 4020 
7326 140 1374 4020 
7327 1374 566 4020 
7328 306 188 4021 
7329 188 1375 4021 
7330 1375 306 4021 
7331 188 435 4022 
7332 435 1375 4022 
7333 1375 188 4022 
7334 435 306 4023 
7335 306 1375 4023 
7336 1375 435 4023 
7337 101 495 4024 
7338 495 1376 4024 
7339 1376 101 4024 
7340 495 500 4025 
7341 500 1376 4025 
7342 1376 495 4025 
7343 500 101 4026 
7344 101 1376 4026 
7345 1376 500 4026 
7346 55 56 4027 
7347 56 1377 4027 
7348 1377 55 4027 
7349 56 546 4028 
7350 546 1377 4028 
7351 1377 56 4028 
7352 546 55 4029 
7353 55 1377 4029 
7354 1377 546 4029 
7355 293 205 4030 
7356 205 1378 4030 
7357 1378 293 4030 
7358 205 555 4031 
7359 555 1378 4031 
7360 1378 205 4031 
7361 555 293 4032 
7362 293 1378 4032 
7363 1378 555 4032 
7364 209 299 4033 
7365 299 1379 4033 
7366 1379 209 4033 
7367 299 461 4034 
7368 461 1379 4034 
7369 1379 299 4034 
7370 461 209 4035 
7371 209 1379 4035 
7372 1379 461 4035 
7373 337 179 4036 
7374 179 1380 4036 
7375 1380 337 4036 
7376 179 440 4037 
7377 440 1380 4037 
7378 1380 179 4037 
7379 440 337 4038 
7380 337 1380 4038 
7381 1380 440 4038 
7382 218 295 4039 
7383 295 1381 4039 
7384 1381 218 4039 
7385 295 482 4040 
7386 482 1381 4040 
7387 1381 295 4040 
7388 482 218 4041 
7389 218 1381 4041 
7390 1381 482 4041 
7391 88 89 4042 
7392 89 1382 4042 
7393 1382 88 4042 
7394 89 410 4043 
7395 410 1382 4043 
7396 1382 89 4043 
7397 410 88 4044 
7398 88 1382 4044 
7399 1382 410 4044 
7400 189 328 4045 
7401 328 1383 4045 
7402 1383 189 4045 
7403 328 532 4046 
7404 532 1383 4046 
7405 1383 328 4046 
7406 532 189 4047 
7407 189 1383 4047 
7408 1383 532 4047 
7409 106 328 4048 
7410 328 1384 4048 
7411 1384 106 4048 
7412 328 420 4049 
7413 420 1384 4049 
7414 1384 328 4049 
7415 420 106 4050 
7416 106 1384 4050 
7417 1384 420 4050 
7418 65 66 4051 
7419 66 1385 4051 
7420 1385 65 4051 
7421 66 423 4052 
7422 423 1385 4052 
7423 1385 66 4052 
7424 423 65 4053 
7425 65 1385 4053 
7426 1385 423 4053 
7427 565 41 4054 
7428 41 1386 4054 
7429 1386 565 4054 
7430 41 570 4055 
7431 570 1386 4055 
7432 1386 41 4055 
7433 570 565 4056 
7434 565 1386 4056 
7435 1386 570 4056 
7436 137 293 4057 
7437 293 1387 4057 
7438 1387 137 4057 
7439 293 528 4058 
7440 528 1387 4058 
7441 1387 293 4058 
7442 528 137 4059 
7443 137 1387 4059 
7444 1387 528 4059 
7445 296 565 4060 
7446 565 1388 4060 
7447 1388 296 4060 
7448 565 570 4061 
7449 570 1388 4061 
7450 1388 565 4061 
7451 570 296 4062 
7452 296 1388 4062 
7453 1388 570 4062 
7454 174 353 4063 
7455 353 1389 4063 
7456 1389 174 4063 
7457 353 417 4064 
7458 417 1389 4064 
7459 1389 353 4064 
7460 417 174 4065 
7461 174 1389 4065 
7462 1389 417 4065 
7463 12 13 4066 
7464 13 1390 4066 
7465 1390 12 4066 
7466 13 450 4067 
7467 450 1390 4067 
7468 1390 13 4067 
7469 450 12 4068 
7470 12 1390 4068 
7471 1390 450 4068 
7472 308 144 4069 
7473 144 1391 4069 
7474 1391 308 4069 
7475 144 547 4070 
7476 547 1391 4070 
7477 1391 144 4070 
7478 547 308 4071 
7479 308 1391 4071 
7480 1391 547 4071 
7481 372 56 4072 
7482 56 1392 4072 
7483 1392 372 4072 
7484 56 494 4073 
7485 494 1392 4073 
7486 1392 56 4073 
7487 494 372 4074 
7488 372 1392 4074 
7489 1392 494 4074 
7490 106 338 4075 
7491 338 1393 4075 
7492 1393 106 4075 
7493 338 429 4076 
7494 429 1393 4076 
7495 1393 338 4076 
7496 429 106 4077 
7497 106 1393 4077 
7498 1393 429 4077 
7499 67 68 4078 
7500 68 1394 4078 
7501 1394 67 4078 
7502 68 468 4079 
7503 468 1394 4079 
7504 1394 68 4079 
7505 468 67 4080 
7506 67 1394 4080 
7507 1394 468 4080 
7508 323 173 4081 
7509 173 1395 4081 
7510 1395 323 4081 
7511 173 427 4082 
7512 427 1395 4082 
7513 1395 173 4082 
7514 427 323 4083 
7515 323 1395 4083 
7516 1395 427 4083 
7517 301 102 4084 
7518 102 1396 4084 
7519 1396 301 4084 
7520 102 481 4085 
7521 481 1396 4085 
7522 1396 102 4085 
7523 481 301 4086 
7524 301 1396 4086 
7525 1396 481 4086 
7526 311 101 4087 
7527 101 1397 4087 
7528 1397 311 4087 
7529 101 440 4088 
7530 440 1397 4088 
7531 1397 101 4088 
7532 440 311 4089 
7533 311 1397 4089 
7534 1397 440 4089 
7535 336 180 4090 
7536 180 1398 4090 
7537 1398 336 4090 
7538 180 422 4091 
7539 422 1398 4091 
7540 1398 180 4091 
7541 422 336 4092 
7542 336 1398 4092 
7543 1398 422 4092 
7544 106 429 4093 
7545 429 1399 4093 
7546 1399 106 4093 
7547 429 532 4094 
7548 532 1399 4094 
7549 1399 429 4094 
7550 532 106 4095 
7551 106 1399 4095 
7552 1399 532 4095 
7553 344 103 4096 
7554 103 1400 4096 
7555 1400 344 4096 
7556 103 497 4097 
7557 497 1400 4097 
7558 1400 103 4097 
7559 497 344 4098 
7560 344 1400 4098 
7561 1400 497 4098 
7562 201 344 4099 
7563 344 1401 4099 
7564 1401 201 4099 
7565 344 497 4100 
7566 497 1401 4100 
7567 1401 344 4100 
7568 497 201 4101 
7569 201 1401 4101 
7570 1401 497 4101 
7571 360 160 4102 
7572 160 1402 4102 
7573 1402 360 4102 
7574 160 541 4103 
7575 541 1402 4103 
7576 1402 160 4103 
7577 541 360 4104 
7578 360 1402 4104 
7579 1402 541 4104 
7580 192 491 4105 
7581 491 1403 4105 
7582 1403 192 4105 
7583 491 557 4106 
7584 557 1403 4106 
7585 1403 491 4106 
7586 557 192 4107 
7587 192 1403 4107 
7588 1403 557 4107 
7589 125 318 4108 
7590 318 1404 4108 
7591 1404 125 4108 
7592 318 439 4109 
7593 439 1404 4109 
7594 1404 318 4109 
7595 439 125 4110 
7596 125 1404 4110 
7597 1404 439 4110 
7598 301 145 4111 
7599 145 1405 4111 
7600 1405 301 4111 
7601 145 533 4112 
7602 533 1405 4112 
7603 1405 145 4112 
7604 533 301 4113 
7605 301 1405 4113 
7606 1405 533 4113 
7607 122 317 4114 
7608 317 1406 4114 
7609 1406 122 4114 
7610 317 442 4115 
7611 442 1406 4115 
7612 1406 317 4115 
7613 442 122 4116 
7614 122 1406 4116 
7615 1406 442 4116 
7616 34 35 4117 
7617 35 1407 4117 
7618 1407 34 4117 
7619 35 478 4118 
7620 478 1407 4118 
7621 1407 35 4118 
7622 478 34 4119 
7623 34 1407 4119 
7624 1407 478 4119 
7625 199 352 4120 
7626 352 1408 4120 
7627 1408 199 4120 
7628 352 486 4121 
7629 486 1408 4121 
7630 1408 352 4121 
7631 486 199 4122 
7632 199 1408 4122 
7633 1408 486 4122 
7634 352 131 4123 
7635 131 1409 4123 
7636 1409 352 4123 
7637 131 486 4124 
7638 486 1409 4124 
7639 1409 131 4124 
7640 486 352 4125 
7641 352 1409 4125 
7642 1409 486 4125 
7643 147 305 4126 
7644 305 1410 4126 
7645 1410 147 4126 
7646 305 489 4127 
7647 489 1410 4127 
7648 1410 305 4127 
7649 489 147 4128 
7650 147 1410 4128 
7651 1410 489 4128 
7652 45 46 4129 
7653 46 1411 4129 
7654 1411 45 4129 
7655 46 418 4130 
7656 418 1411 4130 
7657 1411 46 4130 
7658 418 45 4131 
7659 45 1411 4131 
7660 1411 418 4131 
7661 48 49 4132 
7662 49 1412 4132 
7663 1412 48 4132 
7664 49 419 4133 
7665 419 1412 4133 
7666 1412 49 4133 
7667 419 48 4134 
7668 48 1412 4134 
7669 1412 419 4134 
7670 193 316 4135 
7671 316 1413 4135 
7672 1413 193 4135 
7673 316 447 4136 
7674 447 1413 4136 
7675 1413 316 4136 
7676 447 193 4137 
7677 193 1413 4137 
7678 1413 447 4137 
7679 303 145 4138 
7680 145 1414 4138 
7681 1414 303 4138 
7682 145 540 4139 
7683 540 1414 4139 
7684 1414 145 4139 
7685 540 303 4140 
7686 303 1414 4140 
7687 1414 540 4140 
7688 202 336 4141 
7689 336 1415 4141 
7690 1415 202 4141 
7691 336 534 4142 
7692 534 1415 4142 
7693 1415 336 4142 
7694 534 202 4143 
7695 202 1415 4143 
7696 1415 534 4143 
7697 123 329 4144 
7698 329 1416 4144 
7699 1416 123 4144 
7700 329 434 4145 
7701 434 1416 4145 
7702 1416 329 4145 
7703 434 123 4146 
7704 123 1416 4146 
7705 1416 434 4146 
7706 305 147 4147 
7707 147 1417 4147 
7708 1417 305 4147 
7709 147 530 4148 
7710 530 1417 4148 
7711 1417 147 4148 
7712 530 305 4149 
7713 305 1417 4149 
7714 1417 530 4149 
7715 175 367 4150 
7716 367 1418 4150 
7717 1418 175 4150 
7718 367 480 4151 
7719 480 1418 4151 
7720 1418 367 4151 
7721 480 175 4152 
7722 175 1418 4152 
7723 1418 480 4152 
7724 358 116 4153 
7725 116 1419 4153 
7726 1419 358 4153 
7727 116 558 4154 
7728 558 1419 4154 
7729 1419 116 4154 
7730 558 358 4155 
7731 358 1419 4155 
7732 1419 558 4155 
7733 214 448 4156 
7734 448 1420 4156 
7735 1420 214 4156 
7736 448 528 4157 
7737 528 1420 4157 
7738 1420 448 4157 
7739 528 214 4158 
7740 214 1420 4158 
7741 1420 528 4158 
7742 490 135 4159 
7743 135 1421 4159 
7744 1421 490 4159 
7745 135 492 4160 
7746 492 1421 4160 
7747 1421 135 4160 
7748 492 490 4161 
7749 490 1421 4161 
7750 1421 492 4161 
7751 256 490 4162 
7752 490 1422 4162 
7753 1422 256 4162 
7754 490 492 4163 
7755 492 1422 4163 
7756 1422 490 4163 
7757 492 256 4164 
7758 256 1422 4164 
7759 1422 492 4164 
7760 15 345 4165 
7761 345 1423 4165 
7762 1423 15 4165 
7763 345 559 4166 
7764 559 1423 4166 
7765 1423 345 4166 
7766 559 15 4167 
7767 15 1423 4167 
7768 1423 559 4167 
7769 429 243 4168 
7770 243 1424 4168 
7771 1424 429 4168 
7772 243 532 4169 
7773 532 1424 4169 
7774 1424 243 4169 
7775 532 429 4170 
7776 429 1424 4170 
7777 1424 532 4170 
7778 100 1 4171 
7779 1 1425 4171 
7780 1425 100 4171 
7781 1 527 4172 
7782 527 1425 4172 
7783 1425 1 4172 
7784 527 100 4173 
7785 100 1425 4173 
7786 1425 527 4173 
7787 1 3 4174 
7788 3 1426 4174 
7789 1426 1 4174 
7790 3 527 4175 
7791 527 1426 4175 
7792 1426 3 4175 
7793 527 1 4176 
7794 1 1426 4176 
7795 1426 527 4176 
7796 70 349 4177 
7797 349 1427 4177 
7798 1427 70 4177 
7799 349 556 4178 
7800 556 1427 4178 
7801 1427 349 4178 
7802 556 70 4179 
7803 70 1427 4179 
7804 1427 556 4179 
7805 338 182 4180 
7806 182 1428 4180 
7807 1428 338 4180 
7808 182 429 4181 
7809 429 1428 4181 
7810 1428 182 4181 
7811 429 338 4182 
7812 338 1428 4182 
7813 1428 429 4182 
7814 102 417 4183 
7815 417 1429 4183 
7816 1429 102 4183 
7817 417 481 4184 
7818 481 1429 4184 
7819 1429 417 4184 
7820 481 102 4185 
7821 102 1429 4185 
7822 1429 481 4185 
7823 191 310 4186 
7824 310 1430 4186 
7825 1430 191 4186 
7826 310 469 4187 
7827 469 1430 4187 
7828 1430 310 4187 
7829 469 191 4188 
7830 191 1430 4188 
7831 1430 469 4188 
7832 198 353 4189 
7833 353 1431 4189 
7834 1431 198 4189 
7835 353 484 4190 
7836 484 1431 4190 
7837 1431 353 4190 
7838 484 198 4191 
7839 198 1431 4191 
7840 1431 484 4191 
7841 353 128 4192 
7842 128 1432 4192 
7843 1432 353 4192 
7844 128 484 4193 
7845 484 1432 4193 
7846 1432 128 4193 
7847 484 353 4194 
7848 353 1432 4194 
7849 1432 484 4194 
7850 190 344 4195 
7851 344 1433 4195 
7852 1433 190 4195 
7853 344 426 4196 
7854 426 1433 4196 
7855 1433 344 4196 
7856 426 190 4197 
7857 190 1433 4197 
7858 1433 426 4197 
7859 178 313 4198 
7860 313 1434 4198 
7861 1434 178 4198 
7862 313 465 4199 
7863 465 1434 4199 
7864 1434 313 4199 
7865 465 178 4200 
7866 178 1434 4200 
7867 1434 465 4200 
7868 347 157 4201 
7869 157 1435 4201 
7870 1435 347 4201 
7871 157 456 4202 
7872 456 1435 4202 
7873 1435 157 4202 
7874 456 347 4203 
7875 347 1435 4203 
7876 1435 456 4203 
7877 56 372 4204 
7878 372 1436 4204 
7879 1436 56 4204 
7880 372 546 4205 
7881 546 1436 4205 
7882 1436 372 4205 
7883 546 56 4206 
7884 56 1436 4206 
7885 1436 546 4206 
7886 94 95 4207 
7887 95 1437 4207 
7888 1437 94 4207 
7889 95 432 4208 
7890 432 1437 4208 
7891 1437 95 4208 
7892 432 94 4209 
7893 94 1437 4209 
7894 1437 432 4209 
7895 491 254 4210 
7896 254 1438 4210 
7897 1438 491 4210 
7898 254 557 4211 
7899 557 1438 4211 
7900 1438 254 4211 
7901 557 491 4212 
7902 491 1438 4212 
7903 1438 557 4212 
7904 307 184 4213 
7905 184 1439 4213 
7906 1439 307 4213 
7907 184 566 4214 
7908 566 1439 4214 
7909 1439 184 4214 
7910 566 307 4215 
7911 307 1439 4215 
7912 1439 566 4215 
7913 103 308 4216 
7914 308 1440 4216 
7915 1440 103 4216 
7916 308 497 4217 
7917 497 1440 4217 
7918 1440 308 4217 
7919 497 103 4218 
7920 103 1440 4218 
7921 1440 497 4218 
7922 319 142 4219 
7923 142 1441 4219 
7924 1441 319 4219 
7925 142 545 4220 
7926 545 1441 4220 
7927 1441 142 4220 
7928 545 319 4221 
7929 319 1441 4221 
7930 1441 545 4221 
7931 52 92 4222 
7932 92 1442 4222 
7933 1442 52 4222 
7934 92 539 4223 
7935 539 1442 4223 
7936 1442 92 4223 
7937 539 52 4224 
7938 52 1442 4224 
7939 1442 539 4224 
7940 91 52 4225 
7941 52 1443 4225 
7942 1443 91 4225 
7943 52 539 4226 
7944 539 1443 4226 
7945 1443 52 4226 
7946 539 91 4227 
7947 91 1443 4227 
7948 1443 539 4227 
7949 362 226 4228 
7950 226 1444 4228 
7951 1444 362 4228 
7952 226 507 4229 
7953 507 1444 4229 
7954 1444 226 4229 
7955 507 362 4230 
7956 362 1444 4230 
7957 1444 507 4230 
7958 348 186 4231 
7959 186 1445 4231 
7960 1445 348 4231 
7961 186 451 4232 
7962 451 1445 4232 
7963 1445 186 4232 
7964 451 348 4233 
7965 348 1445 4233 
7966 1445 451 4233 
7967 144 308 4234 
7968 308 1446 4234 
7969 1446 144 4234 
7970 308 525 4235 
7971 525 1446 4235 
7972 1446 308 4235 
7973 525 144 4236 
7974 144 1446 4236 
7975 1446 525 4236 
7976 101 311 4237 
7977 311 1447 4237 
7978 1447 101 4237 
7979 311 495 4238 
7980 495 1447 4238 
7981 1447 311 4238 
7982 495 101 4239 
7983 101 1447 4239 
7984 1447 495 4239 
7985 160 316 4240 
7986 316 1448 4240 
7987 1448 160 4240 
7988 316 483 4241 
7989 483 1448 4241 
7990 1448 316 4241 
7991 483 160 4242 
7992 160 1448 4242 
7993 1448 483 4242 
7994 511 243 4243 
7995 243 1449 4243 
7996 1449 511 4243 
7997 243 549 4244 
7998 549 1449 4244 
7999 1449 243 4244 
8000 549 511 4245 
8001 511 1449 4245 
8002 1449 549 4245 
8003 237 385 4246 
8004 385 1450 4246 
8005 1450 237 4246 
8006 385 554 4247 
8007 554 1450 4247 
8008 1450 385 4247 
8009 554 237 4248 
8010 237 1450 4248 
8011 1450 554 4248 
8012 187 347 4249 
8013 347 1451 4249 
8014 1451 187 4249 
8015 347 568 4250 
8016 568 1451 4250 
8017 1451 347 4250 
8018 568 187 4251 
8019 187 1451 4251 
8020 1451 568 4251 
8021 313 143 4252 
8022 143 1452 4252 
8023 1452 313 4252 
8024 143 502 4253 
8025 502 1452 4253 
8026 1452 143 4253 
8027 502 313 4254 
8028 313 1452 4254 
8029 1452 502 4254 
8030 122 312 4255 
8031 312 1453 4255 
8032 1453 122 4255 
8033 312 512 4256 
8034 512 1453 4256 
8035 1453 312 4256 
8036 512 122 4257 
8037 122 1453 4257 
8038 1453 512 4257 
8039 427 173 4258 
8040 173 1454 4258 
8041 1454 427 4258 
8042 173 557 4259 
8043 557 1454 4259 
8044 1454 173 4259 
8045 557 427 4260 
8046 427 1454 4260 
8047 1454 557 4260 
8048 331 200 4261 
8049 200 1455 4261 
8050 1455 331 4261 
8051 200 545 4262 
8052 545 1455 4262 
8053 1455 200 4262 
8054 545 331 4263 
8055 331 1455 4263 
8056 1455 545 4263 
8057 150 312 4264 
8058 312 1456 4264 
8059 1456 150 4264 
8060 312 521 4265 
8061 521 1456 4265 
8062 1456 312 4265 
8063 521 150 4266 
8064 150 1456 4266 
8065 1456 521 4266 
8066 121 396 4267 
8067 396 1457 4267 
8068 1457 121 4267 
8069 396 460 4268 
8070 460 1457 4268 
8071 1457 396 4268 
8072 460 121 4269 
8073 121 1457 4269 
8074 1457 460 4269 
8075 396 220 4270 
8076 220 1458 4270 
8077 1458 396 4270 
8078 220 460 4271 
8079 460 1458 4271 
8080 1458 220 4271 
8081 460 396 4272 
8082 396 1458 4272 
8083 1458 460 4272 
8084 314 162 4273 
8085 162 1459 4273 
8086 1459 314 4273 
8087 162 520 4274 
8088 520 1459 4274 
8089 1459 162 4274 
8090 520 314 4275 
8091 314 1459 4275 
8092 1459 520 4275 
8093 315 163 4276 
8094 163 1460 4276 
8095 1460 315 4276 
8096 163 519 4277 
8097 519 1460 4277 
8098 1460 163 4277 
8099 519 315 4278 
8100 315 1460 4278 
8101 1460 519 4278 
8102 319 101 4279 
8103 101 1461 4279 
8104 1461 319 4279 
8105 101 500 4280 
8106 500 1461 4280 
8107 1461 101 4280 
8108 500 319 4281 
8109 319 1461 4281 
8110 1461 500 4281 
8111 165 314 4282 
8112 314 1462 4282 
8113 1462 165 4282 
8114 314 552 4283 
8115 552 1462 4283 
8116 1462 314 4283 
8117 552 165 4284 
8118 165 1462 4284 
8119 1462 552 4284 
8120 166 315 4285 
8121 315 1463 4285 
8122 1463 166 4285 
8123 315 551 4286 
8124 551 1463 4286 
8125 1463 315 4286 
8126 551 166 4287 
8127 166 1463 4287 
8128 1463 551 4287 
8129 125 320 4288 
8130 320 1464 4288 
8131 1464 125 4288 
8132 320 505 4289 
8133 505 1464 4289 
8134 1464 320 4289 
8135 505 125 4290 
8136 125 1464 4290 
8137 1464 505 4290 
8138 101 319 4291 
8139 319 1465 4291 
8140 1465 101 4291 
8141 319 510 4292 
8142 510 1465 4292 
8143 1465 319 4292 
8144 510 101 4293 
8145 101 1465 4293 
8146 1465 510 4293 
8147 420 328 4294 
8148 328 1466 4294 
8149 1466 420 4294 
8150 328 472 4295 
8151 472 1466 4295 
8152 1466 328 4295 
8153 472 420 4296 
8154 420 1466 4296 
8155 1466 472 4296 
8156 355 190 4297 
8157 190 1467 4297 
8158 1467 355 4297 
8159 190 426 4298 
8160 426 1467 4298 
8161 1467 190 4298 
8162 426 355 4299 
8163 355 1467 4299 
8164 1467 426 4299 
8165 130 355 4300 
8166 355 1468 4300 
8167 1468 130 4300 
8168 355 426 4301 
8169 426 1468 4301 
8170 1468 355 4301 
8171 426 130 4302 
8172 130 1468 4302 
8173 1468 426 4302 
8174 375 12 4303 
8175 12 1469 4303 
8176 1469 375 4303 
8177 12 450 4304 
8178 450 1469 4304 
8179 1469 12 4304 
8180 450 375 4305 
8181 375 1469 4305 
8182 1469 450 4305 
8183 332 201 4306 
8184 201 1470 4306 
8185 1470 332 4306 
8186 201 547 4307 
8187 547 1470 4307 
8188 1470 201 4307 
8189 547 332 4308 
8190 332 1470 4308 
8191 1470 547 4308 
8192 142 331 4309 
8193 331 1471 4309 
8194 1471 142 4309 
8195 331 545 4310 
8196 545 1471 4310 
8197 1471 331 4310 
8198 545 142 4311 
8199 142 1471 4311 
8200 1471 545 4311 
8201 321 152 4312 
8202 152 1472 4312 
8203 1472 321 4312 
8204 152 523 4313 
8205 523 1472 4313 
8206 1472 152 4313 
8207 523 321 4314 
8208 321 1472 4314 
8209 1472 523 4314 
8210 151 320 4315 
8211 320 1473 4315 
8212 1473 151 4315 
8213 320 526 4316 
8214 526 1473 4316 
8215 1473 320 4316 
8216 526 151 4317 
8217 151 1473 4317 
8218 1473 526 4317 
8219 329 123 4318 
8220 123 1474 4318 
8221 1474 329 4318 
8222 123 479 4319 
8223 479 1474 4319 
8224 1474 123 4319 
8225 479 329 4320 
8226 329 1474 4320 
8227 1474 479 4320 
8228 144 332 4321 
8229 332 1475 4321 
8230 1475 144 4321 
8231 332 547 4322 
8232 547 1475 4322 
8233 1475 332 4322 
8234 547 144 4323 
8235 144 1475 4323 
8236 1475 547 4323 
8237 357 38 4324 
8238 38 1476 4324 
8239 1476 357 4324 
8240 38 428 4325 
8241 428 1476 4325 
8242 1476 38 4325 
8243 428 357 4326 
8244 357 1476 4326 
8245 1476 428 4326 
8246 153 327 4327 
8247 327 1477 4327 
8248 1477 153 4327 
8249 327 507 4328 
8250 507 1477 4328 
8251 1477 327 4328 
8252 507 153 4329 
8253 153 1477 4329 
8254 1477 507 4329 
8255 384 189 4330 
8256 189 1478 4330 
8257 1478 384 4330 
8258 189 431 4331 
8259 431 1478 4331 
8260 1478 189 4331 
8261 431 384 4332 
8262 384 1478 4332 
8263 1478 431 4332 
8264 403 182 4333 
8265 182 1479 4333 
8266 1479 403 4333 
8267 182 424 4334 
8268 424 1479 4334 
8269 1479 182 4334 
8270 424 403 4335 
8271 403 1479 4335 
8272 1479 424 4335 
8273 376 67 4336 
8274 67 1480 4336 
8275 1480 376 4336 
8276 67 468 4337 
8277 468 1480 4337 
8278 1480 67 4337 
8279 468 376 4338 
8280 376 1480 4338 
8281 1480 468 4338 
8282 130 426 4339 
8283 426 1481 4339 
8284 1481 130 4339 
8285 426 487 4340 
8286 487 1481 4340 
8287 1481 426 4340 
8288 487 130 4341 
8289 130 1481 4341 
8290 1481 487 4341 
8291 128 324 4342 
8292 324 1482 4342 
8293 1482 128 4342 
8294 324 529 4343 
8295 529 1482 4343 
8296 1482 324 4343 
8297 529 128 4344 
8298 128 1482 4344 
8299 1482 529 4344 
8300 325 164 4345 
8301 164 1483 4345 
8302 1483 325 4345 
8303 164 537 4346 
8304 537 1483 4346 
8305 1483 164 4346 
8306 537 325 4347 
8307 325 1483 4347 
8308 1483 537 4347 
8309 53 54 4348 
8310 54 1484 4348 
8311 1484 53 4348 
8312 54 561 4349 
8313 561 1484 4349 
8314 1484 54 4349 
8315 561 53 4350 
8316 53 1484 4350 
8317 1484 561 4350 
8318 352 199 4351 
8319 199 1485 4351 
8320 1485 352 4351 
8321 199 444 4352 
8322 444 1485 4352 
8323 1485 199 4352 
8324 444 352 4353 
8325 352 1485 4353 
8326 1485 444 4353 
8327 40 41 4354 
8328 41 1486 4354 
8329 1486 40 4354 
8330 41 565 4355 
8331 565 1486 4355 
8332 1486 41 4355 
8333 565 40 4356 
8334 40 1486 4356 
8335 1486 565 4356 
8336 119 348 4357 
8337 348 1487 4357 
8338 1487 119 4357 
8339 348 451 4358 
8340 451 1487 4358 
8341 1487 348 4358 
8342 451 119 4359 
8343 119 1487 4359 
8344 1487 451 4359 
8345 63 64 4360 
8346 64 1488 4360 
8347 1488 63 4360 
8348 64 467 4361 
8349 467 1488 4361 
8350 1488 64 4361 
8351 467 63 4362 
8352 63 1488 4362 
8353 1488 467 4362 
8354 14 15 4363 
8355 15 1489 4363 
8356 1489 14 4363 
8357 15 559 4364 
8358 559 1489 4364 
8359 1489 15 4364 
8360 559 14 4365 
8361 14 1489 4365 
8362 1489 559 4365 
8363 351 155 4366 
8364 155 1490 4366 
8365 1490 351 4366 
8366 155 462 4367 
8367 462 1490 4367 
8368 1490 155 4367 
8369 462 351 4368 
8370 351 1490 4368 
8371 1490 462 4368 
8372 69 70 4369 
8373 70 1491 4369 
8374 1491 69 4369 
8375 70 556 4370 
8376 556 1491 4370 
8377 1491 70 4370 
8378 556 69 4371 
8379 69 1491 4371 
8380 1491 556 4371 
8381 328 106 4372 
8382 106 1492 4372 
8383 1492 328 4372 
8384 106 532 4373 
8385 532 1492 4373 
8386 1492 106 4373 
8387 532 328 4374 
8388 328 1492 4374 
8389 1492 532 4374 
8390 440 101 4375 
8391 101 1493 4375 
8392 1493 440 4375 
8393 101 510 4376 
8394 510 1493 4376 
8395 1493 101 4376 
8396 510 440 4377 
8397 440 1493 4377 
8398 1493 510 4377 
8399 370 183 4378 
8400 183 1494 4378 
8401 1494 370 4378 
8402 183 564 4379 
8403 564 1494 4379 
8404 1494 183 4379 
8405 564 370 4380 
8406 370 1494 4380 
8407 1494 564 4380 
8408 504 136 4381 
8409 136 1495 4381 
8410 1495 504 4381 
8411 136 515 4382 
8412 515 1495 4382 
8413 1495 136 4382 
8414 515 504 4383 
8415 504 1495 4383 
8416 1495 515 4383 
8417 271 504 4384 
8418 504 1496 4384 
8419 1496 271 4384 
8420 504 515 4385 
8421 515 1496 4385 
8422 1496 504 4385 
8423 515 271 4386 
8424 271 1496 4386 
8425 1496 515 4386 
8426 380 34 4387 
8427 34 1497 4387 
8428 1497 380 4387 
8429 34 478 4388 
8430 478 1497 4388 
8431 1497 34 4388 
8432 478 380 4389 
8433 380 1497 4389 
8434 1497 478 4389 
8435 6 356 4390 
8436 356 1498 4390 
8437 1498 6 4390 
8438 356 441 4391 
8439 441 1498 4391 
8440 1498 356 4391 
8441 441 6 4392 
8442 6 1498 4392 
8443 1498 441 4392 
8444 266 402 4393 
8445 402 1499 4393 
8446 1499 266 4393 
8447 402 562 4394 
8448 562 1499 4394 
8449 1499 402 4394 
8450 562 266 4395 
8451 266 1499 4395 
8452 1499 562 4395 
8453 359 169 4396 
8454 169 1500 4396 
8455 1500 359 4396 
8456 169 445 4397 
8457 445 1500 4397 
8458 1500 169 4397 
8459 445 359 4398 
8460 359 1500 4398 
8461 1500 445 4398 
8462 398 258 4399 
8463 258 1501 4399 
8464 1501 398 4399 
8465 258 560 4400 
8466 560 1501 4400 
8467 1501 258 4400 
8468 560 398 4401 
8469 398 1501 4401 
8470 1501 560 4401 
8471 407 124 4402 
8472 124 1502 4402 
8473 1502 407 4402 
8474 124 446 4403 
8475 446 1502 4403 
8476 1502 124 4403 
8477 446 407 4404 
8478 407 1502 4404 
8479 1502 446 4404 
8480 205 454 4405 
8481 454 1503 4405 
8482 1503 205 4405 
8483 454 457 4406 
8484 457 1503 4406 
8485 1503 454 4406 
8486 457 205 4407 
8487 205 1503 4407 
8488 1503 457 4407 
8489 454 235 4408 
8490 235 1504 4408 
8491 1504 454 4408 
8492 235 457 4409 
8493 457 1504 4409 
8494 1504 235 4409 
8495 457 454 4410 
8496 454 1504 4410 
8497 1504 457 4410 
8498 206 455 4411 
8499 455 1505 4411 
8500 1505 206 4411 
8501 455 463 4412 
8502 463 1505 4412 
8503 1505 455 4412 
8504 463 206 4413 
8505 206 1505 4413 
8506 1505 463 4413 
8507 455 236 4414 
8508 236 1506 4414 
8509 1506 455 4414 
8510 236 463 4415 
8511 463 1506 4415 
8512 1506 236 4415 
8513 463 455 4416 
8514 455 1506 4416 
8515 1506 463 4416 
8516 180 387 4417 
8517 387 1507 4417 
8518 1507 180 4417 
8519 387 422 4418 
8520 422 1507 4418 
8521 1507 387 4418 
8522 422 180 4419 
8523 180 1507 4419 
8524 1507 422 4419 
8525 41 2 4420 
8526 2 1508 4420 
8527 1508 41 4420 
8528 2 570 4421 
8529 570 1508 4421 
8530 1508 2 4421 
8531 570 41 4422 
8532 41 1508 4422 
8533 1508 570 4422 
8534 2 43 4423 
8535 43 1509 4423 
8536 1509 2 4423 
8537 43 570 4424 
8538 570 1509 4424 
8539 1509 43 4424 
8540 570 2 4425 
8541 2 1509 4425 
8542 1509 570 4425 
8543 51 42 4426 
8544 42 1510 4426 
8545 1510 51 4426 
8546 42 571 4427 
8547 571 1510 4427 
8548 1510 42 4427 
8549 571 51 4428 
8550 51 1510 4428 
8551 1510 571 4428 
8552 42 53 4429 
8553 53 1511 4429 
8554 1511 42 4429 
8555 53 571 4430 
8556 571 1511 4430 
8557 1511 53 4430 
8558 571 42 4431 
8559 42 1511 4431 
8560 1511 571 4431 
8561 36 37 4432 
8562 37 1512 4432 
8563 1512 36 4432 
8564 37 518 4433 
8565 518 1512 4433 
8566 1512 37 4433 
8567 518 36 4434 
8568 36 1512 4434 
8569 1512 518 4434 
8570 345 16 4435 
8571 16 1513 4435 
8572 1513 345 4435 
8573 16 501 4436 
8574 501 1513 4436 
8575 1513 16 4436 
8576 501 345 4437 
8577 345 1513 4437 
8578 1513 501 4437 
8579 79 80 4438 
8580 80 1514 4438 
8581 1514 79 4438 
8582 80 522 4439 
8583 522 1514 4439 
8584 1514 80 4439 
8585 522 79 4440 
8586 79 1514 4440 
8587 1514 522 4440 
8588 24 25 4441 
8589 25 1515 4441 
8590 1515 24 4441 
8591 25 524 4442 
8592 524 1515 4442 
8593 1515 25 4442 
8594 524 24 4443 
8595 24 1515 4443 
8596 1515 524 4443 
8597 23 346 4444 
8598 346 1516 4444 
8599 1516 23 4444 
8600 346 499 4445 
8601 499 1516 4445 
8602 1516 346 4445 
8603 499 23 4446 
8604 23 1516 4446 
8605 1516 499 4446 
8606 378 187 4447 
8607 187 1517 4447 
8608 1517 378 4447 
8609 187 568 4448 
8610 568 1517 4448 
8611 1517 187 4448 
8612 568 378 4449 
8613 378 1517 4449 
8614 1517 568 4449 
8615 216 511 4450 
8616 511 1518 4450 
8617 1518 216 4450 
8618 511 549 4451 
8619 549 1518 4451 
8620 1518 511 4451 
8621 549 216 4452 
8622 216 1518 4452 
8623 1518 549 4452 
8624 3 4 4453 
8625 4 1519 4453 
8626 1519 3 4453 
8627 4 550 4454 
8628 550 1519 4454 
8629 1519 4 4454 
8630 550 3 4455 
8631 3 1519 4455 
8632 1519 550 4455 
8633 349 71 4456 
8634 71 1520 4456 
8635 1520 349 4456 
8636 71 508 4457 
8637 508 1520 4457 
8638 1520 71 4457 
8639 508 349 4458 
8640 349 1520 4458 
8641 1520 508 4458 
8642 118 364 4459 
8643 364 1521 4459 
8644 1521 118 4459 
8645 364 453 4460 
8646 453 1521 4460 
8647 1521 364 4460 
8648 453 118 4461 
8649 118 1521 4461 
8650 1521 453 4461 
8651 78 350 4462 
8652 350 1522 4462 
8653 1522 78 4462 
8654 350 503 4463 
8655 503 1522 4463 
8656 1522 350 4463 
8657 503 78 4464 
8658 78 1522 4464 
8659 1522 503 4464 
8660 443 203 4465 
8661 203 1523 4465 
8662 1523 443 4465 
8663 203 460 4466 
8664 460 1523 4466 
8665 1523 203 4466 
8666 460 443 4467 
8667 443 1523 4467 
8668 1523 460 4467 
8669 220 443 4468 
8670 443 1524 4468 
8671 1524 220 4468 
8672 443 460 4469 
8673 460 1524 4469 
8674 1524 443 4469 
8675 460 220 4470 
8676 220 1524 4470 
8677 1524 460 4470 
8678 116 431 4471 
8679 431 1525 4471 
8680 1525 116 4471 
8681 431 558 4472 
8682 558 1525 4472 
8683 1525 431 4472 
8684 558 116 4473 
8685 116 1525 4473 
8686 1525 558 4473 
8687 347 120 4474 
8688 120 1526 4474 
8689 1526 347 4474 
8690 120 568 4475 
8691 568 1526 4475 
8692 1526 120 4475 
8693 568 347 4476 
8694 347 1526 4476 
8695 1526 568 4476 
8696 168 358 4477 
8697 358 1527 4477 
8698 1527 168 4477 
8699 358 558 4478 
8700 558 1527 4478 
8701 1527 358 4478 
8702 558 168 4479 
8703 168 1527 4479 
8704 1527 558 4479 
8705 184 382 4480 
8706 382 1528 4480 
8707 1528 184 4480 
8708 382 471 4481 
8709 471 1528 4481 
8710 1528 382 4481 
8711 471 184 4482 
8712 184 1528 4482 
8713 1528 471 4482 
8714 368 192 4483 
8715 192 1529 4483 
8716 1529 368 4483 
8717 192 557 4484 
8718 557 1529 4484 
8719 1529 192 4484 
8720 557 368 4485 
8721 368 1529 4485 
8722 1529 557 4485 
8723 222 359 4486 
8724 359 1530 4486 
8725 1530 222 4486 
8726 359 498 4487 
8727 498 1530 4487 
8728 1530 359 4487 
8729 498 222 4488 
8730 222 1530 4488 
8731 1530 498 4488 
8732 223 364 4489 
8733 364 1531 4489 
8734 1531 223 4489 
8735 364 496 4490 
8736 496 1531 4490 
8737 1531 364 4490 
8738 496 223 4491 
8739 223 1531 4491 
8740 1531 496 4491 
8741 358 225 4492 
8742 225 1532 4492 
8743 1532 358 4492 
8744 225 509 4493 
8745 509 1532 4493 
8746 1532 225 4493 
8747 509 358 4494 
8748 358 1532 4494 
8749 1532 509 4494 
8750 203 443 4495 
8751 443 1533 4495 
8752 1533 203 4495 
8753 443 544 4496 
8754 544 1533 4496 
8755 1533 443 4496 
8756 544 203 4497 
8757 203 1533 4497 
8758 1533 544 4497 
8759 4 363 4498 
8760 363 1534 4498 
8761 1534 4 4498 
8762 363 550 4499 
8763 550 1534 4499 
8764 1534 363 4499 
8765 550 4 4500 
8766 4 1534 4500 
8767 1534 550 4500 
8768 363 244 4501 
8769 244 1535 4501 
8770 1535 363 4501 
8771 244 550 4502 
8772 550 1535 4502 
8773 1535 244 4502 
8774 550 363 4503 
8775 363 1535 4503 
8776 1535 550 4503 
8777 129 400 4504 
8778 400 1536 4504 
8779 1536 129 4504 
8780 400 454 4505 
8781 454 1536 4505 
8782 1536 400 4505 
8783 454 129 4506 
8784 129 1536 4506 
8785 1536 454 4506 
8786 400 235 4507 
8787 235 1537 4507 
8788 1537 400 4507 
8789 235 454 4508 
8790 454 1537 4508 
8791 1537 235 4508 
8792 454 400 4509 
8793 400 1537 4509 
8794 1537 454 4509 
8795 127 399 4510 
8796 399 1538 4510 
8797 1538 127 4510 
8798 399 455 4511 
8799 455 1538 4511 
8800 1538 399 4511 
8801 455 127 4512 
8802 127 1538 4512 
8803 1538 455 4512 
8804 399 236 4513 
8805 236 1539 4513 
8806 1539 399 4513 
8807 236 455 4514 
8808 455 1539 4514 
8809 1539 236 4514 
8810 455 399 4515 
8811 399 1539 4515 
8812 1539 455 4515 
8813 502 202 4516 
8814 202 1540 4516 
8815 1540 502 4516 
8816 202 534 4517 
8817 534 1540 4517 
8818 1540 202 4517 
8819 534 502 4518 
8820 502 1540 4518 
8821 1540 534 4518 
8822 336 422 4519 
8823 422 1541 4519 
8824 1541 336 4519 
8825 422 534 4520 
8826 534 1541 4520 
8827 1541 422 4520 
8828 534 336 4521 
8829 336 1541 4521 
8830 1541 534 4521 
8831 523 211 4522 
8832 211 1542 4522 
8833 1542 523 4522 
8834 211 562 4523 
8835 562 1542 4523 
8836 1542 211 4523 
8837 562 523 4524 
8838 523 1542 4524 
8839 1542 562 4524 
8840 54 361 4525 
8841 361 1543 4525 
8842 1543 54 4525 
8843 361 561 4526 
8844 561 1543 4526 
8845 1543 361 4526 
8846 561 54 4527 
8847 54 1543 4527 
8848 1543 561 4527 
8849 365 40 4528 
8850 40 1544 4528 
8851 1544 365 4528 
8852 40 565 4529 
8853 565 1544 4529 
8854 1544 40 4529 
8855 565 365 4530 
8856 365 1544 4530 
8857 1544 565 4530 
8858 445 216 4531 
8859 216 1545 4531 
8860 1545 445 4531 
8861 216 548 4532 
8862 548 1545 4532 
8863 1545 216 4532 
8864 548 445 4533 
8865 445 1545 4533 
8866 1545 548 4533 
8867 563 124 4534 
8868 124 1546 4534 
8869 1546 563 4534 
8870 124 569 4535 
8871 569 1546 4535 
8872 1546 124 4535 
8873 569 563 4536 
8874 563 1546 4536 
8875 1546 569 4536 
8876 372 207 4537 
8877 207 1547 4537 
8878 1547 372 4537 
8879 207 546 4538 
8880 546 1547 4538 
8881 1547 207 4538 
8882 546 372 4539 
8883 372 1547 4539 
8884 1547 546 4539 
8885 407 240 4540 
8886 240 1548 4540 
8887 1548 407 4540 
8888 240 473 4541 
8889 473 1548 4541 
8890 1548 240 4541 
8891 473 407 4542 
8892 407 1548 4542 
8893 1548 473 4542 
8894 186 430 4543 
8895 430 1549 4543 
8896 1549 186 4543 
8897 430 451 4544 
8898 451 1549 4544 
8899 1549 430 4544 
8900 451 186 4545 
8901 186 1549 4545 
8902 1549 451 4545 
8903 197 495 4546 
8904 495 1550 4546 
8905 1550 197 4546 
8906 495 531 4547 
8907 531 1550 4547 
8908 1550 495 4547 
8909 531 197 4548 
8910 197 1550 4548 
8911 1550 531 4548 
8912 406 188 4549 
8913 188 1551 4549 
8914 1551 406 4549 
8915 188 472 4550 
8916 472 1551 4550 
8917 1551 188 4550 
8918 472 406 4551 
8919 406 1551 4551 
8920 1551 472 4551 
8921 448 137 4552 
8922 137 1552 4552 
8923 1552 448 4552 
8924 137 528 4553 
8925 528 1552 4553 
8926 1552 137 4553 
8927 528 448 4554 
8928 448 1552 4554 
8929 1552 528 4554 
8930 413 193 4555 
8931 193 1553 4555 
8932 1553 413 4555 
8933 193 447 4556 
8934 447 1553 4556 
8935 1553 193 4556 
8936 447 413 4557 
8937 413 1553 4557 
8938 1553 447 4557 
8939 446 124 4558 
8940 124 1554 4558 
8941 1554 446 4558 
8942 124 563 4559 
8943 563 1554 4559 
8944 1554 124 4559 
8945 563 446 4560 
8946 446 1554 4560 
8947 1554 563 4560 
8948 207 404 4561 
8949 404 1555 4561 
8950 1555 207 4561 
8951 404 456 4562 
8952 456 1555 4562 
8953 1555 404 4562 
8954 456 207 4563 
8955 207 1555 4563 
8956 1555 456 4563 
8957 481 198 4564 
8958 198 1556 4564 
8959 1556 481 4564 
8960 198 540 4565 
8961 540 1556 4565 
8962 1556 198 4565 
8963 540 481 4566 
8964 481 1556 4566 
8965 1556 540 4566 
8966 109 413 4567 
8967 413 1557 4567 
8968 1557 109 4567 
8969 413 447 4568 
8970 447 1557 4568 
8971 1557 413 4568 
8972 447 109 4569 
8973 109 1557 4569 
8974 1557 447 4569 
8975 208 405 4570 
8976 405 1558 4570 
8977 1558 208 4570 
8978 405 462 4571 
8979 462 1558 4571 
8980 1558 405 4571 
8981 462 208 4572 
8982 208 1558 4572 
8983 1558 462 4572 
8984 243 429 4573 
8985 429 1559 4573 
8986 1559 243 4573 
8987 429 549 4574 
8988 549 1559 4574 
8989 1559 429 4574 
8990 549 243 4575 
8991 243 1559 4575 
8992 1559 549 4575 
8993 395 126 4576 
8994 126 1560 4576 
8995 1560 395 4576 
8996 126 567 4577 
8997 567 1560 4577 
8998 1560 126 4577 
8999 567 395 4578 
9000 395 1560 4578 
9001 1560 567 4578 
9002 188 420 4579 
9003 420 1561 4579 
9004 1561 188 4579 
9005 420 472 4580 
9006 472 1561 4580 
9007 1561 420 4580 
9008 472 188 4581 
9009 188 1561 4581 
9010 1561 472 4581 
9011 124 407 4582 
9012 407 1562 4582 
9013 1562 124 4582 
9014 407 473 4583 
9015 473 1562 4583 
9016 1562 407 4583 
9017 473 124 4584 
9018 124 1562 4584 
9019 1562 473 4584 
9020 193 413 4585 
9021 413 1563 4585 
9022 1563 193 4585 
9023 413 525 4586 
9024 525 1563 4586 
9025 1563 413 4586 
9026 525 193 4587 
9027 193 1563 4587 
9028 1563 525 4587 
9029 430 273 4588 
9030 273 1564 4588 
9031 1564 430 4588 
9032 273 451 4589 
9033 451 1564 4589 
9034 1564 273 4589 
9035 451 430 4590 
9036 430 1564 4590 
9037 1564 451 4590 
9038 414 196 4591 
9039 196 1565 4591 
9040 1565 414 4591 
9041 196 530 4592 
9042 530 1565 4592 
9043 1565 196 4592 
9044 530 414 4593 
9045 414 1565 4593 
9046 1565 530 4593 
9047 411 194 4594 
9048 194 1566 4594 
9049 1566 411 4594 
9050 194 533 4595 
9051 533 1566 4595 
9052 1566 194 4595 
9053 533 411 4596 
9054 411 1566 4596 
9055 1566 533 4596 
9056 497 308 4597 
9057 308 1567 4597 
9058 1567 497 4597 
9059 308 547 4598 
9060 547 1567 4598 
9061 1567 308 4598 
9062 547 497 4599 
9063 497 1567 4599 
9064 1567 547 4599 
9065 205 457 4600 
9066 457 1568 4600 
9067 1568 205 4600 
9068 457 555 4601 
9069 555 1568 4601 
9070 1568 457 4601 
9071 555 205 4602 
9072 205 1568 4602 
9073 1568 555 4602 
9074 167 464 4603 
9075 464 1569 4603 
9076 1569 167 4603 
9077 464 554 4604 
9078 554 1569 4604 
9079 1569 464 4604 
9080 554 167 4605 
9081 167 1569 4605 
9082 1569 554 4605 
9083 464 237 4606 
9084 237 1570 4606 
9085 1570 464 4606 
9086 237 554 4607 
9087 554 1570 4607 
9088 1570 237 4607 
9089 554 464 4608 
9090 464 1570 4608 
9091 1570 554 4608 
9092 130 398 4609 
9093 398 1571 4609 
9094 1571 130 4609 
9095 398 560 4610 
9096 560 1571 4610 
9097 1571 398 4610 
9098 560 130 4611 
9099 130 1571 4611 
9100 1571 560 4611 
9101 412 195 4612 
9102 195 1572 4612 
9103 1572 412 4612 
9104 195 542 4613 
9105 542 1572 4613 
9106 1572 195 4613 
9107 542 412 4614 
9108 412 1572 4614 
9109 1572 542 4614 
9110 216 445 4615 
9111 445 1573 4615 
9112 1573 216 4615 
9113 445 567 4616 
9114 567 1573 4616 
9115 1573 445 4616 
9116 567 216 4617 
9117 216 1573 4617 
9118 1573 567 4617 
9119 293 416 4618 
9120 416 1574 4618 
9121 1574 293 4618 
9122 416 528 4619 
9123 528 1574 4619 
9124 1574 416 4619 
9125 528 293 4620 
9126 293 1574 4620 
9127 1574 528 4620 
9128 403 115 4621 
9129 115 1575 4621 
9130 1575 403 4621 
9131 115 548 4622 
9132 548 1575 4622 
9133 1575 115 4622 
9134 548 403 4623 
9135 403 1575 4623 
9136 1575 548 4623 
9137 548 216 4624 
9138 216 1576 4624 
9139 1576 548 4624 
9140 216 549 4625 
9141 549 1576 4625 
9142 1576 216 4625 
9143 549 548 4626 
9144 548 1576 4626 
9145 1576 549 4626 
9146 402 131 4627 
9147 131 1577 4627 
9148 1577 402 4627 
9149 131 562 4628 
9150 562 1577 4628 
9151 1577 131 4628 
9152 562 402 4629 
9153 402 1577 4629 
9154 1577 562 4629 
9155 416 214 4630 
9156 214 1578 4630 
9157 1578 416 4630 
9158 214 528 4631 
9159 528 1578 4631 
9160 1578 214 4631 
9161 528 416 4632 
9162 416 1578 4632 
9163 1578 528 4632 
9164 527 3 4633 
9165 3 1579 4633 
9166 1579 527 4633 
9167 3 550 4634 
9168 550 1579 4634 
9169 1579 3 4634 
9170 550 527 4635 
9171 527 1579 4635 
9172 1579 550 4635 
9173 244 527 4636 
9174 527 1580 4636 
9175 1580 244 4636 
9176 527 550 4637 
9177 550 1580 4637 
9178 1580 527 4637 
9179 550 244 4638 
9180 244 1580 4638 
9181 1580 550 4638 
9182 437 243 4639 
9183 243 1581 4639 
9184 1581 437 4639 
9185 243 511 4640 
9186 511 1581 4640 
9187 1581 243 4640 
9188 511 437 4641 
9189 437 1581 4641 
9190 1581 511 4641 
9191 126 437 4642 
9192 437 1582 4642 
9193 1582 126 4642 
9194 437 511 4643 
9195 511 1582 4643 
9196 1582 437 4643 
9197 511 126 4644 
9198 126 1582 4644 
9199 1582 511 4644 
9200 510 319 4645 
9201 319 1583 4645 
9202 1583 510 4645 
9203 319 545 4646 
9204 545 1583 4646 
9205 1583 319 4646 
9206 545 510 4647 
9207 510 1583 4647 
9208 1583 545 4647 
9209 123 474 4648 
9210 474 1584 4648 
9211 1584 123 4648 
9212 474 479 4649 
9213 479 1584 4649 
9214 1584 474 4649 
9215 479 123 4650 
9216 123 1584 4650 
9217 1584 479 4650 
9218 474 242 4651 
9219 242 1585 4651 
9220 1585 474 4651 
9221 242 479 4652 
9222 479 1585 4652 
9223 1585 242 4652 
9224 479 474 4653 
9225 474 1585 4653 
9226 1585 479 4653 
9227 421 209 4654 
9228 209 1586 4654 
9229 1586 421 4654 
9230 209 535 4655 
9231 535 1586 4655 
9232 1586 209 4655 
9233 535 421 4656 
9234 421 1586 4656 
9235 1586 535 4656 
9236 282 421 4657 
9237 421 1587 4657 
9238 1587 282 4657 
9239 421 535 4658 
9240 535 1587 4658 
9241 1587 421 4658 
9242 535 282 4659 
9243 282 1587 4659 
9244 1587 535 4659 
9245 422 104 4660 
9246 104 1588 4660 
9247 1588 422 4660 
9248 104 534 4661 
9249 534 1588 4661 
9250 1588 104 4661 
9251 534 422 4662 
9252 422 1588 4662 
9253 1588 534 4662 
9254 513 14 4663 
9255 14 1589 4663 
9256 1589 513 4663 
9257 14 559 4664 
9258 559 1589 4664 
9259 1589 14 4664 
9260 559 513 4665 
9261 513 1589 4665 
9262 1589 559 4665 
9263 514 69 4666 
9264 69 1590 4666 
9265 1590 514 4666 
9266 69 556 4667 
9267 556 1590 4667 
9268 1590 69 4667 
9269 556 514 4668 
9270 514 1590 4668 
9271 1590 556 4668 
9272 475 125 4669 
9273 125 1591 4669 
9274 1591 475 4669 
9275 125 505 4670 
9276 505 1591 4670 
9277 1591 125 4670 
9278 505 475 4671 
9279 475 1591 4671 
9280 1591 505 4671 
9281 239 475 4672 
9282 475 1592 4672 
9283 1592 239 4672 
9284 475 505 4673 
9285 505 1592 4673 
9286 1592 475 4673 
9287 505 239 4674 
9288 239 1592 4674 
9289 1592 505 4674 
9290 476 122 4675 
9291 122 1593 4675 
9292 1593 476 4675 
9293 122 512 4676 
9294 512 1593 4676 
9295 1593 122 4676 
9296 512 476 4677 
9297 476 1593 4677 
9298 1593 512 4677 
9299 238 476 4678 
9300 476 1594 4678 
9301 1594 238 4678 
9302 476 512 4679 
9303 512 1594 4679 
9304 1594 476 4679 
9305 512 238 4680 
9306 238 1594 4680 
9307 1594 512 4680 
9308 423 218 4681 
9309 218 1595 4681 
9310 1595 423 4681 
9311 218 553 4682 
9312 553 1595 4682 
9313 1595 218 4682 
9314 553 423 4683 
9315 423 1595 4683 
9316 1595 553 4683 
9317 287 423 4684 
9318 423 1596 4684 
9319 1596 287 4684 
9320 423 553 4685 
9321 553 1596 4685 
9322 1596 423 4685 
9323 553 287 4686 
9324 287 1596 4686 
9325 1596 553 4686 
9326 429 182 4687 
9327 182 1597 4687 
9328 1597 429 4687 
9329 182 549 4688 
9330 549 1597 4688 
9331 1597 182 4688 
9332 549 429 4689 
9333 429 1597 4689 
9334 1597 549 4689 
9335 227 563 4690 
9336 563 1598 4690 
9337 1598 227 4690 
9338 563 569 4691 
9339 569 1598 4691 
9340 1598 563 4691 
9341 569 227 4692 
9342 227 1598 4692 
9343 1598 569 4692 
9344 461 135 4693 
9345 135 1599 4693 
9346 1599 461 4693 
9347 135 535 4694 
9348 535 1599 4694 
9349 1599 135 4694 
9350 535 461 4695 
9351 461 1599 4695 
9352 1599 535 4695 
9353 254 427 4696 
9354 427 1600 4696 
9355 1600 254 4696 
9356 427 557 4697 
9357 557 1600 4697 
9358 1600 427 4697 
9359 557 254 4698 
9360 254 1600 4698 
9361 1600 557 4698 
9362 431 290 4699 
9363 290 1601 4699 
9364 1601 431 4699 
9365 290 558 4700 
9366 558 1601 4700 
9367 1601 290 4700 
9368 558 431 4701 
9369 431 1601 4701 
9370 1601 558 4701 
9371 126 511 4702 
9372 511 1602 4702 
9373 1602 126 4702 
9374 511 567 4703 
9375 567 1602 4703 
9376 1602 511 4703 
9377 567 126 4704 
9378 126 1602 4704 
9379 1602 567 4704 
9380 209 461 4705 
9381 461 1603 4705 
9382 1603 209 4705 
9383 461 535 4706 
9384 535 1603 4706 
9385 1603 461 4706 
9386 535 209 4707 
9387 209 1603 4707 
9388 1603 535 4707 
9389 482 136 4708 
9390 136 1604 4708 
9391 1604 482 4708 
9392 136 553 4709 
9393 553 1604 4709 
9394 1604 136 4709 
9395 553 482 4710 
9396 482 1604 4710 
9397 1604 553 4710 
9398 195 446 4711 
9399 446 1605 4711 
9400 1605 195 4711 
9401 446 563 4712 
9402 563 1605 4712 
9403 1605 446 4712 
9404 563 195 4713 
9405 195 1605 4713 
9406 1605 563 4713 
9407 218 482 4714 
9408 482 1606 4714 
9409 1606 218 4714 
9410 482 553 4715 
9411 553 1606 4715 
9412 1606 482 4715 
9413 553 218 4716 
9414 218 1606 4716 
9415 1606 553 4716 
9416 201 497 4717 
9417 497 1607 4717 
9418 1607 201 4717 
9419 497 547 4718 
9420 547 1607 4718 
9421 1607 497 4718 
9422 547 201 4719 
9423 201 1607 4719 
9424 1607 547 4719 
9425 200 510 4720 
9426 510 1608 4720 
9427 1608 200 4720 
9428 510 545 4721 
9429 545 1608 4721 
9430 1608 510 4721 
9431 545 200 4722 
9432 200 1608 4722 
9433 1608 545 4722 
9434 212 514 4723 
9435 514 1609 4723 
9436 1609 212 4723 
9437 514 556 4724 
9438 556 1609 4724 
9439 1609 514 4724 
9440 556 212 4725 
9441 212 1609 4725 
9442 1609 556 4725 
9443 210 513 4726 
9444 513 1610 4726 
9445 1610 210 4726 
9446 513 559 4727 
9447 559 1610 4727 
9448 1610 513 4727 
9449 559 210 4728 
9450 210 1610 4728 
9451 1610 559 4728 
9452 511 216 4729 
9453 216 1611 4729 
9454 1611 511 4729 
9455 216 567 4730 
9456 567 1611 4730 
9457 1611 216 4730 
9458 567 511 4731 
9459 511 1611 4731 
9460 1611 567 4731 
$EndElements
