$MeshFormat
4.1 0 8
$EndMeshFormat
$PhysicalNames
6
1 1 "Left"
1 2 "Right"
1 3 "Bottom"
1 4 "Top"
1 6 "Airfoil"
2 5 "Fluid"
$EndPhysicalNames
$Entities
0 7 1 0
1 0 0 0 40 0 0 1 3 0 
2 40 0 0 40 10 0 1 2 0 
3 0 10 0 40 10 0 1 4 0 
4 0 0 0 0 10 0 1 1 0 
1001 8.5 5 0 9 5.5 0 1 6 0 
1002 8 5 0 8.5 5.5 0 1 6 0 
1003 8 4.5 0 8.5 5 0 1 6 0 
3001 0 0 0 40 10 0 1 5 0 
$EndEntities
$Nodes
8 8840 1 8840
1 1 0 81
1
2
3
4
5
6
7
8
9
10
11
12
13
14
15
16
17
18
19
20
21
22
23
24
25
26
27
28
29
30
31
32
33
34
35
36
37
38
39
40
41
42
43
44
45
46
47
48
49
50
51
52
53
54
55
56
57
58
59
60
61
62
63
64
65
66
67
68
69
70
71
72
73
74
75
76
77
78
79
80
81
0 0 0
40 0 0
0.4999999999996337 0 0
0.999999999999276 0 0
1.499999999998788 0 0
1.999999999998205 0 0
2.499999999997804 0 0
2.999999999997454 0 0
3.499999999997106 0 0
3.999999999996757 0 0
4.499999999996408 0 0
4.999999999995886 0 0
5.4999999999946 0 0
5.999999999993141 0 0
6.499999999991682 0 0
6.999999999990224 0 0
7.499999999988765 0 0
7.999999999987307 0 0
8.499999999985848 0 0
8.999999999984389 0 0
9.499999999982933 0 0
9.999999999981473 0 0
10.49999999998001 0 0
10.99999999997856 0 0
11.4999999999771 0 0
11.99999999997564 0 0
12.49999999997418 0 0
12.99999999997272 0 0
13.49999999997126 0 0
13.9999999999698 0 0
14.49999999996835 0 0
14.99999999996689 0 0
15.49999999996543 0 0
15.99999999996411 0 0
16.49999999996431 0 0
16.99999999996507 0 0
17.49999999996584 0 0
17.9999999999666 0 0
18.49999999996736 0 0
18.99999999996812 0 0
19.49999999996888 0 0
19.99999999996964 0 0
20.49999999997041 0 0
20.99999999997116 0 0
21.49999999997193 0 0
21.99999999997269 0 0
22.49999999997345 0 0
22.99999999997421 0 0
23.49999999997497 0 0
23.99999999997573 0 0
24.49999999997649 0 0
24.99999999997726 0 0
25.49999999997802 0 0
25.99999999997878 0 0
26.49999999997954 0 0
26.9999999999803 0 0
27.49999999998106 0 0
27.99999999998182 0 0
28.49999999998258 0 0
28.99999999998334 0 0
29.49999999998411 0 0
29.99999999998487 0 0
30.49999999998563 0 0
30.99999999998639 0 0
31.49999999998715 0 0
31.99999999998791 0 0
32.49999999998867 0 0
32.99999999998942 0 0
33.49999999999018 0 0
33.99999999999093 0 0
34.49999999999169 0 0
34.99999999999245 0 0
35.49999999999321 0 0
35.99999999999396 0 0
36.49999999999471 0 0
36.99999999999547 0 0
37.49999999999622 0 0
37.99999999999698 0 0
38.49999999999773 0 0
38.99999999999849 0 0
39.49999999999925 0 0
1 2 0 20
82
83
84
85
86
87
88
89
90
91
92
93
94
95
96
97
98
99
100
101
40 10 0
40 0.4999999999995512 0
40 0.9999999999991893 0
40 1.499999999998285 0
40 1.999999999996827 0
40 2.499999999995368 0
40 2.99999999999391 0
40 3.499999999992451 0
40 3.999999999991027 0
40 4.499999999991649 0
40 4.999999999992411 0
40 5.499999999993172 0
40 5.999999999993932 0
40 6.499999999994694 0
40 6.999999999995455 0
40 7.499999999996216 0
40 7.999999999996978 0
40 8.499999999997733 0
40 8.99999999999849 0
40 9.499999999999245 0
1 3 0 80
102
103
104
105
106
107
108
109
110
111
112
113
114
115
116
117
118
119
120
121
122
123
124
125
126
127
128
129
130
131
132
133
134
135
136
137
138
139
140
141
142
143
144
145
146
147
148
149
150
151
152
153
154
155
156
157
158
159
160
161
162
163
164
165
166
167
168
169
170
171
172
173
174
175
176
177
178
179
180
181
0 10 0
39.5 10 0
39 10 0
38.5 10 0
37.99999999999999 10 0
37.49999999999999 10 0
36.99999999999999 10 0
36.49999999999999 10 0
35.99999999999999 10 0
35.49999999999999 10 0
34.99999999999999 10 0
34.49999999999999 10 0
33.99999999999999 10 0
33.49999999999999 10 0
32.99999999999999 10 0
32.49999999999999 10 0
31.99999999999998 10 0
31.49999999999998 10 0
30.99999999999998 10 0
30.49999999999998 10 0
29.99999999999998 10 0
29.49999999999998 10 0
28.99999999999998 10 0
28.49999999999998 10 0
27.99999999999998 10 0
27.49999999999997 10 0
26.99999999999997 10 0
26.49999999999997 10 0
25.99999999999997 10 0
25.49999999999997 10 0
24.99999999999997 10 0
24.49999999999997 10 0
23.99999999999996 10 0
23.49999999999996 10 0
22.99999999999996 10 0
22.49999999999996 10 0
21.99999999999996 10 0
21.49999999999996 10 0
20.99999999999996 10 0
20.49999999999996 10 0
19.99999999999996 10 0
19.49999999999996 10 0
18.99999999999996 10 0
18.49999999999995 10 0
17.99999999999995 10 0
17.49999999999996 10 0
16.99999999999995 10 0
16.49999999999995 10 0
15.99999999999995 10 0
15.49999999999994 10 0
14.99999999999995 10 0
14.49999999999995 10 0
13.99999999999995 10 0
13.49999999999994 10 0
12.99999999999994 10 0
12.49999999999994 10 0
11.99999999999994 10 0
11.49999999999994 10 0
10.99999999999994 10 0
10.49999999999994 10 0
9.999999999999936 10 0
9.499999999999936 10 0
8.999999999999936 10 0
8.499999999999936 10 0
7.999999999999929 10 0
7.499999999999929 10 0
6.999999999999936 10 0
6.499999999999943 10 0
5.99999999999995 10 0
5.499999999999957 10 0
4.999999999999957 10 0
4.499999999999957 10 0
3.999999999999964 10 0
3.499999999999964 10 0
2.999999999999972 10 0
2.499999999999979 10 0
1.999999999999986 10 0
1.499999999999993 10 0
0.9999999999999858 10 0
0.4999999999999929 10 0
1 4 0 19
182
183
184
185
186
187
188
189
190
191
192
193
194
195
196
197
198
199
200
0 9.499999999999998 0
0 8.999999999999998 0
0 8.499999999999996 0
0 7.999999999999996 0
0 7.499999999999995 0
0 6.999999999999994 0
0 6.499999999999993 0
0 5.999999999999991 0
0 5.49999999999999 0
0 4.999999999999989 0
0 4.499999999999988 0
0 3.999999999999988 0
0 3.499999999999987 0
0 2.999999999999985 0
0 2.499999999999984 0
0 1.999999999999982 0
0 1.499999999999988 0
0 0.9999999999999911 0
0 0.4999999999999964 0
1 1001 0 9
201
202
203
204
205
206
207
208
209
9 5 0
8.5 5.5 0
8.990392640171279 5.097545161160569 0
8.961939765796487 5.191341717291047 0
8.91573480553398 5.277785117433647 0
8.853553389370235 5.353553391816312 0
8.777785114773637 5.41573480731134 0
8.691341714462293 5.461939766968195 0
8.597545159812688 5.49039264043939 0
1 1002 0 8
210
211
212
213
214
215
216
217
8 5 0
8.402454839516443 5.490392640305946 0
8.308658284690194 5.461939766617144 0
8.222214883486348 5.415734806148699 0
8.146446608793019 5.353553389979567 0
8.084265193196556 5.277785115533757 0
8.038060233309031 5.191341715131573 0
8.009607359615625 5.097545160089271 0
1 1003 0 8
218
219
220
221
222
223
224
225
8.5 4.5 0
8.009607359828721 4.902454838839431 0
8.038060234203513 4.808658282708953 0
8.08426519446602 4.722214882566353 0
8.146446610629765 4.646446608183688 0
8.222214885226363 4.58426519268866 0
8.308658285537707 4.538060233031805 0
8.402454840187312 4.50960735956061 0
2 3001 0 8615
226
227
228
229
230
231
232
233
234
235
236
237
238
239
240
241
242
243
244
245
246
247
248
249
250
251
252
253
254
255
256
257
258
259
260
261
262
263
264
265
266
267
268
269
270
271
272
273
274
275
276
277
278
279
280
281
282
283
284
285
286
287
288
289
290
291
292
293
294
295
296
297
298
299
300
301
302
303
304
305
306
307
308
309
310
311
312
313
314
315
316
317
318
319
320
321
322
323
324
325
326
327
328
329
330
331
332
333
334
335
336
337
338
339
340
341
342
343
344
345
346
347
348
349
350
351
352
353
354
355
356
357
358
359
360
361
362
363
364
365
366
367
368
369
370
371
372
373
374
375
376
377
378
379
380
381
382
383
384
385
386
387
388
389
390
391
392
393
394
395
396
397
398
399
400
401
402
403
404
405
406
407
408
409
410
411
412
413
414
415
416
417
418
419
420
421
422
423
424
425
426
427
428
429
430
431
432
433
434
435
436
437
438
439
440
441
442
443
444
445
446
447
448
449
450
451
452
453
454
455
456
457
458
459
460
461
462
463
464
465
466
467
468
469
470
471
472
473
474
475
476
477
478
479
480
481
482
483
484
485
486
487
488
489
490
491
492
493
494
495
496
497
498
499
500
501
502
503
504
505
506
507
508
509
510
511
512
513
514
515
516
517
518
519
520
521
522
523
524
525
526
527
528
529
530
531
532
533
534
535
536
537
538
539
540
541
542
543
544
545
546
547
548
549
550
551
552
553
554
555
556
557
558
559
560
561
562
563
564
565
566
567
568
569
570
571
572
573
574
575
576
577
578
579
580
581
582
583
584
585
586
587
588
589
590
591
592
593
594
595
596
597
598
599
600
601
602
603
604
605
606
607
608
609
610
611
612
613
614
615
616
617
618
619
620
621
622
623
624
625
626
627
628
629
630
631
632
633
634
635
636
637
638
639
640
641
642
643
644
645
646
647
648
649
650
651
652
653
654
655
656
657
658
659
660
661
662
663
664
665
666
667
668
669
670
671
672
673
674
675
676
677
678
679
680
681
682
683
684
685
686
687
688
689
690
691
692
693
694
695
696
697
698
699
700
701
702
703
704
705
706
707
708
709
710
711
712
713
714
715
716
717
718
719
720
721
722
723
724
725
726
727
728
729
730
731
732
733
734
735
736
737
738
739
740
741
742
743
744
745
746
747
748
749
750
751
752
753
754
755
756
757
758
759
760
761
762
763
764
765
766
767
768
769
770
771
772
773
774
775
776
777
778
779
780
781
782
783
784
785
786
787
788
789
790
791
792
793
794
795
796
797
798
799
800
801
802
803
804
805
806
807
808
809
810
811
812
813
814
815
816
817
818
819
820
821
822
823
824
825
826
827
828
829
830
831
832
833
834
835
836
837
838
839
840
841
842
843
844
845
846
847
848
849
850
851
852
853
854
855
856
857
858
859
860
861
862
863
864
865
866
867
868
869
870
871
872
873
874
875
876
877
878
879
880
881
882
883
884
885
886
887
888
889
890
891
892
893
894
895
896
897
898
899
900
901
902
903
904
905
906
907
908
909
910
911
912
913
914
915
916
917
918
919
920
921
922
923
924
925
926
927
928
929
930
931
932
933
934
935
936
937
938
939
940
941
942
943
944
945
946
947
948
949
950
951
952
953
954
955
956
957
958
959
960
961
962
963
964
965
966
967
968
969
970
971
972
973
974
975
976
977
978
979
980
981
982
983
984
985
986
987
988
989
990
991
992
993
994
995
996
997
998
999
1000
1001
1002
1003
1004
1005
1006
1007
1008
1009
1010
1011
1012
1013
1014
1015
1016
1017
1018
1019
1020
1021
1022
1023
1024
1025
1026
1027
1028
1029
1030
1031
1032
1033
1034
1035
1036
1037
1038
1039
1040
1041
1042
1043
1044
1045
1046
1047
1048
1049
1050
1051
1052
1053
1054
1055
1056
1057
1058
1059
1060
1061
1062
1063
1064
1065
1066
1067
1068
1069
1070
1071
1072
1073
1074
1075
1076
1077
1078
1079
1080
1081
1082
1083
1084
1085
1086
1087
1088
1089
1090
1091
1092
1093
1094
1095
1096
1097
1098
1099
1100
1101
1102
1103
1104
1105
1106
1107
1108
1109
1110
1111
1112
1113
1114
1115
1116
1117
1118
1119
1120
1121
1122
1123
1124
1125
1126
1127
1128
1129
1130
1131
1132
1133
1134
1135
1136
1137
1138
1139
1140
1141
1142
1143
1144
1145
1146
1147
1148
1149
1150
1151
1152
1153
1154
1155
1156
1157
1158
1159
1160
1161
1162
1163
1164
1165
1166
1167
1168
1169
1170
1171
1172
1173
1174
1175
1176
1177
1178
1179
1180
1181
1182
1183
1184
1185
1186
1187
1188
1189
1190
1191
1192
1193
1194
1195
1196
1197
1198
1199
1200
1201
1202
1203
1204
1205
1206
1207
1208
1209
1210
1211
1212
1213
1214
1215
1216
1217
1218
1219
1220
1221
1222
1223
1224
1225
1226
1227
1228
1229
1230
1231
1232
1233
1234
1235
1236
1237
1238
1239
1240
1241
1242
1243
1244
1245
1246
1247
1248
1249
1250
1251
1252
1253
1254
1255
1256
1257
1258
1259
1260
1261
1262
1263
1264
1265
1266
1267
1268
1269
1270
1271
1272
1273
1274
1275
1276
1277
1278
1279
1280
1281
1282
1283
1284
1285
1286
1287
1288
1289
1290
1291
1292
1293
1294
1295
1296
1297
1298
1299
1300
1301
1302
1303
1304
1305
1306
1307
1308
1309
1310
1311
1312
1313
1314
1315
1316
1317
1318
1319
1320
1321
1322
1323
1324
1325
1326
1327
1328
1329
1330
1331
1332
1333
1334
1335
1336
1337
1338
1339
1340
1341
1342
1343
1344
1345
1346
1347
1348
1349
1350
1351
1352
1353
1354
1355
1356
1357
1358
1359
1360
1361
1362
1363
1364
1365
1366
1367
1368
1369
1370
1371
1372
1373
1374
1375
1376
1377
1378
1379
1380
1381
1382
1383
1384
1385
1386
1387
1388
1389
1390
1391
1392
1393
1394
1395
1396
1397
1398
1399
1400
1401
1402
1403
1404
1405
1406
1407
1408
1409
1410
1411
1412
1413
1414
1415
1416
1417
1418
1419
1420
1421
1422
1423
1424
1425
1426
1427
1428
1429
1430
1431
1432
1433
1434
1435
1436
1437
1438
1439
1440
1441
1442
1443
1444
1445
1446
1447
1448
1449
1450
1451
1452
1453
1454
1455
1456
1457
1458
1459
1460
1461
1462
1463
1464
1465
1466
1467
1468
1469
1470
1471
1472
1473
1474
1475
1476
1477
1478
1479
1480
1481
1482
1483
1484
1485
1486
1487
1488
1489
1490
1491
1492
1493
1494
1495
1496
1497
1498
1499
1500
1501
1502
1503
1504
1505
1506
1507
1508
1509
1510
1511
1512
1513
1514
1515
1516
1517
1518
1519
1520
1521
1522
1523
1524
1525
1526
1527
1528
1529
1530
1531
1532
1533
1534
1535
1536
1537
1538
1539
1540
1541
1542
1543
1544
1545
1546
1547
1548
1549
1550
1551
1552
1553
1554
1555
1556
1557
1558
1559
1560
1561
1562
1563
1564
1565
1566
1567
1568
1569
1570
1571
1572
1573
1574
1575
1576
1577
1578
1579
1580
1581
1582
1583
1584
1585
1586
1587
1588
1589
1590
1591
1592
1593
1594
1595
1596
1597
1598
1599
1600
1601
1602
1603
1604
1605
1606
1607
1608
1609
1610
1611
1612
1613
1614
1615
1616
1617
1618
1619
1620
1621
1622
1623
1624
1625
1626
1627
1628
1629
1630
1631
1632
1633
1634
1635
1636
1637
1638
1639
1640
1641
1642
1643
1644
1645
1646
1647
1648
1649
1650
1651
1652
1653
1654
1655
1656
1657
1658
1659
1660
1661
1662
1663
1664
1665
1666
1667
1668
1669
1670
1671
1672
1673
1674
1675
1676
1677
1678
1679
1680
1681
1682
1683
1684
1685
1686
1687
1688
1689
1690
1691
1692
1693
1694
1695
1696
1697
1698
1699
1700
1701
1702
1703
1704
1705
1706
1707
1708
1709
1710
1711
1712
1713
1714
1715
1716
1717
1718
1719
1720
1721
1722
1723
1724
1725
1726
1727
1728
1729
1730
1731
1732
1733
1734
1735
1736
1737
1738
1739
1740
1741
1742
1743
1744
1745
1746
1747
1748
1749
1750
1751
1752
1753
1754
1755
1756
1757
1758
1759
1760
1761
1762
1763
1764
1765
1766
1767
1768
1769
1770
1771
1772
1773
1774
1775
1776
1777
1778
1779
1780
1781
1782
1783
1784
1785
1786
1787
1788
1789
1790
1791
1792
1793
1794
1795
1796
1797
1798
1799
1800
1801
1802
1803
1804
1805
1806
1807
1808
1809
1810
1811
1812
1813
1814
1815
1816
1817
1818
1819
1820
1821
1822
1823
1824
1825
1826
1827
1828
1829
1830
1831
1832
1833
1834
1835
1836
1837
1838
1839
1840
1841
1842
1843
1844
1845
1846
1847
1848
1849
1850
1851
1852
1853
1854
1855
1856
1857
1858
1859
1860
1861
1862
1863
1864
1865
1866
1867
1868
1869
1870
1871
1872
1873
1874
1875
1876
1877
1878
1879
1880
1881
1882
1883
1884
1885
1886
1887
1888
1889
1890
1891
1892
1893
1894
1895
1896
1897
1898
1899
1900
1901
1902
1903
1904
1905
1906
1907
1908
1909
1910
1911
1912
1913
1914
1915
1916
1917
1918
1919
1920
1921
1922
1923
1924
1925
1926
1927
1928
1929
1930
1931
1932
1933
1934
1935
1936
1937
1938
1939
1940
1941
1942
1943
1944
1945
1946
1947
1948
1949
1950
1951
1952
1953
1954
1955
1956
1957
1958
1959
1960
1961
1962
1963
1964
1965
1966
1967
1968
1969
1970
1971
1972
1973
1974
1975
1976
1977
1978
1979
1980
1981
1982
1983
1984
1985
1986
1987
1988
1989
1990
1991
1992
1993
1994
1995
1996
1997
1998
1999
2000
2001
2002
2003
2004
2005
2006
2007
2008
2009
2010
2011
2012
2013
2014
2015
2016
2017
2018
2019
2020
2021
2022
2023
2024
2025
2026
2027
2028
2029
2030
2031
2032
2033
2034
2035
2036
2037
2038
2039
2040
2041
2042
2043
2044
2045
2046
2047
2048
2049
2050
2051
2052
2053
2054
2055
2056
2057
2058
2059
2060
2061
2062
2063
2064
2065
2066
2067
2068
2069
2070
2071
2072
2073
2074
2075
2076
2077
2078
2079
2080
2081
2082
2083
2084
2085
2086
2087
2088
2089
2090
2091
2092
2093
2094
2095
2096
2097
2098
2099
2100
2101
2102
2103
2104
2105
2106
2107
2108
2109
2110
2111
2112
2113
2114
2115
2116
2117
2118
2119
2120
2121
2122
2123
2124
2125
2126
2127
2128
2129
2130
2131
2132
2133
2134
2135
2136
2137
2138
2139
2140
2141
2142
2143
2144
2145
2146
2147
2148
2149
2150
2151
2152
2153
2154
2155
2156
2157
2158
2159
2160
2161
2162
2163
2164
2165
2166
2167
2168
2169
2170
2171
2172
2173
2174
2175
2176
2177
2178
2179
2180
2181
2182
2183
2184
2185
2186
2187
2188
2189
2190
2191
2192
2193
2194
2195
2196
2197
2198
2199
2200
2201
2202
2203
2204
2205
2206
2207
2208
2209
2210
2211
2212
2213
2214
2215
2216
2217
2218
2219
2220
2221
2222
2223
2224
2225
2226
2227
2228
2229
2230
2231
2232
2233
2234
2235
2236
2237
2238
2239
2240
2241
2242
2243
2244
2245
2246
2247
2248
2249
2250
2251
2252
2253
2254
2255
2256
2257
2258
2259
2260
2261
2262
2263
2264
2265
2266
2267
2268
2269
2270
2271
2272
2273
2274
2275
2276
2277
2278
2279
2280
2281
2282
2283
2284
2285
2286
2287
2288
2289
2290
2291
2292
2293
2294
2295
2296
2297
2298
2299
2300
2301
2302
2303
2304
2305
2306
2307
2308
2309
2310
2311
2312
2313
2314
2315
2316
2317
2318
2319
2320
2321
2322
2323
2324
2325
2326
2327
2328
2329
2330
2331
2332
2333
2334
2335
2336
2337
2338
2339
2340
2341
2342
2343
2344
2345
2346
2347
2348
2349
2350
2351
2352
2353
2354
2355
2356
2357
2358
2359
2360
2361
2362
2363
2364
2365
2366
2367
2368
2369
2370
2371
2372
2373
2374
2375
2376
2377
2378
2379
2380
2381
2382
2383
2384
2385
2386
2387
2388
2389
2390
2391
2392
2393
2394
2395
2396
2397
2398
2399
2400
2401
2402
2403
2404
2405
2406
2407
2408
2409
2410
2411
2412
2413
2414
2415
2416
2417
2418
2419
2420
2421
2422
2423
2424
2425
2426
2427
2428
2429
2430
2431
2432
2433
2434
2435
2436
2437
2438
2439
2440
2441
2442
2443
2444
2445
2446
2447
2448
2449
2450
2451
2452
2453
2454
2455
2456
2457
2458
2459
2460
2461
2462
2463
2464
2465
2466
2467
2468
2469
2470
2471
2472
2473
2474
2475
2476
2477
2478
2479
2480
2481
2482
2483
2484
2485
2486
2487
2488
2489
2490
2491
2492
2493
2494
2495
2496
2497
2498
2499
2500
2501
2502
2503
2504
2505
2506
2507
2508
2509
2510
2511
2512
2513
2514
2515
2516
2517
2518
2519
2520
2521
2522
2523
2524
2525
2526
2527
2528
2529
2530
2531
2532
2533
2534
2535
2536
2537
2538
2539
2540
2541
2542
2543
2544
2545
2546
2547
2548
2549
2550
2551
2552
2553
2554
2555
2556
2557
2558
2559
2560
2561
2562
2563
2564
2565
2566
2567
2568
2569
2570
2571
2572
2573
2574
2575
2576
2577
2578
2579
2580
2581
2582
2583
2584
2585
2586
2587
2588
2589
2590
2591
2592
2593
2594
2595
2596
2597
2598
2599
2600
2601
2602
2603
2604
2605
2606
2607
2608
2609
2610
2611
2612
2613
2614
2615
2616
2617
2618
2619
2620
2621
2622
2623
2624
2625
2626
2627
2628
2629
2630
2631
2632
2633
2634
2635
2636
2637
2638
2639
2640
2641
2642
2643
2644
2645
2646
2647
2648
2649
2650
2651
2652
2653
2654
2655
2656
2657
2658
2659
2660
2661
2662
2663
2664
2665
2666
2667
2668
2669
2670
2671
2672
2673
2674
2675
2676
2677
2678
2679
2680
2681
2682
2683
2684
2685
2686
2687
2688
2689
2690
2691
2692
2693
2694
2695
2696
2697
2698
2699
2700
2701
2702
2703
2704
2705
2706
2707
2708
2709
2710
2711
2712
2713
2714
2715
2716
2717
2718
2719
2720
2721
2722
2723
2724
2725
2726
2727
2728
2729
2730
2731
2732
2733
2734
2735
2736
2737
2738
2739
2740
2741
2742
2743
2744
2745
2746
2747
2748
2749
2750
2751
2752
2753
2754
2755
2756
2757
2758
2759
2760
2761
2762
2763
2764
2765
2766
2767
2768
2769
2770
2771
2772
2773
2774
2775
2776
2777
2778
2779
2780
2781
2782
2783
2784
2785
2786
2787
2788
2789
2790
2791
2792
2793
2794
2795
2796
2797
2798
2799
2800
2801
2802
2803
2804
2805
2806
2807
2808
2809
2810
2811
2812
2813
2814
2815
2816
2817
2818
2819
2820
2821
2822
2823
2824
2825
2826
2827
2828
2829
2830
2831
2832
2833
2834
2835
2836
2837
2838
2839
2840
2841
2842
2843
2844
2845
2846
2847
2848
2849
2850
2851
2852
2853
2854
2855
2856
2857
2858
2859
2860
2861
2862
2863
2864
2865
2866
2867
2868
2869
2870
2871
2872
2873
2874
2875
2876
2877
2878
2879
2880
2881
2882
2883
2884
2885
2886
2887
2888
2889
2890
2891
2892
2893
2894
2895
2896
2897
2898
2899
2900
2901
2902
2903
2904
2905
2906
2907
2908
2909
2910
2911
2912
2913
2914
2915
2916
2917
2918
2919
2920
2921
2922
2923
2924
2925
2926
2927
2928
2929
2930
2931
2932
2933
2934
2935
2936
2937
2938
2939
2940
2941
2942
2943
2944
2945
2946
2947
2948
2949
2950
2951
2952
2953
2954
2955
2956
2957
2958
2959
2960
2961
2962
2963
2964
2965
2966
2967
2968
2969
2970
2971
2972
2973
2974
2975
2976
2977
2978
2979
2980
2981
2982
2983
2984
2985
2986
2987
2988
2989
2990
2991
2992
2993
2994
2995
2996
2997
2998
2999
3000
3001
3002
3003
3004
3005
3006
3007
3008
3009
3010
3011
3012
3013
3014
3015
3016
3017
3018
3019
3020
3021
3022
3023
3024
3025
3026
3027
3028
3029
3030
3031
3032
3033
3034
3035
3036
3037
3038
3039
3040
3041
3042
3043
3044
3045
3046
3047
3048
3049
3050
3051
3052
3053
3054
3055
3056
3057
3058
3059
3060
3061
3062
3063
3064
3065
3066
3067
3068
3069
3070
3071
3072
3073
3074
3075
3076
3077
3078
3079
3080
3081
3082
3083
3084
3085
3086
3087
3088
3089
3090
3091
3092
3093
3094
3095
3096
3097
3098
3099
3100
3101
3102
3103
3104
3105
3106
3107
3108
3109
3110
3111
3112
3113
3114
3115
3116
3117
3118
3119
3120
3121
3122
3123
3124
3125
3126
3127
3128
3129
3130
3131
3132
3133
3134
3135
3136
3137
3138
3139
3140
3141
3142
3143
3144
3145
3146
3147
3148
3149
3150
3151
3152
3153
3154
3155
3156
3157
3158
3159
3160
3161
3162
3163
3164
3165
3166
3167
3168
3169
3170
3171
3172
3173
3174
3175
3176
3177
3178
3179
3180
3181
3182
3183
3184
3185
3186
3187
3188
3189
3190
3191
3192
3193
3194
3195
3196
3197
3198
3199
3200
3201
3202
3203
3204
3205
3206
3207
3208
3209
3210
3211
3212
3213
3214
3215
3216
3217
3218
3219
3220
3221
3222
3223
3224
3225
3226
3227
3228
3229
3230
3231
3232
3233
3234
3235
3236
3237
3238
3239
3240
3241
3242
3243
3244
3245
3246
3247
3248
3249
3250
3251
3252
3253
3254
3255
3256
3257
3258
3259
3260
3261
3262
3263
3264
3265
3266
3267
3268
3269
3270
3271
3272
3273
3274
3275
3276
3277
3278
3279
3280
3281
3282
3283
3284
3285
3286
3287
3288
3289
3290
3291
3292
3293
3294
3295
3296
3297
3298
3299
3300
3301
3302
3303
3304
3305
3306
3307
3308
3309
3310
3311
3312
3313
3314
3315
3316
3317
3318
3319
3320
3321
3322
3323
3324
3325
3326
3327
3328
3329
3330
3331
3332
3333
3334
3335
3336
3337
3338
3339
3340
3341
3342
3343
3344
3345
3346
3347
3348
3349
3350
3351
3352
3353
3354
3355
3356
3357
3358
3359
3360
3361
3362
3363
3364
3365
3366
3367
3368
3369
3370
3371
3372
3373
3374
3375
3376
3377
3378
3379
3380
3381
3382
3383
3384
3385
3386
3387
3388
3389
3390
3391
3392
3393
3394
3395
3396
3397
3398
3399
3400
3401
3402
3403
3404
3405
3406
3407
3408
3409
3410
3411
3412
3413
3414
3415
3416
3417
3418
3419
3420
3421
3422
3423
3424
3425
3426
3427
3428
3429
3430
3431
3432
3433
3434
3435
3436
3437
3438
3439
3440
3441
3442
3443
3444
3445
3446
3447
3448
3449
3450
3451
3452
3453
3454
3455
3456
3457
3458
3459
3460
3461
3462
3463
3464
3465
3466
3467
3468
3469
3470
3471
3472
3473
3474
3475
3476
3477
3478
3479
3480
3481
3482
3483
3484
3485
3486
3487
3488
3489
3490
3491
3492
3493
3494
3495
3496
3497
3498
3499
3500
3501
3502
3503
3504
3505
3506
3507
3508
3509
3510
3511
3512
3513
3514
3515
3516
3517
3518
3519
3520
3521
3522
3523
3524
3525
3526
3527
3528
3529
3530
3531
3532
3533
3534
3535
3536
3537
3538
3539
3540
3541
3542
3543
3544
3545
3546
3547
3548
3549
3550
3551
3552
3553
3554
3555
3556
3557
3558
3559
3560
3561
3562
3563
3564
3565
3566
3567
3568
3569
3570
3571
3572
3573
3574
3575
3576
3577
3578
3579
3580
3581
3582
3583
3584
3585
3586
3587
3588
3589
3590
3591
3592
3593
3594
3595
3596
3597
3598
3599
3600
3601
3602
3603
3604
3605
3606
3607
3608
3609
3610
3611
3612
3613
3614
3615
3616
3617
3618
3619
3620
3621
3622
3623
3624
3625
3626
3627
3628
3629
3630
3631
3632
3633
3634
3635
3636
3637
3638
3639
3640
3641
3642
3643
3644
3645
3646
3647
3648
3649
3650
3651
3652
3653
3654
3655
3656
3657
3658
3659
3660
3661
3662
3663
3664
3665
3666
3667
3668
3669
3670
3671
3672
3673
3674
3675
3676
3677
3678
3679
3680
3681
3682
3683
3684
3685
3686
3687
3688
3689
3690
3691
3692
3693
3694
3695
3696
3697
3698
3699
3700
3701
3702
3703
3704
3705
3706
3707
3708
3709
3710
3711
3712
3713
3714
3715
3716
3717
3718
3719
3720
3721
3722
3723
3724
3725
3726
3727
3728
3729
3730
3731
3732
3733
3734
3735
3736
3737
3738
3739
3740
3741
3742
3743
3744
3745
3746
3747
3748
3749
3750
3751
3752
3753
3754
3755
3756
3757
3758
3759
3760
3761
3762
3763
3764
3765
3766
3767
3768
3769
3770
3771
3772
3773
3774
3775
3776
3777
3778
3779
3780
3781
3782
3783
3784
3785
3786
3787
3788
3789
3790
3791
3792
3793
3794
3795
3796
3797
3798
3799
3800
3801
3802
3803
3804
3805
3806
3807
3808
3809
3810
3811
3812
3813
3814
3815
3816
3817
3818
3819
3820
3821
3822
3823
3824
3825
3826
3827
3828
3829
3830
3831
3832
3833
3834
3835
3836
3837
3838
3839
3840
3841
3842
3843
3844
3845
3846
3847
3848
3849
3850
3851
3852
3853
3854
3855
3856
3857
3858
3859
3860
3861
3862
3863
3864
3865
3866
3867
3868
3869
3870
3871
3872
3873
3874
3875
3876
3877
3878
3879
3880
3881
3882
3883
3884
3885
3886
3887
3888
3889
3890
3891
3892
3893
3894
3895
3896
3897
3898
3899
3900
3901
3902
3903
3904
3905
3906
3907
3908
3909
3910
3911
3912
3913
3914
3915
3916
3917
3918
3919
3920
3921
3922
3923
3924
3925
3926
3927
3928
3929
3930
3931
3932
3933
3934
3935
3936
3937
3938
3939
3940
3941
3942
3943
3944
3945
3946
3947
3948
3949
3950
3951
3952
3953
3954
3955
3956
3957
3958
3959
3960
3961
3962
3963
3964
3965
3966
3967
3968
3969
3970
3971
3972
3973
3974
3975
3976
3977
3978
3979
3980
3981
3982
3983
3984
3985
3986
3987
3988
3989
3990
3991
3992
3993
3994
3995
3996
3997
3998
3999
4000
4001
4002
4003
4004
4005
4006
4007
4008
4009
4010
4011
4012
4013
4014
4015
4016
4017
4018
4019
4020
4021
4022
4023
4024
4025
4026
4027
4028
4029
4030
4031
4032
4033
4034
4035
4036
4037
4038
4039
4040
4041
4042
4043
4044
4045
4046
4047
4048
4049
4050
4051
4052
4053
4054
4055
4056
4057
4058
4059
4060
4061
4062
4063
4064
4065
4066
4067
4068
4069
4070
4071
4072
4073
4074
4075
4076
4077
4078
4079
4080
4081
4082
4083
4084
4085
4086
4087
4088
4089
4090
4091
4092
4093
4094
4095
4096
4097
4098
4099
4100
4101
4102
4103
4104
4105
4106
4107
4108
4109
4110
4111
4112
4113
4114
4115
4116
4117
4118
4119
4120
4121
4122
4123
4124
4125
4126
4127
4128
4129
4130
4131
4132
4133
4134
4135
4136
4137
4138
4139
4140
4141
4142
4143
4144
4145
4146
4147
4148
4149
4150
4151
4152
4153
4154
4155
4156
4157
4158
4159
4160
4161
4162
4163
4164
4165
4166
4167
4168
4169
4170
4171
4172
4173
4174
4175
4176
4177
4178
4179
4180
4181
4182
4183
4184
4185
4186
4187
4188
4189
4190
4191
4192
4193
4194
4195
4196
4197
4198
4199
4200
4201
4202
4203
4204
4205
4206
4207
4208
4209
4210
4211
4212
4213
4214
4215
4216
4217
4218
4219
4220
4221
4222
4223
4224
4225
4226
4227
4228
4229
4230
4231
4232
4233
4234
4235
4236
4237
4238
4239
4240
4241
4242
4243
4244
4245
4246
4247
4248
4249
4250
4251
4252
4253
4254
4255
4256
4257
4258
4259
4260
4261
4262
4263
4264
4265
4266
4267
4268
4269
4270
4271
4272
4273
4274
4275
4276
4277
4278
4279
4280
4281
4282
4283
4284
4285
4286
4287
4288
4289
4290
4291
4292
4293
4294
4295
4296
4297
4298
4299
4300
4301
4302
4303
4304
4305
4306
4307
4308
4309
4310
4311
4312
4313
4314
4315
4316
4317
4318
4319
4320
4321
4322
4323
4324
4325
4326
4327
4328
4329
4330
4331
4332
4333
4334
4335
4336
4337
4338
4339
4340
4341
4342
4343
4344
4345
4346
4347
4348
4349
4350
4351
4352
4353
4354
4355
4356
4357
4358
4359
4360
4361
4362
4363
4364
4365
4366
4367
4368
4369
4370
4371
4372
4373
4374
4375
4376
4377
4378
4379
4380
4381
4382
4383
4384
4385
4386
4387
4388
4389
4390
4391
4392
4393
4394
4395
4396
4397
4398
4399
4400
4401
4402
4403
4404
4405
4406
4407
4408
4409
4410
4411
4412
4413
4414
4415
4416
4417
4418
4419
4420
4421
4422
4423
4424
4425
4426
4427
4428
4429
4430
4431
4432
4433
4434
4435
4436
4437
4438
4439
4440
4441
4442
4443
4444
4445
4446
4447
4448
4449
4450
4451
4452
4453
4454
4455
4456
4457
4458
4459
4460
4461
4462
4463
4464
4465
4466
4467
4468
4469
4470
4471
4472
4473
4474
4475
4476
4477
4478
4479
4480
4481
4482
4483
4484
4485
4486
4487
4488
4489
4490
4491
4492
4493
4494
4495
4496
4497
4498
4499
4500
4501
4502
4503
4504
4505
4506
4507
4508
4509
4510
4511
4512
4513
4514
4515
4516
4517
4518
4519
4520
4521
4522
4523
4524
4525
4526
4527
4528
4529
4530
4531
4532
4533
4534
4535
4536
4537
4538
4539
4540
4541
4542
4543
4544
4545
4546
4547
4548
4549
4550
4551
4552
4553
4554
4555
4556
4557
4558
4559
4560
4561
4562
4563
4564
4565
4566
4567
4568
4569
4570
4571
4572
4573
4574
4575
4576
4577
4578
4579
4580
4581
4582
4583
4584
4585
4586
4587
4588
4589
4590
4591
4592
4593
4594
4595
4596
4597
4598
4599
4600
4601
4602
4603
4604
4605
4606
4607
4608
4609
4610
4611
4612
4613
4614
4615
4616
4617
4618
4619
4620
4621
4622
4623
4624
4625
4626
4627
4628
4629
4630
4631
4632
4633
4634
4635
4636
4637
4638
4639
4640
4641
4642
4643
4644
4645
4646
4647
4648
4649
4650
4651
4652
4653
4654
4655
4656
4657
4658
4659
4660
4661
4662
4663
4664
4665
4666
4667
4668
4669
4670
4671
4672
4673
4674
4675
4676
4677
4678
4679
4680
4681
4682
4683
4684
4685
4686
4687
4688
4689
4690
4691
4692
4693
4694
4695
4696
4697
4698
4699
4700
4701
4702
4703
4704
4705
4706
4707
4708
4709
4710
4711
4712
4713
4714
4715
4716
4717
4718
4719
4720
4721
4722
4723
4724
4725
4726
4727
4728
4729
4730
4731
4732
4733
4734
4735
4736
4737
4738
4739
4740
4741
4742
4743
4744
4745
4746
4747
4748
4749
4750
4751
4752
4753
4754
4755
4756
4757
4758
4759
4760
4761
4762
4763
4764
4765
4766
4767
4768
4769
4770
4771
4772
4773
4774
4775
4776
4777
4778
4779
4780
4781
4782
4783
4784
4785
4786
4787
4788
4789
4790
4791
4792
4793
4794
4795
4796
4797
4798
4799
4800
4801
4802
4803
4804
4805
4806
4807
4808
4809
4810
4811
4812
4813
4814
4815
4816
4817
4818
4819
4820
4821
4822
4823
4824
4825
4826
4827
4828
4829
4830
4831
4832
4833
4834
4835
4836
4837
4838
4839
4840
4841
4842
4843
4844
4845
4846
4847
4848
4849
4850
4851
4852
4853
4854
4855
4856
4857
4858
4859
4860
4861
4862
4863
4864
4865
4866
4867
4868
4869
4870
4871
4872
4873
4874
4875
4876
4877
4878
4879
4880
4881
4882
4883
4884
4885
4886
4887
4888
4889
4890
4891
4892
4893
4894
4895
4896
4897
4898
4899
4900
4901
4902
4903
4904
4905
4906
4907
4908
4909
4910
4911
4912
4913
4914
4915
4916
4917
4918
4919
4920
4921
4922
4923
4924
4925
4926
4927
4928
4929
4930
4931
4932
4933
4934
4935
4936
4937
4938
4939
4940
4941
4942
4943
4944
4945
4946
4947
4948
4949
4950
4951
4952
4953
4954
4955
4956
4957
4958
4959
4960
4961
4962
4963
4964
4965
4966
4967
4968
4969
4970
4971
4972
4973
4974
4975
4976
4977
4978
4979
4980
4981
4982
4983
4984
4985
4986
4987
4988
4989
4990
4991
4992
4993
4994
4995
4996
4997
4998
4999
5000
5001
5002
5003
5004
5005
5006
5007
5008
5009
5010
5011
5012
5013
5014
5015
5016
5017
5018
5019
5020
5021
5022
5023
5024
5025
5026
5027
5028
5029
5030
5031
5032
5033
5034
5035
5036
5037
5038
5039
5040
5041
5042
5043
5044
5045
5046
5047
5048
5049
5050
5051
5052
5053
5054
5055
5056
5057
5058
5059
5060
5061
5062
5063
5064
5065
5066
5067
5068
5069
5070
5071
5072
5073
5074
5075
5076
5077
5078
5079
5080
5081
5082
5083
5084
5085
5086
5087
5088
5089
5090
5091
5092
5093
5094
5095
5096
5097
5098
5099
5100
5101
5102
5103
5104
5105
5106
5107
5108
5109
5110
5111
5112
5113
5114
5115
5116
5117
5118
5119
5120
5121
5122
5123
5124
5125
5126
5127
5128
5129
5130
5131
5132
5133
5134
5135
5136
5137
5138
5139
5140
5141
5142
5143
5144
5145
5146
5147
5148
5149
5150
5151
5152
5153
5154
5155
5156
5157
5158
5159
5160
5161
5162
5163
5164
5165
5166
5167
5168
5169
5170
5171
5172
5173
5174
5175
5176
5177
5178
5179
5180
5181
5182
5183
5184
5185
5186
5187
5188
5189
5190
5191
5192
5193
5194
5195
5196
5197
5198
5199
5200
5201
5202
5203
5204
5205
5206
5207
5208
5209
5210
5211
5212
5213
5214
5215
5216
5217
5218
5219
5220
5221
5222
5223
5224
5225
5226
5227
5228
5229
5230
5231
5232
5233
5234
5235
5236
5237
5238
5239
5240
5241
5242
5243
5244
5245
5246
5247
5248
5249
5250
5251
5252
5253
5254
5255
5256
5257
5258
5259
5260
5261
5262
5263
5264
5265
5266
5267
5268
5269
5270
5271
5272
5273
5274
5275
5276
5277
5278
5279
5280
5281
5282
5283
5284
5285
5286
5287
5288
5289
5290
5291
5292
5293
5294
5295
5296
5297
5298
5299
5300
5301
5302
5303
5304
5305
5306
5307
5308
5309
5310
5311
5312
5313
5314
5315
5316
5317
5318
5319
5320
5321
5322
5323
5324
5325
5326
5327
5328
5329
5330
5331
5332
5333
5334
5335
5336
5337
5338
5339
5340
5341
5342
5343
5344
5345
5346
5347
5348
5349
5350
5351
5352
5353
5354
5355
5356
5357
5358
5359
5360
5361
5362
5363
5364
5365
5366
5367
5368
5369
5370
5371
5372
5373
5374
5375
5376
5377
5378
5379
5380
5381
5382
5383
5384
5385
5386
5387
5388
5389
5390
5391
5392
5393
5394
5395
5396
5397
5398
5399
5400
5401
5402
5403
5404
5405
5406
5407
5408
5409
5410
5411
5412
5413
5414
5415
5416
5417
5418
5419
5420
5421
5422
5423
5424
5425
5426
5427
5428
5429
5430
5431
5432
5433
5434
5435
5436
5437
5438
5439
5440
5441
5442
5443
5444
5445
5446
5447
5448
5449
5450
5451
5452
5453
5454
5455
5456
5457
5458
5459
5460
5461
5462
5463
5464
5465
5466
5467
5468
5469
5470
5471
5472
5473
5474
5475
5476
5477
5478
5479
5480
5481
5482
5483
5484
5485
5486
5487
5488
5489
5490
5491
5492
5493
5494
5495
5496
5497
5498
5499
5500
5501
5502
5503
5504
5505
5506
5507
5508
5509
5510
5511
5512
5513
5514
5515
5516
5517
5518
5519
5520
5521
5522
5523
5524
5525
5526
5527
5528
5529
5530
5531
5532
5533
5534
5535
5536
5537
5538
5539
5540
5541
5542
5543
5544
5545
5546
5547
5548
5549
5550
5551
5552
5553
5554
5555
5556
5557
5558
5559
5560
5561
5562
5563
5564
5565
5566
5567
5568
5569
5570
5571
5572
5573
5574
5575
5576
5577
5578
5579
5580
5581
5582
5583
5584
5585
5586
5587
5588
5589
5590
5591
5592
5593
5594
5595
5596
5597
5598
5599
5600
5601
5602
5603
5604
5605
5606
5607
5608
5609
5610
5611
5612
5613
5614
5615
5616
5617
5618
5619
5620
5621
5622
5623
5624
5625
5626
5627
5628
5629
5630
5631
5632
5633
5634
5635
5636
5637
5638
5639
5640
5641
5642
5643
5644
5645
5646
5647
5648
5649
5650
5651
5652
5653
5654
5655
5656
5657
5658
5659
5660
5661
5662
5663
5664
5665
5666
5667
5668
5669
5670
5671
5672
5673
5674
5675
5676
5677
5678
5679
5680
5681
5682
5683
5684
5685
5686
5687
5688
5689
5690
5691
5692
5693
5694
5695
5696
5697
5698
5699
5700
5701
5702
5703
5704
5705
5706
5707
5708
5709
5710
5711
5712
5713
5714
5715
5716
5717
5718
5719
5720
5721
5722
5723
5724
5725
5726
5727
5728
5729
5730
5731
5732
5733
5734
5735
5736
5737
5738
5739
5740
5741
5742
5743
5744
5745
5746
5747
5748
5749
5750
5751
5752
5753
5754
5755
5756
5757
5758
5759
5760
5761
5762
5763
5764
5765
5766
5767
5768
5769
5770
5771
5772
5773
5774
5775
5776
5777
5778
5779
5780
5781
5782
5783
5784
5785
5786
5787
5788
5789
5790
5791
5792
5793
5794
5795
5796
5797
5798
5799
5800
5801
5802
5803
5804
5805
5806
5807
5808
5809
5810
5811
5812
5813
5814
5815
5816
5817
5818
5819
5820
5821
5822
5823
5824
5825
5826
5827
5828
5829
5830
5831
5832
5833
5834
5835
5836
5837
5838
5839
5840
5841
5842
5843
5844
5845
5846
5847
5848
5849
5850
5851
5852
5853
5854
5855
5856
5857
5858
5859
5860
5861
5862
5863
5864
5865
5866
5867
5868
5869
5870
5871
5872
5873
5874
5875
5876
5877
5878
5879
5880
5881
5882
5883
5884
5885
5886
5887
5888
5889
5890
5891
5892
5893
5894
5895
5896
5897
5898
5899
5900
5901
5902
5903
5904
5905
5906
5907
5908
5909
5910
5911
5912
5913
5914
5915
5916
5917
5918
5919
5920
5921
5922
5923
5924
5925
5926
5927
5928
5929
5930
5931
5932
5933
5934
5935
5936
5937
5938
5939
5940
5941
5942
5943
5944
5945
5946
5947
5948
5949
5950
5951
5952
5953
5954
5955
5956
5957
5958
5959
5960
5961
5962
5963
5964
5965
5966
5967
5968
5969
5970
5971
5972
5973
5974
5975
5976
5977
5978
5979
5980
5981
5982
5983
5984
5985
5986
5987
5988
5989
5990
5991
5992
5993
5994
5995
5996
5997
5998
5999
6000
6001
6002
6003
6004
6005
6006
6007
6008
6009
6010
6011
6012
6013
6014
6015
6016
6017
6018
6019
6020
6021
6022
6023
6024
6025
6026
6027
6028
6029
6030
6031
6032
6033
6034
6035
6036
6037
6038
6039
6040
6041
6042
6043
6044
6045
6046
6047
6048
6049
6050
6051
6052
6053
6054
6055
6056
6057
6058
6059
6060
6061
6062
6063
6064
6065
6066
6067
6068
6069
6070
6071
6072
6073
6074
6075
6076
6077
6078
6079
6080
6081
6082
6083
6084
6085
6086
6087
6088
6089
6090
6091
6092
6093
6094
6095
6096
6097
6098
6099
6100
6101
6102
6103
6104
6105
6106
6107
6108
6109
6110
6111
6112
6113
6114
6115
6116
6117
6118
6119
6120
6121
6122
6123
6124
6125
6126
6127
6128
6129
6130
6131
6132
6133
6134
6135
6136
6137
6138
6139
6140
6141
6142
6143
6144
6145
6146
6147
6148
6149
6150
6151
6152
6153
6154
6155
6156
6157
6158
6159
6160
6161
6162
6163
6164
6165
6166
6167
6168
6169
6170
6171
6172
6173
6174
6175
6176
6177
6178
6179
6180
6181
6182
6183
6184
6185
6186
6187
6188
6189
6190
6191
6192
6193
6194
6195
6196
6197
6198
6199
6200
6201
6202
6203
6204
6205
6206
6207
6208
6209
6210
6211
6212
6213
6214
6215
6216
6217
6218
6219
6220
6221
6222
6223
6224
6225
6226
6227
6228
6229
6230
6231
6232
6233
6234
6235
6236
6237
6238
6239
6240
6241
6242
6243
6244
6245
6246
6247
6248
6249
6250
6251
6252
6253
6254
6255
6256
6257
6258
6259
6260
6261
6262
6263
6264
6265
6266
6267
6268
6269
6270
6271
6272
6273
6274
6275
6276
6277
6278
6279
6280
6281
6282
6283
6284
6285
6286
6287
6288
6289
6290
6291
6292
6293
6294
6295
6296
6297
6298
6299
6300
6301
6302
6303
6304
6305
6306
6307
6308
6309
6310
6311
6312
6313
6314
6315
6316
6317
6318
6319
6320
6321
6322
6323
6324
6325
6326
6327
6328
6329
6330
6331
6332
6333
6334
6335
6336
6337
6338
6339
6340
6341
6342
6343
6344
6345
6346
6347
6348
6349
6350
6351
6352
6353
6354
6355
6356
6357
6358
6359
6360
6361
6362
6363
6364
6365
6366
6367
6368
6369
6370
6371
6372
6373
6374
6375
6376
6377
6378
6379
6380
6381
6382
6383
6384
6385
6386
6387
6388
6389
6390
6391
6392
6393
6394
6395
6396
6397
6398
6399
6400
6401
6402
6403
6404
6405
6406
6407
6408
6409
6410
6411
6412
6413
6414
6415
6416
6417
6418
6419
6420
6421
6422
6423
6424
6425
6426
6427
6428
6429
6430
6431
6432
6433
6434
6435
6436
6437
6438
6439
6440
6441
6442
6443
6444
6445
6446
6447
6448
6449
6450
6451
6452
6453
6454
6455
6456
6457
6458
6459
6460
6461
6462
6463
6464
6465
6466
6467
6468
6469
6470
6471
6472
6473
6474
6475
6476
6477
6478
6479
6480
6481
6482
6483
6484
6485
6486
6487
6488
6489
6490
6491
6492
6493
6494
6495
6496
6497
6498
6499
6500
6501
6502
6503
6504
6505
6506
6507
6508
6509
6510
6511
6512
6513
6514
6515
6516
6517
6518
6519
6520
6521
6522
6523
6524
6525
6526
6527
6528
6529
6530
6531
6532
6533
6534
6535
6536
6537
6538
6539
6540
6541
6542
6543
6544
6545
6546
6547
6548
6549
6550
6551
6552
6553
6554
6555
6556
6557
6558
6559
6560
6561
6562
6563
6564
6565
6566
6567
6568
6569
6570
6571
6572
6573
6574
6575
6576
6577
6578
6579
6580
6581
6582
6583
6584
6585
6586
6587
6588
6589
6590
6591
6592
6593
6594
6595
6596
6597
6598
6599
6600
6601
6602
6603
6604
6605
6606
6607
6608
6609
6610
6611
6612
6613
6614
6615
6616
6617
6618
6619
6620
6621
6622
6623
6624
6625
6626
6627
6628
6629
6630
6631
6632
6633
6634
6635
6636
6637
6638
6639
6640
6641
6642
6643
6644
6645
6646
6647
6648
6649
6650
6651
6652
6653
6654
6655
6656
6657
6658
6659
6660
6661
6662
6663
6664
6665
6666
6667
6668
6669
6670
6671
6672
6673
6674
6675
6676
6677
6678
6679
6680
6681
6682
6683
6684
6685
6686
6687
6688
6689
6690
6691
6692
6693
6694
6695
6696
6697
6698
6699
6700
6701
6702
6703
6704
6705
6706
6707
6708
6709
6710
6711
6712
6713
6714
6715
6716
6717
6718
6719
6720
6721
6722
6723
6724
6725
6726
6727
6728
6729
6730
6731
6732
6733
6734
6735
6736
6737
6738
6739
6740
6741
6742
6743
6744
6745
6746
6747
6748
6749
6750
6751
6752
6753
6754
6755
6756
6757
6758
6759
6760
6761
6762
6763
6764
6765
6766
6767
6768
6769
6770
6771
6772
6773
6774
6775
6776
6777
6778
6779
6780
6781
6782
6783
6784
6785
6786
6787
6788
6789
6790
6791
6792
6793
6794
6795
6796
6797
6798
6799
6800
6801
6802
6803
6804
6805
6806
6807
6808
6809
6810
6811
6812
6813
6814
6815
6816
6817
6818
6819
6820
6821
6822
6823
6824
6825
6826
6827
6828
6829
6830
6831
6832
6833
6834
6835
6836
6837
6838
6839
6840
6841
6842
6843
6844
6845
6846
6847
6848
6849
6850
6851
6852
6853
6854
6855
6856
6857
6858
6859
6860
6861
6862
6863
6864
6865
6866
6867
6868
6869
6870
6871
6872
6873
6874
6875
6876
6877
6878
6879
6880
6881
6882
6883
6884
6885
6886
6887
6888
6889
6890
6891
6892
6893
6894
6895
6896
6897
6898
6899
6900
6901
6902
6903
6904
6905
6906
6907
6908
6909
6910
6911
6912
6913
6914
6915
6916
6917
6918
6919
6920
6921
6922
6923
6924
6925
6926
6927
6928
6929
6930
6931
6932
6933
6934
6935
6936
6937
6938
6939
6940
6941
6942
6943
6944
6945
6946
6947
6948
6949
6950
6951
6952
6953
6954
6955
6956
6957
6958
6959
6960
6961
6962
6963
6964
6965
6966
6967
6968
6969
6970
6971
6972
6973
6974
6975
6976
6977
6978
6979
6980
6981
6982
6983
6984
6985
6986
6987
6988
6989
6990
6991
6992
6993
6994
6995
6996
6997
6998
6999
7000
7001
7002
7003
7004
7005
7006
7007
7008
7009
7010
7011
7012
7013
7014
7015
7016
7017
7018
7019
7020
7021
7022
7023
7024
7025
7026
7027
7028
7029
7030
7031
7032
7033
7034
7035
7036
7037
7038
7039
7040
7041
7042
7043
7044
7045
7046
7047
7048
7049
7050
7051
7052
7053
7054
7055
7056
7057
7058
7059
7060
7061
7062
7063
7064
7065
7066
7067
7068
7069
7070
7071
7072
7073
7074
7075
7076
7077
7078
7079
7080
7081
7082
7083
7084
7085
7086
7087
7088
7089
7090
7091
7092
7093
7094
7095
7096
7097
7098
7099
7100
7101
7102
7103
7104
7105
7106
7107
7108
7109
7110
7111
7112
7113
7114
7115
7116
7117
7118
7119
7120
7121
7122
7123
7124
7125
7126
7127
7128
7129
7130
7131
7132
7133
7134
7135
7136
7137
7138
7139
7140
7141
7142
7143
7144
7145
7146
7147
7148
7149
7150
7151
7152
7153
7154
7155
7156
7157
7158
7159
7160
7161
7162
7163
7164
7165
7166
7167
7168
7169
7170
7171
7172
7173
7174
7175
7176
7177
7178
7179
7180
7181
7182
7183
7184
7185
7186
7187
7188
7189
7190
7191
7192
7193
7194
7195
7196
7197
7198
7199
7200
7201
7202
7203
7204
7205
7206
7207
7208
7209
7210
7211
7212
7213
7214
7215
7216
7217
7218
7219
7220
7221
7222
7223
7224
7225
7226
7227
7228
7229
7230
7231
7232
7233
7234
7235
7236
7237
7238
7239
7240
7241
7242
7243
7244
7245
7246
7247
7248
7249
7250
7251
7252
7253
7254
7255
7256
7257
7258
7259
7260
7261
7262
7263
7264
7265
7266
7267
7268
7269
7270
7271
7272
7273
7274
7275
7276
7277
7278
7279
7280
7281
7282
7283
7284
7285
7286
7287
7288
7289
7290
7291
7292
7293
7294
7295
7296
7297
7298
7299
7300
7301
7302
7303
7304
7305
7306
7307
7308
7309
7310
7311
7312
7313
7314
7315
7316
7317
7318
7319
7320
7321
7322
7323
7324
7325
7326
7327
7328
7329
7330
7331
7332
7333
7334
7335
7336
7337
7338
7339
7340
7341
7342
7343
7344
7345
7346
7347
7348
7349
7350
7351
7352
7353
7354
7355
7356
7357
7358
7359
7360
7361
7362
7363
7364
7365
7366
7367
7368
7369
7370
7371
7372
7373
7374
7375
7376
7377
7378
7379
7380
7381
7382
7383
7384
7385
7386
7387
7388
7389
7390
7391
7392
7393
7394
7395
7396
7397
7398
7399
7400
7401
7402
7403
7404
7405
7406
7407
7408
7409
7410
7411
7412
7413
7414
7415
7416
7417
7418
7419
7420
7421
7422
7423
7424
7425
7426
7427
7428
7429
7430
7431
7432
7433
7434
7435
7436
7437
7438
7439
7440
7441
7442
7443
7444
7445
7446
7447
7448
7449
7450
7451
7452
7453
7454
7455
7456
7457
7458
7459
7460
7461
7462
7463
7464
7465
7466
7467
7468
7469
7470
7471
7472
7473
7474
7475
7476
7477
7478
7479
7480
7481
7482
7483
7484
7485
7486
7487
7488
7489
7490
7491
7492
7493
7494
7495
7496
7497
7498
7499
7500
7501
7502
7503
7504
7505
7506
7507
7508
7509
7510
7511
7512
7513
7514
7515
7516
7517
7518
7519
7520
7521
7522
7523
7524
7525
7526
7527
7528
7529
7530
7531
7532
7533
7534
7535
7536
7537
7538
7539
7540
7541
7542
7543
7544
7545
7546
7547
7548
7549
7550
7551
7552
7553
7554
7555
7556
7557
7558
7559
7560
7561
7562
7563
7564
7565
7566
7567
7568
7569
7570
7571
7572
7573
7574
7575
7576
7577
7578
7579
7580
7581
7582
7583
7584
7585
7586
7587
7588
7589
7590
7591
7592
7593
7594
7595
7596
7597
7598
7599
7600
7601
7602
7603
7604
7605
7606
7607
7608
7609
7610
7611
7612
7613
7614
7615
7616
7617
7618
7619
7620
7621
7622
7623
7624
7625
7626
7627
7628
7629
7630
7631
7632
7633
7634
7635
7636
7637
7638
7639
7640
7641
7642
7643
7644
7645
7646
7647
7648
7649
7650
7651
7652
7653
7654
7655
7656
7657
7658
7659
7660
7661
7662
7663
7664
7665
7666
7667
7668
7669
7670
7671
7672
7673
7674
7675
7676
7677
7678
7679
7680
7681
7682
7683
7684
7685
7686
7687
7688
7689
7690
7691
7692
7693
7694
7695
7696
7697
7698
7699
7700
7701
7702
7703
7704
7705
7706
7707
7708
7709
7710
7711
7712
7713
7714
7715
7716
7717
7718
7719
7720
7721
7722
7723
7724
7725
7726
7727
7728
7729
7730
7731
7732
7733
7734
7735
7736
7737
7738
7739
7740
7741
7742
7743
7744
7745
7746
7747
7748
7749
7750
7751
7752
7753
7754
7755
7756
7757
7758
7759
7760
7761
7762
7763
7764
7765
7766
7767
7768
7769
7770
7771
7772
7773
7774
7775
7776
7777
7778
7779
7780
7781
7782
7783
7784
7785
7786
7787
7788
7789
7790
7791
7792
7793
7794
7795
7796
7797
7798
7799
7800
7801
7802
7803
7804
7805
7806
7807
7808
7809
7810
7811
7812
7813
7814
7815
7816
7817
7818
7819
7820
7821
7822
7823
7824
7825
7826
7827
7828
7829
7830
7831
7832
7833
7834
7835
7836
7837
7838
7839
7840
7841
7842
7843
7844
7845
7846
7847
7848
7849
7850
7851
7852
7853
7854
7855
7856
7857
7858
7859
7860
7861
7862
7863
7864
7865
7866
7867
7868
7869
7870
7871
7872
7873
7874
7875
7876
7877
7878
7879
7880
7881
7882
7883
7884
7885
7886
7887
7888
7889
7890
7891
7892
7893
7894
7895
7896
7897
7898
7899
7900
7901
7902
7903
7904
7905
7906
7907
7908
7909
7910
7911
7912
7913
7914
7915
7916
7917
7918
7919
7920
7921
7922
7923
7924
7925
7926
7927
7928
7929
7930
7931
7932
7933
7934
7935
7936
7937
7938
7939
7940
7941
7942
7943
7944
7945
7946
7947
7948
7949
7950
7951
7952
7953
7954
7955
7956
7957
7958
7959
7960
7961
7962
7963
7964
7965
7966
7967
7968
7969
7970
7971
7972
7973
7974
7975
7976
7977
7978
7979
7980
7981
7982
7983
7984
7985
7986
7987
7988
7989
7990
7991
7992
7993
7994
7995
7996
7997
7998
7999
8000
8001
8002
8003
8004
8005
8006
8007
8008
8009
8010
8011
8012
8013
8014
8015
8016
8017
8018
8019
8020
8021
8022
8023
8024
8025
8026
8027
8028
8029
8030
8031
8032
8033
8034
8035
8036
8037
8038
8039
8040
8041
8042
8043
8044
8045
8046
8047
8048
8049
8050
8051
8052
8053
8054
8055
8056
8057
8058
8059
8060
8061
8062
8063
8064
8065
8066
8067
8068
8069
8070
8071
8072
8073
8074
8075
8076
8077
8078
8079
8080
8081
8082
8083
8084
8085
8086
8087
8088
8089
8090
8091
8092
8093
8094
8095
8096
8097
8098
8099
8100
8101
8102
8103
8104
8105
8106
8107
8108
8109
8110
8111
8112
8113
8114
8115
8116
8117
8118
8119
8120
8121
8122
8123
8124
8125
8126
8127
8128
8129
8130
8131
8132
8133
8134
8135
8136
8137
8138
8139
8140
8141
8142
8143
8144
8145
8146
8147
8148
8149
8150
8151
8152
8153
8154
8155
8156
8157
8158
8159
8160
8161
8162
8163
8164
8165
8166
8167
8168
8169
8170
8171
8172
8173
8174
8175
8176
8177
8178
8179
8180
8181
8182
8183
8184
8185
8186
8187
8188
8189
8190
8191
8192
8193
8194
8195
8196
8197
8198
8199
8200
8201
8202
8203
8204
8205
8206
8207
8208
8209
8210
8211
8212
8213
8214
8215
8216
8217
8218
8219
8220
8221
8222
8223
8224
8225
8226
8227
8228
8229
8230
8231
8232
8233
8234
8235
8236
8237
8238
8239
8240
8241
8242
8243
8244
8245
8246
8247
8248
8249
8250
8251
8252
8253
8254
8255
8256
8257
8258
8259
8260
8261
8262
8263
8264
8265
8266
8267
8268
8269
8270
8271
8272
8273
8274
8275
8276
8277
8278
8279
8280
8281
8282
8283
8284
8285
8286
8287
8288
8289
8290
8291
8292
8293
8294
8295
8296
8297
8298
8299
8300
8301
8302
8303
8304
8305
8306
8307
8308
8309
8310
8311
8312
8313
8314
8315
8316
8317
8318
8319
8320
8321
8322
8323
8324
8325
8326
8327
8328
8329
8330
8331
8332
8333
8334
8335
8336
8337
8338
8339
8340
8341
8342
8343
8344
8345
8346
8347
8348
8349
8350
8351
8352
8353
8354
8355
8356
8357
8358
8359
8360
8361
8362
8363
8364
8365
8366
8367
8368
8369
8370
8371
8372
8373
8374
8375
8376
8377
8378
8379
8380
8381
8382
8383
8384
8385
8386
8387
8388
8389
8390
8391
8392
8393
8394
8395
8396
8397
8398
8399
8400
8401
8402
8403
8404
8405
8406
8407
8408
8409
8410
8411
8412
8413
8414
8415
8416
8417
8418
8419
8420
8421
8422
8423
8424
8425
8426
8427
8428
8429
8430
8431
8432
8433
8434
8435
8436
8437
8438
8439
8440
8441
8442
8443
8444
8445
8446
8447
8448
8449
8450
8451
8452
8453
8454
8455
8456
8457
8458
8459
8460
8461
8462
8463
8464
8465
8466
8467
8468
8469
8470
8471
8472
8473
8474
8475
8476
8477
8478
8479
8480
8481
8482
8483
8484
8485
8486
8487
8488
8489
8490
8491
8492
8493
8494
8495
8496
8497
8498
8499
8500
8501
8502
8503
8504
8505
8506
8507
8508
8509
8510
8511
8512
8513
8514
8515
8516
8517
8518
8519
8520
8521
8522
8523
8524
8525
8526
8527
8528
8529
8530
8531
8532
8533
8534
8535
8536
8537
8538
8539
8540
8541
8542
8543
8544
8545
8546
8547
8548
8549
8550
8551
8552
8553
8554
8555
8556
8557
8558
8559
8560
8561
8562
8563
8564
8565
8566
8567
8568
8569
8570
8571
8572
8573
8574
8575
8576
8577
8578
8579
8580
8581
8582
8583
8584
8585
8586
8587
8588
8589
8590
8591
8592
8593
8594
8595
8596
8597
8598
8599
8600
8601
8602
8603
8604
8605
8606
8607
8608
8609
8610
8611
8612
8613
8614
8615
8616
8617
8618
8619
8620
8621
8622
8623
8624
8625
8626
8627
8628
8629
8630
8631
8632
8633
8634
8635
8636
8637
8638
8639
8640
8641
8642
8643
8644
8645
8646
8647
8648
8649
8650
8651
8652
8653
8654
8655
8656
8657
8658
8659
8660
8661
8662
8663
8664
8665
8666
8667
8668
8669
8670
8671
8672
8673
8674
8675
8676
8677
8678
8679
8680
8681
8682
8683
8684
8685
8686
8687
8688
8689
8690
8691
8692
8693
8694
8695
8696
8697
8698
8699
8700
8701
8702
8703
8704
8705
8706
8707
8708
8709
8710
8711
8712
8713
8714
8715
8716
8717
8718
8719
8720
8721
8722
8723
8724
8725
8726
8727
8728
8729
8730
8731
8732
8733
8734
8735
8736
8737
8738
8739
8740
8741
8742
8743
8744
8745
8746
8747
8748
8749
8750
8751
8752
8753
8754
8755
8756
8757
8758
8759
8760
8761
8762
8763
8764
8765
8766
8767
8768
8769
8770
8771
8772
8773
8774
8775
8776
8777
8778
8779
8780
8781
8782
8783
8784
8785
8786
8787
8788
8789
8790
8791
8792
8793
8794
8795
8796
8797
8798
8799
8800
8801
8802
8803
8804
8805
8806
8807
8808
8809
8810
8811
8812
8813
8814
8815
8816
8817
8818
8819
8820
8821
8822
8823
8824
8825
8826
8827
8828
8829
8830
8831
8832
8833
8834
8835
8836
8837
8838
8839
8840
8.597545160483557 4.509607359694054 0
8.691341715309806 4.538060233382856 0
8.777785116513652 4.584265193851301 0
8.853553391206981 4.646446610020433 0
8.915734806803444 4.722214884466243 0
8.961939766690969 4.808658284868427 0
8.990392640384375 4.902454839910729 0
13.47740390823861 4.501760703861632 0
4.012001827129084 5.44202923406535 0
5.782054467296502 3.513729048200402 0
6.090644268448052 6.951198652386267 0
7.700520546912439 2.364469416817308 0
8.23004882336679 7.740860307719317 0
11.51408246662013 6.594974800688151 0
11.09174557822489 2.881113511284561 0
6.273047536380059 5.204901698561072 0
10.89503175726005 4.764109963407913 0
18.4501470854918 5.077206506509753 0
34.70807073888302 5.007591634646944 0
29.27927197890569 5.012388288743451 0
23.75 5.000000000000607 0
9.450226727269978 6.795424543968211 0
9.104447083960524 3.03868959269784 0
7.0996207761944 3.84400376591232 0
7.14611642750268 6.090792201046231 0
3.019766460632137 2.760886907541596 0
8.060021013673332 3.549583644778622 0
8.073925232742383 6.404580279104969 0
9.764084809976218 3.962592410963194 0
9.882952511285895 5.718882304456915 0
15.71336416607694 6.843531721179184 0
31.97157050630247 6.749883081080997 0
26.45353893631359 6.771830958140136 0
26.48844148613995 3.29578136403767 0
32.09160272267202 3.169031076585472 0
21.01266462469739 6.914450978738505 0
21.1042744489981 3.198899053050659 0
16.13415689999199 3.018548833560002 0
3.959763918933525 7.708232103128051 0
36.98437637416328 2.985935500002685 0
36.9821365929243 7.019596636402525 0
9.899189277040055 4.862191885865508 0
7.247826765854651 4.622976063609296 0
7.28357887094829 5.327141855605163 0
2.257121075507961 6.549585206236785 0
2.261540976253258 4.604029934435532 0
13.58611886895742 7.650950285015814 0
13.28103584829775 2.253817398085503 0
8.857986983054754 6.288960972615148 0
18.17829805171253 7.495324965840269 0
18.57003946869117 2.522931044673594 0
34.42018387480208 7.522788788780559 0
29.59974621523322 7.488762689238538 0
24.13580466369299 7.540495603036055 0
24.03013047459503 2.502306603841182 0
29.54546279532115 2.54625708005234 0
34.40025378476696 2.511237310761919 0
8.868989581713812 3.783604358910218 0
6.002154823965309 1.777048812552338 0
7.778830963508913 5.870528405680208 0
10.57967117416755 8.253114568765442 0
4.355991878603253 3.928778355816545 0
7.308709795306171 7.17896858738225 0
5.20589045795606 6.001866758370189 0
7.800710445286006 4.117421362854853 0
9.98292048446093 1.650784509974697 0
37.82167915286804 5.008934237410291 0
6.462530285569914 8.480413025321344 0
4.743705188569293 2.503669499901319 0
6.632359803870471 2.781335930015048 0
5.110107467537108 4.760058562465099 0
15.39167988216076 4.919109440140804 0
9.150272705344365 5.774497728922879 0
8.388554870393197 3.989203814259776 0
9.132455990865303 4.225297519276037 0
8.400920928186382 6.005966703485288 0
2.400632433916577 8.264979178392654 0
12.1365540991921 3.929481853989036 0
12.13695289542247 5.348581603796196 0
20.39446933170197 4.999999999999767 0
6.449800658330586 4.389604870078505 0
31.16790741898034 5.02709635896248 0
25.69377660623362 4.964504159872767 0
27.82650392989471 8.071011068377436 0
27.83548618688422 1.919086431308632 0
9.543416129121843 5.323475489050429 0
9.418514935826733 8.025906888290697 0
8.718119720164101 1.95375255845508 0
22.38167006181811 8.09610756276839 0
22.38066048436208 1.880570498684771 0
14.17158693617064 6.05858131279415 0
1.59664385801589 1.765220425749884 0
12.13358344500595 7.878480330570795 0
19.96234375443261 8.14193807998344 0
5.257394008165629 7.957621074075372 0
14.93282169864604 1.778369992029166 0
32.96392400568182 5.223583109319074 0
27.4639240056818 5.223583109319117 0
8.610995079452561 7.019092323544122 0
38.26606489044221 1.768002831896979 0
38.27620365052128 8.232685646124672 0
4.208079836624769 6.499742186051725 0
15.11989750629355 8.327805493070755 0
28.17227624198551 3.568579764217984 0
11.90603230341977 1.544379258554244 0
20.15601352425975 1.78772973521576 0
32.77582818857804 8.269709850383766 0
25.65056838272266 8.200677073828338 0
25.64191612808754 1.750423650350297 0
31.12097192432842 1.732184381658753 0
6.271637533814004 6.096825784425185 0
1.668902946007913 3.227370657773252 0
7.57577572230351 4.913039180038781 0
22.06727004387839 5.396278967951117 0
31.07739865364062 8.264093712088243 0
32.87626023447694 1.715002721129877 0
22.74299565274117 3.650872086042962 0
3.681968643926229 1.460740528177104 0
35.93208940828143 8.327375883693897 0
35.89879268012258 1.70069325858914 0
16.88677410044095 5.568460455373033 0
14.47356979432224 3.180716187800452 0
17.03649144164019 1.700225526974514 0
19.51760474509653 6.462838662191739 0
10.06132129816759 3.013005130149768 0
10.47395590534274 6.633218851295947 0
8.743354443008625 5.854827305960543 0
16.77204836822696 8.363266064300234 0
12.81150272561018 6.563907084961107 0
36.22364931999675 4.47135349010577 0
7.713903716589576 5.416864341657586 0
7.395363324942949 3.106628174159859 0
9.414969391659605 4.902352832645387 0
28.26900399140572 6.618217156416431 0
17.55723710019478 3.721805748796764 0
35.55058611373128 6.378783885373323 0
10.7039816780837 3.791511828641234 0
10.89264921084258 5.752853414733941 0
7.146267568168521 1.283185710057362 0
7.758233460252121 4.605461930516206 0
3.350190888117857 4.598513743048555 0
2.874000098171795 5.57516334683599 0
38.45347447564619 3.557934273825588 0
38.41211065866578 6.398264674512903 0
33.52674957734125 3.769564499024149 0
19.65706586220378 3.68562382577075 0
7.635994226666207 8.79641825558768 0
8.767906259885624 4.144536404676762 0
22.76382210545507 6.757512800086788 0
5.129359619385286 6.982437464020018 0
4.902085585803124 1.297538902894029 0
30.59888699362434 6.438087315879348 0
25.07118094223098 6.359336064270991 0
24.71392400568159 3.86650410316485 0
30.25489522833961 3.882213559016611 0
6.748803674558384 5.62414987950084 0
1.331485409775812 5.500216394554858 0
8.380085021768469 2.770182919034172 0
8.108570427740649 5.732313223836035 0
8.636873753677008 8.664758369836306 0
6.804600230403432 5.013022712624617 0
3.155635818894013 6.894855277731645 0
12.23766234808552 2.70332877534313 0
9.244546755659037 4.602031470076836 0
35.63061703014003 3.169859287870076 0
1.279419637404061 7.498643756181879 0
10.09054626913828 7.447672574860587 0
33.34002010318689 6.59600091144853 0
4.424769521544153 8.795486638503011 0
6.772463731371621 6.703432160637771 0
7.592511004614003 6.286702153683165 0
7.918886099709958 7.089046626678316 0
8.092522459975916 4.274765592041549 0
5.724731903482784 2.624971392105641 0
13.02575102132026 8.767965895493923 0
21.0696090369538 8.62089469569662 0
28.97327455563362 8.706607380436578 0
29.02038416715406 1.3215798287128 0
6.401102500810927 3.679543974092486 0
5.695647198897572 4.290413165335193 0
23.56862707158179 8.689154013333146 0
23.51169338163507 1.370325199278134 0
36.73209022230888 5.710493661455731 0
17.05350140407948 6.863396921207696 0
18.63321901073383 8.710089966003341 0
4.993198843649943 3.832943694930888 0
6.585308298796204 7.595495986564748 0
13.13840770432436 3.508581454915995 0
4.260550447178965 4.595605411396868 0
34.03209943965275 8.699350585377498 0
34.69636988032106 1.301720476387537 0
18.89111671835145 1.318111729984994 0
7.421563934829535 7.996684513211376 0
5.561178006862514 5.394622372355525 0
18.14723684099196 6.242601610485088 0
1.189119235859005 8.697039169594181 0
14.67262135693124 7.162258008434131 0
37.10546762302973 8.764591128788229 0
37.10546762302882 1.235408871211132 0
3.352770190561581 8.62957948903029 0
1.133805642818666 4.260087668243689 0
9.428703422062666 6.270407521872915 0
9.658483329151455 2.389761637902526 0
16.60517788826366 4.37026526132713 0
11.06645664459037 1.897058150014638 0
13.24133202697617 5.552320357156595 0
7.997793134485398 1.571979561648445 0
21.27465857461063 1.233975890144024 0
11.49517719435142 8.8557472106557 0
13.87755027161374 1.200494734909866 0
4.754237269747003 5.412105555511787 0
9.88698639509829 8.934890185466166 0
11.03391449792469 7.400239885150229 0
2.786099335326103 3.707509368055395 0
26.77578585508102 8.786659833954023 0
26.77983839187855 1.244117535174411 0
5.556246399481831 8.957720157273377 0
9.233395165231153 5.384247644663056 0
3.514228314719839 6.085498490027737 0
7.559694858863133 3.651729792079013 0
16.07513268369909 1.189026673728115 0
3.999822652606233 3.041783597043095 0
21.51284033215081 4.329573312576752 0
6.956058024804859 2.033828540141411 0
9.261242626812173 1.108213509613585 0
10.45254241993894 5.307075204379669 0
10.33524558716343 4.322948189582401 0
7.387824987436501 5.760514384896373 0
23.8367955810535 6.216053799136708 0
8.563916872225192 3.322945622708741 0
2.680908165740131 1.152484412052633 0
29.3805047625893 6.25230957500191 0
25.37924160389079 2.762017758905467 0
30.86423722568135 2.789788742189097 0
9.384165461976748 3.534898501671549 0
8.484061111641454 6.419149648187565 0
30.20660657403444 1.154509377924916 0
34.63716790662041 3.802660254169233 0
5.174131333923105 3.116406154961701 0
32.2521989320513 4.415971108106443 0
26.69412869023404 4.361286547651259 0
14.20413965935678 8.868543279064237 0
5.721136705148715 6.432877555142427 0
34.45232487576779 6.148709507459891 0
30.18272665260192 8.854143520705231 0
24.67324251421057 8.875507305920987 0
24.67345410254844 1.11853540081279 0
9.168102174921442 7.38647843176162 0
7.344651165155334 4.190445386913033 0
7.209957417777442 4.940743340689759 0
38.82126635048479 4.608040557629549 0
11.71787941361899 4.670665813492733 0
1.159917105364221 6.506586335166075 0
14.33720789436216 4.951329657082679 0
10.67336169284198 0.8679172539089646 0
8.426303521511292 5.748252907165202 0
6.853526170814093 4.34482750886984 0
12.8342207456489 1.042217544539443 0
6.821273562974652 3.325154853312101 0
15.26319442345076 5.868267199829391 0
7.728106323132437 5.140712179204708 0
15.41942549953416 3.828614537435812 0
37.20529426419506 4.069881910334847 0
32.96689512294017 2.897397621920416 0
39.09051198248122 2.570151854963298 0
38.87069561580718 7.391155746969893 0
31.88196184151013 9.052040076244721 0
32.0141907521302 1.038438095026083 0
8.06145488455804 6.066911375901103 0
17.12452066269586 2.799344968649479 0
8.439389439870437 4.253247804257093 0
9.003050193334818 5.568516800797971 0
0.9334852349206778 2.443068163789438 0
7.198741140754339 6.519585985164778 0
6.287584729397005 0.8986163916774713 0
18.46537500695839 3.833507866058836 0
32.01919806883139 5.693711632584572 0
26.51272293040762 5.695910313239383 0
17.64329749572991 8.951431652866624 0
11.3899811401239 3.583302838433823 0
5.875076372748667 7.665628009587524 0
12.22698025094561 7.125511855948681 0
7.951756258170398 5.518478791691162 0
35.05595087375276 8.939895341120932 0
10.31020769196516 2.307925427435907 0
8.996305392980055 4.436515547993088 0
8.043169570769329 3.944861674877397 0
26.80838331186685 7.854418505714663 0
26.8487053687068 2.277958444800057 0
33.67268927129137 1.033733625042151 0
4.553245054015127 6.033854176261157 0
15.90934121189884 9.023465757420817 0
35.82976204441771 5.251220017277764 0
17.94668942965551 1.038935879704204 0
28.47742775033635 2.677323398557182 0
9.978295219604737 6.346852541074725 0
2.236231702069982 2.450790207794186 0
21.10736310986128 5.843545489145266 0
2.423272436040197 7.416889440375561 0
31.09297221617826 7.247786710200428 0
19.37878432921183 5.369866177304745 0
29.30112579221366 3.506112751256405 0
30.23306332295048 5.382095786372293 0
24.7276198514578 5.367169719548103 0
19.59957369621474 2.597387358687331 0
22.74001603364437 4.777227679019141 0
0.9761265286110063 0.9744330566341979 0
9.528254807105387 4.29025654930764 0
22.07253710000504 2.830564677584784 0
12.41615633209961 4.649820526140656 0
25.14017762931792 7.397497837245172 0
22.95325101385994 2.600313120276885 0
28.28253213418801 4.612376638870465 0
15.89990810344482 7.790791063535583 0
19.22755283087895 7.395784348243735 0
25.89044981565299 4.028491443158573 0
31.39023369767768 4.047680184299235 0
38.97343863512277 1.026561364877276 0
38.97343863512285 8.973438635122882 0
5.848966492244267 4.879479268983882 0
35.38707079484441 7.374115159438066 0
3.169576366447064 7.77263896177657 0
17.48625637608032 4.759341174812251 0
23.72097778121252 3.999674997632829 0
11.66776667849196 5.880847106509592 0
31.89328404336226 7.834793172229797 0
32.05488368572955 2.250244815025987 0
8.992809658889357 6.72011910115309 0
20.18847795092611 7.213005755301163 0
3.651152993420859 3.623866018068507 0
39.01398850145323 5.593484010309546 0
8.815902712375186 2.475248478172298 0
21.02068166270934 2.203443754673079 0
28.41434075739877 5.572163072466083 0
27.28202001834717 6.265542591133073 0
14.34655212186822 2.371196518692788 0
2.963188191498183 1.88628258351731 0
15.15080828698038 2.711956751641169 0
6.218340877862083 3.200026855058128 0
23.03676703580645 5.827707427864053 0
21.46905790356829 7.726237321191279 0
13.63433923417711 6.773189586623302 0
33.78932934479181 4.710888854046065 0
11.36964425601473 5.242126287768951 0
28.49807659978698 7.510611812691526 0
37.95763194033277 2.710918403947526 0
37.93643922711136 7.306557621238719 0
7.902970467791145 3.06861068686501 0
5.750421584573971 5.898285808229231 0
7.168422160265695 2.577981225827901 0
5.328536198348726 2.034014356544213 0
4.021529078053208 2.271132170490358 0
8.287291546080594 6.75628494428973 0
11.66153642736938 2.272294214165878 0
11.26075191997418 4.190599367039339 0
7.625137752720199 6.749272839637796 0
9.230726885272121 5.071970316516017 0
8.325277034583115 2.235376003153714 0
4.442102405651689 7.209539383123797 0
28.10993852594896 0.9636969847507584 0
28.10993852595081 9.036303015248613 0
27.43739201633572 3.014828291390641 0
20.21866170554495 9.007733590357658 0
20.57133153078178 4.057518942233079 0
6.879247764721986 9.23484482521649 0
33.4298673867829 7.47708119099103 0
10.43072318171472 6.042306600911771 0
22.72419445122399 0.9679198755173998 0
22.65678384221847 9.043594618711554 0
10.198263217974 3.581670503113293 0
7.794083276769062 4.930473271164833 0
23.06680386235667 7.697521365406073 0
6.721097893563421 6.273392122064223 0
16.34319281246017 2.180004987659721 0
8.808460291575864 7.873028170787601 0
21.84563843105947 6.379793247723026 0
14.25767942912955 4.228331279464413 0
3.373031231365399 5.208871424334651 0
7.959702735378185 4.454399232474636 0
2.07752029772002 5.754694668074842 0
2.576938466069952 9.133682983135023 0
8.427191209687004 0.8252995965510612 0
37.65032670419904 5.924607043864025 0
9.53405921611866 5.717024199000918 0
4.620342943203457 3.422356981878595 0
27.54588650483639 7.179221651787703 0
36.69744246453707 2.112486993272207 0
36.72727421727294 7.883125215067273 0
10.75683674919657 9.027967962156106 0
11.32163625733943 8.051589969982027 0
7.72130088950549 7.530571545524348 0
14.61249439504058 0.850425501047238 0
2.879249498207691 6.260602176546091 0
19.78902544414301 0.921898142179525 0
33.21062852234571 9.107089502895523 0
16.0241978346554 5.49336016808774 0
12.73687864190125 7.575357360227365 0
35.38588502273666 4.463352699211963 0
4.135402493089256 0.8533932441860377 0
9.990474344020168 6.868797494394067 0
35.29711033438953 2.45267952407988 0
4.7735554706959 4.359841400995169 0
37.97780545425186 9.078051623810467 0
37.97780545425076 0.9219483761894544 0
20.20706225776133 5.886378690404358 0
36.29883745956553 9.147241881122373 0
36.26580604715227 0.8497849208665142 0
8.553467917229938 3.667183271036683 0
14.34863673579953 7.954425656123755 0
12.09616082680669 6.333328409481685 0
12.27409676517622 9.219457066704656 0
11.44745933840585 0.8708657121657926 0
27.45654631767075 4.165549464244376 0
7.875173379313706 5.307159236637427 0
12.508463980335 2.065593059112281 0
9.980077147947656 5.306681123490526 0
9.581143197990153 3.034230569862935 0
19.29442259846063 4.443601168105381 0
26.07225718840704 9.153800120068604 0
25.94503922335245 0.8898220375988884 0
1.865165514189898 0.9039765565377289 0
33.73993489406897 1.918508475424919 0
0.7753559638017331 3.542456458094897 0
9.211910439763935 3.850001022439647 0
5.825235819842268 8.304850658214386 0
6.445178938579406 4.823748646670244 0
10.62231997365963 3.231370600463561 0
9.151746473694084 9.237465346923909 0
7.103751279535299 5.624748306146003 0
6.108740642874738 4.054261059174912 0
24.83324657355281 1.987503066694424 0
17.32589897665239 7.633677467569055 0
4.964799228494231 6.43746686843465 0
6.323212041294262 6.523040256029515 0
30.32305702242087 2.011715669850223 0
16.80053513956498 0.8157101113244243 0
7.93273381454367 8.268722063621052 0
2.091476495754571 3.815001313316512 0
26.01648779959156 7.493020130054898 0
30.99106284565393 0.8232380271039481 0
10.91024923046591 6.311139079100948 0
30.35704218409747 7.978729009331291 0
4.595687000431818 8.109487120273581 0
18.06128282783822 1.945524513237209 0
8.698388508200871 4.347103016673749 0
7.46355186243848 5.131911624963716 0
6.902967602372483 4.694528655147469 0
7.216896401977254 3.459732239198491 0
8.208711590815675 9.280043223243513 0
30.96885725209222 9.186426036747854 0
9.174586683916957 4.763002101216631 0
36.40006235626469 3.607410137852674 0
6.34099197987144 5.660684613500538 0
14.98938092058583 9.201709745038857 0
33.71824607887606 5.622474834123958 0
16.39201677257035 6.266308849519911 0
5.534178921286667 0.7476715954288612 0
32.79634212681285 0.8833222042765245 0
21.84432438449925 9.219803838966342 0
2.82399671987616 4.9188866626779 0
7.493008554413511 4.458484530714769 0
21.92383439140793 3.69981411125437 0
6.698723502082564 3.983218275828432 0
22.13451555993774 7.29278966082266 0
3.810857790572283 7.110231321402915 0
19.42036850482856 9.113830862408561 0
13.71083303202301 2.978704908340567 0
7.73785986534192 0.8811775389174088 0
36.14843596368477 6.963388648090122 0
12.56028600187712 5.852284025241869 0
6.245754495829396 2.329721770513601 0
35.04533555230679 8.088628795014751 0
9.554196815854457 4.647786484223178 0
9.928601920293406 4.454392419576381 0
35.4512695137598 0.9196585585243979 0
8.914422436019613 3.402741975062227 0
16.74858818537284 9.182400939976219 0
16.74787055482286 3.59462143016178 0
6.790820764399858 7.141842868201856 0
37.04902233211232 4.961059105443654 0
8.699695208752011 5.658306886998218 0
10.36816804071943 4.824106683435013 0
3.870684828448272 4.315962442244863 0
7.549173247177897 6.01401468874951 0
20.31071861743254 3.186712182642378 0
7.491391671509444 1.833216212031137 0
9.395356155736707 1.821949328521566 0
1.805799959168014 9.217056899715805 0
9.954334573748998 0.9233799561452165 0
32.64736821867118 7.261822622922667 0
3.365747259345897 0.7552054481660999 0
0.7802338476813395 4.956941915143637 0
3.807521341951381 9.142367125208741 0
7.626451161498726 5.668350076943699 0
20.68527123583452 7.875106953188729 0
17.67849358641256 5.477975816025644 0
10.03689535965144 8.028751227285046 0
39.19565106500009 1.820233182411633 0
39.19565106500076 8.179766817588071 0
32.65076703492134 6.264081136904819 0
31.37341711523954 6.210904415065527 0
25.82961611205124 6.215052519025059 0
7.065961748929576 8.572772076757724 0
3.853521525232604 4.898487747457118 0
17.92564106311346 2.974517482213411 0
6.590398486468171 1.526104104180495 0
7.002174676932261 5.29974624377083 0
2.449219088877392 3.154497223725682 0
32.96597227224289 4.354844539343993 0
34.83652725035655 6.800507181371734 0
24.70170609986833 8.044518908750911 0
5.626018172937494 7.183732464031044 0
20.51665369062751 0.8250423996425398 0
23.640877918807 3.179002013907573 0
39.21568168813978 3.869525491149505 0
1.546261193813037 4.813091661627423 0
4.045596300552993 5.963116363257678 0
33.7721954176975 2.993749150600621 0
18.94452790800317 3.220264661142576 0
8.655151795937069 6.103955745038395 0
26.06009760106813 2.463914912877162 0
36.07836342253236 2.591942777405096 0
7.099339939187294 7.599771407206359 0
6.203248359624965 9.163842736314031 0
39.26381262662928 6.586998561703536 0
24.45536874903826 4.623236970180212 0
30.45785442102323 4.616287321198515 0
29.51548539223052 4.209351253619668 0
30.29819379194944 7.126750575880148 0
4.607958130041266 1.880230396518084 0
8.2971631434473 7.314868030034692 0
8.707023736791983 7.429038314688325 0
0.7353675029344549 8.05510163632621 0
32.65855553304794 3.688214067322152 0
11.59662861360821 7.414556337795755 0
18.64779008137797 6.753223620912742 0
7.805202153854346 6.126622675145057 0
5.225445824410094 4.282278365345888 0
9.629589153777454 7.258384293621372 0
23.56686647685684 6.908349822515901 0
37.50680139737046 2.009292955260225 0
37.54324815420617 7.96684282542152 0
8.648621853383187 3.919653911931696 0
8.27353712443384 5.640440103041243 0
11.65070743150554 2.970511980643077 0
29.06552078318752 6.868333764173487 0
17.99865653344884 8.236357820800531 0
0.7306342934559333 1.717707718240018 0
38.05564565838494 4.24832160633088 0
5.025265094538168 8.559291547049504 0
24.57638643218498 3.074282828597689 0
30.11102568331651 3.07856341769723 0
24.40158139274842 6.782895640197478 0
21.92721711216426 0.737912113655246 0
18.80657964002976 5.917837662082805 0
8.265657087973629 6.228434766990032 0
8.976633572932119 4.019155178711281 0
12.74261654887015 4.007923819110291 0
13.68502327853477 8.37830327338661 0
7.909271155458085 4.68424885250985 0
3.938256959088895 8.393050549650209 0
9.25382093241428 8.622000772445293 0
15.27287610357938 7.576834109021933 0
12.41638478768014 3.384205474758613 0
9.145195430002246 6.106951001569953 0
10.96568057913748 6.842209383908111 0
0.7212133030428836 5.929865965181892 0
9.020771030349909 5.435437283629158 0
4.338540982612752 5.155747113140631 0
6.867505986956368 5.955382463313253 0
8.299776460410699 4.37202234456936 0
4.964320994247643 9.259696752510928 0
34.84863353643842 3.133551234183447 0
1.58778031309796 8.109044840939495 0
0.6997091528152287 9.250474149236805 0
27.37970721499096 9.248996668712572 0
27.37970721498934 0.7510033312892753 0
14.82215693243329 6.444797768015048 0
12.20308748103399 0.6835504029130642 0
19.16250081821106 2.009176508283352 0
5.49175320469486 3.916474165937973 0
8.11920900995589 5.554676731826598 0
5.481561969413702 1.454293136465107 0
37.7047486405069 3.413969060380155 0
5.949467079093162 5.46128127881753 0
9.021607413008457 4.566924925712731 0
29.53197826975401 0.7409820926378483 0
12.93943667956353 2.81646034771052 0
16.39425996842676 7.176379404010007 0
9.161318397383519 6.432310477130383 0
7.951499581309556 6.7096883498927 0
7.519081654843963 4.686890681514631 0
34.08383014634544 6.805786203908479 0
35.10054391029409 5.764153294583624 0
0.6759543634628022 7.050457328650323 0
2.765706823848372 4.333129588695364 0
4.942598732583072 7.517625789954945 0
29.50990914821397 9.259039283665622 0
8.709611670361991 2.957343619241793 0
9.704089215311292 6.033643529704174 0
13.79096282396868 3.706768631008933 0
29.65760053012728 1.771254665585686 0
17.35657932129065 6.203978872864677 0
13.39120543793421 6.200961648360038 0
6.045877924606104 4.5032835459951 0
5.164671479072464 5.554617423960909 0
7.628640409248916 2.766310055255748 0
1.789089230288558 7.073005810819865 0
10.516918710874 7.16586206143244 0
7.754089987252135 4.360905573809179 0
24.05220698449235 9.256418685516834 0
24.05220698449144 0.7435813144816491 0
15.43706786801949 0.7333280591041611 0
25.18477116577948 4.41187001956152 0
13.55339513906398 9.282501079687336 0
6.607943252268718 5.303307227420365 0
17.79888594870203 6.85714609356368 0
9.797488911941846 3.449071409082487 0
28.79078162883756 4.066523871323129 0
7.018274635877874 2.956554701010336 0
8.212564252417977 3.222397864691988 0
7.532158608049204 3.958651844251041 0
29.63840176464324 8.25039797390691 0
18.73861452995069 7.970306803313679 0
8.261042445873157 5.875096735860679 0
2.2715564764742 5.184089055116046 0
21.12381043945203 5.030949093355493 0
30.86423800863841 5.737565240506164 0
25.37403760368542 5.706565426306447 0
23.16066789872418 1.883739382912785 0
12.65945069508605 8.244928171326318 0
28.61808069247421 1.886250175624253 0
13.2534914297941 1.577375062132042 0
24.12021925884917 1.784485087765281 0
14.95426607154965 4.349550653281144 0
10.925499807914 5.226388151935025 0
6.929938911043921 0.6471425127385353 0
18.28637312179029 9.307315004707114 0
37.63199100874179 6.648996161328007 0
36.24542627169358 6.246177490057585 0
38.27716886959823 5.572098591529663 0
7.779376414953521 3.361935621373921 0
6.838940450892069 8.055497648431347 0
10.79765889378812 4.310669902878963 0
8.281477372727711 3.755715961946034 0
13.91014776267935 5.470620962194625 0
8.413719597034548 8.195481506396241 0
12.75154641486866 5.267387418408928 0
10.61960011887579 2.708543814187504 0
25.25767305704858 9.322598729322133 0
25.25767305705185 0.6774012706835859 0
15.58591028135072 2.053760205085332 0
8.49605462050897 1.345384222909748 0
5.765804448900596 3.097867459653782 0
20.36183308302687 2.421824525033401 0
22.04997115287953 4.66283494291438 0
15.86396780002326 4.33222277882158 0
3.418785900725438 2.30022345766797 0
21.64861540779076 1.903128830981389 0
8.124145612632445 4.414692261255506 0
7.792528095203919 3.829519861292539 0
34.25965281374713 0.6291604423964241 0
13.42300597043823 0.6845775039811488 0
28.75863574694543 9.383055120245913 0
28.7525596988416 0.6643411611221798 0
6.272562077372495 8.00142650078962 0
33.58635478209199 8.201582177706877 0
6.836018372362116 3.579775819495365 0
13.1970923932106 7.052410693828874 0
8.655271590515383 6.710850259580166 0
7.856899716900079 5.064529171460664 0
25.6572319044841 6.894015346892755 0
20.43609781994409 6.52195477736777 0
34.49048322517527 9.344628654138823 0
3.691664863121968 6.59487094577528 0
4.869639401973018 0.642626618027459 0
2.371264039147241 1.680530133515449 0
17.98493737657054 4.282873684354041 0
9.38980202852373 5.966751878859271 0
18.56136624107346 0.6994895245594922 0
7.502026072317792 5.476256900098591 0
7.083659857312093 6.899980927914941 0
9.143408929887975 5.185175959633987 0
10.54211919244271 7.681266314307653 0
3.589772673803485 5.662069474989704 0
4.405991827817785 5.682641531581801 0
5.24966204473859 2.616889859366724 0
39.30710339711334 3.21625002584777 0
12.05498373379201 8.589794827941315 0
9.247944889411299 2.642960381666314 0
4.70062722087084 4.867987991278266 0
9.716767687514839 5.039660379477402 0
7.350541870794381 4.876420165955005 0
9.006451200948639 7.130432034150435 0
26.34989782366998 8.239295552256774 0
26.3498978236697 1.760704447745653 0
28.45401528126239 8.288135584391744 0
20.95733893466819 9.317940714888989 0
27.03406718765689 3.671001701703572 0
10.18435949496428 3.96462022818397 0
2.589293962846241 6.821347857814237 0
7.914855218972106 5.714461371411897 0
6.502104047779058 6.990364756604525 0
6.284883106148335 7.381009349563864 0
23.29953924738481 9.387996986838328 0
23.24979498477291 0.6914096787463944 0
1.670520519888934 6.193859068822777 0
5.184596972912641 5.063200567735575 0
16.07863964153784 3.700214117828984 0
8.000300175773228 2.596898329414411 0
7.482495417502872 9.411015622098928 0
5.490203926462033 4.634112029325395 0
32.50651122098398 9.347378081088468 0
8.550005692670792 5.902847083210305 0
31.58926408968714 2.656163590981024 0
35.1633894508694 1.717660347274192 0
36.17781542946234 7.637286195066167 0
14.3105856713688 1.689926730162353 0
31.97874500815949 5.022480615916594 0
26.82718420267893 5.003823328432284 0
24.00225950540186 8.163323029488529 0
9.386827727237431 4.099907562063506 0
14.73027985236937 5.681926645812901 0
11.29592380728398 1.358213158624837 0
37.01523354819923 6.320503831458318 0
6.983602784580064 6.371746374795126 0
10.51367120389122 1.513806857091458 0
9.67500356596074 6.515452563518431 0
23.18602944342684 8.300573262642475 0
1.595018093285409 2.523548958092909 0
9.363890474402986 5.609197213166897 0
8.563433455710012 4.109502558940515 0
3.246676980590385 4.045932669334627 0
19.88778456325285 4.486509174181945 0
21.78218270903643 8.484798877979042 0
35.62358964061914 9.335919991646794 0
7.893122483040218 1.99050210357803 0
10.99478253582874 2.37464691826269 0
16.50119225625776 4.85547618588083 0
29.73682590956258 6.753228543397396 0
36.37854345574824 5.25772183864212 0
7.809258348347788 6.475497681269091 0
14.04743673120678 7.258823075755703 0
8.580954195551842 4.359068686945292 0
8.781507963718406 4.42744231081976 0
10.34574738163826 5.567288788241368 0
9.771036622608094 5.492695300591699 0
8.263094955081666 4.139083318979986 0
7.155519885043095 5.860464202135359 0
9.015528994879329 5.980357475394166 0
5.300539110103985 6.3964066936671 0
5.362106291167458 3.415306512313333 0
8.860873309806383 4.258809598639724 0
7.167315339402471 4.374330860926555 0
7.064007613295642 4.085116858756569 0
37.21921444310646 9.337770772701148 0
37.21921444310296 0.6622292272980449 0
8.57157750188837 5.649162042780707 0
4.405733263938162 2.855597242134558 0
8.015892773640372 5.897580080612201 0
27.82977973971309 2.625033585805468 0
6.15669628959534 2.770515824857287 0
15.80954402550742 6.129288310609587 0
10.31961201228536 9.444441213762008 0
8.132035975423998 8.804930691200203 0
9.859522119022866 2.684877118144818 0
11.05541582705715 9.390499080431891 0
6.543282031945475 5.869608309309638 0
19.3148149862156 8.502897480991322 0
34.41866825483166 1.795730497412021 0
3.179943416223228 9.389853888641335 0
9.243753777136341 2.14914133648427 0
8.782228366115334 5.573671236585817 0
12.9264525726446 9.435750429497443 0
33.19917946282254 5.809640107386553 0
7.700248504458254 4.774521946342864 0
11.11338740469244 3.45372635959002 0
11.97548469333516 3.423472610100931 0
7.329364665232788 6.340733946267029 0
24.4965149403887 6.053684568836442 0
9.150734693731161 4.927832116704144 0
9.67536159899571 7.68602388137067 0
33.79573822803388 9.389424637649046 0
17.1648222004613 4.203315318659936 0
9.668066592127921 8.36113788441665 0
3.053522243311372 3.349739398948106 0
11.19045193270385 8.503568653808678 0
4.623362919597128 6.871379843744048 0
8.015528044341035 5.417283416318214 0
27.93765934510212 5.822490142185238 0
4.267624316010847 1.355597598879322 0
30.01006843382997 6.016000620930726 0
19.30845684321452 0.6565750793530269 0
39.34461283057445 5.09307765717576 0
34.3169638961114 8.152850234302043 0
17.43493425771165 0.6434697239032732 0
27.13119246718206 8.302922496523324 0
27.13635888401946 1.728847401281767 0
3.990970388497558 3.418206558466362 0
1.451712812246114 3.780561597795873 0
9.047377861427108 1.436992515074617 0
10.30028548444705 8.469116657328623 0
8.370607389590313 3.468719728971605 0
22.5723306866251 6.039099784162026 0
14.18276500639781 0.6232308900254843 0
16.23735130383447 0.595491737244509 0
25.18391310413316 3.539893710928099 0
30.6544874484719 3.566809521655923 0
34.40607876901029 4.482059553999655 0
9.091416764910717 3.629485430567994 0
15.70672193842188 8.440708467888641 0
16.69402624509503 7.734531930183548 0
11.8928572582467 9.450446422938116 0
25.82555373080743 3.281764589333632 0
22.38159503573906 4.080454812254624 0
29.87655432342962 4.828632373938811 0
5.451425176757729 6.79169617374545 0
21.24248866554617 0.4535378783483772 0
15.1910205298781 3.174379330913152 0
19.55222132552789 1.497288210660393 0
20.81143753311982 1.625686099531501 0
17.34135532641927 8.434398013813334 0
23.96809629662347 5.492276404203048 0
35.91910863283866 3.805539680948129 0
7.605676553221874 5.272711026718872 0
0.6092583311643702 2.902697017931081 0
4.840612568206527 5.83296452322717 0
29.39444868496015 5.538119013614481 0
14.2368835695285 6.68931182827022 0
24.1791918498682 3.540305584416978 0
4.322685235573745 4.291672373051945 0
28.71771431295716 6.150428339553911 0
11.70035871964186 4.21756723427343 0
2.884751195433031 8.306849036263205 0
7.319065677098084 2.219554219536856 0
11.32696103928748 6.024730916267182 0
6.102039078857255 3.733921431016037 0
9.358855665098368 4.384194106962219 0
36.52258924451505 8.463844952160589 0
36.54596339812252 1.573752800569098 0
26.53655936588185 0.6936018423502257 0
26.52355369019429 9.367341208102744 0
4.698876863431626 3.908227735476217 0
7.919329734935074 4.810819274071942 0
8.018170098329929 4.600010770593549 0
7.54147174521716 4.223607616561778 0
21.45581607293591 2.672965446061416 0
8.461771209610923 6.197660942023386 0
4.403721505291883 9.487567765298477 0
7.67777748473294 7.048106434582814 0
18.59320096324618 1.757757427903548 0
34.0684052313845 3.574018518552108 0
31.53529596995396 9.2985734806355 0
21.80047788706769 6.953359137776093 0
3.138891681442161 1.440668255566214 0
31.53460023808265 0.6422779882113543 0
31.77001918045915 8.334717757539705 0
32.24798608170487 1.660311593800494 0
6.682513886685557 2.420330193231435 0
7.881998371239806 7.877204544747231 0
38.49533134534123 0.6678016741139536 0
38.49533134534217 9.332198325886294 0
23.34917174940164 6.218836516692601 0
8.867026345179523 5.71666365794756 0
11.43111964955828 7.102105173154251 0
9.58382927396768 1.336264331055042 0
21.04637171737513 3.737641654603586 0
7.754874272694535 5.574916498674575 0
20.53772677386488 8.545462626636342 0
12.53471396653831 1.398469590373836 0
5.831584066451893 2.192363490790711 0
6.50883157122656 3.390290797044691 0
15.08412199509548 6.867404873922947 0
27.20986858919612 6.831823423907217 0
26.05028576373969 4.56467067101622 0
7.286170966789138 5.605889472833071 0
6.03554075579979 6.378571182118242 0
15.50257697059349 1.243147045464443 0
29.089651813663 2.111378469151466 0
1.746931501945518 4.289076973802162 0
6.40855101918625 4.107900475492607 0
1.855915504624029 7.757206897342165 0
31.33869577351052 3.283242826618265 0
2.348898887600182 0.5806583860481523 0
0.6349393630240325 8.668685266081962 0
26.3524694897939 3.858864245169698 0
31.86957444211438 3.887660330507753 0
16.49978052096306 1.48193382270761 0
18.34744152747096 5.609055122267575 0
0.7087032043603334 4.08680761301737 0
11.3189720881544 4.814699671918756 0
31.52351341101082 4.460395435167309 0
5.462824633083862 5.004909389002158 0
13.53948682897883 5.041583517569522 0
5.749252941975465 9.437740223155952 0
28.66734115148343 3.184369861721698 0
9.413342712221384 5.158217510150706 0
34.30678506075062 5.407819458457563 0
32.43287509571305 2.72668734701942 0
9.519374489970961 3.817934352716794 0
2.725501244575161 2.391102724076168 0
25.36876379989015 2.187162771584741 0
23.19673407795145 4.110797530563852 0
1.870367004205778 8.819941123035159 0
39.38315872300301 6.035564323208352 0
3.496069961904287 7.361787262032616 0
33.17211002502692 2.212573418682489 0
18.10032547216694 3.480010200703004 0
7.905538071928255 5.17814818520378 0
9.62661209163803 9.465652661045873 0
13.69969076143911 1.95498584010549 0
7.434081900592036 6.545380447941962 0
30.39087107971584 0.6879906202210925 0
29.05224092805911 7.964759600639126 0
6.505008982248312 1.903609713880609 0
30.8738989646219 2.273967919615594 0
9.916096667092527 2.07510067170292 0
2.475976458779622 5.994209168554858 0
9.029433753043108 4.706212471565911 0
3.483394286472544 3.056459379303222 0
17.39130174406534 2.165066528594113 0
14.79248757686407 3.76124494082959 0
7.378711520592494 3.787992095234652 0
11.80537609844083 5.114520755567066 0
15.51353180165741 9.398895312041089 0
39.31939620221807 0.6059728891700892 0
39.31939620221834 9.394027110830171 0
8.765951642290565 6.441039776495875 0
3.55362293965264 8.041416403553042 0
17.22551728762483 9.444896084431923 0
12.20356984954607 5.945977359391568 0
13.40245418806425 3.918822087915947 0
35.10411516224973 3.743721747153418 0
30.37278041046316 9.319204846412035 0
0.5719599515553282 6.521930389423396 0
6.153675709278416 4.962831497857026 0
5.51938469226807 7.589579208134682 0
16.640851805106 2.585264388276263 0
8.876597350851938 0.5460772944698058 0
8.386309571451976 1.764185098858835 0
8.757066952138471 3.568911321017277 0
14.675826287421 2.731034739031299 0
33.8285448319989 6.103997764438436 0
37.61693694620403 1.447788431621432 0
37.60705231391142 8.553344879386232 0
14.5722248035961 8.479229007272426 0
37.39401811869025 5.389694756102056 0
19.6497249969654 7.066714840314647 0
0.6011853467458603 0.5625831974490882 0
22.64841337679236 5.212512406055184 0
3.30323864062102 6.54920144426244 0
27.64482746024075 8.715794592601963 0
27.66427712130078 1.278405471869913 0
7.33129124959132 5.981570036073965 0
6.682121309966747 4.457627222205257 0
10.30833238841978 0.5213883110629457 0
20.75676195018985 7.32669876052762 0
34.90716585757128 0.5130444291602394 0
25.27830042403703 8.722809607987362 0
25.27207361263983 1.275460972352637 0
23.58145702635974 2.212270920118639 0
13.23394320101146 8.021326232279407 0
22.01990899350279 1.364217614545684 0
9.572829353867466 0.5440836338345735 0
14.40668786648707 9.3215209683952 0
7.094125602823137 4.770201124323183 0
32.45983565016182 4.902372575802127 0
38.36465141338504 4.928982347993908 0
22.64081501329702 3.011345710144992 0
18.93095491742964 9.41448811551003 0
7.923318701300635 4.291786259701101 0
7.975705292460895 4.115346108658574 0
22.50408620214499 2.427559300920081 0
38.49473298622814 3.067390130769702 0
38.50507816742946 6.99255952852773 0
28.05871019090823 5.136847355505322 0
32.32493352753259 0.5438240141116396 0
9.135837690678182 5.527200459494502 0
1.344260081332909 9.512511468602071 0
9.213310797231653 7.10260427947779 0
6.020796941700165 1.306539683223928 0
13.04350502340949 4.71392555686015 0
9.036495420392512 5.287816265681339 0
8.440159046892589 4.392424599352188 0
26.806726059754 6.10929925460075 0
27.09671924358368 5.713985987544179 0
10.16223770410649 5.085488367566328 0
9.135621869476081 4.473824970716229 0
8.876632603666303 4.524771511873909 0
38.31315185154676 2.293533076523356 0
38.43382523969817 7.721536027333526 0
7.485256730972137 3.397361344611778 0
27.29460893147466 4.692531898385838 0
14.01214865823247 4.606279827512066 0
12.07677486200885 4.433571584942142 0
31.33553818218714 7.74317093638925 0
31.6677911675316 7.26651075200771 0
8.278500702089454 6.502927702491073 0
1.366779874601279 0.5589851343339813 0
1.790812951631823 5.33890485709091 0
5.48223149570412 6.196120693957263 0
2.802276082128262 7.414499243665646 0
15.04475322514816 5.119723390676533 0
8.877923252322001 5.476451377615676 0
3.789027590994486 3.967693491534046 0
20.80487738243755 4.687129750066562 0
5.811250043110468 3.913969944210136 0
2.651078970915037 7.843746491296987 0
19.72831259765854 7.668517602135015 0
30.60286059370083 1.519778095669223 0
35.78985334037473 4.772776319667352 0
33.92674623932467 4.130286915508675 0
28.6555372110262 5.033471122413552 0
9.267837660800911 5.23236968976055 0
11.08739308248559 3.788822982993573 0
8.704536021492679 9.482684915390484 0
5.447481643723053 5.657951988204994 0
15.80826081919021 2.57555650763087 0
32.6043797998996 2.230122914614791 0
39.42738284445348 4.394202564207022 0
31.47738080622353 1.242195851348012 0
11.29101469540415 5.696959554059909 0
16.26484641102803 9.478661363728875 0
1.11004401025321 2.929766383778898 0
8.510049648620567 2.480336004389916 0
8.926195288962905 8.43103434120883 0
16.03805378939831 4.956769094313229 0
33.27864120852037 0.5528339963754033 0
5.007683623799419 3.484865602053074 0
31.41824880648293 5.428056741051381 0
26.02649103273892 5.460746755993716 0
12.63426338035202 6.978278304404197 0
5.919777588340945 5.154780442485963 0
3.085795332980083 5.930583359739506 0
39.47712447117524 2.222335953317988 0
39.43026774659354 7.759011920812034 0
7.565296908400826 1.389601520610417 0
24.77006979331149 0.5361246399116329 0
24.77005090150253 9.463343458901974 0
4.571957114596498 7.67745528246903 0
5.791584326874704 6.743222507191176 0
11.02170494795644 0.5513478567660342 0
36.94043459838706 3.669978523003366 0
21.40921090289386 6.217225238891301 0
21.66661814004244 5.850083253324706 0
30.59064185174087 8.506497756118469 0
38.41791552977558 1.229985389445689 0
38.4196053231227 8.770129356891374 0
12.14324192432055 2.27140540723075 0
27.99081525336052 7.54537098927318 0
24.87061263200904 2.570606550843117 0
10.11716378835436 6.064750607769476 0
26.89088813996264 2.833426817505359 0
30.8522299317239 7.809457122182053 0
7.30831968921381 6.773055668076543 0
30.38758881508291 2.581965509096479 0
31.04010711411452 6.65340091282912 0
29.05963905577054 2.769646020073809 0
7.580657899755573 8.376184610169174 0
32.53016454608203 5.600991163850408 0
8.38803732113217 5.630587844724161 0
36.65554466888397 4.155545154485423 0
18.71324495761775 4.579733768802747 0
36.41967632899059 2.968200226964819 0
6.067849950313359 5.858105494317851 0
1.224697932312099 1.935864148020238 0
31.4647546307571 8.689462094446334 0
10.6480530364102 5.569347387715604 0
11.89817289616642 6.719424703460369 0
32.55499933973127 8.637949602542898 0
10.94994097590221 7.770214895851877 0
15.48408813185976 5.399068039737263 0
27.71680806583967 6.656485138190026 0
8.225690387273389 6.052917565888333 0
7.962714574312379 6.239622645380226 0
12.67266319194833 0.5326899986776329 0
27.40455861163435 2.181965829134001 0
37.37852459314242 2.583963011039101 0
37.37852459314229 7.416036988961221 0
39.49758327632702 1.349818497582635 0
39.49758327632745 8.650181502415842 0
15.66567001092842 3.312130201428819 0
34.60225276583503 8.626998744632893 0
4.459091713332788 6.390686083683808 0
15.39104407222743 8.821348328267883 0
7.997245831766999 7.359610293260768 0
27.65346690942462 3.538497404451701 0
23.18434335485478 5.029210115651362 0
10.51112482471753 4.029146119558259 0
10.30450788738823 6.342269011268868 0
38.56932330199291 4.106404475572456 0
11.48046014973867 1.764407655596268 0
32.7868221900623 6.689165305277603 0
22.28695452108244 9.48193741232765 0
34.18534721331504 1.323443037328586 0
24.09310022073932 8.737586552695495 0
26.18452884217975 5.013439984439841 0
27.41933695564516 7.801050190871932 0
9.229568718043636 3.296368132588865 0
0.4821302461759301 2.182778897619594 0
17.2054226244478 3.282106080912282 0
3.719487240190646 2.484381137400971 0
19.0397602862517 4.970240579281958 0
35.57749036717237 8.802901403251539 0
0.4867260680665585 1.250418912752964 0
37.4359686523423 4.58918894024679 0
28.98395746911036 5.676617776699609 0
17.4868405986658 1.177435064913368 0
36.57831878214282 7.372695550357033 0
36.74655818821055 9.548687149583527 0
36.74688679497764 0.4480783009231232 0
7.315936579342029 0.4531293109611419 0
16.85003289460326 2.149819008172839 0
28.18956191212643 3.045304595286911 0
9.411972252408921 6.517514733745385 0
36.19972815669175 5.810332000592831 0
19.64193103708989 5.877412935876137 0
19.99089240807492 5.33956468266557 0
23.49815061222374 4.55540080900308 0
19.22668275049328 7.956383977639243 0
6.651689505164591 4.232778972457724 0
12.55827426665995 8.636257045862815 0
6.700717026423719 1.138030063102472 0
30.70958303525263 4.119687871350902 0
25.13115527544714 5.017540807270815 0
32.5349831287264 7.742831019901038 0
7.623375534382447 5.844786694547061 0
19.26196691700782 3.946833744539736 0
31.43281507891085 2.197384885478979 0
20.90644106984405 2.725507294830815 0
1.38491307250371 6.955484253774491 0
25.17145076897223 7.990376487700071 0
19.71420519756517 2.030622873898833 0
33.10638377878744 3.384537762613778 0
7.093359638442585 1.661638165623307 0
6.623343053049523 3.092121586157249 0
0.5741430948487763 5.462383870699858 0
20.61159148561332 5.508907230643477 0
9.156039896365346 7.770727719661505 0
19.85052761402305 9.466314041735709 0
2.251029543124011 9.521521428541059 0
12.34250277338378 7.544056664942137 0
5.967878708777238 0.5592979240149849 0
10.1679212206499 2.656130099073946 0
1.465189527146765 1.261697581107089 0
8.351477299679935 7.032197689859072 0
3.777162186248883 0.4820915798818861 0
2.486900368023581 4.032055662337422 0
7.290244387031488 5.179227267916854 0
21.93641064363901 2.241284095289198 0
19.79381051358396 8.684383881493996 0
22.26471537169244 6.836034736184648 0
4.322035824403882 2.475559473006826 0
15.72582889492851 7.36773743827945 0
34.30653352419124 3.054101382567282 0
33.85197352288849 2.457866462871343 0
0.5665805707960075 7.53527657670501 0
12.17897089873776 4.957184252491331 0
21.68435466429545 3.200405091494856 0
7.752664788685267 5.283807951189424 0
33.38256268438204 1.500727004960942 0
15.36491322515367 6.396501563678015 0
35.26926539129786 5.00577861529402 0
16.26034441836745 8.534032543564775 0
28.10999375595217 4.104742650035899 0
9.364190633966901 4.732517792818 0
2.877871928974081 0.5053831634327342 0
6.694588269041444 4.818643841874545 0
6.597374488882452 5.058551624165762 0
26.51438469501692 7.311918480335479 0
8.435069714398493 3.078036054543261 0
10.49864490814927 1.939003936714832 0
18.04288516504172 2.442453954746294 0
35.43608216530988 7.854416837038579 0
10.65780040924313 5.030833225873683 0
33.86772356645259 7.834717914844892 0
1.9938778207904 3.026172900648131 0
8.053527214100257 0.4955043274178442 0
16.99263414263915 4.7662314331777 0
6.510389949032792 9.480844503838874 0
24.26855616593215 4.135327467273616 0
13.78702162371497 2.461247975251834 0
29.79217125486639 3.523037738264096 0
1.236268308864018 6.043322576759085 0
22.23943231287882 8.604041895894873 0
17.12913791844786 8.827546769824144 0
11.75159732100075 6.282906943207036 0
6.088714631226404 8.663644223682873 0
3.406651588085112 1.844946169831566 0
31.71525045119274 1.753441843816435 0
20.65275133084404 3.517364710012228 0
9.087363540457595 5.056010589299325 0
7.401192976061615 7.483135037973915 0
21.68523273868778 5.007254107802487 0
24.59567326520028 7.273494620032747 0
18.67488570797869 7.283725337937646 0
23.33104005277365 3.607526746263271 0
8.610799430636346 4.243555695186195 0
14.73958179971654 2.222198306370278 0
20.24997198050897 1.173221245968263 0
31.9132742876212 6.210904415065519 0
35.80339180970058 0.5333939648528916 0
4.131145857399122 7.047209425806803 0
22.62820630057431 7.303491440835162 0
10.57928250359031 4.556183947802745 0
7.675687168503194 5.009794054814377 0
19.06516275855141 2.699254676311103 0
19.4863683562273 3.112684441832852 0
11.3125070160598 3.186738172156595 0
34.91350023459119 6.268828814178239 0
4.853793529691351 2.88388428758828 0
39.46372073653401 7.14024862578189 0
17.91553581679221 5.045831414168402 0
19.60566399042689 4.909026623075325 0
4.920941671126855 6.097167971039736 0
11.50050830943788 2.594454698336112 0
11.71026861810217 5.483589890666822 0
28.90061026791954 4.579897813735184 0
24.94549028744734 6.846061463272701 0
23.63702875354784 5.836893157930277 0
18.16668573207791 8.791072934324703 0
22.8183809766178 1.564620467108398 0
18.43969625258137 1.227632638770704 0
21.33108581403913 9.548933561792142 0
36.58598639974528 6.626941840313872 0
28.16956165865566 1.493027998192538 0
9.792633689751009 4.219857834861919 0
34.9469995052912 9.451599249719711 0
32.26266878316845 8.229981701697746 0
8.952076933658615 2.7710391499595 0
5.639316913658655 7.971240928212328 0
8.626526172328466 2.23289663152653 0
18.44796326215335 3.051117079041219 0
5.970120240581045 7.244561530930818 0
1.880240459821273 2.216913921531148 0
9.616493028363475 4.841051633734999 0
11.61294021832372 8.432422468572289 0
1.749175545061969 6.650162437711042 0
35.62022804469186 6.903666302097422 0
20.15748675706374 0.5076208342249244 0
5.402019582676098 8.359032450630712 0
10.11072034998985 4.67375233568748 0
23.49778586564069 7.996845161208256 0
2.096462923060722 3.4006528305749 0
34.94866081754493 7.632133511204243 0
27.78273343437933 4.804856508271749 0
5.479655862582002 2.87820526610472 0
8.80496916704093 3.995671636396063 0
24.19932571163549 1.208908845202169 0
34.81208521357863 2.165595778128135 0
21.13024169681809 8.134888061776122 0
29.55119710571649 3.040271461945708 0
4.988187914715049 1.722127844158777 0
7.811426719868064 3.614903746179214 0
35.83149953475254 1.175981973117541 0
38.89983904289301 6.162352596980174 0
18.0634393446782 0.5240909355479814 0
27.79208126991311 9.50324189729289 0
27.79208126990743 0.4967581027090858 0
7.905195614985398 4.943319951834562 0
7.437587715723643 4.981471847622142 0
0.5084728640501317 4.545307010000124 0
33.47679412192311 5.130186399123886 0
20.66388172960071 6.080148926353248 0
10.31375369759702 3.26941133230788 0
12.60862254494721 2.493910801260248 0
22.38647691884939 0.5953003725760866 0
28.27577238368094 7.155202435626946 0
20.19406389115332 3.636562829954685 0
7.116612524036006 3.202944052127954 0
10.4982105656082 3.533905455456777 0
7.298013938216262 4.027777407739503 0
21.94459986442241 7.780906852757043 0
3.943164117116507 6.327687237033447 0
30.67646454158462 5.080256819737086 0
9.907601350751177 3.720330983574574 0
8.567941526017481 7.706984711170922 0
35.61925296959772 5.855862404538242 0
5.813354723468561 6.18870716611714 0
8.84841812787878 1.069979354747895 0
6.771398040171005 8.781129637910274 0
32.05498280064155 9.440605579702158 0
17.31115374730452 5.216500225971285 0
8.132523076498146 4.532960503382045 0
4.866189439940306 5.130152966945613 0
7.348819129981737 2.816945774938458 0
17.80759741382332 9.514916642743549 0
9.393337418553998 5.441656339526771 0
10.15846281824488 6.600550462074301 0
3.741012546224443 0.99558968421678 0
7.203095016167439 8.901442218947661 0
29.5622154903288 8.751442876376293 0
33.6216312333753 6.976590451617715 0
15.98202291863872 1.750097311188856 0
14.77409564365429 7.631700693697958 0
8.788046074945187 3.200431412720876 0
1.994514103532909 1.400412071123594 0
9.751462636876237 5.238090280875566 0
3.262975084144905 5.553356397483265 0
8.649636776693081 6.293268630807804 0
14.56325215228496 4.549691999015251 0
8.617282627142243 5.767729490924599 0
34.22432491950119 4.969741857292543 0
3.727495377390032 5.24840759448408 0
28.23714893289066 6.075626903231234 0
7.006990512164895 5.1002910087007 0
8.112558734416272 1.154725935384867 0
30.01565081491541 4.343916460698891 0
8.822279963382943 6.001471814381016 0
11.91465681530434 1.049463034344702 0
4.307614598020175 3.235634357404368 0
16.44206763019049 5.775389962325855 0
3.015072295048886 5.234082349397882 0
8.224961022414028 3.945501072506667 0
24.27585283665259 5.107109846777175 0
4.060287848958663 7.355819422049422 0
13.85681731586048 6.377564108588529 0
11.77430301323166 3.794173641491928 0
13.86388753854425 4.106293088575992 0
3.184434126376148 4.904565841599207 0
29.5825183542614 1.262414149001073 0
4.035235257888209 8.771059040220175 0
7.840179341764506 5.473421089232466 0
7.059394962436788 4.576900957577021 0
7.654581272743979 3.144189135153733 0
20.0333494517532 6.290845142720348 0
4.904960686513849 2.117971501425048 0
4.029128242306 1.756801027538691 0
11.79488540358261 0.4548849386257636 0
6.260329362711471 4.617941302893314 0
6.276690761299029 3.42651517330176 0
6.945749817001736 6.148124833114285 0
2.463394257799227 5.584515657510608 0
36.21681005854239 2.100333374962804 0
6.601658231076078 6.502154258542931 0
4.251912427320017 6.186773858031001 0
6.089241002117007 6.660822483854719 0
7.032151157346513 3.605903220536066 0
38.73432617951786 1.606075760472979 0
38.73432617951875 8.393924239527811 0
34.89373177191564 4.231193810765934 0
16.7149794757576 3.106970675590409 0
23.13947541270137 3.128577855051733 0
11.85574212896573 2.629415615451044 0
32.47402698673826 1.363777018210903 0
13.22285631042539 6.596237825459755 0
28.48581734045061 8.665422149705774 0
7.993521079016155 3.316967499865838 0
33.52709429544963 8.671706005433776 0
27.04796396244348 7.331132868455423 0
22.66228657284714 7.737760440824435 0
14.17831595990764 2.83509725316153 0
24.09573041505971 2.984683332545674 0
5.768523544814651 4.570747639331654 0
18.20312999454295 7.047683677185259 0
29.0630406850775 7.472239731951577 0
31.05164580131757 4.578019066806905 0
21.93434479313866 4.250779557973268 0
14.34189518363182 3.724754434815206 0
14.36992041709055 1.223652569232242 0
13.02550124723148 1.868865363271893 0
2.206028172847552 6.999059103648869 0
8.987307062328739 4.173064095092866 0
5.262638453760434 7.315352071553301 0
29.94490800503756 0.5016605800565253 0
3.687713832448776 4.592275833394313 0
6.92822066835514 5.48911558217493 0
13.89388335387169 7.989537236594174 0
6.539895010541353 5.526094429385759 0
6.961251619194406 5.77237844154934 0
11.13776857843913 4.524470660673291 0
8.813523889019137 6.885649945554615 0
17.39785561294359 7.107584833013235 0
8.221653139007955 5.532966334921767 0
8.003683718112722 2.31828473455179 0
13.65926076501511 7.250017017338036 0
37.08471293420678 1.763483334952323 0
37.10141980499916 8.244791857213441 0
13.69845480255866 5.827813065328481 0
39.5389650766019 5.578543929761028 0
2.911710952741201 8.768474775856591 0
29.92609719574445 9.503679185633962 0
4.928511055347908 7.856803018871961 0
21.32816404332531 7.231521544308991 0
26.28681727888307 8.718768506310456 0
26.05686920699052 1.467248863034046 0
37.65412103867619 9.537142256774152 0
37.65412103867342 0.4628577432254737 0
9.350466475596349 2.909700435505372 0
33.84890535109929 0.5027819390771416 0
33.04350733455939 7.841552752952957 0
36.8339070106913 2.54969722231443 0
4.795644980978297 7.094355576649471 0
9.710563182050254 6.975678055930067 0
6.444181208686501 0.4569634880720795 0
17.85378765667393 7.762216810595931 0
33.41977330164406 4.298297023060641 0
22.86141095038821 9.533891609499912 0
6.449338996574864 6.296028993277488 0
25.66722418964102 0.4597866965867084 0
25.68705047528517 9.551791639288458 0
32.59990908906133 3.227627027712935 0
23.60890409964977 7.452354832198066 0
13.26596184524858 3.084000033321755 0
38.12695772361312 5.979959944404491 0
10.74731327908853 6.036816554741056 0
10.83247853803725 1.312396309513604 0
2.813840423187022 9.556973289747036 0
10.33748581974168 6.891229245432619 0
12.94444778333971 6.146322865554369 0
7.465684711337184 2.535250115102975 0
2.332453166347956 8.738329810295101 0
30.09046263735277 7.558744584252841 0
12.36651253530483 6.666040840904434 0
23.0782204626182 8.759112096472817 0
8.990125278019578 5.716016212504564 0
8.479931616472548 3.820599976364047 0
11.88599689819856 1.927013275926018 0
8.775087300537765 9.073515657282682 0
8.464689376628735 6.627402253496664 0
5.469864479042409 2.404244386015034 0
7.455396779229975 6.187580298575584 0
5.304085369960329 9.565977725171274 0
10.17940413503483 1.287358532931867 0
7.887717974509942 5.983863270285173 0
13.49967124364964 8.834054697244079 0
15.01729598949448 0.5346995604285461 0
18.86515915613078 5.434493015011338 0
2.315360000136521 2.081111155981539 0
8.025295886578119 5.631119850268787 0
7.980684915729692 5.277579694066347 0
10.05832244734289 4.242440634114559 0
9.176257525066301 4.045430556615238 0
16.26305765690343 6.767840575655368 0
22.23907842080187 3.333721202899617 0
7.162687085752249 5.440682069647571 0
10.41984272971628 2.911897486821234 0
9.453743119561622 7.528857756376766 0
35.27756816273035 2.87690630157431 0
38.86380271206237 3.324266959661304 0
26.39345168331463 2.742486693712198 0
8.141883533251168 2.985239609352676 0
33.12374158632516 7.119910812417215 0
5.969285556074885 3.373344433788441 0
22.85174439246143 0.4241017201935025 0
6.974305288238449 6.596017942489141 0
16.90501136324572 5.9984320444704 0
16.3369138968766 8.051937873640703 0
10.69230199011015 9.625788045426571 0
20.43726151922632 9.481050280021117 0
16.94857255217909 7.308523357576151 0
8.119368546308239 5.445226645086719 0
9.491127648261532 8.96422182252738 0
35.76487660005025 2.282731171342274 0
31.46486730346614 6.762736016410128 0
5.2292108604924 0.3948406178657796 0
9.219595881734596 6.861758124339332 0
14.11155223634626 8.390212400802257 0
28.5798660883279 1.142186435275161 0
13.96829904511536 9.521988826779701 0
5.624604003567363 1.788156877976085 0
4.845587574793467 4.630243884342415 0
27.06429007147525 4.200259822134758 0
4.062591773299466 5.153200331198223 0
32.18963594875314 7.289125233131228 0
7.319390267629892 4.478062033256164 0
1.20340972370815 5.0929863276433 0
32.62208590021304 4.16138350238662 0
12.50705571894762 6.258305694612428 0
6.551862621162489 7.283490889707118 0
26.03847635430851 7.042610969118888 0
23.97993403252617 4.536239722823303 0
2.180557976614287 6.158654121136189 0
11.32070535496399 7.63727187962849 0
24.5337088378597 1.609013031997248 0
6.203663784887131 4.322904059829472 0
11.70147034358039 7.86995816208412 0
4.945081960788193 4.136084732477277 0
5.204528585959148 6.658721648508639 0
33.38181815960919 9.562255418217456 0
8.979319969780521 6.48855492219195 0
28.03433940438556 8.440378463699894 0
9.272071755140278 4.899393536465591 0
26.98074163854705 9.518771342154336 0
26.98076677304307 0.4971016976874426 0
23.14556055621926 1.161824150763823 0
9.027681840243584 3.839450263804559 0
1.19756210603471 7.920514672587542 0
1.668007073588393 5.805113520576836 0
19.63976219188929 4.126132366985717 0
20.2717478713129 7.726510436368295 0
9.060340743451004 4.842250221441283 0
28.3411061793097 9.532149103529379 0
28.33551909152439 0.4644914370020728 0
8.666509888355353 4.448589157588609 0
11.14773114604959 6.554923282339582 0
1.972482748407721 4.944967686239022 0
38.92302769711283 0.4277346530773437 0
38.92302769711389 9.572265346922842 0
9.98244620557638 2.422758990852023 0
7.668563675581312 4.491087327186468 0
7.87805647250614 9.588920900898849 0
14.9618042266289 1.278920945171482 0
9.707135504738037 4.465319298691266 0
8.142926642843259 5.943622049963379 0
12.36379896382931 4.190597844147819 0
15.53008697543857 7.978169330775831 0
23.63668912076957 1.771775769890473 0
9.836695964708609 3.182476095527824 0
9.388679679528217 4.55433552023778 0
3.528570630655845 4.250528946721066 0
8.695630824814154 3.749300922720388 0
6.905338458689148 2.692700597216284 0
38.80661004119512 2.130850696887377 0
38.82349491618994 7.946346733059333 0
11.79120475581324 7.106621452788514 0
7.811383329915419 9.162910389593296 0
9.910953329718303 7.199467150667845 0
38.05987769795337 3.77263954011634 0
6.92518385685688 3.97311157945545 0
13.0668067878526 4.217801883963219 0
7.713321515160647 5.99464502978177 0
38.89472700740076 5.077508422336068 0
1.829526754984884 0.4557874322056564 0
9.66921689348025 6.265741128031605 0
3.223655746602832 3.7154449451984 0
7.476777494008426 5.608280792085942 0
15.40535805215296 4.344133835827939 0
34.86111457356315 2.650421223369405 0
30.03360494422765 8.402334392716552 0
13.17290686594277 7.535910986597363 0
37.16813665538023 5.87346274336532 0
6.811775776093187 5.243263780969084 0
9.93401107416374 5.0664384900483 0
30.06649856937431 1.613712535522884 0
10.0770860015483 5.555873581979949 0
4.303822480269734 3.573674064833217 0
26.34659936551729 7.775403689685209 0
22.16401447266468 5.922550936915245 0
17.54597977686884 2.560212788487697 0
8.153674977409569 8.04605209421946 0
8.482452634446583 6.841216803579341 0
35.13368233201827 1.305074546927257 0
15.75168383240468 0.4217873161948304 0
13.35143898959777 1.134327126201693 0
6.525999636573308 6.73095303546678 0
19.66749484072138 0.3908295594701611 0
7.444545385173188 5.321749638861168 0
10.74557955875872 8.610630715583902 0
7.080909793148175 7.331204856996327 0
8.665644225225529 5.555284027079897 0
12.51032853622608 5.483208789729568 0
30.18651416021556 6.691998989201122 0
24.91308699484604 5.885251123164311 0
5.496835271713567 3.165042207600372 0
36.11473314399451 9.540095132387414 0
25.61536907570468 7.750496208127331 0
11.42714614396571 4.48360054947951 0
10.6528234235161 2.380571237485275 0
13.90922221778142 5.071796701676086 0
9.546435592027583 3.321939798262706 0
7.076060775211879 9.571149910594405 0
23.51771513353293 2.692348465437687 0
6.251791763849887 7.705610245380555 0
37.91692493515221 2.213007227535115 0
38.00727124089723 7.771713919002384 0
8.391984565066331 5.874979666773601 0
4.602027910153834 1.009378273679159 0
33.3685538942453 2.607974463975094 0
3.516779499628774 4.895877166918297 0
2.646658737965506 5.239370394198793 0
25.27015387588609 3.987027662141476 0
2.425594263453359 3.6067733729787 0
4.215608636624461 7.983912501915786 0
23.70949644078219 0.426263156536295 0
23.7153313094686 9.583077999166298 0
10.61521197642319 6.325382966265352 0
7.602464740946849 5.119408674290524 0
29.17449333741344 0.4248982129364307 0
7.987832606384668 7.618412440205743 0
38.07803738569179 6.826224412319479 0
30.41995339553207 5.885556122435817 0
7.898671261063216 4.556790849631226 0
35.07703914402349 8.505920868280107 0
7.776567547306842 6.301401179484341 0
16.74660127009449 0.3841197413476788 0
16.46065430162814 3.856421180388655 0
0.4264025269757112 3.301853862144566 0
9.802722816046547 4.657415676296468 0
18.52762964908879 6.320126962538389 0
2.682607313272383 2.838560162271745 0
14.58413181730991 6.054840372871107 0
17.61830604949137 1.735726231247249 0
11.89927411030416 8.990283318155271 0
23.93710324999169 6.641332963412376 0
8.532742178145373 7.247186762890303 0
21.43346601606093 5.419111075794863 0
39.51284208811996 2.811702705929186 0
4.559444876146683 4.548794087491856 0
17.77083027310768 6.429668442380327 0
36.29679625091797 8.058893018847266 0
5.913071697416645 4.251928446788844 0
4.496023687488682 0.500032642164336 0
8.233566186835846 4.465352338774324 0
35.82884027029318 4.254332670887337 0
7.823710942548162 6.867625813636767 0
10.31086802850146 8.948881690001985 0
33.98085235229699 7.277064800303778 0
8.31886814175612 5.551265337922053 0
11.44255757509144 3.914893212846418 0
33.04944424867514 3.948813011602389 0
5.262768157208457 1.112730524521293 0
28.27617215150696 2.20016178281992 0
9.561153314358585 4.053059080470324 0
12.55008532138574 2.977465239896481 0
31.15425431872833 0.3594537608989898 0
10.20851739067335 7.757984690902007 0
25.23822931162015 1.699014991341272 0
29.16190898636364 9.573087035321588 0
12.47047989483987 3.779859044587621 0
29.92220069838404 2.194172855939017 0
12.24999999999994 9.621256284760239 0
32.74999999998909 0.3886014803923983 0
19.12523574166135 6.897270761159028 0
15.17264902587831 2.226178485742664 0
33.01558936866047 8.671459483087212 0
5.148595673407453 8.947960975251013 0
36.71428537568758 9.016668734897067 0
36.69185042064229 0.9990079566570211 0
7.785280668461754 5.729617716005504 0
9.641290494298122 3.605223806374756 0
2.74008415694623 1.561968394539663 0
37.85701511321916 5.481214330175236 0
3.877715653450606 5.710705851455833 0
19.29720184924086 1.120003081412246 0
3.98135190405797 4.607975318957767 0
5.455748882691823 4.161106562919834 0
38.33359350491148 4.498001486657128 0
9.196927801316557 6.638622601244508 0
9.547656717313258 2.718493377400168 0
6.829196058034392 7.450087340218538 0
37.48453079092737 0.9994310059904203 0
37.4880584096144 9.008166303506844 0
8.106790851026695 6.627529190635753 0
25.85543003714858 2.865534104016903 0
2.947471938393013 6.666605574570009 0
14.55857404943999 0.4510587640539787 0
7.321010110019544 0.9100539543793473 0
6.962132187492985 2.339641567398862 0
36.99588431529949 4.496429845528099 0
1.270978810036462 3.370673966926435 0
8.226317193956712 4.260854923594719 0
24.89482426920602 8.46515124639051 0
31.24662876278141 9.641512715163628 0
26.35575201411195 6.266352945890257 0
1.185054934130358 4.675162526071277 0
13.75053989151311 0.4001396267737538 0
3.515848749616735 6.897159160402683 0
11.03469048224159 5.479591827664299 0
8.317365311331111 5.753546095836853 0
24.40074113164405 2.185361500524888 0
20.542580965553 2.016972254764277 0
6.545238126889595 7.882510531038328 0
37.46644807869951 3.027952109455219 0
4.680738645345219 8.48290699825445 0
21.27420634323898 1.778126527264286 0
19.30332320998982 9.596857767256065 0
10.41918795626954 3.780170826990707 0
1.138371874874764 1.49401460125948 0
8.033296209934829 4.371988297512874 0
10.86905677484354 4.079656890731277 0
39.55723541149642 3.590029942023224 0
22.57273832269105 5.639734824801717 0
5.728621438432802 5.605554840299981 0
6.928261221767437 4.890122776200045 0
1.073019415589657 3.85320225833279 0
7.814596112109276 4.746455239462213 0
10.94505965014058 3.187790944575134 0
34.46822112670338 6.563142131354125 0
6.863207056039585 6.933626285820717 0
36.13378336760869 8.751180534264373 0
4.774827003272742 3.673855885016672 0
35.29336977355214 0.4308954637159583 0
20.73051677153865 0.435250369054774 0
36.03870010393838 3.316781319113546 0
6.184922708308069 5.445369939976398 0
13.30122415505829 9.584199434956897 0
25.72723947886233 8.695031786360552 0
6.284831126793309 3.895715366531638 0
3.346163614215929 9.050071428416356 0
3.376676287670534 2.710828864665297 0
9.54217859836811 2.102449629426573 0
7.176934423383115 8.24698026161704 0
33.21934131106863 1.064385516087873 0
11.08230098317688 4.996051953707326 0
14.78796471305445 8.057149669629132 0
21.73536305166429 7.396962903371213 0
7.950869016442513 3.752667238375314 0
36.20544104965545 4.058836226855867 0
7.372489964717444 3.589705683879465 0
8.226060899896506 2.514464094732387 0
14.00016942639902 3.305346009739648 0
12.40642221282692 1.044785043785972 0
9.323771011998163 5.783930398694743 0
7.412786879375562 4.578155184719241 0
21.40139866525351 9.02515126145558 0
8.254317474677416 8.45354647348306 0
20.01245606623841 2.807717721456394 0
25.60958659444534 7.283935661627162 0
6.527621606549781 6.087103561259877 0
28.75155888603916 6.625506959567041 0
0.3888407015770806 8.28919522811012 0
20.05347822613201 6.76345788879523 0
8.648606892067424 2.724362077499752 0
18.26606166414586 4.604254020302202 0
11.11849601386413 8.937358639296994 0
27.81179341472971 6.215672539343499 0
9.551049331302067 5.540949682542692 0
23.14257132743161 7.132976625800836 0
2.478083201841318 6.33370394395314 0
14.63021975720619 8.920300584351283 0
2.979877050750047 4.617530673693103 0
6.415135940393789 2.564210161946213 0
8.087342720537716 6.874798911555739 0
16.48842562484754 1.083557938225733 0
17.32289458885219 5.740010991976161 0
20.754176467185 8.932073085460297 0
18.57072726598369 3.457674317231721 0
16.90993642814427 1.223326363038342 0
14.7314305059623 9.655250466905974 0
9.049441912649048 8.095843839321498 0
8.122655811055909 6.217540219272687 0
12.04316877183836 3.062126817328301 0
21.53869302340254 3.90501013595425 0
34.43633893126945 7.02773361922868 0
26.35080777973264 1.099534092176234 0
10.65787694679101 6.883832563000492 0
12.88566134504412 1.45554448229228 0
30.92170776769364 6.128487939033384 0
25.43802552323439 6.111905456505489 0
35.95499355413845 6.56542967862441 0
8.496163451868345 0.3888110237693825 0
8.121729253778922 4.114549240271773 0
20.74835276449643 1.19156134507063 0
3.77595413877163 7.447859708888259 0
21.66005358778578 0.415555621148473 0
32.20177022330374 3.596599471381907 0
7.623867466739081 5.527024500251493 0
4.570647713342931 2.197180128672422 0
10.04743726033207 3.365574655999608 0
12.31424410306901 8.280950996076639 0
38.1123396882602 3.262362663068711 0
12.51356722214053 7.907694822032562 0
2.261809891348974 0.996007915933882 0
17.10825874273397 8.047192096619533 0
32.38728038654712 6.882021967751278 0
16.69336692708745 6.671467564328937 0
9.247731732952076 9.6352278200828 0
39.63373061597702 1.757412933843848 0
39.63361056159907 8.249999999997362 0
25.59113025802557 4.428302187563363 0
32.24685342789333 5.313268162169113 0
17.88811145799108 5.88302837943818 0
13.32667696241616 2.675792710091166 0
2.603758939047535 4.619631217106964 0
33.09621075299814 4.737731837751664 0
36.26321693036383 0.3662514373285058 0
5.026734289408006 5.35193002569161 0
4.264661339023674 5.405896491153712 0
28.75959913720371 3.624041540774486 0
9.716081360299313 5.827131473667779 0
18.02761813931853 1.477674500922987 0
30.70188848890269 6.979891338043627 0
30.61599047350284 1.083692621564453 0
11.0541856649051 0.9921480581958465 0
30.98799807719772 1.297421333674614 0
24.76119239515929 4.305191560023165 0
7.237740347915027 5.723776654024417 0
16.36922569110783 8.961242528611685 0
7.903075472954147 2.822167826252326 0
16.74779037680512 9.621191677627404 0
8.940447025801667 7.583325172687178 0
6.170545913539449 8.29146545753769 0
38.82516095935406 6.632020504834812 0
4.278185787676064 5.907475805766508 0
6.038297847055851 2.9935408535651 0
2.224733249192755 7.851783895963107 0
5.230463979998849 4.01074147585442 0
7.558431290034731 7.768327557808597 0
9.089959421181106 4.351293039317205 0
5.010226247730738 8.207875687431438 0
9.062799289737118 1.808663659741974 0
18.30263900053123 7.916627113684437 0
34.87629797115224 5.413780090517823 0
7.147554193444029 7.891370330406064 0
29.19682587234516 3.91939857561913 0
6.378182561190931 2.962651039034453 0
21.0549781936856 7.660129955166234 0
14.35302747488487 7.469992878723662 0
8.945374196586512 6.134298615346339 0
11.24429122870947 2.233706606694017 0
18.46007131854747 8.329307714501862 0
21.80180892111931 9.635115978773548 0
6.635567886266012 3.773336513730809 0
8.431131025990984 4.134159761174104 0
22.7111592872992 8.482501875612641 0
2.717807710394856 3.377081812460903 0
9.12115929502073 4.622399187857667 0
17.11367900756064 3.764607102839372 0
35.8761004109648 7.304103228834359 0
7.646860030370059 6.137562189798875 0
8.768866794562078 7.180812404658765 0
21.47386361437596 2.209354101665908 0
6.791395479771722 8.371175522773976 0
1.749999999999989 9.646453533133611 0
1.459073547479541 8.965566151287719 0
4.850923987622203 3.206603286316138 0
6.022001018894165 2.535192282030045 0
30.59429651694446 8.927656182899279 0
30.97166216462803 8.702939099631504 0
7.991366438433253 4.728129695713027 0
14.26861547681099 5.666310990172887 0
5.897929861218957 0.9079630056130027 0
14.96477627797919 8.737635020241724 0
4.66086237895003 5.659814866543176 0
13.13665461346634 5.160998389604565 0
16.36525742565934 3.416238913915519 0
0.9658595319591891 5.362649153979667 0
7.594619909464879 2.096421879215712 0
9.904384096607609 6.628159349544537 0
10.19675639730201 1.915471446352889 0
6.545222412095843 4.628023608969392 0
34.55190004438227 3.412146064858976 0
27.27726897724892 8.814725090421344 0
27.30954268117351 1.207180901605575 0
3.70376759759809 3.225483135405717 0
8.536804308054487 6.026719424086606 0
24.24740621226426 9.610366789770122 0
24.24779404027294 0.3805790235384572 0
7.025205268600843 5.981238438363819 0
3.265245954989501 0.3510557744292581 0
35.69494226564539 2.76932500939576 0
18.98002585419706 8.903905438118748 0
26.40220992038499 2.191347473428693 0
25.93550237518075 2.045919464425312 0
8.437887598913912 8.959787567401328 0
11.96539503038953 7.489864134021667 0
19.91579468107546 3.291061113590698 0
4.767074138303388 9.591204981870113 0
4.901663320436114 6.771492926417488 0
23.42715194397724 5.418746948442056 0
3.950772297623536 6.766049908122804 0
19.00713272016593 6.409763283079164 0
13.52892194419919 3.411648186285321 0
8.416747605249778 7.490497891415853 0
6.383742031529247 1.311101525349454 0
12.25927602898327 1.751075654545867 0
24.04098885802333 7.099820580232103 0
10.23616358108107 5.312845493046934 0
33.05059411176801 6.254467094431849 0
36.96184759048881 7.50966339888868 0
15.02907710248912 5.468373481801692 0
6.849638796066097 4.145224779856189 0
6.848359631294425 7.746625776451068 0
10.93494834015922 8.181120256705677 0
35.19450723474744 7.005537247230992 0
5.674140664556935 8.642741206013909 0
29.8864600515974 7.138569950212811 0
34.14447993340178 5.867212254620798 0
7.767595331691225 7.261151196935728 0
12.88764544688991 5.640061824381205 0
3.583407872858517 9.559313675737135 0
6.378462017843353 5.04086728497461 0
5.981772538862103 7.970786616584892 0
36.59542800278446 4.779199380626949 0
17.64649235845407 3.283774858540453 0
18.40816500580254 2.16120259807049 0
2.099836990824549 4.232461304062597 0
36.76768992594106 5.264851902968465 0
29.10702856744975 0.9065588861185297 0
26.73808282666894 8.363907897061999 0
26.69632438739145 1.789447796528147 0
3.024723651394799 0.9655592917771649 0
15.019042045649 4.721026485613902 0
28.6538288881963 7.041685310071167 0
24.26719057667988 6.356409011300755 0
8.671422053756803 5.969704758373504 0
0.4189844780642279 9.568733351275284 0
4.085267639381844 4.120351300312242 0
17.63684442334799 4.275674129186939 0
34.78835993608789 1.682842255255501 0
39.67613193247902 6.714479899626262 0
3.281213283395185 8.249525205485838 0
20.39510354989553 8.168275388044769 0
3.139548314007169 2.462495438256958 0
8.679906131384266 4.047728795966794 0
24.49184844204938 7.691921894501467 0
13.2357729128693 0.3969536312473909 0
15.70128459103568 5.748989436410006 0
8.259283238437702 9.672365006972345 0
4.609043916920513 5.160839180221854 0
36.65618692623416 6.121620366578377 0
26.2067795674632 0.3913249678778948 0
26.2227365406874 9.62250164450356 0
34.17891068033654 9.602838656098564 0
10.79511763070165 6.591784354318404 0
29.1650675322564 1.717932794090861 0
37.1002776799896 2.203784703367657 0
25.04859606862813 3.107771396955277 0
30.3010804845487 3.444479229121714 0
9.735830377484175 7.991362491632749 0
10.22722619317726 7.19511404039847 0
13.32551710039781 8.408667198532909 0
29.0738386066407 9.126801969215181 0
5.272857438845813 4.54815888925608 0
34.93260633876869 4.637995262783703 0
4.141859956761917 4.881936119827882 0
0.9714480936391331 0.4185588822910458 0
39.62750768706393 4.802053421456227 0
29.45946807966003 7.088732776093875 0
9.199922596215021 5.939757038085923 0
9.23704128994639 0.3304935577680811 0
8.336681707868451 6.357389865141801 0
22.24679508585795 1.026548584482351 0
7.876438546757698 3.956944079045042 0
6.331165711391858 5.889288690440688 0
9.29376128084639 8.330978390488424 0
6.790064403020441 1.77532756976867 0
4.318120062874899 8.363653657783432 0
18.90613604866512 8.373886673311471 0
7.146452310908469 6.275216992675249 0
29.92548842730331 2.68977206671689 0
22.78212655969883 2.085240894906667 0
15.57624170439236 2.912729395392016 0
2.193128418660718 9.111634183623844 0
20.5292737248885 6.965317990335472 0
9.052028292699614 6.286031519407633 0
18.84891065524461 0.3925286767849236 0
0.9524182172140014 7.650386135191247 0
4.611219928175018 1.498986844096438 0
11.98387308823336 5.724665916207007 0
19.22898640938259 3.537473278465086 0
21.42132826044049 3.532014396635782 0
6.29762526773464 6.812566395022617 0
3.584084743219053 7.710844532438499 0
12.77737308696886 3.591248815329823 0
8.569351254876297 3.505087334873683 0
5.272790425932014 3.718523927605548 0
4.805421882163627 8.861491388816608 0
7.451169082694271 5.867613238197781 0
6.875544883087723 4.52518814679841 0
29.80124794224156 3.942566868844465 0
29.86738279788234 7.923335533084731 0
24.44808034129551 8.382010081403806 0
24.70414109478319 4.960775274400016 0
4.01902484139214 9.596324939015421 0
23.54908919118814 9.075291282423132 0
23.68009019501763 1.013418046361517 0
8.165724152622715 5.645274620859788 0
8.891883497236007 5.837868613838568 0
15.03322208795754 7.277732918798367 0
5.667542084710925 5.133657275714578 0
31.20083714997061 2.577450464866117 0
1.776359063274842 3.588273913874923 0
7.004590403739309 3.434702036933996 0
31.96427567861469 2.781555625191947 0
24.39472021709857 2.66344816327051 0
3.719832247763839 2.070862716607232 0
26.11389937447044 5.891517203672875 0
31.62782237612674 5.820216705309137 0
6.417544021400072 8.839322116864919 0
3.417946602091714 1.150320206473704 0
8.135763038835623 7.139968339467956 0
21.59195581907847 8.150810600725436 0
19.22829804214214 6.066120917170207 0
1.46183627074225 2.238878069062932 0
4.143594371960568 5.681220085305124 0
7.533720227980612 7.26825203713878 0
6.019221047941558 4.721594759307704 0
29.47329017276375 4.601143280064608 0
7.693232624616673 4.879061089309463 0
9.90942097051482 6.126249964285986 0
7.158399707889351 5.269330483284271 0
6.810625585765926 6.489348571705839 0
31.91044111609794 0.4189663078558547 0
0.3435743809493255 6.852811912237542 0
7.481064803497319 4.828741783724682 0
20.94467072910092 6.455973710809173 0
32.32994049860753 6.465254784275851 0
32.34620929032868 6.015344197701285 0
6.640558778728053 3.549620391535091 0
7.686061067772387 8.110682585625844 0
22.35559631684409 3.69382383340563 0
1.068120871871105 8.316903185610766 0
7.640116002848446 6.484214119660781 0
29.77571286916875 6.338677261086412 0
10.82751448671496 7.131633284528072 0
10.70600900508669 7.415101003061715 0
20.68646066167932 3.089817603222947 0
16.17725067933418 7.535260017110439 0
17.03326534994458 6.446594636875206 0
37.45207462492547 7.002960483513415 0
0.37789707567548 6.142736583189255 0
17.79297604020457 7.317272307961237 0
10.39306727854518 5.069608599370062 0
7.590226520438129 5.396196253006251 0
23.21236730681869 6.639847214863554 0
30.56546487503408 7.450226556648397 0
16.83964485109767 5.163942098137479 0
22.28071015046264 5.020695753980179 0
9.039141899591261 8.832166051704066 0
8.919995742130336 3.619652457389778 0
7.225933020585864 1.932675615921278 0
32.83195292646561 9.552548225889236 0
8.940895579593727 5.366208687235225 0
29.39405673828853 6.609413953422768 0
5.41085317666388 7.035307883361408 0
9.514227026116554 6.09107095714775 0
33.91930988514731 8.314172610838027 0
9.094003649108782 5.646302107907539 0
21.76709582800088 1.102126895758789 0
11.44890646185412 6.295128660350574 0
39.613747650147 4.042028978885937 0
33.5305919407301 3.34622361470511 0
7.710327067464114 3.965109270008692 0
0.3317486963502014 1.739888319246171 0
8.976317191168494 4.300709237982673 0
11.66911056272396 3.299982798690322 0
23.71802190066534 3.581627335555163 0
9.596295886147894 0.9797566932042072 0
30.7296816910183 0.3454991064681946 0
4.435011233415278 4.868484983892892 0
17.401819651678 6.651394966650803 0
7.898305615798984 8.554507976388862 0
8.878721040061638 4.114104955589001 0
5.299361519167872 5.368342360300798 0
20.08151761047478 4.078765308215985 0
6.729555941301088 5.437650719329108 0
11.37949111548143 0.3814942858891708 0
15.82148144082049 0.8341599200131564 0
21.08800899483921 4.238388320679611 0
8.33692296397283 4.455493375057657 0
5.835440225495404 7.013780665540956 0
26.97968311483885 3.299290287803464 0
14.42300049941206 6.36792694012445 0
10.53330156554355 5.794165153691901 0
38.12545156765202 0.4105215587057764 0
38.12545156765404 9.589478441294181 0
29.82474985313695 5.248268922772112 0
37.43276424264455 6.302715458034755 0
8.121408954727571 3.753633173870144 0
9.920506735889495 0.3903644631658651 0
37.35386801607966 3.701337726161722 0
0.3943787594324145 5.05569753169896 0
16.67615053684228 8.771923882574436 0
5.428991673869636 5.914610646747389 0
10.66714044365339 0.3573661468767353 0
8.823956009696357 6.622192257101232 0
18.79346909924244 2.167831654506496 0
10.34935004147831 8.042630824842229 0
2.42999909967073 4.918495824962376 0
30.25783559229546 4.972436124474074 0
5.016713523225357 4.436066133480887 0
35.49995408733562 1.475834998477703 0
9.687855747524733 6.745946045925917 0
7.388042320598823 4.328903566181436 0
3.374110561918231 5.853618733560331 0
30.72304440422279 9.646078001941044 0
35.33899574906165 9.625656268863963 0
6.036839267933654 6.102856585897923 0
9.254892873978854 6.287658917176089 0
9.157407405127795 5.295663648842389 0
25.52474753985529 0.9619986601901105 0
34.17633972032671 2.153035801029558 0
20.29705336265972 4.525716855268284 0
35.3361220261285 5.448685070690618 0
9.298624729464731 4.227534035807106 0
38.06052667397869 1.389522329123494 0
38.06052667397936 8.610477670876127 0
35.19938407563666 6.613189426276358 0
12.86186456955202 3.215156014874374 0
25.99828991902919 7.98345388167385 0
37.66749767568171 4.056228175618512 0
26.69565011117295 3.62584225547748 0
24.68250752239022 6.380606311840446 0
34.67652592441149 7.933789254196268 0
38.87459845507769 3.760219774707258 0
39.02370043524314 4.240470826591592 0
24.76244224427532 3.444975646860023 0
30.55112421414138 3.115829772709979 0
6.188705148519668 2.031667102551212 0
12.9879506203496 2.478045265433463 0
38.55722007144162 5.850361208476123 0
0.3668436569123285 3.776262330408167 0
7.842543042930982 4.445101683677338 0
5.613718589408125 3.645276561462118 0
6.319212973657176 1.686217384562902 0
12.69515076970121 9.0967105529972 0
6.171779162729255 9.628558028174567 0
9.554802016841855 5.898735299005426 0
15.85053895357688 9.623558033235536 0
3.733293214456397 5.974429881286271 0
13.96800723715451 7.604529549860653 0
10.37533848623119 7.445235890496081 0
10.32898265438545 4.572562681884064 0
16.153497590143 4.544094801664299 0
13.18582554122909 9.141627984901401 0
5.483482692122046 4.396843988693969 0
17.85792713138738 4.593594884564768 0
8.939392393545658 4.633314080727845 0
1.52083470636365 8.532269496826933 0
8.531992497599481 3.997175623620229 0
14.63863944295062 1.552631778165729 0
6.402754045212282 5.38898773395376 0
30.730197126268 1.884411516698448 0
8.044192739688786 5.506870924014163 0
17.76080107448702 8.561017135247821 0
13.59822782474287 1.548636363174462 0
6.872407773219077 1.463744344685079 0
8.559872613045451 5.557506152435169 0
5.111463329374457 2.385498884866178 0
2.031604492130767 1.828837541580323 0
37.85586940229955 1.790173706587721 0
9.362412213523649 3.120185705783544 0
8.172942819325 7.504340975102242 0
0.3972286964643151 9.043745856741303 0
7.362535160679105 8.617730069303603 0
5.34133894836759 4.8213730203905 0
8.33850990326108 6.12124499459676 0
6.854018063051842 3.093114553703564 0
0.3178215755134812 7.201848343525123 0
16.18882333988572 2.496952395611706 0
1.511788155791401 7.739912735713178 0
12.45461969611429 5.095433824425804 0
7.303532245482086 3.29166645252452 0
27.26807043123951 2.620399928490002 0
11.96344436875422 8.210321357049031 0
25.96094014471621 6.616768445338225 0
9.674749579186379 1.712816765516246 0
13.79442544607981 0.8169498613510634 0
32.67926070153344 4.51446071267817 0
7.790810795595082 6.643758632783086 0
3.612972531593334 8.356358986051026 0
11.54850274900035 4.973790100220326 0
15.77992451426445 3.951213442498472 0
7.212836156997581 3.659946390524866 0
12.24586818388996 0.3148881184551353 0
28.22894803242922 7.957857334418562 0
10.31769127236835 0.9614954451759605 0
15.35629752028936 1.721745664113657 0
24.8377285436413 7.686863748796738 0
9.322123896149845 6.110432885785317 0
28.7937074740109 2.351224271143008 0
2.853951621813815 3.090106108826586 0
6.289225163600552 7.114757978885949 0
37.88035891601307 4.586983027517508 0
37.42517206400323 4.987219259800698 0
4.294265334664313 2.026605388817567 0
7.47592766832872 4.104902355254804 0
29.22040054879546 8.319060408152822 0
33.33953591732588 5.446471112488368 0
17.97284266984563 3.919861820194117 0
7.725461532292541 1.729135203894828 0
2.926988267320621 4.029601605810878 0
7.718334023411229 0.3130237725741052 0
16.04269932859095 7.124444848894449 0
17.68563621304274 0.3573661777972321 0
3.495713411401852 3.917643485947945 0
4.924944589460587 5.600553157194724 0
0.334650694713428 5.806997283814197 0
6.740072626682104 5.832743371830508 0
8.925443524566973 2.193178897856191 0
10.16010415008414 5.82262636880164 0
39.00262810115137 6.968976756102469 0
33.88907974834717 5.167725379626592 0
29.43000096605879 7.868151346030948 0
10.75054696819273 2.94633352309857 0
33.7484977898815 6.515473811954938 0
9.276954037775091 3.692767633870001 0
8.759846531861342 1.563159568298025 0
5.778502997703081 7.427876178185667 0
39.59363893026512 0.8923394854835295 0
39.59363893026543 9.107660514516429 0
7.645678027726523 4.662046081134564 0
23.86193179205264 7.805384978157399 0
5.901239110691819 8.962228795292241 0
0.84273692671616 2.069854731917322 0
8.740065817007636 3.378925308447305 0
23.58046087282447 6.524884063324229 0
19.15138252763902 1.584753202543756 0
7.069738745937589 4.949405683803111 0
23.9492077029423 2.116687786302464 0
4.030029647717877 2.666598414807853 0
15.17094692398471 9.6587100300593 0
25.4552902849518 6.584505970566219 0
35.21802814098137 3.335758534937848 0
32.76442676418049 9.047564368981249 0
0.3812328035202036 2.585451438629585 0
1.025378284667938 9.047109118094856 0
7.77016064317497 2.584275622817436 0
17.16378519129229 0.3969067915017125 0
12.72777445923205 4.441081664368381 0
8.699944140375482 8.160527017859522 0
8.918178186605163 7.342017271589263 0
6.088213081118513 5.631252113835668 0
22.20797425039237 9.05669143371534 0
10.89848583866577 2.650324371338821 0
7.552302441965084 2.961380490275348 0
14.61687025815829 6.773774869315298 0
4.511118852667169 5.424492130496642 0
3.151174807234211 4.330456989030632 0
33.79348664848937 1.513942720321631 0
30.7287680636838 8.140771442421443 0
32.40237334830347 0.9573403329062875 0
12.87669462414315 7.956295873087947 0
18.89112475995105 0.9023901218108978 0
34.1958313641128 9.106399335127163 0
34.85851120388503 7.218557829812197 0
1.646830300928279 7.394389761593378 0
25.28568475691702 8.347743108521 0
34.66953413480178 5.815426584780775 0
37.92268698963033 6.380159140212672 0
7.625203028435632 3.811819258761079 0
7.933839598310065 6.107925965983575 0
8.476109038441479 5.580891107060859 0
27.80098467711375 3.171216366132221 0
10.15133628483287 4.45366834348016 0
8.212798697478799 5.745379211831528 0
5.323194809702641 1.682982776909511 0
0.8857808438291846 9.598121032016611 0
39.10024978899193 1.450672201336131 0
39.10024978899245 8.549327798663651 0
5.182105388425022 7.647396232518052 0
7.763694121326193 5.036377169161145 0
26.00492100244361 8.388698296087297 0
1.467768104868002 4.129053481630975 0
33.43153449389848 6.143684923989568 0
13.2056434286931 5.895012963306034 0
28.46956170812237 4.250106934792528 0
18.61474013640925 9.090096389713493 0
5.102549551379496 5.791886548233697 0
6.871210925184748 3.793224862493073 0
14.6656820004185 4.10331234416846 0
9.007824259557928 3.237126558375043 0
19.29409223020463 2.356760833545682 0
18.18258379796856 6.608408401177581 0
9.788767122637275 7.464563422167211 0
6.559041462133628 9.103711472796503 0
1.95054726566851 8.28512251049429 0
8.012731955195786 5.775147314983137 0
20.13559092272821 2.13525409344082 0
12.56858711273782 7.300424818792464 0
26.78992371809941 7.008364958115548 0
5.654112090757909 1.163634393126666 0
18.24999999999996 9.697816821832825 0
7.521367019123283 5.749894529550845 0
15.10435992451569 0.9192945525413646 0
36.21392032536013 1.262417678807754 0
25.12810564098851 5.431448103357827 0
5.152960729899458 6.227206146989323 0
25.53900435553332 9.071229601746133 0
26.0572623870829 3.521427254780656 0
0.8636737859322334 6.28999144259983 0
8.880424849492291 4.387181067935571 0
7.200784512477656 4.219608547702819 0
2.33903533754523 2.784155716799076 0
7.255475447057878 4.778060971774741 0
25.73066395791054 5.791852029204724 0
31.21789136257735 5.781759309115061 0
8.207061652512021 3.411738548112866 0
10.81564708942409 3.507728155954706 0
26.49436682395883 4.735643300466237 0
10.72464329856688 5.324085074925922 0
7.444422334548187 7.000249117702149 0
8.456497771199235 7.944862306892331 0
20.14725280079456 8.49025692232385 0
12.17946976566625 3.642366664783135 0
7.942269708897349 6.539872408732056 0
34.53063240250246 0.8607714561187976 0
27.35239665931977 9.638506847269785 0
27.35239665931957 0.3614931527348321 0
24.40095233625599 0.8079495036560633 0
24.4083267769006 9.174278670377415 0
19.17960519160881 5.713033541812518 0
37.20821054971668 6.668563827980192 0
35.94968679579204 9.115467788534499 0
2.024311482320228 7.415389151623824 0
34.54657169844326 0.386741270143239 0
39.69532711561654 5.227886966330888 0
22.87226934152349 6.319147055587858 0
0.9694036100914109 6.793295258277137 0
8.373986637281481 3.306271266309211 0
7.385086458670638 4.722725729518912 0
16.07588309150744 5.867364191319706 0
24.92479859973362 1.450882042330481 0
4.998448226350165 7.244183357876265 0
0.9915471012839761 7.241578017466281 0
16.82418004711678 3.971418674435067 0
5.623064215745843 6.953547938774007 0
8.180127724899727 1.965959855125684 0
13.87473914461424 8.713317788197958 0
7.545398099324421 5.024416876830459 0
20.7741094113073 5.135617178360486 0
8.730696504094208 4.249944462923041 0
35.75 9.702986212887613 0
31.66477963937554 3.527862157342618 0
27.92489146113558 7.001768706549602 0
2.871175580130951 7.031348069085383 0
5.772226005983901 1.532450980223729 0
27.72381333303161 9.070518766054823 0
27.72381333302986 0.9294812339465137 0
22.41954958745982 4.497156262533736 0
9.04392005934117 5.163577938613253 0
9.520490304458912 5.010921307808049 0
21.32144998608305 4.645651318800944 0
34.33079521228616 4.07127168016346 0
3.385695437476207 3.341446390781807 0
9.487462467461111 4.780927185855391 0
29.8751722347681 0.8823493803125274 0
10.61232382876489 4.790223540922233 0
12.62848250707228 9.64331017981546 0
5.361253482932097 8.693349267243704 0
7.899218259048145 5.828533026496353 0
4.249943984952966 7.586991738537217 0
26.99728288539326 0.8786010616213858 0
26.93116796262174 9.130584905977608 0
10.57736863288635 4.264747524248438 0
12.16354910417258 1.306206791062704 0
9.370320209750458 5.00857110071715 0
18.87788833544256 7.628937477118958 0
8.517975004726901 4.286045764885626 0
29.57988682589842 0.3772689233480203 0
5.909375697485054 6.553873432076641 0
20.03517273122327 4.852163467038179 0
31.71562303169843 9.692172483056749 0
27.5624646385747 5.774107047890901 0
29.46521037057823 2.137254610280974 0
15.92514446490747 2.217476712714305 0
25.24438439182166 0.3140663028763611 0
25.24640555447305 9.687060884339001 0
2.797398627734436 5.894222249810137 0
20.45696970929895 2.794550273485904 0
28.98653335827824 5.280385940727741 0
6.838011339810873 0.3114470623543514 0
7.211906129307493 2.994457938244776 0
16.45532174367343 5.302232994019693 0
8.398193746061612 3.63550906901414 0
8.234828852564529 3.597964917370176 0
7.878706941106903 5.607002552880731 0
37.14261169914755 7.81916935612326 0
14.86120486086252 3.044354565241527 0
32.22265031403899 4.007099218542434 0
24.42141123515097 5.638435134169406 0
13.56782841106345 5.369949105680122 0
29.8569392588662 9.126151000417835 0
4.593838849118786 9.163429931895656 0
8.785192494214382 6.159894219234106 0
7.811465271321587 5.201691791576235 0
14.12195794070997 1.99026749550162 0
8.89843055035584 3.034474106397188 0
13.02553166321604 3.848875612247055 0
8.620985074443839 6.526330918681754 0
13.56529273909385 7.997795426728776 0
11.29254192140194 6.839905751887412 0
23.25459838679318 1.550456993990722 0
23.24999999997465 0.2899803943211348 0
23.24999999999989 9.71001960568285 0
9.339727898829199 1.519535723562358 0
15.36041390259275 0.3495400089591133 0
7.011666548785021 0.945896655832048 0
0.3381577550615086 7.875914688228267 0
9.78276877097035 2.933490894766262 0
4.575842334467774 4.178135388363158 0
11.6552420382269 1.314347064215962 0
22.76645256518231 4.281730068366155 0
34.07583101280288 0.9232335713641351 0
2.632386937109692 8.519658200201887 0
2.379582935794834 1.332733369521198 0
8.882442850560077 5.612622825958555 0
11.45263894310327 9.632717922242376 0
7.853377160661104 1.249371139140285 0
36.72907076636665 3.278155196591517 0
0.8674727334003178 4.503916308396088 0
7.941267536434415 5.074034275571848 0
15.60377941773848 7.673394295167622 0
26.1240278648987 3.141398801176212 0
25.68736452855812 2.487615061404595 0
18.38903492701091 5.98230267981203 0
13.37158942230107 1.840736005353878 0
31.81323509982433 4.23857268593179 0
4.214018552864424 9.159372573356912 0
21.39013776969077 6.692053976374515 0
5.673494205362274 4.106778457038395 0
20.78938984974588 9.682070598069721 0
29.5643004385046 9.624137566740083 0
37.88286693521673 8.230989818451963 0
34.67470458475742 9.046678381081332 0
7.05502920217344 7.086294617929283 0
15.06147740593706 3.999834786592804 0
9.087439632895682 2.441469126119772 0
11.04486071414937 6.015014646058614 0
9.268042742937341 5.528906617989208 0
26.51607970519719 5.229725554667754 0
5.760268160725795 5.355488559692885 0
8.248179015215655 1.459068704700474 0
15.77851455724475 5.173666771973837 0
35.27337599738481 6.122338474901447 0
5.491907566758067 6.536507545368675 0
14.9529352501434 6.089266710041293 0
13.69390652435478 4.782897130521035 0
11.14111596086468 7.108334525689725 0
34.61833834301974 9.653232508863971 0
39.66133655436786 6.361049629405465 0
27.09346340492059 5.306374815473307 0
29.92724401870534 5.643447324451902 0
8.512065921782606 5.733977054082867 0
4.922198872501734 4.894563893515531 0
28.74999999998291 0.2851364273284371 0
28.74999999999991 9.714863572673149 0
28.71059202777365 1.512195446379123 0
19.82084208449513 9.06806559399898 0
33.23116790440687 1.848300589065792 0
21.99208580134165 8.169236670992468 0
13.90726986647535 9.134006278276534 0
31.64876471580195 3.064633743797535 0
9.95541982295404 4.033852042194547 0
8.447272044685477 2.030434029423968 0
7.591409040654071 4.3496666141581 0
31.26376827627177 2.944348194227334 0
9.114857089960616 5.388802265989209 0
10.85296166481886 2.103413019180071 0
26.33420685235224 4.245284171182008 0
25.63378805280311 1.352103741189189 0
5.675684861589088 3.353855687016956 0
23.18723815405565 2.25373177436096 0
36.16335600458899 4.884325966368107 0
0.3526234807508197 0.8775846757240623 0
7.813511231434942 4.840097288220578 0
5.639753079395695 0.3411895560272504 0
4.727067906830001 7.355479796717369 0
15.95540044223031 6.47766192219652 0
0.2906002463361931 4.226456049192193 0
7.663568674244742 3.513655377645292 0
34.12098311734979 6.334053612289445 0
9.951723954573611 8.622782609121971 0
9.998913388169774 8.349347847959494 0
19.95173543047624 1.45109607898885 0
9.975553959936327 9.289650785423984 0
13.08118058763175 0.762069214494103 0
5.601634772257704 4.832387319401427 0
30.25016342509934 0.281491018167175 0
35.72286462462159 7.631382947570965 0
13.95956153532686 6.899713124200784 0
3.767693795377849 5.493745187657124 0
8.490008101882143 5.817935487003677 0
11.585424337912 6.872606376395741 0
10.00357060540763 9.644281869058659 0
34.06636123246493 2.766145151754441 0
38.56142572330949 5.380471432412429 0
7.917054688219103 6.385330584057451 0
4.538364888106193 3.703747472050912 0
16.72499345193939 7.013196838386508 0
7.547823758388174 4.575332761053934 0
37.71303586314951 7.611467444468033 0
11.17733679509981 2.598577901214005 0
9.395746342372259 5.305408649485871 0
21.64007216413808 1.506423023130881 0
17.47653250718211 2.974403676993847 0
6.484624594599719 3.891038640240369 0
8.213030401898489 4.360668487863217 0
35.88376787454884 6.192697769196219 0
8.335694650101921 4.270973611895664 0
4.960105103160716 0.9664045742300844 0
38.17638805447599 5.274340187904305 0
39.67543617934595 3.223596534757308 0
18.39914436004892 0.3512760866618894 0
32.95449655316452 1.318547994890687 0
31.92477637063694 4.650143636037802 0
25.0398375707171 9.018150288966233 0
25.06171748510283 0.9972431300914406 0
7.910995311381075 5.392983627608023 0
1.475843008507837 0.9019586468645445 0
11.17192089539226 6.275615424908762 0
25.37220496984854 4.735534701045135 0
22.06389750055865 0.3610446765056124 0
1.452974589700733 4.46762797140933 0
9.589095894038643 5.15407299347243 0
16.15697695597672 4.125738597088185 0
6.726934904143474 6.06414442174132 0
11.36597878855056 2.898319274313163 0
33.34321987445085 3.036353705706373 0
23.07713932877133 4.550873240520718 0
6.242125184338825 6.299625644544037 0
7.703277960861483 4.235011070494973 0
21.03455953951927 5.39368923623362 0
8.125660490462003 5.828189769514492 0
23.66826184842826 8.341791677827716 0
8.215484108345965 6.342174566600113 0
9.116947168593788 3.452324668579512 0
7.474148117430619 9.091342708711398 0
12.27900207426102 5.670943538873241 0
25.621778417077 3.590568004115605 0
22.38032889116037 6.38114640505666 0
31.0192945486751 5.40490830248308 0
25.53914570953368 5.38683771844592 0
39.61050585541354 0.3773973941593188 0
39.61050585541395 9.622602605840591 0
12.75504275653174 4.888107896634748 0
12.01696429863675 4.718323813648313 0
29.17539866681931 4.275262958872344 0
11.46751482111709 9.235738213145694 0
22.36984642097583 1.438144484172145 0
8.132556147669341 2.749016868869596 0
9.3740827677164 2.410198466570447 0
7.627312249201113 4.100783919904357 0
21.99925235240142 1.722294757800678 0
24.12546472544582 5.92877877009386 0
18.36981474726813 4.227568762043463 0
5.344500275814545 9.233819166672509 0
7.025202625174463 4.264296220501392 0
8.790378227062432 4.334096091398369 0
34.19337233871245 0.3194927267578064 0
8.586210050945473 8.381069541756792 0
25.33955298023475 7.014688753845807 0
10.42066954296233 2.564616855913708 0
0.313201480852398 0.3486503908872328 0
8.351941967991046 3.87163291916476 0
2.960666773982228 9.140002506630513 0
2.088738082566659 5.440215206390976 0
8.610898873235595 3.132199223725006 0
14.31843188095187 7.045770663741695 0
31.80199963501796 5.356467208722224 0
9.436397316395443 7.784516613552828 0
23.84758918272587 1.447448701077412 0
4.147208220671912 0.3486172486109686 0
37.81029208694984 3.103800559212903 0
29.612122689705 5.952602883933472 0
25.48575216028085 3.191258260709164 0
5.12868680646976 2.844965637609207 0
32.38910747264489 9.646228526604821 0
28.55192484507801 9.081190495342955 0
8.767315185367442 3.86541243754079 0
38.98658454676286 2.942673455143256 0
28.68282218278997 7.89056716717502 0
14.51502311254336 1.934098470153655 0
7.10806222932033 6.715881688951313 0
15.49234196518819 2.401904751244638 0
31.53708679851102 4.897160743374479 0
6.090525488008083 5.255538780211024 0
6.594690683527317 0.7787482801683517 0
26.8163048893037 6.542202355297829 0
27.77486777018695 3.900511791596718 0
10.81332520158788 4.544480757928778 0
11.06356344885964 1.576975752904983 0
35.4466926318478 4.015375718831634 0
14.20965264625029 5.28658808881573 0
30.60837948056295 5.484185481689427 0
7.808456553813953 5.367940073986222 0
29.06434584452956 6.419838336992148 0
33.57954621049455 9.084069315939665 0
4.796852264280855 0.2933258011019502 0
3.85283026916923 8.019924865184475 0
3.638830476644367 6.313977380201605 0
12.89162823882155 7.255078972343464 0
3.272156051342095 6.18871898840416 0
29.06848321187621 3.16469615513235 0
34.87196895813444 3.485567567060585 0
35.49347996491839 8.253594340267739 0
31.4545156657623 8.121201363651211 0
15.77184527852051 4.711666120456948 0
4.019612592383046 3.746921405269191 0
20.98978963317924 0.8222700823165332 0
13.64313933998965 9.66632894122894 0
26.6958020671142 3.993756457219796 0
12.67107083883475 1.775183551637654 0
8.901168727147047 3.90539616489841 0
12.93671901513556 6.85704666784983 0
35.26204248568798 9.263704507757698 0
2.623079526460667 1.920198998326026 0
33.40993248757812 7.906649801771708 0
11.91960580303063 6.03801232875643 0
6.591702713728904 5.697980469465757 0
30.25 9.729324413322756 0
39.15875005192096 3.535153562814851 0
17.18576923957051 0.9125150986215013 0
9.452129002230498 7.041162649528571 0
11.30040023500853 7.333193208557934 0
9.383374849544534 7.263497482153224 0
32.04472375976137 8.634111535745419 0
28.82992823648915 8.339041180754894 0
6.702537641153659 2.095822494754577 0
0.9763537593371026 5.680661454829369 0
3.958696846294936 1.261966426009646 0
9.163733845656695 2.840597389957257 0
4.703048574011602 6.269493966341645 0
5.193083962468361 1.416321669403374 0
14.93708831853394 2.483822036887358 0
27.40433516956757 3.808507017694526 0
9.222636379078303 5.645005754362627 0
17.97598844085536 9.141184058660498 0
30.97060979306526 3.222057415792511 0
37.20483997525594 3.330503640078769 0
30.35949587488272 4.240526303066229 0
4.104108010928159 4.386313369192737 0
6.767901332751456 9.737664914406265 0
20.77834124301474 8.237169888237624 0
14.24121882444686 0.2726715960104945 0
35.38964097342348 2.030388917620404 0
14.69945163886994 4.8899161738961 0
3.718862952042654 2.864255754771025 0
2.578409246798641 7.13662874291794 0
17.5647930517359 8.112476557441035 0
27.83611465274319 5.455648646214701 0
32.90897395337716 2.50578469940281 0
31.95746513025924 1.438329535586386 0
39.20246155790061 4.703094104818719 0
21.70452843725738 4.57961712810248 0
7.281724286493047 6.175178694927611 0
17.11196821035674 2.412467157158952 0
1.501842177239629 2.912814302334382 0
39.24999999999875 0.2660719903027429 0
39.24999999999999 9.733928009697706 0
8.059579954575007 4.467620342811526 0
13.5263045745993 6.486988292257905 0
7.47745653947455 6.372967170366589 0
9.890553702141837 1.36602034344455 0
6.497065631836935 8.182671921395428 0
9.030869906085453 6.913818689585495 0
32.54623920136192 1.870126964614514 0
5.411506723028555 5.187731783856182 0
28.22482517238026 1.874631596986336 0
15.10552536583983 7.919090843105563 0
33.21151705766638 8.300695315031437 0
8.532489675476722 2.902539392443222 0
21.85990826816445 8.835589788302711 0
9.700539723981997 3.781735443688849 0
8.071432422339527 5.351716319958359 0
31.11780668432649 3.621398544599799 0
14.26137162885723 9.730714744787216 0
33.75 9.736099213684316 0
37.80903658086558 6.966284657279657 0
20.43364224506505 1.50722133047938 0
8.762315947310995 5.743883093509 0
21.47688390021449 0.7942297468952404 0
18.55446512512314 7.658984339578999 0
6.740088895312849 4.624802294999014 0
26.45603803465317 1.457862706347239 0
7.176467302532541 5.081937132812552 0
8.556271551817945 4.443672781855978 0
5.911462929934983 5.702302574376043 0
3.68215331588322 8.723747769762799 0
7.36421644125573 5.464896051673389 0
18.89100442462616 3.694901828723669 0
1.520229967748917 5.160724223062238 0
7.913517895886129 3.463647934387315 0
6.451916268117373 5.199323113815113 0
1.92437426512532 2.652399334533305 0
29.19073430186877 2.383152090140319 0
9.561874942640603 8.660935780175556 0
16.55161748468131 1.865155695373024 0
8.760759971970328 4.509216933234337 0
7.218111891323098 9.235502252219543 0
7.312709110536042 5.838787703065579 0
2.450903731614761 4.360255437944876 0
37.03223418011379 5.482434345505922 0
12.94458148053327 8.411261165833578 0
7.2553120192157 6.974197716964335 0
7.02923993588049 4.431647279714332 0
10.68037311622891 7.966028341197733 0
32.80328843772448 5.882638779388275 0
14.62306987961755 5.272882132952367 0
6.690919047232686 6.90004382134633 0
7.316397097953922 7.718414547013506 0
6.81086918751408 2.91218557011287 0
10.27427942576765 1.661285056613149 0
18.04484403223298 5.391370236725579 0
7.975031623403403 5.163729806012563 0
0.8497517502875727 3.172589243144266 0
24.90698658218677 4.66096830408142 0
19.25545643869118 0.2694894825715561 0
15.15748007147545 3.58331493567029 0
18.25279781699713 0.8725372446455952 0
15.36742061411342 7.188136970892168 0
7.731461185362948 2.959453407231852 0
6.957251681500763 6.772399514005009 0
1.304828503788693 2.618125602999461 0
7.322411164286581 5.042077504408877 0
32.95402660229997 7.470902664836135 0
22.8015898455496 8.062892901450804 0
9.056963637700436 4.945604399445598 0
9.361221905147323 3.926885007518673 0
27.55037312817037 8.354799307662587 0
27.53736045084717 1.652319882555448 0
31.65309075602406 6.457217179231526 0
8.67054835634209 4.159053583538662 0
33.50065525106795 2.216470798862237 0
37.23672384387686 9.712948378855142 0
37.23675737517604 0.2867215650737497 0
6.429224975788483 3.190136236308648 0
6.064192171535937 7.469804495239485 0
35.0440323552583 0.8911047367375342 0
4.362039190239488 1.70364425117002 0
3.223159266750854 9.718542543749017 0
8.760885601005548 5.491229826866527 0
4.598668507493683 3.125503405099039 0
9.914968665974968 5.932214041447661 0
9.546224033478143 6.392278986792083 0
9.520762484162425 4.4710448258689 0
10.09447081326589 4.875857889245748 0
7.133974713497613 2.783380927179314 0
16.06093099452939 3.361783016683331 0
14.80294300283903 3.411460732545036 0
0.835490706479914 1.327378560610194 0
18.24663223974992 2.74775489016863 0
34.74362345653764 8.261637579285212 0
18.60329074066332 9.639142281618302 0
27.35418144778971 3.374931545205365 0
36.02447716722782 2.951911891184746 0
24.3104005895287 7.988264410064291 0
5.18232370925994 0.7401880904543385 0
32.3012676211348 9.02660820738415 0
13.3538754948963 4.81271627188438 0
4.347328018090176 6.791629508760753 0
26.87827957818817 4.620155095609522 0
7.375652713649251 1.622529533574244 0
3.195501056229435 3.051577841677768 0
35.89284315241643 7.942322254327569 0
23.07403453969452 9.146753125689111 0
5.836802695525594 2.848689704814912 0
5.483550313179903 2.638488651894878 0
22.97388280682438 5.425582344562875 0
9.225208026210959 0.730566589943532 0
28.46044249442026 3.922798952228806 0
6.467441613592865 2.207990225093589 0
8.06273483311911 3.148303915193878 0
2.638702793555575 0.8175594198562799 0
8.082784255886361 0.8391768495677953 0
18.83263810865648 4.121024523045637 0
36.43146919966649 2.449972492488595 0
34.05407332628037 1.75015553341653 0
1.914100885033298 4.580077450930963 0
15.97116013659459 8.139375593951707 0
9.264166018220841 4.471149814520535 0
3.157986923294155 7.250442603874854 0
35.55412221980112 3.579007757145177 0
8.798741743583589 5.661029540199831 0
9.691035808322807 5.659336592052 0
26.50057251436264 9.01223673505619 0
28.44435179255065 0.8180585412708306 0
4.692284588202601 6.584596157148109 0
2.649780952605011 6.5406312908422 0
3.536273911384162 5.414736277383978 0
29.51809691186686 3.796925972292176 0
20.34162625239994 6.198593821997237 0
29.19218229397525 5.998319320965921 0
32.56696478653874 5.253561025236936 0
30.20920854213185 6.291536932176904 0
5.004487665273029 2.643902225888738 0
21.47625819892891 8.581471241778512 0
38.60820389142447 2.619252936372419 0
38.3052244794392 7.33495787589862 0
10.50332136843473 1.188594879724371 0
14.13413333482842 0.9687024730145061 0
1.935495433164039 6.338129301357568 0
8.506708031664427 4.1984618668009 0
3.130735047778213 2.177010074669994 0
11.00537124627095 4.321732207378179 0
1.902732669847531 6.012804803950693 0
5.868930537823065 3.699261163450668 0
18.75692334934977 2.873391865292123 0
7.60251355624104 4.790716793677497 0
20.69340022771317 2.399334277062944 0
14.01653514637889 1.515128690524662 0
1.772347494818933 3.972404764080507 0
1.471373896190576 6.441909550237529 0
19.55962876022715 8.211960571354075 0
9.947023425413441 7.69882088219294 0
9.048175739796662 5.850663162343781 0
22.31794343433426 7.654233264022642 0
12.27092580819307 8.868731722922007 0
12.81842914656995 2.177636073247403 0
26.67049402593798 0.310420404628628 0
26.67049402593855 9.689579595365446 0
12.00071245192832 4.164322327748408 0
10.59703105181171 9.292312007443522 0
20.14457601307789 0.8612880290368271 0
27.78354705730864 4.380094825234173 0
11.7624256088949 8.712047284185903 0
9.212085200202839 4.345425773343159 0
3.71626028584389 1.775674619277516 0
36.23412452366181 7.283082854076998 0
36.5022952784775 7.019928988624205 0
8.474818660951184 5.668574191162759 0
7.18358749292187 4.501586140829937 0
10.77998690679966 1.722944453415664 0
17.7626265066464 2.194283344880004 0
2.169606410645269 0.2591114545634522 0
17.77691757167605 0.7297772070018231 0
19.94718609317798 2.404435532728633 0
2.874310473163455 7.676961565579735 0
6.286394670189765 4.801507149140195 0
37.06560265933233 2.706531911118739 0
38.46194226106136 2.064128868435904 0
38.51117460213646 7.966856135505844 0
8.295884587110976 5.977993668411433 0
35.48166791813642 4.747302544724445 0
8.345268188204082 1.108469918281892 0
32.98879730207628 5.638620665364634 0
0.3009505411608487 4.700334847233024 0
31.69232095144251 2.367931097161997 0
36.4944694762927 7.631035653496824 0
28.06270491841469 5.616767286955341 0
36.43678727824962 5.592849166896895 0
36.13601121895257 5.439757952170905 0
10.34357663561508 4.105571512441544 0
11.68057816379511 1.541044659455491 0
11.37500946945567 8.329193697454331 0
21.82158793885999 2.581604739645133 0
19.50966466820937 8.767037408297961 0
10.09674135456315 3.755540571623946 0
2.901802177598377 7.974411496445587 0
31.67539059881213 0.9743039781951497 0
31.33434796332004 0.9025706222211047 0
12.33654629363475 3.141265843994466 0
32.83999013628059 4.954562507624289 0
8.351315979708623 5.91868103537319 0
30.72865492130848 4.758187735914169 0
36.12388716825165 5.131089274095998 0
20.8288696928956 6.778580893294383 0
26.63212132073525 8.152540651677812 0
13.99891518204825 3.845938718133377 0
2.625542496361165 7.558378391779399 0
7.313714243520061 6.612674033727761 0
9.180097578198909 4.662477586383711 0
27.1298742881202 2.062923891738608 0
11.83167099842323 4.440601544236102 0
20.63668075797784 6.647748826170805 0
4.540033086927648 5.792103524795377 0
19.47630911376804 1.845695864280859 0
2.575590272190689 0.3620138498269621 0
8.738470762870378 7.573116066182142 0
37.01298914727459 9.039676878795481 0
37.00551082892469 0.9655486850553995 0
10.80246227240622 5.457674763435275 0
11.07617487346537 5.821609204950821 0
7.455846447508681 6.6892363185521 0
16.24578376792097 0.1984972457481697 0
32.74510236823114 4.718188375410653 0
6.781648955890709 6.9918376584563 0
2.070774931139161 6.732935582532232 0
21.15551053059269 2.865790597980963 0
21.12764626849643 2.533972165188437 0
37.10423642794111 2.445814978907063 0
38.60233370371839 1.834976429752445 0
38.61134158207665 8.190985539570606 0
6.007343254947487 3.900717478133695 0
15.98192630095121 7.34248076809478 0
34.87833828026192 3.925858604029528 0
26.70742201350847 5.410670227793482 0
26.90096852630397 5.572090372085623 0
7.210975854045699 5.977608813085184 0
15.8532441909771 1.394090343460471 0
34.04071811770893 4.441078441184798 0
27.68994151274389 2.242028615416034 0
28.16558980072529 2.782553859883187 0
14.15448738376854 4.019792934285204 0
9.1125220561602 6.519829333522281 0
15.9343292259025 7.564596172975158 0
38.19286794476987 4.671322287389515 0
13.35142931260437 6.80727936863731 0
19.53519680850097 7.377005596897799 0
19.85550518185002 7.316079399250275 0
27.74555204630013 7.805810749507515 0
27.65201290461403 7.508547610644271 0
20.09592971108311 9.649121440585608 0
19.74026932273131 6.764337130433873 0
11.19692054243398 3.608617393672472 0
7.865775582688459 2.224418751649043 0
9.129288057700579 7.206504915129948 0
16.92087807712137 4.446604004388256 0
33.44965334519903 5.858599955166693 0
7.402961355619319 3.924807115741732 0
9.393762843747053 2.02451343147747 0
38.02222982742205 4.841633204307236 0
30.53965523735471 3.856236984007813 0
10.87837771656002 4.930331714329641 0
32.76579232982944 5.569071017519252 0
19.80487303451372 3.070487758959981 0
3.887245324767154 3.59633132726802 0
34.49092957156842 8.926692153613796 0
2.010398673161765 7.964704434599855 0
9.051178225154864 4.49242181480735 0
36.48673864040066 1.928857722934703 0
36.22052204559583 1.791593144707014 0
10.48211427932913 5.48123712677888 0
11.10994484872344 5.316035422456092 0
28.10305520035006 5.388219691395368 0
11.88419920398849 5.315564083343362 0
11.12581501570187 5.154855464470434 0
12.14501275095122 3.289934967395948 0
34.27672785653352 8.810916221712517 0
38.3654294845735 6.076195275797839 0
19.28870155712599 1.697072640495834 0
32.00604007287573 1.887999417547639 0
6.740070716415058 2.631455573487589 0
39.36015951392547 2.534730171403491 0
7.98899910965577 4.840644131873442 0
8.967248158668909 5.493468487347601 0
8.402071705321115 4.219460392442286 0
11.54534893974785 8.117990200212812 0
22.3424790774015 7.144105279280823 0
22.55224792590727 6.965679659035533 0
39.18227013084176 6.26163849396402 0
20.40566259080962 7.422071650732359 0
0.884262525446086 2.758510521833139 0
20.57126035244576 7.642772050028214 0
27.49085438662406 6.889176737961648 0
27.40289889112765 6.584617051076772 0
33.435104466478 4.58230590495279 0
33.41898715300817 5.62619535133296 0
17.21457090639359 4.576295975549962 0
23.88119200772923 2.726446133941514 0
27.06182177389495 6.029609277759334 0
26.80538941124843 5.839731851794771 0
35.89600319346857 9.330494304189569 0
13.35659461219593 3.613017243039087 0
34.68225194888733 4.709215483810101 0
30.49576321424753 6.703325881041366 0
14.98213650865451 5.879820185227861 0
9.621834027677336 5.452373490728274 0
26.50162683368471 7.956372582552215 0
33.84063368268347 3.824623311028311 0
21.24749622182975 0.1511792927827924 0
3.819931058932797 3.779493638290582 0
16.17252445590905 5.250787418806888 0
30.96533925396085 4.89512408183549 0
19.69946603956015 2.839263173992192 0
27.11963757823136 7.986130397703306 0
15.30684041305623 5.145966956851534 0
18.45266784281177 6.56058632820957 0
6.88729411302536 3.446544236580487 0
8.63917030698145 9.171996046691499 0
6.13735330581896 0.3387538040290214 0
9.947348362109935 4.59518681052011 0
7.891955987253607 3.249171269368256 0
25.64872743438615 1.994501962120117 0
0.8128092459431975 8.346896696006313 0
34.43346178282258 1.473631337042715 0
9.910358378480764 5.589150395676188 0
9.05321963812097 5.510384847973877 0
27.51174739576277 2.753420601895371 0
0.1314595864774715 4.851899177232979 0
9.688638462868726 5.351420356839232 0
12.26892879843346 6.179203821161894 0
8.450378403740755 9.240838568678441 0
13.49689746413427 7.025205765930071 0
11.7212842279291 6.532435482451852 0
32.88425001980115 2.052566351475719 0
28.37619605311106 5.247493850128318 0
28.33225984537414 4.927565038929779 0
28.95760001279787 1.90518714628886 0
7.541388961254096 1.060277671302391 0
9.056352476662143 6.615765541529849 0
5.944354127800618 4.073386483391297 0
15.40588783898095 8.529954096409092 0
23.03984999740538 0.940384568342539 0
6.765950238021607 3.484850354780852 0
1.798081027796833 8.050458082925317 0
23.01814105044437 8.020329176499784 0
31.33222298338667 8.35825239006193 0
16.69966809572019 4.663990960128554 0
9.108393243993598 4.697204586880069 0
34.31710536719973 8.493066521437479 0
6.661281286470534 7.010750482050903 0
5.181307082963328 3.338859423109369 0
6.957586644482646 3.540127025655142 0
14.10396323516361 2.555847249035384 0
7.051315973047708 0.2548587911051645 0
7.320729235526389 6.46856679312459 0
38.29701744312252 0.9399118132496991 0
38.29758070757224 9.060126435529378 0
15.47921722470395 6.131352358038998 0
22.94191127615278 0.6944770914857655 0
7.769652443682872 5.48840064318821 0
31.56309649232618 8.381793738545751 0
34.52263396084044 2.738586638899535 0
11.93348293965862 7.746100875558862 0
36.49154066388839 4.468699341739381 0
15.00751712610308 5.672855775814661 0
8.846921847254187 1.775191928831693 0
39.19664620578801 2.774842672011914 0
31.86947448467713 2.562654677066319 0
19.59595705071346 4.613045655120884 0
31.81974403543693 0.6998941303644307 0
10.19264250982353 4.17666968396031 0
34.67209387806427 2.946024613373378 0
28.86634600245077 8.971533281664906 0
23.25020639047473 7.998313263085602 0
4.655896999871844 0.7173458446236514 0
19.86814414099392 6.505713897902439 0
20.47003323065209 9.140285651946357 0
7.352852064238227 9.660721844231112 0
7.109598745414291 6.388849784211717 0
8.772282947798338 7.721112684881901 0
8.082960634475238 4.65622408711453 0
2.339501766081085 0.2799232802038682 0
22.40581277181569 2.756489896216619 0
22.69938407643398 2.679739377113986 0
20.71625897369317 9.243688026790133 0
10.88853373344467 5.084424443838678 0
6.586321342144468 4.107965907926254 0
7.512024385692443 3.852821066082258 0
15.79973036503769 1.088777879735238 0
15.66903574084938 8.761840851192446 0
6.997741189028281 5.628747443290091 0
36.74895232898931 4.477058126880157 0
39.64070793320163 5.871369417654438 0
11.47720866508318 1.478989292812356 0
8.590554652691585 1.080221058069568 0
32.37479563581547 3.041115150439276 0
36.62610786799939 5.411022467688771 0
0.3440560198294492 8.737477040941087 0
1.914764316066026 6.907409117393258 0
5.212014462939113 4.881544050197058 0
38.6394530141506 0.3651787757304324 0
38.63945301415202 9.634821224269713 0
7.997182151245815 4.227299320133741 0
15.58704209314449 0.9368783415272536 0
11.7190005190976 0.7917378950454195 0
38.62889517007986 0.9747828094789729 0
38.62945843452925 9.025255439300183 0
11.78183206711664 9.694388115060164 0
17.03441446381517 9.15161459807743 0
7.743052614502538 3.752080955410944 0
17.45296790800136 4.066931732214546 0
36.45688599593711 8.743898073774011 0
17.33265090060086 9.074624835707565 0
8.582906434804842 6.857053128901209 0
17.0808472043647 8.541736949312572 0
2.645487533421548 8.138524901984281 0
23.47430612114563 8.44383965126778 0
0.6413254565350838 2.643738873450034 0
9.386671714406951 2.220596477493764 0
9.261363493422357 8.806129548892246 0
37.27131324731344 8.520909288462635 0
37.41724009103891 8.254993187340398 0
37.40281709259376 1.740188240611326 0
37.26903916781321 1.482226879261629 0
31.08838892251722 7.938907256886516 0
7.027962276732275 0.4705729620180095 0
9.942733257368017 5.451750002020725 0
10.59774947907548 6.134835373972726 0
8.599031446719783 5.587317407431925 0
15.29798559815689 9.140651128449276 0
18.17951438299032 3.744459962318653 0
9.276061174590431 6.412494709350619 0
38.62305659100014 6.1369928266564 0
1.319904555067584 1.731699725009867 0
25.20620601192999 2.506595693777775 0
35.14335951172053 7.858393047752524 0
35.25727125923307 7.62022183589363 0
13.57411298541071 3.679079635070067 0
36.77603959895546 1.816574376264543 0
36.91204798511937 1.524215002244184 0
36.90982555751464 8.49107597938742 0
36.78376108892905 8.1972540081471 0
15.94692206043282 5.207932011458269 0
11.943698200586 5.518945803556676 0
15.60463902859456 9.08123646590993 0
13.89205687188187 2.758350045584644 0
13.58924941115061 2.223350404480942 0
10.65251674414914 4.124516844845991 0
35.58564306669505 2.501578568272638 0
35.14817985533772 3.996763758916995 0
12.99293560645843 6.43548925865841 0
9.303969086098139 5.154185838809092 0
38.36089182519749 3.812326096504794 0
38.22828221944374 4.042455207339892 0
8.645638978621969 5.620917652286273 0
14.01775414023861 6.655529687019844 0
8.326313252299039 5.674858014534085 0
26.55840033475785 6.023854171243464 0
8.183230221985303 0.2947717837290756 0
11.220945482947 5.912235038795234 0
3.169577153675152 1.723965669638363 0
7.778976051829549 3.191578481130888 0
32.36404619378073 2.402351692220066 0
1.2794093227464 0.3258480055416757 0
25.30899915799828 7.712790177690859 0
9.524914898411987 2.300803244633182 0
10.02958821261345 2.784670782456178 0
26.71101506399469 2.617957318672538 0
16.33152259644317 5.038159424737917 0
31.97532400232996 8.133164210489083 0
24.05624193233762 3.891769349774474 0
24.38722400716065 3.847379051618482 0
9.774171893015241 6.376015410874921 0
15.09039738422748 6.569568068538669 0
11.43285644845967 8.597246111012224 0
11.75749645045233 1.74526673002551 0
8.790920267568223 0.3116294394130628 0
10.13332229844911 6.25129072003769 0
6.474018008702342 7.419998741945243 0
31.32296928426776 9.058153870609896 0
31.6273374807404 9.013358550442184 0
9.261108024514298 4.699183788037156 0
29.25599001789062 1.433975590601578 0
4.412474223169658 5.874657171203155 0
19.31328229171308 4.774289456820888 0
11.75928497688611 8.17090066256848 0
36.40062863255108 7.859768142993569 0
6.879425320702643 5.628547967741703 0
21.04015855459499 9.743668053287287 0
36.3823020676206 8.971697050094605 0
8.96484846988494 4.509403995193242 0
0.6433117853692288 0.8048669766024495 0
29.2366436962884 1.163517621277468 0
13.81690602845482 6.683488939804206 0
25.66387690120968 2.240232432471549 0
19.73938731785643 1.659669054516025 0
8.447637061974502 5.927931151156398 0
10.86900728333113 3.696020989196505 0
17.82038272254661 1.231348481846853 0
8.717402229472574 0.813785415256254 0
23.23378139783362 8.993718834861687 0
3.607592167364435 7.123059247946071 0
27.68938547772085 2.937026081109444 0
9.233969740870055 1.926584774915937 0
9.365189516150147 6.35852705759813 0
4.490491425637112 2.611608738347568 0
39.63132949437585 7.466420182196714 0
4.411151363577257 0.7876013866765108 0
11.97087656664031 0.7292994586278433 0
31.63220446436033 7.614824953542251 0
31.365433855299 7.419156132865797 0
1.400068420012473 1.506977536038818 0
33.00954706949963 0.3138118255892672 0
9.030910520825081 7.286309245833773 0
39.70361836238408 1.993249629052888 0
39.6879594360642 8.003003973602125 0
5.280360894519879 6.141731199772258 0
2.498731996986404 6.637188118297741 0
28.67033891372074 8.817740008495102 0
3.409170637817834 1.582118317858295 0
8.02368111414178 1.842813840117386 0
33.65944180159115 5.956719174183988 0
24.34608117199068 7.052070280154109 0
17.71092159582524 1.463611932361201 0
22.82712235465168 6.061984755871312 0
17.09260869343627 2.005037021247155 0
7.756446726254805 4.513883647126671 0
7.224852705631865 6.378512308035686 0
12.42363719012361 6.018855693081956 0
9.227338673848958 9.011284407051784 0
16.41995591155481 4.589945416290752 0
31.14256198928706 2.067845728917776 0
5.072301104317162 4.905941007905402 0
0.6051586924761282 1.034145548370408 0
30.21094884529593 2.262618011628573 0
19.94065138410039 1.756482896034481 0
5.543328247947675 2.210207411116652 0
8.956674561008523 1.602938581038205 0
7.153880775902102 3.985632677469464 0
7.695482555013193 5.232410385704334 0
18.26934414135738 3.993646149432139 0
28.83124675083475 1.705459472031412 0
5.326340956324063 5.788149727728694 0
8.188076810279034 1.767374838544321 0
25.45504443315598 7.477309902333221 0
7.435366738198062 4.030443869081783 0
35.92765712979381 4.969440767771075 0
17.57098198005902 5.007224271650646 0
20.26984871714986 5.578283534571135 0
28.70533751315543 5.799736396239868 0
20.33231774179674 5.282823971102938 0
8.984089251481564 9.705970911824428 0
25.024207668484 2.248424129707427 0
21.0376380223689 9.091721687268288 0
14.17223379493368 6.478267625661066 0
8.477332786539757 5.865254078995861 0
7.859804510668542 8.921419778793727 0
7.665441535722276 3.692817599006435 0
4.307582115561327 9.694630901437966 0
10.80309454268848 9.236926350010506 0
11.61113157202651 3.559153092872025 0
7.133782443704859 4.656692715169833 0
32.08318846525358 0.6670761389978591 0
39.82570815705841 2.240778651103394 0
39.81008924886451 7.753003973601743 0
19.34140286863014 5.083044459887343 0
0.132409565488105 8.847915285580433 0
7.729420979805845 2.150464466537017 0
17.24183909587491 9.814965361477308 0
17.63506105016976 5.246769152055111 0
7.899911479682512 4.174851243738176 0
33.25954706949999 0.1842779987918011 0
7.413634368433125 6.419693854858527 0
13.18616984389977 6.314507446458054 0
28.73480265253011 2.877113093450896 0
23.27762565920895 8.582946457482812 0
23.39864557512938 8.841185797409699 0
18.3445012912965 6.80310523309186 0
28.77692476003926 2.599397896591333 0
8.636880920940554 5.841801293365148 0
14.75578230660756 5.942011242908433 0
34.20162377912202 7.836785645975831 0
32.27497784250306 0.1812746713705465 0
9.034671409379612 9.451792694132397 0
4.879052555956587 3.959085387628127 0
1.157149364545732 0.1395196274303486 0
6.651149395750245 3.269189078838014 0
37.75102715620913 2.502629547507247 0
37.60075030855503 2.268754397944814 0
11.91531034799129 6.445220018716363 0
7.697548485341064 5.506268446861218 0
27.98047935936809 2.24809393331134 0
7.620183963336314 9.666645507665926 0
35.19591891760107 4.702375525763229 0
15.3874664621087 6.702479386260049 0
38.99627087629212 6.460457221172841 0
30.70857500179538 2.548574056967057 0
30.52818160070856 2.289216366187432 0
22.63034775122084 4.004352322221247 0
5.023719836087892 9.719060902347129 0
29.01469361055007 2.501340793785712 0
34.26393687620679 1.035816021603839 0
9.436092408086351 5.530601078412119 0
15.75780398904438 9.348639700899147 0
26.32745810633 5.951260154267505 0
32.2977606783457 3.331085858560105 0
5.011826834170454 9.472293153184106 0
18.20819597082432 5.824795393839262 0
35.82944092820455 9.526333778973941 0
3.324907736377256 6.780405294132255 0
18.15797659914459 3.168548253985878 0
26.54812232413547 2.403930870646982 0
0.586382522511856 8.337660710172765 0
34.47078316537952 1.161978323278307 0
7.271991578543234 4.865074826139835 0
35.96689913053513 0.8530536196123156 0
35.69538695273764 0.8763448321649435 0
8.693263519662361 6.871864176226301 0
9.087875776963671 5.923592558607957 0
4.418173149548258 4.132862039077216 0
25.97619707071769 4.847538271776276 0
28.44477693798207 2.968999285188597 0
19.60732311786759 4.352080903091014 0
6.729112328648477 4.345077901177607 0
9.784556001098716 9.062920931139177 0
26.89255286857262 8.173749633099996 0
26.87084055442982 1.587470910994775 0
5.79927198196313 4.090892282679125 0
15.61363246984052 1.571663340255652 0
10.97691619670595 9.118608560628331 0
6.737916831793025 5.104946039253154 0
11.42858080439453 5.867512525612227 0
8.34330687705819 4.181405564016583 0
7.988355210902785 5.982784908932826 0
4.543570358834217 4.005047159885307 0
6.17241624455552 5.141090658876374 0
33.45411140657102 4.859602363640538 0
16.67895292190029 7.406478230589902 0
23.08606937557719 6.121897000048171 0
7.82736690927316 4.67872200749609 0
15.95880252289606 8.666068922958077 0
5.238234224725004 5.668151986799867 0
31.32179763666869 4.362031562091151 0
6.656887970976421 3.421688680630627 0
5.668209532927161 6.570869202567426 0
4.667743994066268 2.747717009874719 0
9.482999673941238 5.622390364903502 0
13.33098964530388 7.736062501297527 0
15.84141138891024 3.654519253918759 0
21.41481506207649 3.024089863535643 0
4.259374947435753 8.643399778835539 0
21.7375692790788 2.901311738380352 0
15.62167334157568 3.697319393787701 0
23.34098917958531 5.961145700828976 0
23.60766536133433 6.090594491253196 0
21.97027722993986 6.723062373894589 0
22.06656960623262 7.027394511594466 0
21.07506138979744 8.859373014204166 0
22.27371911004869 2.183137964964683 0
19.23840311508041 8.84021126050621 0
30.07842598025675 2.488636810584129 0
7.511733776219688 3.216059551308457 0
3.503584084453241 6.680410516813468 0
5.565091922536967 6.388501931489455 0
10.85846424316479 5.600597543371282 0
2.350814403733918 6.789997389233297 0
7.344191528862964 1.194280395015709 0
7.940612410588692 5.138637422262731 0
7.495090311782569 2.373091250485713 0
8.37723538465819 5.710795615908739 0
18.09346567256501 5.627817912810445 0
9.435689043116525 4.64487993242632 0
21.27702860467969 9.84964452059738 0
21.07144545445327 4.523723129849039 0
39.25489469964491 7.430138764521272 0
34.04904472442441 3.207289683906671 0
36.66534720784524 3.810977938447154 0
5.980085057585068 3.602175676085049 0
16.49666272695186 2.903594632475558 0
21.15374824728535 6.172248146281913 0
21.72245139999392 5.555157765690229 0
16.18564537443362 1.47368593587486 0
8.757858467346132 6.341089793306275 0
25.77839754266629 4.652492339484117 0
17.37126358019901 8.737792145501368 0
5.311910445235855 6.273244511537894 0
6.503347060893809 4.243428106009612 0
10.45014768184205 6.236652859481997 0
10.89494452957416 5.343355018175082 0
11.26585627019831 1.073742309662159 0
28.61289320437792 4.741915191673066 0
28.39953508776098 6.938368300704848 0
16.00824219216792 9.375228384795076 0
28.55813058854706 6.761803142018213 0
11.65087964770105 9.877572640747459 0
34.1399110111011 4.720896755112754 0
34.44615814246484 4.819797681979714 0
10.40976890003097 8.254954016978765 0
12.63776871680805 0.8732308623343492 0
18.22736731013431 1.726985480687915 0
10.72442135182489 5.861278374388966 0
4.771599764449504 5.987995556842688 0
5.974139929954543 4.999030403108957 0
6.114054913107551 1.58993529344639 0
34.74413895989821 4.450416209183097 0
30.78029419888052 6.690459855584031 0
19.55128360800428 9.68772393633059 0
34.63446602374687 1.593431076351686 0
24.5060068421095 3.35318801995823 0
19.06699229635926 8.593563197473847 0
7.888778605963064 8.718618974392248 0
7.521203135963752 3.750513715358248 0
32.1485609563759 1.280181549607791 0
31.09358011002977 7.600138256257243 0
23.47749798902617 4.861536974885016 0
36.11929036434724 3.57657704597145 0
14.64577525444497 3.632486702729944 0
9.781674980738932 5.623638065700205 0
10.748028100506 4.218358105952892 0
29.66019205182409 5.029763195151458 0
9.120215673698866 6.009021838350013 0
9.216116129022828 1.35491391608352 0
9.404569087935849 4.205899382392751 0
6.314727069557108 0.1523211626906932 0
19.78350920467432 9.822104680578569 0
39.29918880287652 5.421701865748779 0
9.937544147692151 4.731119965949818 0
39.15979519245681 2.057806610872333 0
39.12474883161719 2.307779501722888 0
39.14980457592808 7.96170849048648 0
39.04148609286355 7.698838133613754 0
0.9640598235847143 8.560875873762303 0
7.317724182900321 2.444261853489244 0
1.711746836951111 9.000854724679561 0
11.00547585886737 3.5834258328461 0
28.34305976853179 3.266084740408864 0
31.73431640527771 2.067023848107134 0
4.470931114446331 6.957516245209533 0
11.80629942309693 3.505876350094393 0
29.49949017233426 5.266258741710015 0
14.53946932693103 3.438977118386898 0
18.83979363786534 8.662627359144521 0
7.852059536218181 4.979440798153353 0
26.0916474772483 4.279482095118933 0
10.34481779421942 5.395736495222657 0
6.354005154134655 4.273469801800195 0
7.370180250268202 4.966656505995341 0
12.42739096193641 0.7536751484588896 0
29.22008467404802 5.276964414361891 0
12.56169032662088 6.496084540159323 0
22.85759092176383 5.006316733575229 0
20.93446583240576 3.484635139222158 0
22.90206076529164 4.014466561657657 0
24.5518526999417 3.617261778147284 0
29.20310955086771 8.861617408676018 0
7.271978859773673 0.151043103653714 0
10.28413161915244 6.149775406650039 0
5.594908089455994 2.004844908437003 0
9.149968349997808 1.58839729945965 0
4.237723504854856 3.044338398860674 0
9.423162071197881 9.22244661016572 0
17.6575542245103 7.571055528708741 0
21.39439738426586 5.970284660453758 0
21.64048915799859 6.149033913313011 0
8.520393863104205 2.799028129659048 0
23.47195415712924 4.221957779066587 0
7.270160799318757 5.410906658975374 0
7.690748352832238 5.32446110652196 0
34.08945774030382 8.388791143505856 0
32.28303632293211 1.926894457813665 0
0.5989494282056039 2.403766166679539 0
7.718844644801283 1.173383399556037 0
7.708830243015641 7.918738229393891 0
8.332054483947166 0.1296036745897942 0
9.591610521964798 6.592971114396579 0
31.82408020403521 9.263739712194125 0
9.217844444714521 4.966398656561918 0
7.944710903249731 4.885531354915313 0
26.19237538593304 4.044213286503425 0
2.582381298464258 2.671272867715663 0
35.84606076274267 2.547999652714377 0
36.12108579978403 9.267601600681429 0
27.76845587698979 5.05509565769873 0
20.90530518952097 6.126556042102561 0
3.729427683366202 4.178061626833325 0
31.79714674400953 8.791871235478824 0
31.7598325236592 8.552763795910487 0
38.7085601148054 1.287540838265315 0
38.70912337925477 8.712497410514024 0
15.59134101333129 5.915514982282995 0
37.27091349191686 9.036842734998741 0
37.26973761901971 0.9656897014998659 0
9.460114269600348 8.239341054398592 0
9.098673526086781 4.147930723661379 0
5.749750980658457 9.812580074385318 0
4.684906667057228 5.842211188677168 0
11.48121139321119 6.066902227709117 0
13.49543760145122 0.2656977526737149 0
28.19638301179718 5.823426705960852 0
13.38181008607598 5.758382128597037 0
2.792623976323113 0.1684610544775781 0
11.46620839463891 1.18114197833553 0
31.408543562392 7.092344492872755 0
6.054659595209148 5.124383573518005 0
9.468616639094156 4.72041048763219 0
24.00192895639292 4.881116523200362 0
31.69101441320546 4.057971066912926 0
10.26727022306927 3.77548718609599 0
20.31242050640875 9.827016760007039 0
23.75144115579988 2.952011270630312 0
5.076460560154136 5.963640425881208 0
9.901204062720268 2.877124381020283 0
12.32984227245109 2.489548327944709 0
2.433589428063458 2.542016216223143 0
9.607470635146278 8.126135754780032 0
8.204667762100975 6.166297517383685 0
10.69133460426544 5.705455318713816 0
31.70593962986124 8.096904097806904 0
4.097204093284001 8.509254415884605 0
16.49465085796442 0.3265371595307293 0
27.51375545717859 4.906990505325568 0
18.96902810303209 1.783895712910218 0
18.87856673641221 1.553540786810766 0
17.7223080644628 3.97244723272594 0
23.7150827468669 5.303674450881903 0
20.75681819300032 3.770841768949631 0
12.14716041625975 7.637467043178201 0
1.616758419349656 8.772592257049936 0
29.39958455621347 5.829680406171292 0
25.05599699523361 3.797808492078142 0
6.614929144447135 7.138566171504499 0
4.461084250550926 7.923618301552799 0
7.399447211547719 5.210962843913912 0
31.57566073617094 4.248882768466111 0
3.274544417215169 7.461622942561346 0
4.380893519633132 4.478690623980223 0
19.67053592479221 5.528947931948817 0
24.2574889289722 7.304603601100301 0
19.94662856764205 5.701118769648688 0
7.720576850260009 7.725367882693392 0
8.96903610884584 4.745695213633526 0
7.294303484286135 4.95308033701788 0
9.395245067222829 4.300661564025655 0
16.61135917072314 2.305029461369608 0
9.637189562091253 2.895404947343122 0
8.050710298718363 9.082628101345671 0
27.50080292752898 2.475799781143157 0
27.98125910196847 1.245043484937736 0
33.08352795985812 6.801692343047783 0
24.75668363383416 9.821114486300658 0
24.75668993108841 0.1787082133038776 0
17.55880406572602 9.3037481266807 0
7.639738139556545 3.301162033713144 0
21.72865626620903 5.274214717182822 0
28.1944598805188 2.500839589060857 0
30.11668651978942 4.596278718612072 0
19.09456792386477 5.258199923866013 0
31.64152925972253 3.821067557383202 0
10.27439420589764 9.69624102760689 0
15.06767789257367 2.976896882598616 0
7.149873341618921 2.37905900425454 0
7.793562216471417 4.29590096800175 0
36.93375784382203 3.965135195941212 0
36.89335266900153 9.301042219060582 0
36.88598388624096 0.7031051616260631 0
25.96826549371743 5.146230300102108 0
11.14901217673417 8.245426293498793 0
23.99798304442535 5.199795416993609 0
19.75009503743943 8.007472084490843 0
16.0924812965284 6.087653783816401 0
4.764826588650623 4.224687173945202 0
9.516684909067878 6.686295107879839 0
13.09451489703246 7.837844363988239 0
4.739933719562531 4.074149285438884 0
7.271024831265706 5.503822531384677 0
37.87809984701044 5.795260439481251 0
14.60002158697146 3.863103906604419 0
9.046732720109054 4.079216610139795 0
26.29939112100558 3.558690954662675 0
7.809102369149374 4.214739564350309 0
8.665387817279527 0.1296036745897942 0
9.744149997639456 4.914301299692636 0
31.37441434132476 5.117437947796113 0
39.82124024551134 7.213416208591187 0
18.64133797805967 1.434500598886415 0
31.58577841333731 5.22722823104936 0
6.144408706643816 4.767455853352682 0
11.62842965751924 5.280078978000946 0
5.424892724188724 6.376344977664345 0
13.58124854494904 4.175625293451191 0
12.60409288042234 6.736075410089913 0
9.697764566611964 9.239841756332412 0
10.7533996910285 8.348288513685006 0
19.50487470279299 7.945620717042778 0
7.582445857333775 6.932542797307586 0
9.42276594292967 4.469858151022966 0
24.28376956570429 3.199757248520113 0
30.82729238935034 3.769298645868874 0
9.39493326653635 1.321337854743662 0
29.19019614934858 5.737685370426671 0
22.54096302894669 3.331979666362523 0
10.54961150830505 0.5822239039495486 0
8.136600360962445 6.112456387020707 0
33.16754646194341 5.493231443064666 0
8.512913854152155 2.658293666974613 0
39.83252775877568 1.283272832526703 0
39.83252775877582 8.716727167470689 0
3.389968544938392 7.169796342103385 0
6.914057040460196 5.344041868971614 0
11.46275226119391 4.297255716930759 0
16.05232041343602 6.291086360775339 0
7.291582642543728 4.393765486788052 0
27.061415766504 8.634769140299564 0
27.07524665235718 1.393381946020584 0
13.68576818352573 3.910627935833624 0
31.19931554458631 6.887974546479892 0
6.51683095025518 3.539818387557423 0
6.88348349838174 6.264421109991211 0
23.30755432608916 9.20334713165019 0
0.6908778134615424 0.327047359913378 0
1.281420027110963 9.837503822867356 0
32.22649273290079 1.487472715865928 0
15.30602350708361 2.933021825982113 0
13.46977292494021 0.4938902540007645 0
22.55637985363312 5.003478613018168 0
24.7015334457353 2.24782370602081 0
16.59482923783131 0.598440529972204 0
7.859614276180253 5.683693880099376 0
16.42184563095199 7.482057117101331 0
12.27697214710321 2.914306944189304 0
29.08585026725418 3.683184289216674 0
11.46788940490249 4.107686604719729 0
28.40795574575118 6.281424133067193 0
28.45640133441553 5.932739438417077 0
10.26944412946042 0.1737961036876486 0
7.64541587243372 5.177610626738034 0
7.373375827939264 8.413631647029939 0
17.42930766662987 4.412776874219708 0
17.51103823381604 9.653270909058492 0
16.2669698707937 0.9560254497327856 0
7.165670504164474 5.736329720768592 0
36.78109381393121 1.26938987614575 0
36.78078074774412 8.748368271948628 0
13.50253841353276 5.583360842721732 0
9.338129935747988 5.079586309127958 0
27.10273116561567 6.546522790112706 0
9.386723257349322 3.384402144174373 0
4.145195188087424 2.854659751328502 0
17.5818179655454 8.648948933975928 0
17.87048302554554 5.584124810729801 0
23.41625063731254 3.905999758153317 0
14.32784439170718 2.098520828116021 0
23.90900169645966 1.223258530880366 0
16.99110255480997 9.688695920686444 0
39.84632169220063 5.692847976582711 0
34.4628929062241 2.276622963306537 0
34.46903106291233 2.038120692189905 0
9.493088796966587 2.887474794256159 0
4.345836578724643 7.749453174307344 0
19.01580928077669 4.664525172063362 0
38.08704723547684 5.677757622036464 0
27.27181510687355 4.352780394921657 0
5.622190772059007 8.211708012352476 0
16.34447364142769 1.699062276423163 0
8.835833536584548 4.172483652968496 0
16.86472671194725 4.181666418140711 0
39.29549125586865 0.8416245798436316 0
39.29549125586887 9.158375420156494 0
7.252047390826316 4.307614324936937 0
36.26213540852577 6.479516336331955 0
36.22980530585616 6.718586722342802 0
16.50877068941566 0.831586595598222 0
11.0181758351089 8.683852669563192 0
9.111622926967305 0.9695864847683374 0
6.373994389598142 7.560705193836388 0
6.262657568820496 3.769726923880054 0
7.85796768671664 5.148123049413559 0
36.36711378487317 6.059376619076264 0
36.52933510174493 5.880815342875646 0
2.224105722517727 7.561354162654164 0
9.265961114767675 1.7167162372753 0
27.07175217969139 5.000910014097143 0
27.28399878069235 5.074163274392754 0
7.564922604738013 6.203948214019207 0
8.630047378129687 4.316575799601746 0
16.6009961700662 8.049911956041495 0
2.143944054009259 2.249605095102291 0
23.9719333945783 3.234663643623409 0
9.213991158653668 5.163171988636851 0
23.67979091979285 1.277063982239021 0
5.578305690130166 6.690475408768434 0
14.79120453672834 6.934479250557459 0
27.51156743548468 4.412725395954795 0
26.22324391270719 3.319535806664847 0
20.4626678428576 0.3142904010932328 0
11.27195852029205 3.407922456726812 0
30.1974147789161 4.8057852732038 0
19.58832570935964 0.6564342603342378 0
6.672364505748118 5.20170754418507 0
27.7903997436012 1.474584450872633 0
22.84356009358447 7.832724902560437 0
32.58917657453039 6.472833742152758 0
22.84109535957985 3.263598550413229 0
23.09025659448875 3.789732120956696 0
7.555352097545551 7.958564885548605 0
11.11725747461786 4.701093431999987 0
3.04327979062316 7.479193603105689 0
4.95470126357096 5.907339680833535 0
23.70976754482923 2.468975329799169 0
6.240318482316039 4.161688531498997 0
5.329586851454697 4.963160992376078 0
32.07845821453948 0.3209301073224981 0
6.259944113655737 3.613326859470094 0
22.74648792523459 2.371037772034544 0
9.332472356384718 4.629628261044205 0
32.23031198508571 7.935868631276193 0
14.53371901137604 2.175831098405574 0
13.86955677528802 2.135500436952981 0
26.881687049644 8.484496742513116 0
26.89379621337257 1.932084547536657 0
32.89515459276789 2.316160344233364 0
14.3097975787556 0.8141196213624095 0
34.47122456510832 7.869809425759623 0
32.12111900965275 4.858332275918841 0
32.21227031761669 4.656162439982124 0
32.66357481412746 5.126505570119379 0
7.708875393333767 6.888335029285792 0
32.7695813906768 2.709956556114216 0
14.84104972856235 6.695325837084432 0
8.341075734592806 8.641078511506523 0
5.432910168166793 8.095964817639471 0
13.67447156909711 1.050590574154207 0
8.971389997240992 5.252314366802011 0
22.17101131526301 2.499802691264688 0
9.393497996574267 3.681866829419448 0
17.27857943607224 3.896576056765357 0
35.76779726989592 0.1777979882842972 0
34.91174759453709 8.690938318011311 0
19.39418272634359 7.673561976005998 0
10.78740236148394 0.5922104191839114 0
21.39948523827516 8.289056634760025 0
8.466498815283929 6.076782356531761 0
8.210760573717677 1.598411121735918 0
37.45379796379902 9.294359777660715 0
37.45262209090126 0.7081726588379796 0
10.26382285457758 5.155980819994442 0
16.98949925797551 7.558910918442918 0
7.052216404524285 6.495783434149682 0
7.901235108420916 5.105570544078764 0
39.68037683153349 4.312077181028203 0
35.53225386108198 0.32142980952295 0
13.18879785186822 3.758759718359666 0
32.9356694043306 9.235734032588669 0
7.186519489219486 4.829668478929228 0
19.43085516124109 6.808941421221806 0
4.099469213041322 3.231874837637942 0
33.36179764096244 6.897500725161154 0
5.873423520398151 3.528778215146504 0
2.014530385591655 0.6468074582638458 0
22.07992474009522 4.01034949382742 0
29.0430693804312 3.43161681572108 0
21.12010081698981 1.545929505646604 0
6.980825496916656 3.320933647458018 0
13.60817720605138 2.705248531227856 0
34.95121136711104 5.142383446819594 0
3.111846948425093 8.109671067841871 0
19.05090802933283 2.40794905478776 0
12.1699651642484 4.600571974910371 0
2.639256855486433 8.363828804952583 0
12.04043329753369 5.140095537284864 0
31.39628485226605 0.3339105830367814 0
18.14146107533132 6.035977556578433 0
14.15046825048106 6.268024120502377 0
27.62029647438754 4.625827743963921 0
24.23705187273901 4.755528846593563 0
16.2922777385934 1.931752664740533 0
27.359425982167 1.854377704323739 0
7.757692692273217 4.708813038773761 0
35.59424104528265 1.190491843373214 0
8.629518445927543 5.691732806901174 0
6.576669876983272 2.588625428397565 0
6.9306347166875 3.207071153047873 0
10.95699327720727 8.431773208699418 0
27.84746943212902 1.688144770685539 0
7.258782078334385 3.886591089628825 0
23.73693882783641 8.834010616150591 0
38.80767589903635 0.1425782176924479 0
38.80767589903797 9.857421782307613 0
38.79726589252561 0.707365897356191 0
38.7972658925263 9.292634102644007 0
18.73438410978708 4.875726951531486 0
9.083543968088582 7.048951667737907 0
16.25494880367598 9.826220454576292 0
8.372065190095181 2.588327672718825 0
30.4034877204534 3.631167436598082 0
7.199142605245222 4.72374605323574 0
32.40183422899702 2.116831564751764 0
3.276490497268301 7.014152347336394 0
10.69472109254826 3.966771612976923 0
31.0725411390856 3.929588866749979 0
22.49339566844144 3.808383577234405 0
35.36163531103789 1.233522701309786 0
30.83688900764541 7.50249012967696 0
8.143232824835616 4.35004211372009 0
30.15754996283946 0.9082831261528453 0
8.610966529597528 7.841625062950285 0
8.371116985730435 3.815982952491614 0
23.25321109861662 4.711828055058387 0
21.08337926932421 4.787910054074334 0
3.898186879567293 3.228491096971725 0
31.39094000712657 3.732313628747217 0
7.798823770451367 5.135644380747202 0
21.2253696442336 8.445751333083752 0
31.64834711805591 0.3537480986890697 0
14.58732006966859 2.441476521364788 0
31.05048751141596 4.248462374152347 0
6.395541611112172 3.498783314812979 0
21.30743310435769 4.404537650685769 0
32.45732909871691 7.431259625318312 0
32.20596770694727 7.622249808420688 0
20.99100181235199 0.2962627491343837 0
13.60907236198479 1.294486074762007 0
39.08444277980948 5.254690029940458 0
9.852560960724361 6.496821484712563 0
8.983407834980559 0.7822077463870776 0
15.67789261115364 6.572565069017906 0
7.982918802523947 4.782535750831308 0
11.16935159005345 9.674405667558089 0
34.80763845546539 8.464852397399405 0
29.54303882503302 4.81405464758229 0
8.358543385801736 4.345140185272403 0
25.00548548532518 9.716801447746992 0
25.00481806170347 0.2833969809293314 0
17.34869974506563 1.867006095605292 0
31.56111263043724 7.899721824090086 0
7.073507594590933 5.752530316610233 0
17.26334808867466 4.914024277987078 0
23.87273051058202 3.707202639201657 0
23.84603055644684 3.433644977959905 0
5.909157722279133 4.441986544038532 0
9.710060899015199 9.703311510034844 0
7.02960408211564 3.967410734708113 0
8.242037188766082 6.887760515234848 0
3.021092441746769 3.590897904067301 0
19.46489471219946 0.8994921009815994 0
12.04761908608219 9.690567569232785 0
6.84999484428923 2.484224119282194 0
39.43550205071745 1.93332735652449 0
39.41984312439779 8.06292624613249 0
29.25196353158596 8.592370221655232 0
37.70666163418082 9.207786728030488 0
37.70548576128385 0.7947457084684494 0
14.04621907184676 5.85090178943184 0
8.099046595152613 4.593139294053094 0
3.820282855335897 2.275458674832854 0
32.9416611117741 0.6082525603481087 0
22.26231817369412 9.827312470775883 0
16.04465514278468 0.87289277699526 0
8.033293266997088 7.745492430890764 0
12.20403050982471 4.7751095307601 0
17.50557687660018 7.352844869514509 0
3.074256838432261 5.686367701352921 0
6.404915769438023 3.335647402218366 0
39.09899542244975 5.93046697683269 0
9.154592195017234 6.959393697800873 0
38.93600486787752 1.361103108895462 0
38.93600486787801 8.638896891104782 0
32.50134769173898 6.678814019101577 0
17.11776761634178 2.242450897975302 0
7.866451382160668 5.757537371304584 0
9.852342067273455 2.295873766819156 0
29.46839547221503 1.58386720289254 0
12.42010948320092 2.27696975586776 0
8.938889054695911 3.747569026701518 0
6.041426821443229 9.410046995881517 0
35.62962692536343 5.009924984079712 0
5.951703600940328 5.953082629481668 0
15.45223547338467 8.248894430578408 0
7.788086305378041 7.13276808606562 0
9.833483884583567 2.499132582299789 0
7.863710622376654 7.675396176825774 0
4.953218727738926 2.511023536885412 0
21.0259381994844 9.516314958250284 0
7.80628729408773 5.63717892252027 0
4.55693188119841 9.692924249056198 0
15.53490268865052 4.041320605254074 0
28.83180783352111 3.324369185876178 0
10.12615947771174 5.235004994701263 0
11.45697585650702 5.474225244165228 0
7.855391958924474 4.615500544219095 0
1.685449162898521 1.475776692660189 0
9.407240234173271 5.703383936954186 0
6.940313655063449 5.214433677813538 0
9.259295063616136 7.562021302599963 0
12.13898467447429 9.43038659146767 0
30.13748210731042 9.099833122511699 0
15.18597281983235 5.329054970738496 0
10.21636174951126 2.86034423868165 0
8.354703335151001 6.26116185805174 0
30.78677519337168 7.225968201630818 0
11.61512809240885 4.457277865748558 0
10.91590593905575 9.672095708619487 0
5.859438996276281 2.450842388308799 0
8.447537962359966 4.467343986304265 0
10.7326897244772 7.622194071073749 0
19.65844690923788 5.206152494348546 0
18.80955710882834 2.463339125163731 0
33.79039752993737 3.304663761285946 0
33.70858224981862 3.563268877427122 0
2.034986745379004 7.674793314976365 0
5.139433022832558 6.353693236363692 0
6.594537157820642 4.360003688247161 0
25.55237061136924 4.709447016160421 0
0.9498122945169918 8.804277851257 0
38.35352293932846 2.799187157029882 0
38.56033275422528 7.23955771713208 0
22.72727868170753 5.835514012275932 0
6.149331266403686 6.520811307334159 0
16.82678398118648 2.830526677505384 0
29.40717506382172 0.969985042585817 0
0.7446940118475953 7.275770640940538 0
17.77475021989059 8.303283837829795 0
26.96835032246829 6.305681400343883 0
0.8495866563319999 0.6518583787914439 0
24.88675978469669 3.617124486984324 0
31.43786772724823 1.5759406922744 0
32.93812785350351 3.67385494717944 0
33.22752586826795 3.700971757746772 0
20.30121376006813 8.681151046439282 0
35.16056179619287 5.289414592167486 0
14.8959464784213 2.829115351971332 0
23.73302080865415 4.363771843153071 0
38.19952945574936 9.333242796996982 0
38.19952945574801 0.6667572030030615 0
16.85811111868532 8.048330030367771 0
5.091224297793792 3.678777741529837 0
5.677925992891797 7.742149381978177 0
39.3548869472383 1.089573115981147 0
39.35488694723858 8.910426884018383 0
2.770589654178004 2.065861435306501 0
19.14118289231714 5.505797578042866 0
21.03253020607085 7.157557094525038 0
6.033113193725151 2.352425847778119 0
3.619368462893308 2.285155770558724 0
7.393052085989408 8.206616461665863 0
6.165203616175101 3.894632618907529 0
32.15067815335243 2.586162595745785 0
2.323758758463824 3.387307809093094 0
24.55535799358389 2.473138738212838 0
24.69736981920832 6.1065140012804 0
17.04272798816046 7.805133831457378 0
18.55424925636451 5.373584881262889 0
38.29299589443466 2.541234805614434 0
38.53658177831485 7.482549883400679 0
6.698854329442443 4.963406059554974 0
14.40023145639895 2.645776170295206 0
6.241250648962196 1.434619531045428 0
27.59246841645525 1.917790714332694 0
8.160475039215003 6.752871015493741 0
11.09876827619711 4.858287196344665 0
14.30420290162653 4.702433827869999 0
15.99634504540109 0.3390930178131131 0
2.530873687575202 3.379450803055095 0
5.856677394805689 6.333385301125936 0
8.786492024595406 4.217763488746509 0
33.60007861030368 0.696449853498232 0
34.34545611676369 3.815983484294934 0
8.487284285177383 2.316202879690053 0
4.120574551798346 1.156985756358335 0
12.30366064454627 2.029358040296299 0
36.74885272940352 9.84956238319451 0
36.74896226498927 0.1493594336410411 0
32.64874294966327 2.487531653679007 0
0.8368486297646617 7.475746909787513 0
6.036213558486885 7.780674957184324 0
22.22034191466369 3.824697585638208 0
8.495910309637219 5.978511070260732 0
0.903327193526439 4.283603863219049 0
8.734845340497516 9.827561638463495 0
8.501291838897266 3.43225089551801 0
7.201810444330598 8.479160802559456 0
14.27769341321566 4.46143436866391 0
27.26790635215866 7.114059314716781 0
8.031267243743068 4.683451782957643 0
5.735579484049705 9.119229725240523 0
1.427726020356746 1.979987547611018 0
24.92266037934886 8.166682214280497 0
23.89813213213994 9.023098840211821 0
9.110336348306079 3.772978905604067 0
15.70995256429713 6.334483932161374 0
6.116005132077056 3.511260346035412 0
11.57450770115197 5.110145714518782 0
31.94299920752907 7.101839688739979 0
34.4130602397116 5.128384316799017 0
2.461661743318097 6.474640147010709 0
9.834192135810662 5.345822234985931 0
20.49417849099179 5.825144949133694 0
7.566445218720227 6.592955802413513 0
20.7942787750251 5.810867215380664 0
10.87363744060647 8.858652439012333 0
12.34991564231722 4.90081286768593 0
14.45127781695946 0.641571718375567 0
24.88892515315575 6.208397833091916 0
26.27284913976291 9.381214324224969 0
26.22945938556583 0.6582496159423363 0
32.29686369572398 1.119851815381091 0
8.292203615962963 4.024596068582143 0
8.263172500022547 3.095224509529308 0
38.18823487160703 3.013557065928646 0
4.620370102075705 7.058424934505772 0
27.94010877631776 2.947184849074867 0
5.951246804097416 9.187937251587408 0
5.924462617343778 3.154917582335775 0
13.45077201067931 2.016513081181623 0
25.1467465616877 1.957893609873479 0
25.41630307986594 1.87886713775877 0
8.654967401050195 7.992805831846485 0
12.85164502657227 9.693020203104302 0
19.76432740004905 1.290094143942923 0
1.956431794011503 9.049544068791603 0
8.360926950488617 4.087482298137956 0
5.517779437311916 9.667905982775743 0
10.8966214929712 7.528518594687941 0
13.07589224256761 9.67331662148478 0
3.203548252506237 8.816041897767745 0
10.06105789935276 0.6117109101246757 0
28.93270126530886 7.775855499921907 0
33.54251551986994 0.3518719784841817 0
13.77335139818896 3.4745876090113 0
10.21618297136505 8.287031776710116 0
5.156622308185788 6.49753173687013 0
8.835990370462312 4.585161105248548 0
3.049744112911938 8.56830110038336 0
18.84972362689989 1.978255196897799 0
17.76801831027193 3.495196936013407 0
5.352976109675019 5.085280580197971 0
9.688554055162527 2.597710711149171 0
19.54614953963726 1.179729811417388 0
17.07388747912674 8.281618724911034 0
33.09317938797025 1.925292242959386 0
8.621425274492474 1.760365741870647 0
0.3452202860466938 3.068183626691878 0
23.98982265989028 4.223747395909917 0
32.53116543715925 8.379213718208137 0
19.98746807446802 7.845655372828916 0
28.81315145153975 0.9043621608386235 0
21.67875136260598 6.675068787291212 0
7.95682571132318 3.884824330765918 0
30.70387187212935 0.6189092512644118 0
19.16535300759396 3.01073459309551 0
28.74797982255149 7.624472903939374 0
0.7866756001690663 8.988756177804541 0
27.37436929594672 5.570558714918065 0
38.10656703074745 7.155913303152272 0
2.711597661235153 5.684633751385578 0
19.38370160366448 2.803108825610428 0
7.339456214384323 5.276039587461061 0
26.1000605641766 3.802927647702976 0
9.917509174341697 3.511659016218889 0
17.89081963124482 3.246100847152289 0
0.3301637115615246 2.829382818853551 0
31.4874172648266 9.77789506607346 0
5.214193446966297 3.539565347323985 0
20.21916225233459 0.1692069447416415 0
10.79434223774143 3.308963233664467 0
7.184203110692228 5.557106616208881 0
15.33805687076065 3.356608156004087 0
10.37470963244747 5.886366041135104 0
12.09617161716746 1.983164779234212 0
28.6854704422344 5.295340045202458 0
39.69707406886405 1.080719327688451 0
39.69707406886429 8.919280672310254 0
25.09948343484265 2.813465235567953 0
7.01348493508934 8.751781311205219 0
22.48009192385561 4.765026565177685 0
9.815890221168653 0.6192760177152183 0
29.12164650411625 5.498374243680611 0
25.11731993169842 8.267756947537194 0
27.76402708995677 0.165586034236362 0
27.76402708997102 9.834413965764297 0
28.04132525315852 4.851360167549179 0
6.475226101818397 2.769399043665238 0
31.29279717760673 6.542347114768258 0
13.959072680683 5.654915005898665 0
15.41419186064601 3.574686558178307 0
5.682002601248883 6.094371222767879 0
5.436007056584479 5.473638906953773 0
4.306858760380329 7.016126105897118 0
4.499568106541854 6.588970583197557 0
21.46751408443463 0.2896978331656168 0
10.07627970809692 0.3039175914096036 0
10.50397133413182 9.690076419729527 0
8.588853260747024 6.198295105956528 0
8.836420585488625 5.415246525581108 0
16.90729861660093 9.416162900678517 0
7.263604188171986 7.331102827450831 0
35.24210314216671 4.236640742936511 0
7.018829389210803 4.68054357901589 0
7.890214180347269 5.532967477934787 0
20.94481629074229 1.350407778248718 0
39.87124921671566 4.180676326289539 0
20.79156672046072 1.948700702989619 0
11.62275682044894 6.152960903355734 0
21.03544184635605 1.869085460489622 0
4.22911456456029 4.424530384547183 0
12.72422106396508 0.1775633328925443 0
7.969069423817268 5.362615579330861 0
6.530633038622844 3.994052463853803 0
17.55564981754739 8.36929723550073 0
18.63072908453529 0.9431707617136981 0
5.706047783070964 4.948507954699962 0
33.97137029599129 5.399339890736037 0
8.400400680352794 6.108290880035145 0
20.76623343325858 7.068822576533865 0
38.29611334418681 7.051247272248609 0
14.85862334630045 0.3285861081608416 0
1.641059282618079 6.892884167435132 0
14.42175220439329 4.018799352816026 0
5.672240974773799 6.272568471738943 0
12.5325766806499 9.319825933172439 0
14.3441379252473 8.274622354732813 0
21.62203011031696 2.374534547672174 0
1.774956381623191 1.188695402922804 0
11.92594867785968 4.271820382321327 0
39.07195417815122 0.6867563023749029 0
39.07195417815169 9.313243697625298 0
33.62442303943666 4.066049479197821 0
7.590710156031726 0.5491102074842186 0
12.02207604457569 9.220062269266014 0
1.104784832283806 0.6506590244197417 0
36.30983631706314 2.670038498952836 0
11.25697244244867 5.017625971131678 0
36.17487067958627 3.823928681885556 0
4.335018239751313 1.072789705581506 0
10.06958352154469 2.26859502999695 0
20.90190408099871 4.011182972505425 0
28.79479973288805 9.197015861601349 0
35.12170521262384 1.97121501434091 0
8.40508104562165 4.305548671834981 0
27.3669675169992 8.152923998352614 0
3.699265467417137 5.014257502953165 0
5.792414147042956 4.37102975048523 0
14.68619134979174 0.1503529213513262 0
3.172911556463266 8.395317910259777 0
2.852476429677444 3.478110193154802 0
28.94513981928381 4.875252408297396 0
6.304597935309729 4.443483410933763 0
12.19044641556052 3.483348249880893 0
11.67599782510221 1.987905048562721 0
7.108947193715539 5.977498280515135 0
14.17269913077307 9.108023508578658 0
5.638907279071152 3.825240223870076 0
7.80679150899702 7.001592958299299 0
6.088681236933652 2.184584121285175 0
8.088574057338722 7.888038982228669 0
6.838442087969804 6.378162356188397 0
8.648617530702689 4.384920287069217 0
28.57942573013402 6.464717485179128 0
2.227877621977681 8.429477166394015 0
5.675393482992362 2.407193089637129 0
9.156275039820292 5.018604340839828 0
16.69596314909485 1.682438348351716 0
5.344357632268044 3.232251624958469 0
11.84673993689886 4.834503460902704 0
29.38198774839449 9.045761376419032 0
8.65492739647874 5.909126382514784 0
26.36546113098799 9.177792687742512 0
13.74664146754041 3.231899701455179 0
4.920043068152533 2.335713295397515 0
36.21955880120174 1.512287912655331 0
20.50352164886494 8.8284231008181 0
6.075308093664273 3.188970714137223 0
8.209282449956437 3.818283402774282 0
5.764633056780553 3.752835889707641 0
13.78448003500511 4.404777873316563 0
9.025918726876291 5.051185250153297 0
5.469347106322 7.362887914573008 0
11.30664393256698 3.762339678091271 0
10.34638436575531 5.72802677024497 0
2.433028218715996 7.704139942545218 0
8.650826177774739 2.396160371362915 0
5.133226143202759 4.581427861734022 0
7.459293258827398 6.840859208472163 0
8.60806143155663 3.829851603672044 0
1.646240196193138 2.073670805447988 0
8.773895786222146 3.700605534215961 0
28.55090137007664 4.480793795799392 0
12.9252821584083 5.356149210798232 0
5.303838213987796 5.526970590822234 0
28.83381332671604 2.116284305306242 0
32.5244933668243 8.080840857327516 0
15.38830225842861 6.966357855331434 0
10.54184540579111 8.444287313892657 0
5.866871858658729 6.063283186748097 0
15.22461988207598 9.419771695713083 0
21.94908915883508 3.411313468549614 0
21.99865672836745 3.121563657326419 0
8.71546878675821 4.407711495027373 0
3.92368198865391 2.474037240899727 0
22.91118047995278 2.913412228491203 0
27.93253515732503 6.496791611316652 0
23.77666304691646 8.589510747952119 0
36.93647683255373 6.538669833250793 0
7.538068711158467 2.226815171856626 0
1.535154171252085 6.682518747241022 0
2.011617392171248 5.155987199481992 0
8.285597456713631 1.31972628766503 0
39.73471492855955 0.5899122932141331 0
39.73471492855979 9.41008770678542 0
21.24711070266812 0.9501585731185992 0
36.25049163457148 8.283371284900584 0
36.51555323756866 8.13528772869171 0
4.17300828046402 9.865441646338473 0
19.79278188818928 3.963507166990817 0
7.864058907521183 5.228999737805814 0
23.39116460921571 7.715573786270798 0
16.9591135593862 2.599025504694898 0
26.55573517916434 1.012417823233624 0
26.27746878965564 0.8943193240417827 0
36.99442734402913 9.753878509479557 0
36.99454805671638 0.2449332886656243 0
6.200292660477626 6.400412360897264 0
22.42947391445393 5.416175399602673 0
18.35350511838203 1.48768818919908 0
2.947388009962191 1.629639744541062 0
5.550503247388224 3.471479586930803 0
31.42301248481067 1.894337036984722 0
32.66655976923818 2.950570665550924 0
10.48722534121018 2.209166867212005 0
8.07342476701389 5.96937116882556 0
19.97754912127729 3.800317321313807 0
0.9718427542562189 4.066699179864616 0
0.8238160312126809 0.1395196274303486 0
37.15842487697212 5.277729402350544 0
36.56168417978279 2.655956647255948 0
9.052346205372688 1.205061793145366 0
12.63299118262113 4.659670029047929 0
23.5888094010932 6.31992479305118 0
14.08517722876439 2.274237329815414 0
9.469290985455393 4.381831827379586 0
0.6169676083581317 3.801842133840145 0
28.79494386159579 5.50972226329781 0
31.4991825881446 9.544086226285293 0
6.6270814032062 8.040226700288367 0
33.14146653614017 9.407297715667406 0
26.77122688105122 0.9387734797153408 0
0.1607100820586434 2.227592965873187 0
30.39553214702256 6.932880301041632 0
6.874455506220504 5.118859167431467 0
23.07117037273873 3.462325562452655 0
39.31203743368604 5.735864087759642 0
3.781963659838836 3.422518570646862 0
24.83186504427405 2.917553592132028 0
36.19615400680172 8.514133790039621 0
5.549999872423946 9.209759849033945 0
22.97420524253814 2.313095263181504 0
7.836573700951135 0.5632352129697861 0
39.50784699596559 0.6252365896043125 0
39.50784699596591 9.37476341039573 0
21.31678711667374 2.361921100800134 0
4.124531516724989 2.471096686101679 0
14.92124096431177 2.642271175853276 0
14.92998847999475 7.102465267051815 0
39.85241180383214 3.696676647335567 0
13.43449061322925 2.912832550584496 0
7.668397633644115 5.590097025289922 0
27.07905952704603 4.504315605376706 0
23.45960468195116 1.955928690973965 0
23.97720763038152 0.9886360686817784 0
10.14708864174595 6.429890671472632 0
18.67306010787717 5.653795266453906 0
3.412935642486701 1.350576330072341 0
11.30737877774905 2.475579735414712 0
23.45069238583193 8.213070033892814 0
30.88613221634944 8.071440758897246 0
8.04686803900305 4.058252341269249 0
34.4191577274624 3.596274945860106 0
38.16538055904706 2.091514378651817 0
27.59873800457008 8.075620188970651 0
24.91509009224233 4.052907775109831 0
7.804892371665112 5.010459870595548 0
3.539102036128068 5.11771872857901 0
18.35421626562898 1.954828179737082 0
7.079085296465309 2.197674775692377 0
16.23091454526636 4.785446693952786 0
37.60086820405823 2.774277841480615 0
21.89011883288991 7.214370567323321 0
2.607034195053036 8.880162523095571 0
31.22663913415497 0.6083232587380974 0
10.1410202521199 2.099499181830572 0
10.33614449777617 2.710881480602963 0
10.3605910931884 5.229843098932222 0
2.07573498402952 2.04228753969767 0
7.833149254748773 4.535784821274924 0
6.823184128583139 5.39001002749104 0
7.872125716606052 1.763872289707101 0
14.04457187530209 4.313634731850823 0
35.59612924696056 1.735639058229082 0
2.853294668042841 1.385040354052837 0
12.32324302701971 6.419224981666183 0
34.817912518669 0.2999285664344928 0
9.436400982247781 4.026617216684168 0
31.2502606616092 9.375504077515661 0
0.1622420226888528 1.250139637584314 0
20.50499281187764 1.063274996893811 0
38.37359430433207 9.640558922393494 0
38.37359430433033 0.3594410776065767 0
14.4425706805503 2.91561605999776 0
2.578923114771095 5.824315691958534 0
20.79522568461114 8.467842403523528 0
18.81597051033934 6.978073240003138 0
12.46545673813949 2.724901605499953 0
4.822300903451437 3.805009105141259 0
19.00922476017299 7.19226014911347 0
9.66444536324663 0.3114826990001462 0
12.12028208609265 6.572931317948829 0
26.00228132759635 3.314863548430167 0
26.79024398977575 7.499156618168523 0
3.544577993462452 6.486016590079775 0
19.73096174464654 6.210365580262741 0
24.64758164846535 6.96748390783431 0
19.96078091553481 6.018212256333615 0
21.19065814227124 3.489518368096676 0
20.16881694626477 9.318365970704827 0
2.051122478740748 8.614464481274849 0
28.23927996185891 7.671280045461089 0
4.034005417121604 6.531159777069324 0
17.59074476673437 2.031692034907122 0
9.514943482081943 3.6526855535877 0
10.05110060968575 3.555858714229159 0
38.71237022030428 6.397545925442629 0
37.6612750813457 4.41080004779427 0
21.23638739964663 0.6900125691867171 0
37.5890128150597 7.241851697904452 0
8.551242437867494 6.109445370382796 0
8.498404852425956 7.099492258764499 0
15.34800158770956 0.9652565523699895 0
30.68822735559273 9.38390296170031 0
9.705586198204031 2.189103979677339 0
25.09137650434138 9.491001024187701 0
25.09070908072833 0.5091974044905266 0
7.490819971888802 4.379018237018101 0
8.88521417372241 1.356710479373512 0
37.73251681096747 7.091934254010597 0
5.812095388432045 5.055972329061475 0
7.824586851855314 5.551780046929257 0
29.38543298560272 2.785391520690619 0
30.33080539516534 1.71506876701411 0
30.29198857903652 1.429333336372341 0
0.8523595279172412 3.827488776481685 0
8.701439760083032 1.326174381985223 0
3.072847113646452 8.986182903634488 0
4.990802855185311 4.6087895267628 0
15.64141024009293 1.841867726795948 0
22.57940710376142 0.339800697589863 0
15.83955314119152 2.835611578860963 0
19.67834036763588 8.955426779300511 0
7.94203750495041 4.613683490911542 0
6.491992241848607 5.742757797425312 0
7.498142747174824 4.907750937128535 0
4.306361325759192 6.359067375922177 0
28.25488807894281 7.403728412530551 0
33.58570086604588 9.345249790602056 0
37.96008790518093 3.025693875409714 0
5.261771127367387 6.810951762091368 0
6.308085538316532 3.272226088222845 0
14.29597223309971 8.579328229046306 0
13.8915682444588 7.371123214318131 0
30.26899114952348 8.587658556513418 0
30.32709632668866 8.295853719388772 0
9.470877414986226 5.799896632233696 0
10.01579355622317 3.906267751317697 0
6.719179682168744 9.484451414487211 0
18.28081088173191 5.359210621834301 0
27.78624961644441 5.272026370346381 0
3.135448799302682 6.703554098854698 0
37.57537144408943 3.723844987386796 0
11.55634999733276 5.68713218374544 0
9.379472174531623 3.246164545545039 0
2.62551701873295 8.675487595451193 0
5.88868438614452 6.455107389779104 0
31.49712505824325 6.476952536902393 0
28.90242627431057 1.123441716702164 0
12.54193959491521 4.877787415733736 0
2.809291672826561 2.66351659796317 0
11.75449799585938 7.591459544633847 0
26.5121870290356 3.593495954894949 0
0.5772924041011921 8.987635090686689 0
36.92544451412875 6.771700768232196 0
15.47764408173296 3.133079642577996 0
3.759054062080915 0.160697193293962 0
39.72366102054781 3.877352973633396 0
2.961605339738156 2.53816168995824 0
16.50421226261103 9.699951013785427 0
5.579093696339456 5.552709733620167 0
35.06474760542479 7.408268833484835 0
8.129953282320761 4.001637329218613 0
8.246234023111439 2.677887960878718 0
27.62083443233323 5.484446267808241 0
11.46877865517224 2.366818506398669 0
4.338166522682578 6.560685926165429 0
0.7391059750365138 6.788560992116952 0
22.01107097767627 5.141409609911261 0
22.00530468067665 4.896928268232348 0
8.191527686351092 7.015654980294255 0
7.922284535474824 5.325907519437266 0
8.908967137398919 4.181992883107197 0
38.6935482570902 4.871510442653174 0
23.92120719152315 8.414233753337248 0
38.79280062812933 7.117564010533364 0
17.01497425430042 3.06280724171739 0
20.78717075933456 8.699476802597752 0
30.07031710650717 0.690666860196715 0
6.233214882286915 0.6382926012548452 0
26.11408980194699 1.757957591735004 0
25.8780959034196 1.754530659269885 0
9.852311027866602 6.246281211130771 0
38.08297831581593 7.471076472046573 0
3.6942939637494 7.306626097441264 0
8.083321427514397 4.353815383603309 0
4.485990815396067 4.339533949635653 0
8.129846515970309 3.881331973751402 0
24.68737269381827 5.630285325627273 0
8.38653424508729 3.737275002441407 0
2.338963671432956 5.777806498046769 0
2.158624764379685 0.8268809528399211 0
6.005166668005033 2.718132603900748 0
10.54046006665381 3.701862703696239 0
20.46821907307664 0.5893045343074127 0
27.82053107311083 7.242120449203495 0
30.1934202457293 5.637033077753337 0
8.189303347725934 6.416560849398718 0
7.636602263416527 5.361923873794236 0
7.192020258403915 9.857049970198135 0
9.834523535135835 9.88142728968622 0
3.867477571416874 9.718546204917519 0
5.641301954302882 7.40039595011713 0
6.735167437844441 3.849926550684104 0
29.54816471759885 3.35647398382207 0
29.81813134796646 3.213957539302344 0
11.48799921524637 4.656322011630333 0
16.77676449525355 6.23711184362184 0
30.73969441919781 4.437998086452108 0
6.31667159706002 2.765792341945984 0
15.29542031920806 4.057527719952184 0
9.480583236492288 3.93262614690193 0
12.0788821337906 2.534716599341641 0
8.220304805354838 5.606227019607599 0
6.9796163448454 4.164879286371383 0
7.894575754389394 7.236602705624937 0
12.84210741305776 4.681038372621093 0
13.73779562370901 7.501832284071501 0
0.272071058176181 9.370826402672195 0
0.9976648337959552 6.529957678681014 0
11.2680417136398 8.765558167920458 0
13.31555496138515 4.2127948919136 0
25.84395527913942 4.340488100579385 0
7.394717433799056 3.265218657098719 0
35.14669641115896 7.199403412160418 0
8.764272084654072 6.247374607552352 0
18.74064591029463 1.149378163522199 0
4.554325175296635 6.74920183655097 0
1.919747896619678 3.218065462998761 0
19.52473977628048 9.392334223800111 0
6.90773662422844 9.514553216739053 0
37.81070800471399 3.747612258705002 0
35.83731031885939 3.567109585735617 0
2.425697648927221 2.307668029283965 0
10.1850621189797 6.985046926741718 0
37.43625353073969 4.238433008733383 0
0.471462275865964 0.3037445294454403 0
39.11234815116418 7.166793709618084 0
19.21665773564127 6.589957568809978 0
5.472031871364119 7.839480403474127 0
30.0519389550246 9.316345010821278 0
3.475071614235433 6.196064952877833 0
16.70621634986746 6.461457016908018 0
38.24877365334487 7.60940260741151 0
7.671979527430302 6.24188850765546 0
8.668721898060854 3.661798504924783 0
16.3212773483279 2.70025520581599 0
8.436170299698995 3.365978872663186 0
10.02544197540596 5.152869327035051 0
10.95803138141904 3.383081820039954 0
35.35197296867344 5.689566923270828 0
18.51435203150388 5.836398488054137 0
2.939808161283852 2.151465127421158 0
27.92970179685904 8.730825357183489 0
2.554646923724116 2.130804292794577 0
7.188961866801832 0.670108592693008 0
6.169957024068236 4.481376302905962 0
11.97641915741102 3.620004305458664 0
9.035366207156029 6.073869030770152 0
22.67214011271298 6.485935420243769 0
14.64807301292001 1.117666338483654 0
7.383591149411355 5.658228216605129 0
1.338734691352836 6.634660046392699 0
15.79202287177092 3.081136143460279 0
14.41368242768335 9.03678827727024 0
3.694469290952815 9.853104558579046 0
37.40416049275651 5.729254847777134 0
4.990995095118227 5.029305809398906 0
32.48674494847101 3.504146855472332 0
1.07668030838736 9.703544166872893 0
31.37376069907085 3.477501176186894 0
34.92127820017864 1.855366126885943 0
11.84987277743654 2.887351471140807 0
8.048544384291322 6.737338817361398 0
31.1117439990159 6.330931088976011 0
30.85356729181083 6.406658722580617 0
3.40474172286916 6.350632604289402 0
8.271352801732638 5.574890591961688 0
12.16388856080562 6.836992466771161 0
26.64406693797439 1.497142679349932 0
8.867752865041945 6.406185223767658 0
3.934029659272861 5.281212386582551 0
8.402265776004972 8.809825542812613 0
7.729162388784371 5.814977605410924 0
10.04288462230524 7.08779289515346 0
5.553881584715909 6.003005716311294 0
20.65781870848227 4.940915642808939 0
20.90093241106563 4.951232007260848 0
9.353042260331819 6.650520626319367 0
6.709133854166908 8.203115030866917 0
12.04552441629654 2.798290402707492 0
7.678230084325313 3.593429638634506 0
9.492078616233801 4.147741063947156 0
3.334804196498296 8.021193523605151 0
8.427504676373609 6.324733485117584 0
8.422200399696697 5.567290530696989 0
8.273904016373843 8.231693358032921 0
7.742876577177082 6.18852868147609 0
6.295139157129004 9.424415089442491 0
26.35176455611457 5.462127541300283 0
8.584894320926125 6.412916399225708 0
1.845446774313412 5.632904348580863 0
23.86642968668238 5.993908575720282 0
23.91019659187238 5.752649444075729 0
7.372864257233438 4.107708383302447 0
22.78391479746969 0.1413672400645008 0
4.305137390929982 4.968722738953802 0
8.290088537073125 4.430956019467113 0
5.577333830017497 4.990317994706055 0
6.197944416294431 2.623306089611182 0
14.67020031420192 2.985368497357759 0
7.550476685592645 6.113052392374656 0
20.31663416797209 4.220667035239116 0
18.21058152214329 4.909097313660118 0
2.179853277576171 3.193774318316238 0
26.24236652670529 5.234637431700436 0
11.23178314455349 5.472892556497719 0
0.3228406180937303 5.33936046746627 0
2.050369170224227 5.321069706199311 0
8.343493874932927 6.628871633425821 0
7.445287091999731 6.061055007799687 0
14.56960875081669 8.163601444341772 0
37.94117106455624 7.033022230279285 0
3.884525741854194 0.7770248360949013 0
8.547403574607429 1.557576296688869 0
9.202446081798778 4.166087370566127 0
16.40479793380298 3.180586141021977 0
7.001663493289974 4.979939822901286 0
7.557231052202401 5.174677108657703 0
10.78158295632634 9.436199711100661 0
23.67742566471618 5.58263883685846 0
34.10864889433178 3.925192371408082 0
36.94964881272239 5.23611511797268 0
9.422791685787915 5.88313919218648 0
7.782900053786236 5.080539506608839 0
3.514136047078497 0.2777157847703814 0
2.726531819730857 4.131595618947888 0
1.80669808771845 2.863795512505273 0
23.35848191200327 0.9555506252905781 0
22.63747394960587 1.323561608932648 0
7.064886344547562 5.518181985989501 0
0.8016791158596575 6.535072363433454 0
10.16785686846917 9.88142728968622 0
6.325772221900391 4.942482476500627 0
9.01723808772836 4.785706992625207 0
7.685354850387909 6.625748530693888 0
17.87680174740245 3.707225923231295 0
16.86761763668866 2.382516851202685 0
10.54476481969026 3.8669429250634 0
4.421334501733718 7.491328801376682 0
8.877123265241508 9.264555306532358 0
8.958539440638157 5.632385279753696 0
22.54945515715687 9.671943007275855 0
14.6754295147597 9.147843765928448 0
1.985690443972834 5.511271577185576 0
26.60022865354435 8.623112079108827 0
26.45826597640733 8.440657318543076 0
37.06749882506463 9.533135433713273 0
37.06761953775221 0.4656763644316393 0
20.3858446131433 3.44687990753643 0
38.12090620690969 5.070752257769501 0
2.717541528240583 6.049677864970362 0
8.113575422210218 8.256106877107856 0
7.701386664145633 4.680676652664545 0
4.814355634175826 7.683961363765312 0
29.39493658208985 6.067743926633767 0
7.755065568588144 4.432364861557661 0
1.392245297110905 8.319405841125731 0
11.69058608702006 4.919658889760043 0
18.37300533343466 3.329600532325314 0
28.1059821130087 6.303172199663723 0
8.224194366398914 6.628913945805519 0
22.31747684470131 3.058543863543131 0
24.89378039398851 7.172351306850206 0
9.153833118539231 5.104385621816443 0
35.88291439023573 5.639138140802946 0
8.679961480977143 4.280201058260995 0
33.75948110184417 7.529621302046567 0
8.961520317797403 4.687247145586666 0
8.446050796842741 3.536438710953143 0
2.611103052942877 6.19617176301803 0
7.311159332743937 4.246319166932429 0
12.28557671931259 4.424663318410206 0
33.33198904255348 4.005558177895726 0
39.43610263466672 6.327870838105784 0
5.990489865813255 6.785081214477388 0
29.78849843703626 4.59123070490077 0
29.66814212663656 4.384803664794389 0
5.54229830072222 5.823616147727204 0
4.212610079040467 2.25776567743825 0
4.134385460353764 6.338067760372058 0
4.636280893770119 4.362256958950061 0
8.531823032648484 6.303359740339585 0
1.565435543194984 0.3382575221798792 0
1.524931967447115 6.014098388719566 0
23.30978769304652 2.116580692464128 0
16.35444627650323 1.251506144887153 0
22.13462184449267 4.470256921140461 0
8.259545055051193 9.014920493948347 0
7.821109963672938 5.809559716060687 0
17.76919913794108 9.838305547581184 0
3.907351210708633 6.088411160525799 0
34.95533271762264 8.285395747526691 0
9.013031449094878 3.696196050587444 0
7.506974368823351 4.300725932300438 0
8.498810199570178 4.445365793736055 0
8.409083730119882 6.516493201391768 0
7.508454774439509 6.282416540875112 0
37.74479070199404 2.947557024205216 0
7.678369121447642 5.747584829165421 0
38.47276886657855 1.534687993938549 0
38.47671171772091 8.465579747514619 0
20.55775409195968 4.423455182522642 0
10.16214099400224 6.78685906730033 0
0.3412600215337044 8.485960164730693 0
10.23599704005107 5.976561192494295 0
38.60400339131223 3.316530454752198 0
18.41795343688399 0.9332198026585972 0
8.369786767468243 5.557415274317386 0
16.81540279691584 1.468495237573489 0
18.35210458474472 7.275577993654391 0
22.24516313877918 4.276130210920543 0
12.92882671066239 7.689188073304225 0
1.116119249654194 2.663653383522599 0
16.58707499106866 9.4274179937775 0
22.44694531935259 1.144204314723965 0
9.060190979414001 3.96801199971036 0
28.91573554612881 3.869987995905582 0
8.276619126169367 6.134199109158376 0
5.927406553263597 3.782384179558947 0
15.93508021566522 3.458042445313712 0
36.42034935826803 3.940597173064655 0
9.726873489559345 3.317829100957673 0
8.146856302570518 4.216723251969348 0
3.627973997273074 0.744295570754922 0
32.16291783233325 2.89242468293228 0
27.54815930973602 0.2860837518146393 0
27.54815930974428 9.713916248187557 0
20.47732233002349 1.290667973839424 0
17.81407179465866 1.958511363121487 0
5.931725923883126 1.538679825333332 0
11.44793731862794 7.852940003898213 0
1.284487763667925 8.115487566379267 0
12.07311215979446 6.105772699209894 0
9.782126918997049 3.591542066343939 0
8.103409683052242 5.610357067651724 0
3.604437211017395 4.045288641401019 0
22.66038934022624 1.843477286899946 0
22.92039181168027 1.844533581642617 0
28.53307217689088 3.458997055571389 0
2.221340941443903 4.82249781521231 0
7.266506748390152 5.8936073137583 0
5.724321354239939 7.561027798635958 0
7.908521493203267 4.397095725284358 0
11.2637360076795 1.965057470768308 0
11.89692508329616 2.156904299107549 0
4.762217297835925 8.266756601986488 0
18.78502217595809 5.160646700267683 0
27.00255464663632 2.577261730265139 0
12.69938151529882 2.762612129622416 0
9.849989346239544 4.98943025179707 0
25.45469253040481 5.122960895196502 0
22.84486657782033 7.064660288907596 0
37.63378664536948 5.598505376713772 0
7.958848031590443 4.537066950899804 0
30.40448937575104 0.9753975399034872 0
30.66597479962421 0.8649737562964979 0
25.88818358278181 7.273188920266983 0
25.76843161774598 7.073520659212935 0
11.88684016021855 2.391038412282558 0
27.87557594284129 3.426097844933969 0
27.31961152420045 8.490815631535753 0
27.32775400534672 1.529449395147597 0
33.79112941123063 8.116824234463266 0
27.1026544237124 3.049181798899821 0
6.427880345208358 5.525255592280018 0
7.079439518470962 6.171378008945254 0
11.05456984603956 2.078059258629576 0
33.71194962858684 4.379824264205127 0
3.86186709262067 6.562869363643844 0
8.319012756472709 2.944486194310036 0
12.40925205553415 6.923277000419104 0
30.64238437110359 2.056698368721422 0
25.24677785087797 6.815085395894909 0
15.08364114852143 1.593012200438102 0
9.614870871435254 3.944528614716771 0
0.2728249214722533 1.496769077333041 0
6.655455659331029 7.443024738830135 0
34.63038459026196 5.276397061207443 0
32.78213896565659 8.526372978671292 0
34.05650369100949 5.632502182400773 0
7.031027477013217 5.409847965197777 0
22.10544116013417 1.948049783924882 0
1.761175222596154 5.148198922130724 0
27.09189474331849 7.662200521680673 0
27.33772914097501 7.43713490370502 0
13.46178493635424 7.890023981341332 0
4.421416398222644 6.203771372658655 0
4.395649624137042 2.233114996832272 0
6.007481346312289 2.000359801964754 0
7.813101146440187 5.264219659801029 0
4.531077876713691 3.846917854447891 0
4.254648251186281 4.113600676393578 0
10.33674249372641 3.46166243029265 0
1.572080273106406 3.395439512858204 0
11.07240059243444 4.01969308025473 0
18.95714444303637 8.100192484754798 0
13.72781969694196 4.63031255396491 0
22.02958781406724 9.705684463700399 0
1.633353346833638 9.458673967150496 0
7.920465455657218 5.254295705302518 0
34.45367305801516 9.165902123449106 0
2.733329323556768 3.923055545401232 0
12.59178564167138 1.161824059566417 0
6.579047232167767 4.900314704236851 0
6.803730787956187 4.442547625957836 0
7.873278552801377 3.846377059570965 0
10.19345274484571 0.8020879041280408 0
7.705176004350669 5.903320043336346 0
2.948174499525697 1.186237319798671 0
5.76073770055883 4.216373356387478 0
12.75153201907711 1.298743872401853 0
3.759159612604185 6.924480129976135 0
1.606944201240182 7.140959942062579 0
8.393794207090869 7.198084160928022 0
15.27355957250392 1.414604551583194 0
9.749810523010431 3.702430077879393 0
8.517233778767185 1.916123895579294 0
33.78296845036014 0.1675939796923805 0
12.00043709860511 4.93000960723557 0
7.193814236132361 7.471370434058866 0
31.28915083386336 8.042822004042902 0
6.951246940353477 8.972472227358141 0
20.47271558425971 3.737148827399997 0
2.250343181041325 9.840507142847018 0
8.805059230716763 4.539417879653183 0
25.15732050487671 6.59663449936997 0
21.8920903479222 6.050809145987659 0
8.355312733615211 6.182446901203392 0
7.281149871949751 4.145943780785118 0
8.964375268506741 5.310603356783403 0
35.06684521037196 0.3146466309587326 0
27.17377813719355 2.360108067474687 0
30.59157899695181 7.74613756272058 0
14.4664966671022 9.569162060029463 0
11.60631767299324 7.207760987912839 0
21.22994113798694 9.297341846045571 0
14.49760071160649 9.795321737231063 0
25.47845664411302 2.478931863964934 0
20.82140596935285 4.327679004326417 0
8.71585593336429 5.59575405022131 0
9.65475825157545 3.179548821217822 0
14.8266956743147 8.288061389990771 0
34.37359970965139 5.696819432619712 0
39.68149842579029 6.132204650869249 0
11.93720619142153 4.60752040402773 0
8.932028546122078 6.610288760148758 0
2.131982863071484 8.889968372318036 0
14.65678802889002 1.351735097523151 0
6.168708793361495 7.892607787585022 0
8.366414507199787 6.426489071940146 0
7.972105882204549 4.372724596562871 0
28.05427427707523 3.261700241879039 0
8.39317895035091 4.452508444656818 0
9.707819937921451 0.8157400943946657 0
36.48391138137498 1.278392812011291 0
32.22847802873822 5.079373784629278 0
34.42211298132379 5.943782782287155 0
18.2858167626831 6.390378991400353 0
13.5229568020386 0.8786181638446351 0
35.2984945755377 9.002167084043389 0
35.4877074978265 9.134175300885344 0
1.411920264076074 5.782884163963593 0
31.70140965910007 6.926376616499611 0
15.62135691841141 9.67415111509221 0
11.52845141692458 4.819718528543938 0
4.180997570891378 5.063627854722245 0
18.37880924836967 3.590397461331187 0
21.54832903454803 6.429690820996281 0
6.116663224209884 7.103506054067677 0
20.05324167330782 8.727458131391835 0
0.530496231989152 6.80839987677042 0
8.867403647410391 8.642652920916399 0
34.62056496360741 4.035041915032875 0
34.5435352510707 4.261508348309683 0
31.17127181634191 8.552164968722026 0
33.39022393029345 0.8836510458351424 0
33.09810821546728 0.8335139055799337 0
17.04781091368045 5.048891252428821 0
16.81271394030825 1.905066743506793 0
30.97965778009129 2.547069042223602 0
7.98264315799882 2.958672707490004 0
28.06382636605901 7.234114043816576 0
8.678857831142494 6.420213108661811 0
8.373740493402371 6.876566479242714 0
1.499683561852472 3.579836492865744 0
3.695656430517631 4.386255740786747 0
11.5396014373842 7.640595459836121 0
16.04374701968931 2.697019245600859 0
31.91690371988234 7.463476385789579 0
7.971600991604706 4.948591596891331 0
0.132409565488105 9.181248618913767 0
3.469385133528094 0.5294509341590814 0
11.41237303105649 5.010205353302678 0
26.8122424375989 5.179974566191115 0
9.342030099428063 9.446115276017528 0
5.819447631328188 1.919189727106378 0
30.90835600507277 1.963521272657599 0
16.88942421834275 3.327899395554824 0
19.07809270913981 9.6704486275887 0
10.43312845121004 0.7836003367159569 0
26.29295314668359 4.515199380888155 0
27.82619310640773 8.940872124635133 0
27.83267632675987 1.057194563522395 0
30.38326786000318 9.033668183338847 0
30.64531139316661 9.144429022019722 0
33.67745032415173 7.243578814304175 0
7.504591266944515 5.242124096847918 0
35.51601036567084 0.6279826623644159 0
29.47367260125584 8.440300419478675 0
9.073052706989483 8.62840038845273 0
23.44578137762399 1.181855798801158 0
10.14083741869889 3.215997039485752 0
1.721540981345981 3.055452620251922 0
12.88108126162225 5.105497901549414 0
7.424721743657105 4.247652189885415 0
3.151548063390269 6.332840869737564 0
13.19590523983357 4.477829381561667 0
3.719428636787413 6.752693338100255 0
0.7572367190762542 5.69097043023704 0
22.46962212276929 6.658231313776033 0
9.014118415176723 5.214245307195212 0
23.20348052003142 2.807079813588768 0
7.575698707415412 5.601218456427045 0
10.33520299913881 2.05413360350121 0
36.74598657128172 2.834610983093978 0
22.00456694108563 8.419359148288795 0
22.20439605867952 8.289795376551909 0
17.73681586666579 0.9820493838731318 0
16.1811377713449 9.154456549920459 0
8.2037138009391 4.171495827615494 0
6.670096520923685 5.922165367627156 0
22.44589013012904 3.559472374116069 0
17.56623080935117 0.8502273319394881 0
37.69309106379405 1.123055937933769 0
37.40231178672008 1.227542769607662 0
37.40019278218518 8.775367437227102 0
37.69097205925922 8.87985426890118 0
8.153072261952843 6.511679057410599 0
32.91381457559149 4.535679029924609 0
12.47661024801182 7.134738326381782 0
6.268395087833944 5.069533493797569 0
17.80896111680286 9.202510784756891 0
0.5163696859575644 1.569338316746385 0
1.65182799117113 7.868721491331613 0
8.599984004135761 0.5867293049300831 0
36.10964076764473 6.083069086615545 0
5.330545990935632 6.936480507042293 0
16.72724689840402 5.344878515843401 0
2.244684911037977 5.969185985921963 0
9.088120393470357 4.770488264741275 0
8.805531322700395 5.461138670597848 0
9.385850144297791 3.812528998035157 0
10.3233015144431 6.708332852934288 0
0.3166190090769361 6.388222324204214 0
3.435761349772919 7.841633299256038 0
37.88508969147782 1.253086378978127 0
37.88179481404755 8.747291391357608 0
37.69090412825916 5.293281107895861 0
7.087538523282828 0.8343643743166435 0
8.913198157919725 5.681767565470227 0
28.46994893833539 7.786345438095037 0
1.531420027110964 9.719655000578561 0
19.33417118983524 7.11992331657247 0
16.3909559858173 2.420740590515897 0
16.4608867625029 9.207434944105593 0
26.25674369838059 6.551650783122874 0
24.61033772346191 5.859123608723387 0
27.21803555139536 5.414647970778868 0
7.512265992643036 5.398067597322004 0
8.576343452838879 3.745694723373706 0
38.7093385905651 7.686346169120918 0
33.16065210896169 4.463624466718766 0
4.211178704003157 7.204189410326673 0
7.961004152459349 6.052900204056617 0
31.25221333960297 4.834092056381288 0
31.37074867027981 4.645191748449565 0
12.03010895936334 3.788674053421366 0
9.287236660589487 4.124290718161951 0
4.252599578686641 2.665918376649746 0
31.16918373116779 2.349601089986897 0
6.30955624446393 5.498347429143567 0
11.07278479616277 5.643134932152717 0
7.472480518184238 3.546265606856752 0
12.7500286164727 9.391923720770032 0
11.06086267007544 1.220919175444762 0
34.87108400900152 3.677316522794412 0
6.227630485039117 2.476374738163286 0
28.08104199172454 9.357231338690292 0
28.07917962912693 0.6416488414873057 0
29.21772413986299 4.731143127514414 0
8.848684091994206 3.657389379105757 0
21.24365547923782 6.94600883314067 0
21.37984745013085 4.157657256403538 0
21.50625990002792 6.958978219486532 0
13.08854402911081 5.451126857047456 0
12.97840079780252 4.921010614366488 0
4.000763832310024 7.17108672308638 0
8.731128587677924 7.028518224585834 0
7.436929299582236 5.420967530211048 0
35.68443675119877 2.004604449183939 0
38.50650375626044 4.678341464093528 0
8.063319002071912 4.168220313657298 0
24.35155640945097 1.859619873429139 0
24.58923218101885 1.927292533072187 0
38.33174207059568 6.739016205120038 0
9.288916803440378 6.765268423184016 0
9.270283024341378 4.798304476833407 0
13.01840643522929 8.129627757066977 0
6.841939031060456 4.801098424407353 0
12.79745974403558 5.879556238392482 0
26.59092710313907 2.957231625085076 0
5.690485972764571 3.504287098893159 0
3.416577023856801 7.615090252082562 0
27.49082318855335 8.628439663561965 0
27.50372675110716 1.379302085343645 0
8.390843616915353 9.478364381868781 0
15.39482624188069 9.685868447366797 0
6.010598944058928 2.8709154610791 0
9.676008000531478 4.325144560953608 0
7.66973151825643 6.357439150942763 0
32.67562641191282 1.938417533453061 0
30.11908861602246 5.848334689272815 0
14.88563286262295 8.514889840194968 0
2.132460878270306 1.636593248739789 0
19.14921126179133 8.277722710647344 0
32.52497784250345 0.3108084981680126 0
32.62375855144484 0.6052492329268541 0
3.914993352941534 4.134669078030384 0
12.82690893325415 8.204161736749279 0
6.267374262951432 4.019292300399719 0
3.84163663857427 8.879057978397238 0
1.59676847833201 5.548078257407535 0
25.48321492884939 0.699728875820135 0
37.28940417160194 5.11265770711547 0
13.90895301819659 6.087986162237054 0
13.40105274804491 1.420112850502733 0
8.062899212074266 5.564222502036515 0
37.65986924862468 1.749085031156459 0
25.07203914560829 4.234696413908721 0
7.792685490835332 9.862973633632949 0
25.26613554198978 5.278608876358188 0
18.05813469548668 7.286760316995589 0
20.06284613996585 7.536011264601491 0
10.75759149532588 6.224446200035786 0
14.09408559269259 9.325838691150478 0
17.86487482325472 4.159469877911699 0
9.87570199456048 3.905591812244106 0
7.965104469995974 4.005717287527005 0
10.31230887032528 6.525346108213038 0
0.1314595864774715 5.185232510566313 0
22.31679147312716 0.318781683027233 0
16.456435561157 8.316412160501905 0
21.22435791187229 3.960346703745815 0
35.42320692092176 2.69963694501665 0
3.07906696084329 6.126634841563252 0
35.32496589417836 8.065546657440356 0
26.33546666187967 7.042120135864835 0
26.189782949639 7.282516526503088 0
0.3051781108348846 6.624914100553643 0
6.467356449962371 5.948666853670066 0
11.44271616605834 7.283284906502646 0
26.24306047662609 4.771251318640766 0
22.36022176494877 7.416838121893488 0
14.37218271565318 1.014260181097995 0
9.092796192501757 4.554383028095542 0
15.60220455837296 7.1331353767836 0
22.60171643789637 9.353141213513039 0
6.809149907070771 4.907263110233068 0
38.06256957567724 2.405819569335332 0
38.23910004370557 7.90864519748686 0
6.816709306811632 5.743090564293563 0
8.889859462806314 4.601510734207396 0
7.924714845686974 2.499819562261212 0
14.08619292345868 4.876468728756944 0
8.025644642017555 2.091582231085168 0
17.80574574728622 8.037017062945832 0
7.443877859821163 5.954399321007085 0
19.96389372467451 7.014392828137013 0
33.86580854506452 0.8199163784944759 0
7.989469054397682 8.063992900862582 0
36.87720905173932 2.288656306318098 0
39.66332218643173 2.511346219747514 0
3.807484400748992 3.043840829073279 0
30.1237226679208 6.985773171764694 0
29.93660004045851 6.861265827603777 0
6.913283988111921 5.001145499175121 0
4.833702243756721 1.906776580700636 0
27.00002423744725 4.772170107475881 0
4.565027776810934 4.761755687554338 0
6.405146574402925 5.806527204416954 0
11.97211930097509 6.983852670732521 0
6.376808283918547 6.024406012041918 0
8.169696159198521 2.173206864277063 0
3.190845884263478 5.115839871777247 0
8.099863488980494 5.66956923165487 0
28.04253345380455 0.3204165132370529 0
28.0443958164076 9.678463666940756 0
36.36154501284539 4.228578290482353 0
8.890790740428654 5.398737818889071 0
7.481048083522613 2.706168648432394 0
7.124607255512722 4.886783382938685 0
32.70096363721003 9.315830225319651 0
23.36698257777718 5.694449178078795 0
27.31373463350185 5.917878542189385 0
37.6777224677781 8.250392507753238 0
3.840862420579783 4.699579633269733 0
25.43040821993879 8.58852816762297 0
25.55449753950067 8.414483989569964 0
0.3063281593547403 9.856244450425095 0
0.139661492688076 9.689577783758429 0
5.268028456653415 9.855325908390425 0
3.77176260273909 6.20536483284044 0
1.43705433694535 7.282839257183249 0
23.7426948815833 4.697213510608997 0
1.874254151226522 1.664823346151267 0
35.16627884046388 2.216221406609473 0
7.939989109608804 4.74106594076494 0
9.806835578617966 0.130121487721955 0
9.193427080816582 3.72408469562588 0
1.72351175922754 0.7539075452026432 0
23.6562072524477 7.751528323854573 0
7.722202034218339 5.657628097207926 0
2.547269477460329 9.404059233807706 0
2.22467944151755 5.015850855439148 0
23.85359840129902 2.277088436754095 0
33.62133694537423 7.980983298107826 0
33.89709028142558 5.86456161772773 0
5.073894933192541 1.958037900709346 0
24.83508046032092 0.8839677236052879 0
24.82771032881007 9.119000351263065 0
25.02982011182206 0.7369230135622198 0
25.02252050975607 9.268030825730113 0
9.298993056134774 5.307341994636492 0
7.534223677688433 5.537187397478675 0
21.67650577204796 3.477411199795002 0
32.78477288395461 7.951364541079253 0
11.03067847645236 2.237255514712259 0
10.12838626309984 8.140243300028922 0
33.39066429748315 9.251138079017549 0
8.167061524118091 4.587890768084798 0
19.21821554408267 9.375058915058219 0
6.590698373738121 6.357191791294881 0
32.89106266359631 3.169854137415709 0
15.68308345548022 4.209190019049331 0
37.54695644518717 5.128616084437682 0
24.49503910337657 4.354585332492331 0
24.58122418892434 4.10234104348721 0
7.690825054519984 4.58619844627908 0
3.61194609068351 8.972062107795965 0
8.477197759921365 3.707764105471623 0
33.93582567142003 8.963273078814774 0
17.05002985680926 0.7083773338158793 0
3.240960326347739 5.779186163594368 0
34.14006324286633 5.181762231792233 0
23.01344199063503 4.314466946483575 0
39.86454631008837 0.7974464951607567 0
39.86454631008848 9.202553504838054 0
7.879345527118471 4.864745504709028 0
8.209886491996601 5.957212117237463 0
22.1879658335016 0.1203482255018708 0
23.4326894883471 2.999976111465664 0
14.46886140671969 8.756024290229314 0
10.91641743523451 0.8038043896236151 0
8.968315737914294 7.742360354378762 0
1.536377862660155 9.231711506535198 0
22.33213119037779 5.20982904266216 0
18.01317487077515 4.747893439678458 0
3.881202891974034 5.100031891046473 0
11.13373202113881 0.3109473808850683 0
7.230389484594824 3.763980750557279 0
34.68219056614247 0.128913756714413 0
2.845243710395396 5.349538696810889 0
18.94772853862884 7.851876086023959 0
4.698718390125408 7.881248473871524 0
36.02001669370834 2.325002441236725 0
18.84474855269764 9.684543465709444 0
20.83233712656999 7.620645222960861 0
10.48670413051813 2.728352718974148 0
6.723959814532247 7.29180703270917 0
3.21702620351973 5.332103390405266 0
23.37046446142734 3.305035538407525 0
10.15352503939715 2.462271505787292 0
14.70916643101173 9.392827060113342 0
8.016379123737126 4.312846716418508 0
1.193229310210845 1.243381746333589 0
19.87724304324169 5.033584924259691 0
31.81634556287099 1.239654493986827 0
3.522158450407493 4.480439507721311 0
32.85264399835288 7.023632913539163 0
17.14442282281675 1.366995651642075 0
4.250778079854439 7.384116847903479 0
30.60098341830188 2.829194674665185 0
30.34991290418027 2.925452899834563 0
33.64251879588102 9.562593089850273 0
32.7882828002989 3.433459619216289 0
32.18282894720091 6.973676760654501 0
22.53614543591857 7.565161715227414 0
7.737734641599213 1.938686395562857 0
31.80348037202434 0.1396554359519516 0
31.24887625426046 9.880504238387877 0
16.68927532418175 7.166033199990888 0
19.39871723578591 4.172189093210278 0
32.24716587598876 0.8465341473480033 0
0.838785462048356 5.501898159836298 0
35.90091633361276 5.952964058109097 0
1.679657969989892 4.972927856976228 0
19.5195983237003 3.919529979098734 0
18.50860192796654 7.028210878678549 0
7.569506754693337 3.520915504778694 0
35.66819287780152 4.49682056325555 0
9.25935555611521 3.559996934707021 0
11.10152027626363 7.602575553543532 0
24.18114668914556 8.427639887862609 0
15.80038507182599 7.969445329421039 0
8.850948884727945 6.098554882987155 0
9.1617726570932 3.591525911005836 0
20.49150454200149 7.168340835388086 0
38.35351571671151 3.295895689221334 0
7.901120956106631 5.027294466289025 0
1.557383212698 0.6389104044680608 0
7.954184414798479 6.817371025028401 0
28.72031786829315 4.298842873283614 0
28.23910090602572 8.228790460836734 0
7.187602021329854 4.11083427139963 0
22.78576557859271 7.579591082355223 0
8.846188472292333 4.44646496354308 0
0.6948829339369276 4.37867697713786 0
10.88681051180428 3.886663900788695 0
8.819172634542525 5.898055911393375 0
8.248791016381679 4.399347723735634 0
15.64734657264201 4.934814110857197 0
9.857922243579946 1.812900649064621 0
32.46376509458219 4.610934798862247 0
0.8563513639017177 3.001684214951415 0
36.75246895805956 6.356355346116856 0
6.561663206572231 4.756805365838061 0
8.921138765405631 5.552530334790734 0
35.94744764355488 4.499487493553485 0
26.15098514511277 6.810403457532416 0
9.048109059386009 5.000538329581641 0
6.628490623912309 1.735013795943258 0
8.862947294843286 7.065631461454605 0
38.58078326181644 6.674281569291815 0
21.96596755219517 5.722971052730355 0
37.10750292551847 7.315099008084142 0
7.97293589740709 4.670796439605475 0
34.61134874568745 6.326893484330751 0
34.73941620388371 6.544159375634699 0
1.085139736610011 9.385913872904512 0
9.283362127562116 3.823217887942774 0
29.1817608597318 7.76838355954055 0
1.206673145991676 2.205936793624203 0
0.8702894271041172 9.298568099782758 0
6.946276755406207 4.067817739356069 0
26.87889944663249 4.393900488465179 0
26.10299310717711 2.690645236868754 0
6.181409503443311 7.246776286460211 0
11.19742752940188 7.819692248487464 0
5.642174888909942 5.720597545578069 0
4.58156079040221 4.965770718464337 0
38.15208255266834 1.180485364919546 0
38.15264581711798 8.819552883859323 0
36.95224108279285 4.240618970116123 0
19.11044975881842 9.144074805345779 0
9.729982535768825 2.778953796770416 0
26.28525306825592 2.465916360006017 0
18.20847119469141 8.452246156542365 0
4.571795113786505 6.231344742095537 0
30.95833295180019 0.5093969648237109 0
9.507900938538304 8.451017351693544 0
7.209220864746488 5.65147147766783 0
36.05895288832016 4.709485258713742 0
8.404912651544683 7.646114303435364 0
8.273246415980523 7.57856639141247 0
14.11802410867249 8.111391764506729 0
15.04666846924345 6.310188680578118 0
11.20349341439623 1.746147186171963 0
8.507004306055949 3.602593224974836 0
5.807365576502824 6.576657831470082 0
12.96947870159678 0.309881209975008 0
9.04055874665668 5.105711229691049 0
18.41999202045307 8.610156871609968 0
3.050682492455195 5.454200697905712 0
4.725745099717861 6.13350537121418 0
14.94835084141363 2.075582261380703 0
7.303912100713556 5.696726837251287 0
12.37935671235574 7.32333111322776 0
5.245810561068397 5.902787984450424 0
5.332325087607066 6.530545295848138 0
12.3476193085614 5.82306830783556 0
5.382620443158314 6.662308455874254 0
10.47809474562162 3.344895796076072 0
11.82512472826728 4.058687734504589 0
7.824788302733377 2.422343258062178 0
8.07009104313436 4.53353053892904 0
5.511542141490037 3.311401468976887 0
29.76887248458766 1.549127116703214 0
29.95187449922338 1.343545354149624 0
34.03466578257044 8.100580253328319 0
3.089447613238259 0.742049301125333 0
9.906583054183018 7.906311533703579 0
9.373983870411692 6.899448439278705 0
7.358214365888945 3.482266422563244 0
15.86280454172119 4.94736732891467 0
31.21808477290062 0.1198179202996633 0
32.50788300088298 0.7948288504314839 0
8.053098539370223 6.287247714585962 0
13.29159480884813 4.676134177535388 0
0.561028490387962 4.852648818947574 0
22.55562441540197 2.131123564837173 0
12.38419309074948 9.494674510426785 0
9.090488603662903 5.450480003037623 0
27.97023450612699 6.758823667052019 0
7.379872869049609 2.082883904891282 0
6.996301740988574 3.084204435613952 0
35.59504568004797 5.518589164168875 0
35.88112104768749 8.627152607069936 0
1.272916470573374 0.8117922792775746 0
4.080224281663172 6.159192486107375 0
21.04663472906692 7.406116753334281 0
5.010912981781575 3.269291681110305 0
8.059171717958218 2.852141434824866 0
8.626628708081569 3.580393975642548 0
36.85213793464109 5.90185892379981 0
36.9465190432712 6.105195647134004 0
22.78713698346271 9.84463053649997 0
2.920814486307403 6.028469262031912 0
7.423064796671781 4.895544599100609 0
8.756758232993903 4.369547139630626 0
35.33105762575888 5.91411805800777 0
23.21940143381617 2.515464453358511 0
2.998594868786848 2.34353607900104 0
23.42880343798278 2.386117053305762 0
8.670681430357547 4.217517913882632 0
8.917787615379551 4.449489375934189 0
7.43696544805769 3.676475857064377 0
9.308102385817017 4.024074375399139 0
33.71291331519898 8.818375302250313 0
8.187745522934181 5.464642595385729 0
11.31754631436772 9.877572640747459 0
1.389675829900732 8.731624939236278 0
9.199131044262797 4.863409251462122 0
21.40248242198821 5.704246606088279 0
28.2785063638296 0.1548304790006909 0
28.28036872643655 9.844049701176459 0
11.66898595663638 2.731460764810078 0
7.948821050473271 5.005784742468804 0
7.011964268815942 2.536774463481016 0
6.154772398412 3.333295487382776 0
19.94166053258492 0.2994834645650286 0
33.14506327418736 4.200651524669008 0
5.649217811944756 4.419334931120272 0
8.988658557941037 9.047715685303551 0
15.48285571544873 5.672108225325553 0
33.82616787341656 8.561743067216433 0
33.6775863208963 8.395820264659561 0
7.562760967452498 8.161183903002131 0
8.05142840643272 5.83363905503661 0
2.521623322103671 9.692831572762698 0
6.935756784682302 8.224551144274121 0
3.043320025740575 6.492136398459514 0
9.189551331938894 5.237736432745642 0
19.55608475334224 8.466413977946464 0
19.77192767608124 8.346094177610503 0
29.18309970250086 4.485434684224045 0
9.532768917327752 1.522872273377882 0
19.33360190080259 1.400681498205465 0
8.017298323437528 7.196208419802346 0
14.34144474343051 5.926577558612714 0
29.26527871765349 2.566351730088823 0
31.20181692471279 5.286687134165647 0
25.75313778283541 5.270696211437468 0
8.358952823758706 4.406646772993068 0
7.833597751185287 8.085536397998043 0
15.55142752375509 5.163948083950634 0
12.51065635493834 8.387378737755258 0
35.02847723965852 1.56852571648565 0
34.87280404947574 1.429879092856765 0
8.022548460803419 5.348859810114306 0
10.72414442819128 7.805836517119087 0
30.11604898925157 3.61657684213414 0
30.06809247424387 3.348693461694347 0
9.981818174402756 3.187018627225733 0
32.82939444558388 6.402571178871423 0
33.05914546833906 6.513211103719327 0
36.84076765518531 7.300651861882746 0
11.85708185658532 5.881175117157677 0
7.986003019060161 6.138153329088301 0
1.935609834097338 9.461677287130158 0
8.927727718282929 6.038709301707175 0
24.50595461118698 0.3055678878166967 0
24.50581903792225 9.691236749557365 0
35.20528488708289 8.282714667854199 0
20.08878517879578 4.363663779222072 0
31.77261048056282 5.092036189337765 0
14.96391945017761 9.505223414001376 0
23.03958691323513 6.84344554691706 0
7.45401685956707 4.172985119576539 0
12.79416170703259 6.799744019071711 0
12.17472216972175 0.9259328270145794 0
7.458268851567831 0.748120268085966 0
39.26884334399872 2.990208728973404 0
6.659966525483378 4.690489915280984 0
20.07965645491547 3.095163672563157 0
11.29462893685308 4.607590294023852 0
7.803899110032742 8.399804883393029 0
21.66853786235639 7.885984924891253 0
4.800951190091873 3.527026156316114 0
4.925236490240701 3.663888394000212 0
9.340826308719135 5.377104211225233 0
12.30916736784032 8.502334289960258 0
8.481641671193026 6.964168938994177 0
16.8591122745057 8.654245572232938 0
28.97378084940338 5.108748450628248 0
25.89432150160233 2.33248314623569 0
4.580375809026063 7.414158154103398 0
10.00329651508305 2.587922069356929 0
13.43176788972866 5.974595892331518 0
8.168862100528854 5.577639229202718 0
19.1107079722716 7.660368601000646 0
8.143357304891561 6.021150330584272 0
29.2248311124603 0.1416327376454769 0
5.372371209176605 6.037532699691614 0
7.253043987862348 6.082513644015935 0
37.91912602019403 9.401557440626268 0
37.91912602019207 0.5984425593735682 0
4.844808101170154 8.05805527552566 0
3.923496522707682 2.032931971545427 0
29.22063632878787 9.85769567844053 0
9.786071800631108 7.792069085065453 0
9.800936785927291 8.233949408002964 0
7.762850525059588 1.563572095384563 0
0.2877876832320446 2.422743445416387 0
17.93166399448318 7.074034026236725 0
29.86257040544544 2.936202315453276 0
37.21238241061229 4.385166898703246 0
4.013521578735982 9.299354879193691 0
5.973677368234891 9.688766083776839 0
34.22120674020704 4.227872716557264 0
20.37741224495927 1.770641106819806 0
16.57969858866885 6.013376952105389 0
0.3015794419525054 7.637063754977757 0
1.459387574981176 6.226363731939796 0
8.068776337662934 5.404742127121097 0
0.6015884406311351 9.722284794430632 0
21.8614261346104 1.955569228023755 0
6.063686769378163 7.613680916735855 0
20.20973172521368 8.012241301465501 0
8.326814195774043 5.607431095229153 0
19.11323369841044 1.340956004646999 0
24.92293749576412 5.561289648690081 0
26.55645579080035 7.647246891911784 0
26.29249062004192 7.526780766691862 0
11.1744499837558 0.8047872090425577 0
29.92618236238613 8.669306929932693 0
29.74474073306656 8.468058414333251 0
30.81800988143242 1.712124664675475 0
14.52767571549676 5.801026002952298 0
23.25734133964884 4.405690526695884 0
24.18454466071076 9.056094636196582 0
24.39155650395016 8.929124176331298 0
32.50109724909998 3.952232262750402 0
30.90394353174232 1.516461270334197 0
30.47515254707936 1.252660031719531 0
4.74720791800319 7.516853623047115 0
25.71233698428292 0.7705357981252359 0
11.76496180117845 0.1516283128752546 0
9.480455928975916 1.141411511290945 0
13.01257888630757 5.893799217747202 0
12.67059650138815 6.085637528469555 0
16.74461769795905 5.780760820723096 0
9.800747132851605 5.114729716800423 0
8.196101382853451 4.527526011615009 0
28.11216117025715 1.997959937038296 0
16.30151712294177 3.65762473737772 0
7.16701890749627 2.062019458533182 0
5.129114191589509 7.493458031342098 0
14.07017577560858 7.849497480859527 0
6.246669213858886 5.802692932753025 0
8.048941756642108 6.174691413518005 0
8.003825680733407 5.480877710674513 0
12.37387295229076 0.5103761733486109 0
22.60830963976965 6.246464414935516 0
11.53561390948233 3.764123230924056 0
17.0223240622771 3.547111537971145 0
12.9449849999796 4.024867105106854 0
13.64882585211778 6.13544627409235 0
13.6721791526079 5.161109774975244 0
8.601245211908379 4.417110208796626 0
9.095820485321866 2.618489552581862 0
10.00162665949131 6.179284371043395 0
2.661351031312176 5.46634979951513 0
7.205041019762827 6.669507780730878 0
34.55428003949469 8.347162186073383 0
16.90364053365059 0.5322455480579386 0
6.007287749821413 4.854635175382871 0
9.458114608196681 9.700293493709557 0
3.992244462017497 4.796133062080922 0
5.580736721132911 4.533901219117006 0
9.772801707150025 4.786886398632325 0
16.20473665878396 7.278694756671631 0
9.128554040366373 4.844361479787352 0
11.28288513394791 0.6012359516069992 0
18.94676855491162 4.381453153317922 0
32.63217547419237 1.649635567985098 0
32.42275075660169 1.631405192208637 0
17.03822668417962 5.768967830606531 0
11.2635675258504 3.96477185429311 0
18.13684231150566 5.171469385801244 0
6.460779396511896 7.727872254327877 0
9.232142671842603 3.151747810356749 0
22.01126663578721 1.164297698262275 0
5.86269703854187 8.537078695970388 0
21.98036934200769 0.9555291979654621 0
28.32472400869952 8.464645399265804 0
7.733150927357211 8.251863086472023 0
8.203261743758205 4.066377877252808 0
8.658186417687725 2.559982186687322 0
8.465841163829976 4.310572722831636 0
4.810590805095855 0.8728031553122341 0
34.28870540968416 0.8043884899597856 0
7.113952507528928 5.150519541599174 0
36.45376377740168 9.696260760656982 0
7.552071364515906 7.427319540212348 0
31.19545026924989 1.42393385556046 0
31.15214724302506 1.120951737375525 0
38.69650714147182 2.876438840761792 0
11.66589323356618 6.729001960181421 0
16.52459409403678 3.622427174821985 0
14.04434247799984 3.578956358521262 0
26.93138644208211 3.955005993686042 0
6.558285848140379 1.325078564210807 0
22.26800761307804 5.65285490988936 0
24.10271234842478 7.778048330419248 0
22.93554651282384 5.22243495542314 0
13.79573279717474 5.304122256516944 0
11.7873027949425 5.696367637794474 0
10.03192451628516 1.880452209343502 0
13.88875301051625 7.13618440576484 0
2.000343181041329 9.722658320558223 0
39.2222549892788 4.168066293982706 0
10.2649725751603 3.064771316426294 0
1.637778889515689 4.620265694655905 0
8.283059855151423 5.515390479820321 0
11.12365135696427 3.276085158773916 0
17.29211291073441 3.589506310849472 0
8.250842102394833 5.47021363589587 0
17.19482842446286 5.980807303103745 0
7.05585496566217 5.223122578585268 0
38.91219576190435 1.852386546590663 0
38.91782405356981 8.173345930058405 0
8.525794931420791 4.398388689384486 0
8.764250496410293 6.739564154078671 0
26.50756745551503 4.447404673099835 0
26.02877131538415 8.855866804246537 0
22.6541385875116 0.6624406560956629 0
12.75433540929917 6.322845215042634 0
8.736259274681364 4.461749467214235 0
32.36099202346355 3.763970919082164 0
9.29501189373225 7.001841684448564 0
34.99010337384377 2.42289884185914 0
3.579030943008609 9.250584076454077 0
9.348726777440804 7.694700696530366 0
12.94602875683138 4.457603035063917 0
21.97769594223367 9.44561907668918 0
1.480574644428001 3.170286309011356 0
8.378551132636245 5.792259556591886 0
7.848161425157855 6.222548833336542 0
8.119510294705774 1.395258067244596 0
38.57472771912973 4.404148839953044 0
20.49880002559975 4.737615535111538 0
8.01248426276104 4.50734344862657 0
24.23461964916553 4.431601386759044 0
27.86687030719903 3.669196320088801 0
28.93182113971006 3.039570678975952 0
10.72171866508936 4.861722243401277 0
30.55203824746323 1.805301760739298 0
36.38670959725686 9.412008054364437 0
9.358975571798185 5.231998616465709 0
29.88209993262855 1.859713352349196 0
30.10391876339307 1.939867020437375 0
7.95805711177618 0.7386195719676828 0
7.793290151059835 5.949678901915718 0
22.86120264253267 4.536610329302005 0
26.80850645531468 3.763533471466949 0
22.12999393162817 6.227830196564978 0
32.71212598323252 7.49185210255328 0
11.67259562192433 2.498721509317678 0
24.28441793611479 1.534135654988233 0
24.46882955068121 1.312152426004069 0
16.30332249808943 5.969687667721824 0
8.847531489665803 5.554248480053348 0
20.14017815700005 5.063909383234505 0
12.53098287914185 7.675702949067355 0
4.153624036789381 3.932017020465993 0
38.32044888821765 5.800806581470092 0
28.02993045556983 8.156415622165298 0
11.97052318811736 3.962659274409791 0
35.23682679498287 8.74957253755086 0
13.24525763760443 0.1323178770824636 0
3.945037295202878 1.036983118137488 0
9.81282008035933 4.525709131521372 0
4.418335518913643 4.670961494260538 0
29.83013254474968 9.709272250791349 0
38.77762240931163 6.864518929821671 0
25.38136365902103 1.442193234961032 0
25.5046444975036 1.600514127626919 0
7.95942653796417 5.442915278539132 0
9.088196365696151 7.580177108036768 0
18.35593299675915 9.062828109581771 0
0.5148377453273549 1.880124978368594 0
5.223213279524155 8.174843070712507 0
36.28614626306456 3.297463894643679 0
29.68810014616819 9.874712522246694 0
19.99691095170941 1.182071822378879 0
7.327642000528205 2.643392371956445 0
6.559048126797726 4.491751900417718 0
22.53579181413216 8.710046130073023 0
39.68496351050581 4.565418661884967 0
8.143390671349975 7.271482220921139 0
7.6427339400568 3.424317447876997 0
15.25878655259988 5.578569573789449 0
17.22410904725836 7.34992855271948 0
9.986008442448334 5.824574238235406 0
9.243560449538057 3.427863767613309 0
7.025268304163423 6.265029400194886 0
25.49457596262236 9.315206656785575 0
37.27644968200173 2.865950206832335 0
9.032026748120845 4.233023617450525 0
19.40010685263684 5.653437551664467 0
7.603824371088955 1.886257765047225 0
7.741980632834358 6.420370993471405 0
8.325627291885201 0.569871649246096 0
17.38054602993245 1.53779560771171 0
36.42530325749792 0.5547048863727143 0
8.007081628145768 5.552156521991371 0
3.007834380433732 5.01917828455833 0
15.15182505098598 4.91995310547708 0
6.778171172593982 5.950756752295027 0
35.74114645129318 3.355216121376266 0
17.52252845604464 5.942339414759672 0
4.212254966516149 9.414421759223602 0
38.31952082176311 4.284242522853488 0
3.35046817137426 4.799652250522019 0
25.47912940913319 7.980516589885247 0
4.725286859243886 5.052993379481911 0
18.47648456908514 4.753731431871567 0
30.33765656549477 7.662566716744176 0
10.01371404481907 6.525187450897854 0
11.5441083367631 3.152410983829998 0
6.223551065173074 5.948073323061242 0
33.39174673549445 7.19119415167532 0
19.08335404921938 2.17792299877851 0
27.60354049963885 6.379233422888866 0
12.96890911075018 9.002101477797508 0
8.411477852385303 6.741634667121912 0
11.27998246862743 1.566532189042029 0
39.71043796410135 1.535743810474923 0
39.44232165243471 1.642488204612705 0
39.44228163430909 8.35998277333376 0
39.71039794597551 8.466727167470312 0
0.7734121581631017 5.260658313274387 0
8.487939753310107 9.718349974120944 0
24.67652640086199 6.669854471770208 0
21.57918837744896 8.814070763845601 0
3.369838301099225 9.333079664264943 0
39.41893739424675 4.101919011414155 0
15.95358596848327 3.230820683890717 0
1.289186436806272 6.33060615405423 0
30.55881736650738 8.2086660692904 0
10.6423168276118 6.702945256204948 0
10.45197213365764 3.137559806530892 0
9.360915513057009 0.9395122642537747 0
1.294288332509767 3.071084884346572 0
0.7661144343858263 1.184076843332452 0
36.68985590700613 3.518514619149185 0
8.457657741301723 3.235750981187071 0
30.45588834042908 8.762765819907658 0
30.87990089000317 8.491176855946071 0
10.37155742531712 3.924645724910979 0
9.450835061238495 5.262367216229002 0
31.13509134915912 8.859609076941897 0
9.495934292992636 5.43536050370663 0
21.7018771059724 9.026848296241544 0
7.837596707729801 4.904630170406658 0
3.565725483392704 5.830039363278769 0
14.2232238159463 7.676316028236023 0
29.36426262212317 7.609717922407021 0
28.28645542431084 1.199637139406152 0
24.6148254107053 0.8208698481268287 0
24.61720673087123 9.171043145066792 0
2.566197988934348 3.782112801123839 0
8.946529954088547 5.426032449493353 0
9.624033131992116 7.417268490721782 0
6.780932394604292 3.715445731906416 0
34.16700714330396 7.036861541146979 0
9.256739483702999 6.529482604040093 0
1.776508918327292 0.1519291440685521 0
13.37491768016771 8.142596285847031 0
24.4048076920818 8.665034646673428 0
30.64601339316839 7.976319191311596 0
0.1270776011734012 2.695150479543185 0
18.47154829307366 8.863753096680512 0
36.49586653255768 6.331579898983279 0
30.94498927306516 6.960359653691058 0
9.464777755408774 0.7514689723274376 0
9.627347270404995 4.187724488213294 0
9.716377518431965 1.471700480005279 0
19.72249828021997 0.130276519823387 0
32.26540534760225 5.535990319534697 0
11.6724527306457 1.078225270242152 0
8.513029415723777 4.345846350394369 0
9.073962227879081 4.420544519342173 0
8.806300179785012 4.487143585309336 0
16.56951444114556 8.556407496813149 0
0.7952602812763878 9.866040344005537 0
6.909455864018217 4.251449503075808 0
10.89628179719613 0.3029046678809231 0
6.230707900875473 1.172085866750284 0
10.20201133357438 9.227657896395993 0
8.034336780745093 5.248902174910559 0
8.286126787710929 3.85761665120582 0
17.83816866834134 2.659061408482467 0
32.29852396841403 5.770015664712088 0
26.21770444587233 5.682724757635325 0
16.03846178820162 9.700739798988137 0
7.628623432240331 5.951148804359447 0
3.964635940919793 3.944988732371826 0
33.66424094494377 2.686530025815686 0
9.690226287419136 1.227347122567933 0
17.44980713476696 0.2514243230996482 0
13.16493087971096 3.995166528042073 0
37.8678340833599 4.297177603155633 0
36.58656034115455 9.237532588534322 0
36.56818108759074 0.7656237261488862 0
7.620688487232003 4.576155389791656 0
29.67404944278032 2.758766869571646 0
9.813728054012911 1.089718997597991 0
1.031234700214265 1.715862155839912 0
5.986590051814063 5.290533500504838 0
2.601319254989033 7.322672475653049 0
33.56917448027121 7.739482969202544 0
31.71669879589183 1.477989076916945 0
28.21003175692899 8.714034542884761 0
9.926519352462435 4.305563629517621 0
22.44408722066538 8.3942171114253 0
7.940772249994636 3.63905154311105 0
11.46209593527251 2.090136158818721 0
37.35479481549867 7.734016390168667 0
10.66814333216141 2.140996064460059 0
16.46077035908986 6.985805606017294 0
35.35099483720951 1.741294754457433 0
30.97951013969881 9.491338917950841 0
38.97281830526205 4.796214361594779 0
4.085149801537261 1.458121684142553 0
8.863828376762807 3.530435251156427 0
9.208838937564609 5.567037610615446 0
21.68629655526858 2.117922342645498 0
10.57044600878227 5.957762769781577 0
9.157925834074526 8.461337834714184 0
2.425481551341456 7.98683652188425 0
3.518228073398469 4.695555581120388 0
8.902120844822731 1.985198372017748 0
37.1602917665847 4.682225963739515 0
33.88384104436525 1.290373127564123 0
21.41416973140025 5.152438092317614 0
12.47284379193749 0.282526039044256 0
5.319628029619573 7.731532171576035 0
11.11643741480842 3.085214209338763 0
5.580765194398722 3.047038311119625 0
10.2082921860306 4.928484313415697 0
6.876251756290768 8.57502574581399 0
15.15392274827124 1.908764713961829 0
29.84159827697362 0.2929765011348485 0
23.14593392886935 5.557345573622993 0
7.839983910494584 4.365931172395872 0
6.831706094708064 3.916518239258985 0
7.358735804585517 5.117738799096482 0
19.12967587470831 4.170486478563585 0
26.78409079185327 7.217138768968816 0
10.37188724661725 3.631915595186926 0
14.74381016865407 9.885083488968659 0
21.5442982450528 9.728016513521895 0
7.362405730072866 1.431772254747341 0
30.79893618968843 8.30378763687605 0
10.46455858971805 6.433623609610056 0
8.945877470073475 4.575003506104828 0
37.71804034622539 9.845714085591384 0
37.71804034622221 0.1542859144084912 0
9.469944544584095 1.68476727253339 0
30.42046539968183 5.583945796832513 0
37.16653229288726 3.813732719833312 0
36.17417230625026 2.837351631851554 0
20.68155009288191 6.352692471510063 0
9.291039616720953 4.993311651232919 0
6.721174428703655 1.375959503989349 0
22.89604532802035 1.231454831129874 0
13.46491147814296 2.463619361142834 0
32.68701777943419 5.359378432802139 0
10.50903399453067 5.643600443216291 0
8.353795861033396 2.410058700758672 0
0.2712929808420438 1.974222405621916 0
16.59871961700962 5.107217092679334 0
6.975118142321019 4.784950851890232 0
10.06407886813782 5.939863672672925 0
6.784951490681594 4.240943753727918 0
6.165685003767771 5.716680740551353 0
7.011430550694804 8.396975953716245 0
28.05869098248294 4.365738038046846 0
9.004224383508783 4.851121115406813 0
3.889931244175722 1.493169327241813 0
12.75972535256047 8.833644498117978 0
5.99251809074794 8.189034244112323 0
24.61390642709753 2.769445847570438 0
38.24816903139882 1.462503516822054 0
38.25211188254111 8.537764224630726 0
29.69329560862246 0.1257563077826734 0
7.44767333586065 5.516477914619307 0
3.504983142862206 2.498477819911413 0
36.51626981720731 3.28458852046967 0
5.944540839120772 4.59854198154482 0
25.9940147347932 9.442697801286874 0
25.93968099348556 0.5803112340211639 0
20.99273065892888 8.330984215236789 0
28.01542240522815 7.858079797356393 0
14.84552008982787 4.540089712636765 0
6.068770510772043 1.037706360171467 0
7.881065667500811 4.747174455348001 0
9.066244201071635 4.292433265525305 0
3.635341612037763 3.048732756493321 0
20.27806180418032 1.979985361140286 0
10.45224435723574 8.67620968763817 0
4.735788657643778 1.7004483615911 0
11.92245465027936 6.218082560481716 0
13.02377369343026 1.210696384344472 0
16.59472115810162 5.548694470572861 0
9.138616601691274 3.911627280953148 0
36.330086245089 7.431021533166732 0
13.52527770600881 8.261588632882765 0
31.4076387728562 2.476999647108707 0
15.67792483220729 7.814118229826345 0
28.96461802534759 5.941788479073146 0
36.39052559771823 1.037070185443763 0
18.65440614538007 3.243018685805172 0
1.673744845216786 2.696254198320199 0
8.951806426309828 2.562585584750523 0
25.72240806319927 0.1532622321955695 0
25.72901682509503 9.850597213096153 0
15.15857261883339 8.628929613860121 0
13.34308667472283 7.27944623258809 0
11.06884185780029 8.000975040846527 0
5.694087669002731 2.941587476857805 0
26.12430319512064 2.916473199635104 0
26.78633758031381 3.142832823115498 0
15.75056127744474 0.1405957720649435 0
27.19878352917929 2.822885012462001 0
8.45952129265264 5.523761249122269 0
8.716426364528461 8.492287417600643 0
13.75105384483969 6.97430657605404 0
4.959616283745553 3.068964576288706 0
14.5999148251568 7.421317193618584 0
8.77009849869601 2.817581615567015 0
9.037879546927572 0.2921902840792956 0
30.14136764190091 2.783433664503533 0
12.71650679932822 5.463552677506567 0
18.50146799962095 9.345517892012969 0
6.458069756315068 6.440407835949979 0
34.30894626665267 3.346755321992789 0
2.919064686295438 5.799989652128545 0
8.492467093099966 8.499791461692054 0
36.71104115650684 3.077430307853007 0
21.7200178625768 0.1385185403828243 0
6.108476111753045 4.614273202732039 0
13.72547699210049 5.556127711067743 0
9.750368555182005 7.144509833406429 0
12.86268817507633 0.7789922525703931 0
8.999387343445383 5.363154078848574 0
8.1626766795292 5.404838280404995 0
6.906464122603772 1.294986705948304 0
7.437314867186728 1.954104569056042 0
13.16353058814533 1.389082223542005 0
5.905889606939387 6.902733941706134 0
19.53595704132818 2.328257022043948 0
33.14987929088313 2.442110860686798 0
19.39026608199362 2.132186738575955 0
28.01904592270821 3.857944735283534 0
5.876504276053301 5.323850093665459 0
5.683355868673703 5.451888590782797 0
23.98757917391094 9.731148262978808 0
23.98576349367695 0.2689473933582507 0
28.15655594540742 6.92506276619766 0
32.6071569317602 6.944336631983849 0
6.362984826371417 6.972563043504363 0
37.67599989446772 7.444687351555991 0
6.675107935170881 8.544239395335197 0
5.383540822739558 3.053217876222264 0
8.376847735725534 1.522879342156352 0
35.98140418007841 1.379697636838145 0
8.045460843755258 5.302360376519488 0
33.89543791067258 7.01981381860999 0
34.23926264217312 6.116658458123378 0
25.3970430289356 9.520483750983198 0
25.38976054617151 0.4837514233822184 0
10.48977289062514 6.802760219909686 0
9.013064621390443 3.364064400672261 0
7.997925590814042 5.210883738403495 0
10.49182427735106 0.2929181526465603 0
28.59225919324005 0.8748620458893904 0
34.69115119063625 2.442418104086487 0
7.047325590946115 5.871360360682839 0
34.89255165460046 9.146057657307326 0
34.70406243840797 9.280968761646623 0
0.2219416538677392 0.5754116888704305 0
5.80359162218819 3.275022526819727 0
32.07940408776216 9.173084621110343 0
9.615863097625109 7.820634328852083 0
9.809457038260819 4.379856517709856 0
8.696660355614844 6.185706198360101 0
8.876763185868283 6.742653767936312 0
34.08958659785056 7.54485716797641 0
0.1421341756585704 3.267284620714845 0
0.5228673825632576 3.54019088354921 0
27.25708552632143 3.229683374799823 0
2.771280141062325 9.852324429915678 0
4.70188655727033 4.68234198770418 0
15.11506709026415 8.920231031182821 0
7.668752744194161 5.089971636103203 0
2.334657042410504 3.817943449544211 0
14.36711266755961 5.408593737313661 0
7.855255732355666 5.894308234153911 0
7.934276335732819 5.903325459131242 0
23.13698339925763 9.543969400673697 0
19.36704216564534 8.223747343328213 0
6.051131099797733 0.7886257737684863 0
11.63907310265499 3.975544696203926 0
7.621495254587024 2.62861193105872 0
16.56047267864342 6.817501659456938 0
7.90058544215893 6.158057095502953 0
9.249796623325855 3.940772195524519 0
24.8693014513779 8.786269613759243 0
25.07098742132005 8.7353703811147 0
8.983788448914579 3.491573033677172 0
24.85785981271983 7.452618735358219 0
2.116010684410111 0.4318524242724203 0
6.471540147457887 1.705310400874669 0
23.00049957242349 4.785770345063741 0
9.042786558544947 3.567154185512428 0
16.30521747812779 4.346699553359871 0
36.11080492907222 0.5831434410159705 0
8.707651005820621 5.788813296798047 0
38.83510863836693 2.440085162741031 0
38.57598859472211 2.347878903261051 0
22.18682970562387 0.7865870235712279 0
22.45248881864378 0.8632562775252791 0
5.81571167948066 1.334208352191441 0
35.96015977957174 2.027919268298072 0
29.30693536993546 3.237026789444821 0
17.94168724953034 7.524938028132479 0
8.736252730782136 5.54006169684408 0
23.45383176627734 5.149319021364675 0
15.73652351918361 5.547139214745003 0
12.72076881409309 8.430815461007571 0
7.420739327979104 6.300427138403069 0
9.436623547932262 0.2915257305342182 0
32.30033024020914 8.766223115224156 0
8.340540201365984 3.202235061848153 0
26.28654899388425 8.961601787145083 0
7.94331325426528 6.94382378395694 0
8.909897485166093 5.939899301204584 0
15.7622668412533 5.355364993266281 0
1.704668992226516 4.445594132047485 0
33.08147432352089 2.67038559509944 0
37.32853455683416 2.265680223222328 0
23.07832824582252 9.35621390734245 0
22.37222468348338 6.114265708711311 0
4.200802488929155 3.409171660234649 0
5.799995830427622 0.7383108416856162 0
26.54186527990975 6.526795419776074 0
26.65959432105655 6.305951518596278 0
21.62795189175032 3.712279547948134 0
9.760909026435455 6.141878207340588 0
19.87133568064271 0.6067828452915369 0
7.244074321956377 5.258566535602096 0
9.92387970843513 8.123153855625764 0
34.03133596091683 6.101754543782893 0
6.141626843258016 8.087892858304068 0
33.92274937909472 2.17647024644194 0
34.77763607478173 8.871190822278384 0
29.79771730700283 2.476734000902749 0
17.13330985640072 7.093168370599027 0
13.47276216663843 7.478959429650405 0
33.45122182761929 1.755845356483884 0
4.113084979817408 5.333708685472428 0
38.0898660264365 4.444435373501839 0
8.807012406480959 5.513784147022672 0
7.851607943838165 3.732363615282356 0
11.2931637051457 0.1271647619630569 0
0.1127192516871695 7.791971562742752 0
6.544628472703642 2.94536951840225 0
27.72919534393721 6.94582516550911 0
8.996811186532407 4.635483826002162 0
10.73076733003668 9.875262681808858 0
25.87856549438203 1.236391547274041 0
7.902126442552386 7.502864759663619 0
4.694522176632682 2.065127342205185 0
9.349604883002227 7.135754803719862 0
3.35808161912344 5.003104810950718 0
36.50336790844539 0.2714432460838763 0
33.61624620138759 1.349467783441575 0
5.878903695000159 4.723940555874413 0
5.635966688718504 1.383459503271834 0
12.1782926849063 7.386477551637495 0
9.272441924360173 3.022858577995585 0
18.15419456823124 0.2917890074032903 0
6.490863234713899 5.628253170784018 0
8.736964242143586 6.529854317426287 0
14.5406550695993 5.540373256312718 0
8.523387169536422 8.100290277049366 0
7.375721634017765 5.559688772197467 0
8.048866089838183 5.712860129695986 0
4.019924300003351 0.5613673575596309 0
35.14526435689434 2.660002349674532 0
22.38390420456443 9.194074488251514 0
8.112415859146928 5.383498785008215 0
8.651798921382905 4.498752250221839 0
18.7163285981674 9.381242262280608 0
7.09178356127777 1.876047440561998 0
1.873038662529667 4.164647680648423 0
7.72100102329631 4.939776138429558 0
8.094826635648545 5.889797300030025 0
37.27091193699735 7.146198036292387 0
8.756696472353179 2.1266093626126 0
12.16154271076795 1.133484956397792 0
33.42486442224735 1.199615382030322 0
27.94960420862533 4.599109324125462 0
12.68520748140034 3.39687010165427 0
17.17360747886589 5.508323891106826 0
7.335228459477158 3.382920012111596 0
4.77507799388994 9.338110555425565 0
39.26449471010635 1.5402412937768 0
39.26449471010688 8.459758706222521 0
34.2791250527895 7.275862402771007 0
24.22178678947568 5.41260712838321 0
24.47496130775379 5.370904900164895 0
4.739771196142025 2.272940376666263 0
8.852615448200131 8.043133009322874 0
15.73598968348501 8.186084464205393 0
9.796297757865052 6.863473865416684 0
37.54493620349933 7.664782419616924 0
6.211607095369622 3.052072915885894 0
16.58161439724825 2.064993230401861 0
38.78170674835113 3.11144351519142 0
0.7527841359375893 2.231900597775451 0
1.547509443052184 5.333281824902669 0
39.19042390014724 1.275684021265348 0
39.19042390014758 8.724315978734124 0
13.89681962291757 8.252684303594348 0
29.02469786318089 2.281918276811597 0
1.000306697982979 2.149595681242333 0
8.539785550268997 5.77321401067038 0
10.60841291830534 5.400169222340399 0
8.760221772816978 5.631002554594622 0
5.465946195916779 9.41251237166658 0
4.83383114289773 1.506217863716415 0
11.44306441203863 3.018523142370945 0
6.356530656037326 7.863182425736167 0
28.33432318344617 9.216547538040315 0
6.59927951421291 6.006952097436944 0
6.125442250687006 6.019262621546986 0
23.73844376982284 9.8610259997221 0
23.73649881357763 0.1420877188454317 0
9.523963849434152 3.487354035436337 0
34.85511261610364 9.701610586194562 0
10.62809517082253 6.516795390626567 0
34.06146305921643 0.6850586509459001 0
24.76391800371537 1.682466047007384 0
5.909911488274105 5.819564625641042 0
17.26082288330715 2.590674971432043 0
5.869210596055358 0.3001624933474118 0
17.43751397418976 5.478162344657696 0
4.905409995871374 8.416691410911797 0
4.115336787388364 4.529964699849124 0
2.802544236557914 4.718682851159322 0
36.02220291335279 0.2998818007271324 0
5.815441757454342 8.082292734337203 0
7.81209824060431 5.319635753937692 0
35.4567327446866 6.631879871249034 0
2.204511227422884 3.607475838956704 0
17.3497499104303 2.379248824746921 0
6.946494022089294 1.823598091844463 0
4.221931364978631 5.238281311830855 0
4.410593340497788 3.410555134705394 0
6.733350601104417 4.120407342714115 0
7.704985914073588 8.575703614048573 0
37.88558211038603 7.563246328236379 0
6.240596943445255 8.478507568847302 0
5.680396820530127 2.783955454341758 0
9.36981905196709 8.53797164770309 0
36.68758355118154 7.137407058461254 0
12.29472793621501 8.698261198908712 0
34.74245196541068 7.457826709932333 0
10.61166204258298 5.220664501726424 0
4.826316851541693 3.371275290082602 0
5.145836974981668 8.375399895037219 0
17.46971736103221 3.429228896083167 0
1.847241644114493 3.405432467407692 0
6.416199378979549 6.159986112987517 0
5.713936903153201 0.5493863584903655 0
8.047330619694433 7.03460462590067 0
4.545462908772035 2.392136367193523 0
28.4994114596345 1.630491206731971 0
1.265237012624078 3.668145941018366 0
9.00464736686342 7.913199909923534 0
35.66768658012406 8.461290542404392 0
36.75581352996819 7.588494721437662 0
11.37024002484128 6.481675581126102 0
39.83761402937332 2.770567568639488 0
9.207998914947042 7.964159482424567 0
24.89972625068951 6.528667946461379 0
1.056232835173282 4.908363589619404 0
8.606775533552286 4.467289766379547 0
34.67303780149939 1.881389510265219 0
7.112699776584189 3.365792776086813 0
6.39405637058733 9.703134177337814 0
11.21380888734612 9.187865310958193 0
5.658832484389201 3.979074189062168 0
8.53662848661976 3.177726966992336 0
17.36918136531599 0.9111399624793809 0
1.987886993799351 4.006622460486539 0
0.5433356975350293 5.733082373231983 0
5.321376178151175 7.517442504068678 0
8.651510366500169 5.502538811495827 0
12.32988448017675 7.776743939181832 0
33.97795583246976 1.093470077911624 0
7.953751537020451 5.20648589509423 0
21.2840667135264 7.539296273555501 0
34.21936293147569 1.623109689385712 0
8.706203858545164 4.498622108068601 0
8.693097927735083 5.723306490477273 0
6.028165454869374 8.41998677981165 0
3.686004952436718 4.795546915923243 0
2.621824536709946 0.6345336564457221 0
7.805489067849109 1.403650740466382 0
38.6324654109056 3.808186174701767 0
38.80476336257362 4.318305286597865 0
9.488364335184162 7.187681475101056 0
7.205093306753453 1.522451136418304 0
6.766211559692006 3.170130331057638 0
38.01295307596465 1.923727922006605 0
32.87916747371036 4.155013684444334 0
32.77669522731204 3.93280352710372 0
0.6851671554493411 1.990113782592311 0
6.711127236801808 6.421631650770998 0
1.330833444234591 3.920939112586546 0
21.84288049494751 8.033651374824982 0
0.9326897174947307 1.907808866059193 0
9.25492927389921 7.25086006446421 0
10.21966565475588 5.478669287756084 0
37.37003095231748 0.4706028451990893 0
37.37001977521984 9.529287136110147 0
6.457347929116658 1.115915993376466 0
34.67845308172026 6.077654968806303 0
34.89452609322902 5.949469564514213 0
3.79889297710727 7.813000500250342 0
11.78766225535595 3.1108738655539 0
35.09533175145095 9.692418506194558 0
7.546816152944397 5.330218972862098 0
4.460865377649514 5.061690425751792 0
20.59588691457929 1.71662656159172 0
3.169621714436493 0.5372147953426974 0
18.17077766622749 2.183060355351331 0
20.95683037544607 7.890041656710362 0
21.21809259802399 7.840418446044545 0
10.4745796815891 4.205613944463033 0
21.76726964037308 9.878371992924516 0
32.07598440746877 8.904253273124764 0
8.750927186103608 4.06264561234654 0
0.7514554303148214 7.746921449407489 0
22.11308438532469 9.25281089500311 0
1.305719688088536 1.046029761535277 0
24.27519727444588 2.450372089212193 0
33.29393938653639 9.854085139405818 0
12.84286892283783 8.605161369063438 0
27.4602631750905 9.044746841729578 0
27.54863659017376 8.867012816359377 0
27.56587771183472 1.138355869140667 0
27.47102107639757 0.962555155613788 0
24.31268456509035 7.740227302533938 0
10.60442811215225 8.862493455913997 0
15.97940883112797 8.371372201801707 0
24.99875816163552 1.712466700122059 0
8.803851735055241 3.450192868175603 0
37.56093995640452 4.861780812485926 0
0.6842836893341353 1.431835063867726 0
25.74861551390642 6.472108978309834 0
30.50897777705286 4.325500498538549 0
33.01028419360127 8.13731930612272 0
24.00498150207507 9.483287824817753 0
24.00316582184886 0.5168078315188004 0
5.961911582400668 6.223378311377768 0
27.50806171474128 9.463581804425081 0
27.50806171473878 0.5364181955777311 0
17.62983321108528 5.700338395813328 0
32.84417235519525 7.685095479230043 0
18.78297021839336 0.1308428922616412 0
10.70871221624271 1.516382540006909 0
2.013615475672192 2.44003448795288 0
7.166680591948745 6.796306094980932 0
10.18762582250737 8.680260318817526 0
5.243070286827629 0.1316135392885932 0
22.81538786404529 8.761736196932338 0
3.456840717141848 3.752318149738284 0
4.168726717446161 6.685807200978427 0
9.46229990264991 6.393400414136795 0
10.18648472530103 3.405552163806927 0
6.633373866340335 6.64551315154916 0
2.340365475951561 9.255612865099975 0
8.323464107423533 5.834540832823712 0
15.12622205645054 4.471570324907661 0
12.60944489287263 3.192275576509823 0
20.87350765342218 2.44276177552228 0
11.99452667904946 7.240665814252954 0
16.17963710712471 8.839580276532425 0
9.860904729384171 6.747634296621507 0
34.56902236833731 3.199932893869902 0
10.64539254289731 3.424334737291681 0
5.067895137564557 7.359053739794837 0
8.155783931513099 7.392939766132567 0
8.508852326433493 4.080279314578283 0
27.74317999759889 8.503657454654814 0
27.80373882081688 8.288729613246639 0
5.012900543173515 6.253946995487904 0
6.649559725296135 9.273133600617291 0
7.74448818886615 4.992214831713452 0
32.28746396088703 8.500680946662021 0
7.407850247482902 5.051820325664912 0
7.414540999782798 7.310118554164982 0
15.19368096624927 6.118011824516233 0
9.870663618596241 7.014647566997326 0
9.639290613731536 7.559815019971548 0
25.76610400640851 9.258940453701065 0
35.26445659117926 0.1436318212386528 0
6.779214922242258 4.712658264007009 0
11.45719957296922 3.35667460309358 0
18.78044733642816 6.215909302566786 0
8.607687332694555 5.534394273318153 0
15.83102588829897 2.007111409662831 0
10.40917036419951 9.228544970402504 0
15.18958037391269 1.147120847725763 0
39.14726713195861 4.957893394776849 0
1.224864387758775 4.080781136069151 0
19.96334380135437 9.18070440869745 0
3.32201537953169 3.893007033493658 0
8.028452301673356 8.425592171164325 0
9.350410593588927 4.844754720642992 0
6.424226590263795 9.249466237649804 0
22.94586049678753 7.377996477347357 0
32.14803009109547 9.695611368768994 0
8.534137867196899 6.726489772218724 0
35.71692226786119 9.084763061144278 0
29.22643979112108 2.991537879050622 0
21.39631236066256 1.506175146846397 0
19.21996089120435 3.290140793813505 0
19.46261127477619 6.135457505079361 0
13.76056008491308 8.893792921239525 0
7.432161632296591 2.961651479791222 0
8.429719834531548 5.68247164768404 0
3.964258648531647 6.974496885110841 0
19.45747354260456 3.445260515356229 0
5.861178539300848 2.669617792983532 0
15.27202665998757 4.661423253860882 0
23.35065180209564 1.735324048931327 0
3.821740258637909 1.86777945447448 0
17.26882526477526 3.018618242185202 0
11.25618616776532 6.375222455866306 0
11.89592134263249 3.261860742039852 0
3.645297998605733 3.836400998516833 0
0.4223367694496927 0.5962727546867944 0
20.89905872684049 3.004741317034807 0
19.26777440332991 9.865619255752021 0
0.1259656918918267 6.214245527729747 0
34.22630356011218 9.867612885366187 0
12.32361098595376 3.966646247574825 0
24.85430540722938 5.115161933739645 0
30.76804619027422 5.323116867969865 0
9.627991553345574 5.238546254466141 0
17.28439222290035 6.874125573623911 0
16.08345339866879 2.049193003854294 0
7.555470384780873 1.580422086026497 0
28.29660313667467 0.748748987674554 0
37.71266890707447 4.728368735058196 0
37.30338768281928 4.845822435163714 0
38.89510014022284 2.710692748826324 0
24.12655783358781 6.841349727947319 0
14.31585557487404 1.871430898605876 0
18.05169439688467 7.971733915026967 0
19.38267306286473 3.723310282925191 0
14.44802690425599 7.226007183633162 0
35.70860257085386 6.615959955365052 0
35.9078858541717 6.810828209603986 0
18.92671951440175 6.686752555050312 0
19.94443810120801 8.920061021950211 0
18.11157490297256 7.724722963373545 0
33.69752122267514 2.1976152457195 0
2.083319306984248 9.283404170626902 0
18.29971478666096 0.1170920288872965 0
33.22165229326797 8.016299289918701 0
29.85253055015611 7.656947602192036 0
6.856276744277626 5.853501425564367 0
5.622024573126091 6.829488873236879 0
25.39904561717643 4.90585988939624 0
11.04505998036289 4.197329488382931 0
38.20856395395325 3.530978825670213 0
37.95898867557349 3.482990421188402 0
9.219546743719954 5.304093661088665 0
20.98759835675469 0.5703527765732281 0
0.5201188365907637 7.262527416293485 0
4.588211497571352 9.414067559688084 0
13.94606128284266 1.820127342043924 0
10.3078243411237 4.993067883457134 0
12.03568291360335 5.902885201451668 0
2.567836974495571 4.241813562992554 0
17.42811855401556 0.465914231067406 0
0.5829185673208435 5.158341105847485 0
7.802080547841645 6.035043658404 0
5.754901198175897 3.619422257704396 0
27.77874621214 5.68408194543028 0
21.52560295459729 9.264629554071353 0
17.53285373777454 6.872041964409239 0
21.25625054010809 2.063641461201091 0
21.46556178846857 1.963536486637194 0
8.187834226557873 0.7199935911789003 0
8.46635841719902 2.166235554701404 0
1.039784729809284 3.588777561118041 0
7.674205483059109 7.353324926532952 0
16.40760304862284 4.117475012934657 0
20.14019239655378 3.371445375395921 0
20.81449548050715 3.268693788761945 0
2.643167103058106 3.563788184498332 0
37.89999047248083 6.09490870949373 0
17.95559816650878 2.194087270954503 0
32.55988742471173 5.832991380313324 0
3.047705961320345 0.2854796459539974 0
36.20491104799817 9.846698377462472 0
14.495537860611 4.293778540882708 0
10.05780279451203 9.057807553630711 0
7.364113565792404 5.371262515379907 0
9.074608136540553 5.21219005464286 0
9.091564176562246 5.134921495848855 0
8.817198822329397 4.084770998887275 0
8.05969644344602 5.456460328473032 0
8.254813119199971 4.529225921498263 0
5.052203890028072 2.948418693386396 0
8.705957180231124 5.502817873638207 0
25.48402505655688 6.83107002376826 0
23.07788242071172 1.666272281337302 0
7.530835305817079 1.728293649833403 0
5.888031468825052 8.756204741663007 0
7.645455300474865 2.49466505157924 0
6.672751542133608 5.529298342738568 0
37.66859264549131 6.202493880703817 0
13.50190560715693 3.158117709315881 0
9.688018378879681 4.590173819736971 0
9.161363315289984 5.433416790048923 0
11.571528749825 6.39100346808192 0
9.517317574827331 4.918108591396146 0
25.70119160533695 1.067974812992729 0
12.08128035616885 0.484441153331321 0
26.12045902804601 7.750625900471319 0
19.75365499565263 2.344148588438265 0
21.71634027321833 7.634702359106512 0
21.93815949200815 7.490219805650305 0
33.38790843228626 3.500108625447679 0
30.44132471282499 4.080809244477915 0
14.82664636284769 7.357230540310152 0
4.786710796902811 6.430518997308134 0
31.98605086178377 3.431164235103333 0
31.91204143493122 3.670707319744093 0
23.59001324488383 3.729609693150421 0
9.118113382065118 3.32860645318114 0
8.293049145448796 4.486301982287929 0
25.87671559810848 7.742323406618692 0
18.34036321317848 2.375529199163459 0
34.96998082298319 4.883788504241555 0
11.13880351987934 2.402310475390237 0
24.99562692263115 5.272052876725581 0
10.04985945939112 8.83551816153004 0
2.996102632334118 4.813661059323404 0
3.515089912191463 2.072010781368923 0
29.40873647495607 9.732408200687225 0
9.434717742143585 5.059236639558635 0
2.783815221079734 9.276886259837523 0
9.035899007178605 4.896769820265869 0
24.90362847082729 7.907253048415907 0
7.201555221529964 5.345718136179002 0
6.322929646065464 8.661126455289711 0
21.40331912457802 3.310439513727099 0
23.27275976314602 7.427617607801658 0
23.43944730131274 7.164560426838268 0
9.530247543235451 7.933928664492092 0
26.23559318914051 0.1304416559592983 0
26.24091218022912 9.87416721483452 0
10.50409382580223 6.98030795662185 0
10.42886517926938 1.704698616806479 0
15.4553752042071 7.377569506064517 0
8.984984855991661 2.948067616351509 0
1.799877606077334 2.464287404719121 0
10.47301190950258 4.974849502892919 0
8.153410231757361 5.510956570611694 0
39.71328422300434 6.951576175134536 0
25.14076448677047 6.118830881313596 0
25.24171670725528 5.901240668658748 0
9.65780422008816 4.715417931418215 0
8.044099661614473 3.685294685674693 0
7.560308385200611 7.59401138043562 0
11.62065537525756 9.027256247318888 0
22.36806346849655 8.901442649440588 0
38.15391845730307 6.252794586376688 0
2.226071284867567 4.026506093238844 0
14.72773340808437 4.334184998821618 0
6.520466533354855 3.224182873170196 0
8.853373051458815 2.92095229186616 0
25.04978564731049 7.691579357913994 0
3.885215177620108 8.629285786544395 0
18.0717194893017 2.721575442376112 0
5.023663711629831 6.622560481120259 0
33.57004970881456 6.696021725007061 0
33.81798638986741 6.765950155827043 0
20.91783804499796 5.582047318674121 0
3.318724178862921 2.10739323405651 0
24.21749501079431 0.9201465544466272 0
24.42457738347997 1.045131249890341 0
7.764078794379763 5.208737307323456 0
0.1145247936497752 6.784270637412509 0
11.27522221412634 4.399556859064047 0
11.75321539655599 9.225489318079694 0
0.279783182939126 1.042667862825672 0
33.13883292539282 3.106096363413522 0
10.50113670257575 5.135839009874471 0
13.05488467402323 1.633928302565405 0
8.70007089155186 6.619791145121051 0
7.722495870987275 5.062294467726743 0
7.000994286241887 3.74771061631382 0
9.8001950974375 8.739536191587897 0
8.597305979059348 2.072361073135192 0
32.74162188890521 1.188549072459372 0
25.36923463620397 8.17959889001647 0
7.039023837701753 6.073385157508111 0
9.077630511040594 5.580673122733337 0
7.590397905001485 5.754343767013869 0
19.69724606778225 9.21607016604775 0
10.49729890788003 4.381293220544528 0
9.888516952995879 5.203736631471464 0
32.60008825432484 6.054021371331459 0
2.984816871130826 9.362276561672962 0
32.77833849085741 8.785657818203786 0
7.828714017654572 7.383777678573614 0
20.00193654818437 1.984535567518471 0
8.916345040145037 5.756849494763564 0
18.1380012738518 1.248081006465965 0
34.99577209091064 2.88695958637572 0
0.1296135671923602 8.263065076036705 0
34.70611278100657 9.884410836287991 0
8.569909543638362 4.296223382339037 0
9.298258442240829 5.451603534059679 0
15.78351298452559 9.874519344411846 0
0.5467019429306571 7.822097633753162 0
32.28758721425344 9.271530622724926 0
29.41812672109866 0.2673890454281503 0
14.63689903083609 7.881092006483615 0
25.34868509989705 4.275733289755453 0
25.58391131652155 4.147940430954471 0
9.661333007976392 3.854087402456279 0
1.086619733386824 6.279966784841663 0
0.7187264817105964 4.668721744513283 0
9.506308295828065 4.841443884078592 0
38.20848385588224 0.1368405195685921 0
38.20848385588468 9.863159480431394 0
15.28680463417502 0.1165133363197044 0
9.849407921929716 1.576540539645164 0
39.21784827919908 4.445922498539111 0
22.16356089797076 6.532324796321444 0
20.59339007620753 5.214841469667911 0
12.9358096278583 9.224696322465347 0
15.53416147208212 7.539321947489668 0
6.104835069357423 6.260351137520067 0
9.113946687187363 3.190728094553916 0
2.828575917630184 5.130779802091525 0
34.14285567599406 2.374046524887607 0
5.260824667658289 2.946525686225209 0
20.17430849927644 6.525419269627783 0
6.191058899280708 2.908902572485613 0
8.563904289353081 7.5421736390917 0
30.95455550308002 5.170753827060881 0
16.77782374999819 4.928549905732003 0
32.7773176421552 9.850849408629745 0
16.74886709000796 0.1280399137825596 0
9.167109306718617 4.566085209550244 0
16.60936915207993 3.372610339889236 0
2.260710749071007 2.988275280390963 0
12.10961914552521 1.533887234720938 0
13.65344541639632 9.083520685069315 0
26.00632592006301 8.600832862919434 0
9.646662995333475 8.853349262723034 0
7.356137438438114 6.114776343192386 0
34.04836339145123 2.937998561640781 0
6.952883714459086 1.122370809663961 0
5.025840234086984 5.181761186790933 0
33.0711064906745 1.511425906993835 0
3.408952773288874 5.689681535344434 0
4.143082057704278 6.868296280896787 0
33.25110406215194 8.816751663805503 0
10.36666220819812 7.82729394335063 0
9.790741961569799 3.821552946075539 0
9.544399950615935 6.475082094685299 0
34.25771618047438 2.777161281694548 0
9.435259968622992 4.973948413723528 0
5.017738392118667 7.673941680448319 0
34.10619618004013 2.578416308462568 0
33.89684339101698 2.739253588408802 0
21.6590730398859 9.467951126510677 0
6.483623302981216 6.585382516679743 0
19.01400346744595 6.131240620777391 0
15.02673127839707 7.495422573839419 0
3.132440331504613 3.930326406781302 0
28.73831539102026 7.341512284904756 0
28.92746345215377 7.12741960206541 0
11.54061195248996 0.5690816455602423 0
8.32170707290695 6.060043087990127 0
4.882386999698438 5.298062849383004 0
35.88158813978048 7.057052726340634 0
7.884284761501533 4.063237183519489 0
36.88011155006542 4.745562777199567 0
29.8996843129823 6.594634931228311 0
0.5053074424479239 9.287651119084464 0
6.418450811045967 4.545189927313737 0
23.56331329074866 3.456052031908669 0
6.223926387576383 9.876186009391523 0
19.68640963316885 3.363123127064767 0
33.2600846816436 5.266746873643776 0
30.64684938561668 6.150710459116183 0
30.73529972395471 5.917203100658455 0
21.66195938289734 4.161787668834756 0
33.71840107168737 5.002933544265514 0
7.984294353582004 5.706909512221273 0
8.941499187767873 4.244194310571754 0
16.85129221355433 8.9272905307916 0
19.96780235627038 8.438859627933761 0
24.40777545698089 7.501970705856756 0
2.217870697069326 7.277112565216085 0
35.47838315394802 5.235227901087467 0
35.07074104447366 4.444180590920534 0
2.847099457974819 0.7628339583553929 0
11.93283271911352 7.986253283234649 0
3.072314368720368 9.555123240712463 0
9.661738332755851 3.458745004573316 0
37.46362613794856 0.2498597694330744 0
37.46361496085101 9.750030211876432 0
15.12590329735137 0.2947465231292198 0
39.5263016742643 5.299836184422559 0
12.70949416902405 9.88110339327182 0
33.17897629353435 5.030500448731542 0
32.29636915754829 9.882076175534941 0
0.9442538384040051 4.712006916537001 0
6.225831566594415 6.959507675431612 0
29.94943814181585 3.782606055375057 0
4.474542743254757 8.547349098180298 0
35.62779975016702 7.193961563456615 0
30.52184905196207 7.185622823524057 0
10.76931450524134 5.19376881757821 0
6.566019498896022 6.218841558867196 0
8.805528846033742 2.656883235210517 0
15.8272974631988 7.111904669451028 0
21.11582437449636 6.687492888640731 0
21.24800646722852 6.455084308691663 0
6.665870342140804 1.924919926134619 0
32.40809485132382 7.144323274601724 0
33.16333027442195 1.688010105052204 0
2.378205879078409 6.162189077881396 0
21.6213349940191 7.193947861818766 0
9.098353957296396 4.976482368483022 0
17.22126173040773 0.1323022638339042 0
33.63866140898012 1.644392733569164 0
8.840408596575509 5.766138455098376 0
17.85692810076495 8.767840574146383 0
15.14036717654656 4.231173091900629 0
17.26388810763774 6.433989492130228 0
18.2865189578276 2.571046629862839 0
25.47053619381357 0.2579509998210232 0
25.47781867658606 9.746284174542486 0
3.846583521651672 4.505404531532314 0
8.343327088654252 5.501199248281715 0
29.53713131964897 3.608692153937559 0
27.99553389757416 6.037929861586657 0
9.057400153690764 4.631845528378769 0
10.9135927950278 2.825923801907317 0
36.69013942371569 6.888822488446867 0
17.97538111333792 8.529482630124351 0
9.711008281549004 1.963455688881913 0
6.625798068037053 5.422350792045077 0
16.20349162390137 6.5039371157906 0
4.141772180170317 7.759712114527018 0
12.54932284267428 7.473279614653989 0
3.171500688414684 4.706870086113621 0
32.74999999998906 0.1295338267974661 0
3.882366592767525 7.304636817446865 0
36.58055379482459 5.100591040745845 0
36.80404675361262 5.001703463013023 0
9.249243910983983 9.878409273360933 0
10.4254777328984 4.650951104373941 0
10.72363646035255 2.579813141003866 0
3.012333229979282 9.758505277832016 0
15.74317213870393 7.610640932327551 0
10.41450358171306 4.483898273089737 0
6.951320958250538 5.90299978107547 0
10.89200963123218 1.537438838611417 0
31.6381712596625 6.08067517848006 0
31.85343157752645 5.908277584319742 0
10.94870851242902 4.611020460669994 0
0.2948007154364963 7.412374973410043 0
9.0893463582942 4.905228912530341 0
20.33961659032154 6.750243552166157 0
15.37161894250613 2.000561451647217 0
35.27966524968721 9.875218756287987 0
1.602066016614833 1.022544261503121 0
0.1175411602502732 0.7925282252413499 0
17.50974308202544 6.428347427298601 0
19.92230814481085 3.537749256438711 0
7.114869363512832 3.703284458991084 0
33.49058601651459 1.994426621117649 0
28.24757083078598 3.865373788827563 0
14.72945481132502 0.6120612751765876 0
24.25358014540869 8.177865840318875 0
4.361114423003736 6.042701280019556 0
5.713251026461145 0.1137298520090835 0
12.0135845291494 0.2565910190269663 0
39.46788843188077 6.813909029037229 0
12.24999999999994 9.87375209492008 0
2.783114271215318 4.523430493165144 0
17.67184035079647 6.172225231561061 0
10.85334196526144 1.057487207206138 0
20.5499768699853 3.264631498625851 0
28.28736253275418 4.322408741232964 0
10.06357319717871 5.009261582286793 0
2.460536490746311 5.335991702275149 0
9.975890388156561 4.934829421719852 0
17.19418208879353 1.104425508857737 0
13.96310613944322 3.039716057080582 0
3.540544030364822 5.971182368291447 0
8.08232095779948 5.778550102777888 0
7.212347057165115 3.318114247950322 0
10.61649037012107 1.338266015443144 0
4.619398433707731 2.954994978273959 0
8.891860447329146 8.229135066129951 0
2.402569951895464 7.18419242898079 0
3.420168059166633 3.560252451349571 0
22.21473778685826 7.843749226516024 0
8.076681597927486 2.476549052899529 0
0.3029312631874014 5.589793718171349 0
9.705957271361937 4.078503108765145 0
10.54609742624248 4.881721150076976 0
5.633798689025102 8.435541438286336 0
36.25440564345083 0.1220838124428353 0
26.58594911647664 7.030704798863721 0
28.4866732582524 1.382469959948941 0
20.06119114590996 0.9854691390615384 0
35.40060202476124 7.094439569588826 0
3.801353253283819 8.256444800295236 0
2.978914449749852 3.817518639688224 0
34.68179020558617 7.696237184727024 0
39.01580944787619 4.517201829679953 0
35.5153391949253 7.61997164801587 0
13.26707471835272 9.8613998116523 0
8.55243214056506 5.829504020379527 0
18.63856593784746 4.309442351297283 0
12.25684783009151 5.133733226904444 0
4.972779516606241 9.023049705526184 0
32.0715950975104 6.475347426807455 0
32.09289388226043 5.973320081783792 0
33.44165537840266 8.391327832724029 0
39.24338715477155 6.898741314529299 0
3.166858275787169 1.969412942672957 0
21.9605077633599 8.641476854058874 0
5.832055275089808 7.869218518128249 0
7.966050464412411 9.34395817124522 0
33.96757800421339 4.949452030321734 0
9.121251889575538 2.751532307194357 0
18.11465684520452 9.506682823094495 0
13.75017996381806 0.1333798755912513 0
31.84597851664924 6.472668225126014 0
8.177290018610373 4.298763001166495 0
7.50992066039858 2.848212106823185 0
9.224655437852517 5.832728388567848 0
7.206350338898438 7.079820307425289 0
8.862851224618549 6.194384602398531 0
18.01919913794108 9.737577821525457 0
8.11963907444636 2.620126431005465 0
18.70109691355441 9.879714093872767 0
8.137355050714751 6.321431688325923 0
23.73891981150998 7.15350841164869 0
23.9285658737887 7.364223671822074 0
17.26149622952482 0.6509638713421623 0
14.2173517268763 3.107053150233877 0
7.519587179117191 4.972975968163794 0
29.37408499332358 7.349911732427997 0
29.19600984930835 7.143102090739646 0
7.215763855247201 6.882411437651939 0
25.57431064007914 6.303821315365589 0
2.600191752827065 1.349062058704498 0
10.72238014787065 0.1191220489589118 0
6.05420446896996 4.359372017537805 0
34.98313718686146 6.560841807275445 0
12.50257658505366 4.427166678218952 0
14.49191995144623 7.685373076181793 0
18.10919826456143 4.14343475553054 0
7.735664120169957 4.831226774624302 0
4.86292982454423 6.26804293527201 0
7.746728382263772 6.534490144570985 0
1.171411262653114 6.751788615739234 0
3.311670167467714 2.491182586863408 0
38.13761167799597 6.534882742348351 0
9.515284911793957 5.211921997557855 0
8.814178109324144 3.327366232076803 0
12.52563180251311 3.99279356928191 0
21.6167989090146 8.405693573494331 0
3.343312108669304 4.393166559600085 0
27.28413221976031 0.1204977175782774 0
27.28413221977324 9.879502282423262 0
10.7105311599226 1.921787136436856 0
9.136444447313503 6.74016660891231 0
13.04165541403306 2.100106278201599 0
21.81324410960823 4.749902059606448 0
6.075158708392838 4.20969785526441 0
9.057374513567678 5.370685271766568 0
17.91635851922918 0.2938190377817378 0
5.122670150646186 7.820606775155128 0
0.9831677011162262 5.137525798922201 0
3.46300722311085 5.543387383285649 0
6.7823945717774 2.285264751794958 0
1.218626603730582 7.231902009140884 0
18.14301576490785 9.079857332564105 0
20.30373389473813 0.95318389154921 0
10.19111973465839 4.791238969456081 0
4.486234584066811 5.247026141286375 0
31.97356722105228 1.617360991067772 0
7.723978406641478 9.387615637530358 0
5.739708269772207 4.760871409238987 0
6.447730610847366 7.129537875065864 0
11.77965660084111 6.06725545949102 0
31.6465940529616 6.293008669787523 0
6.236692770381969 6.665476378302284 0
14.27187813478436 3.403605544118435 0
0.9833297033218947 1.265275406167957 0
0.940385132613045 6.087726661513603 0
7.31869619474406 2.972677295781031 0
16.13802422655187 7.792662984762242 0
6.688857348144691 2.928547695428389 0
4.755691379434435 9.863734993956704 0
4.61814162518233 6.414925402391187 0
4.726195973878683 4.512959790943147 0
10.52394745004998 7.896641826782538 0
10.04004755430611 5.699127418412835 0
25.35861513236541 3.70582979239506 0
25.59412736953869 3.868695703138551 0
22.25007696360066 4.726895653142765 0
20.25707663398221 6.980593878143956 0
25.74714782324719 7.50915066660313 0
35.26289054752342 0.7472195863259635 0
35.08152266212724 0.6116815432045773 0
20.7435055904934 0.1450834563515913 0
10.01777375295755 6.699169102004301 0
21.51086166618596 7.451573922957162 0
18.92220467196811 2.930970400915268 0
5.965401578174834 7.069846949619347 0
24.35561235478109 2.907471441471291 0
24.17352703558444 2.716812699885788 0
36.96081102624448 2.026585010530729 0
37.23059733718895 1.992186997860068 0
8.45055946466122 4.040179733018037 0
8.163411625322146 4.471001701137291 0
16.4027302737686 7.773909940311563 0
6.431117830551531 1.507807671364284 0
4.215736073555026 0.1162057495369895 0
1.233383336483874 2.433357278617277 0
21.79895740264971 3.951867935060629 0
28.47589262388808 7.23583318612988 0
7.482179225828848 5.04593344980544 0
6.416910237795573 4.689904519510983 0
22.86112938844063 5.631008199076216 0
6.728249182737875 6.564978330295514 0
29.77746138312916 4.165278194387675 0
30.02393132849886 4.056232296186656 0
4.279140545785387 4.782008838372548 0
7.526395762366962 8.596777645020152 0
5.213306307588805 1.813041659204167 0
3.974790135639184 0.2769029428309516 0
7.148216263542595 7.198822687435953 0
35.55380597495921 4.244353696310312 0
22.73167816876926 5.425943191806592 0
12.14709542592216 4.262830585612789 0
3.601626839285077 1.693787105762062 0
1.181369159325644 5.74140014204777 0
35.48107169357127 6.118994921604338 0
3.390760075631489 5.392321366400631 0
5.28600157126345 2.780020254360217 0
5.476453594227902 1.641810930450234 0
25.13841007983999 5.674421550942863 0
18.46921629493812 7.479344881118972 0
14.78416546855716 2.479018360762978 0
15.0508323710245 7.709208548608484 0
6.659635352326742 7.741544098018047 0
13.50340387419407 8.540341723054533 0
24.47293872328014 0.5748843890353844 0
24.47526129688913 9.415996306349838 0
39.53376037115871 6.554176030245087 0
8.745685486716123 5.942001292905021 0
21.37683105474095 4.894618173319642 0
18.79737519219745 2.698525862092274 0
4.508875349572437 3.261164914794001 0
2.040496503023927 1.100132181198402 0
9.38202269410697 2.757051398190618 0
3.673141913471735 8.139233418262847 0
18.08764219711028 0.8118546866325936 0
24.47845422682468 4.897040697119134 0
24.56920459429786 5.145018280241765 0
1.311575283883848 4.860413505114 0
4.705111141377325 1.268634673556542 0
13.02242103145471 3.03853879863555 0
4.104801820383446 3.57960067618959 0
0.2191479677495072 4.00090612653345 0
3.508235469220685 0.9670384462855278 0
16.43524021543919 8.755732984916966 0
29.63237665972478 7.760083189451406 0
17.75323977475331 4.799589157848474 0
12.31917969989805 1.485250678660802 0
9.776436535377677 7.307471622152143 0
12.16702183831658 4.094800675295088 0
5.093264286327458 6.108746958799749 0
18.29253446758293 0.6987059015843563 0
33.54393938653639 9.766118210633923 0
35.73154717832654 4.025082690222367 0
9.132790347118684 5.854972643117527 0
4.743156875535941 5.234365900893085 0
13.28364645512257 8.670229263756971 0
34.95802818919921 1.165966586684109 0
21.39708513982162 8.003978661230946 0
13.17801171059071 4.895880072783032 0
1.980597351244657 6.512625648435132 0
0.6542613882168656 6.120864663656993 0
3.178663687436613 2.644737070154617 0
13.71437977999651 9.88877631374298 0
17.92865722288773 8.961229548617275 0
18.92677562476673 7.436149054433447 0
30.83063734595882 5.54221967489289 0
6.79792753823621 6.161887125639943 0
11.36039600977755 9.009614687699463 0
26.1175720700252 1.152201664269723 0
13.08874470637499 3.269245834370708 0
7.511423534247342 0.2553843611784157 0
34.32946340143942 6.798887318163762 0
34.58036243610979 6.797127643984846 0
29.84646316891775 8.192022633236064 0
30.08600997540249 8.101466311710858 0
10.92911739885273 3.005079326319422 0
4.191898171849691 6.019122009018396 0
7.987909676520925 1.325358878724533 0
8.295617856007359 7.436568965517595 0
3.733593847236829 5.782401735910604 0
7.326667970953369 4.559731093861567 0
4.226475650418677 3.749791275306318 0
10.65143667675493 4.377200458310049 0
10.0347934800986 4.803934036932912 0
9.203957695966588 4.430133519526641 0
26.45909119779357 0.2339151241688409 0
26.46441018887531 9.770693746623001 0
3.613642597414129 1.202216806289196 0
10.06355285170538 4.527271032914673 0
18.42154499019815 2.773934337961148 0
6.55049078238033 8.700288260032179 0
4.644511611527464 3.599986779648726 0
2.191970982925948 8.133961861616683 0
12.32046492340516 8.022375382893332 0
34.75701154602728 1.017865556414623 0
28.58992028606738 8.430866304950804 0
28.76300671085779 8.570356903632415 0
4.493624051446567 1.287987572218306 0
9.526740938060371 2.50615116062438 0
11.78440946660366 7.337013974868644 0
13.13783408964399 9.387192616451914 0
6.744179403025363 7.894877985306914 0
1.645698274616311 2.326446982895663 0
10.59743433961338 1.725251749073984 0
6.473671815101738 4.974389185270205 0
1.988099494030045 3.601309352588778 0
4.371440391434532 5.328711911596995 0
11.50573150983133 2.821095317764117 0
0.4553823692029517 4.029841997539243 0
8.697342921392671 3.300767447958974 0
7.847446284280072 6.553042907594744 0
22.4539666896665 7.829367089205157 0
5.331669203541908 3.881913189799314 0
20.27290548692305 0.7313170876347638 0
17.87962447847925 5.305059155639875 0
10.51992479102488 4.72350472405333 0
27.63186727264523 9.274252444020094 0
27.87527770963185 9.203354559532109 0
27.87527770962875 0.796645440468786 0
27.63186727264221 0.725747555981625 0
3.351857210124171 2.939622028548762 0
14.7605819456013 4.720211552841751 0
27.55209269055052 6.085107392789157 0
19.31960956165693 2.551134289514705 0
30.4640515183011 4.889660088469891 0
30.38912115227685 5.144929576861151 0
0.6045102710543472 6.318219471737494 0
7.210530641925374 8.69731478833633 0
6.441909650695668 6.844628062364641 0
13.34681494511712 9.336109499848545 0
8.261467827320953 7.162344686453906 0
35.10432130252494 5.542206151930689 0
27.11105447744765 0.2861982834740915 0
27.11104609928893 9.719092729808041 0
6.8735759511505 2.156430867431617 0
11.55812550634705 0.2787930748383114 0
7.648231838474459 4.933964774720874 0
8.616616217709561 8.899353864840107 0
36.41223921396918 6.870086492342733 0
7.408395233806321 4.504900582896725 0
3.220957809130137 3.468876911642771 0
18.59164202673143 2.815813329668979 0
10.8998017387363 1.907805207536791 0
20.34666832376936 2.1913502910795 0
8.799184629185209 5.812193004436037 0
9.68577540614324 5.143941217941799 0
10.95103266907238 6.485948905252978 0
7.894860028600662 6.631106463802614 0
7.551973349087246 7.105535863141248 0
21.90798369610571 0.2588667658846951 0
33.50668412898896 6.418386549131012 0
34.89017409808773 7.88485052013842 0
20.6644775142271 1.441489591693837 0
5.620120747844797 4.679082329352825 0
8.037897289034262 4.753000953662777 0
39.87791020532567 1.75247097794632 0
39.87787018719969 8.249999999997359 0
7.365056480940544 5.895990325779107 0
8.094886355300133 8.604328380357375 0
28.96534790906138 1.517236023060928 0
13.17735849574276 2.85875103037448 0
9.077332197146811 2.050327964694145 0
30.27766703694046 4.400243361654545 0
14.72914220363531 1.978222256184367 0
4.399393082326393 3.735399964233558 0
5.065377103748092 8.007433260126257 0
32.99005999701533 1.088751905085028 0
35.74341543407024 1.450836743394795 0
9.763356559969338 5.735116790058899 0
12.66348984355963 3.793010559675912 0
15.40646398552031 2.675530299425942 0
26.64907989216108 2.086251238252299 0
26.48281071048205 1.913833239234164 0
25.13678227582749 4.804681270799123 0
3.308807472826814 4.208972868362109 0
18.20674552167224 2.92446315047442 0
8.275035599713433 4.223637284823456 0
39.89204397749301 6.738159966538803 0
8.789290803090209 2.300441335851673 0
19.41046937420903 0.4389647071315814 0
35.09580671409003 6.051773527887771 0
17.01252423294771 5.316300926493932 0
18.7164715065021 3.048257868491973 0
27.77063913280217 5.93742324313988 0
20.03036273809488 0.7636023351470923 0
13.31527168383532 5.361089284147094 0
18.21306116641134 1.046368587706834 0
4.114974218341174 2.018179528948872 0
39.88711218478929 6.287016543131364 0
18.58268500508696 0.2479349211489377 0
3.663512650680307 7.924061933725338 0
28.95559685452547 4.307228214643552 0
5.392655355795178 4.029440734904076 0
7.901265253473099 1.095091537814187 0
7.383901060222271 5.822305108719912 0
31.61602360587588 5.534913551694248 0
31.8163400266587 5.623465182205311 0
5.562646026414896 2.713888436701746 0
10.84869726600354 2.468514175695595 0
7.951919695285141 5.58553373161356 0
37.20537814874134 6.165560677619464 0
37.41707586740794 6.0335950817547 0
38.82368253859595 5.868732605255281 0
13.16801392731418 8.280418198881966 0
17.90240233888271 1.719641748469148 0
12.01710174353387 1.740822729675376 0
10.66972053310465 1.12296948104898 0
14.06347701343909 8.657357822688152 0
34.57167800331885 7.256360079273812 0
29.42929281098731 1.87548068998584 0
7.163603073737769 4.567154387338751 0
6.521697146890737 2.397510193423745 0
5.810526213004647 7.147358220167606 0
14.72240694626049 8.712388203955145 0
6.236502337417147 8.888936358953941 0
19.84287376163434 4.749233088098483 0
11.87712277362331 8.410846217854212 0
16.74926345893501 9.873730559209134 0
20.28230434413662 3.924282360134583 0
32.0091993570236 5.23073866226931 0
23.78732572103173 7.988517722951396 0
35.89793143376875 3.146184166056123 0
8.586077351494028 5.966423755223471 0
14.14969291948589 1.731774305396212 0
15.62561482959025 2.630063551422508 0
19.34994475694695 5.885522464952953 0
7.984564831757955 6.343177836180883 0
33.66952570525962 6.254385500127647 0
9.389894791480318 2.590550741878976 0
13.87047946170165 9.72943925600288 0
14.23963202901451 7.25819553940702 0
9.336984049529173 7.860383740501677 0
6.900308871860808 7.30771168847224 0
7.598953663377041 4.982416703894539 0
9.073419287758611 2.883442044204866 0
7.92395374583293 0.2695093666639831 0
38.73062521426208 3.54747366939805 0
25.141740299 7.086082684787893 0
8.566975350271074 5.716956195929392 0
23.03713698346269 9.74797040506092 0
7.037344993276728 1.469522740121916 0
32.55758082061819 1.068146518464572 0
3.773267600308069 7.62231211481827 0
28.07662433930671 1.762248675495836 0
28.33748917450338 1.751303256934376 0
7.271836031487013 3.200412892937444 0
3.835730333298988 5.394727338735518 0
18.555942620961 4.060700383715979 0
9.537382447219823 6.209073202350756 0
13.23708260206633 8.914549525879801 0
22.52296262731857 1.627778483321771 0
29.86729380059898 8.910579132499786 0
29.64302129913633 9.045544386819918 0
1.836162936655977 1.936990629620452 0
16.44948045218708 6.568538996501405 0
3.793892678815203 1.239432212801177 0
30.0917054936332 7.274688370115267 0
29.8588896347278 7.395359074568063 0
10.06414539191274 7.828518933459997 0
3.255081984994687 0.1170185914764194 0
35.95491104799817 9.747693781758342 0
7.766942377606893 4.883210549564958 0
9.837379440893756 4.07210076267322 0
5.809008294986825 3.413643056335266 0
10.59756989052288 3.029867203461122 0
8.723050373440641 4.184511483712821 0
23.07284663987674 1.425633870620981 0
29.23997657216588 1.988855291174434 0
28.82363618580766 6.845175344603899 0
17.92901544866992 0.7642680074180029 0
32.02580390779632 8.39960366499429 0
35.08833095491065 9.21839969953278 0
10.18163477311306 4.339685722392374 0
7.90097697043866 5.461627836177217 0
23.54646054019091 0.7103636272147354 0
23.52131991601385 9.348788756142584 0
23.81393120676375 0.7277541724598203 0
23.77220916171636 9.304929322368755 0
4.787860575176686 9.094872691074398 0
0.9779451237480014 5.884616665590116 0
9.150825906288423 5.606169440588222 0
34.43241634111876 9.752023721654178 0
3.93200196888794 7.503970411355244 0
1.749999999999989 9.882151177711203 0
22.8640764441004 9.241413117966859 0
7.541239288084872 5.908804873831451 0
34.68527369116207 9.483153470907503 0
6.552411336422847 5.187060655133746 0
33.51152537270835 5.39971078191207 0
13.38012210765297 6.428062588692566 0
22.43636116066028 5.867128515292997 0
5.467714287058254 0.4945672564406304 0
7.400541467837584 8.771863514612981 0
4.942222640266565 6.949428655695659 0
33.69470664971545 5.306795537624812 0
8.817034317935343 8.856813359607685 0
12.70904682939498 7.813116018449292 0
16.18947281727955 8.241782003719061 0
30.73561638146713 1.300297350302763 0
30.86501713211817 1.068117327447672 0
25.1546542392716 4.602791008229358 0
7.975302173151147 5.111769747224561 0
8.591777361564587 4.051468992842513 0
4.965234175582091 0.4435976789983962 0
1.076924856859082 3.1576765312832 0
6.946153690852982 6.028248578263785 0
5.133663921732379 4.143034857892528 0
12.4957540067652 8.144524663145171 0
7.29612955719439 4.707920921634316 0
4.140085846037775 5.509715270174728 0
4.018925050901338 9.024266246261943 0
3.197314601510702 2.841097871294887 0
1.785063832704981 6.394050269297129 0
24.6720490415707 8.5742228779051 0
24.24913540408807 9.870122263256707 0
24.24926468007505 0.1268596745128191 0
16.63271419131829 1.262939374657228 0
33.14246710788075 7.596512202926707 0
13.41465661783621 5.190843670951402 0
5.626130659654989 1.591633664888307 0
22.99180306444808 8.514062411575978 0
29.53011690917038 6.817125090971348 0
11.82531038565034 1.302729785704969 0
35.78334548767108 2.963698729483527 0
23.72276907315694 8.167319956174834 0
7.758341686362932 5.356204122277744 0
6.183533995362161 6.166436004955716 0
36.10374196908831 1.096061524263936 0
25.57347460044008 2.939603374543845 0
25.72224530941229 3.1128523180199 0
24.64175008363032 7.550760087776985 0
21.8864111700141 1.530978465159081 0
10.22480071534761 7.550297718752891 0
30.05714519050538 6.440737727488146 0
11.9947460742989 1.30001636132055 0
2.457910460830811 6.985678568127015 0
16.73296573085226 1.040864804196166 0
20.86461805855578 8.082388301067491 0
10.9008077412346 6.120990093300205 0
33.25140024059215 8.547953601184142 0
0.1222812189707762 3.758754110136048 0
7.8553404398176 6.740357598770852 0
24.05571138440351 1.480280878014954 0
14.79414227815868 5.474394086855654 0
4.773557073670514 6.912409448937002 0
6.338225407402651 6.372898297950346 0
22.12586384385743 0.5647523875789816 0
8.711165717269461 3.987684781431518 0
8.856409207255814 6.517262318596353 0
8.963111748511631 6.354515804738244 0
25.28571411676248 8.937396499566576 0
8.903430923507576 3.280099982052716 0
4.155792153396541 5.850604084776436 0
26.61254357727832 4.989730727855425 0
26.39832512377859 4.992936279857944 0
20.40419007992066 6.055040479584949 0
20.48053526731491 6.266899175239419 0
8.321819286932756 3.935445935310401 0
4.381077302719 0.2828832969251016 0
13.31109716459071 3.334743224841024 0
5.11498673807901 2.179161580945146 0
7.42895078594499 7.149156580741059 0
9.616215218948321 6.839016215274732 0
9.284856532139543 5.594369861839577 0
35.33803978502532 6.840797658534925 0
2.209884212695302 5.593141843992143 0
8.855216316399604 7.451460252988255 0
2.305254084654522 6.347314423775372 0
5.163589095882781 5.424963269984439 0
9.893595344615516 3.042990706814618 0
9.047532639762791 6.175760378774641 0
9.893874045660842 3.33237405353664 0
15.53736591165429 0.2571091083846479 0
17.72854540432506 0.119122059265744 0
29.42960109316583 8.14586990936356 0
29.23421414763779 8.0506571182743 0
14.89896673575161 5.286993001810198 0
9.145888830286676 4.390181261125531 0
2.809616361761308 8.531660670773896 0
6.159170179433232 6.808195843754535 0
4.259544800416617 0.5673477116537807 0
4.43733878981734 3.072245001545988 0
18.34131664860019 0.5249521822564543 0
10.09777557685901 5.391800066172469 0
5.121871013128692 2.548763656707214 0
6.944951425210174 7.897831251762827 0
12.99035935039038 6.672397192756897 0
21.50621276760866 1.043444177599351 0
8.18500721753078 2.356041610812631 0
6.913126818297793 3.659634634174834 0
29.30634853371203 6.85549349789671 0
3.628784001940201 6.124635250505205 0
29.01136053456827 0.6652660867257133 0
29.2711667248724 0.690813063897603 0
37.40888665198548 3.942482604038361 0
7.15205448874919 4.990695385768475 0
7.031751254641915 7.74592250468783 0
2.23940951047151 1.863492943692437 0
4.867328794511224 2.677152004459446 0
21.0042669907621 1.082602439177063 0
4.271415846267343 5.589919369346879 0
0.5025921049155527 4.286190224069895 0
14.23234707827941 1.476235996639752 0
8.418162706861169 7.79756910859419 0
39.70350195180426 0.1257991313864396 0
39.87016861847118 0.2924657980529566 0
39.87016861847132 9.707534201946613 0
39.70350195180465 9.87420086861353 0
12.44987220412141 5.668812117948227 0
5.327261985125983 4.409093747765312 0
23.8688801851318 7.59941180446384 0
22.13235295289813 7.575976592534114 0
19.8696881218723 4.230468949794549 0
11.81011652033688 8.578088193566503 0
16.63000407900286 4.066035038716951 0
10.98548834209932 4.463561208660082 0
1.810948275751352 4.779378932932469 0
13.41296397464757 9.086061253944271 0
10.19431251109023 5.648596246340985 0
4.95929797161077 4.761622113441015 0
8.466826328155074 3.935659804748017 0
12.84533661495345 2.596138804801411 0
6.846730236033859 6.055883906056285 0
3.744460935521816 8.491052435154677 0
35.53437581950525 2.938696866280048 0
3.26947250427747 0.9570283154723228 0
33.16921185846934 7.355964889414794 0
14.08800194502773 1.313091998222257 0
35.98446331759576 4.039569526230444 0
5.027785820995511 1.478662805485393 0
29.24855224707277 9.319642762734132 0
28.99812777998325 9.360981374927562 0
7.986408793308804 3.177960700641576 0
7.589091079603842 4.713217852108897 0
1.166918221814384 5.318617292059275 0
2.006476295152113 7.162484688697519 0
5.008687708256381 0.2293888063225766 0
31.92353527744665 9.710926020919636 0
36.08597687998179 4.261507462616325 0
10.00809747030855 1.192252944173878 0
24.23365112034012 0.6440366138920566 0
24.23597999121907 9.347021381888124 0
39.87583589568798 4.767351140480096 0
26.81182109712103 9.338899152078229 0
26.83820300810606 0.6897682005530181 0
29.98637992295401 5.016445807061666 0
30.10521625612763 5.200933611206159 0
5.17023092716284 5.261157651242661 0
10.32322691040631 1.838586813226956 0
29.88809905435464 1.099757635746172 0
29.66322295292784 0.9619152073171495 0
35.12875343587089 6.334785571785349 0
6.527664146449347 0.9384649116494317 0
8.716284604358938 6.025044105930971 0
4.12792076933295 4.695172283394172 0
11.62351434052335 8.666738987804631 0
4.822804556055346 4.797598589712071 0
22.1728363763513 3.575786382519873 0
6.852464868458665 6.596266224944251 0
9.212425199615559 5.480118240715588 0
6.382278981867404 6.688853228839637 0
9.935458653349313 4.165383503723675 0
22.10611857586072 8.0154170288393 0
0.6838367470216724 3.33896652112791 0
31.76863393409798 9.477117181131469 0
6.606305327649431 3.882531143266537 0
8.253094412812523 9.890788335657449 0
25.958001252361 0.2837038881548677 0
25.96992900532418 9.724764427930673 0
5.171672262160421 4.422167796027618 0
2.166547101580177 2.629115086375522 0
28.55055559044438 9.332131573039415 0
30.21001397271258 4.15555210759391 0
5.433169934453936 7.178130806315251 0
6.375323630303792 7.259752739385644 0
30.50596911503268 5.315512695932935 0
35.68453565262595 6.142448019702595 0
12.82087021143638 7.030134648199163 0
9.245680429971237 0.110164519256027 0
4.852915712377649 6.597851984000083 0
10.96950978529624 6.662972340188698 0
20.45070755234765 7.923297592533931 0
2.248453692824995 1.471225191386747 0
21.89628146109186 4.497743876330042 0
7.348566701300284 4.641285659282483 0
11.25674379427842 2.988723652584773 0
11.04234361333585 6.20058971668944 0
5.056248261478995 3.993256634420862 0
0.2663577034621082 4.423921019730769 0
6.736562422342206 9.039895311974421 0
16.00637371719044 6.911939048576333 0
9.341756878631442 5.526586723560958 0
24.05819729566106 7.985657472570073 0
26.04876942362647 6.366057970084515 0
13.2260421726101 1.987806255570425 0
39.01007567783662 1.625660381406914 0
39.01007567783731 8.374339618593178 0
2.496977043962769 1.525077299192103 0
10.29959948519246 2.509557460807854 0
32.31686716475681 9.478070729131815 0
32.57368679970349 9.732925584164684 0
6.064400700514395 8.929905251763048 0
10.67261311103866 3.611048480017573 0
30.71886684443779 8.712364346216416 0
30.8449386445549 8.939007106426212 0
32.51784851126592 4.363938441057078 0
10.26929034836491 4.690140567002186 0
0.6681581582362138 9.472442844176234 0
1.259358271364587 8.515403950677294 0
2.085762474486983 2.820909317326837 0
33.85703860088041 9.19329776290529 0
36.44857390758198 2.220930953574535 0
7.153961238773783 3.575193950086474 0
35.88698684352437 8.88984990868347 0
0.104400493617466 0.2828834636290764 0
0.2710671602840106 0.1162167969624109 0
4.022302108654722 5.785014100006212 0
18.02331965882299 9.321138568703722 0
30.74101480140758 9.882026000647015 0
8.086867915067169 3.426096564252442 0
2.661926007987863 3.027721164941338 0
23.7224512833572 2.033578158770526 0
23.90203869418701 1.890982881319406 0
16.23333898464038 7.022888276186609 0
9.629177711636032 6.130151871627842 0
0.6284708694758847 3.125713374406638 0
2.431766338323841 4.714052325501624 0
10.04608688415639 4.3835004657237 0
26.28760168843779 1.561938672375646 0
2.991427779139325 6.864269640462346 0
38.36748839705684 5.19459798943688 0
13.21686069977555 1.762325476919271 0
8.654287273468658 3.218525419718208 0
13.11888923959052 6.835231729046154 0
8.115350433919838 9.513776377038235 0
16.18071618545111 5.712038107244434 0
14.05817457411926 0.4320140376032442 0
27.01591875657967 7.057107083492729 0
9.112437251802762 5.256218624719238 0
7.864875081502912 5.356027646077224 0
10.55491194316991 9.089720553200538 0
1.686387428376707 8.308812282753573 0
7.739444674462433 0.1043412575247017 0
8.886774593344896 4.042977256898782 0
13.81600315332788 7.748339023823547 0
22.63147306488897 8.213834113277278 0
17.66323920061673 7.094001078179384 0
3.803318018734013 9.4326685799871 0
3.162257934807128 9.193309274562735 0
26.09975583354455 6.124307556196064 0
7.241293992762149 3.101343388177529 0
34.23112411289836 0.1064975755859355 0
7.746553163621147 6.753552428685883 0
23.46766029639927 1.564185987719776 0
7.928321876475842 3.542711775115051 0
7.084545987687693 3.500112498889518 0
8.903394591499314 5.332515732161728 0
37.45867889815412 3.257474936638047 0
15.93683885901988 0.6171463244841653 0
7.939619348885709 5.650861258187138 0
13.591442442798 6.35517134973549 0
8.637534684053337 7.149030497031063 0
17.6493844490548 2.836377982564985 0
6.376110683272016 2.367307385851134 0
10.77356026253761 4.699604754086308 0
12.36730037592095 5.30907473931719 0
10.80622505221005 6.77260876707567 0
7.364325801914853 1.796140453842219 0
35.34111539558425 6.371437262183709 0
13.02913853840577 2.303166245588789 0
8.553515322485071 3.912476503971991 0
16.30719573617311 5.523661041477763 0
8.190247400455593 4.413571029297683 0
6.592763760594731 9.739503139415048 0
17.93539285736357 6.185099477434531 0
9.08979949415278 8.285952190339584 0
5.267617083269866 7.111032472978242 0
30.74322723033011 0.1151663688227315 0
7.003148596789953 7.460354534807074 0
14.53330389517235 4.796979276664676 0
5.204302213340839 9.353164548118237 0
23.40309714184325 0.4692177432012747 0
23.4216235189511 9.560364863895826 0
23.48649881357727 0.2387478502858099 0
23.48844376982282 9.764365868283051 0
25.27883832776633 9.137326206678166 0
30.10496253977753 7.820269708889621 0
7.642665901255595 5.446695031638444 0
2.673659473695354 3.207228381671057 0
2.274562938946695 5.402939973005876 0
14.43971517713666 1.488737025853441 0
9.552717437226347 4.756588434604523 0
1.780582992079313 8.545777710118793 0
7.607850002924821 5.051206535311787 0
13.99725290530992 0.2242704075947494 0
6.92284455286148 6.485704296330035 0
2.367506683692875 8.994548992351321 0
6.76902475291202 0.9542249997009572 0
4.487510103859795 3.566592839587575 0
18.95044799592312 5.688454739635553 0
1.630356653713826 6.428643685590449 0
7.295171742075829 7.868823130210315 0
29.38805807727119 4.36191916418554 0
14.91138343635025 0.7681398713390495 0
8.349345363232617 4.501053655883357 0
6.655810872458479 4.570151042057888 0
0.1105828987834005 1.746629439748714 0
10.7300888663221 4.470444869536828 0
0.961782608727722 7.875334148034999 0
7.437745786754754 8.929734394415579 0
37.92652420210748 0.2911264339770834 0
37.92652420211007 9.708873566022779 0
13.67248704154563 6.545913995823246 0
17.09828534482698 6.216335184736761 0
4.829671844437627 4.964234950579804 0
21.71723785418228 4.3866566662175 0
3.193853978309558 1.185515917939028 0
1.276237304493463 9.175062245994882 0
15.18624126067655 0.7291073906913573 0
8.207511399996546 0.9397341271679078 0
9.537639637183576 6.937421749808951 0
20.74565336511513 0.6941876170046157 0
9.299130817802698 4.542505601611717 0
0.1059405251711604 7.233949447841705 0
35.26567529007443 1.499523297559717 0
10.36054357459765 7.084068449087844 0
6.516864102674117 5.40612979691996 0
5.388225799741321 4.280076305653231 0
5.791547137073873 7.285390057715843 0
34.05682675749441 9.366220876291592 0
34.2884084232082 9.351288881788184 0
32.22959713048571 6.699053277702709 0
0.9653621747085893 3.3619065560552 0
30.31804043477877 7.378573905593796 0
12.64517189061739 2.245713311206644 0
7.400147047547409 4.421816710050789 0
19.16559448413548 0.8929894275253902 0
19.02648110918112 1.113501644402713 0
15.22364897466153 9.886236676686433 0
15.92977022289559 4.529327900314275 0
4.821406199705891 1.091107250267757 0
8.798022905986407 7.317289330312118 0
15.98779888602061 4.737510005478158 0
7.272310004400943 7.60044033073126 0
5.303886229033588 4.151375468040047 0
28.96047517125208 6.637893020244225 0
36.65427289163162 2.370718902691744 0
35.60746842754823 8.016777810544628 0
8.526152754370269 3.037591556903829 0
9.59742711268607 7.091741666360003 0
37.16099462759288 7.581623247991054 0
9.029059706821061 5.643611707070025 0
26.72349800864616 9.896526531788481 0
26.72349800863261 0.1034734682095427 0
5.262846053382121 8.537224421641307 0
10.37532502311575 7.62816229856858 0
6.106398506088439 7.365125125244721 0
26.50075341523811 1.66933831687368 0
6.816220022992987 1.968326201554886 0
7.231648457559234 1.738947771706276 0
5.303288002255197 2.274585875808475 0
23.30726837036905 6.89372455439343 0
5.062413769474548 4.284809743768017 0
5.078517175260182 6.804217346315382 0
14.88919524084952 7.869313735477551 0
8.415550975614151 7.350850894780282 0
25.64067872319916 2.705055641442322 0
9.496663667847129 3.158785357969728 0
6.20028901384472 7.518808030061301 0
20.76312994991527 9.894023532689907 0
29.41013605881418 3.975225267176991 0
8.902893530518694 4.667325191738175 0
20.19401265397149 6.125272551707314 0
20.27035784136574 6.337131247361785 0
9.617917006779075 4.963877773673484 0
10.5966632722616 2.855591608035769 0
25.75474245915218 7.978209054543172 0
8.267900377747917 5.713121803569874 0
27.16756414289991 3.893256180510952 0
27.30839051957119 4.058105434691219 0
6.716424989887663 5.328073909239519 0
7.989019996191872 3.443399693010592 0
8.669544236499812 7.285679160745798 0
8.276888839434623 6.400830711410996 0
5.710542058243528 8.854230052859842 0
9.078133877490908 5.712272016444994 0
21.76264664144342 1.710615537304316 0
6.626800466276214 5.616074926117452 0
30.72540715189285 3.301565570052805 0
8.280073857325197 7.910591569610371 0
18.06153324707118 6.83774605730884 0
9.431340629036717 3.021372237050617 0
8.317218559794606 3.39557651446456 0
12.65275332833104 5.658518213117548 0
7.751457269688776 3.496831581732808 0
7.054476355906405 8.064616080151483 0
10.14553468175447 1.533142699839904 0
33.30131106016724 2.092448268870173 0
37.19812965139476 5.581863948324433 0
7.534082346550671 3.07073259986298 0
7.248684183885559 8.045011701744826 0
0.1115502315711427 5.768999094604727 0
36.99043524047322 7.982362142801325 0
12.24862272794659 0.1049627061517118 0
4.224674444098929 8.908639417360034 0
1.143133320217591 7.68984818798689 0
18.76713388542304 0.6648027743851045 0
9.25390604310739 8.15090970603354 0
13.71473312383343 8.121878645569852 0
8.976728171684082 5.801515996228972 0
19.01616408613673 0.6504979593162828 0
35.37540444461725 3.127508041460744 0
35.11474328005005 3.115405356898535 0
10.53275540073063 7.342066318330079 0
9.521834011650926 7.666466083766754 0
31.69650952193089 6.656612092240884 0
22.94948625126575 6.572169023512733 0
23.14460279924795 6.392610262381338 0
8.552472590952712 5.51596626429152 0
5.165484416526935 3.854069699463619 0
6.779337113264259 0.1038156874514505 0
5.404289406833499 2.711194592455441 0
18.72751748354423 6.494371288843432 0
29.63553183900662 6.567106585968858 0
29.51675812334886 6.400133596503697 0
13.68176498730765 7.879427649446254 0
4.219597249518778 1.605347625862678 0
25.69115411138404 6.698429920932401 0
8.552171173395712 7.388907656331494 0
8.263735484894356 5.791340681176353 0
24.48207101315293 6.263566630659214 0
7.084398853545008 5.043877941772121 0
35.38266982537142 8.520805537266462 0
7.834773676902572 3.48016243398015 0
23.84831952829062 6.883167788720126 0
35.77280417520542 8.174430826096401 0
2.802647160456735 6.839767167156542 0
28.51576912528474 2.409569817506703 0
28.56265343933069 2.145878743195727 0
27.09720560538659 9.299450972281505 0
27.11925229114189 0.7089020301993679 0
6.011385818467283 6.531089032683202 0
5.368133437891811 4.667881312990659 0
6.442152207203608 0.7114427199726342 0
28.61658064208502 9.543355932149479 0
28.53036872643653 9.749004225400842 0
28.6126929301163 0.4713230084842299 0
28.52850636382996 0.2498759547768366 0
5.42544500387291 1.83505133714327 0
1.351708367077626 5.251308981753465 0
7.721794566461685 6.086276631575235 0
7.432130774272729 7.827808872677825 0
4.765617421424383 0.09777526703398341 0
39.74476406407282 5.435476965361697 0
9.081091815569803 6.831898638359306 0
6.762743434538482 3.032473903324561 0
8.621126052582786 6.033459975832835 0
9.304498545578971 5.896813105213312 0
25.28137936066999 0.8788810203217124 0
25.28617954586598 1.078234254211396 0
3.423653674216027 4.071368367334546 0
6.28690809663347 5.34641979083041 0
6.945969149298999 4.598872586507633 0
4.837141874015671 8.634563311373521 0
28.85499711577941 8.06478931618968 0
18.44970712301058 4.470518850382803 0
19.47431709312714 0.2201063473472391 0
5.812785559417253 5.474108226270133 0
8.137715661315385 3.317034637556898 0
30.21307679049796 6.064364558514483 0
30.40934964376275 6.205060123497357 0
9.22241397412237 6.052380308480398 0
24.01369646924169 6.404598591283279 0
24.20195840647333 6.59354587163687 0
1.999711055209453 0.2382996289230362 0
26.21387870166555 8.448920784884843 0
28.45526183216053 8.045520028661775 0
9.206215801737855 2.929662472720156 0
39.03799352615354 3.956738697482785 0
38.82254073077124 4.035698358957101 0
12.57216488240301 5.282010010854767 0
26.47127765309434 0.4651157382855828 0
26.47226141894008 9.559807482657249 0
29.61161008211298 3.982948031585436 0
14.42558477569962 6.610337879236656 0
36.24221422691375 2.380749548285498 0
12.50811694818474 8.867233107260674 0
7.649480029475272 4.742428273718308 0
3.916238417455588 2.857545922207324 0
8.011977265465573 2.722694341512111 0
39.89844237187219 5.242628988772157 0
39.89181205978198 3.241198844914556 0
33.34710639011339 2.34567289383994 0
13.00847988238924 7.054845444674055 0
7.584327090216298 4.433079490686445 0
29.78401950318656 0.7083306843356336 0
7.537138234236584 5.091912392028233 0
9.150705532226905 6.226880479384558 0
33.99011598022535 1.940566603290335 0
9.214778214451988 4.5156687517712 0
2.633551519170799 5.025584293946356 0
5.930067008825588 6.65263947437418 0
11.40591140119358 7.461673808660726 0
8.449214803881228 2.916919455340218 0
29.68559103356333 0.5399705320141313 0
8.947553891774165 4.102108076464383 0
26.65176472239289 9.170054283045515 0
10.66831051131436 4.630296082217918 0
23.1951260352188 5.291179802885432 0
6.656270267752579 0.6276180936596555 0
5.459420740011667 3.760091551668546 0
32.76826125812657 1.465775911410489 0
3.809119057358707 1.664405391664437 0
33.0712570286916 9.704934548035563 0
12.6659879885799 2.006137561332446 0
8.617666739691435 2.997360745136673 0
20.57555045632406 9.721040292696946 0
9.488902374294536 7.35024651071712 0
3.757886485627614 6.412178521003444 0
39.55581587775165 5.041006014987626 0
39.77427826756016 5.009980129259842 0
38.3383275491279 5.408970070615466 0
0.09686674877873103 4.24215201639739 0
4.275923995818139 5.757112474217812 0
18.24999999999995 9.899272273944275 0
18.80208653287101 3.457613602365988 0
6.337642368141719 1.873831400331574 0
4.911783651569817 4.310664088984445 0
2.947956632801068 4.231062727845625 0
30.45690539861116 0.438326914952154 0
30.49328170536776 0.2089967082117898 0
34.61753905556822 5.54567537791872 0
4.974484275571249 7.106992132848585 0
9.335073381342534 7.39294455676387 0
6.802193428071537 5.51697206033496 0
37.42115221061417 3.481936808873549 0
3.386831642660054 6.042612070664075 0
39.46222158326106 3.833861470686222 0
6.824515385001848 4.033851545046691 0
21.52096463838927 1.729226127125519 0
34.44561897156429 0.6255577228861536 0
34.661456652839 0.5868523851407587 0
7.107753823524621 5.336586265567558 0
23.117179792403 0.4684972644203438 0
23.0339147974701 0.2380273715048791 0
28.38256023715981 8.927638553432448 0
16.96541360242659 0.9838505243280892 0
18.50044161634313 8.072080543833325 0
4.019324418431329 4.977874732827741 0
11.31811851135722 6.663267944971714 0
33.43908967609664 8.954288274756321 0
31.73854101056613 9.897390827685584 0
1.329589966410057 7.719690388160866 0
37.26242655278429 8.010268012919408 0
6.84543204778542 0.7905958162463117 0
6.559076388601664 3.667500293119462 0
8.620173494122312 3.98818611050624 0
35.74999999999999 9.900995404295871 0
10.77352627919691 6.409435466561567 0
13.65599043601038 0.6338889973686553 0
4.37647189997706 8.152351093324265 0
30.06502381004059 0.2610505327412334 0
14.86145898525707 8.953215116543953 0
1.432376858308024 7.923157416413406 0
30.19531416995092 0.4903807394815975 0
18.25378895084251 8.160764216328944 0
13.40776955894601 1.655582476886794 0
29.76431520094154 9.296289823239141 0
6.839533793591017 4.614839698981631 0
11.46401624197802 6.769162309657101 0
14.62067589666788 6.528833192484932 0
16.05814744871433 4.334018725858021 0
6.765918362789106 4.53587255466756 0
8.045779903647924 9.753761969290398 0
22.61518216007162 7.965586968347876 0
6.737377153180432 0.4718510210549887 0
1.00035016028009 8.097506498174839 0
6.755967110917112 9.912554971468756 0
6.583663799059523 8.34475348983025 0
29.17464112200187 6.632528684862801 0
26.22920337307848 1.999323795199886 0
26.13260329887796 2.233727283577056 0
8.754208084511465 6.088440592884505 0
2.455157512458075 8.507655729629882 0
12.13709063894306 8.123250894565489 0
7.636451597569535 6.048740636110051 0
7.895471796618602 3.380850351875691 0
18.70160729905443 8.224500397042338 0
30.1829592020692 9.517402815122919 0
30.05869906524815 9.744334532985574 0
20.18046373326701 1.582015714894663 0
20.21178321868342 1.377179551812165 0
4.011103950846753 5.611318390275436 0
4.78001474605254 5.557491193083229 0
12.41339111435683 9.061633114207956 0
29.66676892748768 9.462285345346556 0
4.993094216703082 8.78958130370571 0
13.55650266949435 1.781452736211277 0
4.878618856238241 4.475383806272824 0
8.406809484952264 3.893812236596194 0
7.776118616000825 4.787024824675219 0
5.130148766498628 7.18065763114986 0
10.32245158823123 1.487483482212158 0
25.24812813059232 0.1046887676254537 0
25.248801851491 9.895686961446334 0
24.9983171390122 3.364213584914467 0
30.50223071572066 3.375706174495872 0
8.094256765317638 5.50225810030916 0
26.88374522149519 9.736116979173261 0
26.88375359965378 0.2691740341053568 0
7.767292175126012 2.724251168108503 0
5.24143461825017 4.709863490703893 0
32.02268371058089 5.45448233449197 0
5.276996617718486 2.468877710082645 0
11.21168705395842 2.792670228937243 0
4.808806512205715 5.697777515655023 0
23.24999999997461 0.09666013144037827 0
23.24999999999994 9.90333986856095 0
18.66647545931547 8.471094784605558 0
17.68288864291655 3.077565339249237 0
14.12720134117757 1.130949925718871 0
13.68647788893288 8.64189191960955 0
37.75986524494074 2.004157963127687 0
4.089998584281719 7.550347754571564 0
8.968494713440917 3.921333869138083 0
13.90924344799691 0.6134401260501005 0
5.863183815820316 5.589712897831184 0
2.781444870230168 0.978534374562026 0
8.139060872929418 3.118647129746181 0
12.84850709968502 3.816016082229056 0
9.930088907164619 7.370567715898548 0
37.66248074700556 6.443956919858478 0
25.77752446262706 1.523258751524511 0
32.75577295799646 4.343562918136262 0
8.13875294032181 3.633727245339647 0
12.47960361605101 1.863950755098601 0
23.78478656795656 6.460756941957771 0
7.977734285214851 0.9583601079566905 0
38.60693471469843 5.128987400914135 0
28.74999999998295 0.09504547577614569 0
28.74999999999996 9.904954524224383 0
7.115597763073791 3.051318897127688 0
25.88554946783627 6.851131587116623 0
7.000632038508372 6.97330061055498 0
7.853210402319845 5.411448263608904 0
2.527140283548226 0.9886839159475983 0
12.83833374421206 1.940561662718983 0
2.449404771370145 5.113985091425739 0
14.84442178940852 1.536640905122126 0
5.415514685809963 4.526371635758481 0
13.89043821983176 8.493944487462276 0
10.37316113009415 7.268737330775664 0
10.75621097524476 2.768400569541631 0
9.435607841105471 8.749052791716077 0
37.81112877677338 7.989848854291956 0
13.77148457752029 1.672916964601538 0
8.998750821769645 5.15082160568829 0
12.92588178694841 3.43832876170673 0
25.76543356672771 5.546478834548121 0
25.54794909037655 5.62841839131903 0
31.21847823924513 5.538241450883174 0
31.03380797329696 5.641410950701435 0
3.24105308891693 9.906180847916339 0
8.560313639336929 4.183840040309203 0
15.67007771374822 0.6630917651040493 0
8.950281665351076 6.976633556430182 0
13.99538289014879 8.905289115179576 0
30.25005447502328 0.09383033938905833 0
4.636976683017667 8.713295008524689 0
8.176543193059473 5.882302851779516 0
12.55474592316296 3.585104444892019 0
8.94573448466465 6.8398625787644 0
34.10064350118629 0.4838117027437907 0
34.01409256326756 0.274091555278316 0
25.34709631806921 5.508283749370065 0
23.04334420415955 2.074237350726804 0
10.01762610721253 1.434721128783705 0
8.630236079302046 2.861415029728256 0
17.78383048285232 2.398983362704665 0
8.523245187571343 6.524294273455328 0
14.25379054295238 9.910238248262404 0
14.24707294146167 0.09089053200349817 0
9.755747803364361 6.629852652996295 0
17.56663600919353 2.306520887320605 0
9.422207497695872 4.80526593710626 0
38.82338041072116 5.350487955019349 0
3.822793279983726 2.671745102326616 0
3.244020648746803 5.990973693901331 0
37.92767367734001 4.025729774021911 0
24.15672269781184 2.028844791530878 0
24.12669310306046 2.268118630222844 0
2.223202136880426 0.08637048485448406 0
17.58149322835407 7.836123611868675 0
4.767795341602413 3.071996993001152 0
17.16286213523402 6.653795508244568 0
33.2944357363068 7.741761248571898 0
7.640508558004082 9.016890451297458 0
7.330367925507633 4.792402289082886 0
8.740302068597186 3.926912661956183 0
9.594031601584973 4.528050202927782 0
10.81702400421448 6.952558410478892 0
8.246374685421967 4.331181918675766 0
12.48835361145211 1.641576265519119 0
4.531515236217312 8.318682592103821 0
8.217353324845119 5.677031311910852 0
13.4611667064006 6.618805234780321 0
11.06398859806029 1.415861740347808 0
14.39290641763087 6.160449541929903 0
7.983624965350013 5.057193145220373 0
6.594064182829686 0.2561368501421437 0
8.702852206180925 3.096658085229225 0
28.89235101207932 0.4581252671290159 0
28.9748311124599 0.2366782134216226 0
30.24999999999999 9.90977480444092 0
3.108280018381739 4.135330421392045 0
10.53631501806907 9.454180422210699 0
32.99688155172888 8.942037784987994 0
30.98989105566806 9.76253023903489 0
9.303949506962866 6.005647267576837 0
9.064222219954551 6.402298972909989 0
26.52105854944224 8.839221691773558 0
5.559382231901698 2.555901476671851 0
10.89069563830087 4.237353000329473 0
15.27159258670224 0.5391892094972736 0
26.23159570273882 7.999384374538611 0
39.24999999999883 0.08869066343424764 0
39.25 9.911309336565902 0
13.18043221665567 6.080765825740147 0
12.8457325986516 4.22226912248063 0
33.57372755606725 2.427437241902891 0
33.74999999999999 9.912033071228105 0
5.466147405793357 1.243552684704355 0
12.35544481606209 3.602143728043123 0
24.68153690345662 8.297226745515076 0
19.02150624733731 3.484213256110444 0
8.199833877937985 5.816221905735566 0
19.25181881287606 0.08982982752385203 0
37.24557461462562 9.904316126285048 0
37.24558579172258 0.09557385502458322 0
30.96131200324434 0.2349842891223948 0
25.88459310139849 8.190943083863161 0
8.737449826761287 8.324210300275048 0
9.020860668443218 4.362839275097655 0
27.60287767810936 3.361548438596429 0
27.53085271374639 3.186992067576076 0
39.7294260891553 3.011766413560135 0
39.49846055485975 3.083849755511421 0
1.074461651967346 7.463535969613136 0
12.86074447703678 1.699864465733943 0
3.61870294796499 7.506830501119791 0
20.6195720095816 8.093517409823708 0
20.57039052225838 8.316969300972913 0
16.90902246939932 7.061705705723452 0
9.444166630016033 5.356846826021024 0
7.891178763967448 2.667780592828058 0
17.6571786244959 6.646069834198269 0
7.263040951283537 5.101080635046094 0
11.13463058156142 4.34560074503027 0
38.96571707302034 3.539880099061138 0
15.51638853433897 0.5015517947527016 0
32.52406853543309 9.140516885817956 0
32.54023124168219 8.904040726302766 0
15.97727408840356 6.696344739677024 0
6.170024315380718 1.831644433222151 0
13.08894677429281 0.9795379617450797 0
30.44860827156198 9.564869087225278 0
30.49101480140759 9.791800805087933 0
19.25101183580153 6.312907620813704 0
25.51484808614423 8.829690332031349 0
3.545600173379864 5.290671765400902 0
7.217072001248348 2.726102642648558 0
12.11089073520508 8.360355727022329 0
18.57441473870982 6.073422434811074 0
2.416470524168244 0.7980752406127714 0
24.71065384671392 1.392810158380173 0
26.3353070114511 3.05988895297536 0
14.60976308305175 6.289188360336868 0
16.67756830118926 3.807487094995167 0
9.980517808281382 6.041071537834374 0
14.12282381441539 7.444448501446673 0
8.894257155706699 3.973407660001918 0
5.4162051021692 3.593035667127 0
10.15047666038406 1.057411311417681 0
9.337233787615808 4.469893147240177 0
7.763004308632691 3.057417743083532 0
13.34333897911382 5.005099393019488 0
7.126714256068277 4.435854760490275 0
37.42432193370101 6.540091815780985 0
7.787513204056012 5.419408501625425 0
7.019195936021545 2.810878741801978 0
8.287262768156443 4.301283626686581 0
0.2423328188795297 8.055036638779461 0
8.951015811213614 4.374801951303778 0
4.157328552862752 8.246872236449809 0
11.75826732996389 6.899550844214875 0
8.951796490780293 6.236430369123039 0
0.4779203578105972 5.959866610728448 0
10.89494106802683 5.934894871844537 0
13.80965468355156 9.31283206158119 0
12.68323751378991 8.036306288815609 0
13.11154030085306 5.695798381614612 0
7.570027848979 6.381294481236846 0
13.721611174723 9.490272949231992 0
5.85761296455901 1.126045693987866 0
20.72799676788013 9.493687197659943 0
9.008909129109425 7.437273625346021 0
1.820077004512355 7.294261574679022 0
1.453894289272117 2.460184210051767 0
7.493230764202566 4.613459542429269 0
8.264537514070492 3.313469226371355 0
30.63085696157781 5.702435614877136 0
7.900305679790795 4.4854305885944 0
5.315237830346336 0.6275667679163265 0
21.33546433373938 3.72488872906454 0
18.03630872403459 4.493574196407004 0
6.925631876172037 7.598828174625321 0
38.06082032224015 1.649232955869398 0
37.84444434082742 1.542494822444216 0
10.85508747743011 7.97245449791843 0
6.96533851941201 3.870113402620281 0
26.28790500712544 1.341548553852506 0
7.057806810418987 9.347165662676813 0
10.07624193067795 7.280751255308967 0
29.69425134694 6.993510423234693 0
33.22622296387878 2.847241930533961 0
8.052673752492224 7.494121236189584 0
6.204709256432674 5.579102222437535 0
12.93380458222186 7.455449106389398 0
27.23761517095259 9.468758286045565 0
27.23762354911733 0.5365327272371834 0
29.42878614435529 0.5143830763074332 0
7.090740797079715 4.50337812604043 0
22.9363462815104 8.983153280291161 0
7.093702886104372 6.610495205535077 0
11.07663375730259 6.380559262116431 0
7.572040019831667 5.466492551118779 0
24.88665672912829 1.188886857744904 0
12.65373628917156 5.083643046489827 0
9.585384265335284 4.408873557955935 0
5.544959591237148 4.282787905649665 0
7.100151557404175 9.123929765461231 0
2.852108465239445 2.896517726213309 0
8.201265669125167 6.262716517620945 0
5.15247231448988 9.147158964811483 0
11.34794129769608 2.69711729128776 0
7.545132841859679 4.054779373136734 0
2.816438730931127 9.014053421874042 0
10.56436436178474 2.551243969195496 0
17.91743333992609 6.631740979040529 0
39.05249688531286 3.161063480217443 0
10.87211844721565 4.392294289395307 0
32.36564504876777 4.194817943011833 0
15.25183661585732 8.075021888984049 0
8.932613383034814 3.842816929204396 0
4.642072833788068 5.498804184183868 0
16.59798813777432 8.971855783720779 0
8.703855954521595 3.844789090730958 0
28.97063632878784 9.762650202664913 0
28.89018157776966 9.55700190941355 0
13.08720916599164 7.281133550923234 0
8.038482513979805 3.817054029040952 0
18.03355030402274 6.426892818014331 0
21.19727866501075 5.281249801794658 0
8.130274749692154 7.621204574342435 0
39.10988538703223 3.358556849441308 0
28.7702807610852 1.325320570122361 0
6.582661174568234 8.908054409190564 0
8.035862944720476 3.067384737137188 0
8.905871783489056 4.315566634852655 0
8.100714741443033 5.327684941823894 0
36.97276237192862 3.198198112224324 0
10.19825426393437 7.943122247676428 0
1.882753347051981 5.857537664200791 0
14.89288618206172 1.016213666253362 0
1.842352429290845 7.522328603519789 0
6.321033904909231 6.23082680741557 0
10.66743671479332 7.060442636320335 0
23.694810199891 6.691522283084169 0
8.341297448547783 8.062131969169345 0
7.541531891543478 5.675508466193496 0
33.49465639546455 2.879359106760696 0
7.236278628198854 5.021585992637063 0
5.064055206637516 5.649019043129777 0
13.28520851588925 0.8603246148923148 0
7.795825353169273 4.013158237302862 0
20.10715841414775 2.544659259739476 0
5.401025612320301 2.553207632425545 0
8.551272237433833 4.48442671385001 0
1.423300295090035 5.022267404110988 0
7.875586575558118 6.072803970471269 0
6.754287996041673 7.59740303441145 0
7.267407507897427 3.569794771200941 0
17.66034264360523 4.542870062854653 0
5.093724657241786 0.5925517754491924 0
8.007566405442686 5.150872227077802 0
28.51081019430555 0.6489637131316944 0
25.08619656582543 1.24119538159152 0
7.25888936134595 9.405889261637626 0
14.83988232773988 3.954797357196951 0
14.89380849263507 4.150899261347469 0
8.743295601264597 4.543847453489498 0
29.64526184286145 8.013961617674196 0
33.18546684953839 1.294553505313167 0
0.2644153946293465 3.526038730850907 0
8.43609872948659 5.813722686980827 0
4.65493843115333 7.219791585496878 0
3.460362373553577 8.801132895736481 0
6.704048345785394 3.634244241587088 0
0.4874553198576814 8.0734038508882 0
5.937605136606687 7.380747401451988 0
17.82656964376864 4.384047566035249 0
9.601647531086609 5.814296990558042 0
22.21218350011219 1.276303561066727 0
37.75451841941764 7.783341396297312 0
36.95811511333655 3.426212453224551 0
5.540332097582986 4.061453061965401 0
5.546742271533998 5.238670477308762 0
29.64855811549688 7.238688471848408 0
20.68560366895206 2.639797281793221 0
27.19604805162054 9.064768888370509 0
27.2288442605187 0.9455950981720788 0
10.73166421018523 8.133421055556283 0
32.9083788024321 7.284212033392006 0
9.254048403554782 2.797752735709647 0
23.30395077488251 1.360868781344226 0
3.48260291821372 8.21576686502997 0
30.795323744296 3.042558643563863 0
20.50406767334633 2.538569691860749 0
3.885535056153332 5.882750698666594 0
16.97012882045061 0.2603421776164638 0
16.069327378972 7.994034843709332 0
8.688828008007468 3.484307988112755 0
8.089606721517747 3.229223093250568 0
7.159648075657695 1.046378773422919 0
9.102919971826974 5.324094060170979 0
1.394763572548043 4.651960719702677 0
16.92671122703717 6.660486374137281 0
7.321345880769173 3.679214723212994 0
2.875093858506681 3.272309106745198 0
37.87757179468797 6.618459904620053 0
4.525991019811661 5.588982842873873 0
15.46891416558548 7.742799244988461 0
12.78379552350043 3.003027200827125 0
2.619251586198142 4.819004568249079 0
4.002231954960862 8.132295972250157 0
35.48387596928775 2.255266537680853 0
5.355365185273794 8.866343466589365 0
10.46123355281453 2.417704506944963 0
8.743337476747159 5.456301467048687 0
5.513957813607781 5.108766149524306 0
15.74191574976196 2.398312657196604 0
8.418082374219146 8.343365840545365 0
10.77264219733098 3.121831689379088 0
11.21834002929907 7.456901657778885 0
9.486277023827379 5.985519378337482 0
15.66779890381546 2.224380556348092 0
2.436567855248143 1.893946762607672 0
5.799661611172191 1.699218890250717 0
9.733535977889703 3.050065853385674 0
5.782529277925889 5.214642092631142 0
4.624800013111561 5.332478955410094 0
7.030708523509388 4.869909861442113 0
14.15202758613129 5.103238149191498 0
12.99653889748313 0.5639042814730423 0
7.131333692900411 6.986824420936187 0
8.61492708089615 4.170703945888458 0
26.81807360960783 4.185100942335271 0
28.65558856684717 8.172581310773886 0
8.798696098554339 3.064083046119952 0
4.956035569682204 5.741801409551864 0
33.40260144244549 8.136309098170008 0
12.26216791989941 3.783902521119931 0
5.468599451236385 4.886223242931361 0
9.548048116340352 6.309475878898868 0
7.659697681468259 7.192503222885773 0
29.41203952436074 9.485421295242432 0
11.60258291442784 7.027111000779501 0
25.23942044434738 3.27964112286418 0
25.30452994426659 3.020349138856636 0
14.21211951348655 9.524741513320706 0
9.015785426028271 4.949353079785442 0
14.07655689132418 9.750901190522306 0
6.975586586573825 7.186447447709155 0
2.606789831503556 4.437672081249068 0
5.64610819406775 3.205588451423704 0
10.39879890245359 1.329920089915898 0
11.13531788219634 6.745679472711701 0
14.00967420890369 5.276335250895481 0
0.445783439975203 7.035039194804329 0
10.54115556125353 7.51386773595515 0
13.71420519037168 4.965425783255547 0
9.727221829780712 8.548285424571391 0
34.42924408284384 9.533566606367119 0
13.0846880874431 2.65676610774505 0
8.040995264222142 6.523993959490926 0
8.000186713744533 6.625696649753503 0
28.37805213560917 0.97464732043225 0
15.52296107094474 4.658303132141897 0
5.477725882362442 4.762624123039108 0
12.30876116863652 5.500911310799669 0
23.6653238950435 1.529849890082006 0
23.86816585411487 1.667903186244389 0
8.580315347195985 6.621527810586194 0
36.12743587432209 9.004630067973748 0
34.68701230304571 3.566791295362931 0
18.59827835609705 2.028930560160178 0
6.903019007537627 7.053921257317285 0
34.34717637327365 6.348635083701154 0
24.0764836277264 6.167080526843775 0
24.29639008083813 6.112957450077019 0
32.44230560795251 6.248226706293985 0
32.1964746921858 6.230501132347552 0
18.59055785791205 2.28398843241686 0
25.15293648338669 8.51190132096629 0
37.21873611352015 6.430594372491089 0
15.68039037689891 4.462674245035489 0
5.983047696715552 5.598278655676414 0
1.747086754441619 6.003925797783435 0
12.6113966573105 4.21320110920883 0
7.461989833522736 5.706229902177721 0
5.483686389751012 1.008012171025607 0
36.04057627053861 8.109530385622909 0
36.12248494426559 7.879500489413668 0
2.965586227277543 4.427039083806367 0
2.091826284037035 4.472189563143031 0
5.178371416959238 8.733533929848074 0
25.38270213121787 4.525235636056673 0
21.80902566188058 1.324255844478451 0
6.392668913526426 3.964884827421538 0
22.89959285875855 8.281989346568638 0
26.9031334712229 3.532044748328172 0
26.72125823738392 3.406971302439538 0
10.68348073422522 7.237532116340742 0
7.438984997630055 4.662590531917595 0
15.30282948161926 7.824698094301109 0
39.05767589903797 9.768731118873516 0
39.16414129977741 9.566740155816907 0
39.16414129977655 0.4332598441833919 0
39.05767589903669 0.2312688811266956 0
0.9014989582702038 1.513033626703231 0
7.250268175468804 4.534208079231798 0
2.490287246565002 2.925737700932168 0
7.069245110817486 2.684687583407833 0
16.89524320316676 3.776882402478739 0
6.911494094027034 2.85381362277983 0
4.597625317255315 0.2644528144220954 0
34.22434479679954 6.567660649184016 0
29.68167053302985 2.034227377268559 0
5.456321313294232 0.2453433912976767 0
6.074971758469772 5.387396666334983 0
9.232226698806944 5.734477960660082 0
18.37988795415119 9.54809136938608 0
7.534220004860774 4.768783086305604 0
11.1812475496097 6.105120329078185 0
3.526311175395244 2.877181332913181 0
38.05544727554508 8.078463127859672 0
7.623265974904811 4.008181678054696 0
6.390186074067985 3.822099326954831 0
13.87175913345622 4.820324553236396 0
20.26004813098997 2.929660059194892 0
20.27708628618808 2.674697506658566 0
6.918610604894035 1.633570026692352 0
25.93500387761823 3.096232498175583 0
17.38234431558227 2.777987144710341 0
39.74422386361412 3.437875492257661 0
25.1450338413312 1.475119335341463 0
7.484539730725749 4.537324158829315 0
12.07506121742975 8.81626995633953 0
7.453453696418019 5.792674050881668 0
8.07234059238076 4.418100300526635 0
16.23209029971423 3.894124631768608 0
18.603140418789 0.4810980960021017 0
7.67135423449584 4.400553171717916 0
26.72492978489329 9.525230715207508 0
26.72927338828763 0.5003746482220989 0
10.53646477729159 8.087257911601801 0
3.160414248700705 4.515500468590763 0
3.885803758652513 5.548826757726101 0
9.537428111097066 1.879071907821461 0
26.11770291504759 8.203815910005973 0
7.88544560327944 6.308784802974006 0
18.35463380569722 6.181677084278502 0
7.58934228828297 9.221756240134541 0
28.37302600545381 1.987014518476836 0
5.608296762317223 4.186099395097806 0
4.009400941575739 7.90402315674277 0
8.777311863965137 3.799439239723799 0
5.326423595918355 0.8668634034681643 0
25.7942429546762 8.42813571875873 0
6.074200956173248 5.512634444209866 0
1.257278388883252 4.467626055241432 0
9.240737400043649 6.168347601510454 0
3.605008826634611 2.686488585612431 0
10.06603392175374 4.080304301497692 0
29.64429128809448 2.29256151542411 0
3.415652001850033 8.41182122685572 0
5.038783452647019 5.502366868949081 0
6.30063375264731 2.189793032719467 0
25.32149891680572 6.351915830447567 0
7.622562901316317 3.911860124340271 0
7.754392355855337 2.849310429579976 0
5.905923847329228 7.52110289433756 0
21.78874144315218 8.268282049898982 0
7.355495243651937 6.234497646590075 0
7.709352730367889 3.86881613002077 0
11.43636196962407 6.9382057671458 0
2.049374869898092 4.709691690535172 0
6.31339120758296 8.158521293240913 0
18.72967251341368 3.883144739276048 0
36.32747777579007 4.711626279033609 0
36.3791091543739 4.973749061879058 0
35.07680618691355 6.806411284959694 0
12.45949416902405 9.7548554881919 0
14.96745914331565 9.771320165655093 0
34.71045912850368 7.015599543470871 0
21.19179622181383 5.552115267057917 0
18.84190696934532 9.136163314447424 0
7.569798662794333 4.508301539651724 0
13.19855447702117 2.469218457870044 0
25.77950034093423 8.973353836058429 0
9.592048118581177 5.639103491198536 0
39.03053389571157 6.729331940880272 0
7.79309790314191 3.917191070115424 0
39.31055571718572 3.664902998662527 0
39.3410296201769 3.447144510228615 0
1.920289792601122 4.367205242931908 0
4.840387038052821 7.231339577081035 0
8.218174900896326 2.834813132418815 0
9.303432621826483 5.679377788741422 0
21.70611639204326 8.633953302686754 0
24.45042649727284 6.506636987779559 0
34.96318189632967 7.008200752804974 0
14.7864079999622 6.196301616975816 0
24.48672901023085 8.138264466739669 0
5.695406957754511 0.93975633138951 0
21.8837227335029 0.5048374704364438 0
36.97748701926763 5.688796916775658 0
2.750620303019284 7.19415868522299 0
32.57585720669817 9.51538494452751 0
7.5319705454 5.82076482076523 0
8.270832631555622 3.492807731484882 0
9.155637577843818 5.688601863731016 0
7.84914569282643 4.799123933918245 0
9.33524006406379 6.222833108278107 0
31.17100541517017 6.040383887737991 0
25.66610186439872 6.039603334911757 0
25.51424236161012 5.870107637338887 0
31.00127904630314 5.88260416288487 0
24.677094361853 7.807768184016372 0
9.408717650263377 6.056085240597446 0
7.57086114698622 4.64142317456771 0
38.10352401243113 5.442551036536401 0
37.9516941068544 5.254829585163278 0
27.67165371505545 4.148718693691755 0
27.88946952781592 4.128449755622263 0
4.901972049538532 5.454862912799374 0
12.36822842784594 1.249820475074171 0
1.224523689335495 8.903238146325586 0
7.517218147638343 6.467520579323111 0
15.00446252839594 8.101348668601817 0
2.124391495095429 6.348789542910182 0
5.312471363030173 1.327781776796591 0
25.86763072225828 2.605688026099553 0
10.08202902840836 7.634826049318511 0
24.79580824836281 3.209009957470996 0
30.3210767940022 3.212957473176308 0
4.739103609411948 6.742489642436548 0
4.393924006502876 5.504343384410718 0
2.053603648060613 5.975384531053908 0
9.658324197484154 5.919836767459127 0
8.167303839583294 3.519762370087221 0
35.20966140034545 1.038612614063063 0
33.27404956961779 6.33138430995665 0
28.67027442015385 3.871121454775474 0
15.22450626855011 7.347567999570821 0
4.720838451247519 0.478661687097915 0
31.96848661865923 4.044444078327326 0
6.864307489637323 6.803152653487833 0
29.03418990444791 8.207620396515614 0
18.99520315009682 3.920920032103014 0
9.620401569417027 3.734964534260133 0
34.88212533874937 5.664453323294073 0
8.21257172667327 3.702438017728785 0
8.624444648036375 3.40231942200991 0
4.490957059349504 2.034671971336024 0
5.041652948724098 1.125558000548469 0
36.94391116896977 7.737319323359738 0
24.70784924212811 4.529798944761599 0
12.14809889455782 9.026157369260645 0
6.75095688756923 1.588392006211415 0
10.8335225413879 2.286210391642678 0
34.41331467904913 0.2354113323003485 0
15.27193309268229 2.44667999620949 0
37.83968832509972 6.813835076975715 0
8.942928623279279 2.369965500716087 0
9.591039419423234 6.007816595285784 0
32.09602811530487 4.220547670860221 0
2.77545062496836 1.789483325461 0
29.05433538933401 4.087061801938201 0
30.33153656532392 6.473874412419125 0
13.49925287803731 9.511009818624391 0
4.88937162192108 7.37242964818286 0
10.23103698284891 7.362674168585046 0
29.58944677382102 6.181196573340599 0
29.79930133090124 6.102426921983537 0
6.663127471725872 6.77814300581696 0
5.349780782901277 9.046500099732299 0
37.66049626871875 3.181907243016093 0
37.43075872779465 6.773506824273871 0
6.658551468085559 6.141546701688473 0
9.507642970239646 5.107737270477062 0
33.90821630279014 9.576120835810643 0
33.97630356011218 9.779645956594292 0
1.062111103449781 4.479722167570351 0
26.73584211068847 8.976493824995941 0
32.83488319480461 6.133729003574981 0
33.01768733743834 5.982248660402225 0
27.12264391676182 3.448407844904134 0
1.091232900357368 5.514509001121298 0
15.41696709080574 2.227281147357544 0
20.14820336631102 2.320504717067618 0
14.94977304804293 2.3107329430001 0
6.387051914786948 2.04775568050847 0
17.33298359037409 7.931115373876541 0
15.08684854379754 2.473985758090397 0
32.0979983264857 3.830453006810698 0
12.69714871680573 1.543065874767923 0
5.119312568493314 1.275530365606232 0
25.363105734666 7.232040750906047 0
25.53545715972139 7.064213254121907 0
38.71087809873478 5.608105550399365 0
17.33813570696305 8.198022222624635 0
8.897832060705293 7.217753903466154 0
11.90556115099702 8.764041810094163 0
5.694840871392914 7.050353689448669 0
2.34588036348763 4.208257468114965 0
6.901340233703611 6.690616539043973 0
18.74266166711338 8.901363931278526 0
36.16095120005227 3.078964479087704 0
9.647058794913592 5.734497421573566 0
9.278368961174015 4.40025656494197 0
15.86223723601685 5.915213979446432 0
8.105416214568534 4.471757702483025 0
6.968039531617481 6.868668909246889 0
5.530546848990287 8.764603543510331 0
34.21636043381292 1.89964061061937 0
37.21855480937291 3.114797083178891 0
39.51325832931857 3.343292167542767 0
10.85581266324211 7.315658057580006 0
15.93378850573284 5.70323793193915 0
18.53190621853502 7.848639418859038 0
33.22710268949634 6.06926404193599 0
33.0009782049683 8.413954882834139 0
14.43326429128507 0.2412434533548244 0
29.99832994837686 6.215404938064681 0
11.7189589711835 8.852692604332292 0
7.187763743528414 7.736518761541976 0
20.16823336837423 8.266823463450686 0
2.211968976892239 1.243051118859558 0
6.782855816691232 2.795407365781401 0
35.52966524968721 9.776214160583859 0
35.57086179656026 9.554854157799456 0
17.03422708504624 3.979780365311458 0
9.671040587410991 5.564327191728797 0
23.45323155216667 6.691027033567895 0
2.44076699762798 1.160408565835904 0
14.32751929342822 0.4489870833633192 0
7.461744305670639 4.746119398252742 0
39.41911736313934 4.633116696827323 0
39.391527358513 4.866075061150235 0
8.5358530511251 5.595853100758911 0
14.39072856954622 6.836285787109071 0
2.578142574184713 1.720899175460379 0
7.312758148629189 5.774359580662124 0
6.182831910898737 5.301936806249498 0
6.476916863342979 3.081636287166784 0
5.16815556229535 1.607144096823887 0
35.46758913030751 3.361541859984367 0
35.2920885076774 3.552829346412148 0
24.91409431747237 4.879761461917417 0
2.825500796401905 6.489279680652767 0
6.376713943648766 8.31818346808482 0
6.367808607446928 5.148364032450265 0
7.191431008301397 6.18039596288303 0
35.79644918080619 6.378970444397983 0
3.9853815811448 4.436750376798456 0
8.507501733760344 5.632875780334775 0
32.4479942535047 5.38927345041882 0
2.270760566230856 4.398915558814335 0
0.2204653188209356 7.01822008525422 0
4.670689584936854 3.761943697514601 0
8.45907616584195 4.195289810744033 0
9.630148164306378 6.391157559447373 0
3.580205342831718 3.396931848085343 0
8.317558934722774 2.077256629234455 0
7.223431033318078 4.451326345004219 0
31.42132084839567 5.676677585158526 0
31.40637695131454 5.937626809829908 0
25.95701812170664 5.714705329623771 0
25.89139314814407 5.966140583967554 0
5.479137910055043 8.565040974629442 0
20.75222095199183 2.206583428833433 0
6.475917591614393 5.099580674318495 0
17.44281583002799 3.180094872148861 0
38.07319908657246 8.358051045150921 0
37.85014864103584 8.464937456238108 0
23.38066664301493 6.461189264960129 0
27.02888798614844 1.109966499467124 0
26.99474093165056 8.910656610117657 0
18.20693792932817 4.371565488899902 0
37.87579347190565 3.26004409422059 0
14.53597449868047 6.993934513830375 0
10.97810367557237 7.027392398041969 0
39.08301006504615 3.721632942890538 0
18.64236889918941 3.662028004004742 0
1.115287927959699 6.996785843172636 0
33.54866907762615 3.125442157004035 0
21.57040372067607 4.744174184901969 0
36.02806256679362 6.334768312626071 0
10.19701309640272 4.566661120350568 0
8.985196077303998 5.889629750525505 0
14.38997680674333 5.170266626283592 0
20.36002770818499 8.401331645668321 0
2.669037884218007 6.378312470447145 0
19.1376079790501 0.4395310795698356 0
29.27963578180247 6.427187288472275 0
19.0347890313013 0.2206727197854932 0
10.97000233341655 1.732326118778428 0
8.272607634729349 6.309333066243982 0
28.84453968117529 6.398591212037701 0
20.07333688571195 4.621463165496135 0
20.8067534788133 5.346071215079195 0
24.68883214200274 4.748326849553883 0
20.24223180852832 4.792626774102076 0
12.6981595773038 7.177927365180042 0
1.662349033877484 4.130178406504547 0
6.775529944881296 6.845700755934939 0
0.2375159234629693 5.983244622334482 0
8.017526299962674 4.431335957599678 0
5.796835317647251 5.735381074301752 0
8.511993883828977 5.54613241983201 0
34.82727687177735 0.7549735406721904 0
9.345026223341605 0.5350479271820622 0
3.524285773848947 3.207796301830248 0
7.548237220915664 4.14309796390698 0
26.6865891812389 6.774132757184504 0
26.93869906553308 6.794130245773531 0
16.82395392770211 6.849353774641048 0
22.24991975257977 1.680336580219198 0
22.12966925562668 1.508218952172836 0
13.48145449834929 9.75017612539528 0
9.421684781443021 6.157303788268661 0
27.26419460167139 3.618146754867821 0
27.47066117559396 3.573978655783864 0
20.53260475876435 2.279377018953541 0
6.341916138280499 3.117604710133743 0
7.208370465817794 5.176831628004559 0
35.66201194347693 7.436533778614463 0
3.74506070754398 5.622173504700887 0
9.085545644866331 2.261263120153411 0
20.75159869610106 0.9462912756765677 0
6.947987369321091 9.769604941666891 0
7.845835708702746 2.950077306783063 0
35.92559348834958 7.524257457157163 0
21.68805153338818 0.6492324938996531 0
21.45980871784881 0.5544410821306969 0
19.07149429126024 5.89899737368851 0
7.834293527957911 6.387409814936961 0
31.90154770569622 3.005073481858318 0
31.73410149470126 2.834117653323502 0
31.10961421730791 2.770529133760849 0
31.35128983864317 2.725987416691492 0
3.061599440773039 7.058881983563961 0
33.98443701785891 6.551771209384287 0
2.728848951281421 6.676194907742148 0
29.29590331046499 4.13467092937038 0
7.665331561771989 4.814766609776608 0
5.495114189722483 6.926850665293622 0
7.231566657595614 2.864928213454183 0
37.21414058918882 6.897040315965377 0
0.8789683582793963 7.028443534797913 0
7.252513754211435 6.26370987795663 0
26.52889473542145 1.267171444565961 0
6.573007577195018 6.873787204472545 0
31.41707625519475 3.097408254881044 0
31.50059902725362 2.888381843001964 0
1.671511320447903 7.630503131549574 0
14.12947196191354 5.474506680394414 0
6.438288612033008 8.022202984407793 0
7.637468012192316 2.895714650920983 0
21.31575530037874 8.742505732976904 0
39.7791561622823 6.525176509675474 0
8.706120249203993 4.117106261394073 0
7.623840634387075 4.86093902100858 0
9.77837974719519 5.930996348273204 0
34.75750084631838 3.34375495536767 0
11.31592946551129 6.198491667175506 0
19.85307195187704 2.603180204290786 0
8.162364425947388 5.707655685509117 0
4.410875641175788 9.039429714585193 0
9.352453785516781 4.936772489942709 0
5.553311855115738 7.057529428722153 0
7.405564377654112 4.8092958930662 0
12.98043748483642 3.649568627497624 0
6.507098327225552 3.781306376021222 0
29.71548085226748 5.476611753612832 0
29.99501906493093 5.424604011198769 0
20.68329048027411 2.869958390513222 0
26.58130722269368 3.826154319288991 0
6.393277947719555 9.035625441991819 0
13.24665315697976 0.6145334499075475 0
20.48471632947027 3.023693353117076 0
36.08622029943712 7.183524910333826 0
28.57359527712673 4.079809919448155 0
9.062857907720202 5.780392367923741 0
14.92108230322236 4.910222016728845 0
4.608010084275523 8.940135986405091 0
25.47686973509941 1.196521124577312 0
22.52253239612706 4.286447047718172 0
22.6420060620955 4.518704669973011 0
9.156079854687329 6.335333637904701 0
9.487879659848366 4.557722276776619 0
10.27185484212725 4.449726404982209 0
16.16827602057552 3.492745349475945 0
18.3451340591223 7.690312139701235 0
11.15847689793263 7.280589206465963 0
4.527072416151924 1.69428716392818 0
1.880061017949449 3.79189333042398 0
16.18678177339357 3.265523588052951 0
15.97407620799447 2.42999520531896 0
24.95098338104185 4.459343294555368 0
37.63103407151095 6.872747100707027 0
5.750029589371984 6.903517037168714 0
1.351516112462467 4.285589707094664 0
12.80500077062225 2.383197379980371 0
4.170686961961249 4.266112347518974 0
1.479346031374581 7.544315417829478 0
5.135065656543038 0.9397743964019054 0
7.425340454683422 7.656625714265339 0
36.09601345469633 7.408157425992509 0
32.42455128819796 5.156400587736058 0
28.46410595786983 3.705140085740425 0
7.235323114498055 5.807676186408451 0
8.545160822342558 4.24268777562424 0
5.662996084099746 5.294589402587663 0
11.00084831516811 7.213402565122675 0
16.15238687241779 2.298144698661911 0
3.354863593392729 3.149827870587599 0
9.842826283933693 6.030702511812607 0
29.33868285880856 3.740812433055904 0
29.2123443003647 6.223489077653326 0
2.943812861851123 7.232096638875294 0
11.32518986375917 9.419651738606653 0
8.500424171121809 4.14737472897184 0
12.13327601930562 5.581397019625482 0
8.739821079785836 4.31038119033172 0
11.60433700748902 9.439634186108728 0
8.33790311367906 1.920192994469496 0
4.689978479439781 3.251487891097924 0
8.637962647812122 4.105428312815324 0
8.817437013424376 4.382906490051234 0
12.15548167068015 5.780528938157272 0
3.435522379869778 9.759285406495385 0
4.228477589069935 1.829016889175426 0
7.712783253983744 4.061104850922634 0
35.93259428513519 2.771059892661867 0
2.438734548971851 4.527972196495791 0
11.13311282046803 6.93014988716175 0
8.446321673508278 5.626684380982593 0
8.304833323784617 3.663063316110116 0
5.880301663827347 2.980032672677931 0
21.5606088555832 1.280841936344565 0
34.82182831108531 8.094685209498744 0
34.57903775902017 8.11609235592784 0
3.034324973784874 3.16380778315082 0
39.39330068587679 0.4164807578773836 0
39.45350195180384 0.2144897948206872 0
39.45350195180465 9.785510205179433 0
39.39330068587743 9.583519242122824 0
1.666806456779963 3.780413425250434 0
3.211572912339005 3.247587877135893 0
14.55324313761655 5.038042654643715 0
31.81353605910248 4.856594998442958 0
31.66179219338626 4.669233271526529 0
8.824484359851807 3.922160079611755 0
26.57471253656682 4.200109058684355 0
26.46082613642011 4.032634957857167 0
34.01096906269493 1.529180430355582 0
31.55074670956267 3.291912909252806 0
31.8017156926165 3.253842325908542 0
16.00518037059301 3.92572205247188 0
36.84400477612125 5.485926636643373 0
7.553118027347289 4.844165919146987 0
33.32673186465613 3.255705027675087 0
3.3288368519442 9.555903369375828 0
7.977749876619612 6.443261090631492 0
4.403859635758365 9.270123423517015 0
7.942268477738679 5.772713904297128 0
18.7236559968388 7.752742873337212 0
10.15131876917686 1.742513670980245 0
25.85649687327096 3.713495567351611 0
25.83486484498911 3.464586616076631 0
7.121385159560994 2.911464522144808 0
4.413627811475117 1.51940956471526 0
11.29087861514383 7.181210969133971 0
5.298488405036356 5.206424903964185 0
3.023073046225129 2.96752361934865 0
38.46527155478311 5.600977077472739 0
14.78909158121188 5.094173899175001 0
24.34779696699516 5.873632824366569 0
24.17165741907342 5.686496769488772 0
7.682925662922563 4.315194419487418 0
9.214388640177624 4.266085776142101 0
29.24853216203667 2.210595056524253 0
29.40046915592272 2.355554593491211 0
4.020020159586092 4.274209037249947 0
31.99673680083752 4.434895810025345 0
31.75384162715737 4.449703919045634 0
9.112948889003095 0.5357124807271396 0
24.5013183771488 7.908235071105556 0
9.838000845853392 5.826075939857451 0
9.236489096674461 2.498209324785511 0
33.89934191307673 6.317841729560939 0
19.12731925033886 3.726402950576164 0
13.09861653408378 8.529298086620138 0
8.898100294952984 3.157344025831036 0
15.93362309008814 4.136391606136079 0
21.97073563435202 9.037361686994798 0
22.10243827714521 8.832107705970975 0
3.229689754170273 2.313242990198308 0
4.421420884981689 1.870160012168557 0
26.73327686827531 4.786540574836014 0
5.42401541635298 5.316898838837502 0
17.63249601414348 0.5768710362341095 0
1.555891398838084 4.295252808947489 0
35.18267924668027 9.446986675447125 0
35.40820929178958 9.408426922756151 0
11.05585607066349 2.710005261279129 0
17.841997709799 0.5370781067823455 0
28.34666598616494 4.092549512352411 0
8.566624596118501 8.245692688670852 0
14.48808274228759 1.725552326160579 0
37.16638086324088 3.567273296414619 0
13.52908961607664 4.879065639991645 0
36.29495192194136 7.088800163597109 0
36.43824619476072 7.225235797686079 0
6.988059927135001 4.511245461363254 0
15.16158823238881 7.111091587871161 0
14.69549475138001 1.755033413449517 0
6.022508653788951 5.73055339417652 0
7.096664916982586 4.189673875653593 0
21.72373228012654 0.8780895854364251 0
9.608784628670797 5.068218226919293 0
11.28825917727497 7.016781816910463 0
29.8498117140801 5.870683609772033 0
29.6446051311235 5.711389740666618 0
13.93536968417399 0.9953823564251452 0
6.693526338323131 5.718291240265702 0
11.02353505653144 2.541183063605172 0
34.97954354518475 3.31829244539396 0
13.50839530916323 4.699124702089016 0
3.614248040564281 1.897161168572105 0
8.149009871893817 5.768627401727351 0
8.821137653419667 5.615774534248068 0
29.7038387029916 3.754176859800246 0
19.93232740449045 2.190104166689429 0
6.375905949903238 5.264404182109981 0
15.00381501809219 3.781464887697561 0
7.131100825684864 4.286078543043589 0
29.00786778030607 8.454902989781433 0
35.68392998078263 7.809374012979037 0
14.1084767158285 7.068102287899394 0
35.06470408712184 3.52168261638395 0
9.868578885660662 9.466528438509505 0
14.03710792910201 0.8029610747970178 0
15.21279432564889 3.803921419899635 0
14.17162566193574 6.878265205404233 0
7.975947662628101 5.833753474030563 0
20.97749313009287 5.186751835983199 0
6.487537855199457 5.29720602506308 0
9.144833537416416 4.307338777312133 0
34.33319895030095 0.4451314797658232 0
8.334543329405486 3.567397905118641 0
8.8458244980761 3.851470987116473 0
35.6399744948292 3.799974385641647 0
35.36831000463288 3.779368407710077 0
10.09957885920977 9.45945795608155 0
5.332613580528235 1.517865860925997 0
12.73236466448687 7.376953717121097 0
31.14237075030076 3.375566262336859 0
9.872901311623769 8.444422780499371 0
7.612052915577571 4.269428433738284 0
9.289855198255312 4.319051305370828 0
9.942112272396331 7.537018959740245 0
9.803717382348809 7.616469395243606 0
18.70241305618147 7.523882384878534 0
6.894387295481265 2.987284941608923 0
7.336018014325899 6.915834167581008 0
30.91430130862122 3.470088494016078 0
2.679626263258611 6.996441556605853 0
9.003567297958098 3.103430085823357 0
8.793982680321008 4.280950050987045 0
8.476125848392014 5.766721816083916 0
25.43048122716367 3.440573325250956 0
25.64436143605509 3.354530284719467 0
9.235092059249475 2.333602976391496 0
28.99141415048733 6.189528665837327 0
31.19102461428252 3.149882812212704 0
27.54524975247509 3.958189424511873 0
27.61088994972638 3.749172071247648 0
7.64611496669067 3.021674344220311 0
3.549298679346045 8.569895414948038 0
21.51293958516375 4.518280586493392 0
7.624020651759918 4.186467535653702 0
10.33347225861264 1.145816285944066 0
7.710433551782867 4.151072117751395 0
2.006262026541952 6.16986274214815 0
7.33614804969002 7.051138474016244 0
13.83077108091183 1.42141992953633 0
6.919436996594102 4.433887645127528 0
9.168553220106523 5.356237853164885 0
3.677154361384014 5.385629686508394 0
33.86249828961291 1.727535576387693 0
7.889527581821414 6.466900224686199 0
7.298451674973719 9.076095726626201 0
10.08364094239681 8.480415704803363 0
31.03287176500612 2.985398117402981 0
14.7125725526746 3.212177161862339 0
1.467229591437911 2.684829621142251 0
6.625019124118828 5.800110716868635 0
18.45109691355441 9.778986367817042 0
8.753584299882199 5.687739840235682 0
8.843892128787035 4.326695585991221 0
26.68892503079368 4.572361647909006 0
14.95172279785988 3.210064876233238 0
14.91763688372618 3.585340203014972 0
1.563942803977683 3.960673281169118 0
6.617497713810693 2.241380971026534 0
8.519487361540721 5.683904429342111 0
3.631246793521832 5.523516980010268 0
15.05048120139753 3.389718333042826 0
10.49812477788169 1.006002526269765 0
1.305571563760511 2.820235429704247 0
4.995656000478046 2.790917383695408 0
1.836249540966834 6.181597724710346 0
8.488024158753921 4.245918478647873 0
35.93117440216679 7.736997132321567 0
7.013206399686514 6.694766381815154 0
7.073919300152474 4.35675812038076 0
8.471062701415027 5.716934717470276 0
7.391585142085529 9.245953527676622 0
5.12761217216046 2.70191924095489 0
5.004022738131225 0.783073094237294 0
6.558329412331612 2.069140811242925 0
8.849403646441063 5.663438674701982 0
8.809361345358036 5.707192097218797 0
7.049657922711063 6.796087376957087 0
6.969322910623016 4.346923669695188 0
$EndNodes
$Elements
8 17672 1 17672
1 1 1 80
1 1 3 
2 3 4 
3 4 5 
4 5 6 
5 6 7 
6 7 8 
7 8 9 
8 9 10 
9 10 11 
10 11 12 
11 12 13 
12 13 14 
13 14 15 
14 15 16 
15 16 17 
16 17 18 
17 18 19 
18 19 20 
19 20 21 
20 21 22 
21 22 23 
22 23 24 
23 24 25 
24 25 26 
25 26 27 
26 27 28 
27 28 29 
28 29 30 
29 30 31 
30 31 32 
31 32 33 
32 33 34 
33 34 35 
34 35 36 
35 36 37 
36 37 38 
37 38 39 
38 39 40 
39 40 41 
40 41 42 
41 42 43 
42 43 44 
43 44 45 
44 45 46 
45 46 47 
46 47 48 
47 48 49 
48 49 50 
49 50 51 
50 51 52 
51 52 53 
52 53 54 
53 54 55 
54 55 56 
55 56 57 
56 57 58 
57 58 59 
58 59 60 
59 60 61 
60 61 62 
61 62 63 
62 63 64 
63 64 65 
64 65 66 
65 66 67 
66 67 68 
67 68 69 
68 69 70 
69 70 71 
70 71 72 
71 72 73 
72 73 74 
73 74 75 
74 75 76 
75 76 77 
76 77 78 
77 78 79 
78 79 80 
79 80 81 
80 81 2 
1 2 1 20
81 2 83 
82 83 84 
83 84 85 
84 85 86 
85 86 87 
86 87 88 
87 88 89 
88 89 90 
89 90 91 
90 91 92 
91 92 93 
92 93 94 
93 94 95 
94 95 96 
95 96 97 
96 97 98 
97 98 99 
98 99 100 
99 100 101 
100 101 82 
1 3 1 80
101 82 103 
102 103 104 
103 104 105 
104 105 106 
105 106 107 
106 107 108 
107 108 109 
108 109 110 
109 110 111 
110 111 112 
111 112 113 
112 113 114 
113 114 115 
114 115 116 
115 116 117 
116 117 118 
117 118 119 
118 119 120 
119 120 121 
120 121 122 
121 122 123 
122 123 124 
123 124 125 
124 125 126 
125 126 127 
126 127 128 
127 128 129 
128 129 130 
129 130 131 
130 131 132 
131 132 133 
132 133 134 
133 134 135 
134 135 136 
135 136 137 
136 137 138 
137 138 139 
138 139 140 
139 140 141 
140 141 142 
141 142 143 
142 143 144 
143 144 145 
144 145 146 
145 146 147 
146 147 148 
147 148 149 
148 149 150 
149 150 151 
150 151 152 
151 152 153 
152 153 154 
153 154 155 
154 155 156 
155 156 157 
156 157 158 
157 158 159 
158 159 160 
159 160 161 
160 161 162 
161 162 163 
162 163 164 
163 164 165 
164 165 166 
165 166 167 
166 167 168 
167 168 169 
168 169 170 
169 170 171 
170 171 172 
171 172 173 
172 173 174 
173 174 175 
174 175 176 
175 176 177 
176 177 178 
177 178 179 
178 179 180 
179 180 181 
180 181 102 
1 4 1 20
181 102 182 
182 182 183 
183 183 184 
184 184 185 
185 185 186 
186 186 187 
187 187 188 
188 188 189 
189 189 190 
190 190 191 
191 191 192 
192 192 193 
193 193 194 
194 194 195 
195 195 196 
196 196 197 
197 197 198 
198 198 199 
199 199 200 
200 200 1 
1 1001 1 8
201 201 203 
202 203 204 
203 204 205 
204 205 206 
205 206 207 
206 207 208 
207 208 209 
208 209 202 
1 1002 1 8
209 202 211 
210 211 212 
211 212 213 
212 213 214 
213 214 215 
214 215 216 
215 216 217 
216 217 210 
1 1003 1 8
217 210 219 
218 219 220 
219 220 221 
220 221 222 
221 222 223 
222 223 224 
223 224 225 
224 225 218 
2 3001 2 17448
225 1227 547 3025 
226 547 1233 3025 
227 1233 1227 3025 
228 651 1161 3026 
229 1161 1555 3026 
230 1555 651 3026 
231 1303 265 3027 
232 265 1617 3027 
233 1617 1303 3027 
234 1215 325 3028 
235 325 1739 3028 
236 1739 1215 3028 
237 326 1216 3029 
238 1216 1740 3029 
239 1740 326 3029 
240 850 301 3030 
241 301 1299 3030 
242 1299 850 3030 
243 623 1236 3031 
244 1236 1388 3031 
245 1388 623 3031 
246 607 878 3032 
247 878 1532 3032 
248 1532 607 3032 
249 322 1000 3033 
250 1000 2895 3033 
251 2895 322 3033 
252 192 1487 3034 
253 1487 2279 3034 
254 2279 192 3034 
255 552 940 3035 
256 940 1354 3035 
257 1354 552 3035 
258 613 942 3036 
259 942 1334 3036 
260 1334 613 3036 
261 559 1015 3037 
262 1015 2838 3037 
263 2838 559 3037 
264 966 408 3038 
265 408 1341 3038 
266 1341 966 3038 
267 518 966 3039 
268 966 1341 3039 
269 1341 518 3039 
270 452 925 3040 
271 925 1314 3040 
272 1314 452 3040 
273 330 1317 3041 
274 1317 2599 3041 
275 2599 330 3041 
276 1012 615 3042 
277 615 1462 3042 
278 1462 1012 3042 
279 534 1072 3043 
280 1072 1375 3043 
281 1375 534 3043 
282 691 994 3044 
283 994 1376 3044 
284 1376 691 3044 
285 595 925 3045 
286 925 1501 3045 
287 1501 595 3045 
288 547 1059 3046 
289 1059 1233 3046 
290 1233 547 3046 
291 1081 493 3047 
292 493 1246 3047 
293 1246 1081 3047 
294 665 1081 3048 
295 1081 1246 3048 
296 1246 665 3048 
297 1840 789 3049 
298 789 1958 3049 
299 1958 1840 3049 
300 322 1192 3050 
301 1192 1991 3050 
302 1991 322 3050 
303 301 850 3051 
304 850 1792 3051 
305 1792 301 3051 
306 1500 752 3052 
307 752 1582 3052 
308 1582 1500 3052 
309 966 518 3053 
310 518 2661 3053 
311 2661 966 3053 
312 261 2161 3054 
313 2161 2213 3054 
314 2213 261 3054 
315 920 513 3055 
316 513 2106 3055 
317 2106 920 3055 
318 1544 826 3056 
319 826 1584 3056 
320 1584 1544 3056 
321 524 1227 3057 
322 1227 1233 3057 
323 1233 524 3057 
324 499 1137 3058 
325 1137 1280 3058 
326 1280 499 3058 
327 389 676 3059 
328 676 2033 3059 
329 2033 389 3059 
330 514 1023 3060 
331 1023 1302 3060 
332 1302 514 3060 
333 477 1058 3061 
334 1058 1220 3061 
335 1220 477 3061 
336 2161 898 3062 
337 898 2213 3062 
338 2213 2161 3062 
339 516 911 3063 
340 911 2050 3063 
341 2050 516 3063 
342 805 1045 3064 
343 1045 1358 3064 
344 1358 805 3064 
345 1109 7 3065 
346 7 1392 3065 
347 1392 1109 3065 
348 1502 757 3066 
349 757 2007 3066 
350 2007 1502 3066 
351 423 981 3067 
352 981 1853 3067 
353 1853 423 3067 
354 982 424 3068 
355 424 1854 3068 
356 1854 982 3068 
357 1884 1293 3069 
358 1293 2498 3069 
359 2498 1884 3069 
360 363 1247 3070 
361 1247 2626 3070 
362 2626 363 3070 
363 1137 581 3071 
364 581 1280 3071 
365 1280 1137 3071 
366 34 35 3072 
367 35 1031 3072 
368 1031 34 3072 
369 1991 1192 3073 
370 1192 2366 3073 
371 2366 1991 3073 
372 1905 704 3074 
373 704 2897 3074 
374 2897 1905 3074 
375 1463 270 3075 
376 270 1587 3075 
377 1587 1463 3075 
378 1072 262 3076 
379 262 1355 3076 
380 1355 1072 3076 
381 558 1072 3077 
382 1072 1355 3077 
383 1355 558 3077 
384 1303 1617 3078 
385 1617 2133 3078 
386 2133 1303 3078 
387 325 1564 3079 
388 1564 1739 3079 
389 1739 325 3079 
390 1565 326 3080 
391 326 1740 3080 
392 1740 1565 3080 
393 1062 655 3081 
394 655 1232 3081 
395 1232 1062 3081 
396 2225 1379 3082 
397 1379 2391 3082 
398 2391 2225 3082 
399 463 1158 3083 
400 1158 1566 3083 
401 1566 463 3083 
402 503 2628 3084 
403 2628 2639 3084 
404 2639 503 3084 
405 1211 503 3085 
406 503 2639 3085 
407 2639 1211 3085 
408 250 974 3086 
409 974 1179 3086 
410 1179 250 3086 
411 1103 446 3087 
412 446 1519 3087 
413 1519 1103 3087 
414 1034 568 3088 
415 568 1237 3088 
416 1237 1034 3088 
417 310 986 3089 
418 986 1302 3089 
419 1302 310 3089 
420 986 520 3090 
421 520 1339 3090 
422 1339 986 3090 
423 602 1544 3091 
424 1544 1584 3091 
425 1584 602 3091 
426 1706 815 3092 
427 815 1864 3092 
428 1864 1706 3092 
429 539 1379 3093 
430 1379 2225 3093 
431 2225 539 3093 
432 1863 1193 3094 
433 1193 2381 3094 
434 2381 1863 3094 
435 567 894 3095 
436 894 1571 3095 
437 1571 567 3095 
438 540 1173 3096 
439 1173 1234 3096 
440 1234 540 3096 
441 1173 554 3097 
442 554 1234 3097 
443 1234 1173 3097 
444 1275 309 3098 
445 309 1323 3098 
446 1323 1275 3098 
447 611 1275 3099 
448 1275 1323 3099 
449 1323 611 3099 
450 142 1365 3100 
451 1365 1675 3100 
452 1675 142 3100 
453 1173 349 3101 
454 349 1938 3101 
455 1938 1173 3101 
456 1002 505 3102 
457 505 1240 3102 
458 1240 1002 3102 
459 237 962 3103 
460 962 1600 3103 
461 1600 237 3103 
462 473 919 3104 
463 919 1205 3104 
464 1205 473 3104 
465 429 1009 3105 
466 1009 1404 3105 
467 1404 429 3105 
468 1000 680 3106 
469 680 2462 3106 
470 2462 1000 3106 
471 1148 847 3107 
472 847 1497 3107 
473 1497 1148 3107 
474 997 712 3108 
475 712 1917 3108 
476 1917 997 3108 
477 1193 292 3109 
478 292 2381 3109 
479 2381 1193 3109 
480 380 1033 3110 
481 1033 1349 3110 
482 1349 380 3110 
483 1400 242 3111 
484 242 1920 3111 
485 1920 1400 3111 
486 1285 322 3112 
487 322 2895 3112 
488 2895 1285 3112 
489 1433 1933 3113 
490 1933 2073 3113 
491 2073 1433 3113 
492 555 1024 3114 
493 1024 2796 3114 
494 2796 555 3114 
495 2442 1308 3115 
496 1308 2622 3115 
497 2622 2442 3115 
498 1107 2012 3116 
499 2012 2474 3116 
500 2474 1107 3116 
501 811 511 3117 
502 511 1213 3117 
503 1213 811 3117 
504 1065 612 3118 
505 612 1559 3118 
506 1559 1065 3118 
507 345 1065 3119 
508 1065 1559 3119 
509 1559 345 3119 
510 971 451 3120 
511 451 1293 3120 
512 1293 971 3120 
513 861 569 3121 
514 569 1884 3121 
515 1884 861 3121 
516 1201 559 3122 
517 559 2838 3122 
518 2838 1201 3122 
519 1149 304 3123 
520 304 1442 3123 
521 1442 1149 3123 
522 569 861 3124 
523 861 1920 3124 
524 1920 569 3124 
525 789 1003 3125 
526 1003 1958 3125 
527 1958 789 3125 
528 415 1308 3126 
529 1308 2442 3126 
530 2442 415 3126 
531 369 1630 3127 
532 1630 2318 3127 
533 2318 369 3127 
534 1045 805 3128 
535 805 2415 3128 
536 2415 1045 3128 
537 1083 552 3129 
538 552 1415 3129 
539 1415 1083 3129 
540 295 1084 3130 
541 1084 1738 3130 
542 1738 295 3130 
543 490 1260 3131 
544 1260 1823 3131 
545 1823 490 3131 
546 220 219 3132 
547 219 1069 3132 
548 1069 220 3132 
549 793 497 3133 
550 497 1229 3133 
551 1229 793 3133 
552 2030 496 3134 
553 496 2697 3134 
554 2697 2030 3134 
555 1462 615 3135 
556 615 1702 3135 
557 1702 1462 3135 
558 689 1377 3136 
559 1377 1429 3136 
560 1429 689 3136 
561 1377 374 3137 
562 374 1429 3137 
563 1429 1377 3137 
564 1130 750 3138 
565 750 1481 3138 
566 1481 1130 3138 
567 554 1182 3139 
568 1182 1716 3139 
569 1716 554 3139 
570 1051 498 3140 
571 498 1249 3140 
572 1249 1051 3140 
573 1182 720 3141 
574 720 1716 3141 
575 1716 1182 3141 
576 611 1099 3142 
577 1099 1298 3142 
578 1298 611 3142 
579 1099 560 3143 
580 560 1298 3143 
581 1298 1099 3143 
582 1622 568 3144 
583 568 1991 3144 
584 1991 1622 3144 
585 680 1000 3145 
586 1000 2386 3145 
587 2386 680 3145 
588 1009 548 3146 
589 548 1404 3146 
590 1404 1009 3146 
591 280 1578 3147 
592 1578 1788 3147 
593 1788 280 3147 
594 560 1210 3148 
595 1210 1211 3148 
596 1211 560 3148 
597 1210 503 3149 
598 503 1211 3149 
599 1211 1210 3149 
600 1781 961 3150 
601 961 2511 3150 
602 2511 1781 3150 
603 1157 413 3151 
604 413 2079 3151 
605 2079 1157 3151 
606 244 1034 3152 
607 1034 2141 3152 
608 2141 244 3152 
609 1778 377 3153 
610 377 1998 3153 
611 1998 1778 3153 
612 948 485 3154 
613 485 2634 3154 
614 2634 948 3154 
615 311 972 3155 
616 972 1943 3155 
617 1943 311 3155 
618 513 920 3156 
619 920 1763 3156 
620 1763 513 3156 
621 370 1077 3157 
622 1077 1237 3157 
623 1237 370 3157 
624 44 45 3158 
625 45 1043 3158 
626 1043 44 3158 
627 1230 555 3159 
628 555 2796 3159 
629 2796 1230 3159 
630 621 1252 3160 
631 1252 2571 3160 
632 2571 621 3160 
633 307 1500 3161 
634 1500 1582 3161 
635 1582 307 3161 
636 1433 530 3162 
637 530 1933 3162 
638 1933 1433 3162 
639 1022 513 3163 
640 513 1323 3163 
641 1323 1022 3163 
642 1228 297 3164 
643 297 1297 3164 
644 1297 1228 3164 
645 1815 761 3165 
646 761 2471 3165 
647 2471 1815 3165 
648 893 484 3166 
649 484 2190 3166 
650 2190 893 3166 
651 1644 1241 3167 
652 1241 2071 3167 
653 2071 1644 3167 
654 1368 14 3168 
655 14 1620 3168 
656 1620 1368 3168 
657 699 1467 3169 
658 1467 1814 3169 
659 1814 699 3169 
660 867 573 3170 
661 573 1573 3170 
662 1573 867 3170 
663 1127 334 3171 
664 334 2070 3171 
665 2070 1127 3171 
666 1110 758 3172 
667 758 2219 3172 
668 2219 1110 3172 
669 416 995 3173 
670 995 1320 3173 
671 1320 416 3173 
672 255 972 3174 
673 972 1761 3174 
674 1761 255 3174 
675 497 793 3175 
676 793 1203 3175 
677 1203 497 3175 
678 986 587 3176 
679 587 2361 3176 
680 2361 986 3176 
681 191 192 3177 
682 192 2279 3177 
683 2279 191 3177 
684 972 311 3178 
685 311 1523 3178 
686 1523 972 3178 
687 635 1156 3179 
688 1156 1694 3179 
689 1694 635 3179 
690 1241 674 3180 
691 674 2071 3180 
692 2071 1241 3180 
693 894 567 3181 
694 567 1601 3181 
695 1601 894 3181 
696 1294 239 3182 
697 239 1412 3182 
698 1412 1294 3182 
699 341 1132 3183 
700 1132 1244 3183 
701 1244 341 3183 
702 559 1201 3184 
703 1201 1238 3184 
704 1238 559 3184 
705 1201 538 3185 
706 538 1238 3185 
707 1238 1201 3185 
708 1104 857 3186 
709 857 2132 3186 
710 2132 1104 3186 
711 693 1262 3187 
712 1262 1873 3187 
713 1873 693 3187 
714 553 1706 3188 
715 1706 1864 3188 
716 1864 553 3188 
717 1232 655 3189 
718 655 1827 3189 
719 1827 1232 3189 
720 328 1036 3190 
721 1036 1310 3190 
722 1310 328 3190 
723 593 931 3191 
724 931 1711 3191 
725 1711 593 3191 
726 484 893 3192 
727 893 2216 3192 
728 2216 484 3192 
729 799 1107 3193 
730 1107 2474 3193 
731 2474 799 3193 
732 597 954 3194 
733 954 2914 3194 
734 2914 597 3194 
735 1292 340 3195 
736 340 2794 3195 
737 2794 1292 3195 
738 964 429 3196 
739 429 1404 3196 
740 1404 964 3196 
741 676 1144 3197 
742 1144 2033 3197 
743 2033 676 3197 
744 415 1020 3198 
745 1020 1308 3198 
746 1308 415 3198 
747 704 928 3199 
748 928 2897 3199 
749 2897 704 3199 
750 464 977 3200 
751 977 1254 3200 
752 1254 464 3200 
753 1563 893 3201 
754 893 2190 3201 
755 2190 1563 3201 
756 1407 561 3202 
757 561 1577 3202 
758 1577 1407 3202 
759 16 1337 3203 
760 1337 2569 3203 
761 2569 16 3203 
762 499 1004 3204 
763 1004 1137 3204 
764 1137 499 3204 
765 629 1086 3205 
766 1086 1272 3205 
767 1272 629 3205 
768 1087 628 3206 
769 628 1273 3206 
770 1273 1087 3206 
771 485 988 3207 
772 988 1387 3207 
773 1387 485 3207 
774 931 593 3208 
775 593 1670 3208 
776 1670 931 3208 
777 1093 356 3209 
778 356 1548 3209 
779 1548 1093 3209 
780 1082 1292 3210 
781 1292 2794 3210 
782 2794 1082 3210 
783 1380 282 3211 
784 282 1754 3211 
785 1754 1380 3211 
786 318 1702 3212 
787 1702 2072 3212 
788 2072 318 3212 
789 355 1287 3213 
790 1287 2100 3213 
791 2100 355 3213 
792 485 948 3214 
793 948 2087 3214 
794 2087 485 3214 
795 2017 313 3215 
796 313 2405 3215 
797 2405 2017 3215 
798 490 1823 3216 
799 1823 2768 3216 
800 2768 490 3216 
801 940 552 3217 
802 552 2191 3217 
803 2191 940 3217 
804 643 959 3218 
805 959 1439 3218 
806 1439 643 3218 
807 493 1081 3219 
808 1081 2210 3219 
809 2210 493 3219 
810 925 452 3220 
811 452 1657 3220 
812 1657 925 3220 
813 798 1380 3221 
814 1380 1754 3221 
815 1754 798 3221 
816 402 2139 3222 
817 2139 2766 3222 
818 2766 402 3222 
819 954 597 3223 
820 597 1468 3223 
821 1468 954 3223 
822 901 1793 3224 
823 1793 1828 3224 
824 1828 901 3224 
825 349 1551 3225 
826 1551 1938 3225 
827 1938 349 3225 
828 1675 588 3226 
829 588 1952 3226 
830 1952 1675 3226 
831 936 167 3227 
832 167 1787 3227 
833 1787 936 3227 
834 499 951 3228 
835 951 2156 3228 
836 2156 499 3228 
837 600 1502 3229 
838 1502 2007 3229 
839 2007 600 3229 
840 222 221 3230 
841 221 1070 3230 
842 1070 222 3230 
843 7 1109 3231 
844 1109 3022 3231 
845 3022 7 3231 
846 1194 534 3232 
847 534 1198 3232 
848 1198 1194 3232 
849 537 1194 3233 
850 1194 1198 3233 
851 1198 537 3233 
852 923 1675 3234 
853 1675 1952 3234 
854 1952 923 3234 
855 861 1400 3235 
856 1400 1920 3235 
857 1920 861 3235 
858 1106 688 3236 
859 688 1346 3236 
860 1346 1106 3236 
861 847 1148 3237 
862 1148 2448 3237 
863 2448 847 3237 
864 446 1103 3238 
865 1103 2265 3238 
866 2265 446 3238 
867 1036 517 3239 
868 517 1310 3239 
869 1310 1036 3239 
870 1592 654 3240 
871 654 1595 3240 
872 1595 1592 3240 
873 1287 1875 3241 
874 1875 2100 3241 
875 2100 1287 3241 
876 94 1130 3242 
877 1130 1605 3242 
878 1605 94 3242 
879 1317 949 3243 
880 949 2599 3243 
881 2599 1317 3243 
882 878 607 3244 
883 607 1505 3244 
884 1505 878 3244 
885 260 1124 3245 
886 1124 1627 3245 
887 1627 260 3245 
888 408 966 3246 
889 966 2104 3246 
890 2104 408 3246 
891 184 1110 3247 
892 1110 2351 3247 
893 2351 184 3247 
894 833 1463 3248 
895 1463 1587 3248 
896 1587 833 3248 
897 933 296 3249 
898 296 2353 3249 
899 2353 933 3249 
900 1086 79 3250 
901 79 1723 3250 
902 1723 1086 3250 
903 105 1087 3251 
904 1087 1724 3251 
905 1724 105 3251 
906 398 1196 3252 
907 1196 1197 3252 
908 1197 398 3252 
909 1103 838 3253 
910 838 2265 3253 
911 2265 1103 3253 
912 1535 637 3254 
913 637 1554 3254 
914 1554 1535 3254 
915 1086 543 3255 
916 543 1272 3255 
917 1272 1086 3255 
918 544 1087 3256 
919 1087 1273 3256 
920 1273 544 3256 
921 1038 158 3257 
922 158 2605 3257 
923 2605 1038 3257 
924 1155 702 3258 
925 702 1411 3258 
926 1411 1155 3258 
927 1479 886 3259 
928 886 2448 3259 
929 2448 1479 3259 
930 1009 360 3260 
931 360 2115 3260 
932 2115 1009 3260 
933 1064 1853 3261 
934 1853 1906 3261 
935 1906 1064 3261 
936 504 1155 3262 
937 1155 1411 3262 
938 1411 504 3262 
939 895 324 3263 
940 324 1767 3263 
941 1767 895 3263 
942 353 1047 3264 
943 1047 1411 3264 
944 1411 353 3264 
945 1059 302 3265 
946 302 1233 3265 
947 1233 1059 3265 
948 406 954 3266 
949 954 2722 3266 
950 2722 406 3266 
951 498 1051 3267 
952 1051 2423 3267 
953 2423 498 3267 
954 997 1917 3268 
955 1917 2739 3268 
956 2739 997 3268 
957 787 1678 3269 
958 1678 2236 3269 
959 2236 787 3269 
960 1170 423 3270 
961 423 1603 3270 
962 1603 1170 3270 
963 767 1170 3271 
964 1170 1603 3271 
965 1603 767 3271 
966 1169 766 3272 
967 766 1602 3272 
968 1602 1169 3272 
969 424 1169 3273 
970 1169 1602 3273 
971 1602 424 3273 
972 1221 340 3274 
973 340 1279 3274 
974 1279 1221 3274 
975 1337 862 3275 
976 862 2569 3275 
977 2569 1337 3275 
978 972 641 3276 
979 641 1761 3276 
980 1761 972 3276 
981 592 1631 3277 
982 1631 1802 3277 
983 1802 592 3277 
984 1776 983 3278 
985 983 2345 3278 
986 2345 1776 3278 
987 1150 679 3279 
988 679 1310 3279 
989 1310 1150 3279 
990 1133 501 3280 
991 501 2387 3280 
992 2387 1133 3280 
993 1340 815 3281 
994 815 2296 3281 
995 2296 1340 3281 
996 1481 369 3282 
997 369 2318 3282 
998 2318 1481 3282 
999 317 1291 3283 
1000 1291 1894 3283 
1001 1894 317 3283 
1002 1127 458 3284 
1003 458 1276 3284 
1004 1276 1127 3284 
1005 1399 697 3285 
1006 697 1470 3285 
1007 1470 1399 3285 
1008 546 1399 3286 
1009 1399 1470 3286 
1010 1470 546 3286 
1011 826 1157 3287 
1012 1157 2079 3287 
1013 2079 826 3287 
1014 612 1065 3288 
1015 1065 1602 3288 
1016 1602 612 3288 
1017 1065 424 3289 
1018 424 1602 3289 
1019 1602 1065 3289 
1020 423 1064 3290 
1021 1064 1603 3290 
1022 1603 423 3290 
1023 1064 613 3291 
1024 613 1603 3291 
1025 1603 1064 3291 
1026 1252 621 3292 
1027 621 2631 3292 
1028 2631 1252 3292 
1029 1442 304 3293 
1030 304 2166 3293 
1031 2166 1442 3293 
1032 517 1150 3294 
1033 1150 1310 3294 
1034 1310 517 3294 
1035 692 1407 3295 
1036 1407 1577 3295 
1037 1577 692 3295 
1038 273 1136 3296 
1039 1136 1407 3296 
1040 1407 273 3296 
1041 1314 1896 3297 
1042 1896 2552 3297 
1043 2552 1314 3297 
1044 626 1679 3298 
1045 1679 2067 3298 
1046 2067 626 3298 
1047 1566 1158 3299 
1048 1158 2780 3299 
1049 2780 1566 3299 
1050 1571 354 3300 
1051 354 1635 3300 
1052 1635 1571 3300 
1053 582 1122 3301 
1054 1122 1239 3301 
1055 1239 582 3301 
1056 368 1316 3302 
1057 1316 1744 3302 
1058 1744 368 3302 
1059 1316 774 3303 
1060 774 1744 3303 
1061 1744 1316 3303 
1062 706 983 3304 
1063 983 1776 3304 
1064 1776 706 3304 
1065 1542 1054 3305 
1066 1054 2678 3305 
1067 2678 1542 3305 
1068 769 1286 3306 
1069 1286 1885 3306 
1070 1885 769 3306 
1071 503 1210 3307 
1072 1210 1880 3307 
1073 1880 503 3307 
1074 1403 18 3308 
1075 18 1967 3308 
1076 1967 1403 3308 
1077 1247 1061 3309 
1078 1061 2626 3309 
1079 2626 1247 3309 
1080 562 1080 3310 
1081 1080 1414 3310 
1082 1414 562 3310 
1083 573 867 3311 
1084 867 1550 3311 
1085 1550 573 3311 
1086 1124 552 3312 
1087 552 1244 3312 
1088 1244 1124 3312 
1089 5 1224 3313 
1090 1224 2143 3313 
1091 2143 5 3313 
1092 1357 536 3314 
1093 536 1782 3314 
1094 1782 1357 3314 
1095 1917 428 3315 
1096 428 2739 3315 
1097 2739 1917 3315 
1098 350 991 3316 
1099 991 1369 3316 
1100 1369 350 3316 
1101 514 1278 3317 
1102 1278 1666 3317 
1103 1666 514 3317 
1104 1252 964 3318 
1105 964 2571 3318 
1106 2571 1252 3318 
1107 1082 551 3319 
1108 551 1454 3319 
1109 1454 1082 3319 
1110 549 1055 3320 
1111 1055 1406 3320 
1112 1406 549 3320 
1113 1055 379 3321 
1114 379 1406 3321 
1115 1406 1055 3321 
1116 521 953 3322 
1117 953 1750 3322 
1118 1750 521 3322 
1119 1098 803 3323 
1120 803 1387 3323 
1121 1387 1098 3323 
1122 434 1012 3324 
1123 1012 1462 3324 
1124 1462 434 3324 
1125 1317 330 3325 
1126 330 1643 3325 
1127 1643 1317 3325 
1128 20 1164 3326 
1129 1164 1967 3326 
1130 1967 20 3326 
1131 521 1277 3327 
1132 1277 1315 3327 
1133 1315 521 3327 
1134 412 929 3328 
1135 929 1695 3328 
1136 1695 412 3328 
1137 1078 675 3329 
1138 675 1292 3329 
1139 1292 1078 3329 
1140 492 1078 3330 
1141 1078 1292 3330 
1142 1292 492 3330 
1143 676 389 3331 
1144 389 1391 3331 
1145 1391 676 3331 
1146 403 1546 3332 
1147 1546 2132 3332 
1148 2132 403 3332 
1149 911 516 3333 
1150 516 2010 3333 
1151 2010 911 3333 
1152 1328 643 3334 
1153 643 1439 3334 
1154 1439 1328 3334 
1155 1462 1702 3335 
1156 1702 2362 3335 
1157 2362 1462 3335 
1158 942 613 3336 
1159 613 1826 3336 
1160 1826 942 3336 
1161 381 1592 3337 
1162 1592 1595 3337 
1163 1595 381 3337 
1164 1449 140 3338 
1165 140 2619 3338 
1166 2619 1449 3338 
1167 1853 631 3339 
1168 631 1906 3339 
1169 1906 1853 3339 
1170 511 811 3340 
1171 811 1214 3340 
1172 1214 511 3340 
1173 1174 532 3341 
1174 532 2662 3341 
1175 2662 1174 3341 
1176 1546 403 3342 
1177 403 2105 3342 
1178 2105 1546 3342 
1179 567 1542 3343 
1180 1542 2678 3343 
1181 2678 567 3343 
1182 1127 2070 3344 
1183 2070 2612 3344 
1184 2612 1127 3344 
1185 1358 1045 3345 
1186 1045 2672 3345 
1187 2672 1358 3345 
1188 939 301 3346 
1189 301 1792 3346 
1190 1792 939 3346 
1191 1240 362 3347 
1192 362 2496 3347 
1193 2496 1240 3347 
1194 1333 519 3348 
1195 519 1997 3348 
1196 1997 1333 3348 
1197 607 1164 3349 
1198 1164 1505 3349 
1199 1505 607 3349 
1200 1640 2182 3350 
1201 2182 2953 3350 
1202 2953 1640 3350 
1203 690 1131 3351 
1204 1131 1883 3351 
1205 1883 690 3351 
1206 587 986 3352 
1207 986 2451 3352 
1208 2451 587 3352 
1209 712 997 3353 
1210 997 2017 3353 
1211 2017 712 3353 
1212 427 1340 3354 
1213 1340 2296 3354 
1214 2296 427 3354 
1215 294 984 3355 
1216 984 1378 3355 
1217 1378 294 3355 
1218 97 1261 3356 
1219 1261 1437 3356 
1220 1437 97 3356 
1221 1793 624 3357 
1222 624 1828 3357 
1223 1828 1793 3357 
1224 804 1535 3358 
1225 1535 1554 3358 
1226 1554 804 3358 
1227 551 1221 3359 
1228 1221 1222 3359 
1229 1222 551 3359 
1230 1221 525 3360 
1231 525 1222 3360 
1232 1222 1221 3360 
1233 1370 317 3361 
1234 317 1894 3361 
1235 1894 1370 3361 
1236 68 1253 3362 
1237 1253 1848 3362 
1238 1848 68 3362 
1239 919 473 3363 
1240 473 2429 3363 
1241 2429 919 3363 
1242 86 1260 3364 
1243 1260 1984 3364 
1244 1984 86 3364 
1245 1261 98 3365 
1246 98 1985 3365 
1247 1985 1261 3365 
1248 289 1226 3366 
1249 1226 2485 3366 
1250 2485 289 3366 
1251 926 270 3367 
1252 270 2976 3367 
1253 2976 926 3367 
1254 1572 402 3368 
1255 402 2766 3368 
1256 2766 1572 3368 
1257 1080 343 3369 
1258 343 1414 3369 
1259 1414 1080 3369 
1260 962 432 3370 
1261 432 2525 3370 
1262 2525 962 3370 
1263 680 1168 3371 
1264 1168 2462 3371 
1265 2462 680 3371 
1266 778 1420 3372 
1267 1420 2083 3372 
1268 2083 778 3372 
1269 1818 1333 3373 
1270 1333 1997 3373 
1271 1997 1818 3373 
1272 1029 565 3374 
1273 565 2515 3374 
1274 2515 1029 3374 
1275 348 1146 3375 
1276 1146 1338 3375 
1277 1338 348 3375 
1278 365 1726 3376 
1279 1726 2320 3376 
1280 2320 365 3376 
1281 1004 499 3377 
1282 499 2156 3377 
1283 2156 1004 3377 
1284 1156 695 3378 
1285 695 1694 3378 
1286 1694 1156 3378 
1287 1678 653 3379 
1288 653 2236 3379 
1289 2236 1678 3379 
1290 429 964 3380 
1291 964 2331 3380 
1292 2331 429 3380 
1293 1141 335 3381 
1294 335 1354 3381 
1295 1354 1141 3381 
1296 296 933 3382 
1297 933 2642 3382 
1298 2642 296 3382 
1299 532 1330 3383 
1300 1330 2662 3383 
1301 2662 532 3383 
1302 660 1281 3384 
1303 1281 1846 3384 
1304 1846 660 3384 
1305 331 1358 3385 
1306 1358 2672 3385 
1307 2672 331 3385 
1308 576 1096 3386 
1309 1096 1646 3386 
1310 1646 576 3386 
1311 1026 2017 3387 
1312 2017 2405 3387 
1313 2405 1026 3387 
1314 980 249 3388 
1315 249 1497 3388 
1316 1497 980 3388 
1317 1050 486 3389 
1318 486 1385 3389 
1319 1385 1050 3389 
1320 2387 501 3390 
1321 501 2743 3390 
1322 2743 2387 3390 
1323 2132 857 3391 
1324 857 2645 3391 
1325 2645 2132 3391 
1326 1242 2281 3392 
1327 2281 2466 3392 
1328 2466 1242 3392 
1329 432 1165 3393 
1330 1165 2525 3393 
1331 2525 432 3393 
1332 1782 536 3394 
1333 536 1934 3394 
1334 1934 1782 3394 
1335 1497 847 3395 
1336 847 2384 3395 
1337 2384 1497 3395 
1338 518 1236 3396 
1339 1236 2661 3396 
1340 2661 518 3396 
1341 548 1438 3397 
1342 1438 1508 3397 
1343 1508 548 3397 
1344 630 1343 3398 
1345 1343 1363 3398 
1346 1363 630 3398 
1347 1057 559 3399 
1348 559 1332 3399 
1349 1332 1057 3399 
1350 1343 305 3400 
1351 305 1363 3400 
1352 1363 1343 3400 
1353 164 1241 3401 
1354 1241 1983 3401 
1355 1983 164 3401 
1356 656 1127 3402 
1357 1127 1276 3402 
1358 1276 656 3402 
1359 1931 923 3403 
1360 923 1952 3403 
1361 1952 1931 3403 
1362 1054 1542 3404 
1363 1542 2270 3404 
1364 2270 1054 3404 
1365 939 1792 3405 
1366 1792 2680 3405 
1367 2680 939 3405 
1368 372 990 3406 
1369 990 1742 3406 
1370 1742 372 3406 
1371 445 1479 3407 
1372 1479 2448 3407 
1373 2448 445 3407 
1374 1074 173 3408 
1375 173 2181 3408 
1376 2181 1074 3408 
1377 614 992 3409 
1378 992 3010 3409 
1379 3010 614 3409 
1380 1543 505 3410 
1381 505 2253 3410 
1382 2253 1543 3410 
1383 268 1191 3411 
1384 1191 1549 3411 
1385 1549 268 3411 
1386 1202 493 3412 
1387 493 2210 3412 
1388 2210 1202 3412 
1389 86 87 3413 
1390 87 1260 3413 
1391 1260 86 3413 
1392 97 98 3414 
1393 98 1261 3414 
1394 1261 97 3414 
1395 526 1328 3415 
1396 1328 1439 3415 
1397 1439 526 3415 
1398 183 184 3416 
1399 184 2351 3416 
1400 2351 183 3416 
1401 962 237 3417 
1402 237 2054 3417 
1403 2054 962 3417 
1404 147 148 3418 
1405 148 1155 3418 
1406 1155 147 3418 
1407 1438 721 3419 
1408 721 1508 3419 
1409 1508 1438 3419 
1410 1196 290 3420 
1411 290 1197 3420 
1412 1197 1196 3420 
1413 68 69 3421 
1414 69 1253 3421 
1415 1253 68 3421 
1416 1137 1004 3422 
1417 1004 2850 3422 
1418 2850 1137 3422 
1419 829 1571 3423 
1420 1571 1635 3423 
1421 1635 829 3423 
1422 1121 520 3424 
1423 520 1283 3424 
1424 1283 1121 3424 
1425 954 406 3425 
1426 406 1640 3425 
1427 1640 954 3425 
1428 1640 406 3426 
1429 406 2182 3426 
1430 2182 1640 3426 
1431 761 1580 3427 
1432 1580 2471 3427 
1433 2471 761 3427 
1434 1283 520 3428 
1435 520 2378 3428 
1436 2378 1283 3428 
1437 352 939 3429 
1438 939 1527 3429 
1439 1527 352 3429 
1440 1817 948 3430 
1441 948 2634 3430 
1442 2634 1817 3430 
1443 277 1020 3431 
1444 1020 1401 3431 
1445 1401 277 3431 
1446 66 67 3432 
1447 67 1202 3432 
1448 1202 66 3432 
1449 1241 653 3433 
1450 653 1983 3433 
1451 1983 1241 3433 
1452 1068 411 3434 
1453 411 1703 3434 
1454 1703 1068 3434 
1455 4 5 3435 
1456 5 2143 3435 
1457 2143 4 3435 
1458 484 1097 3436 
1459 1097 1361 3436 
1460 1361 484 3436 
1461 571 1303 3437 
1462 1303 1790 3437 
1463 1790 571 3437 
1464 1303 766 3438 
1465 766 1790 3438 
1466 1790 1303 3438 
1467 635 1294 3439 
1468 1294 1412 3439 
1469 1412 635 3439 
1470 356 1093 3440 
1471 1093 1973 3440 
1472 1973 356 3440 
1473 986 310 3441 
1474 310 1838 3441 
1475 1838 986 3441 
1476 167 936 3442 
1477 936 1727 3442 
1478 1727 167 3442 
1479 623 1388 3443 
1480 1388 2141 3443 
1481 2141 623 3443 
1482 256 1098 3444 
1483 1098 1387 3444 
1484 1387 256 3444 
1485 1481 750 3445 
1486 750 2009 3445 
1487 2009 1481 3445 
1488 1141 459 3446 
1489 459 1281 3446 
1490 1281 1141 3446 
1491 660 1141 3447 
1492 1141 1281 3447 
1493 1281 660 3447 
1494 1040 342 3448 
1495 342 2600 3448 
1496 2600 1040 3448 
1497 1648 172 3449 
1498 172 2074 3449 
1499 2074 1648 3449 
1500 1283 2378 3450 
1501 2378 2883 3450 
1502 2883 1283 3450 
1503 2504 1320 3451 
1504 1320 2601 3451 
1505 2601 2504 3451 
1506 956 1513 3452 
1507 1513 1943 3452 
1508 1943 956 3452 
1509 1150 517 3453 
1510 517 2326 3453 
1511 2326 1150 3453 
1512 503 1880 3454 
1513 1880 2194 3454 
1514 2194 503 3454 
1515 260 1627 3455 
1516 1627 1972 3455 
1517 1972 260 3455 
1518 797 1648 3456 
1519 1648 2074 3456 
1520 2074 797 3456 
1521 1988 1114 3457 
1522 1114 2613 3457 
1523 2613 1988 3457 
1524 961 1781 3458 
1525 1781 2530 3458 
1526 2530 961 3458 
1527 387 1176 3459 
1528 1176 1883 3459 
1529 1883 387 3459 
1530 1133 730 3460 
1531 730 1458 3460 
1532 1458 1133 3460 
1533 514 1666 3461 
1534 1666 2069 3461 
1535 2069 514 3461 
1536 758 1110 3462 
1537 1110 1937 3462 
1538 1937 758 3462 
1539 416 1320 3463 
1540 1320 2504 3463 
1541 2504 416 3463 
1542 918 475 3464 
1543 475 2492 3464 
1544 2492 918 3464 
1545 1427 632 3465 
1546 632 1480 3465 
1547 1480 1427 3465 
1548 700 1427 3466 
1549 1427 1480 3466 
1550 1480 700 3466 
1551 324 895 3467 
1552 895 1597 3467 
1553 1597 324 3467 
1554 2146 975 3468 
1555 975 3003 3468 
1556 3003 2146 3468 
1557 1056 287 3469 
1558 287 2598 3469 
1559 2598 1056 3469 
1560 308 1100 3470 
1561 1100 1322 3470 
1562 1322 308 3470 
1563 520 1121 3471 
1564 1121 1339 3471 
1565 1339 520 3471 
1566 959 643 3472 
1567 643 1715 3472 
1568 1715 959 3472 
1569 482 1180 3473 
1570 1180 1346 3473 
1571 1346 482 3473 
1572 1678 437 3474 
1573 437 2673 3474 
1574 2673 1678 3474 
1575 513 1022 3475 
1576 1022 2106 3475 
1577 2106 513 3475 
1578 441 1023 3476 
1579 1023 2107 3476 
1580 2107 441 3476 
1581 1232 1827 3477 
1582 1827 2618 3477 
1583 2618 1232 3477 
1584 1103 1519 3478 
1585 1519 2375 3478 
1586 2375 1103 3478 
1587 992 614 3479 
1588 614 1941 3479 
1589 1941 992 3479 
1590 1394 386 3480 
1591 386 1758 3480 
1592 1758 1394 3480 
1593 550 1061 3481 
1594 1061 1247 3481 
1595 1247 550 3481 
1596 973 2030 3482 
1597 2030 2697 3482 
1598 2697 973 3482 
1599 985 494 3483 
1600 494 1650 3483 
1601 1650 985 3483 
1602 287 1068 3484 
1603 1068 2598 3484 
1604 2598 287 3484 
1605 1161 241 3485 
1606 241 2774 3485 
1607 2774 1161 3485 
1608 568 1488 3486 
1609 1488 1991 3486 
1610 1991 568 3486 
1611 1037 814 3487 
1612 814 1676 3487 
1613 1676 1037 3487 
1614 565 1088 3488 
1615 1088 2515 3488 
1616 2515 565 3488 
1617 365 785 3489 
1618 785 1902 3489 
1619 1902 365 3489 
1620 517 1036 3490 
1621 1036 1389 3490 
1622 1389 517 3490 
1623 831 1242 3491 
1624 1242 2466 3491 
1625 2466 831 3491 
1626 542 1117 3492 
1627 1117 1582 3492 
1628 1582 542 3492 
1629 1097 484 3493 
1630 484 2216 3493 
1631 2216 1097 3493 
1632 468 1266 3494 
1633 1266 2633 3494 
1634 2633 468 3494 
1635 984 294 3495 
1636 294 1436 3495 
1637 1436 984 3495 
1638 609 956 3496 
1639 956 1943 3496 
1640 1943 609 3496 
1641 272 1187 3497 
1642 1187 1756 3497 
1643 1756 272 3497 
1644 1307 934 3498 
1645 934 2370 3498 
1646 2370 1307 3498 
1647 262 1072 3499 
1648 1072 1384 3499 
1649 1384 262 3499 
1650 394 1547 3500 
1651 1547 2154 3500 
1652 2154 394 3500 
1653 1072 534 3501 
1654 534 1384 3501 
1655 1384 1072 3501 
1656 487 1307 3502 
1657 1307 2370 3502 
1658 2370 487 3502 
1659 1088 565 3503 
1660 565 1445 3503 
1661 1445 1088 3503 
1662 454 1088 3504 
1663 1088 1445 3504 
1664 1445 454 3504 
1665 1079 601 3505 
1666 601 1377 3505 
1667 1377 1079 3505 
1668 689 1079 3506 
1669 1079 1377 3506 
1670 1377 689 3506 
1671 401 1931 3507 
1672 1931 1952 3507 
1673 1952 401 3507 
1674 315 1198 3508 
1675 1198 1375 3508 
1676 1375 315 3508 
1677 994 691 3509 
1678 691 2068 3509 
1679 2068 994 3509 
1680 1846 1281 3510 
1681 1281 2157 3510 
1682 2157 1846 3510 
1683 1217 357 3511 
1684 357 1550 3511 
1685 1550 1217 3511 
1686 1176 900 3512 
1687 900 1883 3512 
1688 1883 1176 3512 
1689 1226 468 3513 
1690 468 2633 3513 
1691 2633 1226 3513 
1692 363 1293 3514 
1693 1293 1884 3514 
1694 1884 363 3514 
1695 270 926 3515 
1696 926 1587 3515 
1697 1587 270 3515 
1698 1262 364 3516 
1699 364 1873 3516 
1700 1873 1262 3516 
1701 1134 2609 3517 
1702 2609 2902 3517 
1703 2902 1134 3517 
1704 1060 237 3518 
1705 237 1636 3518 
1706 1636 1060 3518 
1707 1286 481 3519 
1708 481 1885 3519 
1709 1885 1286 3519 
1710 1114 1988 3520 
1711 1988 2901 3520 
1712 2901 1114 3520 
1713 698 1391 3521 
1714 1391 1735 3521 
1715 1735 698 3521 
1716 139 140 3522 
1717 140 1449 3522 
1718 1449 139 3522 
1719 1231 2266 3523 
1720 2266 2540 3523 
1721 2540 1231 3523 
1722 1261 491 3524 
1723 491 1437 3524 
1724 1437 1261 3524 
1725 1077 743 3525 
1726 743 1380 3525 
1727 1380 1077 3525 
1728 677 1268 3526 
1729 1268 1287 3526 
1730 1287 677 3526 
1731 1669 1062 3527 
1732 1062 2994 3527 
1733 2994 1669 3527 
1734 263 1163 3528 
1735 1163 1567 3528 
1736 1567 263 3528 
1737 523 1269 3529 
1738 1269 2213 3529 
1739 2213 523 3529 
1740 339 1270 3530 
1741 1270 1822 3530 
1742 1822 339 3530 
1743 446 1113 3531 
1744 1113 1519 3531 
1745 1519 446 3531 
1746 274 1153 3532 
1747 1153 1525 3532 
1748 1525 274 3532 
1749 1100 308 3533 
1750 308 1986 3533 
1751 1986 1100 3533 
1752 1047 504 3534 
1753 504 1411 3534 
1754 1411 1047 3534 
1755 1226 976 3535 
1756 976 2485 3535 
1757 2485 1226 3535 
1758 306 1106 3536 
1759 1106 1346 3536 
1760 1346 306 3536 
1761 1315 592 3537 
1762 592 1802 3537 
1763 1802 1315 3537 
1764 861 1884 3538 
1765 1884 2498 3538 
1766 2498 861 3538 
1767 637 949 3539 
1768 949 2000 3539 
1769 2000 637 3539 
1770 1238 538 3540 
1771 538 1443 3540 
1772 1443 1238 3540 
1773 1493 359 3541 
1774 359 2110 3541 
1775 2110 1493 3541 
1776 517 1248 3542 
1777 1248 2326 3542 
1778 2326 517 3542 
1779 359 1936 3543 
1780 1936 2110 3543 
1781 2110 359 3543 
1782 158 159 3544 
1783 159 2605 3544 
1784 2605 158 3544 
1785 568 1034 3545 
1786 1034 1528 3545 
1787 1528 568 3545 
1788 1034 244 3546 
1789 244 1528 3546 
1790 1528 1034 3546 
1791 286 1027 3547 
1792 1027 2285 3547 
1793 2285 286 3547 
1794 1301 483 3548 
1795 483 1928 3548 
1796 1928 1301 3548 
1797 1076 669 3549 
1798 669 1997 3549 
1799 1997 1076 3549 
1800 363 1631 3550 
1801 1631 2271 3550 
1802 2271 363 3550 
1803 516 1052 3551 
1804 1052 1440 3551 
1805 1440 516 3551 
1806 545 1161 3552 
1807 1161 1258 3552 
1808 1258 545 3552 
1809 284 1206 3553 
1810 1206 2322 3553 
1811 2322 284 3553 
1812 1034 1566 3554 
1813 1566 2141 3554 
1814 2141 1034 3554 
1815 377 1282 3555 
1816 1282 1998 3555 
1817 1998 377 3555 
1818 1365 143 3556 
1819 143 1892 3556 
1820 1892 1365 3556 
1821 995 416 3557 
1822 416 2116 3557 
1823 2116 995 3557 
1824 1055 776 3558 
1825 776 2314 3558 
1826 2314 1055 3558 
1827 994 2068 3559 
1828 2068 2155 3559 
1829 2155 994 3559 
1830 990 372 3560 
1831 372 2259 3560 
1832 2259 990 3560 
1833 1148 445 3561 
1834 445 2448 3561 
1835 2448 1148 3561 
1836 493 1570 3562 
1837 1570 2840 3562 
1838 2840 493 3562 
1839 525 1221 3563 
1840 1221 1279 3563 
1841 1279 525 3563 
1842 246 1313 3564 
1843 1313 1344 3564 
1844 1344 246 3564 
1845 677 1049 3565 
1846 1049 1910 3565 
1847 1910 677 3565 
1848 1147 1584 3566 
1849 1584 2937 3566 
1850 2937 1147 3566 
1851 972 255 3567 
1852 255 2972 3567 
1853 2972 972 3567 
1854 1896 869 3568 
1855 869 2552 3568 
1856 2552 1896 3568 
1857 245 1041 3569 
1858 1041 2274 3569 
1859 2274 245 3569 
1860 790 975 3570 
1861 975 2146 3570 
1862 2146 790 3570 
1863 1026 450 3571 
1864 450 2593 3571 
1865 2593 1026 3571 
1866 947 533 3572 
1867 533 2302 3572 
1868 2302 947 3572 
1869 14 15 3573 
1870 15 1620 3573 
1871 1620 14 3573 
1872 142 143 3574 
1873 143 1365 3574 
1874 1365 142 3574 
1875 556 1019 3575 
1876 1019 1605 3575 
1877 1605 556 3575 
1878 1467 267 3576 
1879 267 1814 3576 
1880 1814 1467 3576 
1881 723 1260 3577 
1882 1260 1739 3577 
1883 1739 723 3577 
1884 1260 490 3578 
1885 490 1739 3578 
1886 1739 1260 3578 
1887 1261 724 3579 
1888 724 1740 3579 
1889 1740 1261 3579 
1890 491 1261 3580 
1891 1261 1740 3580 
1892 1740 491 3580 
1893 421 1110 3581 
1894 1110 2219 3581 
1895 2219 421 3581 
1896 575 1060 3582 
1897 1060 1636 3582 
1898 1636 575 3582 
1899 1129 713 3583 
1900 713 2041 3583 
1901 2041 1129 3583 
1902 1002 1240 3584 
1903 1240 2496 3584 
1904 2496 1002 3584 
1905 1121 329 3585 
1906 329 1339 3585 
1907 1339 1121 3585 
1908 552 1354 3586 
1909 1354 1415 3586 
1910 1415 552 3586 
1911 1013 584 3587 
1912 584 2948 3587 
1913 2948 1013 3587 
1914 1003 1543 3588 
1915 1543 2253 3588 
1916 2253 1003 3588 
1917 1053 245 3589 
1918 245 2274 3589 
1919 2274 1053 3589 
1920 1584 347 3590 
1921 347 2937 3590 
1922 2937 1584 3590 
1923 2068 410 3591 
1924 410 2155 3591 
1925 2155 2068 3591 
1926 896 596 3592 
1927 596 1485 3592 
1928 1485 896 3592 
1929 1100 541 3593 
1930 541 2657 3593 
1931 2657 1100 3593 
1932 451 971 3594 
1933 971 2084 3594 
1934 2084 451 3594 
1935 1106 306 3595 
1936 306 1701 3595 
1937 1701 1106 3595 
1938 918 1486 3596 
1939 1486 2912 3596 
1940 2912 918 3596 
1941 804 1301 3597 
1942 1301 1928 3597 
1943 1928 804 3597 
1944 245 1053 3598 
1945 1053 2568 3598 
1946 2568 245 3598 
1947 354 1639 3599 
1948 1639 1694 3599 
1949 1694 354 3599 
1950 1175 531 3600 
1951 531 1313 3600 
1952 1313 1175 3600 
1953 262 1092 3601 
1954 1092 1416 3601 
1955 1416 262 3601 
1956 342 1128 3602 
1957 1128 2600 3602 
1958 2600 342 3602 
1959 379 1055 3603 
1960 1055 2314 3603 
1961 2314 379 3603 
1962 402 1517 3604 
1963 1517 2139 3604 
1964 2139 402 3604 
1965 16 17 3605 
1966 17 1337 3605 
1967 1337 16 3605 
1968 1277 592 3606 
1969 592 1315 3606 
1970 1315 1277 3606 
1971 1096 576 3607 
1972 576 1686 3607 
1973 1686 1096 3607 
1974 2017 1026 3608 
1975 1026 2593 3608 
1976 2593 2017 3608 
1977 447 984 3609 
1978 984 1536 3609 
1979 1536 447 3609 
1980 1135 653 3610 
1981 653 1678 3610 
1982 1678 1135 3610 
1983 1621 657 3611 
1984 657 2229 3611 
1985 2229 1621 3611 
1986 1269 523 3612 
1987 523 1270 3612 
1988 1270 1269 3612 
1989 601 1269 3613 
1990 1269 1270 3613 
1991 1270 601 3613 
1992 383 1939 3614 
1993 1939 2859 3614 
1994 2859 383 3614 
1995 1128 549 3615 
1996 549 1344 3615 
1997 1344 1128 3615 
1998 1661 269 3616 
1999 269 2877 3616 
2000 2877 1661 3616 
2001 356 1050 3617 
2002 1050 1385 3617 
2003 1385 356 3617 
2004 1020 415 3618 
2005 415 2244 3618 
2006 2244 1020 3618 
2007 552 1083 3619 
2008 1083 2854 3619 
2009 2854 552 3619 
2010 1325 498 3620 
2011 498 2423 3620 
2012 2423 1325 3620 
2013 1262 693 3621 
2014 693 2606 3621 
2015 2606 1262 3621 
2016 2014 1085 3622 
2017 1085 2217 3622 
2018 2217 2014 3622 
2019 18 19 3623 
2020 19 1967 3623 
2021 1967 18 3623 
2022 1340 953 3624 
2023 953 2290 3624 
2024 2290 1340 3624 
2025 1078 492 3625 
2026 492 1507 3625 
2027 1507 1078 3625 
2028 582 1006 3626 
2029 1006 1708 3626 
2030 1708 582 3626 
2031 1069 219 3627 
2032 219 1485 3627 
2033 1485 1069 3627 
2034 541 1111 3628 
2035 1111 2657 3628 
2036 2657 541 3628 
2037 1126 1816 3629 
2038 1816 2491 3629 
2039 2491 1126 3629 
2040 1679 747 3630 
2041 747 2067 3630 
2042 2067 1679 3630 
2043 631 1781 3631 
2044 1781 2511 3631 
2045 2511 631 3631 
2046 1201 323 3632 
2047 323 1471 3632 
2048 1471 1201 3632 
2049 1489 523 3633 
2050 523 2213 3633 
2051 2213 1489 3633 
2052 1230 708 3634 
2053 708 1736 3634 
2054 1736 1230 3634 
2055 492 1292 3635 
2056 1292 2814 3635 
2057 2814 492 3635 
2058 1292 1082 3636 
2059 1082 2814 3636 
2060 2814 1292 3636 
2061 1272 543 3637 
2062 543 1564 3637 
2063 1564 1272 3637 
2064 544 1273 3638 
2065 1273 1565 3638 
2066 1565 544 3638 
2067 988 485 3639 
2068 485 2124 3639 
2069 2124 988 3639 
2070 981 423 3640 
2071 423 1868 3640 
2072 1868 981 3640 
2073 424 982 3641 
2074 982 1867 3641 
2075 1867 424 3641 
2076 312 1010 3642 
2077 1010 2152 3642 
2078 2152 312 3642 
2079 300 1588 3643 
2080 1588 1658 3643 
2081 1658 300 3643 
2082 170 171 3644 
2083 171 1120 3644 
2084 1120 170 3644 
2085 1052 516 3645 
2086 516 2050 3645 
2087 2050 1052 3645 
2088 1061 550 3646 
2089 550 2247 3646 
2090 2247 1061 3646 
2091 29 1882 3647 
2092 1882 2123 3647 
2093 2123 29 3647 
2094 1015 559 3648 
2095 559 1530 3648 
2096 1530 1015 3648 
2097 431 1604 3649 
2098 1604 2463 3649 
2099 2463 431 3649 
2100 7 8 3650 
2101 8 1392 3650 
2102 1392 7 3650 
2103 949 637 3651 
2104 637 2599 3651 
2105 2599 949 3651 
2106 1222 525 3652 
2107 525 1680 3652 
2108 1680 1222 3652 
2109 1258 1161 3653 
2110 1161 2774 3653 
2111 2774 1258 3653 
2112 1391 698 3654 
2113 698 2543 3654 
2114 2543 1391 3654 
2115 1540 246 3655 
2116 246 1697 3655 
2117 1697 1540 3655 
2118 542 1112 3656 
2119 1112 2615 3656 
2120 2615 542 3656 
2121 925 595 3657 
2122 595 1893 3657 
2123 1893 925 3657 
2124 141 142 3658 
2125 142 1675 3658 
2126 1675 141 3658 
2127 1578 739 3659 
2128 739 1788 3659 
2129 1788 1578 3659 
2130 289 1440 3660 
2131 1440 2466 3660 
2132 2466 289 3660 
2133 991 350 3661 
2134 350 2597 3661 
2135 2597 991 3661 
2136 388 1274 3662 
2137 1274 1491 3662 
2138 1491 388 3662 
2139 522 1126 3663 
2140 1126 2491 3663 
2141 2491 522 3663 
2142 1010 312 3664 
2143 312 2136 3664 
2144 2136 1010 3664 
2145 1299 781 3665 
2146 781 1957 3665 
2147 1957 1299 3665 
2148 1293 363 3666 
2149 363 2271 3666 
2150 2271 1293 3666 
2151 551 1082 3667 
2152 1082 2794 3667 
2153 2794 551 3667 
2154 1547 786 3668 
2155 786 2154 3668 
2156 2154 1547 3668 
2157 1031 35 3669 
2158 35 1811 3669 
2159 1811 1031 3669 
2160 323 1218 3670 
2161 1218 1471 3670 
2162 1471 323 3670 
2163 805 1076 3671 
2164 1076 2415 3671 
2165 2415 805 3671 
2166 1076 417 3672 
2167 417 2415 3672 
2168 2415 1076 3672 
2169 2115 360 3673 
2170 360 2387 3673 
2171 2387 2115 3673 
2172 246 1048 3674 
2173 1048 2076 3674 
2174 2076 246 3674 
2175 1092 589 3675 
2176 589 1416 3675 
2177 1416 1092 3675 
2178 1367 318 3676 
2179 318 2072 3676 
2180 2072 1367 3676 
2181 1129 2041 3677 
2182 2041 2336 3677 
2183 2336 1129 3677 
2184 1053 2762 3678 
2185 2762 2980 3678 
2186 2980 1053 3678 
2187 379 1032 3679 
2188 1032 1797 3679 
2189 1797 379 3679 
2190 928 704 3680 
2191 704 1695 3680 
2192 1695 928 3680 
2193 1265 668 3681 
2194 668 1799 3681 
2195 1799 1265 3681 
2196 1374 671 3682 
2197 671 1773 3682 
2198 1773 1374 3682 
2199 1117 542 3683 
2200 542 2615 3683 
2201 2615 1117 3683 
2202 1131 547 3684 
2203 547 2969 3684 
2204 2969 1131 3684 
2205 414 1056 3685 
2206 1056 1824 3685 
2207 1824 414 3685 
2208 1342 526 3686 
2209 526 1343 3686 
2210 1343 1342 3686 
2211 1420 279 3687 
2212 279 2083 3687 
2213 2083 1420 3687 
2214 630 1342 3688 
2215 1342 1343 3688 
2216 1343 630 3688 
2217 616 1085 3689 
2218 1085 2014 3689 
2219 2014 616 3689 
2220 231 230 3690 
2221 230 1144 3690 
2222 1144 231 3690 
2223 475 918 3691 
2224 918 2912 3691 
2225 2912 475 3691 
2226 533 1063 3692 
2227 1063 2302 3692 
2228 2302 533 3692 
2229 1163 599 3693 
2230 599 1338 3693 
2231 1338 1163 3693 
2232 642 1865 3694 
2233 1865 2597 3694 
2234 2597 642 3694 
2235 990 674 3695 
2236 674 1742 3695 
2237 1742 990 3695 
2238 1302 986 3696 
2239 986 2361 3696 
2240 2361 1302 3696 
2241 1178 585 3697 
2242 585 1451 3697 
2243 1451 1178 3697 
2244 1318 393 3698 
2245 393 1668 3698 
2246 1668 1318 3698 
2247 132 133 3699 
2248 133 1264 3699 
2249 1264 132 3699 
2250 51 52 3700 
2251 52 1263 3700 
2252 1263 51 3700 
2253 1155 504 3701 
2254 504 1512 3701 
2255 1512 1155 3701 
2256 867 1217 3702 
2257 1217 1550 3702 
2258 1550 867 3702 
2259 1419 339 3703 
2260 339 1822 3703 
2261 1822 1419 3703 
2262 520 986 3704 
2263 986 1838 3704 
2264 1838 520 3704 
2265 752 1041 3705 
2266 1041 1533 3705 
2267 1533 752 3705 
2268 1328 526 3706 
2269 526 1653 3706 
2270 1653 1328 3706 
2271 1112 542 3707 
2272 542 2531 3707 
2273 2531 1112 3707 
2274 989 161 3708 
2275 161 2682 3708 
2276 2682 989 3708 
2277 563 1044 3709 
2278 1044 2576 3709 
2279 2576 563 3709 
2280 1060 575 3710 
2281 575 1874 3710 
2282 1874 1060 3710 
2283 1196 835 3711 
2284 835 2719 3711 
2285 2719 1196 3711 
2286 1268 488 3712 
2287 488 1287 3712 
2288 1287 1268 3712 
2289 981 1335 3713 
2290 1335 1853 3713 
2291 1853 981 3713 
2292 1336 982 3714 
2293 982 1854 3714 
2294 1854 1336 3714 
2295 1256 308 3715 
2296 308 1322 3715 
2297 1322 1256 3715 
2298 615 1012 3716 
2299 1012 2090 3716 
2300 2090 615 3716 
2301 1048 246 3717 
2302 246 1540 3717 
2303 1540 1048 3717 
2304 1234 319 3718 
2305 319 3001 3718 
2306 3001 1234 3718 
2307 681 988 3719 
2308 988 2519 3719 
2309 2519 681 3719 
2310 1703 627 3720 
2311 627 2598 3720 
2312 2598 1703 3720 
2313 247 1340 3721 
2314 1340 2290 3721 
2315 2290 247 3721 
2316 1756 1187 3722 
2317 1187 2440 3722 
2318 2440 1756 3722 
2319 1068 1703 3723 
2320 1703 2598 3723 
2321 2598 1068 3723 
2322 1101 1661 3724 
2323 1661 2877 3724 
2324 2877 1101 3724 
2325 1630 608 3725 
2326 608 1858 3725 
2327 1858 1630 3725 
2328 1584 1147 3726 
2329 1147 2468 3726 
2330 2468 1584 3726 
2331 1588 782 3727 
2332 782 1658 3727 
2333 1658 1588 3727 
2334 259 1111 3728 
2335 1111 2487 3728 
2336 2487 259 3728 
2337 290 1196 3729 
2338 1196 2719 3729 
2339 2719 290 3729 
2340 19 20 3730 
2341 20 1967 3730 
2342 1967 19 3730 
2343 267 917 3731 
2344 917 1461 3731 
2345 1461 267 3731 
2346 1255 307 3732 
2347 307 2773 3732 
2348 2773 1255 3732 
2349 96 97 3733 
2350 97 1437 3733 
2351 1437 96 3733 
2352 417 1076 3734 
2353 1076 1448 3734 
2354 1448 417 3734 
2355 2757 1255 3735 
2356 1255 2773 3735 
2357 2773 2757 3735 
2358 1555 1161 3736 
2359 1161 2204 3736 
2360 2204 1555 3736 
2361 569 1149 3737 
2362 1149 1442 3737 
2363 1442 569 3737 
2364 976 1226 3738 
2365 1226 2633 3738 
2366 2633 976 3738 
2367 233 1157 3739 
2368 1157 1544 3739 
2369 1544 233 3739 
2370 354 1257 3740 
2371 1257 1639 3740 
2372 1639 354 3740 
2373 1135 1678 3741 
2374 1678 2673 3741 
2375 2673 1135 3741 
2376 1774 286 3742 
2377 286 2090 3742 
2378 2090 1774 3742 
2379 1345 1234 3743 
2380 1234 3001 3743 
2381 3001 1345 3743 
2382 581 1075 3744 
2383 1075 2499 3744 
2384 2499 581 3744 
2385 1735 1063 3745 
2386 1063 2933 3745 
2387 2933 1735 3745 
2388 776 1055 3746 
2389 1055 1578 3746 
2390 1578 776 3746 
2391 1349 1033 3747 
2392 1033 2863 3747 
2393 2863 1349 3747 
2394 450 1091 3748 
2395 1091 2593 3748 
2396 2593 450 3748 
2397 1332 1053 3749 
2398 1053 2980 3749 
2399 2980 1332 3749 
2400 1194 342 3750 
2401 342 1660 3750 
2402 1660 1194 3750 
2403 480 1181 3751 
2404 1181 2282 3751 
2405 2282 480 3751 
2406 494 1299 3752 
2407 1299 1957 3752 
2408 1957 494 3752 
2409 1000 322 3753 
2410 322 2386 3753 
2411 2386 1000 3753 
2412 383 1250 3754 
2413 1250 1939 3754 
2414 1939 383 3754 
2415 84 85 3755 
2416 85 1305 3755 
2417 1305 84 3755 
2418 99 100 3756 
2419 100 1306 3756 
2420 1306 99 3756 
2421 1883 1131 3757 
2422 1131 2969 3757 
2423 2969 1883 3757 
2424 732 1592 3758 
2425 1592 1758 3758 
2426 1758 732 3758 
2427 580 1058 3759 
2428 1058 1783 3759 
2429 1783 580 3759 
2430 988 681 3760 
2431 681 2666 3760 
2432 2666 988 3760 
2433 1691 979 3761 
2434 979 2291 3761 
2435 2291 1691 3761 
2436 440 1022 3762 
2437 1022 2059 3762 
2438 2059 440 3762 
2439 1023 441 3763 
2440 441 2060 3763 
2441 2060 1023 3763 
2442 1157 826 3764 
2443 826 1544 3764 
2444 1544 1157 3764 
2445 525 1282 3765 
2446 1282 1680 3765 
2447 1680 525 3765 
2448 404 1097 3766 
2449 1097 2216 3766 
2450 2216 404 3766 
2451 951 598 3767 
2452 598 1557 3767 
2453 1557 951 3767 
2454 2182 930 3768 
2455 930 2953 3768 
2456 2953 2182 3768 
2457 1174 3 3769 
2458 3 2143 3769 
2459 2143 1174 3769 
2460 179 180 3770 
2461 180 1204 3770 
2462 1204 179 3770 
2463 1570 1083 3771 
2464 1083 2840 3771 
2465 2840 1570 3771 
2466 1044 563 3772 
2467 563 2159 3772 
2468 2159 1044 3772 
2469 1882 888 3773 
2470 888 2123 3773 
2471 2123 1882 3773 
2472 531 1175 3774 
2473 1175 2235 3774 
2474 2235 531 3774 
2475 656 1276 3775 
2476 1276 1886 3775 
2477 1886 656 3775 
2478 661 1031 3776 
2479 1031 1811 3776 
2480 1811 661 3776 
2481 927 1855 3777 
2482 1855 2574 3777 
2483 2574 927 3777 
2484 814 1037 3778 
2485 1037 2225 3778 
2486 2225 814 3778 
2487 388 1840 3779 
2488 1840 1958 3779 
2489 1958 388 3779 
2490 1995 527 3780 
2491 527 2021 3780 
2492 2021 1995 3780 
2493 1058 580 3781 
2494 580 1835 3781 
2495 1835 1058 3781 
2496 1057 359 3782 
2497 359 1530 3782 
2498 1530 1057 3782 
2499 559 1057 3783 
2500 1057 1530 3783 
2501 1530 559 3783 
2502 22 23 3784 
2503 23 1181 3784 
2504 1181 22 3784 
2505 486 1050 3785 
2506 1050 1803 3785 
2507 1803 486 3785 
2508 1918 1284 3786 
2509 1284 2352 3786 
2510 2352 1918 3786 
2511 548 1009 3787 
2512 1009 2115 3787 
2513 2115 548 3787 
2514 147 1155 3788 
2515 1155 1512 3788 
2516 1512 147 3788 
2517 446 1031 3789 
2518 1031 1950 3789 
2519 1950 446 3789 
2520 974 654 3790 
2521 654 2003 3790 
2522 2003 974 3790 
2523 424 1065 3791 
2524 1065 1854 3791 
2525 1854 424 3791 
2526 1064 423 3792 
2527 423 1853 3792 
2528 1853 1064 3792 
2529 1604 431 3793 
2530 431 2579 3793 
2531 2579 1604 3793 
2532 1122 582 3794 
2533 582 2554 3794 
2534 2554 1122 3794 
2535 560 1099 3795 
2536 1099 2776 3795 
2537 2776 560 3795 
2538 460 1324 3796 
2539 1324 1786 3796 
2540 1786 460 3796 
2541 984 447 3797 
2542 447 2418 3797 
2543 2418 984 3797 
2544 504 1047 3798 
2545 1047 2342 3798 
2546 2342 504 3798 
2547 1988 721 3799 
2548 721 2901 3799 
2549 2901 1988 3799 
2550 549 1128 3800 
2551 1128 1422 3800 
2552 1422 549 3800 
2553 561 2584 3801 
2554 2584 2770 3801 
2555 2770 561 3801 
2556 2183 1474 3802 
2557 1474 2759 3802 
2558 2759 2183 3802 
2559 1155 148 3803 
2560 148 2006 3803 
2561 2006 1155 3803 
2562 93 94 3804 
2563 94 1605 3804 
2564 1605 93 3804 
2565 1475 282 3805 
2566 282 2299 3805 
2567 2299 1475 3805 
2568 995 1475 3806 
2569 1475 2299 3806 
2570 2299 995 3806 
2571 642 1614 3807 
2572 1614 1865 3807 
2573 1865 642 3807 
2574 1265 1799 3808 
2575 1799 2549 3808 
2576 2549 1265 3808 
2577 1288 643 3809 
2578 643 1328 3809 
2579 1328 1288 3809 
2580 866 1630 3810 
2581 1630 1858 3810 
2582 1858 866 3810 
2583 638 1218 3811 
2584 1218 1688 3811 
2585 1688 638 3811 
2586 1456 650 3812 
2587 650 1466 3812 
2588 1466 1456 3812 
2589 1519 1113 3813 
2590 1113 2885 3813 
2591 2885 1519 3813 
2592 978 373 3814 
2593 373 2260 3814 
2594 2260 978 3814 
2595 1009 429 3815 
2596 429 2523 3815 
2597 2523 1009 3815 
2598 543 1151 3816 
2599 1151 2407 3816 
2600 2407 543 3816 
2601 1152 544 3817 
2602 544 2408 3817 
2603 2408 1152 3817 
2604 2291 979 3818 
2605 979 2490 3818 
2606 2490 2291 3818 
2607 865 1450 3819 
2608 1450 1966 3819 
2609 1966 865 3819 
2610 1450 694 3820 
2611 694 1966 3820 
2612 1966 1450 3820 
2613 1031 661 3821 
2614 661 1950 3821 
2615 1950 1031 3821 
2616 1774 1012 3822 
2617 1012 1941 3822 
2618 1941 1774 3822 
2619 450 1505 3823 
2620 1505 2957 3823 
2621 2957 450 3823 
2622 929 412 3824 
2623 412 1789 3824 
2624 1789 929 3824 
2625 1062 404 3825 
2626 404 1914 3825 
2627 1914 1062 3825 
2628 896 1134 3826 
2629 1134 2583 3826 
2630 2583 896 3826 
2631 865 1341 3827 
2632 1341 2127 3827 
2633 2127 865 3827 
2634 1341 408 3828 
2635 408 2127 3828 
2636 2127 1341 3828 
2637 524 2012 3829 
2638 2012 2512 3829 
2639 2512 524 3829 
2640 712 2017 3830 
2641 2017 2593 3830 
2642 2593 712 3830 
2643 945 1218 3831 
2644 1218 2639 3831 
2645 2639 945 3831 
2646 1218 323 3832 
2647 323 2639 3832 
2648 2639 1218 3832 
2649 396 1647 3833 
2650 1647 2036 3833 
2651 2036 396 3833 
2652 670 969 3834 
2653 969 1423 3834 
2654 1423 670 3834 
2655 1037 353 3835 
2656 353 1673 3835 
2657 1673 1037 3835 
2658 522 1460 3836 
2659 1460 1654 3836 
2660 1654 522 3836 
2661 1055 739 3837 
2662 739 1578 3837 
2663 1578 1055 3837 
2664 908 582 3838 
2665 582 1239 3838 
2666 1239 908 3838 
2667 407 2183 3839 
2668 2183 2759 3839 
2669 2759 407 3839 
2670 1266 1042 3840 
2671 1042 2633 3840 
2672 2633 1266 3840 
2673 1098 422 3841 
2674 422 2434 3841 
2675 2434 1098 3841 
2676 1218 638 3842 
2677 638 3012 3842 
2678 3012 1218 3842 
2679 259 2487 3843 
2680 2487 2611 3843 
2681 2611 259 3843 
2682 1465 43 3844 
2683 43 1909 3844 
2684 1909 1465 3844 
2685 505 1002 3845 
2686 1002 1434 3845 
2687 1434 505 3845 
2688 1041 752 3846 
2689 752 2287 3846 
2690 2287 1041 3846 
2691 619 1018 3847 
2692 1018 1772 3847 
2693 1772 619 3847 
2694 841 1394 3848 
2695 1394 1758 3848 
2696 1758 841 3848 
2697 1178 1451 3849 
2698 1451 2918 3849 
2699 2918 1178 3849 
2700 1576 597 3850 
2701 597 2914 3850 
2702 2914 1576 3850 
2703 725 1318 3851 
2704 1318 2214 3851 
2705 2214 725 3851 
2706 342 1194 3852 
2707 1194 1568 3852 
2708 1568 342 3852 
2709 1128 342 3853 
2710 342 1422 3853 
2711 1422 1128 3853 
2712 418 2014 3854 
2713 2014 2217 3854 
2714 2217 418 3854 
2715 1116 242 3855 
2716 242 1596 3855 
2717 1596 1116 3855 
2718 547 1227 3856 
2719 1227 2969 3856 
2720 2969 547 3856 
2721 1440 1052 3857 
2722 1052 2466 3857 
2723 2466 1440 3857 
2724 1186 280 3858 
2725 280 1788 3858 
2726 1788 1186 3858 
2727 655 1106 3859 
2728 1106 1701 3859 
2729 1701 655 3859 
2730 1118 933 3860 
2731 933 2353 3860 
2732 2353 1118 3860 
2733 66 1202 3861 
2734 1202 2210 3861 
2735 2210 66 3861 
2736 404 1062 3862 
2737 1062 1556 3862 
2738 1556 404 3862 
2739 537 1198 3863 
2740 1198 2158 3863 
2741 2158 537 3863 
2742 1391 389 3864 
2743 389 1735 3864 
2744 1735 1391 3864 
2745 551 1351 3865 
2746 1351 1454 3865 
2747 1454 551 3865 
2748 1424 561 3866 
2749 561 2770 3866 
2750 2770 1424 3866 
2751 1407 1136 3867 
2752 1136 2584 3867 
2753 2584 1407 3867 
2754 1022 440 3868 
2755 440 2106 3868 
2756 2106 1022 3868 
2757 1023 514 3869 
2758 514 2107 3869 
2759 2107 1023 3869 
2760 1244 1132 3870 
2761 1132 2839 3870 
2762 2839 1244 3870 
2763 1030 617 3871 
2764 617 2988 3871 
2765 2988 1030 3871 
2766 1020 277 3872 
2767 277 2311 3872 
2768 2311 1020 3872 
2769 1192 944 3873 
2770 944 2703 3873 
2771 2703 1192 3873 
2772 465 1192 3874 
2773 1192 2703 3874 
2774 2703 465 3874 
2775 1192 322 3875 
2776 322 2981 3875 
2777 2981 1192 3875 
2778 1075 581 3876 
2779 581 1831 3876 
2780 1831 1075 3876 
2781 489 1124 3877 
2782 1124 2839 3877 
2783 2839 489 3877 
2784 803 1098 3878 
2785 1098 2434 3878 
2786 2434 803 3878 
2787 385 990 3879 
2788 990 1932 3879 
2789 1932 385 3879 
2790 320 1456 3880 
2791 1456 1466 3880 
2792 1466 320 3880 
2793 435 1770 3881 
2794 1770 2365 3881 
2795 2365 435 3881 
2796 205 204 3882 
2797 204 1208 3882 
2798 1208 205 3882 
2799 1198 534 3883 
2800 534 1375 3883 
2801 1375 1198 3883 
2802 460 1125 3884 
2803 1125 2404 3884 
2804 2404 460 3884 
2805 360 1009 3885 
2806 1009 2034 3885 
2807 2034 360 3885 
2808 73 74 3886 
2809 74 1427 3886 
2810 1427 73 3886 
2811 509 1308 3887 
2812 1308 1809 3887 
2813 1809 509 3887 
2814 540 1234 3888 
2815 1234 1345 3888 
2816 1345 540 3888 
2817 1267 480 3889 
2818 480 2282 3889 
2819 2282 1267 3889 
2820 1476 2199 3890 
2821 2199 2984 3890 
2822 2984 1476 3890 
2823 1073 301 3891 
2824 301 2062 3891 
2825 2062 1073 3891 
2826 1165 432 3892 
2827 432 2630 3892 
2828 2630 1165 3892 
2829 1612 981 3893 
2830 981 1868 3893 
2831 1868 1612 3893 
2832 982 1613 3894 
2833 1613 1867 3894 
2834 1867 982 3894 
2835 2084 1212 3895 
2836 1212 2230 3895 
2837 2230 2084 3895 
2838 657 1037 3896 
2839 1037 1676 3896 
2840 1676 657 3896 
2841 951 499 3897 
2842 499 1671 3897 
2843 1671 951 3897 
2844 1134 896 3898 
2845 896 2609 3898 
2846 2609 1134 3898 
2847 91 1245 3899 
2848 1245 2248 3899 
2849 2248 91 3899 
2850 73 1427 3900 
2851 1427 1908 3900 
2852 1908 73 3900 
2853 413 1157 3901 
2854 1157 2586 3901 
2855 2586 413 3901 
2856 620 2239 3902 
2857 2239 2422 3902 
2858 2422 620 3902 
2859 475 1191 3903 
2860 1191 2492 3903 
2861 2492 475 3903 
2862 349 1173 3904 
2863 1173 1849 3904 
2864 1849 349 3904 
2865 1024 447 3905 
2866 447 1536 3905 
2867 1536 1024 3905 
2868 393 1518 3906 
2869 1518 1668 3906 
2870 1668 393 3906 
2871 235 1669 3907 
2872 1669 2994 3907 
2873 2994 235 3907 
2874 1109 646 3908 
2875 646 1749 3908 
2876 1749 1109 3908 
2877 687 1040 3909 
2878 1040 1583 3909 
2879 1583 687 3909 
2880 527 1995 3910 
2881 1995 2791 3910 
2882 2791 527 3910 
2883 1046 433 3911 
2884 433 1891 3911 
2885 1891 1046 3911 
2886 484 1495 3912 
2887 1495 2190 3912 
2888 2190 484 3912 
2889 1407 692 3913 
2890 692 1989 3913 
2891 1989 1407 3913 
2892 244 1388 3914 
2893 1388 2019 3914 
2894 2019 244 3914 
2895 1059 547 3915 
2896 547 2118 3915 
2897 2118 1059 3915 
2898 1432 2284 3916 
2899 2284 2470 3916 
2900 2470 1432 3916 
2901 1220 535 3917 
2902 535 2734 3917 
2903 2734 1220 3917 
2904 302 1059 3918 
2905 1059 2602 3918 
2906 2602 302 3918 
2907 304 1149 3919 
2908 1149 1383 3919 
2909 1383 304 3919 
2910 65 1081 3920 
2911 1081 1841 3920 
2912 1841 65 3920 
2913 420 1988 3921 
2914 1988 2613 3921 
2915 2613 420 3921 
2916 1542 316 3922 
2917 316 2270 3922 
2918 2270 1542 3922 
2919 1471 1218 3923 
2920 1218 3012 3923 
2921 3012 1471 3923 
2922 751 1540 3924 
2923 1540 1697 3924 
2924 1697 751 3924 
2925 599 1519 3925 
2926 1519 2885 3925 
2927 2885 599 3925 
2928 1302 1023 3926 
2929 1023 2918 3926 
2930 2918 1302 3926 
2931 1001 365 3927 
2932 365 1902 3927 
2933 1902 1001 3927 
2934 700 1480 3928 
2935 1480 2289 3928 
2936 2289 700 3928 
2937 983 706 3929 
2938 706 1527 3929 
2939 1527 983 3929 
2940 1084 295 3930 
2941 295 1948 3930 
2942 1948 1084 3930 
2943 1495 484 3931 
2944 484 2355 3931 
2945 2355 1495 3931 
2946 1012 1774 3932 
2947 1774 2090 3932 
2948 2090 1012 3932 
2949 1451 310 3933 
2950 310 2918 3933 
2951 2918 1451 3933 
2952 249 1148 3934 
2953 1148 1497 3934 
2954 1497 249 3934 
2955 406 1321 3935 
2956 1321 2182 3935 
2957 2182 406 3935 
2958 79 80 3936 
2959 80 1723 3936 
2960 1723 79 3936 
2961 104 105 3937 
2962 105 1724 3937 
2963 1724 104 3937 
2964 543 1086 3938 
2965 1086 1723 3938 
2966 1723 543 3938 
2967 1087 544 3939 
2968 544 1724 3939 
2969 1724 1087 3939 
2970 243 1288 3940 
2971 1288 1328 3940 
2972 1328 243 3940 
2973 1205 919 3941 
2974 919 2853 3941 
2975 2853 1205 3941 
2976 149 150 3942 
2977 150 1248 3942 
2978 1248 149 3942 
2979 1250 383 3943 
2980 383 1926 3943 
2981 1926 1250 3943 
2982 1033 380 3944 
2983 380 2135 3944 
2984 2135 1033 3944 
2985 1191 268 3945 
2986 268 2492 3945 
2987 2492 1191 3945 
2988 1244 552 3946 
2989 552 2854 3946 
2990 2854 1244 3946 
2991 387 1883 3947 
2992 1883 2969 3947 
2993 2969 387 3947 
2994 1314 362 3948 
2995 362 1896 3948 
2996 1896 1314 3948 
2997 542 1349 3949 
2998 1349 2863 3949 
2999 2863 542 3949 
3000 342 1040 3950 
3001 1040 2218 3950 
3002 2218 342 3950 
3003 1768 700 3951 
3004 700 2289 3951 
3005 2289 1768 3951 
3006 525 1279 3952 
3007 1279 2233 3952 
3008 2233 525 3952 
3009 885 398 3953 
3010 398 2695 3953 
3011 2695 885 3953 
3012 1138 462 3954 
3013 462 2544 3954 
3014 2544 1138 3954 
3015 1502 600 3955 
3016 600 2500 3955 
3017 2500 1502 3955 
3018 870 1642 3956 
3019 1642 2752 3956 
3020 2752 870 3956 
3021 1344 1313 3957 
3022 1313 2717 3957 
3023 2717 1344 3957 
3024 852 1231 3958 
3025 1231 2540 3958 
3026 2540 852 3958 
3027 447 1024 3959 
3028 1024 2061 3959 
3029 2061 447 3959 
3030 2531 542 3960 
3031 542 2863 3960 
3032 2863 2531 3960 
3033 486 896 3961 
3034 896 2583 3961 
3035 2583 486 3961 
3036 401 1476 3962 
3037 1476 2984 3962 
3038 2984 401 3962 
3039 1081 65 3963 
3040 65 2210 3963 
3041 2210 1081 3963 
3042 1167 561 3964 
3043 561 1424 3964 
3044 1424 1167 3964 
3045 1349 542 3965 
3046 542 1582 3965 
3047 1582 1349 3965 
3048 1097 404 3966 
3049 404 1556 3966 
3050 1556 1097 3966 
3051 2266 448 3967 
3052 448 2540 3967 
3053 2540 2266 3967 
3054 715 1351 3968 
3055 1351 1690 3968 
3056 1690 715 3968 
3057 1351 551 3969 
3058 551 1690 3969 
3059 1690 1351 3969 
3060 44 1043 3970 
3061 1043 1909 3970 
3062 1909 44 3970 
3063 1770 435 3971 
3064 435 2343 3971 
3065 2343 1770 3971 
3066 1019 556 3972 
3067 556 1748 3972 
3068 1748 1019 3972 
3069 953 521 3973 
3070 521 2055 3973 
3071 2055 953 3973 
3072 1505 1164 3974 
3073 1164 2957 3974 
3074 2957 1505 3974 
3075 256 1387 3975 
3076 1387 2666 3975 
3077 2666 256 3975 
3078 220 1069 3976 
3079 1069 2046 3976 
3080 2046 220 3976 
3081 160 992 3977 
3082 992 2605 3977 
3083 2605 160 3977 
3084 1809 1308 3978 
3085 1308 2940 3978 
3086 2940 1809 3978 
3087 1041 245 3979 
3088 245 2205 3979 
3089 2205 1041 3979 
3090 1209 796 3980 
3091 796 2697 3980 
3092 2697 1209 3980 
3093 132 1264 3981 
3094 1264 2565 3981 
3095 2565 132 3981 
3096 1263 52 3982 
3097 52 2564 3982 
3098 2564 1263 3982 
3099 1146 348 3983 
3100 348 1818 3983 
3101 1818 1146 3983 
3102 1221 551 3984 
3103 551 2794 3984 
3104 2794 1221 3984 
3105 654 974 3985 
3106 974 1595 3985 
3107 1595 654 3985 
3108 1404 548 3986 
3109 548 1508 3986 
3110 1508 1404 3986 
3111 1055 549 3987 
3112 549 2254 3987 
3113 2254 1055 3987 
3114 739 1055 3988 
3115 1055 2254 3988 
3116 2254 739 3988 
3117 830 1579 3989 
3118 1579 1827 3989 
3119 1827 830 3989 
3120 163 1135 3990 
3121 1135 2682 3990 
3122 2682 163 3990 
3123 249 980 3991 
3124 980 1745 3991 
3125 1745 249 3991 
3126 578 1371 3992 
3127 1371 1949 3992 
3128 1949 578 3992 
3129 439 1011 3993 
3130 1011 1751 3993 
3131 1751 439 3993 
3132 1018 619 3994 
3133 619 1860 3994 
3134 1860 1018 3994 
3135 158 1038 3995 
3136 1038 1847 3995 
3137 1847 158 3995 
3138 1738 1084 3996 
3139 1084 1874 3996 
3140 1874 1738 3996 
3141 1260 723 3997 
3142 723 1984 3997 
3143 1984 1260 3997 
3144 724 1261 3998 
3145 1261 1985 3998 
3146 1985 724 3998 
3147 1517 402 3999 
3148 402 2385 3999 
3149 2385 1517 3999 
3150 628 1612 4000 
3151 1612 1868 4000 
3152 1868 628 4000 
3153 1613 629 4001 
3154 629 1867 4001 
3155 1867 1613 4001 
3156 316 1604 4002 
3157 1604 2047 4002 
3158 2047 316 4002 
3159 222 1070 4003 
3160 1070 1509 4003 
3161 1509 222 4003 
3162 577 1327 4004 
3163 1327 2193 4004 
3164 2193 577 4004 
3165 1253 683 4005 
3166 683 1848 4005 
3167 1848 1253 4005 
3168 137 138 4006 
3169 138 1319 4006 
3170 1319 137 4006 
3171 1031 446 4007 
3172 446 2265 4007 
3173 2265 1031 4007 
3174 238 1085 4008 
3175 1085 1805 4008 
3176 1805 238 4008 
3177 535 1383 4009 
3178 1383 2734 4009 
3179 2734 535 4009 
3180 657 1598 4010 
3181 1598 2229 4010 
3182 2229 657 4010 
3183 1259 367 4011 
3184 367 1524 4011 
3185 1524 1259 4011 
3186 1097 1556 4012 
3187 1556 2924 4012 
3188 2924 1097 4012 
3189 556 1130 4013 
3190 1130 1481 4013 
3191 1481 556 4013 
3192 1682 1205 4014 
3193 1205 2853 4014 
3194 2853 1682 4014 
3195 1564 543 4015 
3196 543 2456 4015 
3197 2456 1564 4015 
3198 544 1565 4016 
3199 1565 2457 4016 
3200 2457 544 4016 
3201 1318 1981 4017 
3202 1981 2214 4017 
3203 2214 1318 4017 
3204 1338 1146 4018 
3205 1146 2844 4018 
3206 2844 1338 4018 
3207 1855 927 4019 
3208 927 2548 4019 
3209 2548 1855 4019 
3210 428 1142 4020 
3211 1142 1725 4020 
3212 1725 428 4020 
3213 1546 827 4021 
3214 827 2132 4021 
3215 2132 1546 4021 
3216 1274 640 4022 
3217 640 1491 4022 
3218 1491 1274 4022 
3219 1712 283 4023 
3220 283 2237 4023 
3221 2237 1712 4023 
3222 1120 749 4024 
3223 749 2324 4024 
3224 2324 1120 4024 
3225 1236 518 4025 
3226 518 1388 4025 
3227 1388 1236 4025 
3228 574 1290 4026 
3229 1290 2295 4026 
3230 2295 574 4026 
3231 1036 328 4027 
3232 328 1732 4027 
3233 1732 1036 4027 
3234 1075 397 4028 
3235 397 2095 4028 
3236 2095 1075 4028 
3237 991 428 4029 
3238 428 1725 4029 
3239 1725 991 4029 
3240 1085 616 4030 
3241 616 1805 4030 
3242 1805 1085 4030 
3243 294 2346 4031 
3244 2346 2983 4031 
3245 2983 294 4031 
3246 923 1449 4032 
3247 1449 2619 4032 
3248 2619 923 4032 
3249 1855 1093 4033 
3250 1093 2574 4033 
3251 2574 1855 4033 
3252 173 1074 4034 
3253 1074 2074 4034 
3254 2074 173 4034 
3255 1753 487 4035 
3256 487 2370 4035 
3257 2370 1753 4035 
3258 1995 1121 4036 
3259 1121 2791 4036 
3260 2791 1995 4036 
3261 641 1212 4037 
3262 1212 2084 4037 
3263 2084 641 4037 
3264 1247 569 4038 
3265 569 1442 4038 
3266 1442 1247 4038 
3267 785 365 4039 
3268 365 1808 4039 
3269 1808 785 4039 
3270 317 1370 4040 
3271 1370 1522 4040 
3272 1522 317 4040 
3273 956 609 4041 
3274 609 1929 4041 
3275 1929 956 4041 
3276 1531 732 4042 
3277 732 1758 4042 
3278 1758 1531 4042 
3279 1364 473 4043 
3280 473 1663 4043 
3281 1663 1364 4043 
3282 1038 636 4044 
3283 636 1847 4044 
3284 1847 1038 4044 
3285 470 1159 4045 
3286 1159 2580 4045 
3287 2580 470 4045 
3288 1228 1297 4046 
3289 1297 2087 4046 
3290 2087 1228 4046 
3291 350 1369 4047 
3292 1369 1662 4047 
3293 1662 350 4047 
3294 781 1073 4048 
3295 1073 2148 4048 
3296 2148 781 4048 
3297 1998 525 4049 
3298 525 2233 4049 
3299 2233 1998 4049 
3300 1058 477 4050 
3301 477 1783 4050 
3302 1783 1058 4050 
3303 992 160 4051 
3304 160 1674 4051 
3305 1674 992 4051 
3306 399 1096 4052 
3307 1096 2043 4052 
3308 2043 399 4052 
3309 218 225 4053 
3310 225 1209 4053 
3311 1209 218 4053 
3312 1296 909 4054 
3313 909 2223 4054 
3314 2223 1296 4054 
3315 1343 526 4055 
3316 526 1439 4055 
3317 1439 1343 4055 
3318 1432 276 4056 
3319 276 2284 4056 
3320 2284 1432 4056 
3321 743 1077 4057 
3322 1077 2249 4057 
3323 2249 743 4057 
3324 1077 370 4058 
3325 370 2249 4058 
3326 2249 1077 4058 
3327 2012 1107 4059 
3328 1107 2512 4059 
3329 2512 2012 4059 
3330 976 658 4060 
3331 658 2485 4060 
3332 2485 976 4060 
3333 1180 306 4061 
3334 306 1346 4061 
3335 1346 1180 4061 
3336 1986 308 4062 
3337 308 2709 4062 
3338 2709 1986 4062 
3339 1110 421 4063 
3340 421 2424 4063 
3341 2424 1110 4063 
3342 1199 571 4064 
3343 571 2985 4064 
3344 2985 1199 4064 
3345 1200 491 4065 
3346 491 2986 4065 
3347 2986 1200 4065 
3348 565 1029 4066 
3349 1029 1898 4066 
3350 1898 565 4066 
3351 1102 659 4067 
3352 659 1562 4067 
3353 1562 1102 4067 
3354 1163 495 4068 
3355 495 1567 4068 
3356 1567 1163 4068 
3357 812 1546 4069 
3358 1546 2105 4069 
3359 2105 812 4069 
3360 1382 820 4070 
3361 820 2522 4070 
3362 2522 1382 4070 
3363 772 2342 4071 
3364 2342 2837 4071 
3365 2837 772 4071 
3366 1210 560 4072 
3367 560 2776 4072 
3368 2776 1210 4072 
3369 532 1174 4073 
3370 1174 2143 4073 
3371 2143 532 4073 
3372 1032 379 4074 
3373 379 2314 4074 
3374 2314 1032 4074 
3375 335 1246 4075 
3376 1246 1415 4075 
3377 1415 335 4075 
3378 759 1359 4076 
3379 1359 1836 4076 
3380 1836 759 4076 
3381 1359 370 4077 
3382 370 1836 4077 
3383 1836 1359 4077 
3384 1094 588 4078 
3385 588 2501 4078 
3386 2501 1094 4078 
3387 2019 1388 4079 
3388 1388 2301 4079 
3389 2301 2019 4079 
3390 1167 563 4080 
3391 563 2576 4080 
3392 2576 1167 4080 
3393 1344 549 4081 
3394 549 1697 4081 
3395 1697 1344 4081 
3396 628 1087 4082 
3397 1087 2273 4082 
3398 2273 628 4082 
3399 1086 629 4083 
3400 629 2272 4083 
3401 2272 1086 4083 
3402 353 1037 4084 
3403 1037 1980 4084 
3404 1980 353 4084 
3405 411 1254 4085 
3406 1254 2173 4085 
3407 2173 411 4085 
3408 1162 506 4086 
3409 506 1456 4086 
3410 1456 1162 4086 
3411 1305 543 4087 
3412 543 2407 4087 
3413 2407 1305 4087 
3414 544 1306 4088 
3415 1306 2408 4088 
3416 2408 544 4088 
3417 562 1126 4089 
3418 1126 2804 4089 
3419 2804 562 4089 
3420 1653 526 4090 
3421 526 2509 4090 
3422 2509 1653 4090 
3423 1182 261 4091 
3424 261 1609 4091 
3425 1609 1182 4091 
3426 1096 696 4092 
3427 696 2043 4092 
3428 2043 1096 4092 
3429 1327 883 4093 
3430 883 2193 4093 
3431 2193 1327 4093 
3432 418 1284 4094 
3433 1284 1918 4094 
3434 1918 418 4094 
3435 655 1062 4095 
3436 1062 1914 4095 
3437 1914 655 4095 
3438 552 1124 4096 
3439 1124 2191 4096 
3440 2191 552 4096 
3441 1469 733 4097 
3442 733 1798 4097 
3443 1798 1469 4097 
3444 1886 1276 4098 
3445 1276 2192 4098 
3446 2192 1886 4098 
3447 1005 1779 4099 
3448 1779 2310 4099 
3449 2310 1005 4099 
3450 1037 657 4100 
3451 657 1980 4100 
3452 1980 1037 4100 
3453 1114 243 4101 
3454 243 1653 4101 
3455 1653 1114 4101 
3456 571 1215 4102 
3457 1215 2985 4102 
3458 2985 571 4102 
3459 491 1216 4103 
3460 1216 2986 4103 
3461 2986 491 4103 
3462 1393 386 4104 
3463 386 1394 4104 
3464 1394 1393 4104 
3465 561 1167 4105 
3466 1167 1577 4105 
3467 1577 561 4105 
3468 1206 2081 4106 
3469 2081 2322 4106 
3470 2322 1206 4106 
3471 310 1302 4107 
3472 1302 2918 4107 
3473 2918 310 4107 
3474 1869 578 4108 
3475 578 1949 4108 
3476 1949 1869 4108 
3477 242 1116 4109 
3478 1116 1920 4109 
3479 1920 242 4109 
3480 479 1219 4110 
3481 1219 1526 4110 
3482 1526 479 4110 
3483 34 1031 4111 
3484 1031 1769 4111 
3485 1769 34 4111 
3486 1798 733 4112 
3487 733 2032 4112 
3488 2032 1798 4112 
3489 1102 468 4113 
3490 468 1504 4113 
3491 1504 1102 4113 
3492 373 978 4114 
3493 978 2529 4114 
3494 2529 373 4114 
3495 515 1253 4115 
3496 1253 1615 4115 
3497 1615 515 4115 
3498 1077 463 4116 
3499 463 2541 4116 
3500 2541 1077 4116 
3501 1250 583 4117 
3502 583 1457 4117 
3503 1457 1250 4117 
3504 624 1016 4118 
3505 1016 2818 4118 
3506 2818 624 4118 
3507 640 1274 4119 
3508 1274 2082 4119 
3509 2082 640 4119 
3510 108 109 4120 
3511 109 1335 4120 
3512 1335 108 4120 
3513 75 76 4121 
3514 76 1336 4121 
3515 1336 75 4121 
3516 1124 1244 4122 
3517 1244 2839 4122 
3518 2839 1124 4122 
3519 2164 1382 4123 
3520 1382 2522 4123 
3521 2522 2164 4123 
3522 506 1789 4124 
3523 1789 2099 4124 
3524 2099 506 4124 
3525 1040 687 4125 
3526 687 2218 4125 
3527 2218 1040 4125 
3528 301 939 4126 
3529 939 2062 4126 
3530 2062 301 4126 
3531 1115 426 4127 
3532 426 2608 4127 
3533 2608 1115 4127 
3534 164 165 4128 
3535 165 1241 4128 
3536 1241 164 4128 
3537 1028 455 4129 
3538 455 2172 4129 
3539 2172 1028 4129 
3540 728 1918 4130 
3541 1918 2352 4130 
3542 2352 728 4130 
3543 1219 602 4131 
3544 602 1526 4131 
3545 1526 1219 4131 
3546 1099 611 4132 
3547 611 1575 4132 
3548 1575 1099 4132 
3549 1070 221 4133 
3550 221 2046 4133 
3551 2046 1070 4133 
3552 1120 442 4134 
3553 442 2411 4134 
3554 2411 1120 4134 
3555 1291 317 4135 
3556 317 2201 4135 
3557 2201 1291 4135 
3558 736 1357 4136 
3559 1357 1878 4136 
3560 1878 736 4136 
3561 1321 836 4137 
3562 836 2182 4137 
3563 2182 1321 4137 
3564 1035 649 4138 
3565 649 1712 4138 
3566 1712 1035 4138 
3567 1387 988 4139 
3568 988 2666 4139 
3569 2666 1387 4139 
3570 1556 1062 4140 
3571 1062 1669 4140 
3572 1669 1556 4140 
3573 1149 569 4141 
3574 569 2369 4141 
3575 2369 1149 4141 
3576 1222 257 4142 
3577 257 1690 4142 
3578 1690 1222 4142 
3579 244 1123 4143 
3580 1123 1528 4143 
3581 1528 244 4143 
3582 270 1945 4144 
3583 1945 2976 4144 
3584 2976 270 4144 
3585 641 972 4145 
3586 972 1523 4145 
3587 1523 641 4145 
3588 630 1363 4146 
3589 1363 1489 4146 
3590 1489 630 4146 
3591 581 1137 4147 
3592 1137 2220 4147 
3593 2220 581 4147 
3594 1363 523 4148 
3595 523 1489 4148 
3596 1489 1363 4148 
3597 614 1774 4149 
3598 1774 1941 4149 
3599 1941 614 4149 
3600 1383 535 4150 
3601 535 2359 4150 
3602 2359 1383 4150 
3603 617 1030 4151 
3604 1030 1872 4151 
3605 1872 617 4151 
3606 1779 378 4152 
3607 378 2310 4152 
3608 2310 1779 4152 
3609 644 1067 4153 
3610 1067 2129 4153 
3611 2129 644 4153 
3612 1066 645 4154 
3613 645 2128 4154 
3614 2128 1066 4154 
3615 1570 493 4155 
3616 493 2439 4155 
3617 2439 1570 4155 
3618 299 973 4156 
3619 973 1539 4156 
3620 1539 299 4156 
3621 1396 846 4157 
3622 846 1667 4157 
3623 1667 1396 4157 
3624 571 1199 4158 
3625 1199 1977 4158 
3626 1977 571 4158 
3627 584 1013 4159 
3628 1013 1618 4159 
3629 1618 584 4159 
3630 986 1339 4160 
3631 1339 2451 4160 
3632 2451 986 4160 
3633 749 1120 4161 
3634 1120 2411 4161 
3635 2411 749 4161 
3636 1669 879 4162 
3637 879 2011 4162 
3638 2011 1669 4162 
3639 1136 273 4163 
3640 273 2614 4163 
3641 2614 1136 4163 
3642 1127 656 4164 
3643 656 1843 4164 
3644 1843 1127 4164 
3645 334 1127 4165 
3646 1127 1843 4165 
3647 1843 334 4165 
3648 600 2428 4166 
3649 2428 2500 4166 
3650 2500 600 4166 
3651 999 156 4167 
3652 156 2546 4167 
3653 2546 999 4167 
3654 1045 619 4168 
3655 619 2672 4168 
3656 2672 1045 4168 
3657 713 1129 4169 
3658 1129 2160 4169 
3659 2160 713 4169 
3660 973 299 4170 
3661 299 2030 4170 
3662 2030 973 4170 
3663 1120 171 4171 
3664 171 1648 4171 
3665 1648 1120 4171 
3666 438 1296 4172 
3667 1296 2223 4172 
3668 2223 438 4172 
3669 156 999 4173 
3670 999 1912 4173 
3671 1912 156 4173 
3672 1606 425 4174 
3673 425 1915 4174 
3674 1915 1606 4174 
3675 1181 714 4175 
3676 714 2277 4175 
3677 2277 1181 4175 
3678 1581 1139 4176 
3679 1139 2769 4176 
3680 2769 1581 4176 
3681 1253 69 4177 
3682 69 1615 4177 
3683 1615 1253 4177 
3684 1927 826 4178 
3685 826 2079 4178 
3686 2079 1927 4178 
3687 2285 1027 4179 
3688 1027 2671 4179 
3689 2671 2285 4179 
3690 658 976 4180 
3691 976 1704 4180 
3692 1704 658 4180 
3693 229 228 4181 
3694 228 1214 4181 
3695 1214 229 4181 
3696 1059 425 4182 
3697 425 1606 4182 
3698 1606 1059 4182 
3699 1076 805 4183 
3700 805 2284 4183 
3701 2284 1076 4183 
3702 1133 360 4184 
3703 360 2101 4184 
3704 2101 1133 4184 
3705 933 1118 4185 
3706 1118 2855 4185 
3707 2855 933 4185 
3708 428 991 4186 
3709 991 1865 4186 
3710 1865 428 4186 
3711 619 1045 4187 
3712 1045 1860 4187 
3713 1860 619 4187 
3714 1047 353 4188 
3715 353 1980 4188 
3716 1980 1047 4188 
3717 1132 341 4189 
3718 341 2647 4189 
3719 2647 1132 4189 
3720 313 1165 4190 
3721 1165 2405 4190 
3722 2405 313 4190 
3723 195 1051 4191 
3724 1051 1813 4191 
3725 1813 195 4191 
3726 549 1406 4192 
3727 1406 1697 4192 
3728 1697 549 4192 
3729 332 1295 4193 
3730 1295 1454 4193 
3731 1454 332 4193 
3732 319 1234 4194 
3733 1234 1716 4194 
3734 1716 319 4194 
3735 1684 890 4195 
3736 890 2105 4195 
3737 2105 1684 4195 
3738 601 1079 4196 
3739 1079 2617 4196 
3740 2617 601 4196 
3741 1923 512 4197 
3742 512 2150 4197 
3743 2150 1923 4197 
3744 665 1138 4198 
3745 1138 2256 4198 
3746 2256 665 4198 
3747 744 1432 4199 
3748 1432 1433 4199 
3749 1433 744 4199 
3750 570 1581 4200 
3751 1581 2769 4200 
3752 2769 570 4200 
3753 800 1110 4201 
3754 1110 2424 4201 
3755 2424 800 4201 
3756 1211 323 4202 
3757 323 2561 4202 
3758 2561 1211 4202 
3759 572 1806 4203 
3760 1806 2986 4203 
3761 2986 572 4203 
3762 1558 367 4204 
3763 367 2566 4204 
3764 2566 1558 4204 
3765 1432 530 4205 
3766 530 1433 4205 
3767 1433 1432 4205 
3768 269 1374 4206 
3769 1374 1773 4206 
3770 1773 269 4206 
3771 1111 541 4207 
3772 541 2487 4207 
3773 2487 1111 4207 
3774 1501 843 4208 
3775 843 1975 4208 
3776 1975 1501 4208 
3777 730 1133 4209 
3778 1133 2101 4209 
3779 2101 730 4209 
3780 1051 195 4210 
3781 195 2423 4210 
3782 2423 1051 4210 
3783 119 1879 4211 
3784 1879 2560 4211 
3785 2560 119 4211 
3786 1254 977 4212 
3787 977 2173 4212 
3788 2173 1254 4212 
3789 42 43 4213 
3790 43 1465 4213 
3791 1465 42 4213 
3792 652 1903 4214 
3793 1903 2496 4214 
3794 2496 652 4214 
3795 1101 654 4215 
3796 654 1661 4215 
3797 1661 1101 4215 
3798 1044 1307 4216 
3799 1307 2906 4216 
3800 2906 1044 4216 
3801 2271 592 4217 
3802 592 2398 4217 
3803 2398 2271 4217 
3804 1274 1643 4218 
3805 1643 2082 4218 
3806 2082 1274 4218 
3807 559 1238 4219 
3808 1238 2568 4219 
3809 2568 559 4219 
3810 84 1305 4220 
3811 1305 2407 4220 
3812 2407 84 4220 
3813 1306 100 4221 
3814 100 2408 4221 
3815 2408 1306 4221 
3816 1276 458 4222 
3817 458 2134 4222 
3818 2134 1276 4222 
3819 1506 728 4223 
3820 728 1516 4223 
3821 1516 1506 4223 
3822 531 2235 4224 
3823 2235 2537 4224 
3824 2537 531 4224 
3825 714 1189 4225 
3826 1189 2277 4225 
3827 2277 714 4225 
3828 1053 1332 4226 
3829 1332 2568 4226 
3830 2568 1053 4226 
3831 1878 1357 4227 
3832 1357 2445 4227 
3833 2445 1878 4227 
3834 57 58 4228 
3835 58 1484 4228 
3836 1484 57 4228 
3837 126 127 4229 
3838 127 1483 4229 
3839 1483 126 4229 
3840 538 1201 4230 
3841 1201 1471 4230 
3842 1471 538 4230 
3843 1948 295 4231 
3844 295 2022 4231 
3845 2022 1948 4231 
3846 1282 726 4232 
3847 726 1680 4232 
3848 1680 1282 4232 
3849 1604 871 4233 
3850 871 2047 4233 
3851 2047 1604 4233 
3852 1307 487 4234 
3853 487 2906 4234 
3854 2906 1307 4234 
3855 1226 574 4235 
3856 574 1504 4235 
3857 1504 1226 4235 
3858 419 1242 4236 
3859 1242 2261 4236 
3860 2261 419 4236 
3861 584 1428 4237 
3862 1428 2948 4237 
3863 2948 584 4237 
3864 2948 1309 4238 
3865 1309 2975 4238 
3866 2975 2948 4238 
3867 1043 45 4239 
3868 45 1971 4239 
3869 1971 1043 4239 
3870 22 1181 4240 
3871 1181 2277 4240 
3872 2277 22 4240 
3873 161 989 4241 
3874 989 1674 4241 
3875 1674 161 4241 
3876 1073 745 4242 
3877 745 1525 4242 
3878 1525 1073 4242 
3879 207 206 4243 
3880 206 1229 4243 
3881 1229 207 4243 
3882 702 1155 4244 
3883 1155 2006 4244 
3884 2006 702 4244 
3885 288 1418 4245 
3886 1418 1775 4245 
3887 1775 288 4245 
3888 623 1566 4246 
3889 1566 2780 4246 
3890 2780 623 4246 
3891 1191 672 4247 
3892 672 1549 4247 
3893 1549 1191 4247 
3894 1548 508 4248 
3895 508 2574 4248 
3896 2574 1548 4248 
3897 433 1046 4249 
3898 1046 1969 4249 
3899 1969 433 4249 
3900 90 91 4250 
3901 91 2248 4250 
3902 2248 90 4250 
3903 1046 558 4251 
3904 558 1887 4251 
3905 1887 1046 4251 
3906 550 1412 4252 
3907 1412 2247 4252 
3908 2247 550 4252 
3909 558 1046 4253 
3910 1046 1891 4253 
3911 1891 558 4253 
3912 1056 414 4254 
3913 414 2829 4254 
3914 2829 1056 4254 
3915 27 28 4255 
3916 28 1301 4255 
3917 1301 27 4255 
3918 1656 1014 4256 
3919 1014 2706 4256 
3920 2706 1656 4256 
3921 688 1106 4257 
3922 1106 2694 4257 
3923 2694 688 4257 
3924 2342 1047 4258 
3925 1047 2837 4258 
3926 2837 2342 4258 
3927 1448 905 4259 
3928 905 2441 4259 
3929 2441 1448 4259 
3930 545 2187 4260 
3931 2187 2675 4260 
3932 2675 545 4260 
3933 1123 680 4261 
3934 680 2400 4261 
3935 2400 1123 4261 
3936 301 1073 4262 
3937 1073 2354 4262 
3938 2354 301 4262 
3939 261 1182 4263 
3940 1182 2161 4263 
3941 2161 261 4263 
3942 1806 1200 4264 
3943 1200 2986 4264 
3944 2986 1806 4264 
3945 32 1652 4265 
3946 1652 1872 4265 
3947 1872 32 4265 
3948 833 1356 4266 
3949 1356 1463 4266 
3950 1463 833 4266 
3951 602 1584 4267 
3952 1584 2468 4267 
3953 2468 602 4267 
3954 468 1226 4268 
3955 1226 1504 4268 
3956 1504 468 4268 
3957 636 2323 4269 
3958 2323 2546 4269 
3959 2546 636 4269 
3960 634 1171 4270 
3961 1171 1683 4270 
3962 1683 634 4270 
3963 1375 1072 4271 
3964 1072 2038 4271 
3965 2038 1375 4271 
3966 1370 646 4272 
3967 646 1522 4272 
3968 1522 1370 4272 
3969 1220 1058 4273 
3970 1058 3009 4273 
3971 3009 1220 4273 
3972 1151 543 4274 
3973 543 1723 4274 
3974 1723 1151 4274 
3975 544 1152 4275 
3976 1152 1724 4275 
3977 1724 544 4275 
3978 370 1237 4276 
3979 1237 1622 4276 
3980 1622 370 4276 
3981 693 1337 4277 
3982 1337 2390 4277 
3983 2390 693 4277 
3984 636 1038 4278 
3985 1038 1819 4278 
3986 1819 636 4278 
3987 1224 532 4279 
3988 532 2143 4279 
3989 2143 1224 4279 
3990 1289 747 4280 
3991 747 2964 4280 
3992 2964 1289 4280 
3993 1116 569 4281 
3994 569 1920 4281 
3995 1920 1116 4281 
3996 1049 677 4282 
3997 677 1924 4282 
3998 1924 1049 4282 
3999 1016 624 4283 
4000 624 1793 4283 
4001 1793 1016 4283 
4002 1142 510 4284 
4003 510 1725 4284 
4004 1725 1142 4284 
4005 589 1092 4285 
4006 1092 2266 4285 
4007 2266 589 4285 
4008 2139 889 4286 
4009 889 2766 4286 
4010 2766 2139 4286 
4011 1475 941 4287 
4012 941 2833 4287 
4013 2833 1475 4287 
4014 496 1209 4288 
4015 1209 2697 4288 
4016 2697 496 4288 
4017 1022 1323 4289 
4018 1323 2917 4289 
4019 2917 1022 4289 
4020 729 1529 4290 
4021 1529 1795 4290 
4022 1795 729 4290 
4023 1579 405 4291 
4024 405 1827 4291 
4025 1827 1579 4291 
4026 31 32 4292 
4027 32 1872 4292 
4028 1872 31 4292 
4029 425 1059 4293 
4030 1059 2118 4293 
4031 2118 425 4293 
4032 1011 439 4294 
4033 439 2032 4294 
4034 2032 1011 4294 
4035 245 1238 4295 
4036 1238 1443 4295 
4037 1443 245 4295 
4038 306 1555 4296 
4039 1555 1701 4296 
4040 1701 306 4296 
4041 1003 789 4297 
4042 789 2502 4297 
4043 2502 1003 4297 
4044 579 1317 4298 
4045 1317 1643 4298 
4046 1643 579 4298 
4047 974 250 4299 
4048 250 2065 4299 
4049 2065 974 4299 
4050 467 1190 4300 
4051 1190 2649 4300 
4052 2649 467 4300 
4053 1232 806 4301 
4054 806 2321 4301 
4055 2321 1232 4301 
4056 397 1075 4302 
4057 1075 1831 4302 
4058 1831 397 4302 
4059 696 1096 4303 
4060 1096 2316 4303 
4061 2316 696 4303 
4062 1085 238 4304 
4063 238 1766 4304 
4064 1766 1085 4304 
4065 598 951 4305 
4066 951 2209 4305 
4067 2209 598 4305 
4068 969 670 4306 
4069 670 1720 4306 
4070 1720 969 4306 
4071 359 1057 4307 
4072 1057 1936 4307 
4073 1936 359 4307 
4074 302 1637 4308 
4075 1637 2474 4308 
4076 2474 302 4308 
4077 1096 399 4309 
4078 399 1646 4309 
4079 1646 1096 4309 
4080 1006 582 4310 
4081 582 1417 4310 
4082 1417 1006 4310 
4083 1113 348 4311 
4084 348 2885 4311 
4085 2885 1113 4311 
4086 977 464 4312 
4087 464 1780 4312 
4088 1780 977 4312 
4089 1149 477 4313 
4090 477 2734 4313 
4091 2734 1149 4313 
4092 1517 823 4314 
4093 823 2139 4314 
4094 2139 1517 4314 
4095 939 352 4315 
4096 352 2112 4315 
4097 2112 939 4315 
4098 1067 644 4316 
4099 644 2973 4316 
4100 2973 1067 4316 
4101 692 1927 4317 
4102 1927 2079 4317 
4103 2079 692 4317 
4104 294 1552 4318 
4105 1552 2346 4318 
4106 2346 294 4318 
4107 1065 345 4319 
4108 345 2483 4319 
4109 2483 1065 4319 
4110 588 1094 4320 
4111 1094 1952 4320 
4112 1952 588 4320 
4113 564 1669 4321 
4114 1669 2011 4321 
4115 2011 564 4321 
4116 870 1539 4322 
4117 1539 2276 4322 
4118 2276 870 4322 
4119 1232 2321 4323 
4120 2321 2994 4323 
4121 2994 1232 4323 
4122 1219 233 4324 
4123 233 1544 4324 
4124 1544 1219 4324 
4125 203 201 4325 
4126 201 1417 4325 
4127 1417 203 4325 
4128 737 1162 4326 
4129 1162 1589 4326 
4130 1589 737 4326 
4131 1240 505 4327 
4132 505 1835 4327 
4133 1835 1240 4327 
4134 971 2271 4328 
4135 2271 2398 4328 
4136 2398 971 4328 
4137 524 1233 4329 
4138 1233 2012 4329 
4139 2012 524 4329 
4140 557 1250 4330 
4141 1250 1457 4330 
4142 1457 557 4330 
4143 2140 296 4331 
4144 296 2288 4331 
4145 2288 2140 4331 
4146 1280 581 4332 
4147 581 2499 4332 
4148 2499 1280 4332 
4149 768 1642 4333 
4150 1642 1737 4333 
4151 1737 768 4333 
4152 317 1460 4334 
4153 1460 2201 4334 
4154 2201 317 4334 
4155 1166 283 4335 
4156 283 1737 4335 
4157 1737 1166 4335 
4158 1443 538 4336 
4159 538 2464 4336 
4160 2464 1443 4336 
4161 873 2051 4337 
4162 2051 2096 4337 
4163 2096 873 4337 
4164 1242 831 4338 
4165 831 2261 4338 
4166 2261 1242 4338 
4167 857 1104 4339 
4168 1104 2378 4339 
4169 2378 857 4339 
4170 1351 332 4340 
4171 332 1454 4340 
4172 1454 1351 4340 
4173 1098 256 4341 
4174 256 2908 4341 
4175 2908 1098 4341 
4176 1027 286 4342 
4177 286 1774 4342 
4178 1774 1027 4342 
4179 1504 574 4343 
4180 574 2295 4343 
4181 2295 1504 4343 
4182 679 1150 4344 
4183 1150 2419 4344 
4184 2419 679 4344 
4185 687 1384 4345 
4186 1384 1660 4345 
4187 1660 687 4345 
4188 1384 534 4346 
4189 534 1660 4346 
4190 1660 1384 4346 
4191 670 970 4347 
4192 970 1720 4347 
4193 1720 670 4347 
4194 1327 577 4348 
4195 577 2418 4348 
4196 2418 1327 4348 
4197 1194 537 4349 
4198 537 1568 4349 
4199 1568 1194 4349 
4200 359 1298 4350 
4201 1298 1942 4350 
4202 1942 359 4350 
4203 1321 406 4351 
4204 406 2722 4351 
4205 2722 1321 4351 
4206 1450 950 4352 
4207 950 2510 4352 
4208 2510 1450 4352 
4209 237 1060 4353 
4210 1060 2054 4353 
4211 2054 237 4353 
4212 1463 1356 4354 
4213 1356 3000 4354 
4214 3000 1463 4354 
4215 851 1225 4355 
4216 1225 1722 4355 
4217 1722 851 4355 
4218 1532 878 4356 
4219 878 2630 4356 
4220 2630 1532 4356 
4221 83 2407 4357 
4222 2407 2731 4357 
4223 2731 83 4357 
4224 2408 101 4358 
4225 101 2732 4358 
4226 2732 2408 4358 
4227 433 2797 4359 
4228 2797 2869 4359 
4229 2869 433 4359 
4230 1064 344 4360 
4231 344 1826 4360 
4232 1826 1064 4360 
4233 613 1064 4361 
4234 1064 1826 4361 
4235 1826 613 4361 
4236 173 174 4362 
4237 174 2181 4362 
4238 2181 173 4362 
4239 1715 371 4363 
4240 371 2262 4363 
4241 2262 1715 4363 
4242 1134 639 4364 
4243 639 2583 4364 
4244 2583 1134 4364 
4245 1468 597 4365 
4246 597 1628 4365 
4247 1628 1468 4365 
4248 495 1163 4366 
4249 1163 2844 4366 
4250 2844 495 4366 
4251 1066 441 4367 
4252 441 1961 4367 
4253 1961 1066 4367 
4254 645 1066 4368 
4255 1066 1961 4368 
4256 1961 645 4368 
4257 108 1335 4369 
4258 1335 2922 4369 
4259 2922 108 4369 
4260 1336 76 4370 
4261 76 2923 4370 
4262 2923 1336 4370 
4263 659 1102 4371 
4264 1102 2718 4371 
4265 2718 659 4371 
4266 339 1175 4372 
4267 1175 1898 4372 
4268 1898 339 4372 
4269 1448 1076 4373 
4270 1076 1997 4373 
4271 1997 1448 4373 
4272 1080 562 4374 
4273 562 1857 4374 
4274 1857 1080 4374 
4275 2321 977 4375 
4276 977 2659 4375 
4277 2659 2321 4375 
4278 1354 335 4376 
4279 335 1415 4376 
4280 1415 1354 4376 
4281 1124 489 4377 
4282 489 1627 4377 
4283 1627 1124 4377 
4284 510 1397 4378 
4285 1397 1784 4378 
4286 1784 510 4378 
4287 494 985 4379 
4288 985 1730 4379 
4289 1730 494 4379 
4290 371 1494 4380 
4291 1494 2262 4380 
4292 2262 371 4380 
4293 426 1115 4381 
4294 1115 1901 4381 
4295 1901 426 4381 
4296 3 4 4382 
4297 4 2143 4382 
4298 2143 3 4382 
4299 705 1172 4383 
4300 1172 2890 4383 
4301 2890 705 4383 
4302 1617 1289 4384 
4303 1289 2964 4384 
4304 2964 1617 4384 
4305 450 1026 4385 
4306 1026 1505 4385 
4307 1505 450 4385 
4308 535 2427 4386 
4309 2427 2733 4386 
4310 2733 535 4386 
4311 1088 454 4387 
4312 454 2414 4387 
4313 2414 1088 4387 
4314 561 1407 4388 
4315 1407 2584 4388 
4316 2584 561 4388 
4317 1063 533 4389 
4318 533 2933 4389 
4319 2933 1063 4389 
4320 648 1115 4390 
4321 1115 2319 4390 
4322 2319 648 4390 
4323 1332 559 4391 
4324 559 2568 4391 
4325 2568 1332 4391 
4326 1879 1078 4392 
4327 1078 2560 4392 
4328 2560 1879 4392 
4329 1888 868 4393 
4330 868 2852 4393 
4331 2852 1888 4393 
4332 620 1705 4394 
4333 1705 2239 4394 
4334 2239 620 4394 
4335 441 1066 4395 
4336 1066 2550 4395 
4337 2550 441 4395 
4338 196 197 4396 
4339 197 1325 4396 
4340 1325 196 4396 
4341 754 1778 4397 
4342 1778 1998 4397 
4343 1998 754 4397 
4344 386 1531 4398 
4345 1531 1758 4398 
4346 1758 386 4398 
4347 1422 342 4399 
4348 342 1568 4399 
4349 1568 1422 4399 
4350 1130 556 4400 
4351 556 1605 4400 
4352 1605 1130 4400 
4353 1024 555 4401 
4354 555 2061 4401 
4355 2061 1024 4401 
4356 776 1276 4402 
4357 1276 2134 4402 
4358 2134 776 4402 
4359 344 1064 4403 
4360 1064 1906 4403 
4361 1906 344 4403 
4362 442 1120 4404 
4363 1120 2744 4404 
4364 2744 442 4404 
4365 537 2158 4405 
4366 2158 2660 4405 
4367 2660 537 4405 
4368 1403 693 4406 
4369 693 2390 4406 
4370 2390 1403 4406 
4371 2407 1151 4407 
4372 1151 2731 4407 
4373 2731 2407 4407 
4374 1152 2408 4408 
4375 2408 2732 4408 
4376 2732 1152 4408 
4377 1072 558 4409 
4378 558 2038 4409 
4379 2038 1072 4409 
4380 577 1378 4410 
4381 1378 2418 4410 
4382 2418 577 4410 
4383 563 1167 4411 
4384 1167 2822 4411 
4385 2822 563 4411 
4386 422 1098 4412 
4387 1098 2186 4412 
4388 2186 422 4412 
4389 89 90 4413 
4390 90 1897 4413 
4391 1897 89 4413 
4392 692 1629 4414 
4393 1629 1989 4414 
4394 1989 692 4414 
4395 1093 719 4415 
4396 719 1973 4415 
4397 1973 1093 4415 
4398 1688 1218 4416 
4399 1218 2949 4416 
4400 2949 1688 4416 
4401 1186 855 4417 
4402 855 1733 4417 
4403 1733 1186 4417 
4404 837 1474 4418 
4405 1474 2183 4418 
4406 2183 837 4418 
4407 521 1315 4419 
4408 1315 1514 4419 
4409 1514 521 4419 
4410 780 1114 4420 
4411 1114 1653 4420 
4412 1653 780 4420 
4413 343 1080 4421 
4414 1080 2197 4421 
4415 2197 343 4421 
4416 2026 1441 4422 
4417 1441 2690 4422 
4418 2690 2026 4422 
4419 954 1468 4423 
4420 1468 2722 4423 
4421 2722 954 4423 
4422 1279 340 4424 
4423 340 2438 4424 
4424 2438 1279 4424 
4425 1197 512 4425 
4426 512 1968 4425 
4427 1968 1197 4425 
4428 463 1077 4426 
4429 1077 2058 4426 
4430 2058 463 4426 
4431 325 1215 4427 
4432 1215 1790 4427 
4433 1790 325 4427 
4434 1323 309 4428 
4435 309 2917 4428 
4436 2917 1323 4428 
4437 379 1797 4429 
4438 1797 2002 4429 
4439 2002 379 4429 
4440 596 896 4430 
4441 896 2459 4430 
4442 2459 596 4430 
4443 1529 603 4431 
4444 603 1795 4431 
4445 1795 1529 4431 
4446 669 1076 4432 
4447 1076 2102 4432 
4448 2102 669 4432 
4449 449 1060 4433 
4450 1060 1874 4433 
4451 1874 449 4433 
4452 964 1252 4434 
4453 1252 2331 4434 
4454 2331 964 4434 
4455 1303 571 4435 
4456 571 1889 4435 
4457 1889 1303 4435 
4458 1079 689 4436 
4459 689 1922 4436 
4460 1922 1079 4436 
4461 1606 606 4437 
4462 606 1637 4437 
4463 1637 1606 4437 
4464 1081 665 4438 
4465 665 1841 4438 
4466 1841 1081 4438 
4467 510 1142 4439 
4468 1142 2056 4439 
4469 2056 510 4439 
4470 1662 1369 4440 
4471 1369 2750 4440 
4472 2750 1662 4440 
4473 451 2084 4441 
4474 2084 2230 4441 
4475 2230 451 4441 
4476 1654 1460 4442 
4477 1460 2347 4442 
4478 2347 1654 4442 
4479 1808 365 4443 
4480 365 2320 4443 
4481 2320 1808 4443 
4482 1758 1592 4444 
4483 1592 2263 4444 
4484 2263 1758 4444 
4485 432 962 4445 
4486 962 2388 4445 
4487 2388 432 4445 
4488 602 1219 4446 
4489 1219 1544 4446 
4490 1544 602 4446 
4491 2289 345 4447 
4492 345 2833 4447 
4493 2833 2289 4447 
4494 456 1080 4448 
4495 1080 1857 4448 
4496 1857 456 4448 
4497 1639 635 4449 
4498 635 1694 4449 
4499 1694 1639 4449 
4500 72 1183 4450 
4501 1183 2513 4450 
4502 2513 72 4450 
4503 1839 947 4451 
4504 947 2916 4451 
4505 2916 1839 4451 
4506 675 1078 4452 
4507 1078 1879 4452 
4508 1879 675 4452 
4509 198 199 4453 
4510 199 1330 4453 
4511 1330 198 4453 
4512 1425 738 4454 
4513 738 1969 4454 
4514 1969 1425 4454 
4515 1087 105 4455 
4516 105 2273 4455 
4517 2273 1087 4455 
4518 79 1086 4456 
4519 1086 2272 4456 
4520 2272 79 4456 
4521 1167 347 4457 
4522 347 1577 4457 
4523 1577 1167 4457 
4524 1143 1558 4458 
4525 1558 2566 4458 
4526 2566 1143 4458 
4527 401 1094 4459 
4528 1094 2831 4459 
4529 2831 401 4459 
4530 1421 761 4460 
4531 761 1849 4460 
4532 1849 1421 4460 
4533 388 1491 4461 
4534 1491 1840 4461 
4535 1840 388 4461 
4536 411 1068 4462 
4537 1068 1907 4462 
4538 1907 411 4462 
4539 540 1421 4463 
4540 1421 1849 4463 
4541 1849 540 4463 
4542 1189 21 4464 
4543 21 2277 4464 
4544 2277 1189 4464 
4545 1294 635 4465 
4546 635 1639 4465 
4547 1639 1294 4465 
4548 2487 1039 4466 
4549 1039 2611 4466 
4550 2611 2487 4466 
4551 513 1395 4467 
4552 1395 1575 4467 
4553 1575 513 4467 
4554 900 1176 4468 
4555 1176 2788 4468 
4556 2788 900 4468 
4557 349 1342 4469 
4558 1342 1551 4469 
4559 1551 349 4469 
4560 1420 778 4470 
4561 778 1444 4470 
4562 1444 1420 4470 
4563 1342 630 4471 
4564 630 1551 4471 
4565 1551 1342 4471 
4566 1092 262 4472 
4567 262 2168 4472 
4568 2168 1092 4472 
4569 1365 588 4473 
4570 588 1675 4473 
4571 1675 1365 4473 
4572 1637 1129 4474 
4573 1129 2474 4474 
4574 2474 1637 4474 
4575 1275 570 4475 
4576 570 2373 4475 
4577 2373 1275 4475 
4578 1499 327 4476 
4579 327 2077 4476 
4580 2077 1499 4476 
4581 1146 1818 4477 
4582 1818 3021 4477 
4583 3021 1146 4477 
4584 1125 460 4478 
4585 460 1856 4478 
4586 1856 1125 4478 
4587 595 1501 4479 
4588 1501 1975 4479 
4589 1975 595 4479 
4590 369 1481 4480 
4591 1481 2009 4480 
4592 2009 369 4480 
4593 1331 2308 4481 
4594 2308 2381 4481 
4595 2381 1331 4481 
4596 2797 1043 4482 
4597 1043 2869 4482 
4598 2869 2797 4482 
4599 572 1304 4483 
4600 1304 2227 4483 
4601 2227 572 4483 
4602 745 1073 4484 
4603 1073 2062 4484 
4604 2062 745 4484 
4605 1371 324 4485 
4606 324 1821 4485 
4607 1821 1371 4485 
4608 838 1103 4486 
4609 1103 2482 4486 
4610 2482 838 4486 
4611 1159 675 4487 
4612 675 2293 4487 
4613 2293 1159 4487 
4614 1142 428 4488 
4615 428 1917 4488 
4616 1917 1142 4488 
4617 1264 875 4489 
4618 875 2565 4489 
4619 2565 1264 4489 
4620 876 1263 4490 
4621 1263 2564 4490 
4622 2564 876 4490 
4623 686 2291 4491 
4624 2291 2653 4491 
4625 2653 686 4491 
4626 1505 1026 4492 
4627 1026 2405 4492 
4628 2405 1505 4492 
4629 572 2227 4493 
4630 2227 2866 4493 
4631 2866 572 4493 
4632 545 1258 4494 
4633 1258 2187 4494 
4634 2187 545 4494 
4635 1093 1548 4495 
4636 1548 2574 4495 
4637 2574 1093 4495 
4638 1283 281 4496 
4639 281 1477 4496 
4640 1477 1283 4496 
4641 1235 660 4497 
4642 660 1760 4497 
4643 1760 1235 4497 
4644 462 1235 4498 
4645 1235 1760 4498 
4646 1760 462 4498 
4647 1115 648 4499 
4648 648 1901 4499 
4649 1901 1115 4499 
4650 878 1505 4500 
4651 1505 2405 4500 
4652 2405 878 4500 
4653 1606 1915 4501 
4654 1915 2753 4501 
4655 2753 1606 4501 
4656 296 1687 4502 
4657 1687 2288 4502 
4658 2288 296 4502 
4659 1519 877 4503 
4660 877 2375 4503 
4661 2375 1519 4503 
4662 1492 47 4504 
4663 47 1670 4504 
4664 1670 1492 4504 
4665 1243 263 4505 
4666 263 2159 4505 
4667 2159 1243 4505 
4668 691 1376 4506 
4669 1376 2646 4506 
4670 2646 691 4506 
4671 1070 785 4507 
4672 785 1808 4507 
4673 1808 1070 4507 
4674 993 678 4508 
4675 678 2807 4508 
4676 2807 993 4508 
4677 338 1486 4509 
4678 1486 2212 4509 
4679 2212 338 4509 
4680 1309 327 4510 
4681 327 1561 4510 
4682 1561 1309 4510 
4683 570 1275 4511 
4684 1275 1493 4511 
4685 1493 570 4511 
4686 1008 1705 4512 
4687 1705 2785 4512 
4688 2785 1008 4512 
4689 571 1977 4513 
4690 1977 2761 4513 
4691 2761 571 4513 
4692 1042 375 4514 
4693 375 1704 4514 
4694 1704 1042 4514 
4695 1556 564 4515 
4696 564 2924 4515 
4697 2924 1556 4515 
4698 1171 467 4516 
4699 467 1683 4516 
4700 1683 1171 4516 
4701 1601 968 4517 
4702 968 2328 4517 
4703 2328 1601 4517 
4704 1271 470 4518 
4705 470 1755 4518 
4706 1755 1271 4518 
4707 667 1271 4519 
4708 1271 1755 4519 
4709 1755 667 4519 
4710 1929 609 4520 
4711 609 2325 4520 
4712 2325 1929 4520 
4713 1501 925 4521 
4714 925 2651 4521 
4715 2651 1501 4521 
4716 1405 590 4522 
4717 590 2830 4522 
4718 2830 1405 4522 
4719 243 1114 4523 
4720 1114 2901 4523 
4721 2901 243 4523 
4722 323 1201 4524 
4723 1201 2838 4524 
4724 2838 323 4524 
4725 1176 387 4525 
4726 387 1871 4525 
4727 1871 1176 4525 
4728 2278 809 4526 
4729 809 2308 4526 
4730 2308 2278 4526 
4731 550 1247 4527 
4732 1247 1442 4527 
4733 1442 550 4527 
4734 1786 1324 4528 
4735 1324 2349 4528 
4736 2349 1786 4528 
4737 1606 1637 4529 
4738 1637 2602 4529 
4739 2602 1606 4529 
4740 468 1102 4530 
4741 1102 2558 4530 
4742 2558 468 4530 
4743 1680 726 4531 
4744 726 2919 4531 
4745 2919 1680 4531 
4746 403 1684 4532 
4747 1684 2105 4532 
4748 2105 403 4532 
4749 2359 535 4533 
4750 535 2733 4533 
4751 2733 2359 4533 
4752 1126 251 4534 
4753 251 1816 4534 
4754 1816 1126 4534 
4755 1702 760 4535 
4756 760 2072 4535 
4757 2072 1702 4535 
4758 1111 259 4536 
4759 259 2309 4536 
4760 2309 1111 4536 
4761 1110 800 4537 
4762 800 2351 4537 
4763 2351 1110 4537 
4764 266 1450 4538 
4765 1450 2510 4538 
4766 2510 266 4538 
4767 1307 1044 4539 
4768 1044 2159 4539 
4769 2159 1307 4539 
4770 9 10 4540 
4771 10 1372 4540 
4772 1372 9 4540 
4773 1897 90 4541 
4774 90 2248 4541 
4775 2248 1897 4541 
4776 251 1126 4542 
4777 1126 2120 4542 
4778 2120 251 4542 
4779 149 1248 4543 
4780 1248 2006 4543 
4781 2006 149 4543 
4782 1242 419 4544 
4783 419 1899 4544 
4784 1899 1242 4544 
4785 546 1470 4545 
4786 1470 2443 4545 
4787 2443 546 4545 
4788 512 1539 4546 
4789 1539 1968 4546 
4790 1968 512 4546 
4791 1926 383 4547 
4792 383 2738 4547 
4793 2738 1926 4547 
4794 2561 323 4548 
4795 323 2838 4548 
4796 2838 2561 4548 
4797 579 1441 4549 
4798 1441 2026 4549 
4799 2026 579 4549 
4800 327 1309 4550 
4801 1309 2948 4550 
4802 2948 327 4550 
4803 820 1160 4551 
4804 1160 2516 4551 
4805 2516 820 4551 
4806 339 1419 4552 
4807 1419 2235 4552 
4808 2235 339 4552 
4809 1419 881 4553 
4810 881 2235 4553 
4811 2235 1419 4553 
4812 1949 1371 4554 
4813 1371 2198 4554 
4814 2198 1949 4554 
4815 639 1656 4555 
4816 1656 2706 4555 
4817 2706 639 4555 
4818 1588 978 4556 
4819 978 2260 4556 
4820 2260 1588 4556 
4821 1193 476 4557 
4822 476 1748 4557 
4823 1748 1193 4557 
4824 946 1321 4558 
4825 1321 2722 4558 
4826 2722 946 4558 
4827 491 1200 4559 
4828 1200 2399 4559 
4829 2399 491 4559 
4830 495 1326 4560 
4831 1326 1567 4560 
4832 1567 495 4560 
4833 1094 401 4561 
4834 401 1952 4561 
4835 1952 1094 4561 
4836 1590 1138 4562 
4837 1138 2544 4562 
4838 2544 1590 4562 
4839 500 1368 4563 
4840 1368 1620 4563 
4841 1620 500 4563 
4842 1611 921 4564 
4843 921 2070 4564 
4844 2070 1611 4564 
4845 334 1611 4565 
4846 1611 2070 4565 
4847 2070 334 4565 
4848 521 1750 4566 
4849 1750 2207 4566 
4850 2207 521 4566 
4851 1791 572 4567 
4852 572 2986 4567 
4853 2986 1791 4567 
4854 1131 690 4568 
4855 690 1970 4568 
4856 1970 1131 4568 
4857 398 885 4569 
4858 885 1895 4569 
4859 1895 398 4569 
4860 1824 1056 4570 
4861 1056 2598 4570 
4862 2598 1824 4570 
4863 1539 512 4571 
4864 512 2276 4571 
4865 2276 1539 4571 
4866 529 1779 4572 
4867 1779 2578 4572 
4868 2578 529 4572 
4869 1642 870 4573 
4870 870 2572 4573 
4871 2572 1642 4573 
4872 1143 605 4574 
4873 605 1558 4574 
4874 1558 1143 4574 
4875 646 1109 4575 
4876 1109 1979 4575 
4877 1979 646 4575 
4878 2043 987 4576 
4879 987 2954 4576 
4880 2954 2043 4576 
4881 1496 362 4577 
4882 362 1893 4577 
4883 1893 1496 4577 
4884 738 1465 4578 
4885 1465 1909 4578 
4886 1909 738 4578 
4887 1275 611 4579 
4888 611 2532 4579 
4889 2532 1275 4579 
4890 528 1807 4580 
4891 1807 2640 4580 
4892 2640 528 4580 
4893 1223 253 4581 
4894 253 2723 4581 
4895 2723 1223 4581 
4896 1050 356 4582 
4897 356 2231 4582 
4898 2231 1050 4582 
4899 167 168 4583 
4900 168 1787 4583 
4901 1787 167 4583 
4902 162 163 4584 
4903 163 2682 4584 
4904 2682 162 4584 
4905 174 2097 4585 
4906 2097 2181 4585 
4907 2181 174 4585 
4908 1162 737 4586 
4909 737 2406 4586 
4910 2406 1162 4586 
4911 688 2029 4587 
4912 2029 2467 4587 
4913 2467 688 4587 
4914 1408 527 4588 
4915 527 1477 4588 
4916 1477 1408 4588 
4917 777 1408 4589 
4918 1408 1477 4589 
4919 1477 777 4589 
4920 477 1116 4590 
4921 1116 1783 4590 
4922 1783 477 4590 
4923 681 1672 4591 
4924 1672 2226 4591 
4925 2226 681 4591 
4926 752 1349 4592 
4927 1349 1582 4592 
4928 1582 752 4592 
4929 987 1948 4593 
4930 1948 2022 4593 
4931 2022 987 4593 
4932 487 1753 4594 
4933 1753 2624 4594 
4934 2624 487 4594 
4935 1125 1839 4595 
4936 1839 2916 4595 
4937 2916 1125 4595 
4938 1274 388 4596 
4939 388 1569 4596 
4940 1569 1274 4596 
4941 1599 769 4597 
4942 769 2184 4597 
4943 2184 1599 4597 
4944 2088 980 4598 
4945 980 2745 4598 
4946 2745 2088 4598 
4947 397 1311 4599 
4948 1311 2095 4599 
4949 2095 397 4599 
4950 2427 1207 4600 
4951 1207 2733 4600 
4952 2733 2427 4600 
4953 272 1601 4601 
4954 1601 2328 4601 
4955 2328 272 4601 
4956 2113 182 4602 
4957 182 2351 4602 
4958 2351 2113 4602 
4959 2488 478 4603 
4960 478 2516 4603 
4961 2516 2488 4603 
4962 1012 434 4604 
4963 434 1941 4604 
4964 1941 1012 4604 
4965 1157 233 4605 
4966 233 1746 4605 
4967 1746 1157 4605 
4968 541 1100 4606 
4969 1100 1986 4606 
4970 1986 541 4606 
4971 357 1217 4607 
4972 1217 2360 4607 
4973 2360 357 4607 
4974 2091 546 4608 
4975 546 2443 4608 
4976 2443 2091 4608 
4977 274 1525 4609 
4978 1525 2582 4609 
4979 2582 274 4609 
4980 417 1448 4610 
4981 1448 2441 4610 
4982 2441 417 4610 
4983 1013 2948 4611 
4984 2948 2975 4611 
4985 2975 1013 4611 
4986 337 1402 4612 
4987 1402 1469 4612 
4988 1469 337 4612 
4989 691 1365 4613 
4990 1365 1892 4613 
4991 1892 691 4613 
4992 590 1787 4614 
4993 1787 2830 4614 
4994 2830 590 4614 
4995 809 1744 4615 
4996 1744 2308 4615 
4997 2308 809 4615 
4998 1910 1049 4616 
4999 1049 2970 4616 
5000 2970 1910 4616 
5001 1126 522 4617 
5002 522 1654 4617 
5003 1654 1126 4617 
5004 625 1634 4618 
5005 1634 2137 4618 
5006 2137 625 4618 
5007 1331 488 4619 
5008 488 2308 4619 
5009 2308 1331 4619 
5010 3 1174 4620 
5011 1174 2751 4620 
5012 2751 3 4620 
5013 1437 491 4621 
5014 491 2399 4621 
5015 2399 1437 4621 
5016 349 1849 4622 
5017 1849 2078 4622 
5018 2078 349 4622 
5019 320 1162 4623 
5020 1162 1456 4623 
5021 1456 320 4623 
5022 1159 1607 4624 
5023 1607 2580 4624 
5024 2580 1159 4624 
5025 444 2788 4625 
5026 2788 2790 4625 
5027 2790 444 4625 
5028 1982 681 4626 
5029 681 2226 4626 
5030 2226 1982 4626 
5031 1216 1791 4627 
5032 1791 2986 4627 
5033 2986 1216 4627 
5034 1810 396 4628 
5035 396 2036 4628 
5036 2036 1810 4628 
5037 633 1166 4629 
5038 1166 1737 4629 
5039 1737 633 4629 
5040 1163 263 4630 
5041 263 2357 4630 
5042 2357 1163 4630 
5043 455 1028 4631 
5044 1028 2517 4631 
5045 2517 455 4631 
5046 1212 641 4632 
5047 641 1759 4632 
5048 1759 1212 4632 
5049 1903 1002 4633 
5050 1002 2496 4633 
5051 2496 1903 4633 
5052 1503 819 4634 
5053 819 2301 4634 
5054 2301 1503 4634 
5055 1114 780 4635 
5056 780 2613 4635 
5057 2613 1114 4635 
5058 1126 562 4636 
5059 562 2991 4636 
5060 2991 1126 4636 
5061 586 1177 4637 
5062 1177 1707 4637 
5063 1707 586 4637 
5064 1126 1654 4638 
5065 1654 2804 4638 
5066 2804 1126 4638 
5067 862 1337 4639 
5068 1337 1873 4639 
5069 1873 862 4639 
5070 1555 830 4640 
5071 830 1701 4640 
5072 1701 1555 4640 
5073 1543 1003 4641 
5074 1003 2502 4641 
5075 2502 1543 4641 
5076 975 790 4642 
5077 790 2025 4642 
5078 2025 975 4642 
5079 2515 374 4643 
5080 374 2728 4643 
5081 2728 2515 4643 
5082 1585 617 4644 
5083 617 1728 4644 
5084 1728 1585 4644 
5085 453 1101 4645 
5086 1101 1752 4645 
5087 1752 453 4645 
5088 1356 478 4646 
5089 478 3000 4646 
5090 3000 1356 4646 
5091 263 1307 4647 
5092 1307 2159 4647 
5093 2159 263 4647 
5094 1190 467 4648 
5095 467 1946 4648 
5096 1946 1190 4648 
5097 174 175 4649 
5098 175 2097 4649 
5099 2097 174 4649 
5100 1172 608 4650 
5101 608 1757 4650 
5102 1757 1172 4650 
5103 933 1510 4651 
5104 1510 2642 4651 
5105 2642 933 4651 
5106 1627 759 4652 
5107 759 1972 4652 
5108 1972 1627 4652 
5109 1204 180 4653 
5110 180 2455 4653 
5111 2455 1204 4653 
5112 1108 2531 4654 
5113 2531 2863 4654 
5114 2863 1108 4654 
5115 941 1475 4655 
5116 1475 2116 4655 
5117 2116 941 4655 
5118 770 1569 4656 
5119 1569 1958 4656 
5120 1958 770 4656 
5121 816 1869 4657 
5122 1869 1949 4657 
5123 1949 816 4657 
5124 726 1282 4658 
5125 1282 1964 4658 
5126 1964 726 4658 
5127 1282 377 4659 
5128 377 1964 4659 
5129 1964 1282 4659 
5130 2788 1176 4660 
5131 1176 2790 4660 
5132 2790 2788 4660 
5133 769 1599 4661 
5134 1599 1834 4661 
5135 1834 769 4661 
5136 507 1294 4662 
5137 1294 1639 4662 
5138 1639 507 4662 
5139 441 2107 4663 
5140 2107 2872 4663 
5141 2872 441 4663 
5142 1153 274 4664 
5143 274 1706 4664 
5144 1706 1153 4664 
5145 234 1529 4665 
5146 1529 1689 4665 
5147 1689 234 4665 
5148 990 385 4666 
5149 385 2071 4666 
5150 2071 990 4666 
5151 285 1352 4667 
5152 1352 1855 4667 
5153 1855 285 4667 
5154 1743 625 4668 
5155 625 2137 4668 
5156 2137 1743 4668 
5157 574 1226 4669 
5158 1226 2281 4669 
5159 2281 574 4669 
5160 305 1231 4670 
5161 1231 2528 4670 
5162 2528 305 4670 
5163 1231 852 4671 
5164 852 2528 4671 
5165 2528 1231 4671 
5166 1340 247 4672 
5167 247 1864 4672 
5168 1864 1340 4672 
5169 868 2039 4673 
5170 2039 2852 4673 
5171 2852 868 4673 
5172 1569 388 4674 
5173 388 1958 4674 
5174 1958 1569 4674 
5175 1479 445 4675 
5176 445 2668 4675 
5177 2668 1479 4675 
5178 533 947 4676 
5179 947 1839 4676 
5180 1839 533 4676 
5181 547 1154 4677 
5182 1154 2118 4677 
5183 2118 547 4677 
5184 1073 461 4678 
5185 461 2148 4678 
5186 2148 1073 4678 
5187 1286 211 4679 
5188 211 2450 4679 
5189 2450 1286 4679 
5190 1766 872 4680 
5191 872 1932 4680 
5192 1932 1766 4680 
5193 762 1810 4681 
5194 1810 2036 4681 
5195 2036 762 4681 
5196 749 1405 4682 
5197 1405 2324 4682 
5198 2324 749 4682 
5199 503 1256 4683 
5200 1256 2628 4683 
5201 2628 503 4683 
5202 461 1525 4684 
5203 1525 2587 4684 
5204 2587 461 4684 
5205 1225 605 4685 
5206 605 1714 4685 
5207 1714 1225 4685 
5208 454 1445 4686 
5209 1445 2742 4686 
5210 2742 454 4686 
5211 1445 1048 4687 
5212 1048 2742 4687 
5213 2742 1445 4687 
5214 474 1497 4688 
5215 1497 2384 4688 
5216 2384 474 4688 
5217 47 48 4689 
5218 48 1670 4689 
5219 1670 47 4689 
5220 794 2142 4690 
5221 2142 2257 4690 
5222 2257 794 4690 
5223 1829 796 4691 
5224 796 2267 4691 
5225 2267 1829 4691 
5226 2187 1118 4692 
5227 1118 2675 4692 
5228 2675 2187 4692 
5229 1948 987 4693 
5230 987 2043 4693 
5231 2043 1948 4693 
5232 347 1167 4694 
5233 1167 2576 4694 
5234 2576 347 4694 
5235 1647 709 4695 
5236 709 2036 4695 
5237 2036 1647 4695 
5238 2262 589 4696 
5239 589 2300 4696 
5240 2300 2262 4696 
5241 243 1438 4697 
5242 1438 1940 4697 
5243 1940 243 4697 
5244 1402 733 4698 
5245 733 1469 4698 
5246 1469 1402 4698 
5247 1256 1322 4699 
5248 1322 2628 4699 
5249 2628 1256 4699 
5250 569 1247 4700 
5251 1247 1884 4700 
5252 1884 569 4700 
5253 1362 190 4701 
5254 190 2279 4701 
5255 2279 1362 4701 
5256 1225 851 4702 
5257 851 2754 4702 
5258 2754 1225 4702 
5259 578 1223 4703 
5260 1223 1645 4703 
5261 1645 578 4703 
5262 1179 709 4704 
5263 709 1647 4704 
5264 1647 1179 4704 
5265 1171 634 4705 
5266 634 1921 4705 
5267 1921 1171 4705 
5268 1806 572 4706 
5269 572 2866 4706 
5270 2866 1806 4706 
5271 1372 624 4707 
5272 624 1515 4707 
5273 1515 1372 4707 
5274 1165 878 4708 
5275 878 2405 4708 
5276 2405 1165 4708 
5277 300 1658 4709 
5278 1658 2302 4709 
5279 2302 300 4709 
5280 263 1567 4710 
5281 1567 2052 4710 
5282 2052 263 4710 
5283 1531 1900 4711 
5284 1900 2416 4711 
5285 2416 1531 4711 
5286 1050 671 4712 
5287 671 1803 4712 
5288 1803 1050 4712 
5289 992 1674 4713 
5290 1674 3010 4713 
5291 3010 992 4713 
5292 1048 1445 4714 
5293 1445 2076 4714 
5294 2076 1048 4714 
5295 1237 1077 4715 
5296 1077 2541 4715 
5297 2541 1237 4715 
5298 2104 705 4716 
5299 705 2890 4716 
5300 2890 2104 4716 
5301 904 1929 4717 
5302 1929 2325 4717 
5303 2325 904 4717 
5304 896 486 4718 
5305 486 2459 4718 
5306 2459 896 4718 
5307 9 1372 4719 
5308 1372 2066 4719 
5309 2066 9 4719 
5310 821 1373 4720 
5311 1373 2389 4720 
5312 2389 821 4720 
5313 1402 2845 4721 
5314 2845 2882 4721 
5315 2882 1402 4721 
5316 1711 931 4722 
5317 931 2183 4722 
5318 2183 1711 4722 
5319 593 1447 4723 
5320 1447 2737 4723 
5321 2737 593 4723 
5322 654 1592 4724 
5323 1592 1661 4724 
5324 1661 654 4724 
5325 1160 2488 4725 
5326 2488 2516 4725 
5327 2516 1160 4725 
5328 161 162 4726 
5329 162 2682 4726 
5330 2682 161 4726 
5331 1161 651 4727 
5332 651 2098 4727 
5333 2098 1161 4727 
5334 231 1144 4728 
5335 1144 1717 4728 
5336 1717 231 4728 
5337 581 2220 4729 
5338 2220 2367 4729 
5339 2367 581 4729 
5340 360 1133 4730 
5341 1133 2387 4730 
5342 2387 360 4730 
5343 1163 1338 4731 
5344 1338 2844 4731 
5345 2844 1163 4731 
5346 362 1314 4732 
5347 1314 1893 4732 
5348 1893 362 4732 
5349 584 1265 4733 
5350 1265 2549 4733 
5351 2549 584 4733 
5352 653 1241 4734 
5353 1241 1644 4734 
5354 1644 653 4734 
5355 497 1641 4735 
5356 1641 2604 4735 
5357 2604 497 4735 
5358 137 1319 4736 
5359 1319 1623 4736 
5360 1623 137 4736 
5361 679 1190 4737 
5362 1190 1946 4737 
5363 1946 679 4737 
5364 605 1225 4738 
5365 1225 2754 4738 
5366 2754 605 4738 
5367 440 1610 4739 
5368 1610 2106 4739 
5369 2106 440 4739 
5370 1610 920 4740 
5371 920 2106 4740 
5372 2106 1610 4740 
5373 1335 981 4741 
5374 981 2922 4741 
5375 2922 1335 4741 
5376 982 1336 4742 
5377 1336 2923 4742 
5378 2923 982 4742 
5379 710 1416 4743 
5380 1416 1494 4743 
5381 1494 710 4743 
5382 292 1193 4744 
5383 1193 2699 4744 
5384 2699 292 4744 
5385 618 1143 4745 
5386 1143 2566 4745 
5387 2566 618 4745 
5388 662 1766 4746 
5389 1766 1932 4746 
5390 1932 662 4746 
5391 365 1001 4747 
5392 1001 2409 4747 
5393 2409 365 4747 
5394 1265 822 4748 
5395 822 1608 4748 
5396 1608 1265 4748 
5397 2762 457 4749 
5398 457 2980 4749 
5399 2980 2762 4749 
5400 1726 835 4750 
5401 835 2320 4750 
5402 2320 1726 4750 
5403 2219 799 4751 
5404 799 2336 4751 
5405 2336 2219 4751 
5406 477 1149 4752 
5407 1149 2369 4752 
5408 2369 477 4752 
5409 1133 1458 4753 
5410 1458 1953 4753 
5411 1953 1133 4753 
5412 1530 359 4754 
5413 359 1942 4754 
5414 1942 1530 4754 
5415 1223 578 4755 
5416 578 1869 4755 
5417 1869 1223 4755 
5418 534 1194 4756 
5419 1194 1660 4756 
5420 1660 534 4756 
5421 536 1420 4757 
5422 1420 1444 4757 
5423 1444 536 4757 
5424 582 908 4758 
5425 908 1417 4758 
5426 1417 582 4758 
5427 518 1341 4759 
5428 1341 1503 4759 
5429 1503 518 4759 
5430 670 1423 4760 
5431 1423 2529 4760 
5432 2529 670 4760 
5433 1401 591 4761 
5434 591 1833 4761 
5435 1833 1401 4761 
5436 1144 230 4762 
5437 230 2335 4762 
5438 2335 1144 4762 
5439 1028 2172 4763 
5440 2172 2572 4763 
5441 2572 1028 4763 
5442 1143 618 4764 
5443 618 1945 4764 
5444 1945 1143 4764 
5445 474 2291 4765 
5446 2291 2490 4765 
5447 2490 474 4765 
5448 535 1220 4766 
5449 1220 1731 4766 
5450 1731 535 4766 
5451 370 1622 4767 
5452 1622 1836 4767 
5453 1836 370 4767 
5454 750 1130 4768 
5455 1130 2638 4768 
5456 2638 750 4768 
5457 236 1266 4769 
5458 1266 1562 4769 
5459 1562 236 4769 
5460 1533 1041 4770 
5461 1041 2205 4770 
5462 2205 1533 4770 
5463 753 1533 4771 
5464 1533 2205 4771 
5465 2205 753 4771 
5466 1242 574 4772 
5467 574 2281 4772 
5468 2281 1242 4772 
5469 1378 577 4773 
5470 577 2383 4773 
5471 2383 1378 4773 
5472 327 1499 4774 
5473 1499 1561 4774 
5474 1561 327 4774 
5475 627 1824 4775 
5476 1824 2598 4775 
5477 2598 627 4775 
5478 461 1073 4776 
5479 1073 1525 4776 
5480 1525 461 4776 
5481 1224 5 4777 
5482 5 1749 4777 
5483 1749 1224 4777 
5484 932 1409 4778 
5485 1409 1714 4778 
5486 1714 932 4778 
5487 855 1186 4779 
5488 1186 2660 4779 
5489 2660 855 4779 
5490 1113 446 4780 
5491 446 1950 4780 
5492 1950 1113 4780 
5493 881 1583 4781 
5494 1583 2537 4781 
5495 2537 881 4781 
5496 674 990 4782 
5497 990 2071 4782 
5498 2071 674 4782 
5499 285 1855 4783 
5500 1855 2548 4783 
5501 2548 285 4783 
5502 146 147 4784 
5503 147 1512 4784 
5504 1512 146 4784 
5505 742 1499 4785 
5506 1499 2327 4785 
5507 2327 742 4785 
5508 697 1809 4786 
5509 1809 2940 4786 
5510 2940 697 4786 
5511 1035 1712 4787 
5512 1712 2237 4787 
5513 2237 1035 4787 
5514 2291 1071 4788 
5515 1071 2653 4788 
5516 2653 2291 4788 
5517 218 1209 4789 
5518 1209 2874 4789 
5519 2874 218 4789 
5520 1223 461 4790 
5521 461 1645 4790 
5522 1645 1223 4790 
5523 1647 396 4791 
5524 396 2850 4791 
5525 2850 1647 4791 
5526 1889 571 4792 
5527 571 2761 4792 
5528 2761 1889 4792 
5529 1352 719 4793 
5530 719 1855 4793 
5531 1855 1352 4793 
5532 325 1272 4794 
5533 1272 1564 4794 
5534 1564 325 4794 
5535 1273 326 4795 
5536 326 1565 4795 
5537 1565 1273 4795 
5538 589 1231 4796 
5539 1231 2300 4796 
5540 2300 589 4796 
5541 625 1514 4797 
5542 1514 1634 4797 
5543 1634 625 4797 
5544 1110 184 4798 
5545 184 1937 4798 
5546 1937 1110 4798 
5547 592 1277 4799 
5548 1277 2398 4799 
5549 2398 592 4799 
5550 368 1199 4800 
5551 1199 1665 4800 
5552 1665 368 4800 
5553 905 1448 4801 
5554 1448 2907 4801 
5555 2907 905 4801 
5556 211 1286 4802 
5557 1286 1834 4802 
5558 1834 211 4802 
5559 348 1113 4803 
5560 1113 1954 4803 
5561 1954 348 4803 
5562 1421 275 4804 
5563 275 1580 4804 
5564 1580 1421 4804 
5565 1583 1040 4805 
5566 1040 2537 4805 
5567 2537 1583 4805 
5568 622 1756 4806 
5569 1756 2440 4806 
5570 2440 622 4806 
5571 1249 498 4807 
5572 498 2911 4807 
5573 2911 1249 4807 
5574 1248 702 4808 
5575 702 2006 4808 
5576 2006 1248 4808 
5577 2149 593 4809 
5578 593 2737 4809 
5579 2737 2149 4809 
5580 1658 782 4810 
5581 782 1712 4810 
5582 1712 1658 4810 
5583 844 1995 4811 
5584 1995 2021 4811 
5585 2021 844 4811 
5586 781 1299 4812 
5587 1299 2354 4812 
5588 2354 781 4812 
5589 1062 1232 4813 
5590 1232 2994 4813 
5591 2994 1062 4813 
5592 934 1307 4814 
5593 1307 2936 4814 
5594 2936 934 4814 
5595 677 1287 4815 
5596 1287 1924 4815 
5597 1924 677 4815 
5598 1734 843 4816 
5599 843 1786 4816 
5600 1786 1734 4816 
5601 1877 398 4817 
5602 398 1968 4817 
5603 1968 1877 4817 
5604 716 1372 4818 
5605 1372 1515 4818 
5606 1515 716 4818 
5607 1124 260 4819 
5608 260 2191 4819 
5609 2191 1124 4819 
5610 57 1484 4820 
5611 1484 2506 4820 
5612 2506 57 4820 
5613 1483 127 4821 
5614 127 2505 4821 
5615 2505 1483 4821 
5616 1425 1969 4822 
5617 1969 2867 4822 
5618 2867 1425 4822 
5619 1818 669 4823 
5620 669 3021 4823 
5621 3021 1818 4823 
5622 1206 284 4824 
5623 284 2534 4824 
5624 2534 1206 4824 
5625 615 1699 4825 
5626 1699 1702 4825 
5627 1702 615 4825 
5628 1713 799 4826 
5629 799 2219 4826 
5630 2219 1713 4826 
5631 1156 635 4827 
5632 635 2806 4827 
5633 2806 1156 4827 
5634 843 1501 4828 
5635 1501 1856 4828 
5636 1856 843 4828 
5637 1655 807 4829 
5638 807 2184 4829 
5639 2184 1655 4829 
5640 1230 1736 4830 
5641 1736 2393 4830 
5642 2393 1230 4830 
5643 315 1447 4831 
5644 1447 2158 4831 
5645 2158 315 4831 
5646 1447 855 4832 
5647 855 2158 4832 
5648 2158 1447 4832 
5649 329 1121 4833 
5650 1121 1995 4833 
5651 1995 329 4833 
5652 1722 271 4834 
5653 271 2286 4834 
5654 2286 1722 4834 
5655 1179 974 4835 
5656 974 2888 4835 
5657 2888 1179 4835 
5658 506 1162 4836 
5659 1162 2406 4836 
5660 2406 506 4836 
5661 1196 604 4837 
5662 604 2320 4837 
5663 2320 1196 4837 
5664 430 1317 4838 
5665 1317 2026 4838 
5666 2026 430 4838 
5667 1274 579 4839 
5668 579 1643 4839 
5669 1643 1274 4839 
5670 1890 668 4840 
5671 668 2016 4840 
5672 2016 1890 4840 
5673 243 1328 4841 
5674 1328 1653 4841 
5675 1653 243 4841 
5676 1278 514 4842 
5677 514 2361 4842 
5678 2361 1278 4842 
5679 1491 813 4843 
5680 813 1840 4843 
5681 1840 1491 4843 
5682 917 267 4844 
5683 267 1759 4844 
5684 1759 917 4844 
5685 1350 308 4845 
5686 308 2730 4845 
5687 2730 1350 4845 
5688 1429 374 4846 
5689 374 1944 4846 
5690 1944 1429 4846 
5691 608 1172 4847 
5692 1172 1858 4847 
5693 1858 608 4847 
5694 604 1070 4848 
5695 1070 1808 4848 
5696 1808 604 4848 
5697 462 1138 4849 
5698 1138 1999 4849 
5699 1999 462 4849 
5700 1138 665 4850 
5701 665 1999 4850 
5702 1999 1138 4850 
5703 1696 664 4851 
5704 664 1934 4851 
5705 1934 1696 4851 
5706 897 1696 4852 
5707 1696 1934 4852 
5708 1934 897 4852 
5709 579 1274 4853 
5710 1274 1569 4853 
5711 1569 579 4853 
5712 329 1312 4854 
5713 1312 2451 4854 
5714 2451 329 4854 
5715 2059 1022 4855 
5716 1022 2917 4855 
5717 2917 2059 4855 
5718 1023 2060 4856 
5719 2060 2918 4856 
5720 2918 1023 4856 
5721 892 1401 4857 
5722 1401 2244 4857 
5723 2244 892 4857 
5724 1278 587 4858 
5725 587 2269 4858 
5726 2269 1278 4858 
5727 1594 678 4859 
5728 678 2339 4859 
5729 2339 1594 4859 
5730 1557 250 4860 
5731 250 2156 4860 
5732 2156 1557 4860 
5733 430 2026 4861 
5734 2026 2656 4861 
5735 2656 430 4861 
5736 1237 568 4862 
5737 568 1622 4862 
5738 1622 1237 4862 
5739 900 1499 4863 
5740 1499 2077 4863 
5741 2077 900 4863 
5742 383 1396 4864 
5743 1396 1667 4864 
5744 1667 383 4864 
5745 1257 507 4865 
5746 507 1639 4865 
5747 1639 1257 4865 
5748 1141 660 4866 
5749 660 2340 4866 
5750 2340 1141 4866 
5751 1444 2420 4867 
5752 2420 2749 4867 
5753 2749 1444 4867 
5754 321 1728 4868 
5755 1728 2375 4868 
5756 2375 321 4868 
5757 1125 254 4869 
5758 254 1839 4869 
5759 1839 1125 4869 
5760 198 1330 4870 
5761 1330 2251 4870 
5762 2251 198 4870 
5763 412 1695 4871 
5764 1695 1866 4871 
5765 1866 412 4871 
5766 1123 244 4872 
5767 244 2019 4872 
5768 2019 1123 4872 
5769 1295 332 4873 
5770 332 1851 4873 
5771 1851 1295 4873 
5772 680 1123 4874 
5773 1123 2094 4874 
5774 2094 680 4874 
5775 1592 732 4875 
5776 732 1661 4875 
5777 1661 1592 4875 
5778 315 1375 4876 
5779 1375 2741 4876 
5780 2741 315 4876 
5781 1722 1225 4877 
5782 1225 2879 4877 
5783 2879 1722 4877 
5784 1323 513 4878 
5785 513 1575 4878 
5786 1575 1323 4878 
5787 611 1323 4879 
5788 1323 1575 4879 
5789 1575 611 4879 
5790 1187 272 4880 
5791 272 2588 4880 
5792 2588 1187 4880 
5793 516 1309 4881 
5794 1309 1561 4881 
5795 1561 516 4881 
5796 1974 1378 4882 
5797 1378 2383 4882 
5798 2383 1974 4882 
5799 1096 284 4883 
5800 284 2316 4883 
5801 2316 1096 4883 
5802 639 1385 4884 
5803 1385 2583 4884 
5804 2583 639 4884 
5805 1068 287 4885 
5806 287 2686 4885 
5807 2686 1068 4885 
5808 287 1056 4886 
5809 1056 2114 4886 
5810 2114 287 4886 
5811 595 1490 4887 
5812 1490 1496 4887 
5813 1496 595 4887 
5814 1876 337 4888 
5815 337 2189 4888 
5816 2189 1876 4888 
5817 1240 580 4889 
5818 580 1896 4889 
5819 1896 1240 4889 
5820 849 1345 4890 
5821 1345 2155 4890 
5822 2155 849 4890 
5823 233 1219 4891 
5824 1219 2635 4891 
5825 2635 233 4891 
5826 1319 138 4892 
5827 138 2028 4892 
5828 2028 1319 4892 
5829 1204 713 4893 
5830 713 2040 4893 
5831 2040 1204 4893 
5832 639 1134 4894 
5833 1134 1656 4894 
5834 1656 639 4894 
5835 899 2442 4895 
5836 2442 2622 4895 
5837 2622 899 4895 
5838 1373 439 4896 
5839 439 2389 4896 
5840 2389 1373 4896 
5841 483 1095 4897 
5842 1095 1928 4897 
5843 1928 483 4897 
5844 651 1393 4898 
5845 1393 1394 4898 
5846 1394 651 4898 
5847 1180 482 4899 
5848 482 2176 4899 
5849 2176 1180 4899 
5850 886 1923 4900 
5851 1923 2150 4900 
5852 2150 886 4900 
5853 714 1181 4901 
5854 1181 2374 4901 
5855 2374 714 4901 
5856 1352 285 4902 
5857 285 1747 4902 
5858 1747 1352 4902 
5859 1080 456 4903 
5860 456 2108 4903 
5861 2108 1080 4903 
5862 1827 405 4904 
5863 405 2618 4904 
5864 2618 1827 4904 
5865 1095 483 4905 
5866 483 1963 4905 
5867 1963 1095 4905 
5868 690 1883 4906 
5869 1883 2077 4906 
5870 2077 690 4906 
5871 1356 833 4907 
5872 833 2444 4907 
5873 2444 1356 4907 
5874 756 1371 4908 
5875 1371 1821 4908 
5876 1821 756 4908 
5877 1728 1103 4909 
5878 1103 2375 4909 
5879 2375 1728 4909 
5880 1856 1501 4910 
5881 1501 2861 4910 
5882 2861 1856 4910 
5883 1165 313 4911 
5884 313 2652 4911 
5885 2652 1165 4911 
5886 69 70 4912 
5887 70 1615 4912 
5888 1615 69 4912 
5889 1383 1149 4913 
5890 1149 2734 4913 
5891 2734 1383 4913 
5892 1418 748 4914 
5893 748 1775 4914 
5894 1775 1418 4914 
5895 340 1221 4915 
5896 1221 2794 4915 
5897 2794 340 4915 
5898 590 1506 4916 
5899 1506 1516 4916 
5900 1516 590 4916 
5901 1416 589 4917 
5902 589 1494 4917 
5903 1494 1416 4917 
5904 177 178 4918 
5905 178 1366 4918 
5906 1366 177 4918 
5907 1214 228 4919 
5908 228 2886 4919 
5909 2886 1214 4919 
5910 1444 378 4920 
5911 378 2420 4920 
5912 2420 1444 4920 
5913 601 1270 4921 
5914 1270 1764 4921 
5915 1764 601 4921 
5916 1073 781 4922 
5917 781 2354 4922 
5918 2354 1073 4922 
5919 1497 474 4923 
5920 474 2490 4923 
5921 2490 1497 4923 
5922 205 1208 4924 
5923 1208 2240 4924 
5924 2240 205 4924 
5925 1183 72 4925 
5926 72 1908 4925 
5927 1908 1183 4925 
5928 514 1302 4926 
5929 1302 2361 4926 
5930 2361 514 4926 
5931 1279 667 4927 
5932 667 2233 4927 
5933 2233 1279 4927 
5934 1190 1955 4928 
5935 1955 2864 4928 
5936 2864 1190 4928 
5937 760 1090 4929 
5938 1090 1741 4929 
5939 1741 760 4929 
5940 1449 923 4930 
5941 923 1931 4930 
5942 1931 1449 4930 
5943 1955 153 4931 
5944 153 2864 4931 
5945 2864 1955 4931 
5946 458 1127 4932 
5947 1127 2612 4932 
5948 2612 458 4932 
5949 1231 589 4933 
5950 589 2266 4933 
5951 2266 1231 4933 
5952 998 706 4934 
5953 706 1776 4934 
5954 1776 998 4934 
5955 642 1734 4935 
5956 1734 1786 4935 
5957 1786 642 4935 
5958 328 1171 4936 
5959 1171 1921 4936 
5960 1921 328 4936 
5961 2094 1123 4937 
5962 1123 2446 4937 
5963 2446 2094 4937 
5964 1130 94 4938 
5965 94 2638 4938 
5966 2638 1130 4938 
5967 477 1220 4939 
5968 1220 2734 4939 
5969 2734 477 4939 
5970 1706 553 4940 
5971 553 2283 4940 
5972 2283 1706 4940 
5973 1129 1637 4941 
5974 1637 2160 4941 
5975 2160 1129 4941 
5976 1585 1728 4942 
5977 1728 2338 4942 
5978 2338 1585 4942 
5979 1789 891 4943 
5980 891 2099 4943 
5981 2099 1789 4943 
5982 461 1223 4944 
5983 1223 2148 4944 
5984 2148 461 4944 
5985 604 1196 4945 
5986 1196 1895 4945 
5987 1895 604 4945 
5988 1339 329 4946 
5989 329 2451 4946 
5990 2451 1339 4946 
5991 1209 225 4947 
5992 225 2267 4947 
5993 2267 1209 4947 
5994 1189 714 4948 
5995 714 2255 4948 
5996 2255 1189 4948 
5997 1854 1065 4949 
5998 1065 2483 4949 
5999 2483 1854 4949 
6000 944 1192 4950 
6001 1192 1987 4950 
6002 1987 944 4950 
6003 469 2094 4951 
6004 2094 2446 4951 
6005 2446 469 4951 
6006 420 1815 4952 
6007 1815 2471 4952 
6008 2471 420 4952 
6009 1770 888 4953 
6010 888 2365 4953 
6011 2365 1770 4953 
6012 509 1329 4954 
6013 1329 2803 4954 
6014 2803 509 4954 
6015 1329 961 4955 
6016 961 2803 4955 
6017 2803 1329 4955 
6018 1409 382 4956 
6019 382 1714 4956 
6020 1714 1409 4956 
6021 257 1222 4957 
6022 1222 1680 4957 
6023 1680 257 4957 
6024 151 1150 4958 
6025 1150 2326 4958 
6026 2326 151 4958 
6027 1116 477 4959 
6028 477 2369 4959 
6029 2369 1116 4959 
6030 794 1689 4960 
6031 1689 2142 4960 
6032 2142 794 4960 
6033 501 1133 4961 
6034 1133 1953 4961 
6035 1953 501 4961 
6036 1269 601 4962 
6037 601 2617 4962 
6038 2617 1269 4962 
6039 1459 236 4963 
6040 236 2380 4963 
6041 2380 1459 4963 
6042 588 1376 4964 
6043 1376 2501 4964 
6044 2501 588 4964 
6045 1160 820 4965 
6046 820 2211 4965 
6047 2211 1160 4965 
6048 385 1251 4966 
6049 1251 2236 4966 
6050 2236 385 4966 
6051 463 1566 4967 
6052 1566 2541 4967 
6053 2541 463 4967 
6054 1566 1034 4968 
6055 1034 2541 4968 
6056 2541 1566 4968 
6057 340 1292 4969 
6058 1292 2045 4969 
6059 2045 340 4969 
6060 1253 515 4970 
6061 515 1919 4970 
6062 1919 1253 4970 
6063 683 1253 4971 
6064 1253 1919 4971 
6065 1919 683 4971 
6066 1404 1508 4972 
6067 1508 2234 4972 
6068 2234 1404 4972 
6069 348 1338 4973 
6070 1338 2885 4973 
6071 2885 348 4973 
6072 459 1141 4974 
6073 1141 2188 4974 
6074 2188 459 4974 
6075 1667 573 4975 
6076 573 2005 4975 
6077 2005 1667 4975 
6078 1493 1275 4976 
6079 1275 2532 4976 
6080 2532 1493 4976 
6081 1525 1153 4977 
6082 1153 2587 4977 
6083 2587 1525 4977 
6084 1371 578 4978 
6085 578 1767 4978 
6086 1767 1371 4978 
6087 1025 1876 4979 
6088 1876 2189 4979 
6089 2189 1025 4979 
6090 708 1591 4980 
6091 1591 1736 4980 
6092 1736 708 4980 
6093 1699 760 4981 
6094 760 1702 4981 
6095 1702 1699 4981 
6096 263 1243 4982 
6097 1243 2357 4982 
6098 2357 263 4982 
6099 551 1222 4983 
6100 1222 1690 4983 
6101 1690 551 4983 
6102 219 210 4984 
6103 210 1485 4984 
6104 1485 219 4984 
6105 182 183 4985 
6106 183 2351 4985 
6107 2351 182 4985 
6108 1372 716 4986 
6109 716 2066 4986 
6110 2066 1372 4986 
6111 569 1116 4987 
6112 1116 2369 4987 
6113 2369 569 4987 
6114 2628 945 4988 
6115 945 2639 4988 
6116 2639 2628 4988 
6117 653 1135 4989 
6118 1135 1983 4989 
6119 1983 653 4989 
6120 284 1096 4990 
6121 1096 1686 4990 
6122 1686 284 4990 
6123 335 1141 4991 
6124 1141 2340 4991 
6125 2340 335 4991 
6126 1326 703 4992 
6127 703 1567 4992 
6128 1567 1326 4992 
6129 144 1195 4993 
6130 1195 1892 4993 
6131 1892 144 4993 
6132 1181 480 4994 
6133 480 2374 4994 
6134 2374 1181 4994 
6135 2497 1100 4995 
6136 1100 2657 4995 
6137 2657 2497 4995 
6138 1177 586 4996 
6139 586 2535 4996 
6140 2535 1177 4996 
6141 585 1178 4997 
6142 1178 2536 4997 
6143 2536 585 4997 
6144 1159 470 4998 
6145 470 2044 4998 
6146 2044 1159 4998 
6147 675 1159 4999 
6148 1159 2044 4999 
6149 2044 675 4999 
6150 591 1518 5000 
6151 1518 1833 5000 
6152 1833 591 5000 
6153 671 1050 5001 
6154 1050 1773 5001 
6155 1773 671 5001 
6156 1427 700 5002 
6157 700 1908 5002 
6158 1908 1427 5002 
6159 848 1517 5003 
6160 1517 2385 5003 
6161 2385 848 5003 
6162 1251 787 5004 
6163 787 2236 5004 
6164 2236 1251 5004 
6165 407 1711 5005 
6166 1711 2183 5005 
6167 2183 407 5005 
6168 350 1490 5006 
6169 1490 1975 5006 
6170 1975 350 5006 
6171 1402 337 5007 
6172 337 2845 5007 
6173 2845 1402 5007 
6174 2051 873 5008 
6175 873 2733 5008 
6176 2733 2051 5008 
6177 474 1071 5009 
6178 1071 2291 5009 
6179 2291 474 5009 
6180 1176 618 5010 
6181 618 2790 5010 
6182 2790 1176 5010 
6183 233 1207 5011 
6184 1207 1746 5011 
6185 1746 233 5011 
6186 1883 900 5012 
6187 900 2077 5012 
6188 2077 1883 5012 
6189 792 1362 5013 
6190 1362 2817 5013 
6191 2817 792 5013 
6192 374 1377 5014 
6193 1377 2728 5014 
6194 2728 374 5014 
6195 1208 204 5015 
6196 204 2538 5015 
6197 2538 1208 5015 
6198 1568 537 5016 
6199 537 1788 5016 
6200 1788 1568 5016 
6201 719 1752 5017 
6202 1752 1973 5017 
6203 1973 719 5017 
6204 1397 510 5018 
6205 510 2056 5018 
6206 2056 1397 5018 
6207 265 1289 5019 
6208 1289 1617 5019 
6209 1617 265 5019 
6210 1410 960 5020 
6211 960 2648 5020 
6212 2648 1410 5020 
6213 314 1410 5021 
6214 1410 2648 5021 
6215 2648 314 5021 
6216 519 1333 5022 
6217 1333 3023 5022 
6218 3023 519 5022 
6219 1248 517 5023 
6220 517 2004 5023 
6221 2004 1248 5023 
6222 973 1877 5024 
6223 1877 1968 5024 
6224 1968 973 5024 
6225 993 2396 5025 
6226 2396 2714 5025 
6227 2714 993 5025 
6228 1660 342 5026 
6229 342 2218 5026 
6230 2218 1660 5026 
6231 1333 1021 5027 
6232 1021 3023 5027 
6233 3023 1333 5027 
6234 629 1169 5028 
6235 1169 1867 5028 
6236 1867 629 5028 
6237 1169 424 5029 
6238 424 1867 5029 
6239 1867 1169 5029 
6240 423 1170 5030 
6241 1170 1868 5030 
6242 1868 423 5030 
6243 1170 628 5031 
6244 628 1868 5031 
6245 1868 1170 5031 
6246 253 1223 5032 
6247 1223 1869 5032 
6248 1869 253 5032 
6249 734 1991 5033 
6250 1991 2366 5033 
6251 2366 734 5033 
6252 507 1257 5034 
6253 1257 2477 5034 
6254 2477 507 5034 
6255 241 1161 5035 
6256 1161 2098 5035 
6257 2098 241 5035 
6258 1512 504 5036 
6259 504 2825 5036 
6260 2825 1512 5036 
6261 1330 773 5037 
6262 773 2251 5037 
6263 2251 1330 5037 
6264 1107 799 5038 
6265 799 2358 5038 
6266 2358 1107 5038 
6267 1164 607 5039 
6268 607 1967 5039 
6269 1967 1164 5039 
6270 1341 865 5040 
6271 865 2696 5040 
6272 2696 1341 5040 
6273 375 1042 5041 
6274 1042 2242 5041 
6275 2242 375 5041 
6276 2234 346 5042 
6277 346 2571 5042 
6278 2571 2234 5042 
6279 605 1143 5043 
6280 1143 1698 5043 
6281 1698 605 5043 
6282 1144 676 5044 
6283 676 1717 5044 
6284 1717 1144 5044 
6285 207 1229 5045 
6286 1229 2929 5045 
6287 2929 207 5045 
6288 2404 1125 5046 
6289 1125 2916 5046 
6290 2916 2404 5046 
6291 1514 351 5047 
6292 351 1634 5047 
6293 1634 1514 5047 
6294 1160 188 5048 
6295 188 2228 5048 
6296 2228 1160 5048 
6297 1154 547 5049 
6298 547 2170 5049 
6299 2170 1154 5049 
6300 1169 629 5050 
6301 629 2303 5050 
6302 2303 1169 5050 
6303 628 1170 5051 
6304 1170 2304 5051 
6305 2304 628 5051 
6306 1172 292 5052 
6307 292 1858 5052 
6308 1858 1172 5052 
6309 862 1873 5053 
6310 1873 2595 5053 
6311 2595 862 5053 
6312 1641 1089 5054 
6313 1089 2604 5054 
6314 2604 1641 5054 
6315 2373 570 5055 
6316 570 2769 5055 
6317 2769 2373 5055 
6318 179 1204 5056 
6319 1204 2040 5056 
6320 2040 179 5056 
6321 1173 540 5057 
6322 540 1849 5057 
6323 1849 1173 5057 
6324 599 1163 5058 
6325 1163 2357 5058 
6326 2357 599 5058 
6327 702 1248 5059 
6328 1248 2004 5059 
6329 2004 702 5059 
6330 1880 258 5060 
6331 258 2363 5060 
6332 2363 1880 5060 
6333 1779 1005 5061 
6334 1005 2578 5061 
6335 2578 1779 5061 
6336 323 1211 5062 
6337 1211 2639 5062 
6338 2639 323 5062 
6339 906 1773 5063 
6340 1773 2231 5063 
6341 2231 906 5063 
6342 1642 633 5064 
6343 633 1737 5064 
6344 1737 1642 5064 
6345 1216 491 5065 
6346 491 1740 5065 
6347 1740 1216 5065 
6348 734 1622 5066 
6349 1622 1991 5066 
6350 1991 734 5066 
6351 1428 584 5067 
6352 584 1541 5067 
6353 1541 1428 5067 
6354 1650 494 5068 
6355 494 2449 5068 
6356 2449 1650 5068 
6357 307 1582 5069 
6358 1582 2773 5069 
6359 2773 307 5069 
6360 1582 1117 5070 
6361 1117 2773 5070 
6362 2773 1582 5070 
6363 303 1543 5071 
6364 1543 2502 5071 
6365 2502 303 5071 
6366 1658 947 5072 
6367 947 2302 5072 
6368 2302 1658 5072 
6369 1378 984 5073 
6370 984 2418 5073 
6371 2418 1378 5073 
6372 1141 1354 5074 
6373 1354 2188 5074 
6374 2188 1141 5074 
6375 678 1911 5075 
6376 1911 2339 5075 
6377 2339 678 5075 
6378 1247 363 5076 
6379 363 1884 5076 
6380 1884 1247 5076 
6381 1217 445 5077 
6382 445 1925 5077 
6383 1925 1217 5077 
6384 2323 999 5078 
6385 999 2546 5078 
6386 2546 2323 5078 
6387 949 1632 5079 
6388 1632 2000 5079 
6389 2000 949 5079 
6390 1158 463 5080 
6391 463 2792 5080 
6392 2792 1158 5080 
6393 696 1948 5081 
6394 1948 2043 5081 
6395 2043 696 5081 
6396 1483 586 5082 
6397 586 1718 5082 
6398 1718 1483 5082 
6399 585 1484 5083 
6400 1484 1719 5083 
6401 1719 585 5083 
6402 245 1443 5084 
6403 1443 2205 5084 
6404 2205 245 5084 
6405 283 1166 5085 
6406 1166 2237 5085 
6407 2237 283 5085 
6408 1609 261 5086 
6409 261 2617 5086 
6410 2617 1609 5086 
6411 1959 448 5087 
6412 448 2266 5087 
6413 2266 1959 5087 
6414 1079 1609 5088 
6415 1609 2617 5088 
6416 2617 1079 5088 
6417 2051 431 5089 
6418 431 2096 5089 
6419 2096 2051 5089 
6420 1207 2051 5090 
6421 2051 2733 5090 
6422 2733 1207 5090 
6423 690 1428 5091 
6424 1428 1541 5091 
6425 1541 690 5091 
6426 324 1597 5092 
6427 1597 2037 5092 
6428 2037 324 5092 
6429 1773 906 5093 
6430 906 2877 5093 
6431 2877 1773 5093 
6432 345 1679 5094 
6433 1679 2833 5094 
6434 2833 345 5094 
6435 476 1193 5095 
6436 1193 1863 5095 
6437 1863 476 5095 
6438 398 1197 5096 
6439 1197 1968 5096 
6440 1968 398 5096 
6441 859 1700 5097 
6442 1700 1886 5097 
6443 1886 859 5097 
6444 1700 656 5098 
6445 656 1886 5098 
6446 1886 1700 5098 
6447 369 1200 5099 
6448 1200 1806 5099 
6449 1806 369 5099 
6450 247 1682 5100 
6451 1682 1864 5100 
6452 1864 247 5100 
6453 676 1391 5101 
6454 1391 1708 5101 
6455 1708 676 5101 
6456 2440 1187 5102 
6457 1187 2891 5102 
6458 2891 2440 5102 
6459 1393 672 5103 
6460 672 1900 5103 
6461 1900 1393 5103 
6462 1635 695 5104 
6463 695 2096 5104 
6464 2096 1635 5104 
6465 1278 259 5105 
6466 259 1666 5105 
6467 1666 1278 5105 
6468 235 2321 5106 
6469 2321 2659 5106 
6470 2659 235 5106 
6471 547 1131 5107 
6472 1131 2170 5107 
6473 2170 547 5107 
6474 1177 2059 5108 
6475 2059 2917 5108 
6476 2917 1177 5108 
6477 2060 1178 5109 
6478 1178 2918 5109 
6479 2918 2060 5109 
6480 674 1241 5110 
6481 1241 2125 5110 
6482 2125 674 5110 
6483 1150 151 5111 
6484 151 2419 5111 
6485 2419 1150 5111 
6486 987 2011 5112 
6487 2011 2954 5112 
6488 2954 987 5112 
6489 533 1452 5113 
6490 1452 1729 5113 
6491 1729 533 5113 
6492 396 1810 5114 
6493 1810 2220 5114 
6494 2220 396 5114 
6495 341 1244 5115 
6496 1244 2854 5115 
6497 2854 341 5115 
6498 1807 1017 5116 
6499 1017 2640 5116 
6500 2640 1807 5116 
6501 1171 328 5117 
6502 328 2049 5117 
6503 2049 1171 5117 
6504 1522 902 5118 
6505 902 2347 5118 
6506 2347 1522 5118 
6507 1345 994 5119 
6508 994 2155 5119 
6509 2155 1345 5119 
6510 1202 67 5120 
6511 67 1848 5120 
6512 1848 1202 5120 
6513 683 1202 5121 
6514 1202 1848 5121 
6515 1848 683 5121 
6516 708 1230 5122 
6517 1230 2114 5122 
6518 2114 708 5122 
6519 856 2440 5123 
6520 2440 2891 5123 
6521 2891 856 5123 
6522 1106 655 5124 
6523 655 1914 5124 
6524 1914 1106 5124 
6525 1547 718 5125 
6526 718 2876 5125 
6527 2876 1547 5125 
6528 382 1225 5126 
6529 1225 1714 5126 
6530 1714 382 5126 
6531 876 1625 5127 
6532 1625 2298 5127 
6533 2298 876 5127 
6534 1172 705 5128 
6535 705 2382 5128 
6536 2382 1172 5128 
6537 316 1542 5129 
6538 1542 1604 5129 
6539 1604 316 5129 
6540 858 1770 5130 
6541 1770 2343 5130 
6542 2343 858 5130 
6543 807 1655 5131 
6544 1655 2341 5131 
6545 2341 807 5131 
6546 766 1169 5132 
6547 1169 2348 5132 
6548 2348 766 5132 
6549 1797 839 5133 
6550 839 2002 5133 
6551 2002 1797 5133 
6552 166 167 5134 
6553 167 1727 5134 
6554 1727 166 5134 
6555 2484 1350 5135 
6556 1350 2730 5135 
6557 2730 2484 5135 
6558 1580 275 5136 
6559 275 2229 5136 
6560 2229 1580 5136 
6561 1234 554 5137 
6562 554 1716 5137 
6563 1716 1234 5137 
6564 1631 666 5138 
6565 666 1802 5138 
6566 1802 1631 5138 
6567 1190 1685 5139 
6568 1685 2649 5139 
6569 2649 1190 5139 
6570 903 2115 5140 
6571 2115 2387 5140 
6572 2387 903 5140 
6573 254 1501 5141 
6574 1501 2651 5141 
6575 2651 254 5141 
6576 512 1197 5142 
6577 1197 2150 5142 
6578 2150 512 5142 
6579 1315 351 5143 
6580 351 1514 5143 
6581 1514 1315 5143 
6582 190 191 5144 
6583 191 2279 5144 
6584 2279 190 5144 
6585 47 1492 5145 
6586 1492 2710 5145 
6587 2710 47 5145 
6588 353 1389 5146 
6589 1389 1673 5146 
6590 1673 353 5146 
6591 1092 1959 5147 
6592 1959 2266 5147 
6593 2266 1092 5147 
6594 1664 626 5148 
6595 626 2067 5148 
6596 2067 1664 5148 
6597 618 1259 5149 
6598 1259 2790 5149 
6599 2790 618 5149 
6600 697 1399 5150 
6601 1399 2793 5150 
6602 2793 697 5150 
6603 258 1395 5151 
6604 1395 1696 5151 
6605 1696 258 5151 
6606 1395 664 5152 
6607 664 1696 5152 
6608 1696 1395 5152 
6609 188 1160 5153 
6610 1160 2211 5153 
6611 2211 188 5153 
6612 993 1935 5154 
6613 1935 2151 5154 
6614 2151 993 5154 
6615 1090 760 5155 
6616 760 2812 5155 
6617 2812 1090 5155 
6618 1322 1100 5156 
6619 1100 2497 5156 
6620 2497 1322 5156 
6621 689 1429 5157 
6622 1429 3004 5157 
6623 3004 689 5157 
6624 617 1585 5158 
6625 1585 2988 5158 
6626 2988 617 5158 
6627 811 1213 5159 
6628 1213 2033 5159 
6629 2033 811 5159 
6630 256 1379 5160 
6631 1379 2908 5160 
6632 2908 256 5160 
6633 1319 594 5161 
6634 594 1623 5161 
6635 1623 1319 5161 
6636 386 1393 5162 
6637 1393 1900 5162 
6638 1900 386 5162 
6639 1215 571 5163 
6640 571 1790 5163 
6641 1790 1215 5163 
6642 1216 326 5164 
6643 326 1791 5164 
6644 1791 1216 5164 
6645 381 1595 5165 
6646 1595 2396 5165 
6647 2396 381 5165 
6648 229 1214 5166 
6649 1214 2335 5166 
6650 2335 229 5166 
6651 1600 935 5167 
6652 935 2425 5167 
6653 2425 1600 5167 
6654 1219 479 5168 
6655 479 1785 5168 
6656 1785 1219 5168 
6657 1600 962 5169 
6658 962 2525 5169 
6659 2525 1600 5169 
6660 1621 772 5170 
6661 772 2837 5170 
6662 2837 1621 5170 
6663 709 1179 5171 
6664 1179 2175 5171 
6665 2175 709 5171 
6666 554 1173 5172 
6667 1173 1938 5172 
6668 1938 554 5172 
6669 515 1615 5173 
6670 1615 2601 5173 
6671 2601 515 5173 
6672 662 1085 5174 
6673 1085 1766 5174 
6674 1766 662 5174 
6675 1617 612 5175 
6676 612 2133 5175 
6677 2133 1617 5175 
6678 1260 87 5176 
6679 87 1823 5176 
6680 1823 1260 5176 
6681 447 2061 5177 
6682 2061 2835 5177 
6683 2835 447 5177 
6684 1778 754 5178 
6685 754 2093 5178 
6686 2093 1778 5178 
6687 965 1778 5179 
6688 1778 2093 5179 
6689 2093 965 5179 
6690 1531 386 5180 
6691 386 1900 5180 
6692 1900 1531 5180 
6693 755 1478 5181 
6694 1478 1552 5181 
6695 1552 755 5181 
6696 1218 945 5182 
6697 945 2949 5182 
6698 2949 1218 5182 
6699 1824 916 5183 
6700 916 2257 5183 
6701 2257 1824 5183 
6702 678 993 5184 
6703 993 2151 5184 
6704 2151 678 5184 
6705 1294 507 5185 
6706 507 1741 5185 
6707 1741 1294 5185 
6708 1935 336 5186 
6709 336 2151 5186 
6710 2151 1935 5186 
6711 583 1600 5187 
6712 1600 2525 5187 
6713 2525 583 5187 
6714 603 1538 5188 
6715 1538 1545 5188 
6716 1545 603 5188 
6717 384 1655 5189 
6718 1655 2184 5189 
6719 2184 384 5189 
6720 1484 58 5190 
6721 58 1719 5190 
6722 1719 1484 5190 
6723 126 1483 5191 
6724 1483 1718 5191 
6725 1718 126 5191 
6726 1287 355 5192 
6727 355 1924 5192 
6728 1924 1287 5192 
6729 1229 206 5193 
6730 206 2240 5193 
6731 2240 1229 5193 
6732 832 1511 5194 
6733 1511 1636 5194 
6734 1636 832 5194 
6735 1191 475 5195 
6736 475 2416 5195 
6737 2416 1191 5195 
6738 2239 938 5196 
6739 938 2422 5196 
6740 2422 2239 5196 
6741 1445 565 5197 
6742 565 2076 5197 
6743 2076 1445 5197 
6744 560 1211 5198 
6745 1211 2561 5198 
6746 2561 560 5198 
6747 1170 767 5199 
6748 767 2621 5199 
6749 2621 1170 5199 
6750 729 1591 5200 
6751 1591 1861 5200 
6752 1861 729 5200 
6753 1913 1184 5201 
6754 1184 2445 5201 
6755 2445 1913 5201 
6756 333 1913 5202 
6757 1913 2445 5202 
6758 2445 333 5202 
6759 181 102 5203 
6760 102 2113 5203 
6761 2113 181 5203 
6762 102 182 5204 
6763 182 2113 5204 
6764 2113 102 5204 
6765 171 172 5205 
6766 172 1648 5205 
6767 1648 171 5205 
6768 2327 1499 5206 
6769 1499 2788 5206 
6770 2788 2327 5206 
6771 391 1356 5207 
6772 1356 2444 5207 
6773 2444 391 5207 
6774 246 1344 5208 
6775 1344 1697 5208 
6776 1697 246 5208 
6777 317 1522 5209 
6778 1522 2347 5209 
6779 2347 317 5209 
6780 626 1475 5210 
6781 1475 2833 5210 
6782 2833 626 5210 
6783 1069 785 5211 
6784 785 2046 5211 
6785 2046 1069 5211 
6786 21 22 5212 
6787 22 2277 5212 
6788 2277 21 5212 
6789 649 1035 5213 
6790 1035 2404 5213 
6791 2404 649 5213 
6792 1749 646 5214 
6793 646 2707 5214 
6794 2707 1749 5214 
6795 1468 1628 5215 
6796 1628 2410 5215 
6797 2410 1468 5215 
6798 719 1093 5216 
6799 1093 1855 5216 
6800 1855 719 5216 
6801 1366 606 5217 
6802 606 1633 5217 
6803 1633 1366 5217 
6804 851 1722 5218 
6805 1722 2286 5218 
6806 2286 851 5218 
6807 280 1186 5219 
6808 1186 2417 5219 
6809 2417 280 5219 
6810 1401 892 5220 
6811 892 2805 5220 
6812 2805 1401 5220 
6813 1168 680 5221 
6814 680 2094 5221 
6815 2094 1168 5221 
6816 1478 576 5222 
6817 576 1552 5222 
6818 1552 1478 5222 
6819 472 1263 5223 
6820 1263 2705 5223 
6821 2705 472 5223 
6822 1264 471 5224 
6823 471 2704 5224 
6824 2704 1264 5224 
6825 1263 876 5225 
6826 876 2705 5225 
6827 2705 1263 5225 
6828 875 1264 5226 
6829 1264 2704 5226 
6830 2704 875 5226 
6831 443 1239 5227 
6832 1239 2691 5227 
6833 2691 443 5227 
6834 1752 906 5228 
6835 906 1973 5228 
6836 1973 1752 5228 
6837 1384 687 5229 
6838 687 2168 5229 
6839 2168 1384 5229 
6840 332 1351 5230 
6841 1351 1616 5230 
6842 1616 332 5230 
6843 2026 963 5231 
6844 963 2656 5231 
6845 2656 2026 5231 
6846 722 2285 5232 
6847 2285 2671 5232 
6848 2671 722 5232 
6849 1705 620 5233 
6850 620 2785 5233 
6851 2785 1705 5233 
6852 223 222 5234 
6853 222 1509 5234 
6854 1509 223 5234 
6855 1195 691 5235 
6856 691 1892 5235 
6857 1892 1195 5235 
6858 598 1560 5236 
6859 1560 1624 5236 
6860 1624 598 5236 
6861 489 1359 5237 
6862 1359 1627 5237 
6863 1627 489 5237 
6864 882 1753 5238 
6865 1753 2370 5238 
6866 2370 882 5238 
6867 292 1172 5239 
6868 1172 2382 5239 
6869 2382 292 5239 
6870 751 1406 5240 
6871 1406 2002 5240 
6872 2002 751 5240 
6873 1406 379 5241 
6874 379 2002 5241 
6875 2002 1406 5241 
6876 1726 365 5242 
6877 365 2409 5242 
6878 2409 1726 5242 
6879 718 1915 5243 
6880 1915 2876 5243 
6881 2876 718 5243 
6882 633 1642 5244 
6883 1642 2572 5244 
6884 2572 633 5244 
6885 415 2442 5245 
6886 2442 2785 5245 
6887 2785 415 5245 
6888 661 2426 5246 
6889 2426 2810 5246 
6890 2810 661 5246 
6891 1259 1524 5247 
6892 1524 2292 5247 
6893 2292 1259 5247 
6894 1528 1123 5248 
6895 1123 2400 5248 
6896 2400 1528 5248 
6897 2600 1128 5249 
6898 1128 2717 5249 
6899 2717 2600 5249 
6900 83 84 5250 
6901 84 2407 5250 
6902 2407 83 5250 
6903 100 101 5251 
6904 101 2408 5251 
6905 2408 100 5251 
6906 1069 1485 5252 
6907 1485 2663 5252 
6908 2663 1069 5252 
6909 850 1299 5253 
6910 1299 1730 5253 
6911 1730 850 5253 
6912 46 47 5254 
6913 47 2710 5254 
6914 2710 46 5254 
6915 739 1568 5255 
6916 1568 1788 5255 
6917 1788 739 5255 
6918 467 1171 5256 
6919 1171 1946 5256 
6920 1946 467 5256 
6921 480 1267 5257 
6922 1267 2000 5257 
6923 2000 480 5257 
6924 1364 600 5258 
6925 600 2007 5258 
6926 2007 1364 5258 
6927 713 1204 5259 
6928 1204 2041 5259 
6929 2041 713 5259 
6930 1175 339 5260 
6931 339 2235 5260 
6932 2235 1175 5260 
6933 1940 1438 5261 
6934 1438 2334 5261 
6935 2334 1940 5261 
6936 1529 729 5262 
6937 729 1689 5262 
6938 1689 1529 5262 
6939 1267 24 5263 
6940 24 2264 5263 
6941 2264 1267 5263 
6942 1148 249 5264 
6943 249 2371 5264 
6944 2371 1148 5264 
6945 71 72 5265 
6946 72 2513 5265 
6947 2513 71 5265 
6948 1538 367 5266 
6949 367 1796 5266 
6950 1796 1538 5266 
6951 1345 849 5267 
6952 849 2555 5267 
6953 2555 1345 5267 
6954 668 1265 5268 
6955 1265 1608 5268 
6956 1608 668 5268 
6957 1559 747 5269 
6958 747 1679 5269 
6959 1679 1559 5269 
6960 1195 144 5270 
6961 144 2941 5270 
6962 2941 1195 5270 
6963 720 1182 5271 
6964 1182 2023 5271 
6965 2023 720 5271 
6966 874 1662 5272 
6967 1662 2750 5272 
6968 2750 874 5272 
6969 1695 704 5273 
6970 704 1866 5273 
6971 1866 1695 5273 
6972 603 1524 5274 
6973 1524 1538 5274 
6974 1538 603 5274 
6975 739 1422 5275 
6976 1422 1568 5275 
6977 1568 739 5275 
6978 510 1369 5276 
6979 1369 1725 5276 
6980 1725 510 5276 
6981 1190 679 5277 
6982 679 1955 5277 
6983 1955 1190 5277 
6984 1196 398 5278 
6985 398 1895 5278 
6986 1895 1196 5278 
6987 532 1370 5279 
6988 1370 1894 5279 
6989 1894 532 5279 
6990 1343 1439 5280 
6991 1439 2559 5280 
6992 2559 1343 5280 
6993 1246 493 5281 
6994 493 2840 5281 
6995 2840 1246 5281 
6996 1591 366 5282 
6997 366 1736 5282 
6998 1736 1591 5282 
6999 715 1318 5283 
7000 1318 1668 5283 
7001 1668 715 5283 
7002 1333 348 5284 
7003 348 1954 5284 
7004 1954 1333 5284 
7005 1541 584 5285 
7006 584 2549 5285 
7007 2549 1541 5285 
7008 1281 459 5286 
7009 459 2315 5286 
7010 2315 1281 5286 
7011 777 1281 5287 
7012 1281 2315 5287 
7013 2315 777 5287 
7014 1705 1008 5288 
7015 1008 2865 5288 
7016 2865 1705 5288 
7017 1359 759 5289 
7018 759 1627 5289 
7019 1627 1359 5289 
7020 1690 257 5290 
7021 257 1981 5290 
7022 1981 1690 5290 
7023 1429 1576 5291 
7024 1576 3004 5291 
7025 3004 1429 5291 
7026 962 2054 5292 
7027 2054 2388 5292 
7028 2388 962 5292 
7029 65 66 5293 
7030 66 2210 5293 
7031 2210 65 5293 
7032 119 120 5294 
7033 120 1879 5294 
7034 1879 119 5294 
7035 1676 814 5295 
7036 814 2687 5295 
7037 2687 1676 5295 
7038 643 1353 5296 
7039 1353 1715 5296 
7040 1715 643 5296 
7041 493 1202 5297 
7042 1202 2439 5297 
7043 2439 493 5297 
7044 1362 2053 5298 
7045 2053 2817 5298 
7046 2817 1362 5298 
7047 1503 1341 5299 
7048 1341 2696 5299 
7049 2696 1503 5299 
7050 741 1722 5300 
7051 1722 2879 5300 
7052 2879 741 5300 
7053 1353 371 5301 
7054 371 1715 5301 
7055 1715 1353 5301 
7056 761 1421 5302 
7057 1421 1580 5302 
7058 1580 761 5302 
7059 445 1217 5303 
7060 1217 2668 5303 
7061 2668 445 5303 
7062 1236 623 5304 
7063 623 1830 5304 
7064 1830 1236 5304 
7065 460 2404 5305 
7066 2404 2724 5305 
7067 2724 460 5305 
7068 1296 438 5306 
7069 438 1699 5306 
7070 1699 1296 5306 
7071 1321 946 5307 
7072 946 2179 5307 
7073 2179 1321 5307 
7074 1732 539 5308 
7075 539 2967 5308 
7076 2967 1732 5308 
7077 1534 2025 5309 
7078 2025 2582 5309 
7079 2582 1534 5309 
7080 2404 1035 5310 
7081 1035 2724 5310 
7082 2724 2404 5310 
7083 1182 554 5311 
7084 554 2161 5311 
7085 2161 1182 5311 
7086 1199 368 5312 
7087 368 1977 5312 
7088 1977 1199 5312 
7089 896 1485 5313 
7090 1485 2609 5313 
7091 2609 896 5313 
7092 1224 1749 5314 
7093 1749 2707 5314 
7094 2707 1224 5314 
7095 1831 816 5315 
7096 816 1949 5315 
7097 1949 1831 5315 
7098 844 1443 5316 
7099 1443 2464 5316 
7100 2464 844 5316 
7101 922 1707 5317 
7102 1707 2373 5317 
7103 2373 922 5317 
7104 980 1497 5318 
7105 1497 2490 5318 
7106 2490 980 5318 
7107 1429 597 5319 
7108 597 1576 5319 
7109 1576 1429 5319 
7110 1214 970 5320 
7111 970 2489 5320 
7112 2489 1214 5320 
7113 1487 1115 5321 
7114 1115 2608 5321 
7115 2608 1487 5321 
7116 362 1240 5322 
7117 1240 1896 5322 
7118 1896 362 5322 
7119 1534 352 5323 
7120 352 2185 5323 
7121 2185 1534 5323 
7122 796 1829 5324 
7123 1829 2695 5324 
7124 2695 796 5324 
7125 2631 297 5325 
7126 297 2795 5325 
7127 2795 2631 5325 
7128 291 1142 5326 
7129 1142 2364 5326 
7130 2364 291 5326 
7131 1192 465 5327 
7132 465 2366 5327 
7133 2366 1192 5327 
7134 1051 1249 5328 
7135 1249 2903 5328 
7136 2903 1051 5328 
7137 950 1450 5329 
7138 1450 2127 5329 
7139 2127 950 5329 
7140 1393 651 5330 
7141 651 2057 5330 
7142 2057 1393 5330 
7143 1229 497 5331 
7144 497 2604 5331 
7145 2604 1229 5331 
7146 355 1236 5332 
7147 1236 1830 5332 
7148 1830 355 5332 
7149 258 1696 5333 
7150 1696 2363 5333 
7151 2363 258 5333 
7152 1417 201 5334 
7153 201 2915 5334 
7154 2915 1417 5334 
7155 1140 731 5335 
7156 731 2153 5335 
7157 2153 1140 5335 
7158 1597 919 5336 
7159 919 2037 5336 
7160 2037 1597 5336 
7161 1200 369 5337 
7162 369 2009 5337 
7163 2009 1200 5337 
7164 1270 339 5338 
7165 339 1764 5338 
7166 1764 1270 5338 
7167 266 1304 5339 
7168 1304 2086 5339 
7169 2086 266 5339 
7170 785 1070 5340 
7171 1070 2046 5340 
7172 2046 785 5340 
7173 469 1435 5341 
7174 1435 1904 5341 
7175 1904 469 5341 
7176 1435 735 5342 
7177 735 1904 5342 
7178 1904 1435 5342 
7179 2424 1204 5343 
7180 1204 2455 5343 
7181 2455 2424 5343 
7182 649 2404 5344 
7183 2404 2916 5344 
7184 2916 649 5344 
7185 1139 1581 5345 
7186 1581 2401 5345 
7187 2401 1139 5345 
7188 498 1291 5346 
7189 1291 2201 5346 
7190 2201 498 5346 
7191 800 2424 5347 
7192 2424 2455 5347 
7193 2455 800 5347 
7194 1745 980 5348 
7195 980 2088 5348 
7196 2088 1745 5348 
7197 466 1688 5349 
7198 1688 2949 5349 
7199 2949 466 5349 
7200 746 1666 5350 
7201 1666 1870 5350 
7202 1870 746 5350 
7203 929 1459 5351 
7204 1459 2380 5351 
7205 2380 929 5351 
7206 615 1296 5352 
7207 1296 1699 5352 
7208 1699 615 5352 
7209 574 1242 5353 
7210 1242 1899 5353 
7211 1899 574 5353 
7212 916 2126 5354 
7213 2126 2257 5354 
7214 2257 916 5354 
7215 629 1272 5355 
7216 1272 2303 5355 
7217 2303 629 5355 
7218 1273 628 5356 
7219 628 2304 5356 
7220 2304 1273 5356 
7221 1287 488 5357 
7222 488 1875 5357 
7223 1875 1287 5357 
7224 691 1195 5358 
7225 1195 2068 5358 
7226 2068 691 5358 
7227 1865 991 5359 
7228 991 2597 5359 
7229 2597 1865 5359 
7230 1666 746 5360 
7231 746 2069 5360 
7232 2069 1666 5360 
7233 1446 772 5361 
7234 772 2027 5361 
7235 2027 1446 5361 
7236 1309 516 5362 
7237 516 2820 5362 
7238 2820 1309 5362 
7239 1841 665 5363 
7240 665 2256 5363 
7241 2256 1841 5363 
7242 2152 1010 5364 
7243 1010 2884 5364 
7244 2884 2152 5364 
7245 654 1101 5365 
7246 1101 2003 5365 
7247 2003 654 5365 
7248 1236 355 5366 
7249 355 2661 5366 
7250 2661 1236 5366 
7251 1502 238 5367 
7252 238 2080 5367 
7253 2080 1502 5367 
7254 2080 238 5368 
7255 238 2350 5368 
7256 2350 2080 5368 
7257 1593 634 5369 
7258 634 1683 5369 
7259 1683 1593 5369 
7260 1387 803 5370 
7261 803 2634 5370 
7262 2634 1387 5370 
7263 1317 430 5371 
7264 430 2779 5371 
7265 2779 1317 5371 
7266 2172 633 5372 
7267 633 2572 5372 
7268 2572 2172 5372 
7269 1266 468 5373 
7270 468 2558 5373 
7271 2558 1266 5373 
7272 1301 28 5374 
7273 28 2123 5374 
7274 2123 1301 5374 
7275 203 1417 5375 
7276 1417 2538 5375 
7277 2538 203 5375 
7278 410 1446 5376 
7279 1446 2027 5376 
7280 2027 410 5376 
7281 1524 367 5377 
7282 367 1538 5377 
7283 1538 1524 5377 
7284 516 1440 5378 
7285 1440 2820 5378 
7286 2820 516 5378 
7287 1424 321 5379 
7288 321 1850 5379 
7289 1850 1424 5379 
7290 1101 453 5380 
7291 453 2003 5380 
7292 2003 1101 5380 
7293 1367 507 5381 
7294 507 2477 5381 
7295 2477 1367 5381 
7296 2281 289 5382 
7297 289 2466 5382 
7298 2466 2281 5382 
7299 1704 976 5383 
7300 976 2633 5383 
7301 2633 1704 5383 
7302 695 1156 5384 
7303 1156 2726 5384 
7304 2726 695 5384 
7305 1042 1704 5385 
7306 1704 2633 5385 
7307 2633 1042 5385 
7308 1490 652 5386 
7309 652 1496 5386 
7310 1496 1490 5386 
7311 1058 1543 5387 
7312 1543 3009 5387 
7313 3009 1058 5387 
7314 237 1600 5388 
7315 1600 2425 5388 
7316 2425 237 5388 
7317 1509 1070 5389 
7318 1070 2848 5389 
7319 2848 1509 5389 
7320 977 1780 5390 
7321 1780 2659 5390 
7322 2659 977 5390 
7323 827 1546 5391 
7324 1546 1760 5391 
7325 1760 827 5391 
7326 1546 462 5392 
7327 462 1760 5392 
7328 1760 1546 5392 
7329 1401 1020 5393 
7330 1020 2244 5393 
7331 2244 1401 5393 
7332 1392 716 5394 
7333 716 2108 5394 
7334 2108 1392 5394 
7335 722 2136 5395 
7336 2136 3002 5395 
7337 3002 722 5395 
7338 1682 247 5396 
7339 247 2811 5396 
7340 2811 1682 5396 
7341 673 1217 5397 
7342 1217 1925 5397 
7343 1925 673 5397 
7344 1252 2631 5398 
7345 2631 2795 5398 
7346 2795 1252 5398 
7347 64 65 5399 
7348 65 1841 5399 
7349 1841 64 5399 
7350 1202 683 5400 
7351 683 2439 5400 
7352 2439 1202 5400 
7353 253 1300 5401 
7354 1300 1957 5401 
7355 1957 253 5401 
7356 1207 233 5402 
7357 233 2947 5402 
7358 2947 1207 5402 
7359 1487 717 5403 
7360 717 2279 5403 
7361 2279 1487 5403 
7362 1198 315 5404 
7363 315 2158 5404 
7364 2158 1198 5404 
7365 1847 636 5405 
7366 636 2546 5405 
7367 2546 1847 5405 
7368 1203 793 5406 
7369 793 2655 5406 
7370 2655 1203 5406 
7371 1298 359 5407 
7372 359 2532 5407 
7373 2532 1298 5407 
7374 2054 1060 5408 
7375 1060 2238 5408 
7376 2238 2054 5408 
7377 845 1495 5409 
7378 1495 2355 5409 
7379 2355 845 5409 
7380 518 1503 5410 
7381 1503 2301 5410 
7382 2301 518 5410 
7383 1329 344 5411 
7384 344 1906 5411 
7385 1906 1329 5411 
7386 532 1224 5412 
7387 1224 2707 5412 
7388 2707 532 5412 
7389 1499 742 5413 
7390 742 1561 5413 
7391 1561 1499 5413 
7392 1182 1609 5414 
7393 1609 2023 5414 
7394 2023 1182 5414 
7395 464 1254 5415 
7396 1254 2042 5415 
7397 2042 464 5415 
7398 1667 2005 5416 
7399 2005 2738 5416 
7400 2738 1667 5416 
7401 1166 633 5417 
7402 633 2172 5417 
7403 2172 1166 5417 
7404 408 1757 5418 
7405 1757 2127 5418 
7406 2127 408 5418 
7407 1757 950 5419 
7408 950 2127 5419 
7409 2127 1757 5419 
7410 136 137 5420 
7411 137 1623 5420 
7412 1623 136 5420 
7413 1259 618 5421 
7414 618 2566 5421 
7415 2566 1259 5421 
7416 1486 918 5422 
7417 918 2212 5422 
7418 2212 1486 5422 
7419 970 670 5423 
7420 670 2746 5423 
7421 2746 970 5423 
7422 819 1503 5424 
7423 1503 2632 5424 
7424 2632 819 5424 
7425 1788 537 5425 
7426 537 2660 5425 
7427 2660 1788 5425 
7428 2120 1126 5426 
7429 1126 2991 5426 
7430 2991 2120 5426 
7431 1186 1788 5427 
7432 1788 2660 5427 
7433 2660 1186 5427 
7434 2529 1423 5428 
7435 1423 2920 5428 
7436 2920 2529 5428 
7437 511 1214 5429 
7438 1214 2489 5429 
7439 2489 511 5429 
7440 445 1148 5430 
7441 1148 1925 5430 
7442 1925 445 5430 
7443 947 1658 5431 
7444 1658 2916 5431 
7445 2916 947 5431 
7446 1574 415 5432 
7447 415 2785 5432 
7448 2785 1574 5432 
7449 213 1599 5433 
7450 1599 1677 5433 
7451 1677 213 5433 
7452 159 160 5434 
7453 160 2605 5434 
7454 2605 159 5434 
7455 2041 421 5435 
7456 421 2336 5435 
7457 2336 2041 5435 
7458 1006 676 5436 
7459 676 1708 5436 
7460 1708 1006 5436 
7461 1270 523 5437 
7462 523 1822 5437 
7463 1822 1270 5437 
7464 58 59 5438 
7465 59 1719 5438 
7466 1719 58 5438 
7467 125 126 5439 
7468 126 1718 5439 
7469 1718 125 5439 
7470 770 1441 5440 
7471 1441 1569 5440 
7472 1569 770 5440 
7473 1485 210 5441 
7474 210 2609 5441 
7475 2609 1485 5441 
7476 575 1738 5442 
7477 1738 1874 5442 
7478 1874 575 5442 
7479 564 1556 5443 
7480 1556 1669 5443 
7481 1669 564 5443 
7482 42 1465 5444 
7483 1465 1772 5444 
7484 1772 42 5444 
7485 1622 734 5445 
7486 734 1836 5445 
7487 1836 1622 5445 
7488 405 1579 5446 
7489 1579 2333 5446 
7490 2333 405 5446 
7491 653 1644 5447 
7492 1644 2236 5447 
7493 2236 653 5447 
7494 485 1297 5448 
7495 1297 2124 5448 
7496 2124 485 5448 
7497 415 1574 5449 
7498 1574 2244 5449 
7499 2244 415 5449 
7500 1574 892 5450 
7501 892 2244 5450 
7502 2244 1574 5450 
7503 1284 418 5451 
7504 418 2217 5451 
7505 2217 1284 5451 
7506 985 2475 5452 
7507 2475 2721 5452 
7508 2721 985 5452 
7509 177 1366 5453 
7510 1366 1633 5453 
7511 1633 177 5453 
7512 868 1918 5454 
7513 1918 2039 5454 
7514 2039 868 5454 
7515 618 1176 5455 
7516 1176 1871 5455 
7517 1871 618 5455 
7518 908 1239 5456 
7519 1239 2297 5456 
7520 2297 908 5456 
7521 1376 994 5457 
7522 994 3001 5457 
7523 3001 1376 5457 
7524 319 1376 5458 
7525 1376 3001 5458 
7526 3001 319 5458 
7527 2205 1443 5459 
7528 1443 2735 5459 
7529 2735 2205 5459 
7530 1091 2364 5460 
7531 2364 2593 5460 
7532 2593 1091 5460 
7533 1860 1045 5461 
7534 1045 2415 5461 
7535 2415 1860 5461 
7536 1311 397 5462 
7537 397 2198 5462 
7538 2198 1311 5462 
7539 1817 316 5463 
7540 316 2047 5463 
7541 2047 1817 5463 
7542 281 1283 5464 
7543 1283 2883 5464 
7544 2883 281 5464 
7545 307 1255 5465 
7546 1255 2729 5465 
7547 2729 307 5465 
7548 308 1256 5466 
7549 1256 2730 5466 
7550 2730 308 5466 
7551 796 1209 5467 
7552 1209 2267 5467 
7553 2267 796 5467 
7554 1085 662 5468 
7555 662 2217 5468 
7556 2217 1085 5468 
7557 1297 297 5469 
7558 297 2631 5469 
7559 2631 1297 5469 
7560 856 1347 5470 
7561 1347 1976 5470 
7562 1976 856 5470 
7563 1768 941 5471 
7564 941 2116 5471 
7565 2116 1768 5471 
7566 416 1768 5472 
7567 1768 2116 5472 
7568 2116 416 5472 
7569 1014 1656 5473 
7570 1656 2862 5473 
7571 2862 1014 5473 
7572 909 1296 5474 
7573 1296 2894 5474 
7574 2894 909 5474 
7575 380 1408 5475 
7576 1408 2135 5475 
7577 2135 380 5475 
7578 1408 777 5476 
7579 777 2135 5476 
7580 2135 1408 5476 
7581 1734 350 5477 
7582 350 1975 5477 
7583 1975 1734 5477 
7584 1318 725 5478 
7585 725 2085 5478 
7586 2085 1318 5478 
7587 393 1318 5479 
7588 1318 2085 5479 
7589 2085 393 5479 
7590 1334 266 5480 
7591 266 2086 5480 
7592 2086 1334 5480 
7593 550 2166 5481 
7594 2166 2806 5481 
7595 2806 550 5481 
7596 494 1300 5482 
7597 1300 2449 5482 
7598 2449 494 5482 
7599 713 1366 5483 
7600 1366 2040 5483 
7601 2040 713 5483 
7602 1534 975 5484 
7603 975 2025 5484 
7604 2025 1534 5484 
7605 51 1263 5485 
7606 1263 2064 5485 
7607 2064 51 5485 
7608 1264 133 5486 
7609 133 2063 5486 
7610 2063 1264 5486 
7611 1809 697 5487 
7612 697 2793 5487 
7613 2793 1809 5487 
7614 959 2262 5488 
7615 2262 2300 5488 
7616 2300 959 5488 
7617 944 2757 5489 
7618 2757 2773 5489 
7619 2773 944 5489 
7620 1955 679 5490 
7621 679 2419 5490 
7622 2419 1955 5490 
7623 1944 374 5491 
7624 374 2232 5491 
7625 2232 1944 5491 
7626 1071 474 5492 
7627 474 2384 5492 
7628 2384 1071 5492 
7629 1257 354 5493 
7630 354 2802 5493 
7631 2802 1257 5493 
7632 1535 804 5494 
7633 804 1928 5494 
7634 1928 1535 5494 
7635 1337 693 5495 
7636 693 1873 5495 
7637 1873 1337 5495 
7638 1823 913 5496 
7639 913 2768 5496 
7640 2768 1823 5496 
7641 1393 2057 5497 
7642 2057 2871 5497 
7643 2871 1393 5497 
7644 1933 710 5498 
7645 710 2073 5498 
7646 2073 1933 5498 
7647 1116 1596 5499 
7648 1596 1783 5499 
7649 1783 1116 5499 
7650 1284 662 5500 
7651 662 2259 5500 
7652 2259 1284 5500 
7653 566 1498 5501 
7654 1498 2199 5501 
7655 2199 566 5501 
7656 610 1254 5502 
7657 1254 1907 5502 
7658 1907 610 5502 
7659 1254 411 5503 
7660 411 1907 5503 
7661 1907 1254 5503 
7662 1513 443 5504 
7663 443 2691 5504 
7664 2691 1513 5504 
7665 1347 914 5505 
7666 914 1976 5505 
7667 1976 1347 5505 
7668 324 1371 5506 
7669 1371 1767 5506 
7670 1767 324 5506 
7671 353 1411 5507 
7672 1411 2280 5507 
7673 2280 353 5507 
7674 1238 245 5508 
7675 245 2568 5508 
7676 2568 1238 5508 
7677 2070 746 5509 
7678 746 2612 5509 
7679 2612 2070 5509 
7680 1265 584 5510 
7681 584 2665 5510 
7682 2665 1265 5510 
7683 1369 991 5511 
7684 991 1725 5511 
7685 1725 1369 5511 
7686 1604 829 5512 
7687 829 2463 5512 
7688 2463 1604 5512 
7689 807 1599 5513 
7690 1599 2184 5513 
7691 2184 807 5513 
7692 540 1345 5514 
7693 1345 2555 5514 
7694 2555 540 5514 
7695 1299 494 5515 
7696 494 1730 5515 
7697 1730 1299 5515 
7698 60 61 5516 
7699 61 1804 5516 
7700 1804 60 5516 
7701 1226 289 5517 
7702 289 2281 5517 
7703 2281 1226 5517 
7704 250 1179 5518 
7705 1179 2843 5518 
7706 2843 250 5518 
7707 1612 628 5519 
7708 628 2273 5519 
7709 2273 1612 5519 
7710 629 1613 5520 
7711 1613 2272 5520 
7712 2272 629 5520 
7713 668 1608 5521 
7714 1608 2016 5521 
7715 2016 668 5521 
7716 1553 577 5522 
7717 577 2193 5522 
7718 2193 1553 5522 
7719 123 124 5523 
7720 124 1844 5523 
7721 1844 123 5523 
7722 2136 1007 5524 
7723 1007 3002 5524 
7724 3002 2136 5524 
7725 1010 2136 5525 
7726 2136 2671 5525 
7727 2671 1010 5525 
7728 1262 432 5526 
7729 432 2388 5526 
7730 2388 1262 5526 
7731 196 1325 5527 
7732 1325 2423 5527 
7733 2423 196 5527 
7734 842 1580 5528 
7735 1580 2229 5528 
7736 2229 842 5528 
7737 777 1477 5529 
7738 1477 2157 5529 
7739 2157 777 5529 
7740 488 1331 5530 
7741 1331 1875 5530 
7742 1875 488 5530 
7743 2181 718 5531 
7744 718 2616 5531 
7745 2616 2181 5531 
7746 170 1120 5532 
7747 1120 2324 5532 
7748 2324 170 5532 
7749 1034 1237 5533 
7750 1237 2541 5533 
7751 2541 1034 5533 
7752 1887 331 5534 
7753 331 2867 5534 
7754 2867 1887 5534 
7755 681 1537 5535 
7756 1537 1672 5535 
7757 1672 681 5535 
7758 186 1382 5536 
7759 1382 2596 5536 
7760 2596 186 5536 
7761 1409 932 5537 
7762 932 3000 5537 
7763 3000 1409 5537 
7764 1677 1014 5538 
7765 1014 2862 5538 
7766 2862 1677 5538 
7767 181 2113 5539 
7768 2113 2455 5539 
7769 2455 181 5539 
7770 1375 884 5540 
7771 884 2741 5540 
7772 2741 1375 5540 
7773 1789 506 5541 
7774 506 2925 5541 
7775 2925 1789 5541 
7776 319 1716 5542 
7777 1716 2119 5542 
7778 2119 319 5542 
7779 1286 769 5543 
7780 769 1834 5543 
7781 1834 1286 5543 
7782 417 1860 5544 
7783 1860 2415 5544 
7784 2415 417 5544 
7785 1779 529 5545 
7786 529 2484 5545 
7787 2484 1779 5545 
7788 1395 513 5546 
7789 513 1763 5546 
7790 1763 1395 5546 
7791 664 1395 5547 
7792 1395 1763 5547 
7793 1763 664 5547 
7794 1267 637 5548 
7795 637 2000 5548 
7796 2000 1267 5548 
7797 470 1517 5549 
7798 1517 1755 5549 
7799 1755 470 5549 
7800 1517 848 5550 
7801 848 1755 5550 
7802 1755 1517 5550 
7803 1235 335 5551 
7804 335 2340 5551 
7805 2340 1235 5551 
7806 948 1817 5552 
7807 1817 2047 5552 
7808 2047 948 5552 
7809 1128 1344 5553 
7810 1344 2717 5553 
7811 2717 1128 5553 
7812 836 1321 5554 
7813 1321 2508 5554 
7814 2508 836 5554 
7815 1321 471 5555 
7816 471 2508 5555 
7817 2508 1321 5555 
7818 759 1693 5556 
7819 1693 2577 5556 
7820 2577 759 5556 
7821 335 1235 5557 
7822 1235 2001 5557 
7823 2001 335 5557 
7824 1235 462 5558 
7825 462 1999 5558 
7826 1999 1235 5558 
7827 822 1265 5559 
7828 1265 2665 5559 
7829 2665 822 5559 
7830 1625 645 5560 
7831 645 2298 5560 
7832 2298 1625 5560 
7833 25 26 5561 
7834 26 1554 5561 
7835 1554 25 5561 
7836 1091 450 5562 
7837 450 2255 5562 
7838 2255 1091 5562 
7839 1635 2096 5563 
7840 2096 2463 5563 
7841 2463 1635 5563 
7842 695 1635 5564 
7843 1635 1694 5564 
7844 1694 695 5564 
7845 1537 346 5565 
7846 346 1672 5565 
7847 1672 1537 5565 
7848 1523 917 5566 
7849 917 1759 5566 
7850 1759 1523 5566 
7851 223 1509 5567 
7852 1509 1829 5567 
7853 1829 223 5567 
7854 1838 310 5568 
7855 310 2856 5568 
7856 2856 1838 5568 
7857 1812 934 5569 
7858 934 2052 5569 
7859 2052 1812 5569 
7860 1060 449 5570 
7861 449 2238 5570 
7862 2238 1060 5570 
7863 822 1589 5571 
7864 1589 2458 5571 
7865 2458 822 5571 
7866 634 1593 5572 
7867 1593 2328 5572 
7868 2328 634 5572 
7869 1290 678 5573 
7870 678 2151 5573 
7871 2151 1290 5573 
7872 1300 494 5574 
7873 494 1957 5574 
7874 1957 1300 5574 
7875 508 1014 5575 
7876 1014 2341 5575 
7877 2341 508 5575 
7878 1301 804 5576 
7879 804 2372 5576 
7880 2372 1301 5576 
7881 1029 2515 5577 
7882 2515 2728 5577 
7883 2728 1029 5577 
7884 505 1543 5578 
7885 1543 1835 5578 
7886 1835 505 5578 
7887 703 1326 5579 
7888 1326 2034 5579 
7889 2034 703 5579 
7890 1746 783 5580 
7891 783 2586 5580 
7892 2586 1746 5580 
7893 1542 829 5581 
7894 829 1604 5581 
7895 1604 1542 5581 
7896 1119 1785 5582 
7897 1785 2579 5582 
7898 2579 1119 5582 
7899 969 1720 5583 
7900 1720 2874 5583 
7901 2874 969 5583 
7902 915 1455 5584 
7903 1455 2625 5584 
7904 2625 915 5584 
7905 1277 521 5585 
7906 521 2207 5585 
7907 2207 1277 5585 
7908 367 1558 5586 
7909 1558 1796 5586 
7910 1796 367 5586 
7911 499 1280 5587 
7912 1280 2771 5587 
7913 2771 499 5587 
7914 1308 1020 5588 
7915 1020 2940 5588 
7916 2940 1308 5588 
7917 661 1811 5589 
7918 1811 2426 5589 
7919 2426 661 5589 
7920 1161 545 5590 
7921 545 2204 5590 
7922 2204 1161 5590 
7923 1135 163 5591 
7924 163 1983 5591 
7925 1983 1135 5591 
7926 729 1861 5592 
7927 1861 2142 5592 
7928 2142 729 5592 
7929 1579 937 5593 
7930 937 2333 5593 
7931 2333 1579 5593 
7932 267 1461 5594 
7933 1461 1814 5594 
7934 1814 267 5594 
7935 814 2225 5595 
7936 2225 2391 5595 
7937 2391 814 5595 
7938 676 1006 5596 
7939 1006 1717 5596 
7940 1717 676 5596 
7941 637 1267 5597 
7942 1267 2264 5597 
7943 2264 637 5597 
7944 643 1288 5598 
7945 1288 2963 5598 
7946 2963 643 5598 
7947 1570 341 5599 
7948 341 2854 5599 
7949 2854 1570 5599 
7950 1083 1570 5600 
7951 1570 2854 5600 
7952 2854 1083 5600 
7953 1672 346 5601 
7954 346 1951 5601 
7955 1951 1672 5601 
7956 580 1240 5602 
7957 1240 1835 5602 
7958 1835 580 5602 
7959 1438 243 5603 
7960 243 2901 5603 
7961 2901 1438 5603 
7962 1789 412 5604 
7963 412 1888 5604 
7964 1888 1789 5604 
7965 1324 248 5605 
7966 248 2349 5605 
7967 2349 1324 5605 
7968 2149 1188 5606 
7969 1188 2246 5606 
7970 2246 2149 5606 
7971 650 1413 5607 
7972 1413 2092 5607 
7973 2092 650 5607 
7974 779 2149 5608 
7975 2149 2246 5608 
7976 2246 779 5608 
7977 922 1572 5609 
7978 1572 1707 5609 
7979 1707 922 5609 
7980 662 1284 5610 
7981 1284 2217 5610 
7982 2217 662 5610 
7983 1539 973 5611 
7984 973 1968 5611 
7985 1968 1539 5611 
7986 1250 557 5612 
7987 557 1939 5612 
7988 1939 1250 5612 
7989 1209 496 5613 
7990 496 2556 5613 
7991 2556 1209 5613 
7992 1793 901 5614 
7993 901 2698 5614 
7994 2698 1793 5614 
7995 887 2504 5615 
7996 2504 2601 5615 
7997 2601 887 5615 
7998 2208 1531 5616 
7999 1531 2873 5616 
8000 2873 2208 5616 
8001 1335 109 5617 
8002 109 1781 5617 
8003 1781 1335 5617 
8004 616 1418 5618 
8005 1418 2203 5618 
8006 2203 616 5618 
8007 1246 335 5619 
8008 335 2001 5619 
8009 2001 1246 5619 
8010 665 1246 5620 
8011 1246 2001 5620 
8012 2001 665 5620 
8013 2768 1199 5621 
8014 1199 2985 5621 
8015 2985 2768 5621 
8016 239 1294 5622 
8017 1294 2681 5622 
8018 2681 239 5622 
8019 703 1812 5623 
8020 1812 2052 5623 
8021 2052 703 5623 
8022 1584 826 5624 
8023 826 1927 5624 
8024 1927 1584 5624 
8025 924 1688 5625 
8026 1688 2799 5625 
8027 2799 924 5625 
8028 1348 731 5626 
8029 731 2081 5626 
8030 2081 1348 5626 
8031 1764 339 5627 
8032 339 1898 5627 
8033 1898 1764 5627 
8034 2410 279 5628 
8035 279 2944 5628 
8036 2944 2410 5628 
8037 1175 1313 5629 
8038 1313 2956 5629 
8039 2956 1175 5629 
8040 1785 871 5630 
8041 871 2579 5630 
8042 2579 1785 5630 
8043 550 1442 5631 
8044 1442 2166 5631 
8045 2166 550 5631 
8046 1142 291 5632 
8047 291 2056 5632 
8048 2056 1142 5632 
8049 968 1601 5633 
8050 1601 2678 5633 
8051 2678 968 5633 
8052 1366 178 5634 
8053 178 2040 5634 
8054 2040 1366 5634 
8055 740 1245 5635 
8056 1245 2313 5635 
8057 2313 740 5635 
8058 1490 350 5636 
8059 350 1662 5636 
8060 1662 1490 5636 
8061 741 2711 5637 
8062 2711 2966 5637 
8063 2966 741 5637 
8064 1599 212 5638 
8065 212 1834 5638 
8066 1834 1599 5638 
8067 1434 1002 5639 
8068 1002 1903 5639 
8069 1903 1434 5639 
8070 1326 360 5640 
8071 360 2034 5640 
8072 2034 1326 5640 
8073 213 212 5641 
8074 212 1599 5641 
8075 1599 213 5641 
8076 828 1672 5642 
8077 1672 1951 5642 
8078 1951 828 5642 
8079 732 1531 5643 
8080 1531 2208 5643 
8081 2208 732 5643 
8082 1564 723 5644 
8083 723 1739 5644 
8084 1739 1564 5644 
8085 724 1565 5645 
8086 1565 1740 5645 
8087 1740 724 5645 
8088 1209 969 5646 
8089 969 2874 5646 
8090 2874 1209 5646 
8091 1597 895 5647 
8092 895 2283 5647 
8093 2283 1597 5647 
8094 466 2497 5648 
8095 2497 2657 5648 
8096 2657 466 5648 
8097 1610 644 5649 
8098 644 1913 5649 
8099 1913 1610 5649 
8100 593 1492 5650 
8101 1492 1670 5650 
8102 1670 593 5650 
8103 1635 354 5651 
8104 354 1694 5651 
8105 1694 1635 5651 
8106 1720 970 5652 
8107 970 2886 5652 
8108 2886 1720 5652 
8109 1972 759 5653 
8110 759 2577 5653 
8111 2577 1972 5653 
8112 1205 1682 5654 
8113 1682 2811 5654 
8114 2811 1205 5654 
8115 1475 626 5655 
8116 626 1754 5655 
8117 1754 1475 5655 
8118 1915 718 5656 
8119 718 2097 5656 
8120 2097 1915 5656 
8121 1364 1663 5657 
8122 1663 2758 5657 
8123 2758 1364 5657 
8124 1746 1207 5658 
8125 1207 2427 5658 
8126 2427 1746 5658 
8127 684 1319 5659 
8128 1319 2028 5659 
8129 2028 684 5659 
8130 337 1876 5660 
8131 1876 2845 5660 
8132 2845 337 5660 
8133 481 1792 5661 
8134 1792 1885 5661 
8135 1885 481 5661 
8136 762 1300 5662 
8137 1300 1810 5662 
8138 1810 762 5662 
8139 432 1532 5663 
8140 1532 2630 5663 
8141 2630 432 5663 
8142 1316 476 5664 
8143 476 1863 5664 
8144 1863 1316 5664 
8145 1231 305 5665 
8146 305 2300 5665 
8147 2300 1231 5665 
8148 1070 604 5666 
8149 604 2848 5666 
8150 2848 1070 5666 
8151 1406 751 5667 
8152 751 1697 5667 
8153 1697 1406 5667 
8154 1312 329 5668 
8155 329 2777 5668 
8156 2777 1312 5668 
8157 1121 1283 5669 
8158 1283 2791 5669 
8159 2791 1121 5669 
8160 242 1400 5670 
8161 1400 2545 5670 
8162 2545 242 5670 
8163 660 1235 5671 
8164 1235 2340 5671 
8165 2340 660 5671 
8166 631 1335 5672 
8167 1335 1781 5672 
8168 1781 631 5672 
8169 1239 1122 5673 
8170 1122 2691 5673 
8171 2691 1239 5673 
8172 827 1760 5674 
8173 1760 1846 5674 
8174 1846 827 5674 
8175 1760 660 5675 
8176 660 1846 5675 
8177 1846 1760 5675 
8178 693 1403 5676 
8179 1403 2962 5676 
8180 2962 693 5676 
8181 285 1650 5677 
8182 1650 1747 5677 
8183 1747 285 5677 
8184 531 2600 5678 
8185 2600 2717 5678 
8186 2717 531 5678 
8187 2309 924 5679 
8188 924 2799 5679 
8189 2799 2309 5679 
8190 601 1764 5680 
8191 1764 2728 5680 
8192 2728 601 5680 
8193 1351 715 5681 
8194 715 2913 5681 
8195 2913 1351 5681 
8196 1441 579 5682 
8197 579 1569 5682 
8198 1569 1441 5682 
8199 859 1474 5683 
8200 1474 1700 5683 
8201 1700 859 5683 
8202 1474 472 5684 
8203 472 1700 5684 
8204 1700 1474 5684 
8205 1537 681 5685 
8206 681 2519 5685 
8207 2519 1537 5685 
8208 998 1229 5686 
8209 1229 2604 5686 
8210 2604 998 5686 
8211 305 1343 5687 
8212 1343 2559 5687 
8213 2559 305 5687 
8214 1367 622 5688 
8215 622 1978 5688 
8216 1978 1367 5688 
8217 287 2114 5689 
8218 2114 2796 5689 
8219 2796 287 5689 
8220 1630 866 5690 
8221 866 2318 5690 
8222 2318 1630 5690 
8223 1707 309 5691 
8224 309 2373 5691 
8225 2373 1707 5691 
8226 1543 303 5692 
8227 303 3009 5692 
8228 3009 1543 5692 
8229 1329 509 5693 
8230 509 1809 5693 
8231 1809 1329 5693 
8232 28 29 5694 
8233 29 2123 5694 
8234 2123 28 5694 
8235 1515 624 5695 
8236 624 2818 5695 
8237 2818 1515 5695 
8238 1729 699 5696 
8239 699 1814 5696 
8240 1814 1729 5696 
8241 414 1824 5697 
8242 1824 2257 5697 
8243 2257 414 5697 
8244 1607 122 5698 
8245 122 2620 5698 
8246 2620 1607 5698 
8247 1200 2009 5699 
8248 2009 2399 5699 
8249 2399 1200 5699 
8250 1843 1185 5700 
8251 1185 2658 5700 
8252 2658 1843 5700 
8253 334 1843 5701 
8254 1843 2658 5701 
8255 2658 334 5701 
8256 1014 508 5702 
8257 508 2706 5702 
8258 2706 1014 5702 
8259 473 1364 5703 
8260 1364 2007 5703 
8261 2007 473 5703 
8262 863 1446 5704 
8263 1446 2465 5704 
8264 2465 863 5704 
8265 773 1325 5705 
8266 1325 2251 5705 
8267 2251 773 5705 
8268 320 1466 5706 
8269 1466 2016 5706 
8270 2016 320 5706 
8271 1289 677 5707 
8272 677 1910 5707 
8273 1910 1289 5707 
8274 122 123 5708 
8275 123 2620 5708 
8276 2620 122 5708 
8277 619 1425 5709 
8278 1425 2672 5709 
8279 2672 619 5709 
8280 1511 575 5710 
8281 575 1636 5710 
8282 1636 1511 5710 
8283 306 1180 5711 
8284 1180 2057 5711 
8285 2057 306 5711 
8286 594 1410 5712 
8287 1410 2031 5712 
8288 2031 594 5712 
8289 1245 91 5713 
8290 91 2144 5713 
8291 2144 1245 5713 
8292 756 1311 5714 
8293 1311 2198 5714 
8294 2198 756 5714 
8295 1217 867 5715 
8296 867 2668 5715 
8297 2668 1217 5715 
8298 1297 485 5716 
8299 485 2087 5716 
8300 2087 1297 5716 
8301 1598 657 5717 
8302 657 1676 5717 
8303 1676 1598 5717 
8304 255 2398 5718 
8305 2398 2931 5718 
8306 2931 255 5718 
8307 1324 460 5719 
8308 460 2724 5719 
8309 2724 1324 5719 
8310 951 1557 5720 
8311 1557 2156 5720 
8312 2156 951 5720 
8313 1626 875 5721 
8314 875 2486 5721 
8315 2486 1626 5721 
8316 265 1303 5722 
8317 1303 1889 5722 
8318 1889 265 5722 
8319 1588 300 5723 
8320 300 2252 5723 
8321 2252 1588 5723 
8322 526 1342 5724 
8323 1342 2509 5724 
8324 2509 526 5724 
8325 2054 711 5725 
8326 711 2388 5725 
8327 2388 2054 5725 
8328 1810 967 5726 
8329 967 2220 5726 
8330 2220 1810 5726 
8331 607 1403 5727 
8332 1403 1967 5727 
8333 1967 607 5727 
8334 348 1333 5728 
8335 1333 1818 5728 
8336 1818 348 5728 
8337 1336 632 5729 
8338 632 1992 5729 
8339 1992 1336 5729 
8340 1655 508 5730 
8341 508 2341 5730 
8342 2341 1655 5730 
8343 1538 685 5731 
8344 685 1545 5731 
8345 1545 1538 5731 
8346 297 1228 5732 
8347 1228 2109 5732 
8348 2109 297 5732 
8349 2396 795 5733 
8350 795 2714 5733 
8351 2714 2396 5733 
8352 390 1910 5734 
8353 1910 2970 5734 
8354 2970 390 5734 
8355 828 1951 5735 
8356 1951 1988 5735 
8357 1988 828 5735 
8358 1074 2181 5736 
8359 2181 2616 5736 
8360 2616 1074 5736 
8361 774 1316 5737 
8362 1316 1863 5737 
8363 1863 774 5737 
8364 1545 366 5738 
8365 366 1795 5738 
8366 1795 1545 5738 
8367 333 1357 5739 
8368 1357 1782 5739 
8369 1782 333 5739 
8370 916 1510 5740 
8371 1510 2126 5740 
8372 2126 916 5740 
8373 1288 243 5741 
8374 243 1940 5741 
8375 1940 1288 5741 
8376 667 1638 5742 
8377 1638 2233 5742 
8378 2233 667 5742 
8379 521 1514 5743 
8380 1514 2055 5743 
8381 2055 521 5743 
8382 1434 770 5744 
8383 770 2253 5744 
8384 2253 1434 5744 
8385 336 1290 5745 
8386 1290 2151 5745 
8387 2151 336 5745 
8388 1518 591 5746 
8389 591 1668 5746 
8390 1668 1518 5746 
8391 2284 805 5747 
8392 805 2470 5747 
8393 2470 2284 5747 
8394 1298 560 5748 
8395 560 1942 5748 
8396 1942 1298 5748 
8397 2323 400 5749 
8398 400 2332 5749 
8399 2332 2323 5749 
8400 578 1645 5750 
8401 1645 1767 5750 
8402 1767 578 5750 
8403 949 1317 5751 
8404 1317 2779 5751 
8405 2779 949 5751 
8406 1305 85 5752 
8407 85 1984 5752 
8408 1984 1305 5752 
8409 723 1305 5753 
8410 1305 1984 5753 
8411 1984 723 5753 
8412 1306 724 5754 
8413 724 1985 5754 
8414 1985 1306 5754 
8415 99 1306 5755 
8416 1306 1985 5755 
8417 1985 99 5755 
8418 1362 717 5756 
8419 717 2053 5756 
8420 2053 1362 5756 
8421 1241 165 5757 
8422 165 2125 5757 
8423 2125 1241 5757 
8424 1444 778 5758 
8425 778 2310 5758 
8426 2310 1444 5758 
8427 2860 1931 5759 
8428 1931 2984 5759 
8429 2984 2860 5759 
8430 996 1915 5760 
8431 1915 2097 5760 
8432 2097 996 5760 
8433 1245 740 5761 
8434 740 2248 5761 
8435 2248 1245 5761 
8436 1307 263 5762 
8437 263 2936 5762 
8438 2936 1307 5762 
8439 478 1409 5763 
8440 1409 3000 5763 
8441 3000 478 5763 
8442 1271 667 5764 
8443 667 2438 5764 
8444 2438 1271 5764 
8445 1962 351 5765 
8446 351 2131 5765 
8447 2131 1962 5765 
8448 652 1490 5766 
8449 1490 1662 5766 
8450 1662 652 5766 
8451 2255 450 5767 
8452 450 2957 5767 
8453 2957 2255 5767 
8454 1876 1249 5768 
8455 1249 2845 5768 
8456 2845 1876 5768 
8457 1330 532 5769 
8458 532 2938 5769 
8459 2938 1330 5769 
8460 1268 677 5770 
8461 677 2607 5770 
8462 2607 1268 5770 
8463 1396 455 5771 
8464 455 2517 5771 
8465 2517 1396 5771 
8466 470 1271 5772 
8467 1271 2044 5772 
8468 2044 470 5772 
8469 1271 340 5773 
8470 340 2045 5773 
8471 2045 1271 5773 
8472 1314 925 5774 
8473 925 1893 5774 
8474 1893 1314 5774 
8475 1122 311 5775 
8476 311 2691 5775 
8477 2691 1122 5775 
8478 1292 675 5776 
8479 675 2045 5776 
8480 2045 1292 5776 
8481 1513 311 5777 
8482 311 1943 5777 
8483 1943 1513 5777 
8484 684 1931 5778 
8485 1931 2860 5778 
8486 2860 684 5778 
8487 1485 596 5779 
8488 596 2663 5779 
8489 2663 1485 5779 
8490 2292 910 5780 
8491 910 2327 5780 
8492 2327 2292 5780 
8493 2024 634 5781 
8494 634 2328 5781 
8495 2328 2024 5781 
8496 1581 278 5782 
8497 278 2401 5782 
8498 2401 1581 5782 
8499 1451 585 5783 
8500 585 1684 5783 
8501 1684 1451 5783 
8502 1263 472 5784 
8503 472 2507 5784 
8504 2507 1263 5784 
8505 471 1264 5785 
8506 1264 2508 5785 
8507 2508 471 5785 
8508 439 1373 5786 
8509 1373 1798 5786 
8510 1798 439 5786 
8511 793 1229 5787 
8512 1229 2240 5787 
8513 2240 793 5787 
8514 1663 764 5788 
8515 764 2472 5788 
8516 2472 1663 5788 
8517 2029 893 5789 
8518 893 2467 5789 
8519 2467 2029 5789 
8520 1833 818 5790 
8521 818 1960 5790 
8522 1960 1833 5790 
8523 815 1340 5791 
8524 1340 1864 5791 
8525 1864 815 5791 
8526 5 6 5792 
8527 6 1749 5792 
8528 1749 5 5792 
8529 2138 1187 5793 
8530 1187 2588 5793 
8531 2588 2138 5793 
8532 471 1321 5794 
8533 1321 2179 5794 
8534 2179 471 5794 
8535 667 1279 5795 
8536 1279 2438 5795 
8537 2438 667 5795 
8538 195 196 5796 
8539 196 2423 5796 
8540 2423 195 5796 
8541 1446 410 5797 
8542 410 2465 5797 
8543 2465 1446 5797 
8544 1450 865 5798 
8545 865 2127 5798 
8546 2127 1450 5798 
8547 1282 525 5799 
8548 525 1998 5799 
8549 1998 1282 5799 
8550 1189 2255 5800 
8551 2255 2957 5800 
8552 2957 1189 5800 
8553 1452 533 5801 
8554 533 1839 5801 
8555 1839 1452 5801 
8556 2364 1091 5802 
8557 1091 2851 5802 
8558 2851 2364 5802 
8559 41 42 5803 
8560 42 1772 5803 
8561 1772 41 5803 
8562 1285 502 5804 
8563 502 1987 5804 
8564 1987 1285 5804 
8565 637 1535 5805 
8566 1535 2599 5805 
8567 2599 637 5805 
8568 969 1209 5806 
8569 1209 2556 5806 
8570 2556 969 5806 
8571 1213 511 5807 
8572 511 2015 5807 
8573 2015 1213 5807 
8574 970 1214 5808 
8575 1214 2886 5808 
8576 2886 970 5808 
8577 1389 353 5809 
8578 353 2280 5809 
8579 2280 1389 5809 
8580 180 181 5810 
8581 181 2455 5810 
8582 2455 180 5810 
8583 482 2088 5811 
8584 2088 2745 5811 
8585 2745 482 5811 
8586 24 1267 5812 
8587 1267 2282 5812 
8588 2282 24 5812 
8589 1206 500 5813 
8590 500 2081 5813 
8591 2081 1206 5813 
8592 1832 989 5814 
8593 989 2673 5814 
8594 2673 1832 5814 
8595 216 215 5815 
8596 215 1656 5815 
8597 1656 216 5815 
8598 1539 870 5816 
8599 870 2752 5816 
8600 2752 1539 5816 
8601 1398 730 5817 
8602 730 1765 5817 
8603 1765 1398 5817 
8604 502 1285 5818 
8605 1285 2215 5818 
8606 2215 502 5818 
8607 1256 503 5819 
8608 503 2194 5819 
8609 2194 1256 5819 
8610 1248 150 5820 
8611 150 2326 5820 
8612 2326 1248 5820 
8613 709 1352 5821 
8614 1352 1747 5821 
8615 1747 709 5821 
8616 2114 1230 5822 
8617 1230 2796 5822 
8618 2796 2114 5822 
8619 1381 743 5823 
8620 743 1794 5823 
8621 1794 1381 5823 
8622 1091 2255 5824 
8623 2255 2851 5824 
8624 2851 1091 5824 
8625 37 2392 5825 
8626 2392 2426 5825 
8627 2426 37 5825 
8628 1157 1746 5826 
8629 1746 2586 5826 
8630 2586 1157 5826 
8631 2308 774 5827 
8632 774 2381 5827 
8633 2381 2308 5827 
8634 1335 631 5828 
8635 631 1853 5828 
8636 1853 1335 5828 
8637 632 1336 5829 
8638 1336 1854 5829 
8639 1854 632 5829 
8640 1726 2409 5830 
8641 2409 2688 5830 
8642 2688 1726 5830 
8643 1477 281 5831 
8644 281 2157 5831 
8645 2157 1477 5831 
8646 2255 714 5832 
8647 714 2851 5832 
8648 2851 2255 5832 
8649 1291 773 5833 
8650 773 1894 5833 
8651 1894 1291 5833 
8652 810 1258 5834 
8653 1258 2774 5834 
8654 2774 810 5834 
8655 1227 524 5835 
8656 524 2836 5835 
8657 2836 1227 5835 
8658 591 1401 5836 
8659 1401 2805 5836 
8660 2805 591 5836 
8661 1415 1246 5837 
8662 1246 2840 5837 
8663 2840 1415 5837 
8664 1572 586 5838 
8665 586 1707 5838 
8666 1707 1572 5838 
8667 699 1452 5839 
8668 1452 1657 5839 
8669 1657 699 5839 
8670 1410 314 5840 
8671 314 2031 5840 
8672 2031 1410 5840 
8673 1479 252 5841 
8674 252 1923 5841 
8675 1923 1479 5841 
8676 1317 579 5842 
8677 579 2026 5842 
8678 2026 1317 5842 
8679 1304 767 5843 
8680 767 2575 5843 
8681 2575 1304 5843 
8682 1784 1397 5844 
8683 1397 2656 5844 
8684 2656 1784 5844 
8685 814 1659 5845 
8686 1659 2687 5845 
8687 2687 814 5845 
8688 941 2289 5846 
8689 2289 2833 5846 
8690 2833 941 5846 
8691 675 1879 5847 
8692 1879 2293 5847 
8693 2293 675 5847 
8694 1748 476 5848 
8695 476 2841 5848 
8696 2841 1748 5848 
8697 1016 1553 5849 
8698 1553 2818 5849 
8699 2818 1016 5849 
8700 1166 701 5850 
8701 701 2237 5850 
8702 2237 1166 5850 
8703 1203 2627 5851 
8704 2627 2824 5851 
8705 2824 1203 5851 
8706 884 1375 5852 
8707 1375 2038 5852 
8708 2038 884 5852 
8709 1631 592 5853 
8710 592 2271 5853 
8711 2271 1631 5853 
8712 787 1251 5854 
8713 1251 2152 5854 
8714 2152 787 5854 
8715 1233 302 5855 
8716 302 2012 5855 
8717 2012 1233 5855 
8718 366 1591 5856 
8719 1591 1795 5856 
8720 1795 366 5856 
8721 313 2017 5857 
8722 2017 2397 5857 
8723 2397 313 5857 
8724 1331 705 5858 
8725 705 1875 5858 
8726 1875 1331 5858 
8727 515 1320 5859 
8728 1320 2437 5859 
8729 2437 515 5859 
8730 852 1419 5860 
8731 1419 1822 5860 
8732 1822 852 5860 
8733 27 1301 5861 
8734 1301 2372 5861 
8735 2372 27 5861 
8736 1162 320 5862 
8737 320 2458 5862 
8738 2458 1162 5862 
8739 240 1434 5863 
8740 1434 1903 5863 
8741 1903 240 5863 
8742 1472 879 5864 
8743 879 1780 5864 
8744 1780 1472 5864 
8745 707 1212 5865 
8746 1212 2934 5865 
8747 2934 707 5865 
8748 728 1506 5866 
8749 1506 2039 5866 
8750 2039 728 5866 
8751 1850 321 5867 
8752 321 2375 5867 
8753 2375 1850 5867 
8754 62 1590 5868 
8755 1590 2557 5868 
8756 2557 62 5868 
8757 2076 565 5869 
8758 565 2956 5869 
8759 2956 2076 5869 
8760 835 1196 5870 
8761 1196 2320 5870 
8762 2320 835 5870 
8763 1745 688 5871 
8764 688 2467 5871 
8765 2467 1745 5871 
8766 671 1374 5872 
8767 1374 2912 5872 
8768 2912 671 5872 
8769 1353 643 5873 
8770 643 2963 5873 
8771 2963 1353 5873 
8772 1575 1395 5874 
8773 1395 2478 5874 
8774 2478 1575 5874 
8775 595 1496 5875 
8776 1496 1893 5875 
8777 1893 595 5875 
8778 152 153 5876 
8779 153 1955 5876 
8780 1955 152 5876 
8781 139 1449 5877 
8782 1449 2028 5877 
8783 2028 139 5877 
8784 364 1262 5878 
8785 1262 2950 5878 
8786 2950 364 5878 
8787 340 1271 5879 
8788 1271 2438 5879 
8789 2438 340 5879 
8790 351 1315 5880 
8791 1315 1802 5880 
8792 1802 351 5880 
8793 1214 811 5881 
8794 811 2335 5881 
8795 2335 1214 5881 
8796 106 107 5882 
8797 107 1612 5882 
8798 1612 106 5882 
8799 77 78 5883 
8800 78 1613 5883 
8801 1613 77 5883 
8802 2364 712 5884 
8803 712 2593 5884 
8804 2593 2364 5884 
8805 1807 528 5885 
8806 528 2782 5885 
8807 2782 1807 5885 
8808 488 1268 5886 
8809 1268 2278 5886 
8810 2278 488 5886 
8811 747 1289 5887 
8812 1289 2943 5887 
8813 2943 747 5887 
8814 898 1489 5888 
8815 1489 2213 5888 
8816 2213 898 5888 
8817 582 1708 5889 
8818 1708 2554 5889 
8819 2554 582 5889 
8820 731 1348 5890 
8821 1348 2344 5890 
8822 2344 731 5890 
8823 1447 593 5891 
8824 593 1711 5891 
8825 1711 1447 5891 
8826 273 1407 5892 
8827 1407 1989 5892 
8828 1989 273 5892 
8829 322 1285 5893 
8830 1285 2981 5893 
8831 2981 322 5893 
8832 971 1293 5894 
8833 1293 2271 5894 
8834 2271 971 5894 
8835 583 1250 5895 
8836 1250 1926 5895 
8837 1926 583 5895 
8838 1325 197 5896 
8839 197 2251 5896 
8840 2251 1325 5896 
8841 964 2234 5897 
8842 2234 2571 5897 
8843 2571 964 5897 
8844 672 1191 5898 
8845 1191 1900 5898 
8846 1900 672 5898 
8847 2398 1277 5899 
8848 1277 2931 5899 
8849 2931 2398 5899 
8850 482 1346 5900 
8851 1346 2088 5900 
8852 2088 482 5900 
8853 678 1290 5901 
8854 1290 2430 5901 
8855 2430 678 5901 
8856 1918 728 5902 
8857 728 2039 5902 
8858 2039 1918 5902 
8859 1390 538 5903 
8860 538 3012 5903 
8861 3012 1390 5903 
8862 232 231 5904 
8863 231 1717 5904 
8864 1717 232 5904 
8865 1553 343 5905 
8866 343 2818 5905 
8867 2818 1553 5905 
8868 1347 400 5906 
8869 400 2323 5906 
8870 2323 1347 5906 
8871 2008 650 5907 
8872 650 2099 5907 
8873 2099 2008 5907 
8874 1276 776 5908 
8875 776 2192 5908 
8876 2192 1276 5908 
8877 1272 325 5909 
8878 325 2303 5909 
8879 2303 1272 5909 
8880 326 1273 5910 
8881 1273 2304 5910 
8882 2304 326 5910 
8883 61 62 5911 
8884 62 2557 5911 
8885 2557 61 5911 
8886 906 1752 5912 
8887 1752 2877 5912 
8888 2877 906 5912 
8889 883 1327 5913 
8890 1327 1916 5913 
8891 1916 883 5913 
8892 677 1289 5914 
8893 1289 2607 5914 
8894 2607 677 5914 
8895 1579 830 5915 
8896 830 2204 5915 
8897 2204 1579 5915 
8898 1626 644 5916 
8899 644 2129 5916 
8900 2129 1626 5916 
8901 645 1625 5917 
8902 1625 2128 5917 
8903 2128 645 5917 
8904 1476 401 5918 
8905 401 2831 5918 
8906 2831 1476 5918 
8907 309 1275 5919 
8908 1275 2373 5919 
8909 2373 309 5919 
8910 1526 860 5920 
8911 860 2109 5920 
8912 2109 1526 5920 
8913 500 1206 5921 
8914 1206 2048 5921 
8915 2048 500 5921 
8916 785 1069 5922 
8917 1069 1902 5922 
8918 1902 785 5922 
8919 300 2015 5923 
8920 2015 2252 5923 
8921 2252 300 5923 
8922 2061 1145 5924 
8923 1145 2835 5924 
8924 2835 2061 5924 
8925 331 1887 5925 
8926 1887 2476 5925 
8927 2476 331 5925 
8928 1027 1774 5926 
8929 1774 1832 5926 
8930 1832 1027 5926 
8931 1478 755 5927 
8932 755 2165 5927 
8933 2165 1478 5927 
8934 635 1412 5928 
8935 1412 2806 5928 
8936 2806 635 5928 
8937 483 1770 5929 
8938 1770 1963 5929 
8939 1963 483 5929 
8940 346 1537 5930 
8941 1537 2571 5930 
8942 2571 346 5930 
8943 649 1658 5931 
8944 1658 1712 5931 
8945 1712 649 5931 
8946 1334 942 5932 
8947 942 3016 5932 
8948 3016 1334 5932 
8949 784 2138 5933 
8950 2138 2588 5933 
8951 2588 784 5933 
8952 1354 940 5934 
8953 940 2188 5934 
8954 2188 1354 5934 
8955 539 1732 5935 
8956 1732 2610 5935 
8957 2610 539 5935 
8958 1057 1332 5936 
8959 1332 2980 5936 
8960 2980 1057 5936 
8961 632 1854 5937 
8962 1854 2483 5937 
8963 2483 632 5937 
8964 1458 744 5938 
8965 744 1953 5938 
8966 1953 1458 5938 
8967 2845 955 5939 
8968 955 2882 5939 
8969 2882 2845 5939 
8970 1455 557 5940 
8971 557 2625 5940 
8972 2625 1455 5940 
8973 53 54 5941 
8974 54 1625 5941 
8975 1625 53 5941 
8976 130 131 5942 
8977 131 1626 5942 
8978 1626 130 5942 
8979 328 1310 5943 
8980 1310 2049 5943 
8981 2049 328 5943 
8982 894 1601 5944 
8983 1601 1756 5944 
8984 1756 894 5944 
8985 1296 615 5945 
8986 615 2090 5945 
8987 2090 1296 5945 
8988 879 1472 5946 
8989 1472 2954 5946 
8990 2954 879 5946 
8991 1870 1666 5947 
8992 1666 2611 5947 
8993 2611 1870 5947 
8994 259 1278 5948 
8995 1278 2269 5948 
8996 2269 259 5948 
8997 33 34 5949 
8998 34 1769 5949 
8999 1769 33 5949 
9000 587 1278 5950 
9001 1278 2361 5950 
9002 2361 587 5950 
9003 211 202 5951 
9004 202 2450 5951 
9005 2450 211 5951 
9006 1251 385 5952 
9007 385 2748 5952 
9008 2748 1251 5952 
9009 1601 567 5953 
9010 567 2678 5953 
9011 2678 1601 5953 
9012 1436 464 5954 
9013 464 2042 5954 
9014 2042 1436 5954 
9015 422 1520 5955 
9016 1520 2024 5955 
9017 2024 422 5955 
9018 1455 824 5956 
9019 824 1939 5956 
9020 1939 1455 5956 
9021 1164 20 5957 
9022 20 2147 5957 
9023 2147 1164 5957 
9024 1281 777 5958 
9025 777 2157 5958 
9026 2157 1281 5958 
9027 1777 873 5959 
9028 873 2096 5959 
9029 2096 1777 5959 
9030 863 2465 5960 
9031 2465 2941 5960 
9032 2941 863 5960 
9033 1560 659 5961 
9034 659 1624 5961 
9035 1624 1560 5961 
9036 1077 1380 5962 
9037 1380 2058 5962 
9038 2058 1077 5962 
9039 367 1259 5963 
9040 1259 2566 5963 
9041 2566 367 5963 
9042 385 1932 5964 
9043 1932 2748 5964 
9044 2748 385 5964 
9045 1289 265 5965 
9046 265 2607 5965 
9047 2607 1289 5965 
9048 45 46 5966 
9049 46 1971 5966 
9050 1971 45 5966 
9051 830 1555 5967 
9052 1555 2204 5967 
9053 2204 830 5967 
9054 871 1604 5968 
9055 1604 2579 5968 
9056 2579 871 5968 
9057 764 1619 5969 
9058 1619 1743 5969 
9059 1743 764 5969 
9060 483 1301 5970 
9061 1301 2674 5970 
9062 2674 483 5970 
9063 1208 793 5971 
9064 793 2240 5971 
9065 2240 1208 5971 
9066 214 213 5972 
9067 213 1677 5972 
9068 1677 214 5972 
9069 1348 364 5973 
9070 364 2344 5973 
9071 2344 1348 5973 
9072 711 2054 5974 
9073 2054 2238 5974 
9074 2238 711 5974 
9075 1770 858 5975 
9076 858 1963 5975 
9077 1963 1770 5975 
9078 1266 236 5976 
9079 236 2268 5976 
9080 2268 1266 5976 
9081 1358 530 5977 
9082 530 2470 5977 
9083 2470 1358 5977 
9084 1132 1794 5978 
9085 1794 2839 5978 
9086 2839 1132 5978 
9087 805 1358 5979 
9088 1358 2470 5979 
9089 2470 805 5979 
9090 329 1390 5980 
9091 1390 2777 5980 
9092 2777 329 5980 
9093 1258 810 5981 
9094 810 2629 5981 
9095 2629 1258 5981 
9096 1899 419 5982 
9097 419 2629 5982 
9098 2629 1899 5982 
9099 134 1801 5983 
9100 1801 2063 5983 
9101 2063 134 5983 
9102 1800 50 5984 
9103 50 2064 5984 
9104 2064 1800 5984 
9105 359 1493 5985 
9106 1493 2532 5985 
9107 2532 359 5985 
9108 1318 715 5986 
9109 715 1981 5986 
9110 1981 1318 5986 
9111 2169 928 5987 
9112 928 2380 5987 
9113 2380 2169 5987 
9114 1304 572 5988 
9115 572 2689 5988 
9116 2689 1304 5988 
9117 1506 293 5989 
9118 293 2039 5989 
9119 2039 1506 5989 
9120 464 1472 5990 
9121 1472 1780 5990 
9122 1780 464 5990 
9123 878 1165 5991 
9124 1165 2630 5991 
9125 2630 878 5991 
9126 345 1480 5992 
9127 1480 2483 5992 
9128 2483 345 5992 
9129 1656 215 5993 
9130 215 2862 5993 
9131 2862 1656 5993 
9132 1518 818 5994 
9133 818 1833 5994 
9134 1833 1518 5994 
9135 2094 469 5995 
9136 469 2669 5995 
9137 2669 2094 5995 
9138 875 1626 5996 
9139 1626 2565 5996 
9140 2565 875 5996 
9141 1625 876 5997 
9142 876 2564 5997 
9143 2564 1625 5997 
9144 1634 351 5998 
9145 351 1962 5998 
9146 1962 1634 5998 
9147 701 2469 5999 
9148 2469 2724 5999 
9149 2724 701 5999 
9150 216 1656 6000 
9151 1656 2902 6000 
9152 2902 216 6000 
9153 1181 23 6001 
9154 23 2282 6001 
9155 2282 1181 6001 
9156 890 1684 6002 
9157 1684 2974 6002 
9158 2974 890 6002 
9159 282 1475 6003 
9160 1475 1754 6003 
9161 1754 282 6003 
9162 1595 974 6004 
9163 974 2065 6004 
9164 2065 1595 6004 
9165 509 1453 6005 
9166 1453 2622 6005 
9167 2622 509 6005 
9168 1453 899 6006 
9169 899 2622 6006 
9170 2622 1453 6006 
9171 2662 200 6007 
9172 200 2751 6007 
9173 2751 2662 6007 
9174 879 1669 6008 
9175 1669 2659 6008 
9176 2659 879 6008 
9177 1507 492 6009 
9178 492 2946 6009 
9179 2946 1507 6009 
9180 1007 2136 6010 
9181 2136 2758 6010 
9182 2758 1007 6010 
9183 1452 699 6011 
9184 699 1729 6011 
9185 1729 1452 6011 
9186 1525 745 6012 
9187 745 2582 6012 
9188 2582 1525 6012 
9189 553 1597 6013 
9190 1597 2283 6013 
9191 2283 553 6013 
9192 277 1401 6014 
9193 1401 1833 6014 
9194 1833 277 6014 
9195 194 195 6015 
9196 195 1813 6015 
9197 1813 194 6015 
9198 1813 648 6016 
9199 648 2319 6016 
9200 2319 1813 6016 
9201 2269 587 6017 
9202 587 2942 6017 
9203 2942 2269 6017 
9204 176 177 6018 
9205 177 1633 6018 
9206 1633 176 6018 
9207 1687 916 6019 
9208 916 1824 6019 
9209 1824 1687 6019 
9210 1310 679 6020 
9211 679 2049 6020 
9212 2049 1310 6020 
9213 1431 486 6021 
9214 486 1803 6021 
9215 1803 1431 6021 
9216 1373 663 6022 
9217 663 1798 6022 
9218 1798 1373 6022 
9219 2047 2781 6023 
9220 2781 2896 6023 
9221 2896 2047 6023 
9222 1650 285 6024 
9223 285 2548 6024 
9224 2548 1650 6024 
9225 985 1650 6025 
9226 1650 2548 6025 
9227 2548 985 6025 
9228 1623 930 6026 
9229 930 2592 6026 
9230 2592 1623 6026 
9231 994 1345 6027 
9232 1345 3001 6027 
9233 3001 994 6027 
9234 1368 500 6028 
9235 500 2048 6028 
9236 2048 1368 6028 
9237 1543 1058 6029 
9238 1058 1835 6029 
9239 1835 1543 6029 
9240 832 1636 6030 
9241 1636 2425 6030 
9242 2425 832 6030 
9243 1659 1982 6031 
9244 1982 2687 6031 
9245 2687 1659 6031 
9246 1300 762 6032 
9247 762 2449 6032 
9248 2449 1300 6032 
9249 1658 649 6033 
9250 649 2916 6033 
9251 2916 1658 6033 
9252 471 1878 6034 
9253 1878 2704 6034 
9254 2704 471 6034 
9255 1878 1184 6035 
9256 1184 2704 6035 
9257 2704 1878 6035 
9258 2237 701 6036 
9259 701 2724 6036 
9260 2724 2237 6036 
9261 1420 536 6037 
9262 536 2376 6037 
9263 2376 1420 6037 
9264 1109 1749 6038 
9265 1749 3022 6038 
9266 3022 1109 6038 
9267 731 1140 6039 
9268 1140 2322 6039 
9269 2322 731 6039 
9270 1313 531 6040 
9271 531 2717 6040 
9272 2717 1313 6040 
9273 1035 2237 6041 
9274 2237 2724 6041 
9275 2724 1035 6041 
9276 429 2331 6042 
9277 2331 2713 6042 
9278 2713 429 6042 
9279 632 1427 6043 
9280 1427 1992 6043 
9281 1992 632 6043 
9282 352 1527 6044 
9283 1527 2868 6044 
9284 2868 352 6044 
9285 1739 490 6045 
9286 490 2985 6045 
9287 2985 1739 6045 
9288 1215 1739 6046 
9289 1739 2985 6046 
9290 2985 1215 6046 
9291 779 1492 6047 
9292 1492 2149 6047 
9293 2149 779 6047 
9294 1492 593 6048 
9295 593 2149 6048 
9296 2149 1492 6048 
9297 2479 1206 6049 
9298 1206 2534 6049 
9299 2534 2479 6049 
9300 345 1559 6050 
9301 1559 1679 6050 
9302 1679 345 6050 
9303 1477 527 6051 
9304 527 2791 6051 
9305 2791 1477 6051 
9306 275 1621 6052 
9307 1621 2229 6052 
9308 2229 275 6052 
9309 998 1776 6053 
9310 1776 2929 6053 
9311 2929 998 6053 
9312 1313 246 6054 
9313 246 2076 6054 
9314 2076 1313 6054 
9315 1297 621 6055 
9316 621 2124 6055 
9317 2124 1297 6055 
9318 1347 856 6056 
9319 856 2891 6056 
9320 2891 1347 6056 
9321 1004 1647 6057 
9322 1647 2850 6057 
9323 2850 1004 6057 
9324 21 1189 6058 
9325 1189 2147 6058 
9326 2147 21 6058 
9327 2814 1295 6059 
9328 1295 2946 6059 
9329 2946 2814 6059 
9330 846 1396 6060 
9331 1396 2517 6060 
9332 2517 846 6060 
9333 644 1610 6061 
9334 1610 2973 6061 
9335 2973 644 6061 
9336 397 1831 6062 
9337 1831 1949 6062 
9338 1949 397 6062 
9339 975 1534 6063 
9340 1534 2185 6063 
9341 2185 975 6063 
9342 621 1297 6064 
9343 1297 2631 6064 
9344 2631 621 6064 
9345 2711 1105 6065 
9346 1105 2966 6065 
9347 2966 2711 6065 
9348 1794 489 6066 
9349 489 2839 6066 
9350 2839 1794 6066 
9351 766 1303 6067 
9352 1303 2133 6067 
9353 2133 766 6067 
9354 930 1623 6068 
9355 1623 2953 6068 
9356 2953 930 6068 
9357 1764 1029 6069 
9358 1029 2728 6069 
9359 2728 1764 6069 
9360 1024 1536 6070 
9361 1536 1762 6070 
9362 1762 1024 6070 
9363 682 1368 6071 
9364 1368 2048 6071 
9365 2048 682 6071 
9366 258 1880 6072 
9367 1880 2776 6072 
9368 2776 258 6072 
9369 1880 1210 6073 
9370 1210 2776 6073 
9371 2776 1880 6073 
9372 687 1959 6074 
9373 1959 2168 6074 
9374 2168 687 6074 
9375 1750 825 6075 
9376 825 2207 6075 
9377 2207 1750 6075 
9378 1465 619 6076 
9379 619 1772 6076 
9380 1772 1465 6076 
9381 1374 269 6077 
9382 269 2208 6077 
9383 2208 1374 6077 
9384 2136 722 6078 
9385 722 2671 6078 
9386 2671 2136 6078 
9387 1168 2094 6079 
9388 2094 2669 6079 
9389 2669 1168 6079 
9390 891 2008 6080 
9391 2008 2099 6080 
9392 2099 891 6080 
9393 1381 647 6081 
9394 647 2299 6081 
9395 2299 1381 6081 
9396 1308 509 6082 
9397 509 2622 6082 
9398 2622 1308 6082 
9399 281 1846 6083 
9400 1846 2157 6083 
9401 2157 281 6083 
9402 409 1598 6084 
9403 1598 1676 6084 
9404 1676 409 6084 
9405 1601 272 6085 
9406 272 1756 6085 
9407 1756 1601 6085 
9408 1386 647 6086 
9409 647 2647 6086 
9410 2647 1386 6086 
9411 234 1689 6087 
9412 1689 1994 6087 
9413 1994 234 6087 
9414 774 1863 6088 
9415 1863 2381 6088 
9416 2381 774 6088 
9417 1229 998 6089 
9418 998 2929 6089 
9419 2929 1229 6089 
9420 886 1479 6090 
9421 1479 1923 6090 
9422 1923 886 6090 
9423 24 25 6091 
9424 25 2264 6091 
9425 2264 24 6091 
9426 185 186 6092 
9427 186 2596 6092 
9428 2596 185 6092 
9429 295 1361 6093 
9430 1361 2022 6093 
9431 2022 295 6093 
9432 611 1298 6094 
9433 1298 2532 6094 
9434 2532 611 6094 
9435 811 1144 6095 
9436 1144 2335 6095 
9437 2335 811 6095 
9438 160 161 6096 
9439 161 1674 6096 
9440 1674 160 6096 
9441 645 1611 6097 
9442 1611 2658 6097 
9443 2658 645 6097 
9444 616 1311 6098 
9445 1311 1805 6098 
9446 1805 616 6098 
9447 755 1552 6099 
9448 1552 1974 6099 
9449 1974 755 6099 
9450 1205 2811 6100 
9451 2811 2813 6100 
9452 2813 1205 6100 
9453 603 1545 6101 
9454 1545 1795 6101 
9455 1795 603 6101 
9456 75 1336 6102 
9457 1336 1992 6102 
9458 1992 75 6102 
9459 1386 515 6103 
9460 515 2437 6103 
9461 2437 1386 6103 
9462 545 1579 6104 
9463 1579 2204 6104 
9464 2204 545 6104 
9465 808 2479 6105 
9466 2479 2534 6105 
9467 2534 808 6105 
9468 507 1367 6106 
9469 1367 2072 6106 
9470 2072 507 6106 
9471 248 1614 6107 
9472 1614 2349 6107 
9473 2349 248 6107 
9474 1482 38 6108 
9475 38 2701 6108 
9476 2701 1482 6108 
9477 678 1594 6109 
9478 1594 2807 6109 
9479 2807 678 6109 
9480 1153 2283 6110 
9481 2283 2587 6110 
9482 2587 1153 6110 
9483 948 2047 6111 
9484 2047 2896 6111 
9485 2896 948 6111 
9486 2428 872 6112 
9487 872 2500 6112 
9488 2500 2428 6112 
9489 1752 1101 6113 
9490 1101 2877 6113 
9491 2877 1752 6113 
9492 1655 384 6114 
9493 384 2475 6114 
9494 2475 1655 6114 
9495 624 1372 6115 
9496 1372 2760 6115 
9497 2760 624 6115 
9498 626 1664 6116 
9499 1664 1754 6116 
9500 1754 626 6116 
9501 594 1319 6117 
9502 1319 2431 6117 
9503 2431 594 6117 
9504 214 1677 6118 
9505 1677 2862 6118 
9506 2862 214 6118 
9507 227 226 6119 
9508 226 1720 6119 
9509 1720 227 6119 
9510 2465 1195 6120 
9511 1195 2941 6120 
9512 2941 2465 6120 
9513 449 1360 6121 
9514 1360 2238 6121 
9515 2238 449 6121 
9516 2103 1105 6122 
9517 1105 2999 6122 
9518 2999 2103 6122 
9519 596 1431 6123 
9520 1431 2206 6123 
9521 2206 596 6123 
9522 1730 985 6124 
9523 985 2721 6124 
9524 2721 1730 6124 
9525 1304 266 6125 
9526 266 2227 6125 
9527 2227 1304 6125 
9528 1457 313 6126 
9529 313 2397 6126 
9530 2397 1457 6126 
9531 1535 1928 6127 
9532 1928 2553 6127 
9533 2553 1535 6127 
9534 515 1386 6128 
9535 1386 1919 6128 
9536 1919 515 6128 
9537 538 1471 6129 
9538 1471 3012 6129 
9539 3012 538 6129 
9540 2171 789 6130 
9541 789 2306 6130 
9542 2306 2171 6130 
9543 346 1508 6131 
9544 1508 1951 6131 
9545 1951 346 6131 
9546 1217 673 6132 
9547 673 2360 6132 
9548 2360 1217 6132 
9549 797 2074 6133 
9550 2074 2581 6133 
9551 2581 797 6133 
9552 1305 723 6134 
9553 723 2456 6134 
9554 2456 1305 6134 
9555 724 1306 6135 
9556 1306 2457 6135 
9557 2457 724 6135 
9558 277 1833 6136 
9559 1833 1960 6136 
9560 1960 277 6136 
9561 1048 1540 6137 
9562 1540 2578 6137 
9563 2578 1048 6137 
9564 1540 529 6138 
9565 529 2578 6138 
9566 2578 1540 6138 
9567 1552 294 6139 
9568 294 1974 6139 
9569 1974 1552 6139 
9570 600 1956 6140 
9571 1956 2428 6140 
9572 2428 600 6140 
9573 1036 1732 6141 
9574 1732 2967 6141 
9575 2967 1036 6141 
9576 625 1619 6142 
9577 1619 2290 6142 
9578 2290 625 6142 
9579 767 1304 6143 
9580 1304 2689 6143 
9581 2689 767 6143 
9582 564 2011 6144 
9583 2011 2022 6144 
9584 2022 564 6144 
9585 1338 599 6145 
9586 599 2885 6145 
9587 2885 1338 6145 
9588 1665 1199 6146 
9589 1199 2768 6146 
9590 2768 1665 6146 
9591 498 1325 6147 
9592 1325 2412 6147 
9593 2412 498 6147 
9594 1225 382 6148 
9595 382 2879 6148 
9596 2879 1225 6148 
9597 543 1305 6149 
9598 1305 2456 6149 
9599 2456 543 6149 
9600 1306 544 6150 
9601 544 2457 6150 
9602 2457 1306 6150 
9603 784 1593 6151 
9604 1593 1683 6151 
9605 1683 784 6151 
9606 2378 1104 6152 
9607 1104 2883 6152 
9608 2883 2378 6152 
9609 1291 498 6153 
9610 498 2412 6153 
9611 2412 1291 6153 
9612 2641 1527 6154 
9613 1527 2680 6154 
9614 2680 2641 6154 
9615 1293 451 6155 
9616 451 2498 6155 
9617 2498 1293 6155 
9618 706 998 6156 
9619 998 2971 6156 
9620 2971 706 6156 
9621 1120 1648 6157 
9622 1648 2744 6157 
9623 2744 1120 6157 
9624 376 1478 6158 
9625 1478 2165 6158 
9626 2165 376 6158 
9627 770 1434 6159 
9628 1434 2715 6159 
9629 2715 770 6159 
9630 891 1789 6160 
9631 1789 1888 6160 
9632 1888 891 6160 
9633 1718 586 6161 
9634 586 2766 6161 
9635 2766 1718 6161 
9636 1935 993 6162 
9637 993 2714 6162 
9638 2714 1935 6162 
9639 1290 336 6163 
9640 336 2295 6163 
9641 2295 1290 6163 
9642 134 135 6164 
9643 135 1801 6164 
9644 1801 134 6164 
9645 49 50 6165 
9646 50 1800 6165 
9647 1800 49 6165 
9648 460 1786 6166 
9649 1786 1856 6166 
9650 1856 460 6166 
9651 1453 112 6167 
9652 112 2637 6167 
9653 2637 1453 6167 
9654 351 1802 6168 
9655 1802 2131 6168 
9656 2131 351 6168 
9657 1615 887 6169 
9658 887 2601 6169 
9659 2601 1615 6169 
9660 656 1700 6170 
9661 1700 2520 6170 
9662 2520 656 6170 
9663 1290 574 6171 
9664 574 2875 6171 
9665 2875 1290 6171 
9666 1765 495 6172 
9667 495 2844 6172 
9668 2844 1765 6172 
9669 14 1368 6173 
9670 1368 2664 6173 
9671 2664 14 6173 
9672 1508 721 6174 
9673 721 1951 6174 
9674 1951 1508 6174 
9675 775 1890 6175 
9676 1890 2016 6175 
9677 2016 775 6175 
9678 414 1861 6176 
9679 1861 2829 6176 
9680 2829 414 6176 
9681 1947 685 6177 
9682 685 1990 6177 
9683 1990 1947 6177 
9684 1427 74 6178 
9685 74 1992 6178 
9686 1992 1427 6178 
9687 650 1456 6179 
9688 1456 2099 6179 
9689 2099 650 6179 
9690 1385 639 6180 
9691 639 2783 6180 
9692 2783 1385 6180 
9693 361 1464 6181 
9694 1464 2305 6181 
9695 2305 361 6181 
9696 663 1469 6182 
9697 1469 1798 6182 
9698 1798 663 6182 
9699 1146 1765 6183 
9700 1765 2844 6183 
9701 2844 1146 6183 
9702 1360 449 6184 
9703 449 2153 6184 
9704 2153 1360 6184 
9705 1689 794 6185 
9706 794 1994 6185 
9707 1994 1689 6185 
9708 1536 610 6186 
9709 610 1762 6186 
9710 1762 1536 6186 
9711 1346 688 6187 
9712 688 2088 6187 
9713 2088 1346 6187 
9714 372 1284 6188 
9715 1284 2259 6188 
9716 2259 372 6188 
9717 572 1791 6189 
9718 1791 2689 6189 
9719 2689 572 6189 
9720 293 1413 6190 
9721 1413 2008 6190 
9722 2008 293 6190 
9723 1472 399 6191 
9724 399 2954 6191 
9725 2954 1472 6191 
9726 787 2152 6192 
9727 2152 2884 6192 
9728 2884 787 6192 
9729 266 1334 6193 
9730 1334 3017 6193 
9731 3017 266 6193 
9732 914 1347 6194 
9733 1347 3005 6194 
9734 3005 914 6194 
9735 1470 277 6195 
9736 277 2443 6195 
9737 2443 1470 6195 
9738 451 1400 6196 
9739 1400 2498 6196 
9740 2498 451 6196 
9741 1254 610 6197 
9742 610 2042 6197 
9743 2042 1254 6197 
9744 1466 775 6198 
9745 775 2016 6198 
9746 2016 1466 6198 
9747 360 1326 6199 
9748 1326 2101 6199 
9749 2101 360 6199 
9750 337 1469 6200 
9751 1469 2189 6200 
9752 2189 337 6200 
9753 1624 336 6201 
9754 336 1935 6201 
9755 1935 1624 6201 
9756 1368 682 6202 
9757 682 2664 6202 
9758 2664 1368 6202 
9759 397 1949 6203 
9760 1949 2198 6203 
9761 2198 397 6203 
9762 294 1378 6204 
9763 1378 1974 6204 
9764 1974 294 6204 
9765 857 1451 6205 
9766 1451 2645 6205 
9767 2645 857 6205 
9768 1876 1025 6206 
9769 1025 1901 6206 
9770 1901 1876 6206 
9771 600 1364 6207 
9772 1364 1956 6207 
9773 1956 600 6207 
9774 344 1329 6208 
9775 1329 2793 6208 
9776 2793 344 6208 
9777 613 1334 6209 
9778 1334 2086 6209 
9779 2086 613 6209 
9780 239 1721 6210 
9781 1721 2247 6210 
9782 2247 239 6210 
9783 87 88 6211 
9784 88 1823 6211 
9785 1823 87 6211 
9786 1364 312 6212 
9787 312 1956 6212 
9788 1956 1364 6212 
9789 378 1444 6213 
9790 1444 2310 6213 
9791 2310 378 6213 
9792 1692 717 6214 
9793 717 1881 6214 
9794 1881 1692 6214 
9795 1720 226 6215 
9796 226 2874 6215 
9797 2874 1720 6215 
9798 1475 995 6216 
9799 995 2116 6216 
9800 2116 1475 6216 
9801 1495 673 6217 
9802 673 2190 6217 
9803 2190 1495 6217 
9804 1405 169 6218 
9805 169 2324 6218 
9806 2324 1405 6218 
9807 992 1941 6219 
9808 1941 2736 6219 
9809 2736 992 6219 
9810 806 1232 6220 
9811 1232 2618 6220 
9812 2618 806 6220 
9813 455 1396 6221 
9814 1396 2755 6221 
9815 2755 455 6221 
9816 1021 1333 6222 
9817 1333 2810 6222 
9818 2810 1021 6222 
9819 663 2103 6223 
9820 2103 2999 6223 
9821 2999 663 6223 
9822 1362 792 6224 
9823 792 2395 6224 
9824 2395 1362 6224 
9825 1589 1162 6225 
9826 1162 2458 6225 
9827 2458 1589 6225 
9828 209 208 6226 
9829 208 1776 6226 
9830 1776 209 6226 
9831 318 1367 6227 
9832 1367 1978 6227 
9833 1978 318 6227 
9834 1320 515 6228 
9835 515 2601 6228 
9836 2601 1320 6228 
9837 1656 1134 6229 
9838 1134 2902 6229 
9839 2902 1656 6229 
9840 1609 566 6230 
9841 566 2023 6230 
9842 2023 1609 6230 
9843 1320 995 6231 
9844 995 2965 6231 
9845 2965 1320 6231 
9846 227 1720 6232 
9847 1720 2886 6232 
9848 2886 227 6232 
9849 1527 706 6233 
9850 706 2868 6233 
9851 2868 1527 6233 
9852 1413 650 6234 
9853 650 2008 6234 
9854 2008 1413 6234 
9855 1591 729 6235 
9856 729 1795 6235 
9857 1795 1591 6235 
9858 1109 1392 6236 
9859 1392 2961 6236 
9860 2961 1109 6236 
9861 432 1262 6237 
9862 1262 2606 6237 
9863 2606 432 6237 
9864 1316 368 6238 
9865 368 2312 6238 
9866 2312 1316 6238 
9867 476 1316 6239 
9868 1316 2313 6239 
9869 2313 476 6239 
9870 2811 764 6240 
9871 764 2813 6240 
9872 2813 2811 6240 
9873 1360 364 6241 
9874 364 2950 6241 
9875 2950 1360 6241 
9876 484 1361 6242 
9877 1361 2355 6242 
9878 2355 484 6242 
9879 325 1790 6243 
9880 1790 2348 6243 
9881 2348 325 6243 
9882 734 1693 6244 
9883 1693 1836 6244 
9884 1836 734 6244 
9885 1693 759 6245 
9886 759 1836 6245 
9887 1836 1693 6245 
9888 1325 773 6246 
9889 773 2412 6246 
9890 2412 1325 6246 
9891 1560 598 6247 
9892 598 2209 6247 
9893 2209 1560 6247 
9894 1901 1025 6248 
9895 1025 2461 6248 
9896 2461 1901 6248 
9897 2199 1498 6249 
9898 1498 2648 6249 
9899 2648 2199 6249 
9900 773 1291 6250 
9901 1291 2412 6250 
9902 2412 773 6250 
9903 473 1205 6251 
9904 1205 2813 6251 
9905 2813 473 6251 
9906 971 1761 6252 
9907 1761 2084 6252 
9908 2084 971 6252 
9909 1613 982 6253 
9910 982 2923 6253 
9911 2923 1613 6253 
9912 981 1612 6254 
9913 1612 2922 6254 
9914 2922 981 6254 
9915 500 1348 6255 
9916 1348 2081 6255 
9917 2081 500 6255 
9918 1435 469 6256 
9919 469 2446 6256 
9920 2446 1435 6256 
9921 819 1435 6257 
9922 1435 2446 6257 
9923 2446 819 6257 
9924 2170 264 6258 
9925 264 2787 6258 
9926 2787 2170 6258 
9927 770 1958 6259 
9928 1958 2253 6259 
9929 2253 770 6259 
9930 112 1453 6260 
9931 1453 2294 6260 
9932 2294 112 6260 
9933 1773 1050 6261 
9934 1050 2231 6261 
9935 2231 1773 6261 
9936 2126 794 6262 
9937 794 2257 6262 
9938 2257 2126 6262 
9939 1046 1887 6263 
9940 1887 2867 6263 
9941 2867 1046 6263 
9942 716 1392 6264 
9943 1392 2066 6264 
9944 2066 716 6264 
9945 1398 669 6265 
9946 669 2102 6265 
9947 2102 1398 6265 
9948 1476 720 6266 
9949 720 2023 6266 
9950 2023 1476 6266 
9951 566 1476 6267 
9952 1476 2023 6267 
9953 2023 566 6267 
9954 452 1314 6268 
9955 1314 2552 6268 
9956 2552 452 6268 
9957 138 139 6269 
9958 139 2028 6269 
9959 2028 138 6269 
9960 492 2814 6270 
9961 2814 2946 6270 
9962 2946 492 6270 
9963 1473 373 6271 
9964 373 2121 6271 
9965 2121 1473 6271 
9966 758 1382 6272 
9967 1382 2164 6272 
9968 2164 758 6272 
9969 1319 684 6273 
9970 684 2431 6273 
9971 2431 1319 6273 
9972 1370 532 6274 
9973 532 2707 6274 
9974 2707 1370 6274 
9975 280 1886 6275 
9976 1886 2192 6275 
9977 2192 280 6275 
9978 115 116 6276 
9979 116 1705 6276 
9980 1705 115 6276 
9981 400 1347 6277 
9982 1347 2891 6277 
9983 2891 400 6277 
9984 801 2059 6278 
9985 2059 2535 6278 
9986 2535 801 6278 
9987 2059 1177 6279 
9988 1177 2535 6279 
9989 2535 2059 6279 
9990 1178 2060 6280 
9991 2060 2536 6280 
9992 2536 1178 6280 
9993 2060 802 6281 
9994 802 2536 6281 
9995 2536 2060 6281 
9996 279 2122 6282 
9997 2122 2944 6282 
9998 2944 279 6282 
9999 1774 614 6283 
10000 614 1832 6283 
10001 1832 1774 6283 
10002 1389 1036 6284 
10003 1036 2967 6284 
10004 2967 1389 6284 
10005 1843 656 6285 
10006 656 2520 6285 
10007 2520 1843 6285 
10008 701 1166 6286 
10009 1166 2413 6286 
10010 2413 701 6286 
10011 1331 292 6287 
10012 292 2382 6287 
10013 2382 1331 6287 
10014 773 1330 6288 
10015 1330 2938 6288 
10016 2938 773 6288 
10017 727 2363 6289 
10018 2363 2420 6289 
10019 2420 727 6289 
10020 1349 752 6290 
10021 752 2828 6290 
10022 2828 1349 6290 
10023 332 1616 6291 
10024 1616 2858 6291 
10025 2858 332 6291 
10026 1801 836 6292 
10027 836 2063 6292 
10028 2063 1801 6292 
10029 837 1800 6293 
10030 1800 2064 6293 
10031 2064 837 6293 
10032 1102 1504 6294 
10033 1504 2295 6294 
10034 2295 1102 6294 
10035 801 1483 6295 
10036 1483 2505 6295 
10037 2505 801 6295 
10038 1484 802 6296 
10039 802 2506 6296 
10040 2506 1484 6296 
10041 1951 721 6297 
10042 721 1988 6297 
10043 1988 1951 6297 
10044 1616 1351 6298 
10045 1351 2913 6298 
10046 2913 1616 6298 
10047 39 40 6299 
10048 40 2163 6299 
10049 2163 39 6299 
10050 952 1632 6300 
10051 1632 3020 6300 
10052 3020 952 6300 
10053 1460 522 6301 
10054 522 2882 6301 
10055 2882 1460 6301 
10056 1280 907 6302 
10057 907 2771 6302 
10058 2771 1280 6302 
10059 1027 1832 6303 
10060 1832 2670 6303 
10061 2670 1027 6303 
10062 12 13 6304 
10063 13 1681 6304 
10064 1681 12 6304 
10065 1640 594 6305 
10066 594 2031 6305 
10067 2031 1640 6305 
10068 1751 555 6306 
10069 555 2393 6306 
10070 2393 1751 6306 
10071 2077 327 6307 
10072 327 2948 6307 
10073 2948 2077 6307 
10074 1340 427 6308 
10075 427 2932 6308 
10076 2932 1340 6308 
10077 1490 595 6309 
10078 595 1975 6309 
10079 1975 1490 6309 
10080 1560 395 6310 
10081 395 1771 6310 
10082 1771 1560 6310 
10083 606 1366 6311 
10084 1366 2160 6311 
10085 2160 606 6311 
10086 1792 850 6312 
10087 850 1885 6312 
10088 1885 1792 6312 
10089 860 1753 6313 
10090 1753 2109 6313 
10091 2109 860 6313 
10092 789 1840 6314 
10093 1840 2306 6314 
10094 2306 789 6314 
10095 558 1355 6315 
10096 1355 2997 6315 
10097 2997 558 6315 
10098 1741 507 6316 
10099 507 2072 6316 
10100 2072 1741 6316 
10101 517 1389 6317 
10102 1389 2004 6317 
10103 2004 517 6317 
10104 2055 625 6318 
10105 625 2290 6318 
10106 2290 2055 6318 
10107 1380 798 6319 
10108 798 2058 6319 
10109 2058 1380 6319 
10110 1496 652 6320 
10111 652 2496 6320 
10112 2496 1496 6320 
10113 1589 822 6321 
10114 822 2521 6321 
10115 2521 1589 6321 
10116 1311 756 6322 
10117 756 2350 6322 
10118 2350 1311 6322 
10119 957 2030 6323 
10120 2030 2337 6323 
10121 2337 957 6323 
10122 1707 1177 6324 
10123 1177 2917 6324 
10124 2917 1707 6324 
10125 309 1707 6325 
10126 1707 2917 6325 
10127 2917 309 6325 
10128 658 1440 6326 
10129 1440 2485 6326 
10130 2485 658 6326 
10131 590 1405 6327 
10132 1405 2473 6327 
10133 2473 590 6327 
10134 1431 596 6328 
10135 596 2459 6328 
10136 2459 1431 6328 
10137 1454 1295 6329 
10138 1295 2814 6329 
10139 2814 1454 6329 
10140 1486 671 6330 
10141 671 2912 6330 
10142 2912 1486 6330 
10143 1418 288 6331 
10144 288 2203 6331 
10145 2203 1418 6331 
10146 485 1387 6332 
10147 1387 2634 6332 
10148 2634 485 6332 
10149 1619 625 6333 
10150 625 1743 6333 
10151 1743 1619 6333 
10152 1007 1663 6334 
10153 1663 2472 6334 
10154 2472 1007 6334 
10155 644 1626 6335 
10156 1626 2486 6335 
10157 2486 644 6335 
10158 72 73 6336 
10159 73 1908 6336 
10160 1908 72 6336 
10161 672 1393 6337 
10162 1393 2871 6337 
10163 2871 672 6337 
10164 505 1434 6338 
10165 1434 2253 6338 
10166 2253 505 6338 
10167 1815 780 6339 
10168 780 2078 6339 
10169 2078 1815 6339 
10170 209 1776 6340 
10171 1776 2345 6340 
10172 2345 209 6340 
10173 877 1519 6341 
10174 1519 2563 6341 
10175 2563 877 6341 
10176 989 1832 6342 
10177 1832 3010 6342 
10178 3010 989 6342 
10179 1103 1728 6343 
10180 1728 2482 6343 
10181 2482 1103 6343 
10182 1019 1748 6344 
10183 1748 2841 6344 
10184 2841 1019 6344 
10185 426 1901 6345 
10186 1901 2461 6345 
10187 2461 426 6345 
10188 588 1365 6346 
10189 1365 2646 6346 
10190 2646 588 6346 
10191 958 1751 6347 
10192 1751 2393 6347 
10193 2393 958 6347 
10194 662 1932 6348 
10195 1932 2259 6348 
10196 2259 662 6348 
10197 1391 358 6349 
10198 358 1708 6349 
10199 1708 1391 6349 
10200 1405 749 6350 
10201 749 2473 6350 
10202 2473 1405 6350 
10203 597 1429 6351 
10204 1429 1944 6351 
10205 1944 597 6351 
10206 118 1507 6352 
10207 1507 2765 6352 
10208 2765 118 6352 
10209 1645 895 6353 
10210 895 1767 6353 
10211 1767 1645 6353 
10212 961 1329 6354 
10213 1329 2511 6354 
10214 2511 961 6354 
10215 1283 1477 6355 
10216 1477 2791 6355 
10217 2791 1283 6355 
10218 1891 433 6356 
10219 433 2692 6356 
10220 2692 1891 6356 
10221 744 1433 6357 
10222 1433 2167 6357 
10223 2167 744 6357 
10224 1342 349 6358 
10225 349 2200 6358 
10226 2200 1342 6358 
10227 1651 2526 6359 
10228 2526 2649 6359 
10229 2649 1651 6359 
10230 357 1511 6360 
10231 1511 2433 6360 
10232 2433 357 6360 
10233 481 1286 6361 
10234 1286 3018 6361 
10235 3018 481 6361 
10236 1428 690 6362 
10237 690 2077 6362 
10238 2077 1428 6362 
10239 1433 371 6363 
10240 371 2167 6363 
10241 2167 1433 6363 
10242 399 2043 6364 
10243 2043 2954 6364 
10244 2954 399 6364 
10245 1753 297 6365 
10246 297 2109 6365 
10247 2109 1753 6365 
10248 1733 855 6366 
10249 855 2590 6366 
10250 2590 1733 6366 
10251 1553 2193 6367 
10252 2193 3015 6367 
10253 3015 1553 6367 
10254 1326 495 6368 
10255 495 2693 6368 
10256 2693 1326 6368 
10257 2247 1721 6369 
10258 1721 2708 6369 
10259 2708 2247 6369 
10260 1958 1003 6370 
10261 1003 2253 6370 
10262 2253 1958 6370 
10263 555 1230 6371 
10264 1230 2393 6371 
10265 2393 555 6371 
10266 1174 2662 6372 
10267 2662 2751 6372 
10268 2751 1174 6372 
10269 1355 262 6373 
10270 262 2224 6373 
10271 2224 1355 6373 
10272 143 144 6374 
10273 144 1892 6374 
10274 1892 143 6374 
10275 188 189 6375 
10276 189 2228 6375 
10277 2228 188 6375 
10278 113 114 6376 
10279 114 2130 6376 
10280 2130 113 6376 
10281 1731 303 6377 
10282 303 1845 6377 
10283 1845 1731 6377 
10284 1350 529 6378 
10285 529 2180 6378 
10286 2180 1350 6378 
10287 1500 2729 6379 
10288 2729 2782 6379 
10289 2782 1500 6379 
10290 1523 311 6380 
10291 311 2712 6380 
10292 2712 1523 6380 
10293 1598 409 6381 
10294 409 2258 6381 
10295 2258 1598 6381 
10296 1519 599 6382 
10297 599 2563 6382 
10298 2563 1519 6382 
10299 1262 2388 6383 
10300 2388 2950 6383 
10301 2950 1262 6383 
10302 585 1719 6384 
10303 1719 2974 6384 
10304 2974 585 6384 
10305 292 1331 6385 
10306 1331 2381 6385 
10307 2381 292 6385 
10308 705 1331 6386 
10309 1331 2382 6386 
10310 2382 705 6386 
10311 490 2768 6387 
10312 2768 2985 6387 
10313 2985 490 6387 
10314 1820 778 6388 
10315 778 2083 6388 
10316 2083 1820 6388 
10317 2584 943 6389 
10318 943 2770 6389 
10319 2770 2584 6389 
10320 772 1621 6390 
10321 1621 2018 6390 
10322 2018 772 6390 
10323 371 1353 6391 
10324 1353 2167 6391 
10325 2167 371 6391 
10326 422 2024 6392 
10327 2024 2756 6392 
10328 2756 422 6392 
10329 1464 361 6393 
10330 361 1966 6393 
10331 1966 1464 6393 
10332 694 1464 6394 
10333 1464 1966 6394 
10334 1966 694 6394 
10335 1849 761 6395 
10336 761 2078 6395 
10337 2078 1849 6395 
10338 1376 588 6396 
10339 588 2646 6396 
10340 2646 1376 6396 
10341 1621 275 6397 
10342 275 2018 6397 
10343 2018 1621 6397 
10344 647 1381 6398 
10345 1381 2921 6398 
10346 2921 647 6398 
10347 1366 713 6399 
10348 713 2160 6399 
10349 2160 1366 6399 
10350 38 39 6400 
10351 39 2701 6400 
10352 2701 38 6400 
10353 1616 2805 6401 
10354 2805 2858 6401 
10355 2858 1616 6401 
10356 278 1638 6402 
10357 1638 2178 6402 
10358 2178 278 6402 
10359 1595 795 6403 
10360 795 2396 6403 
10361 2396 1595 6403 
10362 1042 1266 6404 
10363 1266 2524 6404 
10364 2524 1042 6404 
10365 308 1350 6405 
10366 1350 2709 6405 
10367 2709 308 6405 
10368 1896 580 6406 
10369 580 2992 6406 
10370 2992 1896 6406 
10371 368 1744 6407 
10372 1744 1977 6407 
10373 1977 368 6407 
10374 1744 809 6408 
10375 809 1977 6408 
10376 1977 1744 6408 
10377 1239 443 6409 
10378 443 2297 6409 
10379 2297 1239 6409 
10380 1909 1043 6410 
10381 1043 2797 6410 
10382 2797 1909 6410 
10383 820 1382 6411 
10384 1382 2356 6411 
10385 2356 820 6411 
10386 2074 1074 6412 
10387 1074 2581 6412 
10388 2581 2074 6412 
10389 2584 1136 6413 
10390 1136 2998 6413 
10391 2998 2584 6413 
10392 1212 707 6414 
10393 707 2230 6414 
10394 2230 1212 6414 
10395 2166 1156 6415 
10396 1156 2806 6415 
10397 2806 2166 6415 
10398 1373 821 6416 
10399 821 2889 6416 
10400 2889 1373 6416 
10401 2392 1021 6417 
10402 1021 2426 6417 
10403 2426 2392 6417 
10404 717 1362 6418 
10405 1362 2279 6418 
10406 2279 717 6418 
10407 1650 762 6419 
10408 762 1747 6419 
10409 1747 1650 6419 
10410 2321 235 6420 
10411 235 2994 6420 
10412 2994 2321 6420 
10413 1015 2561 6421 
10414 2561 2838 6421 
10415 2838 1015 6421 
10416 684 1449 6422 
10417 1449 1931 6422 
10418 1931 684 6422 
10419 842 1598 6423 
10420 1598 2258 6423 
10421 2258 842 6423 
10422 558 1891 6424 
10423 1891 2038 6424 
10424 2038 558 6424 
10425 1891 884 6425 
10426 884 2038 6425 
10427 2038 1891 6425 
10428 1403 607 6426 
10429 607 2962 6426 
10430 2962 1403 6426 
10431 1457 583 6427 
10432 583 2652 6427 
10433 2652 1457 6427 
10434 648 1876 6428 
10435 1876 1901 6428 
10436 1901 648 6428 
10437 2095 616 6429 
10438 616 2203 6429 
10439 2203 2095 6429 
10440 1812 429 6430 
10441 429 2713 6430 
10442 2713 1812 6430 
10443 710 1494 6431 
10444 1494 2073 6431 
10445 2073 710 6431 
10446 262 1416 6432 
10447 1416 2224 6432 
10448 2224 262 6432 
10449 439 1798 6433 
10450 1798 2032 6433 
10451 2032 439 6433 
10452 608 1630 6434 
10453 1630 2447 6434 
10454 2447 608 6434 
10455 669 1398 6435 
10456 1398 3021 6435 
10457 3021 669 6435 
10458 2215 1285 6436 
10459 1285 2895 6436 
10460 2895 2215 6436 
10461 1392 8 6437 
10462 8 2066 6437 
10463 2066 1392 6437 
10464 109 110 6438 
10465 110 1781 6438 
10466 1781 109 6438 
10467 1526 602 6439 
10468 602 2468 6439 
10469 2468 1526 6439 
10470 437 1832 6440 
10471 1832 2673 6440 
10472 2673 437 6440 
10473 269 1773 6441 
10474 1773 2877 6441 
10475 2877 269 6441 
10476 908 1208 6442 
10477 1208 2538 6442 
10478 2538 908 6442 
10479 1417 908 6443 
10480 908 2538 6443 
10481 2538 1417 6443 
10482 373 1473 6444 
10483 1473 2260 6444 
10484 2260 373 6444 
10485 1014 1677 6445 
10486 1677 2341 6445 
10487 2341 1014 6445 
10488 224 223 6446 
10489 223 1829 6446 
10490 1829 224 6446 
10491 464 1436 6447 
10492 1436 2764 6447 
10493 2764 464 6447 
10494 1776 208 6448 
10495 208 2929 6448 
10496 2929 1776 6448 
10497 2420 897 6449 
10498 897 2749 6449 
10499 2749 2420 6449 
10500 855 1447 6450 
10501 1447 2590 6450 
10502 2590 855 6450 
10503 2388 711 6451 
10504 711 2950 6451 
10505 2950 2388 6451 
10506 2092 1413 6452 
10507 1413 2411 6452 
10508 2411 2092 6452 
10509 1636 237 6453 
10510 237 2425 6453 
10511 2425 1636 6453 
10512 381 1594 6454 
10513 1594 2263 6454 
10514 2263 381 6454 
10515 2275 608 6455 
10516 608 2447 6455 
10517 2447 2275 6455 
10518 1629 692 6456 
10519 692 2079 6456 
10520 2079 1629 6456 
10521 698 1729 6457 
10522 1729 1814 6457 
10523 1814 698 6457 
10524 443 1203 6458 
10525 1203 2655 6458 
10526 2655 443 6458 
10527 1412 239 6459 
10528 239 2247 6459 
10529 2247 1412 6459 
10530 358 1461 6460 
10531 1461 2539 6460 
10532 2539 358 6460 
10533 2298 645 6461 
10534 645 2658 6461 
10535 2658 2298 6461 
10536 804 1554 6462 
10537 1554 2372 6462 
10538 2372 804 6462 
10539 664 1763 6463 
10540 1763 2307 6463 
10541 2307 664 6463 
10542 530 1358 6464 
10543 1358 3024 6464 
10544 3024 530 6464 
10545 1498 566 6465 
10546 566 1922 6465 
10547 1922 1498 6465 
10548 689 1498 6466 
10549 1498 1922 6466 
10550 1922 689 6466 
10551 370 1359 6467 
10552 1359 2249 6467 
10553 2249 370 6467 
10554 380 1349 6468 
10555 1349 2828 6468 
10556 2828 380 6468 
10557 1520 422 6469 
10558 422 2186 6469 
10559 2186 1520 6469 
10560 2820 658 6470 
10561 658 2975 6470 
10562 2975 2820 6470 
10563 260 1972 6471 
10564 1972 2531 6471 
10565 2531 260 6471 
10566 1972 1112 6472 
10567 1112 2531 6472 
10568 2531 1972 6472 
10569 549 1422 6473 
10570 1422 2254 6473 
10571 2254 549 6473 
10572 2469 1324 6474 
10573 1324 2724 6474 
10574 2724 2469 6474 
10575 224 1829 6475 
10576 1829 2267 6475 
10577 2267 224 6475 
10578 1782 664 6476 
10579 664 2307 6476 
10580 2307 1782 6476 
10581 276 1398 6477 
10582 1398 2102 6477 
10583 2102 276 6477 
10584 1388 244 6478 
10585 244 2141 6478 
10586 2141 1388 6478 
10587 963 2026 6479 
10588 2026 2690 6479 
10589 2690 963 6479 
10590 529 1350 6480 
10591 1350 2484 6480 
10592 2484 529 6480 
10593 1832 437 6481 
10594 437 2670 6481 
10595 2670 1832 6481 
10596 1545 685 6482 
10597 685 1947 6482 
10598 1947 1545 6482 
10599 883 1414 6483 
10600 1414 2193 6483 
10601 2193 883 6483 
10602 123 1844 6484 
10603 1844 2620 6484 
10604 2620 123 6484 
10605 2539 1122 6485 
10606 1122 2554 6485 
10607 2554 2539 6485 
10608 1633 606 6486 
10609 606 2753 6486 
10610 2753 1633 6486 
10611 232 1717 6487 
10612 1717 2915 6487 
10613 2915 232 6487 
10614 1357 736 6488 
10615 736 2376 6488 
10616 2376 1357 6488 
10617 269 1661 6489 
10618 1661 2208 6489 
10619 2208 269 6489 
10620 1413 293 6490 
10621 293 2196 6490 
10622 2196 1413 6490 
10623 262 1384 6491 
10624 1384 2168 6491 
10625 2168 262 6491 
10626 1628 597 6492 
10627 597 1944 6492 
10628 1944 1628 6492 
10629 765 1628 6493 
10630 1628 1944 6493 
10631 1944 765 6493 
10632 2136 312 6494 
10633 312 2758 6494 
10634 2758 2136 6494 
10635 54 55 6495 
10636 55 2128 6495 
10637 2128 54 6495 
10638 129 130 6496 
10639 130 2129 6496 
10640 2129 129 6496 
10641 834 1634 6497 
10642 1634 1962 6497 
10643 1962 834 6497 
10644 952 1397 6498 
10645 1397 2900 6498 
10646 2900 952 6498 
10647 1379 788 6499 
10648 788 2908 6499 
10649 2908 1379 6499 
10650 1455 248 6500 
10651 248 2585 6500 
10652 2585 1455 6500 
10653 955 1460 6501 
10654 1460 2882 6501 
10655 2882 955 6501 
10656 707 1400 6502 
10657 1400 2230 6502 
10658 2230 707 6502 
10659 1599 807 6503 
10660 807 1677 6503 
10661 1677 1599 6503 
10662 96 1437 6504 
10663 1437 2117 6504 
10664 2117 96 6504 
10665 378 1779 6505 
10666 1779 1965 6505 
10667 1965 378 6505 
10668 1779 854 6506 
10669 854 1965 6506 
10670 1965 1779 6506 
10671 1461 698 6507 
10672 698 1814 6507 
10673 1814 1461 6507 
10674 1923 252 6508 
10675 252 2276 6508 
10676 2276 1923 6508 
10677 1418 616 6509 
10678 616 2014 6509 
10679 2014 1418 6509 
10680 434 1819 6510 
10681 1819 2736 6510 
10682 2736 434 6510 
10683 1410 594 6511 
10684 594 2431 6511 
10685 2431 1410 6511 
10686 1630 369 6512 
10687 369 2447 6512 
10688 2447 1630 6512 
10689 663 1373 6513 
10690 1373 2103 6513 
10691 2103 663 6513 
10692 860 1526 6514 
10693 1526 2468 6514 
10694 2468 860 6514 
10695 1361 1097 6515 
10696 1097 2924 6515 
10697 2924 1361 6515 
10698 824 1455 6516 
10699 1455 2585 6516 
10700 2585 824 6516 
10701 536 1357 6517 
10702 1357 2376 6517 
10703 2376 536 6517 
10704 786 1547 6518 
10705 1547 2876 6518 
10706 2876 786 6518 
10707 730 1398 6519 
10708 1398 2939 6519 
10709 2939 730 6519 
10710 658 1704 6520 
10711 1704 2075 6520 
10712 2075 658 6520 
10713 1518 393 6521 
10714 393 2403 6521 
10715 2403 1518 6521 
10716 818 1518 6522 
10717 1518 2403 6522 
10718 2403 818 6522 
10719 523 1363 6523 
10720 1363 2720 6523 
10721 2720 523 6523 
10722 1414 883 6524 
10723 883 2991 6524 
10724 2991 1414 6524 
10725 1474 837 6525 
10726 837 2507 6525 
10727 2507 1474 6525 
10728 472 1474 6526 
10729 1474 2507 6526 
10730 2507 472 6526 
10731 1385 486 6527 
10732 486 2583 6527 
10733 2583 1385 6527 
10734 187 188 6528 
10735 188 2211 6528 
10736 2211 187 6528 
10737 1596 580 6529 
10738 580 1783 6529 
10739 1783 1596 6529 
10740 1819 1038 6530 
10741 1038 2736 6530 
10742 2736 1819 6530 
10743 1330 199 6531 
10744 199 2662 6531 
10745 2662 1330 6531 
10746 1359 489 6532 
10747 489 2716 6532 
10748 2716 1359 6532 
10749 1400 451 6533 
10750 451 2230 6533 
10751 2230 1400 6533 
10752 858 1586 6534 
10753 1586 1963 6534 
10754 1963 858 6534 
10755 2283 895 6535 
10756 895 2587 6535 
10757 2587 2283 6535 
10758 486 1431 6536 
10759 1431 2459 6536 
10760 2459 486 6536 
10761 1563 249 6537 
10762 249 2467 6537 
10763 2467 1563 6537 
10764 2670 437 6538 
10765 437 2884 6538 
10766 2884 2670 6538 
10767 313 1457 6539 
10768 1457 2652 6539 
10769 2652 313 6539 
10770 1570 683 6540 
10771 683 2702 6540 
10772 2702 1570 6540 
10773 1357 333 6541 
10774 333 2445 6541 
10775 2445 1357 6541 
10776 250 1557 6542 
10777 1557 2065 6542 
10778 2065 250 6542 
10779 497 1203 6543 
10780 1203 2245 6543 
10781 2245 497 6543 
10782 719 1352 6544 
10783 1352 2481 6544 
10784 2481 719 6544 
10785 1365 691 6545 
10786 691 2646 6545 
10787 2646 1365 6545 
10788 1430 452 6546 
10789 452 2552 6546 
10790 2552 1430 6546 
10791 641 1523 6547 
10792 1523 1759 6547 
10793 1759 641 6547 
10794 725 2215 6548 
10795 2215 2895 6548 
10796 2895 725 6548 
10797 996 1633 6549 
10798 1633 2753 6549 
10799 2753 996 6549 
10800 1295 1851 6550 
10801 1851 2422 6550 
10802 2422 1295 6550 
10803 1311 616 6551 
10804 616 2095 6551 
10805 2095 1311 6551 
10806 1358 331 6552 
10807 331 2476 6552 
10808 2476 1358 6552 
10809 1089 1641 6553 
10810 1641 2185 6553 
10811 2185 1089 6553 
10812 519 1448 6554 
10813 1448 1997 6554 
10814 1997 519 6554 
10815 1664 798 6555 
10816 798 1754 6555 
10817 1754 1664 6555 
10818 184 185 6556 
10819 185 1937 6556 
10820 1937 184 6556 
10821 112 113 6557 
10822 113 2637 6557 
10823 2637 112 6557 
10824 1423 969 6558 
10825 969 2556 6558 
10826 2556 1423 6558 
10827 443 1513 6559 
10828 1513 2627 6559 
10829 2627 443 6559 
10830 150 151 6560 
10831 151 2326 6560 
10832 2326 150 6560 
10833 1382 758 6561 
10834 758 2596 6561 
10835 2596 1382 6561 
10836 938 1507 6562 
10837 1507 2946 6562 
10838 2946 938 6562 
10839 1804 61 6563 
10840 61 2557 6563 
10841 2557 1804 6563 
10842 634 1520 6564 
10843 1520 1921 6564 
10844 1921 634 6564 
10845 839 1797 6565 
10846 1797 1986 6565 
10847 1986 839 6565 
10848 1797 541 6566 
10849 541 1986 6566 
10850 1986 1797 6566 
10851 254 1125 6567 
10852 1125 2861 6567 
10853 2861 254 6567 
10854 1409 478 6568 
10855 478 2488 6568 
10856 2488 1409 6568 
10857 717 1487 6569 
10858 1487 2608 6569 
10859 2608 717 6569 
10860 1461 358 6570 
10861 358 2543 6570 
10862 2543 1461 6570 
10863 78 79 6571 
10864 79 2272 6571 
10865 2272 78 6571 
10866 105 106 6572 
10867 106 2273 6572 
10868 2273 105 6572 
10869 32 33 6573 
10870 33 2594 6573 
10871 2594 32 6573 
10872 291 2364 6574 
10873 2364 2851 6574 
10874 2851 291 6574 
10875 2313 1245 6575 
10876 1245 2841 6575 
10877 2841 2313 6575 
10878 1377 601 6576 
10879 601 2728 6576 
10880 2728 1377 6576 
10881 1363 305 6577 
10882 305 2528 6577 
10883 2528 1363 6577 
10884 999 2323 6578 
10885 2323 2332 6578 
10886 2332 999 6578 
10887 788 1379 6579 
10888 1379 2610 6579 
10889 2610 788 6579 
10890 1102 2295 6580 
10891 2295 2718 6580 
10892 2718 1102 6580 
10893 248 1324 6581 
10894 1324 2469 6581 
10895 2469 248 6581 
10896 685 1538 6582 
10897 1538 1796 6582 
10898 1796 685 6582 
10899 282 1381 6583 
10900 1381 2299 6583 
10901 2299 282 6583 
10902 1472 464 6584 
10903 464 2764 6584 
10904 2764 1472 6584 
10905 1551 898 6585 
10906 898 1938 6585 
10907 1938 1551 6585 
10908 2011 987 6586 
10909 987 2022 6586 
10910 2022 2011 6586 
10911 757 1502 6587 
10912 1502 2080 6587 
10913 2080 757 6587 
10914 1500 307 6588 
10915 307 2729 6588 
10916 2729 1500 6588 
10917 964 1404 6589 
10918 1404 2234 6589 
10919 2234 964 6589 
10920 116 117 6590 
10921 117 2239 6590 
10922 2239 116 6590 
10923 35 36 6591 
10924 36 1811 6591 
10925 1811 35 6591 
10926 1213 389 6592 
10927 389 2033 6592 
10928 2033 1213 6592 
10929 1567 703 6593 
10930 703 2052 6593 
10931 2052 1567 6593 
10932 733 1402 6594 
10933 1402 2491 6594 
10934 2491 733 6594 
10935 2082 330 6595 
10936 330 2553 6595 
10937 2553 2082 6595 
10938 840 1651 6596 
10939 1651 2649 6596 
10940 2649 840 6596 
10941 1610 1913 6597 
10942 1913 2460 6597 
10943 2460 1610 6597 
10944 437 1678 6598 
10945 1678 2884 6598 
10946 2884 437 6598 
10947 1179 1647 6599 
10948 1647 2843 6599 
10949 2843 1179 6599 
10950 1380 743 6600 
10951 743 2683 6600 
10952 2683 1380 6600 
10953 364 1348 6601 
10954 1348 2595 6601 
10955 2595 364 6601 
10956 1510 933 6602 
10957 933 1993 6602 
10958 1993 1510 6602 
10959 1386 341 6603 
10960 341 2702 6603 
10961 2702 1386 6603 
10962 1524 910 6604 
10963 910 2292 6604 
10964 2292 1524 6604 
10965 1428 2077 6605 
10966 2077 2948 6605 
10967 2948 1428 6605 
10968 1574 620 6606 
10969 620 1851 6606 
10970 1851 1574 6606 
10971 1842 909 6607 
10972 909 2285 6607 
10973 2285 1842 6607 
10974 1501 254 6608 
10975 254 2861 6608 
10976 2861 1501 6608 
10977 953 1340 6609 
10978 1340 2932 6609 
10979 2932 953 6609 
10980 282 1380 6610 
10981 1380 2683 6610 
10982 2683 282 6610 
10983 358 2539 6611 
10984 2539 2554 6611 
10985 2554 358 6611 
10986 1608 822 6612 
10987 822 2458 6612 
10988 2458 1608 6612 
10989 1381 282 6613 
10990 282 2683 6613 
10991 2683 1381 6613 
10992 743 1381 6614 
10993 1381 2683 6614 
10994 2683 743 6614 
10995 1449 684 6615 
10996 684 2028 6615 
10997 2028 1449 6615 
10998 659 1560 6616 
10999 1560 1771 6616 
11000 1771 659 6616 
11001 2078 780 6617 
11002 780 2200 6617 
11003 2200 2078 6617 
11004 788 1520 6618 
11005 1520 2186 6618 
11006 2186 788 6618 
11007 1751 958 6619 
11008 958 2389 6619 
11009 2389 1751 6619 
11010 1581 570 6620 
11011 570 2110 6620 
11012 2110 1581 6620 
11013 771 1581 6621 
11014 1581 2110 6621 
11015 2110 771 6621 
11016 1554 637 6622 
11017 637 2264 6622 
11018 2264 1554 6622 
11019 1299 301 6623 
11020 301 2354 6623 
11021 2354 1299 6623 
11022 436 1510 6624 
11023 1510 1993 6624 
11024 1993 436 6624 
11025 1464 694 6625 
11026 694 2035 6625 
11027 2035 1464 6625 
11028 1197 290 6626 
11029 290 2150 6626 
11030 2150 1197 6626 
11031 1875 705 6627 
11032 705 2100 6627 
11033 2100 1875 6627 
11034 1778 965 6628 
11035 965 2221 6628 
11036 2221 1778 6628 
11037 800 2113 6629 
11038 2113 2351 6629 
11039 2351 800 6629 
11040 1555 306 6630 
11041 306 2057 6630 
11042 2057 1555 6630 
11043 1422 739 6631 
11044 739 2254 6631 
11045 2254 1422 6631 
11046 169 170 6632 
11047 170 2324 6632 
11048 2324 169 6632 
11049 371 1433 6633 
11050 1433 2073 6633 
11051 2073 371 6633 
11052 322 1488 6634 
11053 1488 2386 6634 
11054 2386 322 6634 
11055 377 1807 6635 
11056 1807 1964 6635 
11057 1964 377 6635 
11058 1807 853 6636 
11059 853 1964 6636 
11060 1964 1807 6636 
11061 1583 448 6637 
11062 448 1959 6637 
11063 1959 1583 6637 
11064 1488 568 6638 
11065 568 2400 6638 
11066 2400 1488 6638 
11067 927 1655 6639 
11068 1655 2475 6639 
11069 2475 927 6639 
11070 978 1588 6640 
11071 1588 2252 6640 
11072 2252 978 6640 
11073 1411 702 6641 
11074 702 2280 6641 
11075 2280 1411 6641 
11076 1376 319 6642 
11077 319 2501 6642 
11078 2501 1376 6642 
11079 279 1420 6643 
11080 1420 2122 6643 
11081 2122 279 6643 
11082 1587 524 6644 
11083 524 2512 6644 
11084 2512 1587 6644 
11085 1388 518 6645 
11086 518 2301 6645 
11087 2301 1388 6645 
11088 1566 623 6646 
11089 623 2141 6646 
11090 2141 1566 6646 
11091 1392 2108 6647 
11092 2108 2961 6647 
11093 2961 1392 6647 
11094 1702 318 6648 
11095 318 2362 6648 
11096 2362 1702 6648 
11097 1633 996 6649 
11098 996 2928 6649 
11099 2928 1633 6649 
11100 1786 843 6650 
11101 843 1856 6650 
11102 1856 1786 6650 
11103 77 1613 6651 
11104 1613 2923 6651 
11105 2923 77 6651 
11106 1612 107 6652 
11107 107 2922 6652 
11108 2922 1612 6652 
11109 1652 32 6653 
11110 32 2594 6653 
11111 2594 1652 6653 
11112 1605 1019 6654 
11113 1019 2514 6654 
11114 2514 1605 6654 
11115 156 157 6655 
11116 157 2546 6655 
11117 2546 156 6655 
11118 1488 322 6656 
11119 322 1991 6656 
11120 1991 1488 6656 
11121 117 118 6657 
11122 118 2765 6657 
11123 2765 117 6657 
11124 1881 717 6658 
11125 717 2608 6658 
11126 2608 1881 6658 
11127 236 2169 6659 
11128 2169 2380 6659 
11129 2380 236 6659 
11130 1408 380 6660 
11131 380 2177 6660 
11132 2177 1408 6660 
11133 1890 394 6661 
11134 394 2154 6661 
11135 2154 1890 6661 
11136 546 1464 6662 
11137 1464 2035 6662 
11138 2035 546 6662 
11139 754 1998 6663 
11140 1998 2233 6663 
11141 2233 754 6663 
11142 1400 861 6664 
11143 861 2498 6664 
11144 2498 1400 6664 
11145 598 1624 6665 
11146 1624 1935 6665 
11147 1935 598 6665 
11148 557 1455 6666 
11149 1455 1939 6666 
11150 1939 557 6666 
11151 1379 256 6667 
11152 256 2391 6667 
11153 2391 1379 6667 
11154 261 2213 6668 
11155 2213 2617 6668 
11156 2617 261 6668 
11157 2213 1269 6669 
11158 1269 2617 6669 
11159 2617 2213 6669 
11160 1140 2153 6670 
11161 2153 2816 6670 
11162 2816 1140 6670 
11163 715 1690 6671 
11164 1690 1981 6671 
11165 1981 715 6671 
11166 341 1386 6672 
11167 1386 2647 6672 
11168 2647 341 6672 
11169 1698 1143 6673 
11170 1143 1945 6673 
11171 1945 1698 6673 
11172 1609 1079 6674 
11173 1079 1922 6674 
11174 1922 1609 6674 
11175 1006 1417 6675 
11176 1417 2915 6675 
11177 2915 1006 6675 
11178 36 37 6676 
11179 37 2426 6676 
11180 2426 36 6676 
11181 647 1386 6677 
11182 1386 2437 6677 
11183 2437 647 6677 
11184 1089 2185 6678 
11185 2185 2868 6678 
11186 2868 1089 6678 
11187 1446 504 6679 
11188 504 2342 6679 
11189 2342 1446 6679 
11190 1753 860 6680 
11191 860 2624 6680 
11192 2624 1753 6680 
11193 2226 828 6681 
11194 828 2258 6681 
11195 2258 2226 6681 
11196 1398 276 6682 
11197 276 2939 6682 
11198 2939 1398 6682 
11199 53 1625 6683 
11200 1625 2564 6683 
11201 2564 53 6683 
11202 1626 131 6684 
11203 131 2565 6684 
11204 2565 1626 6684 
11205 1591 708 6685 
11206 708 1861 6685 
11207 1861 1591 6685 
11208 212 211 6686 
11209 211 1834 6686 
11210 1834 212 6686 
11211 527 1408 6687 
11212 1408 2978 6687 
11213 2978 527 6687 
11214 1015 1530 6688 
11215 1530 1942 6688 
11216 1942 1015 6688 
11217 1144 811 6689 
11218 811 2033 6689 
11219 2033 1144 6689 
11220 240 2402 6690 
11221 2402 2432 6690 
11222 2432 240 6690 
11223 1450 266 6691 
11224 266 3017 6691 
11225 3017 1450 6691 
11226 772 1446 6692 
11227 1446 2342 6692 
11228 2342 772 6692 
11229 1142 1917 6693 
11230 1917 2364 6693 
11231 2364 1142 6693 
11232 1594 841 6694 
11233 841 2263 6694 
11234 2263 1594 6694 
11235 681 1659 6695 
11236 1659 2666 6695 
11237 2666 681 6695 
11238 1799 264 6696 
11239 264 2549 6696 
11240 2549 1799 6696 
11241 622 1367 6697 
11242 1367 2477 6697 
11243 2477 622 6697 
11244 366 1545 6698 
11245 1545 1947 6698 
11246 1947 366 6698 
11247 67 68 6699 
11248 68 1848 6699 
11249 1848 67 6699 
11250 690 1541 6700 
11251 1541 1970 6700 
11252 1970 690 6700 
11253 966 2100 6701 
11254 2100 2104 6701 
11255 2104 966 6701 
11256 2100 705 6702 
11257 705 2104 6702 
11258 2104 2100 6702 
11259 163 164 6703 
11260 164 1983 6703 
11261 1983 163 6703 
11262 1430 707 6704 
11263 707 2330 6704 
11264 2330 1430 6704 
11265 874 1784 6705 
11266 1784 2432 6705 
11267 2432 874 6705 
11268 176 1633 6706 
11269 1633 2928 6706 
11270 2928 176 6706 
11271 1379 539 6707 
11272 539 2610 6707 
11273 2610 1379 6707 
11274 452 1430 6708 
11275 1430 2330 6708 
11276 2330 452 6708 
11277 795 1595 6709 
11278 1595 2065 6709 
11279 2065 795 6709 
11280 1632 2779 6710 
11281 2779 3020 6710 
11282 3020 1632 6710 
11283 1426 726 6711 
11284 726 2195 6711 
11285 2195 1426 6711 
11286 502 1426 6712 
11287 1426 2195 6712 
11288 2195 502 6712 
11289 1596 242 6713 
11290 242 2778 6713 
11291 2778 1596 6713 
11292 1382 186 6714 
11293 186 2356 6714 
11294 2356 1382 6714 
11295 1717 1006 6715 
11296 1006 2915 6715 
11297 2915 1717 6715 
11298 1938 898 6716 
11299 898 2161 6716 
11300 2161 1938 6716 
11301 877 1850 6717 
11302 1850 2375 6717 
11303 2375 877 6717 
11304 111 112 6718 
11305 112 2294 6718 
11306 2294 111 6718 
11307 646 1370 6719 
11308 1370 2707 6719 
11309 2707 646 6719 
11310 199 200 6720 
11311 200 2662 6720 
11312 2662 199 6720 
11313 828 1825 6721 
11314 1825 2258 6721 
11315 2258 828 6721 
11316 1494 371 6722 
11317 371 2073 6722 
11318 2073 1494 6722 
11319 249 1563 6723 
11320 1563 2371 6723 
11321 2371 249 6723 
11322 2647 647 6724 
11323 647 2921 6724 
11324 2921 2647 6724 
11325 1390 329 6725 
11326 329 2958 6725 
11327 2958 1390 6725 
11328 1652 617 6726 
11329 617 1872 6726 
11330 1872 1652 6726 
11331 2179 946 6727 
11332 946 2944 6727 
11333 2944 2179 6727 
11334 516 1561 6728 
11335 1561 2010 6728 
11336 2010 516 6728 
11337 13 14 6729 
11338 14 2664 6729 
11339 2664 13 6729 
11340 1554 26 6730 
11341 26 2372 6730 
11342 2372 1554 6730 
11343 1437 750 6731 
11344 750 2117 6731 
11345 2117 1437 6731 
11346 157 158 6732 
11347 158 1847 6732 
11348 1847 157 6732 
11349 821 1947 6733 
11350 1947 1990 6733 
11351 1990 821 6733 
11352 1825 828 6734 
11353 828 1988 6734 
11354 1988 1825 6734 
11355 1632 480 6735 
11356 480 2000 6735 
11357 2000 1632 6735 
11358 1416 710 6736 
11359 710 2224 6736 
11360 2224 1416 6736 
11361 538 1390 6737 
11362 1390 2464 6737 
11363 2464 538 6737 
11364 1212 1759 6738 
11365 1759 2934 6738 
11366 2934 1212 6738 
11367 1558 851 6739 
11368 851 1796 6739 
11369 1796 1558 6739 
11370 1759 267 6740 
11371 267 2934 6740 
11372 2934 1759 6740 
11373 1333 1954 6741 
11374 1954 2810 6741 
11375 2810 1333 6741 
11376 692 1577 6742 
11377 1577 1927 6742 
11378 1927 692 6742 
11379 444 2292 6743 
11380 2292 2327 6743 
11381 2327 444 6743 
11382 2475 384 6744 
11383 384 2721 6744 
11384 2721 2475 6744 
11385 673 1495 6745 
11386 1495 2360 6745 
11387 2360 673 6745 
11388 1632 952 6746 
11389 952 2987 6746 
11390 2987 1632 6746 
11391 984 1436 6747 
11392 1436 2930 6747 
11393 2930 984 6747 
11394 1956 1251 6748 
11395 1251 2428 6748 
11396 2428 1956 6748 
11397 524 1587 6749 
11398 1587 2836 6749 
11399 2836 524 6749 
11400 555 1751 6750 
11401 1751 2542 6750 
11402 2542 555 6750 
11403 314 1498 6751 
11404 1498 3004 6751 
11405 3004 314 6751 
11406 935 1600 6752 
11407 1600 1926 6752 
11408 1926 935 6752 
11409 190 1362 6753 
11410 1362 2395 6753 
11411 2395 190 6753 
11412 254 1452 6754 
11413 1452 1839 6754 
11414 1839 254 6754 
11415 1400 707 6755 
11416 707 2545 6755 
11417 2545 1400 6755 
11418 1466 650 6756 
11419 650 2092 6756 
11420 2092 1466 6756 
11421 74 75 6757 
11422 75 1992 6757 
11423 1992 74 6757 
11424 1395 258 6758 
11425 258 2478 6758 
11426 2478 1395 6758 
11427 1451 1684 6759 
11428 1684 2645 6759 
11429 2645 1451 6759 
11430 1425 619 6760 
11431 619 3011 6760 
11432 3011 1425 6760 
11433 1464 546 6761 
11434 546 2091 6761 
11435 2091 1464 6761 
11436 786 2368 6762 
11437 2368 2787 6762 
11438 2787 786 6762 
11439 439 1751 6763 
11440 1751 2389 6763 
11441 2389 439 6763 
11442 277 1470 6764 
11443 1470 2311 6764 
11444 2311 277 6764 
11445 476 2313 6765 
11446 2313 2841 6765 
11447 2841 476 6765 
11448 1399 546 6766 
11449 546 2677 6766 
11450 2677 1399 6766 
11451 155 156 6767 
11452 156 1912 6767 
11453 1912 155 6767 
11454 1527 939 6768 
11455 939 2680 6768 
11456 2680 1527 6768 
11457 1288 2743 6769 
11458 2743 2963 6769 
11459 2963 1288 6769 
11460 304 1383 6770 
11461 1383 2359 6770 
11462 2359 304 6770 
11463 1852 797 6771 
11464 797 2174 6771 
11465 2174 1852 6771 
11466 257 1426 6772 
11467 1426 2214 6772 
11468 2214 257 6772 
11469 1426 502 6773 
11470 502 2215 6773 
11471 2215 1426 6773 
11472 892 1574 6774 
11473 1574 2858 6774 
11474 2858 892 6774 
11475 750 1437 6775 
11476 1437 2399 6775 
11477 2399 750 6775 
11478 562 1414 6776 
11479 1414 2991 6776 
11480 2991 562 6776 
11481 960 1410 6777 
11482 1410 2860 6777 
11483 2860 960 6777 
11484 1456 506 6778 
11485 506 2099 6778 
11486 2099 1456 6778 
11487 674 1727 6779 
11488 1727 1742 6779 
11489 1742 674 6779 
11490 568 1528 6780 
11491 1528 2400 6780 
11492 2400 568 6780 
11493 1455 915 6781 
11494 915 2819 6781 
11495 2819 1455 6781 
11496 1512 863 6782 
11497 863 2480 6782 
11498 2480 1512 6782 
11499 29 30 6783 
11500 30 1882 6783 
11501 1882 29 6783 
11502 1426 257 6784 
11503 257 2919 6784 
11504 2919 1426 6784 
11505 398 1877 6785 
11506 1877 2695 6785 
11507 2695 398 6785 
11508 1511 832 6786 
11509 832 2433 6786 
11510 2433 1511 6786 
11511 298 1929 6787 
11512 1929 2146 6787 
11513 2146 298 6787 
11514 288 2623 6788 
11515 2623 2892 6788 
11516 2892 288 6788 
11517 2025 274 6789 
11518 274 2582 6789 
11519 2582 2025 6789 
11520 146 1512 6790 
11521 1512 2480 6790 
11522 2480 146 6790 
11523 935 1926 6791 
11524 1926 2738 6791 
11525 2738 935 6791 
11526 144 145 6792 
11527 145 2941 6792 
11528 2941 144 6792 
11529 253 1957 6793 
11530 1957 2723 6793 
11531 2723 253 6793 
11532 1628 765 6794 
11533 765 2083 6794 
11534 2083 1628 6794 
11535 279 1628 6795 
11536 1628 2083 6795 
11537 2083 279 6795 
11538 2426 1021 6796 
11539 1021 2810 6796 
11540 2810 2426 6796 
11541 1577 347 6797 
11542 347 1927 6797 
11543 1927 1577 6797 
11544 1486 338 6798 
11545 338 2527 6798 
11546 2527 1486 6798 
11547 278 1581 6799 
11548 1581 2145 6799 
11549 2145 278 6799 
11550 1581 771 6800 
11551 771 2145 6800 
11552 2145 1581 6800 
11553 907 1280 6801 
11554 1280 2892 6801 
11555 2892 907 6801 
11556 1965 727 6802 
11557 727 2420 6802 
11558 2420 1965 6802 
11559 456 1857 6803 
11560 1857 2603 6803 
11561 2603 456 6803 
11562 23 24 6804 
11563 24 2282 6804 
11564 2282 23 6804 
11565 1701 830 6805 
11566 830 1827 6805 
11567 1827 1701 6805 
11568 735 1435 6806 
11569 1435 2305 6806 
11570 2305 735 6806 
11571 535 1731 6807 
11572 1731 2427 6807 
11573 2427 535 6807 
11574 1520 634 6808 
11575 634 2024 6808 
11576 2024 1520 6808 
11577 903 2387 6809 
11578 2387 2743 6809 
11579 2743 903 6809 
11580 2206 1001 6810 
11581 1001 2663 6810 
11582 2663 2206 6810 
11583 1440 658 6811 
11584 658 2820 6811 
11585 2820 1440 6811 
11586 2220 967 6812 
11587 967 2367 6812 
11588 2367 2220 6812 
11589 478 1356 6813 
11590 1356 2516 6813 
11591 2516 478 6813 
11592 883 1916 6814 
11593 1916 2120 6814 
11594 2120 883 6814 
11595 369 1806 6815 
11596 1806 2447 6815 
11597 2447 369 6815 
11598 311 1122 6816 
11599 1122 2712 6816 
11600 2712 311 6816 
11601 1521 701 6817 
11602 701 2413 6817 
11603 2413 1521 6817 
11604 783 1731 6818 
11605 1731 1845 6818 
11606 1845 783 6818 
11607 2199 960 6819 
11608 960 2984 6819 
11609 2984 2199 6819 
11610 1736 366 6820 
11611 366 2436 6820 
11612 2436 1736 6820 
11613 56 57 6821 
11614 57 2506 6821 
11615 2506 56 6821 
11616 127 128 6822 
11617 128 2505 6822 
11618 2505 127 6822 
11619 2656 1397 6823 
11620 1397 3020 6823 
11621 3020 2656 6823 
11622 1682 553 6824 
11623 553 1864 6824 
11624 1864 1682 6824 
11625 1586 273 6825 
11626 273 3006 6825 
11627 3006 1586 6825 
11628 881 1419 6826 
11629 1419 2842 6826 
11630 2842 881 6826 
11631 655 1701 6827 
11632 1701 1827 6827 
11633 1827 655 6827 
11634 793 1208 6828 
11635 1208 2655 6828 
11636 2655 793 6828 
11637 38 1482 6829 
11638 1482 2392 6829 
11639 2392 38 6829 
11640 320 1608 6830 
11641 1608 2458 6830 
11642 2458 320 6830 
11643 717 1692 6831 
11644 1692 2053 6831 
11645 2053 717 6831 
11646 910 1524 6832 
11647 1524 2977 6832 
11648 2977 910 6832 
11649 1874 1084 6833 
11650 1084 2816 6833 
11651 2816 1874 6833 
11652 1356 391 6834 
11653 391 2522 6834 
11654 2522 1356 6834 
11655 1446 863 6835 
11656 863 2825 6835 
11657 2825 1446 6835 
11658 738 1425 6836 
11659 1425 3011 6836 
11660 3011 738 6836 
11661 1467 707 6837 
11662 707 2934 6837 
11663 2934 1467 6837 
11664 794 2126 6838 
11665 2126 2435 6838 
11666 2435 794 6838 
11667 1083 1415 6839 
11668 1415 2840 6839 
11669 2840 1083 6839 
11670 1727 936 6840 
11671 936 1742 6840 
11672 1742 1727 6840 
11673 1579 545 6841 
11674 545 2675 6841 
11675 2675 1579 6841 
11676 928 1695 6842 
11677 1695 2380 6842 
11678 2380 928 6842 
11679 1412 550 6843 
11680 550 2806 6843 
11681 2806 1412 6843 
11682 726 1426 6844 
11683 1426 2919 6844 
11684 2919 726 6844 
11685 1562 659 6845 
11686 659 2169 6845 
11687 2169 1562 6845 
11688 347 1584 6846 
11689 1584 1927 6846 
11690 1927 347 6846 
11691 532 1894 6847 
11692 1894 2938 6847 
11693 2938 532 6847 
11694 792 1409 6848 
11695 1409 2488 6848 
11696 2488 792 6848 
11697 1511 357 6849 
11698 357 2570 6849 
11699 2570 1511 6849 
11700 1673 539 6850 
11701 539 2225 6850 
11702 2225 1673 6850 
11703 1361 295 6851 
11704 295 2899 6851 
11705 2899 1361 6851 
11706 172 173 6852 
11707 173 2074 6852 
11708 2074 172 6852 
11709 1309 2820 6853 
11710 2820 2975 6853 
11711 2975 1309 6853 
11712 627 1687 6854 
11713 1687 1824 6854 
11714 1824 627 6854 
11715 2285 909 6855 
11716 909 2894 6855 
11717 2894 2285 6855 
11718 255 1761 6856 
11719 1761 2398 6856 
11720 2398 255 6856 
11721 1797 1032 6857 
11722 1032 2727 6857 
11723 2727 1797 6857 
11724 541 1797 6858 
11725 1797 2727 6858 
11726 2727 541 6858 
11727 2235 881 6859 
11728 881 2537 6859 
11729 2537 2235 6859 
11730 554 1938 6860 
11731 1938 2161 6860 
11732 2161 554 6860 
11733 664 1782 6861 
11734 1782 1934 6861 
11735 1934 664 6861 
11736 1908 700 6862 
11737 700 2926 6862 
11738 2926 1908 6862 
11739 1183 1908 6863 
11740 1908 2926 6863 
11741 2926 1183 6863 
11742 43 44 6864 
11743 44 1909 6864 
11744 1909 43 6864 
11745 1514 625 6865 
11746 625 2055 6865 
11747 2055 1514 6865 
11748 566 1609 6866 
11749 1609 1922 6866 
11750 1922 566 6866 
11751 1432 744 6867 
11752 744 2995 6867 
11753 2995 1432 6867 
11754 236 1459 6868 
11755 1459 2268 6868 
11756 2268 236 6868 
11757 776 1578 6869 
11758 1578 2192 6869 
11759 2192 776 6869 
11760 1578 280 6870 
11761 280 2192 6870 
11762 2192 1578 6870 
11763 612 1602 6871 
11764 1602 2133 6871 
11765 2133 612 6871 
11766 1602 766 6872 
11767 766 2133 6872 
11768 2133 1602 6872 
11769 2030 299 6873 
11770 299 2337 6873 
11771 2337 2030 6873 
11772 1509 885 6874 
11773 885 1829 6874 
11774 1829 1509 6874 
11775 1037 1673 6875 
11776 1673 2225 6875 
11777 2225 1037 6875 
11778 2081 731 6876 
11779 731 2322 6876 
11780 2322 2081 6876 
11781 10 11 6877 
11782 11 2760 6877 
11783 2760 10 6877 
11784 498 2201 6878 
11785 2201 2911 6878 
11786 2911 498 6878 
11787 687 1583 6879 
11788 1583 1959 6879 
11789 1959 687 6879 
11790 570 1493 6880 
11791 1493 2110 6880 
11792 2110 570 6880 
11793 671 1486 6881 
11794 1486 2527 6881 
11795 2527 671 6881 
11796 651 1555 6882 
11797 1555 2057 6882 
11798 2057 651 6882 
11799 565 1898 6883 
11800 1898 2956 6883 
11801 2956 565 6883 
11802 395 1560 6884 
11803 1560 2209 6884 
11804 2209 395 6884 
11805 1533 753 6885 
11806 753 2177 6885 
11807 2177 1533 6885 
11808 380 1533 6886 
11809 1533 2177 6886 
11810 2177 380 6886 
11811 2142 414 6887 
11812 414 2257 6887 
11813 2257 2142 6887 
11814 1284 372 6888 
11815 372 2352 6888 
11816 2352 1284 6888 
11817 576 1478 6889 
11818 1478 2454 6889 
11819 2454 576 6889 
11820 1372 10 6890 
11821 10 2760 6890 
11822 2760 1372 6890 
11823 288 1775 6891 
11824 1775 2623 6891 
11825 2623 288 6891 
11826 1830 623 6892 
11827 623 2780 6892 
11828 2780 1830 6892 
11829 1898 1175 6893 
11830 1175 2956 6893 
11831 2956 1898 6893 
11832 1731 1220 6894 
11833 1220 3009 6894 
11834 3009 1731 6894 
11835 1414 343 6895 
11836 343 3015 6895 
11837 3015 1414 6895 
11838 382 1409 6896 
11839 1409 2817 6896 
11840 2817 382 6896 
11841 1503 361 6897 
11842 361 2632 6897 
11843 2632 1503 6897 
11844 1524 603 6898 
11845 603 2977 6898 
11846 2977 1524 6898 
11847 912 1472 6899 
11848 1472 2764 6899 
11849 2764 912 6899 
11850 808 1686 6900 
11851 1686 2454 6900 
11852 2454 808 6900 
11853 854 1779 6901 
11854 1779 2484 6901 
11855 2484 854 6901 
11856 275 1421 6902 
11857 1421 2870 6902 
11858 2870 275 6902 
11859 1167 1424 6903 
11860 1424 2822 6903 
11861 2822 1167 6903 
11862 1520 788 6904 
11863 788 2857 6904 
11864 2857 1520 6904 
11865 1888 412 6905 
11866 412 2089 6905 
11867 2089 1888 6905 
11868 784 1651 6906 
11869 1651 2138 6906 
11870 2138 784 6906 
11871 2064 1263 6907 
11872 1263 2507 6907 
11873 2507 2064 6907 
11874 1264 2063 6908 
11875 2063 2508 6908 
11876 2508 1264 6908 
11877 2117 750 6909 
11878 750 2638 6909 
11879 2638 2117 6909 
11880 352 1534 6910 
11881 1534 2112 6910 
11882 2112 352 6910 
11883 1419 852 6911 
11884 852 2540 6911 
11885 2540 1419 6911 
11886 276 1432 6912 
11887 1432 2995 6912 
11888 2995 276 6912 
11889 610 1536 6913 
11890 1536 2930 6913 
11891 2930 610 6913 
11892 1522 646 6914 
11893 646 1979 6914 
11894 1979 1522 6914 
11895 1614 915 6915 
11896 915 1865 6915 
11897 1865 1614 6915 
11898 2368 1154 6916 
11899 1154 2787 6916 
11900 2787 2368 6916 
11901 519 1482 6917 
11902 1482 2907 6917 
11903 2907 519 6917 
11904 1540 751 6918 
11905 751 2180 6918 
11906 2180 1540 6918 
11907 529 1540 6919 
11908 1540 2180 6919 
11909 2180 529 6919 
11910 741 1692 6920 
11911 1692 1881 6920 
11912 1881 741 6920 
11913 1793 376 6921 
11914 376 2165 6921 
11915 2165 1793 6921 
11916 813 1629 6922 
11917 1629 2306 6922 
11918 2306 813 6922 
11919 1024 1762 6923 
11920 1762 2796 6923 
11921 2796 1024 6923 
11922 193 2319 6924 
11923 2319 2667 6924 
11924 2667 193 6924 
11925 716 1515 6925 
11926 1515 2197 6925 
11927 2197 716 6925 
11928 2004 1389 6926 
11929 1389 2280 6926 
11930 2280 2004 6926 
11931 278 2178 6927 
11932 2178 2401 6927 
11933 2401 278 6927 
11934 1438 548 6928 
11935 548 2334 6928 
11936 2334 1438 6928 
11937 1095 2082 6929 
11938 2082 2553 6929 
11939 2553 1095 6929 
11940 764 1743 6930 
11941 1743 2472 6930 
11942 2472 764 6930 
11943 303 1731 6931 
11944 1731 3009 6931 
11945 3009 303 6931 
11946 1440 289 6932 
11947 289 2485 6932 
11948 2485 1440 6932 
11949 1482 905 6933 
11950 905 2907 6933 
11951 2907 1482 6933 
11952 115 1705 6934 
11953 1705 2865 6934 
11954 2865 115 6934 
11955 1049 1830 6935 
11956 1830 2780 6935 
11957 2780 1049 6935 
11958 298 2146 6936 
11959 2146 3003 6936 
11960 3003 298 6936 
11961 1510 436 6937 
11962 436 2126 6937 
11963 2126 1510 6937 
11964 1651 400 6938 
11965 400 2138 6938 
11966 2138 1651 6938 
11967 1768 416 6939 
11968 416 2926 6939 
11969 2926 1768 6939 
11970 1476 566 6940 
11971 566 2199 6940 
11972 2199 1476 6940 
11973 2051 1207 6941 
11974 1207 2947 6941 
11975 2947 2051 6941 
11976 270 1463 6942 
11977 1463 2989 6942 
11978 2989 270 6942 
11979 2228 792 6943 
11980 792 2488 6943 
11981 2488 2228 6943 
11982 1916 251 6944 
11983 251 2120 6944 
11984 2120 1916 6944 
11985 154 155 6945 
11986 155 2798 6945 
11987 2798 154 6945 
11988 504 1446 6946 
11989 1446 2825 6946 
11990 2825 504 6946 
11991 1421 540 6947 
11992 540 2555 6947 
11993 2555 1421 6947 
11994 2729 853 6948 
11995 853 2782 6948 
11996 2782 2729 6948 
11997 1557 598 6949 
11998 598 2714 6949 
11999 2714 1557 6949 
12000 1941 434 6950 
12001 434 2736 6950 
12002 2736 1941 6950 
12003 1611 645 6951 
12004 645 1961 6951 
12005 1961 1611 6951 
12006 1629 413 6952 
12007 413 2306 6952 
12008 2306 1629 6952 
12009 1337 17 6953 
12010 17 2390 6953 
12011 2390 1337 6953 
12012 818 1904 6954 
12013 1904 1960 6954 
12014 1960 818 6954 
12015 1904 735 6955 
12016 735 1960 6955 
12017 1960 1904 6955 
12018 1755 848 6956 
12019 848 2178 6956 
12020 2178 1755 6956 
12021 667 1755 6957 
12022 1755 2178 6957 
12023 2178 667 6957 
12024 240 1903 6958 
12025 1903 2402 6958 
12026 2402 240 6958 
12027 1561 742 6959 
12028 742 2010 6959 
12029 2010 1561 6959 
12030 1532 432 6960 
12031 432 2606 6960 
12032 2606 1532 6960 
12033 756 2080 6961 
12034 2080 2350 6961 
12035 2350 756 6961 
12036 910 1859 6962 
12037 1859 2327 6962 
12038 2327 910 6962 
12039 268 1691 6963 
12040 1691 1930 6963 
12041 1930 268 6963 
12042 1762 287 6964 
12043 287 2796 6964 
12044 2796 1762 6964 
12045 869 1430 6965 
12046 1430 2552 6965 
12047 2552 869 6965 
12048 267 1467 6966 
12049 1467 2934 6966 
12050 2934 267 6966 
12051 2968 1213 6967 
12052 1213 3014 6967 
12053 3014 2968 6967 
12054 2128 55 6968 
12055 55 3007 6968 
12056 3007 2128 6968 
12057 129 2129 6969 
12058 2129 3008 6969 
12059 3008 129 6969 
12060 1515 343 6970 
12061 343 2197 6970 
12062 2197 1515 6970 
12063 1467 699 6971 
12064 699 2452 6971 
12065 2452 1467 6971 
12066 276 1458 6972 
12067 1458 2939 6972 
12068 2939 276 6972 
12069 293 1506 6973 
12070 1506 2196 6973 
12071 2196 293 6973 
12072 610 1907 6974 
12073 1907 2686 6974 
12074 2686 610 6974 
12075 2012 302 6975 
12076 302 2474 6975 
12077 2474 2012 6975 
12078 1976 318 6976 
12079 318 1978 6976 
12080 1978 1976 6976 
12081 416 2504 6977 
12082 2504 2926 6977 
12083 2926 416 6977 
12084 1572 922 6978 
12085 922 2815 6978 
12086 2815 1572 6978 
12087 402 1572 6979 
12088 1572 2815 6979 
12089 2815 402 6979 
12090 1016 1793 6980 
12091 1793 2165 6980 
12092 2165 1016 6980 
12093 428 1865 6981 
12094 1865 2739 6981 
12095 2739 428 6981 
12096 760 1741 6982 
12097 1741 2072 6982 
12098 2072 760 6982 
12099 1912 999 6983 
12100 999 2332 6983 
12101 2332 1912 6983 
12102 868 1888 6984 
12103 1888 2089 6984 
12104 2089 868 6984 
12105 1460 955 6985 
12106 955 2201 6985 
12107 2201 1460 6985 
12108 1397 952 6986 
12109 952 3020 6986 
12110 3020 1397 6986 
12111 651 1394 6987 
12112 1394 2098 6987 
12113 2098 651 6987 
12114 1469 663 6988 
12115 663 2189 6988 
12116 2189 1469 6988 
12117 1994 794 6989 
12118 794 2435 6989 
12119 2435 1994 6989 
12120 1441 770 6990 
12121 770 2715 6990 
12122 2715 1441 6990 
12123 2319 1115 6991 
12124 1115 2667 6991 
12125 2667 2319 6991 
12126 455 1521 6992 
12127 1521 2413 6992 
12128 2413 455 6992 
12129 2367 967 6993 
12130 967 2503 6993 
12131 2503 2367 6993 
12132 1576 314 6994 
12133 314 3004 6994 
12134 3004 1576 6994 
12135 806 2013 6995 
12136 2013 2173 6995 
12137 2173 806 6995 
12138 1465 738 6996 
12139 738 3011 6996 
12140 3011 1465 6996 
12141 721 1438 6997 
12142 1438 2901 6997 
12143 2901 721 6997 
12144 707 1430 6998 
12145 1430 2545 6998 
12146 2545 707 6998 
12147 1483 801 6999 
12148 801 2535 6999 
12149 2535 1483 6999 
12150 586 1483 7000 
12151 1483 2535 7000 
12152 2535 586 7000 
12153 1484 585 7001 
12154 585 2536 7001 
12155 2536 1484 7001 
12156 802 1484 7002 
12157 1484 2536 7002 
12158 2536 802 7002 
12159 1916 1145 7003 
12160 1145 2951 7003 
12161 2951 1916 7003 
12162 1526 2109 7004 
12163 2109 2834 7004 
12164 2834 1526 7004 
12165 1942 560 7005 
12166 560 2561 7005 
12167 2561 1942 7005 
12168 530 1432 7006 
12169 1432 2470 7006 
12170 2470 530 7006 
12171 752 1500 7007 
12172 1500 2287 7007 
12173 2287 752 7007 
12174 1500 528 7008 
12175 528 2287 7008 
12176 2287 1500 7008 
12177 1160 2228 7009 
12178 2228 2488 7009 
12179 2488 1160 7009 
12180 1516 728 7010 
12181 728 2352 7010 
12182 2352 1516 7010 
12183 1771 928 7011 
12184 928 2169 7011 
12185 2169 1771 7011 
12186 840 1912 7012 
12187 1912 2332 7012 
12188 2332 840 7012 
12189 1371 756 7013 
12190 756 2198 7013 
12191 2198 1371 7013 
12192 819 2019 7014 
12193 2019 2301 7014 
12194 2301 819 7014 
12195 1710 56 7015 
12196 56 2506 7015 
12197 2506 1710 7015 
12198 128 1709 7016 
12199 1709 2505 7016 
12200 2505 128 7016 
12201 449 1874 7017 
12202 1874 2816 7017 
12203 2816 449 7017 
12204 25 1554 7018 
12205 1554 2264 7018 
12206 2264 25 7018 
12207 1431 338 7019 
12208 338 2206 7019 
12209 2206 1431 7019 
12210 385 1644 7020 
12211 1644 2071 7020 
12212 2071 385 7020 
12213 694 1450 7021 
12214 1450 3017 7021 
12215 3017 694 7021 
12216 1691 686 7022 
12217 686 1930 7022 
12218 1930 1691 7022 
12219 1751 1011 7023 
12220 1011 2542 7023 
12221 2542 1751 7023 
12222 1458 276 7024 
12223 276 2995 7024 
12224 2995 1458 7024 
12225 430 2656 7025 
12226 2656 3020 7025 
12227 3020 430 7025 
12228 1887 880 7026 
12229 880 2476 7026 
12230 2476 1887 7026 
12231 2185 352 7027 
12232 352 2868 7027 
12233 2868 2185 7027 
12234 917 1523 7028 
12235 1523 2712 7028 
12236 2712 917 7028 
12237 666 1721 7029 
12238 1721 2131 7029 
12239 2131 666 7029 
12240 816 2367 7030 
12241 2367 2503 7030 
12242 2503 816 7030 
12243 1075 2203 7031 
12244 2203 2499 7031 
12245 2499 1075 7031 
12246 1971 46 7032 
12247 46 2710 7032 
12248 2710 1971 7032 
12249 2403 393 7033 
12250 393 2462 7033 
12251 2462 2403 7033 
12252 1470 697 7034 
12253 697 2311 7034 
12254 2311 1470 7034 
12255 1969 1046 7035 
12256 1046 2867 7035 
12257 2867 1969 7035 
12258 937 1579 7036 
12259 1579 2675 7036 
12260 2675 937 7036 
12261 221 220 7037 
12262 220 2046 7037 
12263 2046 221 7037 
12264 85 86 7038 
12265 86 1984 7038 
12266 1984 85 7038 
12267 98 99 7039 
12268 99 1985 7039 
12269 1985 98 7039 
12270 2175 1179 7040 
12271 1179 2888 7040 
12272 2888 2175 7040 
12273 1932 990 7041 
12274 990 2259 7041 
12275 2259 1932 7041 
12276 403 2132 7042 
12277 2132 2645 7042 
12278 2645 403 7042 
12279 1629 813 7043 
12280 813 1989 7043 
12281 1989 1629 7043 
12282 2017 997 7044 
12283 997 2397 7044 
12284 2397 2017 7044 
12285 752 1533 7045 
12286 1533 2828 7045 
12287 2828 752 7045 
12288 321 1424 7046 
12289 1424 2770 7046 
12290 2770 321 7046 
12291 287 1762 7047 
12292 1762 2686 7047 
12293 2686 287 7047 
12294 1608 320 7048 
12295 320 2016 7048 
12296 2016 1608 7048 
12297 683 1919 7049 
12298 1919 2702 7049 
12299 2702 683 7049 
12300 1480 345 7050 
12301 345 2289 7050 
12302 2289 1480 7050 
12303 255 1996 7051 
12304 1996 2972 7051 
12305 2972 255 7051 
12306 783 1845 7052 
12307 1845 2171 7052 
12308 2171 783 7052 
12309 2159 563 7053 
12310 563 2772 7053 
12311 2772 2159 7053 
12312 514 2069 7054 
12313 2069 2107 7054 
12314 2107 514 7054 
12315 2069 921 7055 
12316 921 2107 7055 
12317 2107 2069 7055 
12318 2709 1350 7056 
12319 1350 2904 7056 
12320 2904 2709 7056 
12321 958 1736 7057 
12322 1736 2436 7057 
12323 2436 958 7057 
12324 1458 730 7058 
12325 730 2939 7058 
12326 2939 1458 7058 
12327 1877 973 7059 
12328 973 2697 7059 
12329 2697 1877 7059 
12330 95 96 7060 
12331 96 2117 7060 
12332 2117 95 7060 
12333 557 1457 7061 
12334 1457 2397 7061 
12335 2397 557 7061 
12336 1772 1018 7062 
12337 1018 2905 7062 
12338 2905 1772 7062 
12339 1435 819 7063 
12340 819 2632 7063 
12341 2632 1435 7063 
12342 1508 346 7064 
12343 346 2234 7064 
12344 2234 1508 7064 
12345 744 1458 7065 
12346 1458 2995 7065 
12347 2995 744 7065 
12348 1015 1942 7066 
12349 1942 2561 7066 
12350 2561 1015 7066 
12351 619 1465 7067 
12352 1465 3011 7067 
12353 3011 619 7067 
12354 431 2051 7068 
12355 2051 2579 7068 
12356 2579 431 7068 
12357 1448 519 7069 
12358 519 2907 7069 
12359 2907 1448 7069 
12360 577 1553 7070 
12361 1553 2383 7070 
12362 2383 577 7070 
12363 94 95 7071 
12364 95 2638 7071 
12365 2638 94 7071 
12366 39 2163 7072 
12367 2163 2701 7072 
12368 2701 39 7072 
12369 1154 2170 7073 
12370 2170 2787 7073 
12371 2787 1154 7073 
12372 1443 844 7074 
12373 844 2735 7074 
12374 2735 1443 7074 
12375 806 1862 7075 
12376 1862 2013 7075 
12377 2013 806 7075 
12378 693 1532 7076 
12379 1532 2606 7076 
12380 2606 693 7076 
12381 453 2175 7077 
12382 2175 2888 7077 
12383 2888 453 7077 
12384 2195 1255 7078 
12385 1255 2757 7078 
12386 2757 2195 7078 
12387 502 2195 7079 
12388 2195 2757 7079 
12389 2757 502 7079 
12390 399 1472 7080 
12391 1472 2955 7080 
12392 2955 399 7080 
12393 1784 963 7081 
12394 963 2432 7081 
12395 2432 1784 7081 
12396 508 1655 7082 
12397 1655 2574 7082 
12398 2574 508 7082 
12399 950 1757 7083 
12400 1757 2275 7083 
12401 2275 950 7083 
12402 1757 608 7084 
12403 608 2275 7084 
12404 2275 1757 7084 
12405 556 1481 7085 
12406 1481 2318 7085 
12407 2318 556 7085 
12408 1187 2138 7086 
12409 2138 2891 7086 
12410 2891 1187 7086 
12411 669 1818 7087 
12412 1818 1997 7087 
12413 1997 669 7087 
12414 1643 330 7088 
12415 330 2082 7088 
12416 2082 1643 7088 
12417 480 1632 7089 
12418 1632 2987 7089 
12419 2987 480 7089 
12420 1683 467 7090 
12421 467 2526 7090 
12422 2526 1683 7090 
12423 277 1960 7091 
12424 1960 2443 7091 
12425 2443 277 7091 
12426 2132 827 7092 
12427 827 2562 7092 
12428 2562 2132 7092 
12429 268 1549 7093 
12430 1549 3019 7093 
12431 3019 268 7093 
12432 1084 1948 7094 
12433 1948 2959 7094 
12434 2959 1084 7094 
12435 1459 737 7095 
12436 737 2268 7095 
12437 2268 1459 7095 
12438 1946 1171 7096 
12439 1171 2049 7096 
12440 2049 1946 7096 
12441 749 1413 7097 
12442 1413 2196 7097 
12443 2196 749 7097 
12444 1439 959 7098 
12445 959 2559 7098 
12446 2559 1439 7098 
12447 914 1462 7099 
12448 1462 2362 7099 
12449 2362 914 7099 
12450 148 149 7100 
12451 149 2006 7100 
12452 2006 148 7100 
12453 1494 589 7101 
12454 589 2262 7101 
12455 2262 1494 7101 
12456 944 1987 7102 
12457 1987 2757 7102 
12458 2757 944 7102 
12459 946 1468 7103 
12460 1468 2410 7103 
12461 2410 946 7103 
12462 1910 390 7104 
12463 390 2943 7104 
12464 2943 1910 7104 
12465 2062 939 7105 
12466 939 2112 7105 
12467 2112 2062 7105 
12468 943 2584 7106 
12469 2584 2998 7106 
12470 2998 943 7106 
12471 1243 2159 7107 
12472 2159 2772 7107 
12473 2772 1243 7107 
12474 1342 2200 7108 
12475 2200 2509 7108 
12476 2509 1342 7108 
12477 1300 253 7109 
12478 253 2685 7109 
12479 2685 1300 7109 
12480 1168 2403 7110 
12481 2403 2462 7110 
12482 2462 1168 7110 
12483 1865 915 7111 
12484 915 2739 7111 
12485 2739 1865 7111 
12486 1685 154 7112 
12487 154 2798 7112 
12488 2798 1685 7112 
12489 2024 968 7113 
12490 968 2756 7113 
12491 2756 2024 7113 
12492 312 1364 7114 
12493 1364 2758 7114 
12494 2758 312 7114 
12495 704 1775 7115 
12496 1775 1866 7115 
12497 1866 704 7115 
12498 338 1431 7116 
12499 1431 2527 7116 
12500 2527 338 7116 
12501 248 1455 7117 
12502 1455 2819 7117 
12503 2819 248 7117 
12504 18 1403 7118 
12505 1403 2390 7118 
12506 2390 18 7118 
12507 368 1665 7119 
12508 1665 2312 7119 
12509 2312 368 7119 
12510 536 1444 7120 
12511 1444 2749 7120 
12512 2749 536 7120 
12513 983 1527 7121 
12514 1527 2641 7121 
12515 2641 983 7121 
12516 136 1623 7122 
12517 1623 2592 7122 
12518 2592 136 7122 
12519 364 1360 7123 
12520 1360 2344 7123 
12521 2344 364 7123 
12522 683 1570 7124 
12523 1570 2439 7124 
12524 2439 683 7124 
12525 1970 264 7125 
12526 264 2170 7125 
12527 2170 1970 7125 
12528 310 1451 7126 
12529 1451 2856 7126 
12530 2856 310 7126 
12531 1451 857 7127 
12532 857 2856 7127 
12533 2856 1451 7127 
12534 1495 357 7128 
12535 357 2360 7128 
12536 2360 1495 7128 
12537 1529 234 7129 
12538 234 2679 7129 
12539 2679 1529 7129 
12540 2743 501 7130 
12541 501 2963 7130 
12542 2963 2743 7130 
12543 1750 427 7131 
12544 427 2243 7131 
12545 2243 1750 7131 
12546 400 1651 7132 
12547 1651 2332 7132 
12548 2332 400 7132 
12549 1447 315 7133 
12550 315 2737 7133 
12551 2737 1447 7133 
12552 1517 470 7134 
12553 470 2580 7134 
12554 2580 1517 7134 
12555 823 1517 7135 
12556 1517 2580 7135 
12557 2580 823 7135 
12558 1460 317 7136 
12559 317 2347 7136 
12560 2347 1460 7136 
12561 1659 681 7137 
12562 681 1982 7137 
12563 1982 1659 7137 
12564 343 1515 7138 
12565 1515 2818 7138 
12566 2818 343 7138 
12567 754 1638 7139 
12568 1638 2093 7139 
12569 2093 754 7139 
12570 1638 278 7140 
12571 278 2093 7140 
12572 2093 1638 7140 
12573 1842 722 7141 
12574 722 3002 7141 
12575 3002 1842 7141 
12576 8 9 7142 
12577 9 2066 7142 
12578 2066 8 7142 
12579 1781 110 7143 
12580 110 2530 7143 
12581 2530 1781 7143 
12582 596 2206 7144 
12583 2206 2663 7144 
12584 2663 596 7144 
12585 1452 254 7145 
12586 254 2651 7145 
12587 2651 1452 7145 
12588 1669 235 7146 
12589 235 2659 7146 
12590 2659 1669 7146 
12591 652 1662 7147 
12592 1662 2402 7147 
12593 2402 652 7147 
12594 373 2529 7148 
12595 2529 2920 7148 
12596 2920 373 7148 
12597 1447 1711 7149 
12598 1711 2590 7149 
12599 2590 1447 7149 
12600 1104 2132 7150 
12601 2132 2562 7150 
12602 2562 1104 7150 
12603 1936 771 7151 
12604 771 2110 7151 
12605 2110 1936 7151 
12606 1482 519 7152 
12607 519 3023 7152 
12608 3023 1482 7152 
12609 1082 1454 7153 
12610 1454 2814 7153 
12611 2814 1082 7153 
12612 1453 509 7154 
12613 509 2803 7154 
12614 2803 1453 7154 
12615 1657 452 7155 
12616 452 2452 7155 
12617 2452 1657 7155 
12618 508 1548 7156 
12619 1548 2706 7156 
12620 2706 508 7156 
12621 931 1800 7157 
12622 1800 2183 7157 
12623 2183 931 7157 
12624 1801 930 7158 
12625 930 2182 7158 
12626 2182 1801 7158 
12627 1800 837 7159 
12628 837 2183 7159 
12629 2183 1800 7159 
12630 836 1801 7160 
12631 1801 2182 7160 
12632 2182 836 7160 
12633 2174 797 7161 
12634 797 2581 7161 
12635 2581 2174 7161 
12636 1409 792 7162 
12637 792 2817 7162 
12638 2817 1409 7162 
12639 2245 1203 7163 
12640 1203 2824 7163 
12641 2824 2245 7163 
12642 113 2130 7164 
12643 2130 2637 7164 
12644 2637 113 7164 
12645 1541 264 7165 
12646 264 1970 7165 
12647 1970 1541 7165 
12648 178 179 7166 
12649 179 2040 7166 
12650 2040 178 7166 
12651 1623 594 7167 
12652 594 2953 7167 
12653 2953 1623 7167 
12654 1352 709 7168 
12655 709 2175 7168 
12656 2175 1352 7168 
12657 899 1453 7169 
12658 1453 2637 7169 
12659 2637 899 7169 
12660 1394 841 7170 
12661 841 2881 7170 
12662 2881 1394 7170 
12663 1488 680 7171 
12664 680 2386 7171 
12665 2386 1488 7171 
12666 1571 829 7172 
12667 829 2849 7172 
12668 2849 1571 7172 
12669 1029 1764 7173 
12670 1764 1898 7173 
12671 1898 1029 7173 
12672 682 1681 7174 
12673 1681 2664 7174 
12674 2664 682 7174 
12675 372 1516 7175 
12676 1516 2352 7175 
12677 2352 372 7175 
12678 375 1618 7176 
12679 1618 2075 7176 
12680 2075 375 7176 
12681 680 1488 7177 
12682 1488 2400 7177 
12683 2400 680 7177 
12684 1644 385 7178 
12685 385 2236 7178 
12686 2236 1644 7178 
12687 1978 622 7179 
12688 622 2440 7179 
12689 2440 1978 7179 
12690 1673 1389 7180 
12691 1389 2967 7180 
12692 2967 1673 7180 
12693 1235 1999 7181 
12694 1999 2001 7181 
12695 2001 1235 7181 
12696 1999 665 7182 
12697 665 2001 7182 
12698 2001 1999 7182 
12699 839 2709 7183 
12700 2709 2904 7183 
12701 2904 839 7183 
12702 2609 217 7184 
12703 217 2902 7184 
12704 2902 2609 7184 
12705 2121 957 7185 
12706 957 2337 7185 
12707 2337 2121 7185 
12708 1681 901 7186 
12709 901 2786 7186 
12710 2786 1681 7186 
12711 1249 1876 7187 
12712 1876 2903 7187 
12713 2903 1249 7187 
12714 1557 795 7188 
12715 795 2065 7188 
12716 2065 1557 7188 
12717 763 1703 7189 
12718 1703 2013 7189 
12719 2013 763 7189 
12720 856 1976 7190 
12721 1976 1978 7190 
12722 1978 856 7190 
12723 2492 268 7191 
12724 268 2518 7191 
12725 2518 2492 7191 
12726 234 1994 7192 
12727 1994 2202 7192 
12728 2202 234 7192 
12729 718 1547 7193 
12730 1547 2616 7193 
12731 2616 718 7193 
12732 251 1916 7194 
12733 1916 2951 7194 
12734 2951 251 7194 
12735 1463 932 7195 
12736 932 2989 7195 
12737 2989 1463 7195 
12738 1878 471 7196 
12739 471 2179 7196 
12740 2179 1878 7196 
12741 133 134 7197 
12742 134 2063 7197 
12743 2063 133 7197 
12744 50 51 7198 
12745 51 2064 7198 
12746 2064 50 7198 
12747 1113 1950 7199 
12748 1950 1954 7199 
12749 1954 1113 7199 
12750 591 1616 7200 
12751 1616 2913 7200 
12752 2913 591 7200 
12753 2051 1119 7201 
12754 1119 2579 7201 
12755 2579 2051 7201 
12756 1686 808 7202 
12757 808 2534 7202 
12758 2534 1686 7202 
12759 954 1640 7203 
12760 1640 2031 7203 
12761 2031 954 7203 
12762 965 2145 7204 
12763 2145 2241 7204 
12764 2241 965 7204 
12765 1535 330 7205 
12766 330 2599 7205 
12767 2599 1535 7205 
12768 390 2067 7206 
12769 2067 2943 7206 
12770 2943 390 7206 
12771 1468 946 7207 
12772 946 2722 7207 
12773 2722 1468 7207 
12774 356 1385 7208 
12775 1385 2783 7208 
12776 2783 356 7208 
12777 2295 336 7209 
12778 336 2718 7209 
12779 2718 2295 7209 
12780 1480 632 7210 
12781 632 2483 7210 
12782 2483 1480 7210 
12783 458 1870 7211 
12784 1870 2763 7211 
12785 2763 458 7211 
12786 1870 1039 7212 
12787 1039 2763 7212 
12788 2763 1870 7212 
12789 2122 1420 7213 
12790 1420 2376 7213 
12791 2376 2122 7213 
12792 2692 1188 7214 
12793 1188 2741 7214 
12794 2741 2692 7214 
12795 1842 392 7215 
12796 392 2329 7215 
12797 2329 1842 7215 
12798 1778 2221 7216 
12799 2221 2982 7216 
12800 2982 1778 7216 
12801 330 1535 7217 
12802 1535 2553 7217 
12803 2553 330 7217 
12804 1587 926 7218 
12805 926 2836 7218 
12806 2836 1587 7218 
12807 1950 661 7219 
12808 661 1954 7219 
12809 1954 1950 7219 
12810 720 1476 7220 
12811 1476 2831 7220 
12812 2831 720 7220 
12813 666 1631 7221 
12814 1631 2626 7221 
12815 2626 666 7221 
12816 1574 1851 7222 
12817 1851 2858 7222 
12818 2858 1574 7222 
12819 193 194 7223 
12820 194 2319 7223 
12821 2319 193 7223 
12822 816 1831 7224 
12823 1831 2367 7224 
12824 2367 816 7224 
12825 1474 859 7225 
12826 859 2759 7225 
12827 2759 1474 7225 
12828 2087 948 7226 
12829 948 2896 7226 
12830 2896 2087 7226 
12831 1618 1013 7227 
12832 1013 2075 7227 
12833 2075 1618 7227 
12834 1624 659 7228 
12835 659 2718 7228 
12836 2718 1624 7228 
12837 1492 779 7229 
12838 779 2710 7229 
12839 2710 1492 7229 
12840 768 1473 7230 
12841 1473 2121 7230 
12842 2121 768 7230 
12843 1153 1706 7231 
12844 1706 2283 7231 
12845 2283 1153 7231 
12846 1706 274 7232 
12847 274 2162 7232 
12848 2162 1706 7232 
12849 1184 2486 7233 
12850 2486 2704 7233 
12851 2704 1184 7233 
12852 701 1521 7234 
12853 1521 2469 7234 
12854 2469 701 7234 
12855 2010 742 7235 
12856 742 2202 7235 
12857 2202 2010 7235 
12858 2497 945 7236 
12859 945 2628 7236 
12860 2628 2497 7236 
12861 1322 2497 7237 
12862 2497 2628 7237 
12863 2628 1322 7237 
12864 630 1489 7238 
12865 1489 2979 7238 
12866 2979 630 7238 
12867 1489 898 7239 
12868 898 2979 7239 
12869 2979 1489 7239 
12870 299 1539 7240 
12871 1539 2752 7240 
12872 2752 299 7240 
12873 11 1828 7241 
12874 1828 2760 7241 
12875 2760 11 7241 
12876 413 1629 7242 
12877 1629 2079 7242 
12878 2079 413 7242 
12879 1552 576 7243 
12880 576 2346 7243 
12881 2346 1552 7243 
12882 2203 288 7244 
12883 288 2499 7244 
12884 2499 2203 7244 
12885 1619 247 7245 
12886 247 2290 7245 
12887 2290 1619 7245 
12888 2627 956 7246 
12889 956 2824 7246 
12890 2824 2627 7246 
12891 1464 2091 7247 
12892 2091 2305 7247 
12893 2305 1464 7247 
12894 1558 605 7248 
12895 605 2754 7248 
12896 2754 1558 7248 
12897 2007 757 7249 
12898 757 2429 7249 
12899 2429 2007 7249 
12900 270 1698 7250 
12901 1698 1945 7250 
12902 1945 270 7250 
12903 831 1993 7251 
12904 1993 2261 7251 
12905 2261 831 7251 
12906 350 1734 7252 
12907 1734 2597 7252 
12908 2597 350 7252 
12909 2025 790 7253 
12910 790 2162 7253 
12911 2162 2025 7253 
12912 843 1734 7254 
12913 1734 1975 7254 
12914 1975 843 7254 
12915 33 1769 7255 
12916 1769 2594 7255 
12917 2594 33 7255 
12918 37 38 7256 
12919 38 2392 7256 
12920 2392 37 7256 
12921 848 2385 7257 
12922 2385 2401 7257 
12923 2401 848 7257 
12924 2385 1139 7258 
12925 1139 2401 7258 
12926 2401 2385 7258 
12927 1228 2087 7259 
12928 2087 2896 7259 
12929 2896 1228 7259 
12930 1213 2015 7260 
12931 2015 3014 7260 
12932 3014 1213 7260 
12933 1059 1606 7261 
12934 1606 2602 7261 
12935 2602 1059 7261 
12936 236 1562 7262 
12937 1562 2169 7262 
12938 2169 236 7262 
12939 1828 624 7263 
12940 624 2760 7263 
12941 2760 1828 7263 
12942 1536 984 7264 
12943 984 2930 7264 
12944 2930 1536 7264 
12945 905 1482 7265 
12946 1482 2701 7265 
12947 2701 905 7265 
12948 1761 641 7266 
12949 641 2084 7266 
12950 2084 1761 7266 
12951 2346 912 7267 
12952 912 2983 7267 
12953 2983 2346 7267 
12954 2020 868 7268 
12955 868 2089 7268 
12956 2089 2020 7268 
12957 354 1571 7269 
12958 1571 2802 7269 
12959 2802 354 7269 
12960 2246 433 7270 
12961 433 2869 7270 
12962 2869 2246 7270 
12963 1600 583 7271 
12964 583 1926 7271 
12965 1926 1600 7271 
12966 893 1563 7272 
12967 1563 2467 7272 
12968 2467 893 7272 
12969 2145 771 7273 
12970 771 2241 7273 
12971 2241 2145 7273 
12972 444 2327 7274 
12973 2327 2788 7274 
12974 2788 444 7274 
12975 890 1804 7275 
12976 1804 2105 7275 
12977 2105 890 7275 
12978 1804 812 7276 
12979 812 2105 7276 
12980 2105 1804 7276 
12981 488 2278 7277 
12982 2278 2308 7277 
12983 2308 488 7277 
12984 2416 475 7278 
12985 475 2873 7278 
12986 2873 2416 7278 
12987 748 2020 7279 
12988 2020 2089 7279 
12989 2089 748 7279 
12990 902 1654 7280 
12991 1654 2347 7280 
12992 2347 902 7280 
12993 1436 294 7281 
12994 294 2983 7281 
12995 2983 1436 7281 
12996 433 1969 7282 
12997 1969 2797 7282 
12998 2797 433 7282 
12999 1994 911 7283 
13000 911 2202 7283 
13001 2202 1994 7283 
13002 1115 1487 7284 
13003 1487 2667 7284 
13004 2667 1115 7284 
13005 1585 943 7285 
13006 943 2998 7285 
13007 2998 1585 7285 
13008 238 1502 7286 
13009 1502 2500 7286 
13010 2500 238 7286 
13011 81 2 7287 
13012 2 2731 7287 
13013 2731 81 7287 
13014 2 83 7288 
13015 83 2731 7288 
13016 2731 2 7288 
13017 101 82 7289 
13018 82 2732 7289 
13019 2732 101 7289 
13020 82 103 7290 
13021 103 2732 7290 
13022 2732 82 7290 
13023 1777 695 7291 
13024 695 2726 7291 
13025 2726 1777 7291 
13026 2140 763 7292 
13027 763 2333 7292 
13028 2333 2140 7292 
13029 1628 279 7293 
13030 279 2410 7293 
13031 2410 1628 7293 
13032 1498 689 7294 
13033 689 3004 7294 
13034 3004 1498 7294 
13035 959 1715 7295 
13036 1715 2262 7295 
13037 2262 959 7295 
13038 1462 914 7296 
13039 914 3013 7296 
13040 3013 1462 7296 
13041 429 1812 7297 
13042 1812 2523 7297 
13043 2523 429 7297 
13044 1596 2778 7298 
13045 2778 2992 7298 
13046 2992 1596 7298 
13047 1722 741 7299 
13048 741 2966 7299 
13049 2966 1722 7299 
13050 1651 840 7300 
13051 840 2332 7300 
13052 2332 1651 7300 
13053 1761 971 7301 
13054 971 2398 7301 
13055 2398 1761 7301 
13056 1687 296 7302 
13057 296 2642 7302 
13058 2642 1687 7302 
13059 299 1642 7303 
13060 1642 2337 7303 
13061 2337 299 7303 
13062 813 1491 7304 
13063 1491 2317 7304 
13064 2317 813 7304 
13065 795 1557 7305 
13066 1557 2714 7305 
13067 2714 795 7305 
13068 2368 786 7306 
13069 786 2876 7306 
13070 2876 2368 7306 
13071 390 1664 7307 
13072 1664 2067 7307 
13073 2067 390 7307 
13074 2108 716 7308 
13075 716 2197 7308 
13076 2197 2108 7308 
13077 1668 591 7309 
13078 591 2913 7309 
13079 2913 1668 7309 
13080 435 1585 7310 
13081 1585 2998 7310 
13082 2998 435 7310 
13083 1830 1049 7311 
13084 1049 1924 7311 
13085 1924 1830 7311 
13086 1478 376 7312 
13087 376 2821 7312 
13088 2821 1478 7312 
13089 823 1844 7313 
13090 1844 2139 7313 
13091 2139 823 7313 
13092 1844 889 7314 
13093 889 2139 7314 
13094 2139 1844 7314 
13095 1573 573 7315 
13096 573 2960 7315 
13097 2960 1573 7315 
13098 817 2409 7316 
13099 2409 2996 7316 
13100 2996 817 7316 
13101 1692 382 7317 
13102 382 2053 7317 
13103 2053 1692 7317 
13104 833 1587 7318 
13105 1587 2512 7318 
13106 2512 833 7318 
13107 12 1681 7319 
13108 1681 2786 7319 
13109 2786 12 7319 
13110 1507 118 7320 
13111 118 2560 7320 
13112 2560 1507 7320 
13113 355 1830 7321 
13114 1830 1924 7321 
13115 1924 355 7321 
13116 714 1649 7322 
13117 1649 2851 7322 
13118 2851 714 7322 
13119 837 2064 7323 
13120 2064 2507 7323 
13121 2507 837 7323 
13122 2063 836 7324 
13123 836 2508 7324 
13124 2508 2063 7324 
13125 91 92 7325 
13126 92 2144 7325 
13127 2144 91 7325 
13128 1709 1067 7326 
13129 1067 2551 7326 
13130 2551 1709 7326 
13131 1066 1710 7327 
13132 1710 2550 7327 
13133 2550 1066 7327 
13134 2274 1041 7328 
13135 1041 2287 7328 
13136 2287 2274 7328 
13137 528 2274 7329 
13138 2274 2287 7329 
13139 2287 528 7329 
13140 1993 933 7330 
13141 933 2261 7330 
13142 2261 1993 7330 
13143 1397 2056 7331 
13144 2056 2900 7331 
13145 2900 1397 7331 
13146 462 1546 7332 
13147 1546 2544 7332 
13148 2544 462 7332 
13149 1546 812 7333 
13150 812 2544 7333 
13151 2544 1546 7333 
13152 2305 1435 7334 
13153 1435 2632 7334 
13154 2632 2305 7334 
13155 1348 500 7335 
13156 500 2775 7335 
13157 2775 1348 7335 
13158 1534 745 7336 
13159 745 2112 7336 
13160 2112 1534 7336 
13161 1861 414 7337 
13162 414 2142 7337 
13163 2142 1861 7337 
13164 434 1462 7338 
13165 1462 3013 7338 
13166 3013 434 7338 
13167 916 1687 7339 
13168 1687 2642 7339 
13169 2642 916 7339 
13170 687 1660 7340 
13171 1660 2218 7340 
13172 2218 687 7340 
13173 1671 395 7341 
13174 395 2209 7341 
13175 2209 1671 7341 
13176 1203 443 7342 
13177 443 2627 7342 
13178 2627 1203 7342 
13179 659 1771 7343 
13180 1771 2169 7343 
13181 2169 659 7343 
13182 1657 1452 7344 
13183 1452 2651 7344 
13184 2651 1657 7344 
13185 1498 314 7345 
13186 314 2648 7345 
13187 2648 1498 7345 
13188 648 1813 7346 
13189 1813 2903 7346 
13190 2903 648 7346 
13191 1078 1507 7347 
13192 1507 2560 7347 
13193 2560 1078 7347 
13194 2029 688 7348 
13195 688 2694 7348 
13196 2694 2029 7348 
13197 165 166 7349 
13198 166 2125 7349 
13199 2125 165 7349 
13200 1625 54 7350 
13201 54 2128 7350 
13202 2128 1625 7350 
13203 130 1626 7351 
13204 1626 2129 7351 
13205 2129 130 7351 
13206 763 2140 7352 
13207 2140 2288 7352 
13208 2288 763 7352 
13209 522 2491 7353 
13210 2491 2882 7353 
13211 2882 522 7353 
13212 889 1718 7354 
13213 1718 2766 7354 
13214 2766 889 7354 
13215 1533 380 7355 
13216 380 2828 7355 
13217 2828 1533 7355 
13218 737 1589 7356 
13219 1589 2242 7356 
13220 2242 737 7356 
13221 1695 929 7357 
13222 929 2380 7357 
13223 2380 1695 7357 
13224 528 1500 7358 
13225 1500 2782 7358 
13226 2782 528 7358 
13227 361 1503 7359 
13228 1503 2696 7359 
13229 2696 361 7359 
13230 2789 1257 7360 
13231 1257 2802 7360 
13232 2802 2789 7360 
13233 20 21 7361 
13234 21 2147 7361 
13235 2147 20 7361 
13236 658 2075 7362 
13237 2075 2975 7362 
13238 2975 658 7362 
13239 1721 791 7363 
13240 791 2131 7363 
13241 2131 1721 7363 
13242 1716 720 7364 
13243 720 2119 7364 
13244 2119 1716 7364 
13245 902 1522 7365 
13246 1522 2603 7365 
13247 2603 902 7365 
13248 1583 881 7366 
13249 881 2842 7366 
13250 2842 1583 7366 
13251 268 1930 7367 
13252 1930 2518 7367 
13253 2518 268 7367 
13254 1434 240 7368 
13255 240 2715 7368 
13256 2715 1434 7368 
13257 666 2626 7369 
13258 2626 2708 7369 
13259 2708 666 7369 
13260 1703 411 7370 
13261 411 2013 7370 
13262 2013 1703 7370 
13263 1487 192 7371 
13264 192 2667 7371 
13265 2667 1487 7371 
13266 1506 590 7372 
13267 590 2473 7372 
13268 2473 1506 7372 
13269 256 1659 7373 
13270 1659 2391 7373 
13271 2391 256 7373 
13272 1513 956 7374 
13273 956 2627 7374 
13274 2627 1513 7374 
13275 946 2410 7375 
13276 2410 2944 7375 
13277 2944 946 7375 
13278 727 1880 7376 
13279 1880 2363 7376 
13280 2363 727 7376 
13281 273 1586 7377 
13282 1586 2614 7377 
13283 2614 273 7377 
13284 723 1564 7378 
13285 1564 2456 7378 
13286 2456 723 7378 
13287 1565 724 7379 
13288 724 2457 7379 
13289 2457 1565 7379 
13290 1857 902 7380 
13291 902 2603 7380 
13292 2603 1857 7380 
13293 1369 510 7381 
13294 510 2750 7381 
13295 2750 1369 7381 
13296 1507 938 7382 
13297 938 2765 7382 
13298 2765 1507 7382 
13299 2239 117 7383 
13300 117 2765 7383 
13301 2765 2239 7383 
13302 1413 749 7384 
13303 749 2411 7384 
13304 2411 1413 7384 
13305 362 1496 7385 
13306 1496 2496 7385 
13307 2496 362 7385 
13308 2044 1271 7386 
13309 1271 2045 7386 
13310 2045 2044 7386 
13311 675 2044 7387 
13312 2044 2045 7387 
13313 2045 675 7387 
13314 465 1693 7388 
13315 1693 2366 7388 
13316 2366 465 7388 
13317 707 1467 7389 
13318 1467 2330 7389 
13319 2330 707 7389 
13320 2113 800 7390 
13321 800 2455 7390 
13322 2455 2113 7390 
13323 421 2219 7391 
13324 2219 2336 7391 
13325 2336 421 7391 
13326 2491 1402 7392 
13327 1402 2882 7392 
13328 2882 2491 7392 
13329 2442 1008 7393 
13330 1008 2785 7393 
13331 2785 2442 7393 
13332 1559 612 7394 
13333 612 2964 7394 
13334 2964 1559 7394 
13335 1563 673 7395 
13336 673 2371 7395 
13337 2371 1563 7395 
13338 1329 1906 7396 
13339 1906 2511 7396 
13340 2511 1329 7396 
13341 200 1 7397 
13342 1 2751 7397 
13343 2751 200 7397 
13344 1 3 7398 
13345 3 2751 7398 
13346 2751 1 7398 
13347 742 1859 7399 
13348 1859 2202 7399 
13349 2202 742 7399 
13350 863 1512 7400 
13351 1512 2825 7400 
13352 2825 863 7400 
13353 120 121 7401 
13354 121 2293 7401 
13355 2293 120 7401 
13356 252 1573 7402 
13357 1573 2495 7402 
13358 2495 252 7402 
13359 733 1816 7403 
13360 1816 2379 7403 
13361 2379 733 7403 
13362 1186 1733 7404 
13363 1733 2417 7404 
13364 2417 1186 7404 
13365 1733 859 7405 
13366 859 2417 7405 
13367 2417 1733 7405 
13368 1659 814 7406 
13369 814 2391 7406 
13370 2391 1659 7406 
13371 825 1750 7407 
13372 1750 2243 7407 
13373 2243 825 7407 
13374 1813 1051 7408 
13375 1051 2903 7408 
13376 2903 1813 7408 
13377 271 1990 7409 
13378 1990 2286 7409 
13379 2286 271 7409 
13380 699 1657 7410 
13381 1657 2452 7410 
13382 2452 699 7410 
13383 921 1611 7411 
13384 1611 2872 7411 
13385 2872 921 7411 
13386 1871 387 7412 
13387 387 2533 7412 
13388 2533 1871 7412 
13389 1193 2684 7413 
13390 2684 2699 7413 
13391 2699 1193 7413 
13392 1586 858 7414 
13393 858 2614 7414 
13394 2614 1586 7414 
13395 1521 455 7415 
13396 455 2755 7415 
13397 2755 1521 7415 
13398 1571 894 7416 
13399 894 2802 7416 
13400 2802 1571 7416 
13401 1727 674 7417 
13402 674 2125 7417 
13403 2125 1727 7417 
13404 621 1537 7418 
13405 1537 2519 7418 
13406 2519 621 7418 
13407 1030 1882 7419 
13408 1882 2832 7419 
13409 2832 1030 7419 
13410 1099 1575 7420 
13411 1575 2478 7420 
13412 2478 1099 7420 
13413 1208 908 7421 
13414 908 2297 7421 
13415 2297 1208 7421 
13416 639 2706 7422 
13417 2706 2783 7422 
13418 2783 639 7422 
13419 1832 614 7423 
13420 614 3010 7423 
13421 3010 1832 7423 
13422 2336 799 7424 
13423 799 2474 7424 
13424 2474 2336 7424 
13425 17 18 7425 
13426 18 2390 7425 
13427 2390 17 7425 
13428 1473 782 7426 
13429 782 2260 7426 
13430 2260 1473 7426 
13431 1593 272 7427 
13432 272 2328 7427 
13433 2328 1593 7427 
13434 2031 314 7428 
13435 314 2914 7428 
13436 2914 2031 7428 
13437 1598 842 7429 
13438 842 2229 7429 
13439 2229 1598 7429 
13440 2097 718 7430 
13441 718 2181 7430 
13442 2181 2097 7430 
13443 1915 996 7431 
13444 996 2753 7431 
13445 2753 1915 7431 
13446 1880 727 7432 
13447 727 2194 7432 
13448 2194 1880 7432 
13449 357 1495 7433 
13450 1495 2570 7433 
13451 2570 357 7433 
13452 70 71 7434 
13453 71 2747 7434 
13454 2747 70 7434 
13455 1831 581 7435 
13456 581 2367 7435 
13457 2367 1831 7435 
13458 407 1733 7436 
13459 1733 2590 7436 
13460 2590 407 7436 
13461 252 1479 7437 
13462 1479 2880 7437 
13463 2880 252 7437 
13464 673 1563 7438 
13465 1563 2190 7438 
13466 2190 673 7438 
13467 206 205 7439 
13468 205 2240 7439 
13469 2240 206 7439 
13470 1889 809 7440 
13471 809 2827 7440 
13472 2827 1889 7440 
13473 1769 1031 7441 
13474 1031 2265 7441 
13475 2265 1769 7441 
13476 1655 927 7442 
13477 927 2574 7442 
13478 2574 1655 7442 
13479 829 1542 7443 
13480 1542 2849 7443 
13481 2849 829 7443 
13482 1821 324 7444 
13483 324 2037 7444 
13484 2037 1821 7444 
13485 1765 730 7445 
13486 730 2693 7445 
13487 2693 1765 7445 
13488 1948 696 7446 
13489 696 2959 7446 
13490 2959 1948 7446 
13491 242 2545 7447 
13492 2545 2778 7447 
13493 2778 242 7447 
13494 1777 304 7448 
13495 304 2359 7448 
13496 2359 1777 7448 
13497 791 1962 7449 
13498 1962 2131 7449 
13499 2131 791 7449 
13500 711 2238 7450 
13501 2238 2950 7450 
13502 2950 711 7450 
13503 361 2305 7451 
13504 2305 2632 7451 
13505 2632 361 7451 
13506 273 2317 7452 
13507 2317 3006 7452 
13508 3006 273 7452 
13509 1642 768 7453 
13510 768 2337 7453 
13511 2337 1642 7453 
13512 1537 621 7454 
13513 621 2571 7454 
13514 2571 1537 7454 
13515 1829 885 7455 
13516 885 2695 7455 
13517 2695 1829 7455 
13518 169 1405 7456 
13519 1405 2830 7456 
13520 2830 169 7456 
13521 420 1825 7457 
13522 1825 1988 7457 
13523 1988 420 7457 
13524 1251 1956 7458 
13525 1956 2152 7458 
13526 2152 1251 7458 
13527 1589 375 7459 
13528 375 2242 7459 
13529 2242 1589 7459 
13530 63 64 7460 
13531 64 2256 7460 
13532 2256 63 7460 
13533 1775 748 7461 
13534 748 1866 7461 
13535 1866 1775 7461 
13536 479 1526 7462 
13537 1526 2834 7462 
13538 2834 479 7462 
13539 1648 797 7463 
13540 797 2744 7463 
13541 2744 1648 7463 
13542 1800 931 7464 
13543 931 2591 7464 
13544 2591 1800 7464 
13545 930 1801 7465 
13546 1801 2592 7465 
13547 2592 930 7465 
13548 49 1800 7466 
13549 1800 2591 7466 
13550 2591 49 7466 
13551 1801 135 7467 
13552 135 2592 7467 
13553 2592 1801 7467 
13554 2486 875 7468 
13555 875 2704 7468 
13556 2704 2486 7468 
13557 1638 667 7469 
13558 667 2178 7469 
13559 2178 1638 7469 
13560 356 1973 7470 
13561 1973 2231 7470 
13562 2231 356 7470 
13563 2032 733 7471 
13564 733 2379 7471 
13565 2379 2032 7471 
13566 851 1558 7472 
13567 1558 2754 7472 
13568 2754 851 7472 
13569 943 1585 7473 
13570 1585 2338 7473 
13571 2338 943 7473 
13572 698 1461 7474 
13573 1461 2543 7474 
13574 2543 698 7474 
13575 1129 2336 7475 
13576 2336 2474 7475 
13577 2474 1129 7475 
13578 1431 1803 7476 
13579 1803 2527 7476 
13580 2527 1431 7476 
13581 1882 30 7477 
13582 30 2832 7477 
13583 2832 1882 7477 
13584 951 1671 7478 
13585 1671 2209 7478 
13586 2209 951 7478 
13587 1637 606 7479 
13588 606 2160 7479 
13589 2160 1637 7479 
13590 2595 1348 7480 
13591 1348 2775 7480 
13592 2775 2595 7480 
13593 1762 610 7481 
13594 610 2686 7481 
13595 2686 1762 7481 
13596 780 1653 7482 
13597 1653 2509 7482 
13598 2509 780 7482 
13599 932 1463 7483 
13600 1463 3000 7483 
13601 3000 932 7483 
13602 418 2020 7484 
13603 2020 2898 7484 
13604 2898 418 7484 
13605 753 2205 7485 
13606 2205 2735 7485 
13607 2735 753 7485 
13608 617 1652 7486 
13609 1652 2482 7486 
13610 2482 617 7486 
13611 225 224 7487 
13612 224 2267 7487 
13613 2267 225 7487 
13614 2057 1180 7488 
13615 1180 2871 7488 
13616 2871 2057 7488 
13617 197 198 7489 
13618 198 2251 7489 
13619 2251 197 7489 
13620 1430 869 7490 
13621 869 2778 7490 
13622 2778 1430 7490 
13623 1713 758 7491 
13624 758 2164 7491 
13625 2164 1713 7491 
13626 1516 372 7492 
13627 372 2725 7492 
13628 2725 1516 7492 
13629 1613 78 7493 
13630 78 2272 7493 
13631 2272 1613 7493 
13632 106 1612 7494 
13633 1612 2273 7494 
13634 2273 106 7494 
13635 1542 567 7495 
13636 567 2849 7495 
13637 2849 1542 7495 
13638 1672 828 7496 
13639 828 2226 7496 
13640 2226 1672 7496 
13641 1510 916 7497 
13642 916 2642 7497 
13643 2642 1510 7497 
13644 448 1583 7498 
13645 1583 2842 7498 
13646 2842 448 7498 
13647 1080 2108 7499 
13648 2108 2197 7499 
13649 2197 1080 7499 
13650 2041 1204 7500 
13651 1204 2424 7500 
13652 2424 2041 7500 
13653 1652 838 7501 
13654 838 2482 7501 
13655 2482 1652 7501 
13656 607 1532 7502 
13657 1532 2962 7502 
13658 2962 607 7502 
13659 247 1619 7503 
13660 1619 2811 7503 
13661 2811 247 7503 
13662 738 1909 7504 
13663 1909 2797 7504 
13664 2797 738 7504 
13665 1735 389 7505 
13666 389 2968 7505 
13667 2968 1735 7505 
13668 186 187 7506 
13669 187 2356 7506 
13670 2356 186 7506 
13671 941 1768 7507 
13672 1768 2289 7507 
13673 2289 941 7507 
13674 1634 834 7508 
13675 834 2137 7508 
13676 2137 1634 7508 
13677 841 1594 7509 
13678 1594 2339 7509 
13679 2339 841 7509 
13680 763 1862 7510 
13681 1862 2333 7510 
13682 2333 763 7510 
13683 737 1459 7511 
13684 1459 2406 7511 
13685 2406 737 7511 
13686 2130 1008 7512 
13687 1008 2442 7512 
13688 2442 2130 7512 
13689 899 2130 7513 
13690 2130 2442 7513 
13691 2442 899 7513 
13692 1981 257 7514 
13693 257 2214 7514 
13694 2214 1981 7514 
13695 1876 648 7515 
13696 648 2903 7515 
13697 2903 1876 7515 
13698 1638 754 7516 
13699 754 2233 7516 
13700 2233 1638 7516 
13701 1491 640 7517 
13702 640 3006 7517 
13703 3006 1491 7517 
13704 686 1691 7518 
13705 1691 2291 7518 
13706 2291 686 7518 
13707 1018 1860 7519 
13708 1860 2441 7519 
13709 2441 1018 7519 
13710 1860 417 7520 
13711 417 2441 7520 
13712 2441 1860 7520 
13713 151 152 7521 
13714 152 2419 7521 
13715 2419 151 7521 
13716 882 2331 7522 
13717 2331 2795 7522 
13718 2795 882 7522 
13719 376 1793 7523 
13720 1793 2698 7523 
13721 2698 376 7523 
13722 757 2037 7524 
13723 2037 2429 7524 
13724 2429 757 7524 
13725 2331 1252 7525 
13726 1252 2795 7525 
13727 2795 2331 7525 
13728 748 1418 7526 
13729 1418 2898 7526 
13730 2898 748 7526 
13731 1862 763 7527 
13732 763 2013 7527 
13733 2013 1862 7527 
13734 771 1936 7528 
13735 1936 2784 7528 
13736 2784 771 7528 
13737 612 1617 7529 
13738 1617 2964 7529 
13739 2964 612 7529 
13740 2793 1399 7530 
13741 1399 2952 7530 
13742 2952 2793 7530 
13743 2755 1396 7531 
13744 1396 2859 7531 
13745 2859 2755 7531 
13746 1619 764 7532 
13747 764 2811 7532 
13748 2811 1619 7532 
13749 2086 1304 7533 
13750 1304 2575 7533 
13751 2575 2086 7533 
13752 1641 497 7534 
13753 497 2245 7534 
13754 2245 1641 7534 
13755 128 129 7535 
13756 129 3008 7535 
13757 3008 128 7535 
13758 55 56 7536 
13759 56 3007 7536 
13760 3007 55 7536 
13761 775 1466 7537 
13762 1466 2547 7537 
13763 2547 775 7537 
13764 909 1842 7538 
13765 1842 2329 7538 
13766 2329 909 7538 
13767 1459 929 7539 
13768 929 2925 7539 
13769 2925 1459 7539 
13770 2107 921 7540 
13771 921 2872 7540 
13772 2872 2107 7540 
13773 2153 449 7541 
13774 449 2816 7541 
13775 2816 2153 7541 
13776 2238 1360 7542 
13777 1360 2950 7542 
13778 2950 2238 7542 
13779 576 1646 7543 
13780 1646 2346 7543 
13781 2346 576 7543 
13782 765 1944 7544 
13783 1944 2232 7544 
13784 2232 765 7544 
13785 1703 763 7545 
13786 763 2288 7545 
13787 2288 1703 7545 
13788 1704 375 7546 
13789 375 2075 7546 
13790 2075 1704 7546 
13791 1921 1520 7547 
13792 1520 2857 7547 
13793 2857 1921 7547 
13794 756 1821 7548 
13795 1821 2080 7548 
13796 2080 756 7548 
13797 1870 458 7549 
13798 458 2612 7549 
13799 2612 1870 7549 
13800 642 1786 7550 
13801 1786 2349 7550 
13802 2349 642 7550 
13803 929 1789 7551 
13804 1789 2925 7551 
13805 2925 929 7551 
13806 140 141 7552 
13807 141 2619 7552 
13808 2619 140 7552 
13809 753 2021 7553 
13810 2021 2978 7553 
13811 2978 753 7553 
13812 230 229 7554 
13813 229 2335 7554 
13814 2335 230 7554 
13815 1551 630 7555 
13816 630 2979 7555 
13817 2979 1551 7555 
13818 898 1551 7556 
13819 1551 2979 7556 
13820 2979 898 7556 
13821 1461 917 7557 
13822 917 2539 7557 
13823 2539 1461 7557 
13824 1662 874 7558 
13825 874 2402 7558 
13826 2402 1662 7558 
13827 333 1782 7559 
13828 1782 2307 7559 
13829 2307 333 7559 
13830 769 1885 7560 
13831 1885 2453 7560 
13832 2453 769 7560 
13833 1688 924 7561 
13834 924 2823 7561 
13835 2823 1688 7561 
13836 638 1688 7562 
13837 1688 2823 7562 
13838 2823 638 7562 
13839 841 1758 7563 
13840 1758 2263 7563 
13841 2263 841 7563 
13842 1573 252 7564 
13843 252 2880 7564 
13844 2880 1573 7564 
13845 757 1821 7565 
13846 1821 2037 7565 
13847 2037 757 7565 
13848 2148 1223 7566 
13849 1223 2723 7566 
13850 2723 2148 7566 
13851 442 2092 7567 
13852 2092 2411 7567 
13853 2411 442 7567 
13854 298 1641 7568 
13855 1641 2245 7568 
13856 2245 298 7568 
13857 884 2692 7569 
13858 2692 2741 7569 
13859 2741 884 7569 
13860 1594 381 7570 
13861 381 2807 7570 
13862 2807 1594 7570 
13863 1033 2315 7571 
13864 2315 2826 7571 
13865 2826 1033 7571 
13866 1766 238 7572 
13867 238 2500 7572 
13868 2500 1766 7572 
13869 1580 842 7573 
13870 842 2471 7573 
13871 2471 1580 7573 
13872 1614 642 7574 
13873 642 2349 7574 
13874 2349 1614 7574 
13875 1028 2495 7575 
13876 2495 2517 7575 
13877 2517 1028 7575 
13878 695 1777 7576 
13879 1777 2096 7576 
13880 2096 695 7576 
13881 867 1479 7577 
13882 1479 2668 7577 
13883 2668 867 7577 
13884 1918 868 7578 
13885 868 2020 7578 
13886 2020 1918 7578 
13887 291 1649 7579 
13888 1649 2900 7579 
13889 2900 291 7579 
13890 1132 2647 7580 
13891 2647 2921 7580 
13892 2921 1132 7580 
13893 1172 1757 7581 
13894 1757 2890 7581 
13895 2890 1172 7581 
13896 1550 357 7582 
13897 357 2433 7582 
13898 2433 1550 7582 
13899 418 1918 7583 
13900 1918 2020 7583 
13901 2020 418 7583 
13902 189 190 7584 
13903 190 2395 7584 
13904 2395 189 7584 
13905 1603 613 7585 
13906 613 2575 7585 
13907 2575 1603 7585 
13908 26 27 7586 
13909 27 2372 7586 
13910 2372 26 7586 
13911 1547 394 7587 
13912 394 2616 7587 
13913 2616 1547 7587 
13914 391 1713 7588 
13915 1713 2164 7588 
13916 2164 391 7588 
13917 905 2163 7589 
13918 2163 2441 7589 
13919 2441 905 7589 
13920 1956 312 7590 
13921 312 2152 7590 
13922 2152 1956 7590 
13923 1593 784 7591 
13924 784 2588 7591 
13925 2588 1593 7591 
13926 2185 1641 7592 
13927 1641 3003 7592 
13928 3003 2185 7592 
13929 2163 1018 7593 
13930 1018 2441 7593 
13931 2441 2163 7593 
13932 1664 390 7594 
13933 390 2421 7594 
13934 2421 1664 7594 
13935 798 1664 7595 
13936 1664 2421 7595 
13937 2421 798 7595 
13938 834 2223 7596 
13939 2223 2329 7596 
13940 2329 834 7596 
13941 1663 1007 7597 
13942 1007 2758 7597 
13943 2758 1663 7597 
13944 257 1680 7598 
13945 1680 2919 7598 
13946 2919 257 7598 
13947 2232 374 7599 
13948 374 2515 7599 
13949 2515 2232 7599 
13950 1088 2232 7600 
13951 2232 2515 7600 
13952 2515 1088 7600 
13953 202 209 7601 
13954 209 2345 7601 
13955 2345 202 7601 
13956 2013 411 7602 
13957 411 2173 7602 
13958 2173 2013 7602 
13959 15 16 7603 
13960 16 2569 7603 
13961 2569 15 7603 
13962 1472 912 7604 
13963 912 2955 7604 
13964 2955 1472 7604 
13965 761 1815 7605 
13966 1815 2078 7605 
13967 2078 761 7605 
13968 2221 965 7606 
13969 965 2241 7606 
13970 2241 2221 7606 
13971 457 2221 7607 
13972 2221 2241 7607 
13973 2241 457 7607 
13974 272 1593 7608 
13975 1593 2588 7608 
13976 2588 272 7608 
13977 1553 1016 7609 
13978 1016 2927 7609 
13979 2927 1553 7609 
13980 2363 897 7610 
13981 897 2420 7610 
13982 2420 2363 7610 
13983 1821 757 7611 
13984 757 2080 7611 
13985 2080 1821 7611 
13986 1885 850 7612 
13987 850 2453 7612 
13988 2453 1885 7612 
13989 2111 1005 7613 
13990 1005 2310 7613 
13991 2310 2111 7613 
13992 1531 2416 7614 
13993 2416 2873 7614 
13994 2873 1531 7614 
13995 1329 1809 7615 
13996 1809 2793 7615 
13997 2793 1329 7615 
13998 1479 867 7616 
13999 867 2880 7616 
14000 2880 1479 7616 
14001 765 1820 7617 
14002 1820 2083 7617 
14003 2083 765 7617 
14004 344 2793 7618 
14005 2793 2952 7618 
14006 2952 344 7618 
14007 926 1871 7619 
14008 1871 2533 7619 
14009 2533 926 7619 
14010 520 1838 7620 
14011 1838 2378 7620 
14012 2378 520 7620 
14013 1838 857 7621 
14014 857 2378 7621 
14015 2378 1838 7621 
14016 801 1709 7622 
14017 1709 2551 7622 
14018 2551 801 7622 
14019 1710 802 7623 
14020 802 2550 7623 
14021 2550 1710 7623 
14022 1102 1562 7624 
14023 1562 2558 7624 
14024 2558 1102 7624 
14025 2140 937 7625 
14026 937 2353 7625 
14027 2353 2140 7625 
14028 500 1620 7626 
14029 1620 2775 7626 
14030 2775 500 7626 
14031 1718 889 7627 
14032 889 2644 7627 
14033 2644 1718 7627 
14034 125 1718 7628 
14035 1718 2644 7628 
14036 2644 125 7628 
14037 890 1719 7629 
14038 1719 2643 7629 
14039 2643 890 7629 
14040 1719 59 7630 
14041 59 2643 7630 
14042 2643 1719 7630 
14043 1686 576 7631 
14044 576 2454 7631 
14045 2454 1686 7631 
14046 382 1692 7632 
14047 1692 2879 7632 
14048 2879 382 7632 
14049 1747 762 7633 
14050 762 2036 7633 
14051 2036 1747 7633 
14052 2014 418 7634 
14053 418 2898 7634 
14054 2898 2014 7634 
14055 11 12 7635 
14056 12 2786 7635 
14057 2786 11 7635 
14058 93 1605 7636 
14059 1605 2514 7636 
14060 2514 93 7636 
14061 553 1682 7637 
14062 1682 2853 7637 
14063 2853 553 7637 
14064 2355 1361 7638 
14065 1361 2899 7638 
14066 2899 2355 7638 
14067 745 2062 7639 
14068 2062 2112 7639 
14069 2112 745 7639 
14070 1929 904 7640 
14071 904 2146 7640 
14072 2146 1929 7640 
14073 876 2298 7641 
14074 2298 2705 7641 
14075 2705 876 7641 
14076 2298 1185 7642 
14077 1185 2705 7642 
14078 2705 2298 7642 
14079 1736 958 7643 
14080 958 2393 7643 
14081 2393 1736 7643 
14082 1911 241 7644 
14083 241 2339 7644 
14084 2339 1911 7644 
14085 1549 672 7645 
14086 672 2176 7645 
14087 2176 1549 7645 
14088 1890 775 7646 
14089 775 2174 7646 
14090 2174 1890 7646 
14091 2769 1139 7647 
14092 1139 2815 7647 
14093 2815 2769 7647 
14094 1288 1940 7648 
14095 1940 2743 7648 
14096 2743 1288 7648 
14097 41 1772 7649 
14098 1772 2905 7649 
14099 2905 41 7649 
14100 810 1899 7650 
14101 1899 2629 7650 
14102 2629 810 7650 
14103 1573 846 7651 
14104 846 2495 7651 
14105 2495 1573 7651 
14106 1017 1807 7652 
14107 1807 2982 7652 
14108 2982 1017 7652 
14109 1807 377 7653 
14110 377 2982 7653 
14111 2982 1807 7653 
14112 790 2146 7654 
14113 2146 2377 7654 
14114 2377 790 7654 
14115 1820 454 7655 
14116 454 2111 7655 
14117 2111 1820 7655 
14118 778 1820 7656 
14119 1820 2111 7656 
14120 2111 778 7656 
14121 1749 6 7657 
14122 6 3022 7657 
14123 3022 1749 7657 
14124 920 1610 7658 
14125 1610 2460 7658 
14126 2460 920 7658 
14127 922 2373 7659 
14128 2373 2769 7659 
14129 2769 922 7659 
14130 1614 248 7660 
14131 248 2819 7660 
14132 2819 1614 7660 
14133 2312 740 7661 
14134 740 2313 7661 
14135 2313 2312 7661 
14136 1316 2312 7662 
14137 2312 2313 7662 
14138 2313 1316 7662 
14139 873 1777 7663 
14140 1777 2359 7663 
14141 2359 873 7663 
14142 1066 2128 7664 
14143 2128 3007 7664 
14144 3007 1066 7664 
14145 2129 1067 7665 
14146 1067 3008 7665 
14147 3008 2129 7665 
14148 2177 753 7666 
14149 753 2978 7666 
14150 2978 2177 7666 
14151 1054 2270 7667 
14152 2270 2434 7667 
14153 2434 1054 7667 
14154 747 1559 7668 
14155 1559 2964 7668 
14156 2964 747 7668 
14157 1347 2323 7669 
14158 2323 3005 7669 
14159 3005 1347 7669 
14160 2409 1001 7670 
14161 1001 2996 7670 
14162 2996 2409 7670 
14163 2418 447 7671 
14164 447 2835 7671 
14165 2835 2418 7671 
14166 2005 935 7672 
14167 935 2738 7672 
14168 2738 2005 7672 
14169 92 93 7673 
14170 93 2514 7673 
14171 2514 92 7673 
14172 88 89 7674 
14173 89 2700 7674 
14174 2700 88 7674 
14175 1794 1132 7675 
14176 1132 2921 7675 
14177 2921 1794 7675 
14178 894 2789 7676 
14179 2789 2802 7676 
14180 2802 894 7676 
14181 1726 686 7677 
14182 686 2653 7677 
14183 2653 1726 7677 
14184 812 1590 7678 
14185 1590 2544 7678 
14186 2544 812 7678 
14187 1803 671 7679 
14188 671 2527 7679 
14189 2527 1803 7679 
14190 2162 790 7680 
14191 790 2296 7680 
14192 2296 2162 7680 
14193 2299 647 7681 
14194 647 2965 7681 
14195 2965 2299 7681 
14196 389 1213 7682 
14197 1213 2968 7682 
14198 2968 389 7682 
14199 685 1796 7683 
14200 1796 2286 7683 
14201 2286 685 7683 
14202 1562 1266 7684 
14203 1266 2558 7684 
14204 2558 1562 7684 
14205 760 1699 7685 
14206 1699 2812 7685 
14207 2812 760 7685 
14208 1396 383 7686 
14209 383 2859 7686 
14210 2859 1396 7686 
14211 1590 812 7687 
14212 812 2557 7687 
14213 2557 1590 7687 
14214 782 1588 7688 
14215 1588 2260 7688 
14216 2260 782 7688 
14217 2551 1067 7689 
14218 1067 2973 7689 
14219 2973 2551 7689 
14220 2545 1430 7690 
14221 1430 2778 7690 
14222 2778 2545 7690 
14223 1313 2076 7691 
14224 2076 2956 7691 
14225 2956 1313 7691 
14226 1620 862 7692 
14227 862 2775 7692 
14228 2775 1620 7692 
14229 806 2173 7693 
14230 2173 2321 7693 
14231 2321 806 7693 
14232 341 1570 7694 
14233 1570 2702 7694 
14234 2702 341 7694 
14235 343 1553 7695 
14236 1553 3015 7695 
14237 3015 343 7695 
14238 1705 116 7696 
14239 116 2239 7696 
14240 2239 1705 7696 
14241 640 2800 7697 
14242 2800 3006 7697 
14243 3006 640 7697 
14244 824 2755 7698 
14245 2755 2859 7698 
14246 2859 824 7698 
14247 141 1675 7699 
14248 1675 2619 7699 
14249 2619 141 7699 
14250 764 1663 7700 
14251 1663 2813 7700 
14252 2813 764 7700 
14253 1499 900 7701 
14254 900 2788 7701 
14255 2788 1499 7701 
14256 1019 2144 7702 
14257 2144 2514 7702 
14258 2514 1019 7702 
14259 2144 92 7703 
14260 92 2514 7703 
14261 2514 2144 7703 
14262 2684 866 7704 
14263 866 2699 7704 
14264 2699 2684 7704 
14265 192 193 7705 
14266 193 2667 7705 
14267 2667 192 7705 
14268 911 2010 7706 
14269 2010 2202 7706 
14270 2202 911 7706 
14271 145 146 7707 
14272 146 2480 7707 
14273 2480 145 7707 
14274 1953 744 7708 
14275 744 2878 7708 
14276 2878 1953 7708 
14277 1140 2316 7709 
14278 2316 2322 7709 
14279 2322 1140 7709 
14280 627 1703 7710 
14281 1703 2288 7710 
14282 2288 627 7710 
14283 821 2389 7711 
14284 2389 2436 7711 
14285 2436 821 7711 
14286 2256 1138 7712 
14287 1138 2676 7712 
14288 2676 2256 7712 
14289 63 2256 7713 
14290 2256 2676 7713 
14291 2676 63 7713 
14292 1123 2019 7714 
14293 2019 2446 7714 
14294 2446 1123 7714 
14295 1618 375 7715 
14296 375 2521 7715 
14297 2521 1618 7715 
14298 1663 473 7716 
14299 473 2813 7716 
14300 2813 1663 7716 
14301 1592 381 7717 
14302 381 2263 7717 
14303 2263 1592 7717 
14304 809 2278 7718 
14305 2278 2827 7718 
14306 2827 809 7718 
14307 2292 444 7719 
14308 444 2790 7719 
14309 2790 2292 7719 
14310 740 1897 7720 
14311 1897 2248 7720 
14312 2248 740 7720 
14313 688 1745 7721 
14314 1745 2088 7721 
14315 2088 688 7721 
14316 884 1891 7722 
14317 1891 2692 7722 
14318 2692 884 7722 
14319 2504 887 7723 
14320 887 2513 7723 
14321 2513 2504 7723 
14322 1183 2504 7724 
14323 2504 2513 7724 
14324 2513 1183 7724 
14325 1661 732 7725 
14326 732 2208 7725 
14327 2208 1661 7725 
14328 931 1670 7726 
14329 1670 2591 7726 
14330 2591 931 7726 
14331 1670 48 7727 
14332 48 2591 7727 
14333 2591 1670 7727 
14334 586 1572 7728 
14335 1572 2766 7728 
14336 2766 586 7728 
14337 1954 661 7729 
14338 661 2810 7729 
14339 2810 1954 7729 
14340 2018 849 7730 
14341 849 2027 7730 
14342 2027 2018 7730 
14343 1689 729 7731 
14344 729 2142 7731 
14345 2142 1689 7731 
14346 1721 239 7732 
14347 239 2589 7732 
14348 2589 1721 7732 
14349 620 1574 7733 
14350 1574 2785 7733 
14351 2785 620 7733 
14352 118 119 7734 
14353 119 2560 7734 
14354 2560 118 7734 
14355 1713 391 7735 
14356 391 2358 7735 
14357 2358 1713 7735 
14358 767 1603 7736 
14359 1603 2575 7736 
14360 2575 767 7736 
14361 862 2595 7737 
14362 2595 2775 7737 
14363 2775 862 7737 
14364 2029 404 7738 
14365 404 2216 7738 
14366 2216 2029 7738 
14367 768 2121 7739 
14368 2121 2337 7739 
14369 2337 768 7739 
14370 110 111 7740 
14371 111 2530 7740 
14372 2530 110 7740 
14373 1802 666 7741 
14374 666 2131 7741 
14375 2131 1802 7741 
14376 888 1882 7742 
14377 1882 2365 7742 
14378 2365 888 7742 
14379 1799 668 7743 
14380 668 2154 7743 
14381 2154 1799 7743 
14382 1590 62 7744 
14383 62 2676 7744 
14384 2676 1590 7744 
14385 679 1946 7745 
14386 1946 2049 7745 
14387 2049 679 7745 
14388 799 1713 7746 
14389 1713 2358 7746 
14390 2358 799 7746 
14391 1138 1590 7747 
14392 1590 2676 7747 
14393 2676 1138 7747 
14394 772 2018 7748 
14395 2018 2027 7748 
14396 2027 772 7748 
14397 858 2343 7749 
14398 2343 2614 7749 
14399 2614 858 7749 
14400 1607 823 7750 
14401 823 2580 7750 
14402 2580 1607 7750 
14403 2176 672 7751 
14404 672 2871 7751 
14405 2871 2176 7751 
14406 2589 239 7752 
14407 239 2681 7752 
14408 2681 2589 7752 
14409 2270 803 7753 
14410 803 2434 7753 
14411 2434 2270 7753 
14412 2331 882 7754 
14413 882 2713 7754 
14414 2713 2331 7754 
14415 1180 2176 7755 
14416 2176 2871 7755 
14417 2871 1180 7755 
14418 166 1727 7756 
14419 1727 2125 7756 
14420 2125 166 7756 
14421 314 1576 7757 
14422 1576 2914 7757 
14423 2914 314 7757 
14424 862 1620 7758 
14425 1620 2569 7758 
14426 2569 862 7758 
14427 758 1713 7759 
14428 1713 2219 7759 
14429 2219 758 7759 
14430 168 169 7760 
14431 169 2830 7760 
14432 2830 168 7760 
14433 2039 293 7761 
14434 293 2852 7761 
14435 2852 2039 7761 
14436 2241 771 7762 
14437 771 2784 7762 
14438 2784 2241 7762 
14439 921 2069 7763 
14440 2069 2070 7763 
14441 2070 921 7763 
14442 2069 746 7764 
14443 746 2070 7764 
14444 2070 2069 7764 
14445 745 1534 7765 
14446 1534 2582 7765 
14447 2582 745 7765 
14448 1637 302 7766 
14449 302 2602 7766 
14450 2602 1637 7766 
14451 318 1976 7767 
14452 1976 2362 7767 
14453 2362 318 7767 
14454 709 1747 7768 
14455 1747 2036 7768 
14456 2036 709 7768 
14457 867 1573 7769 
14458 1573 2880 7769 
14459 2880 867 7769 
14460 2027 849 7770 
14461 849 2155 7770 
14462 2155 2027 7770 
14463 1607 1159 7771 
14464 1159 2808 7771 
14465 2808 1607 7771 
14466 122 1607 7772 
14467 1607 2808 7772 
14468 2808 122 7772 
14469 331 2672 7773 
14470 2672 2867 7773 
14471 2867 331 7773 
14472 2672 1425 7774 
14473 1425 2867 7774 
14474 2867 2672 7774 
14475 1859 234 7775 
14476 234 2202 7775 
14477 2202 1859 7775 
14478 2050 436 7776 
14479 436 2394 7776 
14480 2394 2050 7776 
14481 2323 636 7777 
14482 636 3005 7777 
14483 3005 2323 7777 
14484 823 1607 7778 
14485 1607 2620 7778 
14486 2620 823 7778 
14487 775 1852 7779 
14488 1852 2174 7779 
14489 2174 775 7779 
14490 2343 1136 7780 
14491 1136 2614 7780 
14492 2614 2343 7780 
14493 1687 627 7781 
14494 627 2288 7781 
14495 2288 1687 7781 
14496 1642 299 7782 
14497 299 2752 7782 
14498 2752 1642 7782 
14499 1001 1902 7783 
14500 1902 2663 7783 
14501 2663 1001 7783 
14502 375 1589 7784 
14503 1589 2521 7784 
14504 2521 375 7784 
14505 1649 952 7785 
14506 952 2900 7785 
14507 2900 1649 7785 
14508 52 53 7786 
14509 53 2564 7786 
14510 2564 52 7786 
14511 131 132 7787 
14512 132 2565 7787 
14513 2565 131 7787 
14514 2134 1032 7788 
14515 1032 2314 7788 
14516 2314 2134 7788 
14517 1033 2135 7789 
14518 2135 2315 7789 
14519 2315 1033 7789 
14520 1677 807 7790 
14521 807 2341 7790 
14522 2341 1677 7790 
14523 1709 128 7791 
14524 128 3008 7791 
14525 3008 1709 7791 
14526 56 1710 7792 
14527 1710 3007 7792 
14528 3007 56 7792 
14529 2005 832 7793 
14530 832 2425 7793 
14531 2425 2005 7793 
14532 296 2140 7794 
14533 2140 2353 7794 
14534 2353 296 7794 
14535 1987 502 7795 
14536 502 2757 7795 
14537 2757 1987 7795 
14538 1646 912 7796 
14539 912 2346 7796 
14540 2346 1646 7796 
14541 240 2690 7797 
14542 2690 2715 7797 
14543 2715 240 7797 
14544 1052 2050 7798 
14545 2050 2394 7798 
14546 2394 1052 7798 
14547 48 49 7799 
14548 49 2591 7799 
14549 2591 48 7799 
14550 135 136 7800 
14551 136 2592 7800 
14552 2592 135 7800 
14553 410 2027 7801 
14554 2027 2155 7801 
14555 2155 410 7801 
14556 730 2101 7802 
14557 2101 2693 7802 
14558 2693 730 7802 
14559 1585 435 7803 
14560 435 2988 7803 
14561 2988 1585 7803 
14562 1651 784 7804 
14563 784 2526 7804 
14564 2526 1651 7804 
14565 1790 766 7805 
14566 766 2348 7805 
14567 2348 1790 7805 
14568 264 1541 7806 
14569 1541 2549 7806 
14570 2549 264 7806 
14571 1712 782 7807 
14572 782 2801 7807 
14573 2801 1712 7807 
14574 1882 1030 7808 
14575 1030 2365 7808 
14576 2365 1882 7808 
14577 1899 810 7809 
14578 810 2875 7809 
14579 2875 1899 7809 
14580 2108 456 7810 
14581 456 2961 7810 
14582 2961 2108 7810 
14583 1667 846 7811 
14584 846 2960 7811 
14585 2960 1667 7811 
14586 783 2171 7812 
14587 2171 2586 7812 
14588 2586 783 7812 
14589 1743 392 7813 
14590 392 2472 7813 
14591 2472 1743 7813 
14592 864 2275 7814 
14593 2275 2447 7814 
14594 2447 864 7814 
14595 1611 334 7815 
14596 334 2658 7815 
14597 2658 1611 7815 
14598 1693 734 7816 
14599 734 2366 7816 
14600 2366 1693 7816 
14601 2276 252 7817 
14602 252 2573 7817 
14603 2573 2276 7817 
14604 640 2082 7818 
14605 2082 2800 7818 
14606 2800 640 7818 
14607 454 1820 7819 
14608 1820 2414 7819 
14609 2414 454 7819 
14610 1532 693 7820 
14611 693 2962 7820 
14612 2962 1532 7820 
14613 1193 1748 7821 
14614 1748 2684 7821 
14615 2684 1193 7821 
14616 59 60 7822 
14617 60 2643 7822 
14618 2643 59 7822 
14619 124 125 7823 
14620 125 2644 7823 
14621 2644 124 7823 
14622 1495 845 7824 
14623 845 2570 7824 
14624 2570 1495 7824 
14625 1696 897 7825 
14626 897 2363 7825 
14627 2363 1696 7825 
14628 1905 907 7826 
14629 907 2623 7826 
14630 2623 1905 7826 
14631 2706 1548 7827 
14632 1548 2783 7827 
14633 2783 2706 7827 
14634 456 1979 7828 
14635 1979 2961 7828 
14636 2961 456 7828 
14637 2800 1586 7829 
14638 1586 3006 7829 
14639 3006 2800 7829 
14640 1796 851 7830 
14641 851 2286 7830 
14642 2286 1796 7830 
14643 1728 321 7831 
14644 321 2338 7831 
14645 2338 1728 7831 
14646 937 2140 7832 
14647 2140 2333 7832 
14648 2333 937 7832 
14649 784 1683 7833 
14650 1683 2526 7833 
14651 2526 784 7833 
14652 2137 834 7834 
14653 834 2329 7834 
14654 2329 2137 7834 
14655 2402 874 7835 
14656 874 2432 7835 
14657 2432 2402 7835 
14658 1678 787 7836 
14659 787 2884 7836 
14660 2884 1678 7836 
14661 767 1791 7837 
14662 1791 2621 7837 
14663 2621 767 7837 
14664 1136 2343 7838 
14665 2343 2998 7838 
14666 2998 1136 7838 
14667 204 203 7839 
14668 203 2538 7839 
14669 2538 204 7839 
14670 413 2171 7840 
14671 2171 2306 7840 
14672 2306 413 7840 
14673 1256 2493 7841 
14674 2493 2730 7841 
14675 2730 1256 7841 
14676 2493 854 7842 
14677 854 2730 7842 
14678 2730 2493 7842 
14679 1255 2494 7843 
14680 2494 2729 7843 
14681 2729 1255 7843 
14682 2494 853 7844 
14683 853 2729 7844 
14684 2729 2494 7844 
14685 175 176 7845 
14686 176 2928 7845 
14687 2928 175 7845 
14688 957 1423 7846 
14689 1423 2990 7846 
14690 2990 957 7846 
14691 838 1769 7847 
14692 1769 2265 7847 
14693 2265 838 7847 
14694 919 1597 7848 
14695 1597 2853 7848 
14696 2853 919 7848 
14697 2526 467 7849 
14698 467 2649 7849 
14699 2649 2526 7849 
14700 62 63 7850 
14701 63 2676 7850 
14702 2676 62 7850 
14703 394 1890 7851 
14704 1890 2174 7851 
14705 2174 394 7851 
14706 850 1730 7852 
14707 1730 2721 7852 
14708 2721 850 7852 
14709 1845 789 7853 
14710 789 2171 7853 
14711 2171 1845 7853 
14712 1597 553 7854 
14713 553 2853 7854 
14714 2853 1597 7854 
14715 887 1615 7855 
14716 1615 2747 7855 
14717 2747 887 7855 
14718 1615 70 7856 
14719 70 2747 7856 
14720 2747 1615 7856 
14721 854 2484 7857 
14722 2484 2730 7857 
14723 2730 854 7857 
14724 2158 855 7858 
14725 855 2660 7858 
14726 2660 2158 7858 
14727 1649 291 7859 
14728 291 2851 7859 
14729 2851 1649 7859 
14730 1939 824 7860 
14731 824 2859 7860 
14732 2859 1939 7860 
14733 1398 1765 7861 
14734 1765 3021 7861 
14735 3021 1398 7861 
14736 1645 461 7862 
14737 461 2587 7862 
14738 2587 1645 7862 
14739 153 154 7863 
14740 154 2864 7863 
14741 2864 153 7863 
14742 30 31 7864 
14743 31 2832 7864 
14744 2832 30 7864 
14745 953 2055 7865 
14746 2055 2290 7865 
14747 2290 953 7865 
14748 1765 1146 7866 
14749 1146 3021 7866 
14750 3021 1765 7866 
14751 358 1391 7867 
14752 1391 2543 7867 
14753 2543 358 7867 
14754 1748 556 7868 
14755 556 2684 7868 
14756 2684 1748 7868 
14757 1327 2418 7869 
14758 2418 2835 7869 
14759 2835 1327 7869 
14760 1259 2292 7870 
14761 2292 2790 7870 
14762 2790 1259 7870 
14763 1744 774 7871 
14764 774 2308 7871 
14765 2308 1744 7871 
14766 859 1886 7872 
14767 1886 2417 7872 
14768 2417 859 7872 
14769 1886 280 7873 
14770 280 2417 7873 
14771 2417 1886 7873 
14772 6 7 7874 
14773 7 3022 7874 
14774 3022 6 7874 
14775 657 1621 7875 
14776 1621 2837 7875 
14777 2837 657 7875 
14778 1436 2042 7876 
14779 2042 2930 7876 
14780 2930 1436 7876 
14781 409 2226 7877 
14782 2226 2258 7877 
14783 2258 409 7877 
14784 1616 591 7878 
14785 591 2805 7878 
14786 2805 1616 7878 
14787 372 1742 7879 
14788 1742 2725 7879 
14789 2725 372 7879 
14790 918 2492 7880 
14791 2492 2518 7880 
14792 2518 918 7880 
14793 1473 768 7881 
14794 768 2767 7881 
14795 2767 1473 7881 
14796 1729 698 7882 
14797 698 2933 7882 
14798 2933 1729 7882 
14799 1962 791 7883 
14800 791 2222 7883 
14801 2222 1962 7883 
14802 1877 796 7884 
14803 796 2695 7884 
14804 2695 1877 7884 
14805 2082 1095 7885 
14806 1095 2800 7885 
14807 2800 2082 7885 
14808 668 1890 7886 
14809 1890 2154 7886 
14810 2154 668 7886 
14811 2184 769 7887 
14812 769 2453 7887 
14813 2453 2184 7887 
14814 567 1571 7888 
14815 1571 2849 7888 
14816 2849 567 7888 
14817 1632 949 7889 
14818 949 2779 7889 
14819 2779 1632 7889 
14820 316 1817 7890 
14821 1817 2270 7890 
14822 2270 316 7890 
14823 210 217 7891 
14824 217 2609 7891 
14825 2609 210 7891 
14826 1620 15 7892 
14827 15 2569 7892 
14828 2569 1620 7892 
14829 824 1521 7893 
14830 1521 2755 7893 
14831 2755 824 7893 
14832 1804 890 7894 
14833 890 2643 7894 
14834 2643 1804 7894 
14835 60 1804 7895 
14836 1804 2643 7895 
14837 2643 60 7895 
14838 121 122 7896 
14839 122 2808 7896 
14840 2808 121 7896 
14841 2389 958 7897 
14842 958 2436 7897 
14843 2436 2389 7897 
14844 1674 989 7898 
14845 989 3010 7898 
14846 3010 1674 7898 
14847 1851 620 7899 
14848 620 2422 7899 
14849 2422 1851 7899 
14850 1879 120 7900 
14851 120 2293 7900 
14852 2293 1879 7900 
14853 2146 904 7901 
14854 904 2377 7901 
14855 2377 2146 7901 
14856 815 1706 7902 
14857 1706 2162 7902 
14858 2162 815 7902 
14859 1610 440 7903 
14860 440 2973 7903 
14861 2973 1610 7903 
14862 1646 399 7904 
14863 399 2955 7904 
14864 2955 1646 7904 
14865 869 1896 7905 
14866 1896 2992 7905 
14867 2992 869 7905 
14868 838 1652 7906 
14869 1652 2594 7906 
14870 2594 838 7906 
14871 1763 920 7907 
14872 920 2307 7907 
14873 2307 1763 7907 
14874 80 81 7908 
14875 81 2846 7908 
14876 2846 80 7908 
14877 103 104 7909 
14878 104 2847 7909 
14879 2847 103 7909 
14880 829 1635 7910 
14881 1635 2463 7910 
14882 2463 829 7910 
14883 783 1746 7911 
14884 1746 2427 7911 
14885 2427 783 7911 
14886 1381 1794 7912 
14887 1794 2921 7912 
14888 2921 1381 7912 
14889 114 115 7913 
14890 115 2865 7913 
14891 2865 114 7913 
14892 808 1837 7914 
14893 1837 2479 7914 
14894 2479 808 7914 
14895 789 1845 7915 
14896 1845 2502 7915 
14897 2502 789 7915 
14898 736 1878 7916 
14899 1878 2179 7916 
14900 2179 736 7916 
14901 744 2167 7917 
14902 2167 2878 7917 
14903 2878 744 7917 
14904 2453 850 7918 
14905 850 2721 7918 
14906 2721 2453 7918 
14907 40 41 7919 
14908 41 2905 7919 
14909 2905 40 7919 
14910 107 108 7920 
14911 108 2922 7920 
14912 2922 107 7920 
14913 76 77 7921 
14914 77 2923 7921 
14915 2923 76 7921 
14916 64 1841 7922 
14917 1841 2256 7922 
14918 2256 64 7922 
14919 333 2307 7923 
14920 2307 2460 7923 
14921 2460 333 7923 
14922 2428 1251 7924 
14923 1251 2748 7924 
14924 2748 2428 7924 
14925 2015 511 7925 
14926 511 2252 7925 
14927 2252 2015 7925 
14928 2451 1312 7926 
14929 1312 2942 7926 
14930 2942 2451 7926 
14931 587 2451 7927 
14932 2451 2942 7927 
14933 2942 587 7927 
14934 1823 88 7928 
14935 88 2700 7928 
14936 2700 1823 7928 
14937 913 1823 7929 
14938 1823 2700 7929 
14939 2700 913 7929 
14940 391 2164 7930 
14941 2164 2522 7930 
14942 2522 391 7930 
14943 1963 1586 7931 
14944 1586 2800 7931 
14945 2800 1963 7931 
14946 1131 1970 7932 
14947 1970 2170 7932 
14948 2170 1131 7932 
14949 2119 720 7933 
14950 720 2831 7933 
14951 2831 2119 7933 
14952 1094 2119 7934 
14953 2119 2831 7934 
14954 2831 1094 7934 
14955 409 1676 7935 
14956 1676 2687 7935 
14957 2687 409 7935 
14958 311 1513 7936 
14959 1513 2691 7936 
14960 2691 311 7936 
14961 935 2005 7937 
14962 2005 2425 7937 
14963 2425 935 7937 
14964 1825 842 7938 
14965 842 2258 7938 
14966 2258 1825 7938 
14967 1374 2873 7939 
14968 2873 2912 7939 
14969 2912 1374 7939 
14970 580 1596 7940 
14971 1596 2992 7940 
14972 2992 580 7940 
14973 2312 1665 7941 
14974 1665 2809 7941 
14975 2809 2312 7941 
14976 1769 838 7942 
14977 838 2594 7942 
14978 2594 1769 7942 
14979 2422 938 7943 
14980 938 2946 7943 
14981 2946 2422 7943 
14982 1295 2422 7944 
14983 2422 2946 7944 
14984 2946 1295 7944 
14985 1659 256 7945 
14986 256 2666 7945 
14987 2666 1659 7945 
14988 2316 284 7946 
14989 284 2322 7946 
14990 2322 2316 7946 
14991 1770 483 7947 
14992 483 2674 7947 
14993 2674 1770 7947 
14994 1159 2293 7948 
14995 2293 2808 7948 
14996 2808 1159 7948 
14997 2293 121 7949 
14998 121 2808 7949 
14999 2808 2293 7949 
15000 349 2078 7950 
15001 2078 2200 7950 
15002 2200 349 7950 
15003 1184 1913 7951 
15004 1913 2486 7951 
15005 2486 1184 7951 
15006 603 1529 7952 
15007 1529 2977 7952 
15008 2977 603 7952 
15009 575 1511 7953 
15010 1511 2935 7953 
15011 2935 575 7953 
15012 1976 914 7954 
15013 914 2362 7954 
15014 2362 1976 7954 
15015 780 1815 7955 
15016 1815 2613 7955 
15017 2613 780 7955 
15018 1979 1109 7956 
15019 1109 2961 7956 
15020 2961 1979 7956 
15021 1700 472 7957 
15022 472 2520 7957 
15023 2520 1700 7957 
15024 1666 259 7958 
15025 259 2611 7958 
15026 2611 1666 7958 
15027 1817 803 7959 
15028 803 2270 7959 
15029 2270 1817 7959 
15030 1812 703 7960 
15031 703 2523 7960 
15032 2523 1812 7960 
15033 1277 2207 7961 
15034 2207 2931 7961 
15035 2931 1277 7961 
15036 968 2024 7962 
15037 2024 2328 7962 
15038 2328 968 7962 
15039 782 1473 7963 
15040 1473 2801 7963 
15041 2801 782 7963 
15042 2173 977 7964 
15043 977 2321 7964 
15044 2321 2173 7964 
15045 1649 714 7965 
15046 714 2374 7965 
15047 2374 1649 7965 
15048 1063 1735 7966 
15049 1735 2968 7966 
15050 2968 1063 7966 
15051 573 1550 7967 
15052 1550 2909 7967 
15053 2909 573 7967 
15054 1119 2051 7968 
15055 2051 2947 7968 
15056 2947 1119 7968 
15057 2893 979 7969 
15058 979 3019 7969 
15059 3019 2893 7969 
15060 2275 864 7970 
15061 864 2510 7970 
15062 2510 2275 7970 
15063 1548 356 7971 
15064 356 2783 7971 
15065 2783 1548 7971 
15066 845 1738 7972 
15067 1738 2935 7972 
15068 2935 845 7972 
15069 796 1877 7973 
15070 1877 2697 7973 
15071 2697 796 7973 
15072 1937 185 7974 
15073 185 2596 7974 
15074 2596 1937 7974 
15075 2252 511 7975 
15076 511 2489 7975 
15077 2489 2252 7975 
15078 786 1799 7976 
15079 1799 2154 7976 
15080 2154 786 7976 
15081 1294 1741 7977 
15082 1741 2681 7977 
15083 2681 1294 7977 
15084 274 2025 7978 
15085 2025 2162 7978 
15086 2162 274 7978 
15087 792 2228 7979 
15088 2228 2395 7979 
15089 2395 792 7979 
15090 1631 363 7980 
15091 363 2626 7980 
15092 2626 1631 7980 
15093 1685 840 7981 
15094 840 2649 7981 
15095 2649 1685 7981 
15096 856 1978 7982 
15097 1978 2440 7982 
15098 2440 856 7982 
15099 2096 431 7983 
15100 431 2463 7983 
15101 2463 2096 7983 
15102 396 2220 7984 
15103 2220 2850 7984 
15104 2850 396 7984 
15105 840 1685 7985 
15106 1685 2798 7985 
15107 2798 840 7985 
15108 2048 1206 7986 
15109 1206 2479 7986 
15110 2479 2048 7986 
15111 1675 923 7987 
15112 923 2619 7987 
15113 2619 1675 7987 
15114 473 2007 7988 
15115 2007 2429 7988 
15116 2429 473 7988 
15117 2444 833 7989 
15118 833 2512 7989 
15119 2512 2444 7989 
15120 2201 955 7990 
15121 955 2911 7990 
15122 2911 2201 7990 
15123 817 1930 7991 
15124 1930 2688 7991 
15125 2688 817 7991 
15126 2495 846 7992 
15127 846 2517 7992 
15128 2517 2495 7992 
15129 853 1807 7993 
15130 1807 2782 7993 
15131 2782 853 7993 
15132 604 1808 7994 
15133 1808 2320 7994 
15134 2320 604 7994 
15135 1681 682 7995 
15136 682 2945 7995 
15137 2945 1681 7995 
15138 1959 1092 7996 
15139 1092 2168 7996 
15140 2168 1959 7996 
15141 903 1940 7997 
15142 1940 2334 7997 
15143 2334 903 7997 
15144 1866 748 7998 
15145 748 2089 7998 
15146 2089 1866 7998 
15147 2303 325 7999 
15148 325 2348 7999 
15149 2348 2303 7999 
15150 1169 2303 8000 
15151 2303 2348 8000 
15152 2348 1169 8000 
15153 1296 2090 8001 
15154 2090 2894 8001 
15155 2894 1296 8001 
15156 249 1745 8002 
15157 1745 2467 8002 
15158 2467 249 8002 
15159 1611 1961 8003 
15160 1961 2872 8003 
15161 2872 1611 8003 
15162 1787 590 8004 
15163 590 2887 8004 
15164 2887 1787 8004 
15165 392 1743 8005 
15166 1743 2137 8005 
15167 2137 392 8005 
15168 965 2093 8006 
15169 2093 2145 8006 
15170 2145 965 8006 
15171 489 1794 8007 
15172 1794 2716 8007 
15173 2716 489 8007 
15174 1805 1311 8008 
15175 1311 2350 8008 
15176 2350 1805 8008 
15177 1911 678 8009 
15178 678 2430 8009 
15179 2430 1911 8009 
15180 1756 622 8010 
15181 622 2789 8010 
15182 2789 1756 8010 
15183 1709 801 8011 
15184 801 2505 8011 
15185 2505 1709 8011 
15186 802 1710 8012 
15187 1710 2506 8012 
15188 2506 802 8012 
15189 812 1804 8013 
15190 1804 2557 8013 
15191 2557 812 8013 
15192 1549 2893 8014 
15193 2893 3019 8014 
15194 3019 1549 8014 
15195 594 1640 8015 
15196 1640 2953 8015 
15197 2953 594 8015 
15198 1671 499 8016 
15199 499 2771 8016 
15200 2771 1671 8016 
15201 1721 666 8017 
15202 666 2708 8017 
15203 2708 1721 8017 
15204 1973 906 8018 
15205 906 2231 8018 
15206 2231 1973 8018 
15207 2520 472 8019 
15208 472 2705 8019 
15209 2705 2520 8019 
15210 873 2359 8020 
15211 2359 2733 8020 
15212 2733 873 8020 
15213 533 1729 8021 
15214 1729 2933 8021 
15215 2933 533 8021 
15216 1862 405 8022 
15217 405 2333 8022 
15218 2333 1862 8022 
15219 590 1516 8023 
15220 1516 2887 8023 
15221 2887 590 8023 
15222 1816 251 8024 
15223 251 2379 8024 
15224 2379 1816 8024 
15225 1957 781 8025 
15226 781 2723 8025 
15227 2723 1957 8025 
15228 797 1852 8026 
15229 1852 2744 8026 
15230 2744 797 8026 
15231 2690 1441 8027 
15232 1441 2715 8027 
15233 2715 2690 8027 
15234 2384 847 8028 
15235 847 2740 8028 
15236 2740 2384 8028 
15237 606 1606 8029 
15238 1606 2753 8029 
15239 2753 606 8029 
15240 1784 874 8030 
15241 874 2750 8030 
15242 2750 1784 8030 
15243 842 1825 8031 
15244 1825 2471 8031 
15245 2471 842 8031 
15246 913 1665 8032 
15247 1665 2768 8032 
15248 2768 913 8032 
15249 2778 869 8033 
15250 869 2992 8033 
15251 2992 2778 8033 
15252 1693 465 8034 
15253 465 2577 8034 
15254 2577 1693 8034 
15255 1732 328 8035 
15256 328 2857 8035 
15257 2857 1732 8035 
15258 283 1712 8036 
15259 1712 2801 8036 
15260 2801 283 8036 
15261 436 2050 8037 
15262 2050 2435 8037 
15263 2435 436 8037 
15264 702 2004 8038 
15265 2004 2280 8038 
15266 2280 702 8038 
15267 768 1737 8039 
15268 1737 2767 8039 
15269 2767 768 8039 
15270 1844 124 8040 
15271 124 2644 8040 
15272 2644 1844 8040 
15273 889 1844 8041 
15274 1844 2644 8041 
15275 2644 889 8041 
15276 894 1756 8042 
15277 1756 2789 8042 
15278 2789 894 8042 
15279 512 1923 8043 
15280 1923 2276 8043 
15281 2276 512 8043 
15282 1825 420 8044 
15283 420 2471 8044 
15284 2471 1825 8044 
15285 852 1822 8045 
15286 1822 2720 8045 
15287 2720 852 8045 
15288 238 1805 8046 
15289 1805 2350 8046 
15290 2350 238 8046 
15291 1665 913 8047 
15292 913 2809 8047 
15293 2809 1665 8047 
15294 1684 403 8048 
15295 403 2645 8048 
15296 2645 1684 8048 
15297 2196 1506 8049 
15298 1506 2473 8049 
15299 2473 2196 8049 
15300 573 1667 8050 
15301 1667 2960 8050 
15302 2960 573 8050 
15303 978 2252 8051 
15304 2252 2489 8051 
15305 2489 978 8051 
15306 215 214 8052 
15307 214 2862 8052 
15308 2862 215 8052 
15309 2607 265 8053 
15310 265 2827 8053 
15311 2827 2607 8053 
15312 722 1842 8054 
15313 1842 2285 8054 
15314 2285 722 8054 
15315 1714 605 8055 
15316 605 2993 8055 
15317 2993 1714 8055 
15318 1728 617 8056 
15319 617 2482 8056 
15320 2482 1728 8056 
15321 1107 2444 8057 
15322 2444 2512 8057 
15323 2512 1107 8057 
15324 336 1624 8058 
15325 1624 2718 8058 
15326 2718 336 8058 
15327 834 1962 8059 
15328 1962 2222 8059 
15329 2222 834 8059 
15330 1820 765 8060 
15331 765 2414 8060 
15332 2414 1820 8060 
15333 872 1766 8061 
15334 1766 2500 8061 
15335 2500 872 8061 
15336 1752 719 8062 
15337 719 2481 8062 
15338 2481 1752 8062 
15339 1794 743 8063 
15340 743 2716 8063 
15341 2716 1794 8063 
15342 2873 475 8064 
15343 475 2912 8064 
15344 2912 2873 8064 
15345 2394 831 8065 
15346 831 2466 8065 
15347 2466 2394 8065 
15348 888 1770 8066 
15349 1770 2674 8066 
15350 2674 888 8066 
15351 2150 290 8067 
15352 290 2250 8067 
15353 2250 2150 8067 
15354 880 1933 8068 
15355 1933 3024 8068 
15356 3024 880 8068 
15357 912 1646 8069 
15358 1646 2955 8069 
15359 2955 912 8069 
15360 226 218 8070 
15361 218 2874 8070 
15362 2874 226 8070 
15363 1692 741 8071 
15364 741 2879 8071 
15365 2879 1692 8071 
15366 762 1650 8072 
15367 1650 2449 8072 
15368 2449 762 8072 
15369 412 1866 8073 
15370 1866 2089 8073 
15371 2089 412 8073 
15372 673 1925 8074 
15373 1925 2371 8074 
15374 2371 673 8074 
15375 548 2115 8075 
15376 2115 2334 8075 
15377 2334 548 8075 
15378 901 1681 8076 
15379 1681 2945 8076 
15380 2945 901 8076 
15381 217 216 8077 
15382 216 2902 8077 
15383 2902 217 8077 
15384 1719 890 8078 
15385 890 2974 8078 
15386 2974 1719 8078 
15387 1185 2520 8079 
15388 2520 2705 8079 
15389 2705 1185 8079 
15390 936 1787 8080 
15391 1787 2887 8080 
15392 2887 936 8080 
15393 2468 1147 8081 
15394 1147 2624 8081 
15395 2624 2468 8081 
15396 860 2468 8082 
15397 2468 2624 8082 
15398 2624 860 8082 
15399 228 227 8083 
15400 227 2886 8083 
15401 2886 228 8083 
15402 2178 848 8084 
15403 848 2401 8084 
15404 2401 2178 8084 
15405 1919 1386 8085 
15406 1386 2702 8085 
15407 2702 1919 8085 
15408 194 1813 8086 
15409 1813 2319 8086 
15410 2319 194 8086 
15411 1792 481 8087 
15412 481 2680 8087 
15413 2680 1792 8087 
15414 584 1618 8088 
15415 1618 2665 8088 
15416 2665 584 8088 
15417 1915 425 8089 
15418 425 2876 8089 
15419 2876 1915 8089 
15420 893 2029 8090 
15421 2029 2216 8090 
15422 2216 893 8090 
15423 758 1937 8091 
15424 1937 2596 8091 
15425 2596 758 8091 
15426 2406 1459 8092 
15427 1459 2925 8092 
15428 2925 2406 8092 
15429 2115 903 8093 
15430 903 2334 8093 
15431 2334 2115 8093 
15432 609 1996 8094 
15433 1996 2325 8094 
15434 2325 609 8094 
15435 1188 2149 8095 
15436 2149 2737 8095 
15437 2737 1188 8095 
15438 1791 767 8096 
15439 767 2689 8096 
15440 2689 1791 8096 
15441 1268 2607 8097 
15442 2607 2827 8097 
15443 2827 1268 8097 
15444 1862 806 8098 
15445 806 2618 8098 
15446 2618 1862 8098 
15447 2187 419 8099 
15448 419 2855 8099 
15449 2855 2187 8099 
15450 2093 278 8100 
15451 278 2145 8100 
15452 2145 2093 8100 
15453 1355 2567 8101 
15454 2567 2997 8101 
15455 2997 1355 8101 
15456 2059 801 8102 
15457 801 2551 8102 
15458 2551 2059 8102 
15459 802 2060 8103 
15460 2060 2550 8103 
15461 2550 802 8103 
15462 2090 286 8104 
15463 286 2894 8104 
15464 2894 2090 8104 
15465 715 1668 8105 
15466 1668 2913 8105 
15467 2913 715 8105 
15468 915 1614 8106 
15469 1614 2819 8106 
15470 2819 915 8106 
15471 1711 407 8107 
15472 407 2590 8107 
15473 2590 1711 8107 
15474 2118 1154 8108 
15475 1154 2368 8108 
15476 2368 2118 8108 
15477 2315 459 8109 
15478 459 2826 8109 
15479 2826 2315 8109 
15480 2567 880 8110 
15481 880 2997 8110 
15482 2997 2567 8110 
15483 1859 742 8111 
15484 742 2327 8111 
15485 2327 1859 8111 
15486 1811 36 8112 
15487 36 2426 8112 
15488 2426 1811 8112 
15489 539 1673 8113 
15490 1673 2967 8113 
15491 2967 539 8113 
15492 1166 2172 8114 
15493 2172 2413 8114 
15494 2413 1166 8114 
15495 846 1573 8115 
15496 1573 2960 8115 
15497 2960 846 8115 
15498 1873 364 8116 
15499 364 2595 8116 
15500 2595 1873 8116 
15501 1208 2297 8117 
15502 2297 2655 8117 
15503 2655 1208 8117 
15504 741 1881 8118 
15505 1881 2711 8118 
15506 2711 741 8118 
15507 409 1982 8119 
15508 1982 2226 8119 
15509 2226 409 8119 
15510 1925 1148 8120 
15511 1148 2371 8120 
15512 2371 1925 8120 
15513 1011 2032 8121 
15514 2032 2379 8121 
15515 2379 1011 8121 
15516 1806 864 8122 
15517 864 2447 8122 
15518 2447 1806 8122 
15519 2050 911 8123 
15520 911 2435 8123 
15521 2435 2050 8123 
15522 1732 788 8124 
15523 788 2610 8124 
15524 2610 1732 8124 
15525 1840 813 8125 
15526 813 2306 8125 
15527 2306 1840 8125 
15528 1990 685 8126 
15529 685 2286 8126 
15530 2286 1990 8126 
15531 1799 786 8127 
15532 786 2787 8127 
15533 2787 1799 8127 
15534 1679 626 8128 
15535 626 2833 8128 
15536 2833 1679 8128 
15537 442 1852 8129 
15538 1852 2547 8129 
15539 2547 442 8129 
15540 510 1784 8130 
15541 1784 2750 8130 
15542 2750 510 8130 
15543 208 207 8131 
15544 207 2929 8131 
15545 2929 208 8131 
15546 1118 2187 8132 
15547 2187 2855 8132 
15548 2855 1118 8132 
15549 2563 1243 8133 
15550 1243 2772 8133 
15551 2772 2563 8133 
15552 1932 872 8134 
15553 872 2748 8134 
15554 2748 1932 8134 
15555 1903 652 8135 
15556 652 2402 8135 
15557 2402 1903 8135 
15558 1699 438 8136 
15559 438 2812 8136 
15560 2812 1699 8136 
15561 2243 904 8137 
15562 904 2325 8137 
15563 2325 2243 8137 
15564 877 2563 8138 
15565 2563 2772 8138 
15566 2772 877 8138 
15567 1654 902 8139 
15568 902 2804 8139 
15569 2804 1654 8139 
15570 284 1686 8140 
15571 1686 2534 8140 
15572 2534 284 8140 
15573 1734 642 8141 
15574 642 2597 8141 
15575 2597 1734 8141 
15576 2187 1258 8142 
15577 1258 2629 8142 
15578 2629 2187 8142 
15579 2126 436 8143 
15580 436 2435 8143 
15581 2435 2126 8143 
15582 1900 1191 8144 
15583 1191 2416 8144 
15584 2416 1900 8144 
15585 1785 479 8145 
15586 479 2781 8145 
15587 2781 1785 8145 
15588 1301 2123 8146 
15589 2123 2674 8146 
15590 2674 1301 8146 
15591 2623 907 8147 
15592 907 2892 8147 
15593 2892 2623 8147 
15594 1423 957 8148 
15595 957 2920 8148 
15596 2920 1423 8148 
15597 1688 466 8149 
15598 466 2799 8149 
15599 2799 1688 8149 
15600 922 2769 8150 
15601 2769 2815 8150 
15602 2815 922 8150 
15603 1521 824 8151 
15604 824 2585 8151 
15605 2585 1521 8151 
15606 1052 2394 8152 
15607 2394 2466 8152 
15608 2466 1052 8152 
15609 2805 892 8153 
15610 892 2858 8153 
15611 2858 2805 8153 
15612 1845 303 8154 
15613 303 2502 8154 
15614 2502 1845 8154 
15615 1118 2353 8155 
15616 2353 2675 8155 
15617 2675 1118 8155 
15618 427 1750 8156 
15619 1750 2932 8156 
15620 2932 427 8156 
15621 1075 2095 8157 
15622 2095 2203 8157 
15623 2203 1075 8157 
15624 1844 823 8158 
15625 823 2620 8158 
15626 2620 1844 8158 
15627 1741 1090 8159 
15628 1090 2681 8159 
15629 2681 1741 8159 
15630 1032 2134 8160 
15631 2134 2763 8160 
15632 2763 1032 8160 
15633 2134 458 8161 
15634 458 2763 8161 
15635 2763 2134 8161 
15636 1685 1190 8162 
15637 1190 2864 8162 
15638 2864 1685 8162 
15639 201 232 8163 
15640 232 2915 8163 
15641 2915 201 8163 
15642 154 1685 8164 
15643 1685 2864 8164 
15644 2864 154 8164 
15645 1775 704 8165 
15646 704 2623 8165 
15647 2623 1775 8165 
15648 821 1990 8166 
15649 1990 2889 8166 
15650 2889 821 8166 
15651 1780 879 8167 
15652 879 2659 8167 
15653 2659 1780 8167 
15654 952 1649 8168 
15655 1649 2987 8168 
15656 2987 952 8168 
15657 791 1721 8169 
15658 1721 2589 8169 
15659 2589 791 8169 
15660 871 1785 8170 
15661 1785 2781 8170 
15662 2781 871 8170 
15663 2211 820 8171 
15664 820 2356 8171 
15665 2356 2211 8171 
15666 2223 909 8172 
15667 909 2329 8172 
15668 2329 2223 8172 
15669 1785 1119 8173 
15670 1119 2635 8173 
15671 2635 1785 8173 
15672 1010 2670 8174 
15673 2670 2884 8174 
15674 2884 1010 8174 
15675 2130 899 8175 
15676 899 2637 8175 
15677 2637 2130 8175 
15678 1989 813 8176 
15679 813 2317 8176 
15680 2317 1989 8176 
15681 253 1869 8177 
15682 1869 2503 8177 
15683 2503 253 8177 
15684 1869 816 8178 
15685 816 2503 8178 
15686 2503 1869 8178 
15687 1684 585 8179 
15688 585 2974 8179 
15689 2974 1684 8179 
15690 297 1753 8180 
15691 1753 2795 8180 
15692 2795 297 8180 
15693 2353 937 8181 
15694 937 2675 8181 
15695 2675 2353 8181 
15696 304 1777 8182 
15697 1777 2726 8182 
15698 2726 304 8182 
15699 1733 407 8183 
15700 407 2759 8183 
15701 2759 1733 8183 
15702 859 1733 8184 
15703 1733 2759 8184 
15704 2759 859 8184 
15705 895 1645 8185 
15706 1645 2587 8185 
15707 2587 895 8185 
15708 1906 631 8186 
15709 631 2511 8186 
15710 2511 1906 8186 
15711 463 2058 8187 
15712 2058 2792 8187 
15713 2792 463 8187 
15714 2102 1076 8188 
15715 1076 2284 8188 
15716 2284 2102 8188 
15717 704 1905 8189 
15718 1905 2623 8189 
15719 2623 704 8189 
15720 469 1904 8190 
15721 1904 2669 8190 
15722 2669 469 8190 
15723 2111 454 8191 
15724 454 2742 8191 
15725 2742 2111 8191 
15726 1005 2111 8192 
15727 2111 2742 8192 
15728 2742 1005 8192 
15729 725 2214 8193 
15730 2214 2215 8193 
15731 2215 725 8193 
15732 2214 1426 8194 
15733 1426 2215 8194 
15734 2215 2214 8194 
15735 276 2102 8195 
15736 2102 2284 8195 
15737 2284 276 8195 
15738 1184 1878 8196 
15739 1878 2445 8196 
15740 2445 1184 8196 
15741 950 2275 8197 
15742 2275 2510 8197 
15743 2510 950 8197 
15744 1753 882 8198 
15745 882 2795 8198 
15746 2795 1753 8198 
15747 810 2430 8199 
15748 2430 2875 8199 
15749 2875 810 8199 
15750 932 1714 8200 
15751 1714 2993 8200 
15752 2993 932 8200 
15753 1731 783 8201 
15754 783 2427 8201 
15755 2427 1731 8201 
15756 453 1752 8202 
15757 1752 2481 8202 
15758 2481 453 8202 
15759 1837 682 8203 
15760 682 2479 8203 
15761 2479 1837 8203 
15762 1826 344 8204 
15763 344 2952 8204 
15764 2952 1826 8204 
15765 942 1826 8205 
15766 1826 2952 8205 
15767 2952 942 8205 
15768 1947 821 8206 
15769 821 2436 8206 
15770 2436 1947 8206 
15771 2103 271 8207 
15772 271 2966 8207 
15773 2966 2103 8207 
15774 1852 775 8208 
15775 775 2547 8208 
15776 2547 1852 8208 
15777 839 1986 8209 
15778 1986 2709 8209 
15779 2709 839 8209 
15780 2246 1188 8210 
15781 1188 2692 8210 
15782 2692 2246 8210 
15783 1106 1914 8211 
15784 1914 2694 8211 
15785 2694 1106 8211 
15786 954 2031 8212 
15787 2031 2914 8212 
15788 2914 954 8212 
15789 2269 924 8213 
15790 924 2309 8213 
15791 2309 2269 8213 
15792 259 2269 8214 
15793 2269 2309 8214 
15794 2309 259 8214 
15795 834 2222 8215 
15796 2222 2223 8215 
15797 2223 834 8215 
15798 1930 817 8216 
15799 817 2518 8216 
15800 2518 1930 8216 
15801 788 1732 8217 
15802 1732 2857 8217 
15803 2857 788 8217 
15804 104 1724 8218 
15805 1724 2847 8218 
15806 2847 104 8218 
15807 1724 1152 8219 
15808 1152 2847 8219 
15809 2847 1724 8219 
15810 1151 1723 8220 
15811 1723 2846 8220 
15812 2846 1151 8220 
15813 1723 80 8221 
15814 80 2846 8221 
15815 2846 1723 8221 
15816 1894 773 8222 
15817 773 2938 8222 
15818 2938 1894 8222 
15819 1691 268 8223 
15820 268 3019 8223 
15821 3019 1691 8223 
15822 1816 733 8224 
15823 733 2491 8224 
15824 2491 1816 8224 
15825 1738 575 8225 
15826 575 2935 8225 
15827 2935 1738 8225 
15828 703 2034 8226 
15829 2034 2523 8226 
15830 2523 703 8226 
15831 1738 845 8227 
15832 845 2899 8227 
15833 2899 1738 8227 
15834 1828 11 8228 
15835 11 2786 8228 
15836 2786 1828 8228 
15837 1904 818 8229 
15838 818 2669 8229 
15839 2669 1904 8229 
15840 827 1846 8230 
15841 1846 2562 8230 
15842 2562 827 8230 
15843 1681 13 8231 
15844 13 2664 8231 
15845 2664 1681 8231 
15846 1911 810 8232 
15847 810 2774 8232 
15848 2774 1911 8232 
15849 1929 298 8233 
15850 298 2824 8233 
15851 2824 1929 8233 
15852 2480 863 8234 
15853 863 2941 8234 
15854 2941 2480 8234 
15855 2212 817 8235 
15856 817 2996 8235 
15857 2996 2212 8235 
15858 2626 1061 8236 
15859 1061 2708 8236 
15860 2708 2626 8236 
15861 1145 1916 8237 
15862 1916 2835 8237 
15863 2835 1145 8237 
15864 1791 326 8238 
15865 326 2621 8238 
15866 2621 1791 8238 
15867 847 2250 8239 
15868 2250 2740 8239 
15869 2740 847 8239 
15870 1914 404 8240 
15871 404 2694 8240 
15872 2694 1914 8240 
15873 1219 1785 8241 
15874 1785 2635 8241 
15875 2635 1219 8241 
15876 710 1933 8242 
15877 1933 2567 8242 
15878 2567 710 8242 
15879 1933 880 8243 
15880 880 2567 8243 
15881 2567 1933 8243 
15882 1360 2153 8244 
15883 2153 2344 8244 
15884 2344 1360 8244 
15885 1039 1870 8245 
15886 1870 2611 8245 
15887 2611 1039 8245 
15888 495 1765 8246 
15889 1765 2693 8246 
15890 2693 495 8246 
15891 89 1897 8247 
15892 1897 2700 8247 
15893 2700 89 8247 
15894 1185 1843 8248 
15895 1843 2520 8248 
15896 2520 1185 8248 
15897 1930 686 8249 
15898 686 2688 8249 
15899 2688 1930 8249 
15900 1819 914 8250 
15901 914 3005 8250 
15902 3005 1819 8250 
15903 2175 453 8251 
15904 453 2481 8251 
15905 2481 2175 8251 
15906 1895 885 8252 
15907 885 2848 8252 
15908 2848 1895 8252 
15909 934 1812 8253 
15910 1812 2713 8253 
15911 2713 934 8253 
15912 2163 905 8254 
15913 905 2701 8254 
15914 2701 2163 8254 
15915 835 1726 8255 
15916 1726 2653 8255 
15917 2653 835 8255 
15918 1067 1709 8256 
15919 1709 3008 8256 
15920 3008 1067 8256 
15921 1710 1066 8257 
15922 1066 3007 8257 
15923 3007 1710 8257 
15924 286 2285 8258 
15925 2285 2894 8258 
15926 2894 286 8258 
15927 366 1947 8259 
15928 1947 2436 8259 
15929 2436 366 8259 
15930 234 1859 8260 
15931 1859 2679 8260 
15932 2679 234 8260 
15933 1917 712 8261 
15934 712 2364 8261 
15935 2364 1917 8261 
15936 2307 920 8262 
15937 920 2460 8262 
15938 2460 2307 8262 
15939 1810 1300 8263 
15940 1300 2685 8263 
15941 2685 1810 8263 
15942 1815 420 8264 
15943 420 2613 8264 
15944 2613 1815 8264 
15945 1742 936 8265 
15946 936 2725 8265 
15947 2725 1742 8265 
15948 857 1838 8266 
15949 1838 2856 8266 
15950 2856 857 8266 
15951 405 1862 8267 
15952 1862 2618 8267 
15953 2618 405 8267 
15954 264 1799 8268 
15955 1799 2787 8268 
15956 2787 264 8268 
15957 1737 283 8269 
15958 283 2767 8269 
15959 2767 1737 8269 
15960 682 1837 8270 
15961 1837 2945 8270 
15962 2945 682 8270 
15963 1913 333 8271 
15964 333 2460 8271 
15965 2460 1913 8271 
15966 810 1911 8272 
15967 1911 2430 8272 
15968 2430 810 8272 
15969 1881 426 8273 
15970 426 2711 8273 
15971 2711 1881 8273 
15972 2296 790 8274 
15973 790 2377 8274 
15974 2377 2296 8274 
15975 1916 1327 8275 
15976 1327 2835 8275 
15977 2835 1916 8275 
15978 925 1657 8276 
15979 1657 2651 8276 
15980 2651 925 8276 
15981 1846 281 8277 
15982 281 2562 8277 
15983 2562 1846 8277 
15984 425 2118 8278 
15985 2118 2368 8278 
15986 2368 425 8278 
15987 1993 831 8279 
15988 831 2394 8279 
15989 2394 1993 8279 
15990 696 2316 8280 
15991 2316 2959 8280 
15992 2959 696 8280 
15993 378 1965 8281 
15994 1965 2420 8281 
15995 2420 378 8281 
15996 2250 847 8282 
15997 847 2448 8282 
15998 2448 2250 8282 
15999 832 2005 8283 
16000 2005 2909 8283 
16001 2909 832 8283 
16002 506 2406 8284 
16003 2406 2925 8284 
16004 2925 506 8284 
16005 960 2199 8285 
16006 2199 2648 8285 
16007 2648 960 8285 
16008 1647 1004 8286 
16009 1004 2843 8286 
16010 2843 1647 8286 
16011 886 2250 8287 
16012 2250 2448 8287 
16013 2448 886 8287 
16014 1090 2589 8288 
16015 2589 2681 8288 
16016 2681 1090 8288 
16017 271 1722 8289 
16018 1722 2966 8289 
16019 2966 271 8289 
16020 2008 891 8290 
16021 891 2852 8290 
16022 2852 2008 8290 
16023 501 2878 8291 
16024 2878 2963 8291 
16025 2963 501 8291 
16026 355 2100 8292 
16027 2100 2661 8292 
16028 2661 355 8292 
16029 2100 966 8293 
16030 966 2661 8293 
16031 2661 2100 8293 
16032 2091 735 8294 
16033 735 2305 8294 
16034 2305 2091 8294 
16035 157 1847 8295 
16036 1847 2546 8295 
16037 2546 157 8295 
16038 152 1955 8296 
16039 1955 2419 8296 
16040 2419 152 8296 
16041 1960 735 8297 
16042 735 2443 8297 
16043 2443 1960 8297 
16044 1822 523 8298 
16045 523 2720 8298 
16046 2720 1822 8298 
16047 2068 1195 8299 
16048 1195 2465 8299 
16049 2465 2068 8299 
16050 686 1726 8300 
16051 1726 2688 8300 
16052 2688 686 8300 
16053 273 1989 8301 
16054 1989 2317 8301 
16055 2317 273 8301 
16056 1913 644 8302 
16057 644 2486 8302 
16058 2486 1913 8302 
16059 609 1943 8303 
16060 1943 2972 8303 
16061 2972 609 8303 
16062 2009 750 8304 
16063 750 2399 8304 
16064 2399 2009 8304 
16065 886 2150 8305 
16066 2150 2250 8305 
16067 2250 886 8305 
16068 1897 740 8306 
16069 740 2809 8306 
16070 2809 1897 8306 
16071 913 1897 8307 
16072 1897 2809 8307 
16073 2809 913 8307 
16074 1105 2103 8308 
16075 2103 2966 8308 
16076 2966 1105 8308 
16077 1618 2521 8309 
16078 2521 2665 8309 
16079 2665 1618 8309 
16080 383 1667 8310 
16081 1667 2738 8310 
16082 2738 383 8310 
16083 956 1929 8311 
16084 1929 2824 8311 
16085 2824 956 8311 
16086 960 2860 8312 
16087 2860 2984 8312 
16088 2984 960 8312 
16089 778 2111 8313 
16090 2111 2310 8313 
16091 2310 778 8313 
16092 735 2091 8314 
16093 2091 2443 8314 
16094 2443 735 8314 
16095 803 1817 8315 
16096 1817 2634 8315 
16097 2634 803 8315 
16098 736 2179 8316 
16099 2179 2944 8316 
16100 2944 736 8316 
16101 682 2048 8317 
16102 2048 2479 8317 
16103 2479 682 8317 
16104 779 1971 8318 
16105 1971 2710 8318 
16106 2710 779 8318 
16107 1757 408 8319 
16108 408 2890 8319 
16109 2890 1757 8319 
16110 2533 1227 8320 
16111 1227 2836 8320 
16112 2836 2533 8320 
16113 938 2239 8321 
16114 2239 2765 8321 
16115 2765 938 8321 
16116 1352 2175 8322 
16117 2175 2481 8322 
16118 2481 1352 8322 
16119 2495 1028 8323 
16120 1028 2573 8323 
16121 2573 2495 8323 
16122 298 2245 8324 
16123 2245 2824 8324 
16124 2824 298 8324 
16125 1902 1069 8325 
16126 1069 2663 8325 
16127 2663 1902 8325 
16128 427 2296 8326 
16129 2296 2377 8326 
16130 2377 427 8326 
16131 726 1964 8327 
16132 1964 2494 8327 
16133 2494 726 8327 
16134 727 1965 8328 
16135 1965 2493 8328 
16136 2493 727 8328 
16137 1965 854 8329 
16138 854 2493 8329 
16139 2493 1965 8329 
16140 1964 853 8330 
16141 853 2494 8330 
16142 2494 1964 8330 
16143 736 2122 8331 
16144 2122 2376 8331 
16145 2376 736 8331 
16146 904 2243 8332 
16147 2243 2377 8332 
16148 2377 904 8332 
16149 2409 817 8333 
16150 817 2688 8333 
16151 2688 2409 8333 
16152 866 1858 8334 
16153 1858 2699 8334 
16154 2699 866 8334 
16155 1858 292 8335 
16156 292 2699 8335 
16157 2699 1858 8335 
16158 638 2777 8336 
16159 2777 3012 8336 
16160 3012 638 8336 
16161 2777 1390 8337 
16162 1390 3012 8337 
16163 3012 2777 8337 
16164 436 1993 8338 
16165 1993 2394 8338 
16166 2394 436 8338 
16167 1928 1095 8339 
16168 1095 2553 8339 
16169 2553 1928 8339 
16170 421 2041 8340 
16171 2041 2424 8340 
16172 2424 421 8340 
16173 2220 1137 8341 
16174 1137 2850 8341 
16175 2850 2220 8341 
16176 328 1921 8342 
16177 1921 2857 8342 
16178 2857 328 8342 
16179 1698 270 8343 
16180 270 2989 8343 
16181 2989 1698 8343 
16182 1837 808 8344 
16183 808 2821 8344 
16184 2821 1837 8344 
16185 746 1870 8345 
16186 1870 2612 8345 
16187 2612 746 8345 
16188 392 1842 8346 
16189 1842 3002 8346 
16190 3002 392 8346 
16191 776 2134 8347 
16192 2134 2314 8347 
16193 2314 776 8347 
16194 2135 777 8348 
16195 777 2315 8348 
16196 2315 2135 8348 
16197 2075 1013 8349 
16198 1013 2975 8349 
16199 2975 2075 8349 
16200 911 1994 8350 
16201 1994 2435 8350 
16202 2435 911 8350 
16203 605 1698 8351 
16204 1698 2993 8351 
16205 2993 605 8351 
16206 1996 825 8352 
16207 825 2325 8352 
16208 2325 1996 8352 
16209 252 2495 8353 
16210 2495 2573 8353 
16211 2573 252 8353 
16212 700 1768 8354 
16213 1768 2926 8354 
16214 2926 700 8354 
16215 393 2085 8355 
16216 2085 2462 8355 
16217 2462 393 8355 
16218 1995 844 8356 
16219 844 2958 8356 
16220 2958 1995 8356 
16221 788 2186 8357 
16222 2186 2908 8357 
16223 2908 788 8357 
16224 901 1828 8358 
16225 1828 2786 8358 
16226 2786 901 8358 
16227 1112 2577 8359 
16228 2577 2615 8359 
16229 2615 1112 8359 
16230 1905 395 8360 
16231 395 2910 8360 
16232 2910 1905 8360 
16233 1139 2385 8361 
16234 2385 2815 8361 
16235 2815 1139 8361 
16236 2878 1353 8362 
16237 1353 2963 8362 
16238 2963 2878 8362 
16239 1125 1856 8363 
16240 1856 2861 8363 
16241 2861 1125 8363 
16242 2019 819 8364 
16243 819 2446 8364 
16244 2446 2019 8364 
16245 870 2276 8365 
16246 2276 2573 8365 
16247 2573 870 8365 
16248 2172 455 8366 
16249 455 2413 8366 
16250 2413 2172 8366 
16251 755 1974 8367 
16252 1974 2383 8367 
16253 2383 755 8367 
16254 1837 376 8368 
16255 376 2698 8368 
16256 2698 1837 8368 
16257 613 2086 8369 
16258 2086 2575 8369 
16259 2575 613 8369 
16260 751 2002 8370 
16261 2002 2904 8370 
16262 2904 751 8370 
16263 636 1819 8371 
16264 1819 3005 8371 
16265 3005 636 8371 
16266 2153 731 8372 
16267 731 2344 8372 
16268 2344 2153 8372 
16269 963 1784 8373 
16270 1784 2656 8373 
16271 2656 963 8373 
16272 71 2513 8374 
16273 2513 2747 8374 
16274 2747 71 8374 
16275 563 1850 8375 
16276 1850 2772 8375 
16277 2772 563 8375 
16278 864 1806 8376 
16279 1806 2866 8376 
16280 2866 864 8376 
16281 557 2397 8377 
16282 2397 2625 8377 
16283 2625 557 8377 
16284 825 2243 8378 
16285 2243 2325 8378 
16286 2325 825 8378 
16287 2577 465 8379 
16288 465 2615 8379 
16289 2615 2577 8379 
16290 1857 562 8380 
16291 562 2804 8380 
16292 2804 1857 8380 
16293 844 2021 8381 
16294 2021 2735 8381 
16295 2735 844 8381 
16296 377 1778 8382 
16297 1778 2982 8382 
16298 2982 377 8382 
16299 1912 840 8383 
16300 840 2798 8383 
16301 2798 1912 8383 
16302 2521 822 8384 
16303 822 2665 8384 
16304 2665 2521 8384 
16305 392 2137 8385 
16306 2137 2329 8385 
16307 2329 392 8385 
16308 2221 457 8386 
16309 457 2762 8386 
16310 2762 2221 8386 
16311 1017 2221 8387 
16312 2221 2762 8387 
16313 2762 1017 8387 
16314 1771 395 8388 
16315 395 2897 8388 
16316 2897 1771 8388 
16317 1852 442 8389 
16318 442 2744 8389 
16319 2744 1852 8389 
16320 809 1889 8390 
16321 1889 2761 8390 
16322 2761 809 8390 
16323 864 2227 8391 
16324 2227 2510 8391 
16325 2510 864 8391 
16326 598 1935 8392 
16327 1935 2714 8392 
16328 2714 598 8392 
16329 1122 2539 8393 
16330 2539 2712 8393 
16331 2712 1122 8393 
16332 1008 2130 8394 
16333 2130 2865 8394 
16334 2865 1008 8394 
16335 2130 114 8395 
16336 114 2865 8395 
16337 2865 2130 8395 
16338 426 1881 8396 
16339 1881 2608 8396 
16340 2608 426 8396 
16341 440 2551 8397 
16342 2551 2973 8397 
16343 2973 440 8397 
16344 2085 725 8398 
16345 725 2895 8398 
16346 2895 2085 8398 
16347 1000 2085 8399 
16348 2085 2895 8399 
16349 2895 1000 8399 
16350 924 2269 8400 
16351 2269 2942 8400 
16352 2942 924 8400 
16353 2053 382 8401 
16354 382 2817 8401 
16355 2817 2053 8401 
16356 1850 877 8402 
16357 877 2772 8402 
16358 2772 1850 8402 
16359 2476 880 8403 
16360 880 3024 8403 
16361 3024 2476 8403 
16362 1424 1850 8404 
16363 1850 2822 8404 
16364 2822 1424 8404 
16365 2316 1140 8405 
16366 1140 2959 8405 
16367 2959 2316 8405 
16368 1980 657 8406 
16369 657 2837 8406 
16370 2837 1980 8406 
16371 1850 563 8407 
16372 563 2822 8407 
16373 2822 1850 8407 
16374 1112 1972 8408 
16375 1972 2577 8408 
16376 2577 1112 8408 
16377 1095 1963 8409 
16378 1963 2800 8409 
16379 2800 1095 8409 
16380 376 1837 8410 
16381 1837 2821 8410 
16382 2821 376 8410 
16383 1934 536 8411 
16384 536 2749 8411 
16385 2749 1934 8411 
16386 897 1934 8412 
16387 1934 2749 8412 
16388 2749 897 8412 
16389 556 2318 8413 
16390 2318 2684 8413 
16391 2684 556 8413 
16392 1047 1980 8414 
16393 1980 2837 8414 
16394 2837 1047 8414 
16395 2037 919 8415 
16396 919 2429 8415 
16397 2429 2037 8415 
16398 914 1819 8416 
16399 1819 3013 8416 
16400 3013 914 8416 
16401 2268 737 8417 
16402 737 2524 8417 
16403 2524 2268 8417 
16404 2103 1373 8418 
16405 1373 2889 8418 
16406 2889 2103 8418 
16407 395 1671 8419 
16408 1671 2910 8419 
16409 2910 395 8419 
16410 410 2068 8420 
16411 2068 2465 8420 
16412 2465 410 8420 
16413 1289 1910 8421 
16414 1910 2943 8421 
16415 2943 1289 8421 
16416 1996 609 8422 
16417 609 2972 8422 
16418 2972 1996 8422 
16419 1063 2968 8423 
16420 2968 3014 8423 
16421 3014 1063 8423 
16422 988 2124 8424 
16423 2124 2519 8424 
16424 2519 988 8424 
16425 885 1509 8425 
16426 1509 2848 8425 
16427 2848 885 8425 
16428 907 1905 8426 
16429 1905 2910 8426 
16430 2910 907 8426 
16431 2092 442 8427 
16432 442 2547 8427 
16433 2547 2092 8427 
16434 995 2299 8428 
16435 2299 2965 8428 
16436 2965 995 8428 
16437 265 1889 8429 
16438 1889 2827 8429 
16439 2827 265 8429 
16440 1897 913 8430 
16441 913 2700 8430 
16442 2700 1897 8430 
16443 2222 438 8431 
16444 438 2223 8431 
16445 2223 2222 8431 
16446 2124 621 8432 
16447 621 2519 8432 
16448 2519 2124 8432 
16449 849 2018 8433 
16450 2018 2870 8433 
16451 2870 849 8433 
16452 2085 1000 8434 
16453 1000 2462 8434 
16454 2462 2085 8434 
16455 1851 332 8435 
16456 332 2858 8435 
16457 2858 1851 8435 
16458 31 1872 8436 
16459 1872 2832 8436 
16460 2832 31 8436 
16461 2221 1017 8437 
16462 1017 2982 8437 
16463 2982 2221 8437 
16464 1819 434 8438 
16465 434 3013 8438 
16466 3013 1819 8438 
16467 2020 748 8439 
16468 748 2898 8439 
16469 2898 2020 8439 
16470 319 2119 8440 
16471 2119 2501 8440 
16472 2501 319 8440 
16473 1522 1979 8441 
16474 1979 2603 8441 
16475 2603 1522 8441 
16476 295 1738 8442 
16477 1738 2899 8442 
16478 2899 295 8442 
16479 111 2294 8443 
16480 2294 2530 8443 
16481 2530 111 8443 
16482 2294 961 8444 
16483 961 2530 8444 
16484 2530 2294 8444 
16485 2034 1009 8445 
16486 1009 2523 8445 
16487 2523 2034 8445 
16488 1943 972 8446 
16489 972 2972 8446 
16490 2972 1943 8446 
16491 765 2232 8447 
16492 2232 2414 8447 
16493 2414 765 8447 
16494 1979 456 8448 
16495 456 2603 8448 
16496 2603 1979 8448 
16497 1872 1030 8449 
16498 1030 2832 8449 
16499 2832 1872 8449 
16500 817 2212 8450 
16501 2212 2518 8450 
16502 2518 817 8450 
16503 1245 2144 8451 
16504 2144 2841 8451 
16505 2841 1245 8451 
16506 2144 1019 8452 
16507 1019 2841 8452 
16508 2841 2144 8452 
16509 2345 983 8453 
16510 983 2450 8453 
16511 2450 2345 8453 
16512 1054 2434 8454 
16513 2434 2756 8454 
16514 2756 1054 8454 
16515 902 1857 8455 
16516 1857 2804 8455 
16517 2804 902 8455 
16518 2003 453 8456 
16519 453 2888 8456 
16520 2888 2003 8456 
16521 241 1911 8457 
16522 1911 2774 8457 
16523 2774 241 8457 
16524 2022 1361 8458 
16525 1361 2924 8458 
16526 2924 2022 8458 
16527 2454 1478 8459 
16528 1478 2821 8459 
16529 2821 2454 8459 
16530 2421 390 8460 
16531 390 2970 8460 
16532 2970 2421 8460 
16533 1158 2421 8461 
16534 2421 2970 8461 
16535 2970 1158 8461 
16536 1350 2180 8462 
16537 2180 2904 8462 
16538 2904 1350 8462 
16539 618 1871 8463 
16540 1871 2976 8463 
16541 2976 618 8463 
16542 293 2008 8464 
16543 2008 2852 8464 
16544 2852 293 8464 
16545 241 2098 8465 
16546 2098 2881 8465 
16547 2881 241 8465 
16548 2156 250 8466 
16549 250 2843 8466 
16550 2843 2156 8466 
16551 1966 361 8467 
16552 361 2696 8467 
16553 2696 1966 8467 
16554 1861 708 8468 
16555 708 2829 8468 
16556 2829 1861 8468 
16557 2450 983 8469 
16558 983 3018 8469 
16559 3018 2450 8469 
16560 1285 1987 8470 
16561 1987 2981 8470 
16562 2981 1285 8470 
16563 271 2103 8471 
16564 2103 2889 8471 
16565 2889 271 8471 
16566 187 2211 8472 
16567 2211 2356 8472 
16568 2356 187 8472 
16569 1907 1068 8473 
16570 1068 2686 8473 
16571 2686 1907 8473 
16572 496 2030 8474 
16573 2030 2990 8474 
16574 2990 496 8474 
16575 1750 953 8475 
16576 953 2932 8475 
16577 2932 1750 8475 
16578 2061 555 8476 
16579 555 2542 8476 
16580 2542 2061 8476 
16581 583 2525 8477 
16582 2525 2652 8477 
16583 2652 583 8477 
16584 979 1691 8478 
16585 1691 3019 8478 
16586 3019 979 8478 
16587 1255 2195 8479 
16588 2195 2494 8479 
16589 2494 1255 8479 
16590 2195 726 8480 
16591 726 2494 8480 
16592 2494 2195 8480 
16593 1256 2194 8481 
16594 2194 2493 8481 
16595 2493 1256 8481 
16596 2194 727 8482 
16597 727 2493 8482 
16598 2493 2194 8482 
16599 1466 2092 8483 
16600 2092 2547 8483 
16601 2547 1466 8483 
16602 1887 558 8484 
16603 558 2997 8484 
16604 2997 1887 8484 
16605 2098 1394 8485 
16606 1394 2881 8485 
16607 2881 2098 8485 
16608 2101 1326 8486 
16609 1326 2693 8486 
16610 2693 2101 8486 
16611 326 2304 8487 
16612 2304 2621 8487 
16613 2621 326 8487 
16614 2304 1170 8488 
16615 1170 2621 8488 
16616 2621 2304 8488 
16617 2232 1088 8489 
16618 1088 2414 8489 
16619 2414 2232 8489 
16620 2060 441 8490 
16621 441 2550 8490 
16622 2550 2060 8490 
16623 440 2059 8491 
16624 2059 2551 8491 
16625 2551 440 8491 
16626 1940 903 8492 
16627 903 2743 8492 
16628 2743 1940 8492 
16629 1977 809 8493 
16630 809 2761 8493 
16631 2761 1977 8493 
16632 2434 422 8494 
16633 422 2756 8494 
16634 2756 2434 8494 
16635 2222 791 8495 
16636 791 2636 8495 
16637 2636 2222 8495 
16638 740 2312 8496 
16639 2312 2809 8496 
16640 2809 740 8496 
16641 501 1953 8497 
16642 1953 2878 8497 
16643 2878 501 8497 
16644 2516 1356 8498 
16645 1356 2522 8498 
16646 2522 2516 8498 
16647 743 2249 8499 
16648 2249 2716 8499 
16649 2716 743 8499 
16650 1419 2540 8500 
16651 2540 2842 8500 
16652 2842 1419 8500 
16653 865 1966 8501 
16654 1966 2696 8501 
16655 2696 865 8501 
16656 2330 1467 8502 
16657 1467 2452 8502 
16658 2452 2330 8502 
16659 975 2185 8503 
16660 2185 3003 8503 
16661 3003 975 8503 
16662 2781 479 8504 
16663 479 2896 8504 
16664 2896 2781 8504 
16665 2119 1094 8505 
16666 1094 2501 8505 
16667 2501 2119 8505 
16668 1945 618 8506 
16669 618 2976 8506 
16670 2976 1945 8506 
16671 1018 2163 8507 
16672 2163 2905 8507 
16673 2905 1018 8507 
16674 457 2241 8508 
16675 2241 2784 8508 
16676 2784 457 8508 
16677 2163 40 8509 
16678 40 2905 8509 
16679 2905 2163 8509 
16680 2779 430 8510 
16681 430 3020 8510 
16682 3020 2779 8510 
16683 781 2148 8511 
16684 2148 2723 8511 
16685 2723 781 8511 
16686 1936 1057 8512 
16687 1057 2784 8512 
16688 2784 1936 8512 
16689 959 2300 8513 
16690 2300 2559 8513 
16691 2559 959 8513 
16692 1363 2528 8514 
16693 2528 2720 8514 
16694 2720 1363 8514 
16695 2180 751 8515 
16696 751 2904 8515 
16697 2904 2180 8515 
16698 2300 305 8516 
16699 305 2559 8516 
16700 2559 2300 8516 
16701 2477 1257 8517 
16702 1257 2789 8517 
16703 2789 2477 8517 
16704 1105 2461 8518 
16705 2461 2999 8518 
16706 2999 1105 8518 
16707 395 1905 8519 
16708 1905 2897 8519 
16709 2897 395 8519 
16710 2228 189 8520 
16711 189 2395 8520 
16712 2395 2228 8520 
16713 604 1895 8521 
16714 1895 2848 8521 
16715 2848 604 8521 
16716 574 1899 8522 
16717 1899 2875 8522 
16718 2875 574 8522 
16719 202 2345 8523 
16720 2345 2450 8523 
16721 2450 202 8523 
16722 2504 1183 8524 
16723 1183 2926 8524 
16724 2926 2504 8524 
16725 2147 1189 8525 
16726 1189 2957 8525 
16727 2957 2147 8525 
16728 1145 2061 8526 
16729 2061 2542 8526 
16730 2542 1145 8526 
16731 1071 2384 8527 
16732 2384 2740 8527 
16733 2740 1071 8527 
16734 2478 258 8528 
16735 258 2776 8528 
16736 2776 2478 8528 
16737 1099 2478 8529 
16738 2478 2776 8529 
16739 2776 1099 8529 
16740 1982 409 8530 
16741 409 2687 8530 
16742 2687 1982 8530 
16743 2737 315 8531 
16744 315 2741 8531 
16745 2741 2737 8531 
16746 1188 2737 8532 
16747 2737 2741 8532 
16748 2741 1188 8532 
16749 155 1912 8533 
16750 1912 2798 8533 
16751 2798 155 8533 
16752 2243 427 8534 
16753 427 2377 8534 
16754 2377 2243 8534 
16755 2823 924 8535 
16756 924 2942 8535 
16757 2942 2823 8535 
16758 1312 2823 8536 
16759 2823 2942 8536 
16760 2942 1312 8536 
16761 880 1887 8537 
16762 1887 2997 8537 
16763 2997 880 8537 
16764 564 2022 8538 
16765 2022 2924 8538 
16766 2924 564 8538 
16767 1374 2208 8539 
16768 2208 2873 8539 
16769 2873 1374 8539 
16770 546 2035 8540 
16771 2035 2677 8540 
16772 2677 546 8540 
16773 1859 910 8541 
16774 910 2679 8541 
16775 2679 1859 8541 
16776 2397 997 8542 
16777 997 2625 8542 
16778 2625 2397 8542 
16779 1969 738 8543 
16780 738 2797 8543 
16781 2797 1969 8543 
16782 1787 168 8544 
16783 168 2830 8544 
16784 2830 1787 8544 
16785 2005 573 8545 
16786 573 2909 8545 
16787 2909 2005 8545 
16788 2035 942 8546 
16789 942 2677 8546 
16790 2677 2035 8546 
16791 1971 779 8547 
16792 779 2869 8547 
16793 2869 1971 8547 
16794 1043 1971 8548 
16795 1971 2869 8548 
16796 2869 1043 8548 
16797 2200 780 8549 
16798 780 2509 8549 
16799 2509 2200 8549 
16800 967 1810 8550 
16801 1810 2685 8550 
16802 2685 967 8550 
16803 2191 260 8551 
16804 260 2650 8551 
16805 2650 2191 8551 
16806 940 2191 8552 
16807 2191 2650 8552 
16808 2650 940 8552 
16809 459 2188 8553 
16810 2188 2654 8553 
16811 2654 459 8553 
16812 2188 940 8554 
16813 940 2654 8554 
16814 2654 2188 8554 
16815 2533 387 8555 
16816 387 2969 8555 
16817 2969 2533 8555 
16818 818 2403 8556 
16819 2403 2669 8556 
16820 2669 818 8556 
16821 1871 926 8557 
16822 926 2976 8557 
16823 2976 1871 8557 
16824 2021 753 8558 
16825 753 2735 8558 
16826 2735 2021 8558 
16827 1001 2206 8559 
16828 2206 2996 8559 
16829 2996 1001 8559 
16830 2242 1042 8560 
16831 1042 2524 8560 
16832 2524 2242 8560 
16833 1511 2570 8561 
16834 2570 2935 8561 
16835 2935 1511 8561 
16836 2227 266 8562 
16837 266 2510 8562 
16838 2510 2227 8562 
16839 820 2516 8563 
16840 2516 2522 8563 
16841 2522 820 8563 
16842 1004 2156 8564 
16843 2156 2843 8564 
16844 2843 1004 8564 
16845 1961 441 8565 
16846 441 2872 8565 
16847 2872 1961 8565 
16848 928 1771 8566 
16849 1771 2897 8566 
16850 2897 928 8566 
16851 2650 1108 8567 
16852 1108 2654 8567 
16853 2654 2650 8567 
16854 940 2650 8568 
16855 2650 2654 8568 
16856 2654 940 8568 
16857 1107 2358 8569 
16858 2358 2444 8569 
16859 2444 1107 8569 
16860 2047 871 8570 
16861 871 2781 8570 
16862 2781 2047 8570 
16863 891 1888 8571 
16864 1888 2852 8571 
16865 2852 891 8571 
16866 2433 832 8572 
16867 832 2909 8572 
16868 2909 2433 8572 
16869 1931 401 8573 
16870 401 2984 8573 
16871 2984 1931 8573 
16872 95 2117 8574 
16873 2117 2638 8574 
16874 2638 95 8574 
16875 2121 373 8575 
16876 373 2920 8575 
16877 2920 2121 8575 
16878 2206 338 8576 
16879 338 2996 8576 
16880 2996 2206 8576 
16881 825 1996 8577 
16882 1996 2931 8577 
16883 2931 825 8577 
16884 2058 798 8578 
16885 798 2792 8578 
16886 2792 2058 8578 
16887 1061 2247 8579 
16888 2247 2708 8579 
16889 2708 1061 8579 
16890 1933 530 8580 
16891 530 3024 8580 
16892 3024 1933 8580 
16893 384 2184 8581 
16894 2184 2453 8581 
16895 2453 384 8581 
16896 394 2581 8582 
16897 2581 2616 8582 
16898 2616 394 8582 
16899 1708 358 8583 
16900 358 2554 8583 
16901 2554 1708 8583 
16902 737 2242 8584 
16903 2242 2524 8584 
16904 2524 737 8584 
16905 2212 918 8585 
16906 918 2518 8585 
16907 2518 2212 8585 
16908 2171 413 8586 
16909 413 2586 8586 
16910 2586 2171 8586 
16911 404 2029 8587 
16912 2029 2694 8587 
16913 2694 404 8587 
16914 1053 2274 8588 
16915 2274 2640 8588 
16916 2640 1053 8588 
16917 2274 528 8589 
16918 528 2640 8589 
16919 2640 2274 8589 
16920 1355 2224 8590 
16921 2224 2567 8590 
16922 2567 1355 8590 
16923 1111 2309 8591 
16924 2309 2799 8591 
16925 2799 1111 8591 
16926 749 2196 8592 
16927 2196 2473 8592 
16928 2473 749 8592 
16929 2123 888 8593 
16930 888 2674 8593 
16931 2674 2123 8593 
16932 2224 710 8594 
16933 710 2567 8594 
16934 2567 2224 8594 
16935 2035 694 8595 
16936 694 3016 8595 
16937 3016 2035 8595 
16938 844 2464 8596 
16939 2464 2958 8596 
16940 2958 844 8596 
16941 1641 298 8597 
16942 298 3003 8597 
16943 3003 1641 8597 
16944 2109 1228 8598 
16945 1228 2834 8598 
16946 2834 2109 8598 
16947 394 2174 8599 
16948 2174 2581 8599 
16949 2581 394 8599 
16950 1185 2298 8600 
16951 2298 2658 8600 
16952 2658 1185 8600 
16953 2537 1040 8601 
16954 1040 2600 8601 
16955 2600 2537 8601 
16956 531 2537 8602 
16957 2537 2600 8602 
16958 2600 531 8602 
16959 815 2162 8603 
16960 2162 2296 8603 
16961 2296 815 8603 
16962 698 1735 8604 
16963 1735 2933 8604 
16964 2933 698 8604 
16965 452 2330 8605 
16966 2330 2452 8605 
16967 2452 452 8605 
16968 2052 934 8606 
16969 934 2936 8606 
16970 2936 2052 8606 
16971 2018 275 8607 
16972 275 2870 8607 
16973 2870 2018 8607 
16974 438 2636 8608 
16975 2636 2812 8608 
16976 2812 438 8608 
16977 2165 755 8609 
16978 755 2927 8609 
16979 2927 2165 8609 
16980 2189 663 8610 
16981 663 2999 8610 
16982 2999 2189 8610 
16983 263 2052 8611 
16984 2052 2936 8611 
16985 2936 263 8611 
16986 2357 1243 8612 
16987 1243 2563 8612 
16988 2563 2357 8612 
16989 2002 839 8613 
16990 839 2904 8613 
16991 2904 2002 8613 
16992 2227 864 8614 
16993 864 2866 8614 
16994 2866 2227 8614 
16995 1266 2268 8615 
16996 2268 2524 8615 
16997 2524 1266 8615 
16998 426 2461 8616 
16999 2461 2711 8616 
17000 2711 426 8616 
17001 2317 1491 8617 
17002 1491 3006 8617 
17003 3006 2317 8617 
17004 2114 1056 8618 
17005 1056 2829 8618 
17006 2829 2114 8618 
17007 2358 391 8619 
17008 391 2444 8619 
17009 2444 2358 8619 
17010 1837 2698 8620 
17011 2698 2945 8620 
17012 2945 1837 8620 
17013 1418 2014 8621 
17014 2014 2898 8621 
17015 2898 1418 8621 
17016 942 2035 8622 
17017 2035 3016 8622 
17018 3016 942 8622 
17019 1987 1192 8623 
17020 1192 2981 8623 
17021 2981 1987 8623 
17022 329 1995 8624 
17023 1995 2958 8624 
17024 2958 329 8624 
17025 974 2003 8625 
17026 2003 2888 8625 
17027 2888 974 8625 
17028 1423 2556 8626 
17029 2556 2990 8626 
17030 2990 1423 8626 
17031 419 2187 8627 
17032 2187 2629 8627 
17033 2629 419 8627 
17034 438 2222 8628 
17035 2222 2636 8628 
17036 2636 438 8628 
17037 599 2357 8629 
17038 2357 2563 8629 
17039 2563 599 8629 
17040 1145 2542 8630 
17041 2542 2951 8630 
17042 2951 1145 8630 
17043 2207 825 8631 
17044 825 2931 8631 
17045 2931 2207 8631 
17046 2021 527 8632 
17047 527 2978 8632 
17048 2978 2021 8632 
17049 457 2784 8633 
17050 2784 2980 8633 
17051 2980 457 8633 
17052 1227 2533 8634 
17053 2533 2969 8634 
17054 2969 1227 8634 
17055 2605 992 8635 
17056 992 2736 8635 
17057 2736 2605 8635 
17058 2030 957 8636 
17059 957 2990 8636 
17060 2990 2030 8636 
17061 2166 304 8637 
17062 304 2726 8637 
17063 2726 2166 8637 
17064 670 2529 8638 
17065 2529 2746 8638 
17066 2746 670 8638 
17067 1038 2605 8639 
17068 2605 2736 8639 
17069 2736 1038 8639 
17070 2525 1165 8640 
17071 1165 2652 8640 
17072 2652 2525 8640 
17073 2042 610 8641 
17074 610 2930 8641 
17075 2930 2042 8641 
17076 957 2121 8642 
17077 2121 2920 8642 
17078 2920 957 8642 
17079 2489 970 8643 
17080 970 2746 8643 
17081 2746 2489 8643 
17082 1156 2166 8644 
17083 2166 2726 8644 
17084 2726 1156 8644 
17085 2097 175 8645 
17086 175 2928 8645 
17087 2928 2097 8645 
17088 2383 1553 8646 
17089 1553 2927 8646 
17090 2927 2383 8646 
17091 2250 290 8647 
17092 290 2740 8647 
17093 2740 2250 8647 
17094 2067 747 8648 
17095 747 2943 8648 
17096 2943 2067 8648 
17097 1990 271 8649 
17098 271 2889 8649 
17099 2889 1990 8649 
17100 791 2589 8650 
17101 2589 2636 8650 
17102 2636 791 8650 
17103 1286 2450 8651 
17104 2450 3018 8651 
17105 3018 1286 8651 
17106 2572 870 8652 
17107 870 2573 8652 
17108 2573 2572 8652 
17109 2011 879 8653 
17110 879 2954 8653 
17111 2954 2011 8653 
17112 433 2246 8654 
17113 2246 2692 8654 
17114 2692 433 8654 
17115 2311 697 8655 
17116 697 2940 8655 
17117 2940 2311 8655 
17118 1020 2311 8656 
17119 2311 2940 8656 
17120 2940 1020 8656 
17121 1011 2379 8657 
17122 2379 2951 8657 
17123 2951 1011 8657 
17124 2731 1151 8658 
17125 1151 2846 8658 
17126 2846 2731 8658 
17127 81 2731 8659 
17128 2731 2846 8659 
17129 2846 81 8659 
17130 2732 103 8660 
17131 103 2847 8660 
17132 2847 2732 8660 
17133 1152 2732 8661 
17134 2732 2847 8661 
17135 2847 1152 8661 
17136 1025 2189 8662 
17137 2189 2999 8662 
17138 2999 1025 8662 
17139 2542 1011 8663 
17140 1011 2951 8663 
17141 2951 2542 8663 
17142 479 2834 8664 
17143 2834 2896 8664 
17144 2896 479 8664 
17145 2703 944 8665 
17146 944 2773 8665 
17147 2773 2703 8665 
17148 1117 2703 8666 
17149 2703 2773 8666 
17150 2773 1117 8666 
17151 1473 2767 8667 
17152 2767 2801 8667 
17153 2801 1473 8667 
17154 466 2657 8668 
17155 2657 2799 8668 
17156 2799 466 8668 
17157 2657 1111 8669 
17158 1111 2799 8669 
17159 2799 2657 8669 
17160 2437 1320 8670 
17161 1320 2965 8670 
17162 2965 2437 8670 
17163 2531 1108 8671 
17164 1108 2650 8671 
17165 2650 2531 8671 
17166 260 2531 8672 
17167 2531 2650 8672 
17168 2650 260 8672 
17169 2370 934 8673 
17170 934 2713 8673 
17171 2713 2370 8673 
17172 408 2104 8674 
17173 2104 2890 8674 
17174 2890 408 8674 
17175 338 2212 8675 
17176 2212 2996 8675 
17177 2996 338 8675 
17178 2249 1359 8676 
17179 1359 2716 8676 
17180 2716 2249 8676 
17181 996 2097 8677 
17182 2097 2928 8677 
17183 2928 996 8677 
17184 253 2503 8678 
17185 2503 2685 8678 
17186 2685 253 8678 
17187 2581 1074 8679 
17188 1074 2616 8679 
17189 2616 2581 8679 
17190 927 2475 8680 
17191 2475 2548 8680 
17192 2548 927 8680 
17193 2555 849 8681 
17194 849 2870 8681 
17195 2870 2555 8681 
17196 2056 291 8682 
17197 291 2900 8682 
17198 2900 2056 8682 
17199 2487 541 8683 
17200 541 2727 8683 
17201 2727 2487 8683 
17202 1039 2487 8684 
17203 2487 2727 8684 
17204 2727 1039 8684 
17205 2570 845 8685 
17206 845 2935 8685 
17207 2935 2570 8685 
17208 1016 2165 8686 
17209 2165 2927 8686 
17210 2927 1016 8686 
17211 2636 1090 8687 
17212 1090 2812 8687 
17213 2812 2636 8687 
17214 2261 933 8688 
17215 933 2855 8688 
17216 2855 2261 8688 
17217 2379 251 8689 
17218 251 2951 8689 
17219 2951 2379 8689 
17220 2318 866 8690 
17221 866 2684 8690 
17222 2684 2318 8690 
17223 2834 1228 8691 
17224 1228 2896 8691 
17225 2896 2834 8691 
17226 2578 1005 8692 
17227 1005 2742 8692 
17228 2742 2578 8692 
17229 1048 2578 8693 
17230 2578 2742 8693 
17231 2742 1048 8693 
17232 835 2653 8694 
17233 2653 2719 8694 
17234 2719 835 8694 
17235 300 2302 8695 
17236 2302 3014 8695 
17237 3014 300 8695 
17238 1104 2562 8696 
17239 2562 2883 8696 
17240 2883 1104 8696 
17241 2562 281 8697 
17242 281 2883 8697 
17243 2883 2562 8697 
17244 708 2114 8698 
17245 2114 2829 8698 
17246 2829 708 8698 
17247 2615 465 8699 
17248 465 2703 8699 
17249 2703 2615 8699 
17250 1117 2615 8700 
17251 2615 2703 8700 
17252 2703 1117 8700 
17253 1164 2147 8701 
17254 2147 2957 8701 
17255 2957 1164 8701 
17256 2122 736 8702 
17257 736 2944 8702 
17258 2944 2122 8702 
17259 1996 255 8703 
17260 255 2931 8703 
17261 2931 1996 8703 
17262 915 2625 8704 
17263 2625 2739 8704 
17264 2739 915 8704 
17265 2403 1168 8705 
17266 1168 2669 8705 
17267 2669 2403 8705 
17268 2167 1353 8706 
17269 1353 2878 8706 
17270 2878 2167 8706 
17271 2138 400 8707 
17272 400 2891 8707 
17273 2891 2138 8707 
17274 2469 1521 8708 
17275 1521 2585 8708 
17276 2585 2469 8708 
17277 882 2370 8709 
17278 2370 2713 8709 
17279 2713 882 8709 
17280 2431 684 8710 
17281 684 2860 8710 
17282 2860 2431 8710 
17283 1410 2431 8711 
17284 2431 2860 8711 
17285 2860 1410 8711 
17286 883 2120 8712 
17287 2120 2991 8712 
17288 2991 883 8712 
17289 755 2383 8713 
17290 2383 2927 8713 
17291 2927 755 8713 
17292 945 2497 8714 
17293 2497 2949 8714 
17294 2949 945 8714 
17295 419 2261 8715 
17296 2261 2855 8715 
17297 2855 419 8715 
17298 1021 2392 8716 
17299 2392 3023 8716 
17300 3023 1021 8716 
17301 2461 1105 8717 
17302 1105 2711 8717 
17303 2711 2461 8717 
17304 2294 1453 8718 
17305 1453 2803 8718 
17306 2803 2294 8718 
17307 961 2294 8719 
17308 2294 2803 8719 
17309 2803 961 8719 
17310 240 2432 8720 
17311 2432 2690 8720 
17312 2690 240 8720 
17313 2392 1482 8721 
17314 1482 3023 8721 
17315 3023 2392 8721 
17316 2464 1390 8722 
17317 1390 2958 8722 
17318 2958 2464 8722 
17319 872 2428 8723 
17320 2428 2748 8723 
17321 2748 872 8723 
17322 943 2338 8724 
17323 2338 2770 8724 
17324 2770 943 8724 
17325 2278 1268 8725 
17326 1268 2827 8725 
17327 2827 2278 8725 
17328 2635 1119 8726 
17329 1119 2947 8726 
17330 2947 2635 8726 
17331 3016 694 8727 
17332 694 3017 8727 
17333 3017 3016 8727 
17334 1334 3016 8728 
17335 3016 3017 8728 
17336 3017 1334 8728 
17337 1549 2176 8729 
17338 2176 2893 8729 
17339 2893 1549 8729 
17340 2186 1098 8730 
17341 1098 2908 8730 
17342 2908 2186 8730 
17343 2338 321 8731 
17344 321 2770 8731 
17345 2770 2338 8731 
17346 2430 1290 8732 
17347 1290 2875 8732 
17348 2875 2430 8732 
17349 980 2490 8733 
17350 2490 2745 8733 
17351 2745 980 8733 
17352 779 2246 8734 
17353 2246 2869 8734 
17354 2869 779 8734 
17355 2539 917 8735 
17356 917 2712 8735 
17357 2712 2539 8735 
17358 2589 1090 8736 
17359 1090 2636 8736 
17360 2636 2589 8736 
17361 2640 1017 8737 
17362 1017 2762 8737 
17363 2762 2640 8737 
17364 1053 2640 8738 
17365 2640 2762 8738 
17366 2762 1053 8738 
17367 435 2365 8739 
17368 2365 2988 8739 
17369 2988 435 8739 
17370 381 2396 8740 
17371 2396 2807 8740 
17372 2807 381 8740 
17373 2432 963 8741 
17374 963 2690 8741 
17375 2690 2432 8741 
17376 798 2421 8742 
17377 2421 2792 8742 
17378 2792 798 8742 
17379 233 2635 8743 
17380 2635 2947 8743 
17381 2947 233 8743 
17382 2193 1414 8744 
17383 1414 3015 8744 
17384 3015 2193 8744 
17385 384 2453 8745 
17386 2453 2721 8745 
17387 2721 384 8745 
17388 998 2604 8746 
17389 2604 2971 8746 
17390 2971 998 8746 
17391 1408 2177 8747 
17392 2177 2978 8747 
17393 2978 1408 8747 
17394 1358 2476 8748 
17395 2476 3024 8748 
17396 3024 1358 8748 
17397 2339 241 8749 
17398 241 2881 8749 
17399 2881 2339 8749 
17400 2624 1147 8750 
17401 1147 2906 8750 
17402 2906 2624 8750 
17403 2490 979 8751 
17404 979 2745 8751 
17405 2745 2490 8751 
17406 2385 402 8752 
17407 402 2815 8752 
17408 2815 2385 8752 
17409 1399 2677 8753 
17410 2677 2952 8753 
17411 2952 1399 8753 
17412 968 2678 8754 
17413 2678 2756 8754 
17414 2756 968 8754 
17415 2421 1158 8755 
17416 1158 2792 8755 
17417 2792 2421 8755 
17418 1135 2673 8756 
17419 2673 2682 8756 
17420 2682 1135 8756 
17421 2365 1030 8757 
17422 1030 2988 8757 
17423 2988 2365 8757 
17424 487 2624 8758 
17425 2624 2906 8758 
17426 2906 487 8758 
17427 2678 1054 8759 
17428 1054 2756 8759 
17429 2756 2678 8759 
17430 2475 985 8760 
17431 985 2548 8760 
17432 2548 2475 8760 
17433 2528 852 8761 
17434 852 2720 8761 
17435 2720 2528 8761 
17436 841 2339 8762 
17437 2339 2881 8762 
17438 2881 841 8762 
17439 2015 300 8763 
17440 300 3014 8763 
17441 3014 2015 8763 
17442 2513 887 8764 
17443 887 2747 8764 
17444 2747 2513 8764 
17445 1028 2572 8765 
17446 2572 2573 8765 
17447 2573 1028 8765 
17448 2767 283 8766 
17449 283 2801 8766 
17450 2801 2767 8766 
17451 1049 2780 8767 
17452 2780 2970 8767 
17453 2970 1049 8767 
17454 2780 1158 8768 
17455 1158 2970 8768 
17456 2970 2780 8768 
17457 2673 989 8769 
17458 989 2682 8769 
17459 2682 2673 8769 
17460 808 2454 8770 
17461 2454 2821 8770 
17462 2821 808 8770 
17463 622 2477 8771 
17464 2477 2789 8771 
17465 2789 622 8771 
17466 2826 1108 8772 
17467 1108 2863 8772 
17468 2863 2826 8772 
17469 2670 1010 8773 
17470 1010 2671 8773 
17471 2671 2670 8773 
17472 2653 1071 8774 
17473 1071 2719 8774 
17474 2719 2653 8774 
17475 2302 1063 8775 
17476 1063 3014 8775 
17477 3014 2302 8775 
17478 2472 392 8776 
17479 392 3002 8776 
17480 3002 2472 8776 
17481 1007 2472 8777 
17482 2472 3002 8777 
17483 3002 1007 8777 
17484 1421 2555 8778 
17485 2555 2870 8778 
17486 2870 1421 8778 
17487 845 2355 8779 
17488 2355 2899 8779 
17489 2899 845 8779 
17490 1280 2499 8780 
17491 2499 2892 8780 
17492 2892 1280 8780 
17493 1033 2826 8781 
17494 2826 2863 8781 
17495 2863 1033 8781 
17496 926 2533 8782 
17497 2533 2836 8782 
17498 2836 926 8782 
17499 248 2469 8783 
17500 2469 2585 8783 
17501 2585 248 8783 
17502 2529 978 8784 
17503 978 2746 8784 
17504 2746 2529 8784 
17505 481 2641 8785 
17506 2641 2680 8785 
17507 2680 481 8785 
17508 2727 1032 8786 
17509 1032 2763 8786 
17510 2763 2727 8786 
17511 1039 2727 8787 
17512 2727 2763 8787 
17513 2763 1039 8787 
17514 2625 997 8788 
17515 997 2739 8788 
17516 2739 2625 8788 
17517 2784 1057 8789 
17518 1057 2980 8789 
17519 2980 2784 8789 
17520 2654 1108 8790 
17521 1108 2826 8790 
17522 2826 2654 8790 
17523 2777 638 8791 
17524 638 2823 8791 
17525 2823 2777 8791 
17526 1312 2777 8792 
17527 2777 2823 8792 
17528 2823 1312 8792 
17529 1550 2433 8793 
17530 2433 2909 8793 
17531 2909 1550 8793 
17532 425 2368 8794 
17533 2368 2876 8794 
17534 2876 425 8794 
17535 2540 448 8795 
17536 448 2842 8795 
17537 2842 2540 8795 
17538 2719 1071 8796 
17539 1071 2740 8796 
17540 2740 2719 8796 
17541 1649 2374 8797 
17542 2374 2987 8797 
17543 2987 1649 8797 
17544 290 2719 8798 
17545 2719 2740 8798 
17546 2740 290 8798 
17547 1698 2989 8799 
17548 2989 2993 8799 
17549 2993 1698 8799 
17550 2499 288 8800 
17551 288 2892 8800 
17552 2892 2499 8800 
17553 2343 435 8801 
17554 435 2998 8801 
17555 2998 2343 8801 
17556 2176 482 8802 
17557 482 2893 8802 
17558 2893 2176 8802 
17559 2297 443 8803 
17560 443 2655 8803 
17561 2655 2297 8803 
17562 1529 2679 8804 
17563 2679 2977 8804 
17564 2977 1529 8804 
17565 647 2437 8805 
17566 2437 2965 8805 
17567 2965 647 8805 
17568 2503 967 8806 
17569 967 2685 8806 
17570 2685 2503 8806 
17571 1516 2725 8807 
17572 2725 2887 8807 
17573 2887 1516 8807 
17574 1027 2670 8808 
17575 2670 2671 8808 
17576 2671 1027 8808 
17577 459 2654 8809 
17578 2654 2826 8809 
17579 2826 459 8809 
17580 347 2576 8810 
17581 2576 2937 8810 
17582 2937 347 8810 
17583 955 2845 8811 
17584 2845 2911 8811 
17585 2911 955 8811 
17586 2396 993 8812 
17587 993 2807 8812 
17588 2807 2396 8812 
17589 145 2480 8813 
17590 2480 2941 8813 
17591 2941 145 8813 
17592 2868 706 8814 
17593 706 2971 8814 
17594 2971 2868 8814 
17595 978 2489 8815 
17596 2489 2746 8815 
17597 2746 978 8815 
17598 2497 466 8816 
17599 466 2949 8816 
17600 2949 2497 8816 
17601 2576 1044 8817 
17602 1044 2937 8817 
17603 2937 2576 8817 
17604 2906 1147 8818 
17605 1147 2937 8818 
17606 2937 2906 8818 
17607 2461 1025 8819 
17608 1025 2999 8819 
17609 2999 2461 8819 
17610 2816 1084 8820 
17611 1084 2959 8820 
17612 2959 2816 8820 
17613 983 2641 8821 
17614 2641 3018 8821 
17615 3018 983 8821 
17616 2679 910 8822 
17617 910 2977 8822 
17618 2977 2679 8822 
17619 1044 2906 8823 
17620 2906 2937 8823 
17621 2937 1044 8823 
17622 2374 480 8824 
17623 480 2987 8824 
17624 2987 2374 8824 
17625 2845 1249 8825 
17626 1249 2911 8825 
17627 2911 2845 8825 
17628 2764 1436 8826 
17629 1436 2983 8826 
17630 2983 2764 8826 
17631 2989 932 8827 
17632 932 2993 8827 
17633 2993 2989 8827 
17634 2556 496 8828 
17635 496 2990 8828 
17636 2990 2556 8828 
17637 2677 942 8829 
17638 942 2952 8829 
17639 2952 2677 8829 
17640 1671 2771 8830 
17641 2771 2910 8830 
17642 2910 1671 8830 
17643 2745 979 8831 
17644 979 2893 8831 
17645 2893 2745 8831 
17646 2641 481 8832 
17647 481 3018 8832 
17648 3018 2641 8832 
17649 2725 936 8833 
17650 936 2887 8833 
17651 2887 2725 8833 
17652 912 2764 8834 
17653 2764 2983 8834 
17654 2983 912 8834 
17655 2698 901 8835 
17656 901 2945 8835 
17657 2945 2698 8835 
17658 1140 2816 8836 
17659 2816 2959 8836 
17660 2959 1140 8836 
17661 2604 1089 8837 
17662 1089 2971 8837 
17663 2971 2604 8837 
17664 1089 2868 8838 
17665 2868 2971 8838 
17666 2971 1089 8838 
17667 2771 907 8839 
17668 907 2910 8839 
17669 2910 2771 8839 
17670 482 2745 8840 
17671 2745 2893 8840 
17672 2893 482 8840 
$EndElements
