$MeshFormat
2.2 0 8
$EndMeshFormat
$PhysicalNames
5
1 1 "Left"
1 2 "Right"
1 3 "Bottom"
1 4 "Top"
2 5 "Fluid"
$EndPhysicalNames
$Nodes
3491
1 0 0 0
2 5 0 0
3 5 2 0
4 6 2 0
5 6 0 0
6 40 0 0
7 40 10 0
8 0 10 0
9 0.3846153846150596 0 0
10 0.7692307692298551 0 0
11 1.153846153844117 0 0
12 1.538461538458379 0 0
13 1.923076923072641 0 0
14 2.307692307688217 0 0
15 2.692307692304186 0 0
16 3.076923076920155 0 0
17 3.461538461536123 0 0
18 3.846153846152092 0 0
19 4.230769230768061 0 0
20 4.615384615384031 0 0
21 5 0.3999999999991157 0
22 5 0.7999999999979498 0
23 5 1.199999999997894 0
24 5 1.599999999998947 0
25 5.333333333333333 2 0
26 5.666666666666667 2 0
27 6 1.6 0
28 6 1.200000000002774 0
29 6 0.8000000000033287 0
30 6 0.4000000000016644 0
31 6.399999999999119 0 0
32 6.799999999998239 0 0
33 7.199999999997358 0 0
34 7.599999999996477 0 0
35 7.999999999995596 0 0
36 8.399999999994716 0 0
37 8.799999999993835 0 0
38 9.199999999992954 0 0
39 9.599999999992074 0 0
40 9.999999999991173 0 0
41 10.39999999998938 0 0
42 10.79999999998656 0 0
43 11.19999999998359 0 0
44 11.59999999998062 0 0
45 11.99999999997765 0 0
46 12.39999999997468 0 0
47 12.79999999997171 0 0
48 13.19999999996874 0 0
49 13.59999999996577 0 0
50 13.99999999996288 0 0
51 14.39999999996139 0 0
52 14.79999999996051 0 0
53 15.19999999995962 0 0
54 15.59999999995874 0 0
55 15.99999999995741 0 0
56 16.39999999995469 0 0
57 16.79999999995172 0 0
58 17.19999999994875 0 0
59 17.59999999994578 0 0
60 17.99999999994281 0 0
61 18.39999999993984 0 0
62 18.79999999993687 0 0
63 19.1999999999339 0 0
64 19.59999999993093 0 0
65 19.99999999992796 0 0
66 20.39999999992499 0 0
67 20.79999999992202 0 0
68 21.19999999991905 0 0
69 21.59999999991608 0 0
70 21.99999999991311 0 0
71 22.39999999991014 0 0
72 22.79999999990734 0 0
73 23.19999999990646 0 0
74 23.5999999999075 0 0
75 23.9999999999087 0 0
76 24.39999999990991 0 0
77 24.79999999991112 0 0
78 25.19999999991232 0 0
79 25.59999999991354 0 0
80 25.99999999991474 0 0
81 26.39999999991595 0 0
82 26.79999999991715 0 0
83 27.19999999991837 0 0
84 27.59999999991957 0 0
85 27.99999999992078 0 0
86 28.39999999992198 0 0
87 28.79999999992319 0 0
88 29.1999999999244 0 0
89 29.59999999992561 0 0
90 29.99999999992681 0 0
91 30.39999999992802 0 0
92 30.79999999992923 0 0
93 31.19999999993044 0 0
94 31.59999999993164 0 0
95 31.99999999993408 0 0
96 32.3999999999393 0 0
97 32.79999999994469 0 0
98 33.19999999995007 0 0
99 33.59999999995546 0 0
100 33.99999999996084 0 0
101 34.39999999996622 0 0
102 34.79999999997161 0 0
103 35.199999999977 0 0
104 35.59999999998237 0 0
105 35.99999999998776 0 0
106 36.39999999999314 0 0
107 36.79999999999853 0 0
108 37.20000000000393 0 0
109 37.6000000000093 0 0
110 38.00000000001338 0 0
111 38.40000000001188 0 0
112 38.80000000000891 0 0
113 39.20000000000594 0 0
114 39.60000000000297 0 0
115 40 0.3999999999996677 0
116 40 0.7999999999993286 0
117 40 1.199999999999033 0
118 40 1.599999999997992 0
119 40 1.999999999996825 0
120 40 2.399999999995657 0
121 40 2.79999999999449 0
122 40 3.199999999993322 0
123 40 3.599999999992154 0
124 40 3.999999999991022 0
125 40 4.399999999991491 0
126 40 4.799999999992099 0
127 40 5.199999999992706 0
128 40 5.599999999993313 0
129 40 5.999999999993922 0
130 40 6.39999999999453 0
131 40 6.799999999995138 0
132 40 7.199999999995747 0
133 40 7.599999999996353 0
134 40 7.999999999996962 0
135 40 8.399999999997569 0
136 40 8.799999999998176 0
137 40 9.199999999998786 0
138 40 9.599999999999392 0
139 39.6 10 0
140 39.2 10 0
141 38.8 10 0
142 38.4 10 0
143 37.99999999999999 10 0
144 37.59999999999999 10 0
145 37.2 10 0
146 36.8 10 0
147 36.39999999999999 10 0
148 35.99999999999999 10 0
149 35.59999999999999 10 0
150 35.19999999999999 10 0
151 34.79999999999999 10 0
152 34.39999999999999 10 0
153 33.99999999999999 10 0
154 33.59999999999999 10 0
155 33.19999999999999 10 0
156 32.79999999999999 10 0
157 32.39999999999999 10 0
158 31.99999999999999 10 0
159 31.59999999999999 10 0
160 31.19999999999999 10 0
161 30.79999999999999 10 0
162 30.39999999999999 10 0
163 29.99999999999999 10 0
164 29.59999999999999 10 0
165 29.19999999999999 10 0
166 28.79999999999999 10 0
167 28.39999999999999 10 0
168 27.99999999999999 10 0
169 27.59999999999999 10 0
170 27.19999999999999 10 0
171 26.79999999999999 10 0
172 26.39999999999999 10 0
173 25.99999999999999 10 0
174 25.59999999999999 10 0
175 25.19999999999999 10 0
176 24.79999999999999 10 0
177 24.39999999999999 10 0
178 23.99999999999999 10 0
179 23.59999999999999 10 0
180 23.19999999999999 10 0
181 22.79999999999999 10 0
182 22.39999999999999 10 0
183 21.99999999999999 10 0
184 21.59999999999999 10 0
185 21.2 10 0
186 20.79999999999999 10 0
187 20.4 10 0
188 20 10 0
189 19.59999999999999 10 0
190 19.2 10 0
191 18.79999999999999 10 0
192 18.4 10 0
193 17.99999999999999 10 0
194 17.59999999999999 10 0
195 17.19999999999999 10 0
196 16.8 10 0
197 16.39999999999999 10 0
198 16 10 0
199 15.59999999999999 10 0
200 15.2 10 0
201 14.8 10 0
202 14.4 10 0
203 13.99999999999999 10 0
204 13.59999999999999 10 0
205 13.2 10 0
206 12.79999999999999 10 0
207 12.39999999999999 10 0
208 12 10 0
209 11.6 10 0
210 11.19999999999999 10 0
211 10.79999999999999 10 0
212 10.39999999999999 10 0
213 9.999999999999996 10 0
214 9.599999999999994 10 0
215 9.199999999999996 10 0
216 8.799999999999997 10 0
217 8.399999999999999 10 0
218 7.999999999999993 10 0
219 7.599999999999994 10 0
220 7.199999999999996 10 0
221 6.799999999999997 10 0
222 6.399999999999999 10 0
223 6 10 0
224 5.600000000000001 10 0
225 5.199999999999996 10 0
226 4.799999999999997 10 0
227 4.399999999999991 10 0
228 3.999999999999993 10 0
229 3.600000000000001 10 0
230 3.199999999999996 10 0
231 2.799999999999997 10 0
232 2.400000000000006 10 0
233 2 10 0
234 1.599999999999994 10 0
235 1.199999999999996 10 0
236 0.7999999999999972 10 0
237 0.3999999999999986 10 0
238 0 9.6 0
239 0 9.199999999999999 0
240 0 8.799999999999997 0
241 0 8.399999999999997 0
242 0 7.999999999999997 0
243 0 7.599999999999998 0
244 0 7.199999999999998 0
245 0 6.799999999999997 0
246 0 6.399999999999997 0
247 0 5.999999999999997 0
248 0 5.599999999999998 0
249 0 5.199999999999998 0
250 0 4.799999999999999 0
251 0 4.399999999999999 0
252 0 3.999999999999999 0
253 0 3.599999999999999 0
254 0 3.199999999999998 0
255 0 2.799999999999998 0
256 0 2.399999999999999 0
257 0 1.999999999999998 0
258 0 1.6 0
259 0 1.199999999999999 0
260 0 0.7999999999999989 0
261 0 0.3999999999999986 0
262 10.05817248440217 5.069811335767614 0
263 16.59820490131705 4.983241276509571 0
264 21.79999999991455 4.999999999998322 0
265 31.35200269531567 5.001578067092883 0
266 26.61235419223527 5.194863726533043 0
267 5.833333333333334 6.000000000000001 0
268 35.65065100728864 5.742694508642258 0
269 13.29999999997639 3.587999999984266 0
270 3.114242424242425 4.479671717171719 0
271 13.87220996528917 6.774926804758729 0
272 19.23633287456102 3.10832254109196 0
273 19.23085494629096 6.83974890880294 0
274 33.88696551498533 3.117222067793786 0
275 24.26628446110148 3.063280713597344 0
276 28.9050727920346 3.110434698630191 0
277 24.12036429810005 6.936775188014589 0
278 29.07758913408659 6.962139218998647 0
279 37.10687398154326 3.000925898631813 0
280 3.295712799637571 7.187767233022386 0
281 8.313963375270934 7.23174720332132 0
282 8.609595968872718 2.699434148674111 0
283 33.25319472709469 7.197804489773862 0
284 11.30070736340972 7.296728609377238 0
285 15.6662504493294 2.604235192072811 0
286 37.4593314177494 7.421028876319611 0
287 11.08281390414043 2.500313273735283 0
288 16.30846996373111 7.444449664771168 0
289 21.84857007863935 2.469266183715598 0
290 31.39316947488463 2.558447281737846 0
291 21.62243977822185 7.493540805081516 0
292 2.764373240973856 2.22853758766127 0
293 6.813321236201493 4.016532998185043 0
294 26.55401873679115 2.38369814570614 0
295 26.59612185981955 7.553887548672861 0
296 31.12380034320165 7.824906041155473 0
297 37.79552295442355 5.087158630070789 0
298 35.32083264889732 7.826981767960884 0
299 4.951835515454537 3.891194736097859 0
300 12.08794818229454 5.363448136432082 0
301 5.26552630232968 7.960236108979975 0
302 33.69975135103363 5.158260781580154 0
303 17.64985280154095 2.006948157963432 0
304 1.915796745439661 5.974547285725872 0
305 23.71082261397095 5.042083904951361 0
306 28.57002553460525 5.08496611049814 0
307 14.65625807736051 4.980507326179431 0
308 18.5365244057924 5.058386773094457 0
309 8.1596424037196 5.368452003726406 0
310 35.42291041824107 1.927326241962987 0
311 13.89106901990206 1.852876279871808 0
312 1.815203489923922 8.201953796414696 0
313 18.01550069159415 8.158590806257537 0
314 12.84400680463232 8.239095769035336 0
315 4.152814010352161 5.76968861469684 0
316 35.485192465476 3.895651846397628 0
317 9.773895418222455 8.272876889209488 0
318 6.963742114420379 8.279761146276641 0
319 1.716523607199451 3.556529719536151 0
320 38.25063397777616 1.749366022222886 0
321 20.20708509361266 1.638678392717126 0
322 14.74978151978763 8.270278037588145 0
323 20.09122921592262 8.288264681113736 0
324 32.953655645005 1.70567990641794 0
325 23.30078303605947 1.694379025973989 0
326 29.87891683551675 1.678687455874651 0
327 23.11483613467878 8.301762207695326 0
328 17.58865893460489 6.401991815647148 0
329 20.15652188639028 4.543708058706549 0
330 25.10168536888065 8.325532929986519 0
331 28.11892308820255 8.317335802261709 0
332 28.07402278210835 1.634027976633436 0
333 25.08422058689982 1.649738535853317 0
334 17.55126709468951 3.646482424855721 0
335 9.831966475744881 6.595816213770189 0
336 25.64002829730332 3.811513148742753 0
337 27.45277424613221 3.848831124563942 0
338 9.744166687624551 1.620867396438961 0
339 20.68164748133102 6.1709273309529 0
340 32.41706614006002 3.738357251223401 0
341 30.31060271025868 3.759389332253725 0
342 22.77185794112818 3.697838625183458 0
343 12.44023811806948 1.543742474771027 0
344 30.43442260760486 6.335704624333436 0
345 22.66495946089193 6.310956122142507 0
346 11.28099309125674 4.092960100196673 0
347 29.69932632953682 8.41623190340195 0
348 7.601156782549794 1.560029068033268 0
349 25.53214176362541 6.398897980703894 0
350 27.5309185318336 6.386110521750084 0
351 38.48635953611915 3.640126542474266 0
352 4.070128377633349 2.833198227926329 0
353 1.523632821761065 1.501745934469891 0
354 32.46507929671987 8.493976623033095 0
355 9.853786984800843 3.532410651212475 0
356 15.71595384956218 6.109580266778058 0
357 38.45911182044329 6.382828327076181 0
358 33.99588572865271 8.480097976061078 0
359 38.55086643310696 8.513586092797578 0
360 7.14616535486045 6.396363116328554 0
361 3.990593698342782 8.567564896971554 0
362 32.00844399103575 6.350288458925445 0
363 36.79631942597634 1.458623490294739 0
364 8.191794140536537 3.984959018991741 0
365 34.60315224097629 6.650475597590685 0
366 36.54896929229477 8.571540746863063 0
367 6.983422649841172 2.742119266712931 0
368 8.314055565331619 8.612058530887962 0
369 20.5673452267852 3.238857438611968 0
370 18.89870397989884 1.375648844843837 0
371 14.75054065734677 3.69194652352801 0
372 25.19225145304841 5.081202590820368 0
373 36.9027564808887 6.190394272804937 0
374 29.97497218252553 5.051228946470131 0
375 12.5094494687396 6.686046082580691 0
376 16.39863933202247 1.432592741318923 0
377 3.675144182362173 1.267142158645131 0
378 5.8002749071399 3.162794835222305 0
379 5.822714596533182 4.748106772465013 0
380 10.94947154124029 8.70041244714713 0
381 34.228834225909 1.324211739289509 0
382 1.262472252301759 4.836052673786629 0
383 13.43275217409508 5.514147373462603 0
384 6.235049472776319 7.178716406437772 0
385 4.882134920234101 6.786827698867555 0
386 36.55283291524456 4.746552867498319 0
387 15.95653480164061 3.796909648287042 0
388 10.89950808285577 5.929203773844712 0
389 16.81388449500971 8.733293406313068 0
390 21.40966413926695 1.271264091397546 0
391 1.250287726867447 7.09506766596223 0
392 6.942464353812136 5.215419391232961 0
393 21.28696610327911 8.72869907088794 0
394 31.72486179939071 1.266017772392968 0
395 12.31500658102595 2.81093246213253 0
396 15.08244186960533 1.26267786806171 0
397 10.95585754743257 1.237603366215681 0
398 26.93823845019641 1.226253247264636 0
399 26.2269672748316 8.824395829786681 0
400 19.60484666066719 5.679148859765763 0
401 2.999470713566471 5.642740430030095 0
402 2.940354458414269 3.346240675738848 0
403 19.02267746227988 8.829698176363284 0
404 35.91107175662302 6.800670040110125 0
405 2.766194537432553 8.874497090782187 0
406 8.661418964572112 1.166445078997717 0
407 21.64000105146675 3.791864047304663 0
408 4.180999774051243 4.688488416313755 0
409 32.53013382707098 5.302985904542074 0
410 34.8307662107371 4.839549334113794 0
411 5.979932297470804 8.843700837186967 0
412 1.128382440146768 2.57184691586764 0
413 14.98433555806162 7.077611505361731 0
414 2.544455480183473 1.114360244560764 0
415 12.3855421567619 4.243137444351719 0
416 13.79575101969635 8.845165208599335 0
417 30.73892386413637 8.860818071080462 0
418 16.7977625984842 2.816092859805822 0
419 38.86899592907676 4.681357098452585 0
420 24.08830348473336 8.86642800880848 0
421 38.88838541750346 7.46988007837893 0
422 27.71841495035741 2.760306650059557 0
423 25.31827013873484 2.72762540565434 0
424 29.27568564344421 4.151634037094095 0
425 15.67200520227985 8.912200878337895 0
426 8.833219554265277 6.23537527416442 0
427 34.98453584541687 8.89407261094239 0
428 20.2519833417367 7.238180820098419 0
429 30.13082080803383 7.420297711530215 0
430 24.46183784102318 5.927496850029893 0
431 38.88228007172661 2.634677863984996 0
432 24.50023128121425 4.170603890093347 0
433 35.9531639251767 2.870885704997782 0
434 37.5369004140971 4.068740711967397 0
435 2.322491666853986 6.964283816633888 0
436 32.23410914970534 7.432541022034787 0
437 24.24413975219473 1.059297915776354 0
438 29.0111039235071 1.114368049112732 0
439 33.44737854710264 4.108361484754447 0
440 29.27401959306494 5.929635496197241 0
441 9.058704335929701 4.696678393336358 0
442 4.890463511287356 8.925821193494206 0
443 30.03027121502283 2.811609652447693 0
444 32.45778093052597 2.676131266219579 0
445 22.93926482918454 2.712059158504762 0
446 1.086954934834304 8.946770443578142 0
447 5.064623928163363 5.359004495759574 0
448 22.41826337081852 1.115192309940537 0
449 4.797676470394343 2.97701260482253 0
450 37.54432278452908 8.940073210557735 0
451 12.04276283057366 8.914113192499915 0
452 33.23064623707378 6.242774052150239 0
453 13.285138971122 1.058345720320552 0
454 30.69924504219907 1.044432088082498 0
455 27.25324437839694 8.901836298930185 0
456 4.267600545791108 7.660590564158768 0
457 13.80880907624448 7.811293915814021 0
458 22.64833699126381 7.365945617571333 0
459 18.15549255399897 2.746980584710063 0
460 34.87965071493632 2.816569941926356 0
461 22.29109071839139 8.973448798918236 0
462 38.98111268472339 1.083099046018815 0
463 25.96154877241711 1.08811741709783 0
464 18.24506149731135 7.195989045184973 0
465 14.5775154268178 5.941523179014686 0
466 13.73935484764852 4.456586298303856 0
467 17.54119534508457 5.322421020940456 0
468 18.5511403628949 6.031121873822991 0
469 19.19999999993367 4.207479160413754 0
470 31.40492159783286 3.94218985442232 0
471 27.56702611196462 4.845633963103696 0
472 2.279455565034258 5.036958703204213 0
473 22.78399023962874 5.246482214535237 0
474 27.62976922621294 7.440366544956664 0
475 25.07487509733152 7.244448024916165 0
476 26.58785953549821 6.294388990022783 0
477 17.90988228441545 1.03479388226477 0
478 7.347205018473843 7.36390631177743 0
479 21.69105105909011 6.008959035517615 0
480 35.96491317656053 1.042618218555724 0
481 10.05294835613336 2.543749426622658 0
482 16.5665751931338 5.971552011133912 0
483 13.23713897558999 2.570079361870985 0
484 14.66380412456838 2.561800614605919 0
485 28.89524497342438 8.979597586739011 0
486 3.78136135710688 3.846536155603077 0
487 34.4708808650421 3.928152612107118 0
488 19.18308569040763 7.85881492291431 0
489 34.1941074277127 7.514393229458051 0
490 24.26951680805659 2.083182403087644 0
491 28.96696696808116 2.15871867197699 0
492 0.9852943882284522 5.758364940865039 0
493 15.54625710565884 4.822580902469425 0
494 17.25456489538104 7.518269384221837 0
495 9.221598539216185 7.436929842783053 0
496 9.194755123219858 9.026621156459271 0
497 4.114936383656602 2.053108571255604 0
498 37.65001223681492 0.998599015438669 0
499 37.85408740413576 2.668733589090268 0
500 10.31830687934841 7.461253648179936 0
501 31.74250270944837 8.97691951492966 0
502 19.43994537835006 2.273863719281001 0
503 20.8828088229473 5.133214467837002 0
504 23.98240184449436 7.861370533074746 0
505 11.18353530649602 4.999794305263779 0
506 36.53081444729999 7.626528814176332 0
507 33.79519431002534 2.176186298351639 0
508 2.694694056411709 7.895048193024279 0
509 36.41522924980234 3.738781605466257 0
510 7.474963123167203 9.059138565797836 0
511 19.72504122703127 0.9810593272012181 0
512 26.56678312895994 4.277975649339462 0
513 7.568952304971574 4.569279333829749 0
514 7.824127795251767 3.23489629391109 0
515 39.01973774551031 5.552194300213274 0
516 10.27961579028952 9.044296672540341 0
517 28.28780311844577 4.128238655806147 0
518 17.63562860319727 8.981183073209817 0
519 33.19583989680538 9.079782210104257 0
520 11.89711988918602 7.990329776249233 0
521 0.9075474686624763 7.942024062928555 0
522 14.22618553722674 0.9169900732425125 0
523 28.8979688133113 7.884670968803912 0
524 4.020580576014285 6.629785154572057 0
525 23.52000941385487 5.922610158829698 0
526 8.95162653523535 3.52574445525755 0
527 1.988552851980157 2.73381650813489 0
528 33.3788463028198 0.9062508739313196 0
529 11.83480559900679 0.9447977036333606 0
530 0.9052833245550705 3.994607279342666 0
531 26.50717702634621 3.304814817958166 0
532 31.25571838149945 6.91748762617024 0
533 6.924843929006329 0.8941905538197117 0
534 20.81635515531 2.363916067892613 0
535 34.46749994812543 5.681642089246691 0
536 10.72772644900753 3.272872236016256 0
537 11.62629803874164 6.506617316645675 0
538 1.943259108866321 9.074986977724141 0
539 6.053032032506669 3.986559567575277 0
540 6.862025241745815 1.947995201525572 0
541 34.99197873327617 0.8839447900153738 0
542 20.63495045560805 0.8865789159594386 0
543 20.46986357577233 9.10368126797831 0
544 2.299883436953492 4.128523797208923 0
545 9.559363363883 5.769964805250431 0
546 18.43763387711642 3.72322042019593 0
547 23.61721131699198 4.163275948684211 0
548 0.870162810891447 0.8668725252653294 0
549 28.37311503340779 5.92772133418183 0
550 16.81848618473046 4.153861959332774 0
551 10.37107999326046 4.209617171972782 0
552 17.86091386735228 4.498560652803952 0
553 12.95314209070841 9.14496724795517 0
554 14.60039239751758 9.084393169468743 0
555 6.150078911313026 7.988819936284666 0
556 25.41125685053801 9.132488610152329 0
557 30.7579010991049 1.889274809434192 0
558 35.86580517063768 9.115264213049322 0
559 15.61432867686151 7.993341148622074 0
560 33.24288975850237 8.030958983401852 0
561 31.21791618865881 5.84136956287048 0
562 27.77268585192601 0.8242186897031144 0
563 32.48769149132863 0.8495924752001065 0
564 13.07952365438125 7.487196096774579 0
565 7.830551083511448 2.287289851858157 0
566 2.994041118398429 6.459827648562254 0
567 17.03939844270675 0.8432143239257445 0
568 10.17554445443429 0.8105480029358474 0
569 39.13311820587197 9.13311820587206 0
570 8.980614973294102 1.928484587573877 0
571 35.63953552582736 4.799963304487351 0
572 23.39867059937565 0.8306976772730761 0
573 29.82902798009957 0.9479742366883696 0
574 22.21548377952784 8.110658119543009 0
575 20.90472429412005 7.968472056507582 0
576 30.6611647118228 4.607349982062699 0
577 36.54379257699841 2.261837945567325 0
578 7.921357349919127 6.134741389630854 0
579 22.43799741221875 1.923801716346951 0
580 23.28768497897949 9.141651939696176 0
581 19.8671804279408 3.677836236313829 0
582 13.97516519326785 3.060648605525207 0
583 37.68535706127319 6.640091736021803 0
584 25.78625922579374 7.809842116064649 0
585 11.58446971157109 1.801537583027926 0
586 32.12568127592585 4.552403287272354 0
587 25.93279796104922 1.882710504953873 0
588 25.85234165767725 5.58134783309873 0
589 25.00895815597197 0.8248533979338372 0
590 20.99756770128381 4.391989829692419 0
591 11.46905252062505 3.365361722532628 0
592 39.17557011725433 1.836041151288835 0
593 22.47319914216743 4.572015483881942 0
594 10.72682911887963 6.718868011205607 0
595 37.47153280080477 1.990763175637766 0
596 27.27877078919627 5.53861407978311 0
597 12.8280214720235 4.96918266081192 0
598 33.06704977395599 3.235795637573429 0
599 27.2787927946967 1.9779854709871 0
600 7.934978094063155 0.8870689811297027 0
601 25.97255904303525 4.691390353038043 0
602 30.71536604695165 3.014315418432521 0
603 23.48359835376339 3.217903970793923 0
604 23.35290256563754 6.898579806787866 0
605 21.36331450013456 6.719683332261919 0
606 6.522027867522831 3.26502541630721 0
607 16.77906610599211 6.824406467880531 0
608 36.48110123744538 5.507895291078464 0
609 28.20303098329364 6.910566162753529 0
610 31.77105805481608 3.260563360068575 0
611 6.593750163229608 5.905511648063698 0
612 28.15083608843154 9.135732283508691 0
613 34.59115419436154 2.047963150673584 0
614 15.76814412339337 0.7723023945053524 0
615 25.00170879176307 3.537163891170261 0
616 22.18736771504462 3.195466852130624 0
617 29.9788459887574 9.141139873211909 0
618 9.320074353122177 0.7494414540301779 0
619 20.1263994536724 2.456686567715707 0
620 7.928286757158193 7.912335232319381 0
621 19.93705922900551 6.391180439567557 0
622 27.17480142124005 8.095877212002852 0
623 6.314237519603154 2.627386573408183 0
624 1.87898127955459 0.7781997742072926 0
625 12.72801963469053 5.86899818269819 0
626 39.18987053924455 3.934614512475808 0
627 8.998252878366516 8.09698429429022 0
628 6.72879996822326 9.210390427255023 0
629 0.7919168409870561 1.931831088650473 0
630 37.84346650311013 5.899741634948267 0
631 5.117300730989419 4.6741293316345 0
632 3.557446177139267 9.213116838929 0
633 28.08694855215195 3.385512875445695 0
634 5.63847380576609 6.692850314184655 0
635 29.75106254127111 6.525582498350514 0
636 3.567055547750206 5.083780139392815 0
637 9.367127107766541 2.845841172346129 0
638 18.47978952647849 2.043695702740465 0
639 32.02502545774325 2.031960482374156 0
640 26.25019950666009 6.917224867975105 0
641 27.00166176767235 6.895073495542281 0
642 10.40521985988824 1.847944261750187 0
643 4.306516076406147 0.8249308364870434 0
644 37.7885323115633 8.216408422889272 0
645 39.21952041345243 8.128412358757876 0
646 39.21158212650065 6.727334981771445 0
647 15.7144228727683 1.69836956504863 0
648 19.69286481370275 9.22689851094511 0
649 22.07456654381912 6.914428209681653 0
650 30.40883179567527 8.110278578342459 0
651 9.673855706323044 4.281532078311133 0
652 16.81627625399682 2.06586164174443 0
653 15.72193884807434 6.881915195342282 0
654 35.26614492600378 6.97467378142735 0
655 2.059864116827211 2.016348023111518 0
656 30.68761332370358 5.326889889991709 0
657 34.34468633202766 9.222787560322121 0
658 3.527787599068516 2.456414638668472 0
659 38.15482461936356 4.360223632912455 0
660 5.155780408132298 6.044682142287481 0
661 12.56224409678845 0.7725085389506138 0
662 15.01793622169589 4.312581370249053 0
663 29.63692702320921 3.501203450842624 0
664 0.7463408790850589 3.258928320652577 0
665 13.15037829365815 1.794995795458971 0
666 3.465810917317603 7.926461399998215 0
667 24.82362417942811 6.575267964294179 0
668 31.74459995181661 8.260764136014595 0
669 33.83370000894894 6.626677737594805 0
670 15.35692877007098 3.298577170892436 0
671 36.99507224045865 6.986752451400579 0
672 0.7260143733963405 6.484144800180539 0
673 38.21278606697595 9.266710648522047 0
674 15.95183067964267 5.399713550742104 0
675 3.172874006401033 0.7651176267527977 0
676 36.5966901582247 0.7377027302472351 0
677 32.5024498623064 9.246647013450213 0
678 15.24343442833322 5.478008275763183 0
679 21.40994706744119 3.045883625858447 0
680 4.435983359834604 3.44222244097278 0
681 32.87027432624171 4.673009805359832 0
682 7.531285887903946 3.814333144655887 0
683 19.57412313823766 4.917504268663935 0
684 6.583903970547427 4.621272435381752 0
685 4.334984638018256 9.3347977426013 0
686 18.37719563702775 9.282810530912311 0
687 8.896496979201073 5.4447178884997 0
688 12.0150412932998 7.259574265995788 0
689 34.6595401951428 8.241338929387625 0
690 32.70005451750556 6.64517610218442 0
691 36.88147266576382 9.282992646946273 0
692 35.85171892241747 8.405276654331244 0
693 35.27909863714815 6.272523608031802 0
694 6.10569029299284 5.439853415425324 0
695 38.15950337580411 7.226942541855845 0
696 4.612030076257305 8.224333908277455 0
697 7.450349837602431 5.601215727164176 0
698 13.1521119252967 6.424574162705807 0
699 23.57923694220838 2.450023054478291 0
700 12.59712283372148 3.602835700476794 0
701 30.04933740805662 5.788822734543402 0
702 13.95163696062684 3.822978221709364 0
703 5.482013153806287 2.611703830592528 0
704 25.27643297604299 4.332375697448777 0
705 10.46978152879144 8.165171225851733 0
706 16.3215426158314 9.225099025855009 0
707 18.58316174856001 0.7164613738984222 0
708 24.71315275652546 9.245878003809077 0
709 28.40709621720779 2.584529317457915 0
710 8.281838743265098 1.837047301877346 0
711 34.16879779464151 4.645832803185343 0
712 11.42806031656582 9.288660109046289 0
713 16.16530001068334 3.072666539281399 0
714 37.20788737699027 5.484555777715449 0
715 37.78201399061592 3.401963509286271 0
716 1.816383744837653 7.463599413852395 0
717 3.072841933934077 1.620444456854849 0
718 37.06789267045102 8.077342095641024 0
719 29.98572096430807 4.343564871100956 0
720 25.17835849660018 5.783091043559129 0
721 6.289284633696255 6.49480718839787 0
722 38.32989799508883 0.6581995460702688 0
723 3.562698076614837 6.106742475071512 0
724 8.595267531893438 9.33208730249418 0
725 23.33562711886271 7.577549066577005 0
726 36.09671204277106 1.72436135593636 0
727 8.264812221329594 4.709185448192549 0
728 14.66560627286532 1.85762488328663 0
729 17.50356685019184 2.777575738719714 0
730 21.8427462508326 0.6996751406230191 0
731 10.22524293732169 6.019831809902063 0
732 24.46477911983421 5.190652089821964 0
733 29.2610236116699 4.892352309303711 0
734 16.27631933581203 8.197715408228573 0
735 7.736462659766119 6.809648735144412 0
736 39.28362839219204 3.259773066137032 0
737 14.0955383853258 5.463915219138362 0
738 36.16773782381484 6.144502039083429 0
739 17.2919435805774 8.17454205825732 0
740 33.15545006658735 2.512664936027045 0
741 20.18239952146738 5.244020734532161 0
742 13.03239187275966 4.248588472631951 0
743 14.32982470284522 7.292973735530826 0
744 31.31134616589109 0.6956451358340746 0
745 6.733738246493964 7.606119735019976 0
746 26.02343461940609 2.754285581074662 0
747 21.68293310122992 9.305389473056842 0
748 1.605847477338485 4.213185774331054 0
749 23.1781332584708 4.715154345308969 0
750 5.273388302804715 7.307965104037483 0
751 0.6651272038292213 5.136402477806353 0
752 11.73755969561001 4.535967991739136 0
753 28.37701245408464 0.6657786793896526 0
754 28.25356469516407 7.638060939261426 0
755 26.67450506960272 9.331021466888931 0
756 38.46389469025968 5.233471329602039 0
757 4.337521745030608 1.454243346595874 0
758 31.93769649943058 5.661461999946477 0
759 12.62385036919301 2.254931078869161 0
760 13.82445440210707 6.128542612793251 0
761 26.51752430711002 0.6796660712446067 0
762 5.473531497929337 9.305899035708611 0
763 37.2676580219086 4.66564306098268 0
764 6.881389527358978 6.940484422617966 0
765 10.6415175047785 5.313578318697711 0
766 1.661974103872361 5.359743969528912 0
767 17.02982732512519 9.337404495887791 0
768 4.547718868381251 2.442291872630732 0
769 11.49940418463465 5.76374900579523 0
770 24.70144874793754 7.861049772028562 0
771 27.95255237514576 5.376283264266826 0
772 20.5081241281003 3.877501479788738 0
773 1.75662471741391 6.618379270692316 0
774 11.21275411600428 8.049593091907379 0
775 34.37417450819166 0.7044619125309071 0
776 18.66571197763895 8.222192200563461 0
777 2.28381415433845 3.377569507480759 0
778 11.73749869692275 2.472596495716159 0
779 27.26376867139602 3.170746720004602 0
780 20.90965122646695 7.294004886094775 0
781 20.89860259142745 1.682131414150922 0
782 32.58760647221865 5.925484014122093 0
783 16.92420749119674 3.474428207366979 0
784 24.70502285528745 2.598166389681893 0
785 5.502379011761238 3.675486473737745 0
786 29.59631872658491 7.76994187808489 0
787 4.356683789339953 4.0675115362994 0
788 21.77712964221278 1.828719047047354 0
789 34.9703610551509 3.477443284193262 0
790 0.6269770692838945 7.24024141044042 0
791 22.16611376067154 5.557860572000854 0
792 4.427237337240541 5.193533303459001 0
793 8.888330761523932 6.889149600402874 0
794 18.85406934480952 2.598433714110738 0
795 16.40506511052635 0.6399687042530272 0
796 31.41716839308806 1.85462601777352 0
797 38.39938871000793 7.89913878193726 0
798 33.56261595840603 1.596857120779448 0
799 14.84782344443304 0.6499089991024429 0
800 19.50196115635515 1.617779568034084 0
801 14.37200993688408 4.378670894387628 0
802 16.27018889952165 4.443194235909371 0
803 4.569556462155582 6.305683752117229 0
804 17.17959063054206 4.688296620345238 0
805 35.85554715888705 7.499674238319639 0
806 18.51952135114686 4.337619586302576 0
807 2.550398143444278 6.033794731903795 0
808 15.05250053907238 6.478509103579714 0
809 35.06484327155049 5.483027195680973 0
810 11.92115723707544 3.830629951102449 0
811 36.0306992937112 4.249341344422186 0
812 18.90814478840905 5.529898713961139 0
813 19.17477188298392 6.165285338692327 0
814 15.22348945725302 9.36373410770689 0
815 17.21899869865239 1.477939269610977 0
816 26.6376960774917 1.799389230549442 0
817 19.62677136491089 7.31395648104286 0
818 21.55603661838568 8.133214294522123 0
819 11.22705440436316 0.6413986815904794 0
820 33.78827279043141 5.801529972773239 0
821 21.19799180511535 0.6469070517680234 0
822 10.79390850001099 9.377569197834209 0
823 5.417683945803089 8.569387947908885 0
824 7.576230407244665 8.437883408032183 0
825 29.37598966969081 9.381189824253084 0
826 8.828495889702133 4.112048543724773 0
827 7.16722054696598 3.34159950131653 0
828 28.79516676326869 6.388008501172003 0
829 31.14105600933831 9.36095750012146 0
830 2.882909607509802 5.042819056411653 0
831 34.26447321066544 2.596543311520779 0
832 30.75060669169305 7.271632347895394 0
833 21.04743186685194 9.378739211179189 0
834 26.57132610738823 8.313823162634689 0
835 16.18408252699989 2.197815623186908 0
836 32.77750273678925 7.604351977067147 0
837 3.495532818630779 3.306342698905857 0
838 0.6328006126333768 9.340175007262168 0
839 39.37825017197875 5.063338055747321 0
840 23.97826354754052 6.342229414806291 0
841 9.568712839981352 2.179820600965461 0
842 0.6280249770365846 8.511492154204767 0
843 24.04194001469915 3.719095902285453 0
844 33.14492352518891 5.450394937565805 0
845 28.80899256944114 3.743829677219431 0
846 2.508012283170655 9.379646814969368 0
847 3.223491690815601 3.857949407582142 0
848 27.14913822996699 0.630207841381646 0
849 34.87284006127295 1.583011899910904 0
850 18.1805761462462 6.519297550635114 0
851 18.17804026596535 5.515670673443531 0
852 26.01799348480668 9.370731951366214 0
853 16.23693314646992 6.490884203043372 0
854 3.034227429844792 2.776474385887051 0
855 5.535424786806376 4.230049567293483 0
856 25.67960334240545 8.452985597681401 0
857 19.4727824503905 8.391958101238181 0
858 14.12649440886084 8.357824366826819 0
859 13.46932541951986 8.342710412823562 0
860 12.51091604511864 7.704168292143555 0
861 12.15606574467308 6.136470453659046 0
862 29.32537802926089 2.640778527653703 0
863 31.92878032539513 0.6347423847706695 0
864 6.573474597695811 1.410381777382222 0
865 39.3975933649569 6.149275465987047 0
866 18.83626637314915 7.309401268449852 0
867 32.33203744731307 1.466548713634292 0
868 16.98375461511013 5.514087162412444 0
869 34.97867069203008 4.263950935337776 0
870 21.84989670410712 4.386948683602751 0
871 3.65379019070025 4.382951511544125 0
872 34.77153439443464 7.489360561552545 0
873 15.20980217526568 2.188684081025281 0
874 1.460882538609761 2.101878383507716 0
875 8.368373007259196 3.436906973085978 0
876 31.18890259761155 8.442709047795056 0
877 39.41722867727518 0.6103513735653342 0
878 19.20236482590605 0.6247494750044529 0
879 9.654557525550114 9.383654709005723 0
880 30.2047817293792 2.227257842715839 0
881 35.40219272627307 2.499958446250868 0
882 2.371922892440597 8.402548088072862 0
883 19.01263446705619 9.412389119269772 0
884 3.383111370542818 8.597988036898894 0
885 14.52011219355186 6.701922981268712 0
886 38.43666417183526 3.019171649552042 0
887 13.85766272298613 2.455579285994418 0
888 24.48464412863918 8.402662890811106 0
889 13.48611942773178 9.395516695934488 0
890 17.60297126454973 6.952922616006848 0
891 23.83848704069308 9.446614216141604 0
892 9.398925724468807 5.108365135904867 0
893 21.42804379143616 5.469389468115158 0
894 15.05240688453334 7.754329603814432 0
895 33.72870731476237 9.388069428691388 0
896 13.67080543115863 0.5962312287263495 0
897 8.349884309098512 6.636189454237645 0
898 20.65112506068569 8.502930397548472 0
899 1.423348211662176 9.422489753133203 0
900 22.7632393992658 9.364036344332138 0
901 1.307161895838416 6.224777275508736 0
902 33.93050430917528 3.718395921818581 0
903 31.15747257748217 3.422061764496955 0
904 8.476248410860251 0.5954281350794468 0
905 23.91264585886896 1.58566283754749 0
906 28.69096366585665 1.588346698986958 0
907 19.80977242063081 3.08824712120495 0
908 0.5868794188519265 4.515007879833876 0
909 22.22389850194862 3.891905074308997 0
910 35.3404482139933 9.414052607324134 0
911 26.99740100730401 4.714280701134256 0
912 15.10184479900463 8.745660194859319 0
913 8.479069966271933 7.807078144032038 0
914 24.51261558839236 1.582880370874159 0
915 29.2921459307555 1.58005392221546 0
916 37.16708271441507 0.6111412604729926 0
917 20.21160708272555 5.822481724128075 0
918 16.77796273618979 7.871496860189312 0
919 6.101300884072744 9.415065653339457 0
920 12.87253152356504 3.032976223468723 0
921 14.0783693962388 9.40595019512379 0
922 9.203797023804206 1.392418314182359 0
923 1.50226876395809 3.007380891113861 0
924 25.68635638569917 7.223806273589593 0
925 2.788115758464016 7.320683650495106 0
926 10.68040175205811 4.737398918811118 0
927 11.63470756199469 8.538034866110646 0
928 2.5011056219298 0.5582267307846952 0
929 22.84208967520872 0.6177371620321621 0
930 3.594114812007748 1.851171989175197 0
931 23.67637233316739 8.432323798151675 0
932 31.57338611316462 7.421276208352651 0
933 5.570936601227186 5.172846901390731 0
934 30.53428044190151 9.419942009781991 0
935 21.05841726632996 3.643041733458369 0
936 36.80453933476709 4.15116272438893 0
937 37.03769047998972 3.581522765961612 0
938 27.54574599850007 1.428719693188363 0
939 7.385824266476807 0.5609394641409218 0
940 28.68580434585149 8.420095192221812 0
941 2.050757941479473 1.404722744540635 0
942 25.42712935038444 2.184601375517018 0
943 38.4121467604142 2.332409516888186 0
944 6.430352480584685 8.500407256164824 0
945 20.65299057501766 6.761428254292428 0
946 7.306185803925115 2.26009097182764 0
947 1.238989044096432 8.372434422698943 0
948 7.951514335249664 9.424685341801956 0
949 35.93604256459022 3.494261648003177 0
950 36.41467309806795 3.177737829161674 0
951 4.407474159211971 7.059639808352371 0
952 35.47843775911769 0.5720478415597237 0
953 5.795500488952149 7.515392689695969 0
954 18.27523472668325 1.47534085976622 0
955 39.40805683508978 4.477433763060732 0
956 0.5640029301766502 2.59642334731079 0
957 12.45528430066146 9.378314582776087 0
958 25.53682885613573 0.5971037674199438 0
959 28.78313602131696 4.511124753622534 0
960 23.89304999256277 0.577649195543996 0
961 29.31145823934088 0.5768605525519289 0
962 3.709619660652346 0.5473887980897336 0
963 20.34339015582269 7.764060973077592 0
964 1.325265382051566 0.5359506423697047 0
965 30.35041588550683 0.5792916536074292 0
966 35.9372200612212 2.277521564864347 0
967 17.82587316374441 7.609594323503419 0
968 18.27076512214812 8.692441708431739 0
969 9.748404658979403 7.179376495253354 0
970 39.42155494075531 2.361026030561708 0
971 39.45643474790395 7.399999999996046 0
972 23.97702100989997 5.566421481732347 0
973 34.43709388608804 3.240491373466397 0
974 24.50115823748269 0.5541719577977285 0
975 2.319081616812684 5.539783756161235 0
976 27.74905061109027 4.287059170955189 0
977 7.691636061965639 5.119528807635477 0
978 31.9550838893936 6.934868294768643 0
979 0.5515172609117854 1.337578547388964 0
980 4.820157764330586 7.531594122693869 0
981 34.32538911620675 5.155359998964578 0
982 20.11807089846861 0.5844536944468998 0
983 17.53842080991348 0.5187186195831688 0
984 10.19989971700005 3.095963662886321 0
985 33.78496584946234 7.919995842559769 0
986 37.08326646046343 2.412262539712298 0
987 12.27027970661511 4.813647007329369 0
988 13.798203164217 1.28173423995645 0
989 13.62055982119059 7.271245958541122 0
990 4.704631901106662 5.754054466326389 0
991 15.54489100124229 7.455597365433581 0
992 18.42726785504895 7.707959067590793 0
993 25.63267614004276 3.241906794021429 0
994 9.368423099633501 6.296071935557741 0
995 38.49681423127475 5.797719165188376 0
996 8.432933698433883 5.844614535808833 0
997 27.9427958090903 2.205458193097258 0
998 12.32608342486717 8.41439521089718 0
999 24.03388546188904 4.516766391890593 0
1000 39.46184559791568 1.340882725059554 0
1001 31.93685035452825 5.094533445310086 0
1002 9.714180497341362 8.805994899828143 0
1003 15.78279842978763 9.447137133868079 0
1004 38.65855127150274 6.923845235394253 0
1005 30.19980642626443 8.658495927160503 0
1006 15.41038832779958 3.877830176993383 0
1007 7.32028424730558 7.910226774674155 0
1008 35.39290801829583 3.100524499357962 0
1009 27.12494097752077 2.619926326378815 0
1010 35.24561404251278 8.42218639482309 0
1011 27.55776065585015 9.438129887857912 0
1012 21.84207151637086 8.635193918212828 0
1013 11.06626802187032 1.925850783277208 0
1014 32.89742059629774 4.039012803620095 0
1015 24.74346677158514 4.702131055835525 0
1016 28.79476603225238 5.561722200598379 0
1017 39.45321701326689 8.671606163377833 0
1018 28.15443275299208 4.733932324078062 0
1019 22.81481023757606 8.873986659275577 0
1020 22.91324145912958 5.81329311679854 0
1021 23.39579031444783 5.331396082018143 0
1022 10.692152591626 0.5894002990813264 0
1023 7.035226173604395 4.529095965641643 0
1024 34.19881424018514 6.184335635322487 0
1025 29.64355629209427 7.050252403615928 0
1026 30.20278472334358 6.812800347754121 0
1027 32.95500837066287 0.5123237838828012 0
1028 36.33670713164209 9.44393912714745 0
1029 38.66446873992997 4.112053067113587 0
1030 28.54407731952405 9.459252668613574 0
1031 22.94435949080145 1.265725678797719 0
1032 3.906848008169787 7.252377018404923 0
1033 37.31158161350979 9.576655466012452 0
1034 3.464843890393874 6.666074574173499 0
1035 29.49395030761616 5.401190547550395 0
1036 26.89645493200218 3.746574650615055 0
1037 33.4388424553894 4.65173112807522 0
1038 32.22880781827282 7.986250819006964 0
1039 13.35709835129524 4.867701632384621 0
1040 26.0578424392991 6.10235915311959 0
1041 14.9525188834129 3.046379164477323 0
1042 5.057630774157637 3.423330900262211 0
1043 22.95433181798432 2.126270852176388 0
1044 2.516651451149436 1.714462483139183 0
1045 35.45802132556003 1.369308081936431 0
1046 37.74693824059969 1.517483698767461 0
1047 13.08198458506171 0.5398754805301089 0
1048 32.57107878528513 2.132467860707729 0
1049 31.15855457066525 1.330154489584667 0
1050 22.04405276366477 1.310195814443918 0
1051 31.17480074723836 4.434178542322055 0
1052 30.85498546476808 4.051516471067298 0
1053 17.36006277200116 4.166152885508279 0
1054 29.56096236850734 2.151918762190648 0
1055 38.43442298982359 1.242180594443764 0
1056 18.63919656548888 3.181427197141274 0
1057 18.01709886010504 3.362390379943937 0
1058 2.601573224663758 4.585485195531006 0
1059 33.0553472753621 8.544451966793757 0
1060 17.38906360544926 5.872192018834257 0
1061 10.8359828072106 7.649698193486098 0
1062 19.75329608138343 7.869894759887058 0
1063 10.24777127298957 1.427406487601125 0
1064 31.90921666957499 2.701595636932083 0
1065 32.32507559296371 3.189449426218282 0
1066 17.97104113657822 6.03622605933008 0
1067 22.33386710734045 2.456760444098605 0
1068 18.73742933740277 6.617750120993979 0
1069 17.96471602263045 3.976432126539017 0
1070 19.01384203379171 3.691739580201631 0
1071 30.88518939440127 2.426822955777755 0
1072 37.15987140735298 8.585382389027572 0
1073 14.06159726514508 4.958302489755798 0
1074 25.40411033652814 1.204322249473897 0
1075 22.76042043475953 7.901008825002683 0
1076 30.39731423258397 1.512323803172295 0
1077 10.58180748057843 2.679829265629805 0
1078 31.92968538125109 4.015556903689166 0
1079 22.68282228975376 3.229558031277343 0
1080 12.09889732067878 2.067762197505222 0
1081 21.26250469710651 4.875136439144377 0
1082 14.34047375692808 7.841549163588287 0
1083 19.74370351010294 4.23649572493614 0
1084 4.765745589002992 9.417459953715497 0
1085 27.56732719752332 8.599648600665972 0
1086 34.79786647081163 9.455817406953097 0
1087 3.962545441550724 7.999103271693722 0
1088 30.17852820816735 3.181236298337657 0
1089 2.532806744566995 2.873028490435664 0
1090 31.10467094482958 6.347363890446651 0
1091 26.6708974036756 5.712875502889043 0
1092 27.15722393240595 6.181542118755353 0
1093 14.42722414311697 1.501957320036735 0
1094 5.060230514153961 2.49040367735478 0
1095 22.10260554753683 7.584306795287949 0
1096 36.04836201889267 5.170488265835406 0
1097 3.689882899988876 5.579949158790568 0
1098 3.035297556457742 9.487597586314561 0
1099 6.533001259970861 0.5038855031295812 0
1100 36.30125943160515 8.083356485225515 0
1101 18.98531629543652 4.711112898204666 0
1102 16.21747681568558 8.8217129149286 0
1103 33.78229010902111 7.155118849776591 0
1104 22.19607584768361 9.497937709110138 0
1105 36.4698963952567 6.617917429419943 0
1106 20.16990649651888 1.243505305284881 0
1107 1.839449667009289 4.704415519374031 0
1108 4.434732371398177 8.756584386402984 0
1109 4.647656483616558 4.50626335443226 0
1110 18.00127325775819 5.00693121882499 0
1111 27.7289396607825 7.893705244279599 0
1112 24.68089845188697 7.264296356065349 0
1113 18.89413753742473 1.951080040478027 0
1114 10.35444396011815 3.682686158521808 0
1115 26.82524886805606 8.704364198471861 0
1116 27.83973516335281 5.902836220232721 0
1117 9.716832987866724 7.712423566896883 0
1118 26.30456713119839 3.792076850679758 0
1119 5.428912053366415 5.715348051437529 0
1120 36.10304752364132 0.5268176088361476 0
1121 12.80295134210084 1.219192468881582 0
1122 16.96479990762076 6.264627240907012 0
1123 25.27164738011329 7.860804281836897 0
1124 21.15672891882154 5.965398913049508 0
1125 8.015997896822038 1.308892110664117 0
1126 7.563231811410736 2.767319558174219 0
1127 38.05690935710456 8.636135210200344 0
1128 22.73249094404088 6.84059020753129 0
1129 26.32216302978752 1.267928207590798 0
1130 31.99975622020782 9.474436402438091 0
1131 24.64486927480175 2.082803786183788 0
1132 7.009869926149475 8.813009340148367 0
1133 9.392131507975821 3.760941947665887 0
1134 7.079609600877941 9.423466900680749 0
1135 9.991200492917027 5.44127098551469 0
1136 37.87380461458623 3.842983619969637 0
1137 22.14510568711779 6.305136669413693 0
1138 13.43826027270813 3.07590770180088 0
1139 22.38034214443969 4.929904706962671 0
1140 34.52149061248473 8.73415783094423 0
1141 29.32576601948524 8.935492967586045 0
1142 34.76161472792038 6.098763946902332 0
1143 2.715712719774232 3.819113146860915 0
1144 1.382465055862202 7.530673476964845 0
1145 18.08980807383255 0.5063925909564099 0
1146 38.72924099711898 9.475364453139267 0
1147 33.24810712491724 6.694988447405333 0
1148 5.365372164852279 3.041331192556919 0
1149 7.075974524285977 5.867269245419099 0
1150 17.9633845611217 2.392304519317104 0
1151 1.17295309959186 3.613585621557162 0
1152 20.04001288779869 8.80996318980883 0
1153 23.2181160368646 6.326369669307265 0
1154 5.926501575167721 2.450799761550068 0
1155 23.83332122871117 7.40319154479451 0
1156 0.5485265563502968 0.5500546218721325 0
1157 28.14211222160877 6.35051540535629 0
1158 2.305801179005706 6.506796479659142 0
1159 27.74614759692024 6.991287408279484 0
1160 0.5320618159535309 6.055870166656246 0
1161 28.7611044622783 7.380062905508628 0
1162 32.90826465513733 1.316088421887848 0
1163 6.415919665119874 2.204079442337576 0
1164 9.834618300168897 0.5006279281112064 0
1165 9.053175672909594 2.445979086110524 0
1166 15.30856394184221 0.5724826049914278 0
1167 8.543017229601515 5.106279760971689 0
1168 12.08184389206723 3.325939595850845 0
1169 8.772881718165198 8.680315916006949 0
1170 27.09610018483898 7.645914472796641 0
1171 8.96589141582259 9.480752258026985 0
1172 4.53663755306243 1.792194732000669 0
1173 24.01998307204355 2.670005246634611 0
1174 36.75466017815484 5.137101089831809 0
1175 38.80980241149975 0.5235403888458605 0
1176 11.42740204701325 1.254726498012223 0
1177 13.28675552665234 7.793852789590485 0
1178 21.43309340494125 2.090834346440195 0
1179 4.448348013568005 2.867333710766106 0
1180 7.904719575550516 7.427336261739965 0
1181 32.98358826186566 9.476013342517076 0
1182 27.13012587672709 4.291685291587411 0
1183 14.68259520925507 5.478702300887426 0
1184 2.185565346007047 7.845019449315195 0
1185 11.10759095107632 2.858397933518914 0
1186 20.0754314887033 9.514026596663236 0
1187 37.86423520993533 0.5059659560337797 0
1188 25.00393723157721 8.850270265791744 0
1189 11.87329056508973 9.475159927807747 0
1190 8.114620071386398 2.756092331599104 0
1191 28.46037283922158 2.055735369987511 0
1192 10.25067875091323 6.917436686941339 0
1193 10.23889445882788 8.505180043153288 0
1194 16.12090363313102 5.985196964454085 0
1195 16.47731037340658 3.750876755484452 0
1196 28.35826853901732 1.243674192155087 0
1197 7.017945778994253 1.51833292206628 0
1198 25.22783928585515 6.782199948305687 0
1199 9.42413710875274 6.877700532634597 0
1200 0.5228182812820795 3.692295592938627 0
1201 12.21594154811754 0.5175137449720812 0
1202 33.67217336150218 0.5168693325039521 0
1203 30.77964894258523 5.868164985182732 0
1204 17.69097539963385 1.490322956265353 0
1205 16.78789587356924 7.339879923957092 0
1206 11.12016023030494 6.387843475772992 0
1207 23.03838387993229 4.170404519906372 0
1208 36.37784838229262 1.153627637793815 0
1209 7.392384265881282 1.04369195918874 0
1210 39.45411646261512 9.451961758674805 0
1211 20.61670879062004 4.732071638797766 0
1212 8.930762518955248 0.5684205921585319 0
1213 22.2480089492896 0.5399493273847997 0
1214 17.9769192860358 9.497453855345908 0
1215 8.344898541304547 2.216603048686892 0
1216 15.84822297297124 1.308656339903295 0
1217 34.49992592733808 7.083680762088802 0
1218 17.57780246556658 8.558001228715924 0
1219 37.48080991168079 6.171607339283521 0
1220 19.49127246266433 2.784423370113011 0
1221 19.83798245677998 2.152870640773197 0
1222 33.60068116966352 2.675082521496181 0
1223 17.3870001794353 3.125334402918059 0
1224 36.37849342975615 7.114802192004555 0
1225 6.138917770254539 3.505277347588662 0
1226 34.18623904198239 1.792253006667549 0
1227 13.53881758621387 4.093827083193303 0
1228 37.19266826586626 1.061724178356686 0
1229 15.23365836884157 5.00637872213388 0
1230 29.18948024240211 8.315918574255663 0
1231 1.256951229308419 5.237569673417151 0
1232 6.145577552568074 4.390383136743585 0
1233 12.89286086985891 5.431824587789232 0
1234 15.71307605938428 4.300043983631406 0
1235 1.689530835927826 8.669040305249949 0
1236 26.44036175143238 4.685571043592458 0
1237 26.06356493947444 0.5032345913749519 0
1238 32.62785361474698 7.124343309071229 0
1239 2.941489744075144 8.337185572205053 0
1240 23.38894041417348 3.67484918401728 0
1241 37.91039808787362 2.134690496902669 0
1242 34.67856878197757 0.4891926839965555 0
1243 15.09601372776219 5.976365830284437 0
1244 11.73287344131115 5.030185067438378 0
1245 16.09661270876163 4.976670457319089 0
1246 14.30859255294739 2.2318931005849 0
1247 33.41309623911961 3.599294790093701 0
1248 20.61142699785651 5.714408705895172 0
1249 30.7405077097468 6.865765231934004 0
1250 25.99102840864895 4.306685719155635 0
1251 30.86740663746372 0.5035488661763261 0
1252 3.996815352512508 5.123783216872887 0
1253 12.58642353021136 7.188154968082753 0
1254 16.2768010097817 2.572857887982787 0
1255 1.297227895946951 1.033839659855052 0
1256 37.51918741148442 2.942457801171892 0
1257 11.26622409549277 5.497896067532091 0
1258 25.00177344773841 3.064394162322349 0
1259 11.18542946902802 3.546096584716955 0
1260 28.02737077230931 3.833267502197702 0
1261 4.0472038241621 3.417541034572402 0
1262 32.15405666584622 8.827862683572995 0
1263 9.31337586117767 8.525220522666478 0
1264 37.88485764336755 7.743363207601861 0
1265 6.714786191853445 6.346642939458002 0
1266 1.562166855268121 5.85210623859016 0
1267 37.66332152615947 4.442804696608058 0
1268 12.02245366599398 1.272592208405138 0
1269 3.927289150961213 2.491908866236345 0
1270 9.746700032339518 1.124361142773608 0
1271 8.788204819496483 7.262148590389229 0
1272 13.11637704054363 8.572821377671378 0
1273 35.71160999444147 6.39839247946477 0
1274 26.12936775443231 7.512176173214351 0
1275 20.97459981803055 2.77997247710234 0
1276 3.515449656627397 2.901309241050104 0
1277 33.24714923947865 2.05736799625226 0
1278 26.10000057683694 2.349393287849736 0
1279 10.0731459462737 2.020530979215948 0
1280 33.64027655922609 9.028254707363581 0
1281 20.4947971437174 2.240043976676675 0
1282 36.87027395518945 2.041726738633046 0
1283 17.22708694621866 2.277720059492832 0
1284 28.33494004384223 8.808709618522023 0
1285 13.23357288214195 6.024991335163858 0
1286 16.27627266925557 7.067726629688694 0
1287 27.62126692838592 3.325758222916337 0
1288 6.421968164702745 3.828667809131585 0
1289 16.50025634112575 5.569329909927655 0
1290 11.9998902173424 6.82109917233865 0
1291 33.4733014532536 7.619837563306508 0
1292 19.84977035317844 6.909223135404968 0
1293 36.95995420547322 7.427211612256987 0
1294 13.04529776921545 6.854347246620784 0
1295 8.949125362786212 3.020529813923192 0
1296 10.80416734204813 3.943480400872457 0
1297 0.3936231365590787 7.81060551820671 0
1298 26.1336697536783 5.219345066304908 0
1299 11.14803599885391 4.437855989618507 0
1300 6.525726153425087 5.108076555624372 0
1301 7.785603789933782 4.18824837085555 0
1302 11.36045869308901 6.769159797549088 0
1303 2.354491444987469 2.33087067064151 0
1304 38.79658122335069 8.921375568450948 0
1305 14.46474595439583 3.147469597333015 0
1306 35.57228520246181 8.87437459737529 0
1307 25.12292773134294 9.504463802134781 0
1308 8.003896957285516 8.864463539020511 0
1309 39.03721449151067 6.128340223546095 0
1310 0.5345579223467083 6.873085297500127 0
1311 31.21737963054235 8.904419404052316 0
1312 10.0143564967188 4.520390577199746 0
1313 15.21439169881105 2.703948388238028 0
1314 31.52040426464231 6.497714538000757 0
1315 27.06585977062655 5.171977021422713 0
1316 7.952933427387917 3.61681458776106 0
1317 3.808543152840183 9.603667509027607 0
1318 3.021178708188927 7.663036420676372 0
1319 3.086016942682812 2.013472736635133 0
1320 38.82864255312902 3.333041411508155 0
1321 38.65615034931744 1.95415477825877 0
1322 29.32143647090422 7.487019418286963 0
1323 1.022669090715725 1.381772714887687 0
1324 4.84470543418865 4.986302588545088 0
1325 13.54557274481532 2.085218896128167 0
1326 32.8381919574779 7.973765365273977 0
1327 24.29091790489074 9.483855064660306 0
1328 19.17358827784259 1.043760546705795 0
1329 14.2766589583799 6.341852657578802 0
1330 38.14168541970504 6.642360278873057 0
1331 34.9918777964423 2.385698874467647 0
1332 0.4402273609458054 8.890814875688204 0
1333 33.91236179068799 1.089197595488375 0
1334 23.68014922374756 2.082815293955135 0
1335 10.19717548576658 9.680322782532958 0
1336 26.12672907959689 8.160816419533624 0
1337 33.38683172880803 8.373255245748627 0
1338 14.4861424435501 8.674635786214097 0
1339 26.67989883972795 2.952571131576979 0
1340 15.83627035379602 8.426371942613509 0
1341 35.37234535124578 4.459563098746795 0
1342 9.087327636214262 5.867507186384413 0
1343 5.641641335572352 8.188896350610701 0
1344 35.45191821953668 5.222033709130569 0
1345 21.70380799884758 6.500470321573941 0
1346 28.80527266180583 0.4894706128631661 0
1347 6.797070893258732 2.329672056020244 0
1348 39.56407910420884 5.55651616850647 0
1349 14.21345349644298 0.3319796479047793 0
1350 9.431911450515884 3.3090967891344 0
1351 11.66718509391929 7.546981278950729 0
1352 22.5336948621529 8.366948704080691 0
1353 3.994151630696128 6.166976619106006 0
1354 10.59283043727177 8.797148776158405 0
1355 37.92425787042525 9.497408089116528 0
1356 20.6731313373196 9.636833807415105 0
1357 12.56402393305541 8.869095347642716 0
1358 0.4710563544916356 5.531645337121902 0
1359 23.54961586455193 1.287769037724144 0
1360 30.47745797831276 7.655431835399238 0
1361 17.36536291408613 9.608614712350752 0
1362 38.35778870795554 4.791369648169038 0
1363 1.203917435916621 4.380877245376658 0
1364 5.536062803306839 6.320358037409918 0
1365 7.557804300463587 6.089698873571626 0
1366 1.634940268424104 2.474391897739668 0
1367 29.62207215328441 1.348383797634453 0
1368 37.419477129764 6.994736537238738 0
1369 2.104021922493202 3.748084871325132 0
1370 24.86929942156209 5.412176288623437 0
1371 20.83319242655562 1.209017674237053 0
1372 19.60558112855052 0.469799906552159 0
1373 10.01474246745706 3.966408174514974 0
1374 3.240184317481846 1.204699392205866 0
1375 25.62961474618299 5.245799491846975 0
1376 31.17896785568647 5.402609767849828 0
1377 29.27580738742294 6.530169284958184 0
1378 30.46034232861572 2.633202820218452 0
1379 38.98063059177257 8.62629400917662 0
1380 26.28022211787201 5.623561935808614 0
1381 7.164429803633189 4.900486434851151 0
1382 10.74910270886571 7.172202316409423 0
1383 17.24432124583266 8.824948578503324 0
1384 31.2719562489092 2.913237233019187 0
1385 27.04599974953157 9.560234902380135 0
1386 29.38749380934941 3.130624266487578 0
1387 39.44119165871119 2.954115150971742 0
1388 31.74547480225847 4.398764452952815 0
1389 34.5304483884922 0.9850992270364085 0
1390 15.1851583550871 8.337089917803905 0
1391 3.006310048737434 6.942045603044287 0
1392 34.34689304481995 8.025795846435031 0
1393 27.97675349376518 0.5321821345533669 0
1394 6.309501186558332 2.975889318609838 0
1395 24.59465632705989 3.735424636017209 0
1396 7.301282486531582 6.781886595817413 0
1397 30.87598505695146 4.993953708019065 0
1398 15.2469519726048 1.718838751079343 0
1399 30.03407414324852 7.823787142005841 0
1400 21.34564333362562 2.674069786890578 0
1401 30.41555138228671 4.943353099129197 0
1402 37.26426318793309 1.564266930432639 0
1403 10.58431045751535 6.25678280925001 0
1404 31.74772472127287 7.789624746317481 0
1405 24.64238769734527 1.183459691165092 0
1406 33.85806569044505 4.127702016659575 0
1407 36.2894577307997 8.974530253182724 0
1408 2.362775388944477 8.834587682678917 0
1409 7.344055915034492 4.242566742100399 0
1410 14.62261319179331 1.080088886503975 0
1411 21.6788523703858 7.070527379293141 0
1412 6.563639722554456 8.065793151809125 0
1413 22.5035186021573 5.904354222032395 0
1414 29.69450549085764 3.971872216529168 0
1415 6.622498839026888 2.908472527795776 0
1416 38.93502485269755 5.149558642776654 0
1417 9.439048323819224 4.719060062113201 0
1418 11.62121526604469 0.4585199952989887 0
1419 4.534092685871288 0.4696175309859596 0
1420 2.338762001687113 7.417824990935165 0
1421 37.28240553528367 6.488313707090398 0
1422 2.076559815466802 9.470070502657354 0
1423 6.383405858895386 1.037415974515938 0
1424 38.88671477673211 1.472519829156926 0
1425 21.81748249573639 3.021901504718047 0
1426 39.53657857757931 3.626020869384569 0
1427 7.855585830039526 1.886571503850182 0
1428 17.21738935437873 6.785045687851589 0
1429 20.61307465532572 0.3417420334600024 0
1430 17.52225693375511 1.115642999937823 0
1431 23.41372039643171 8.005626170184939 0
1432 0.4030381099928836 2.217047216157458 0
1433 21.45672242991682 4.249814388344516 0
1434 10.13968096694075 7.830410127822418 0
1435 26.11071478944958 3.409947240264082 0
1436 3.981532051647895 1.521762321167372 0
1437 25.31263860443595 3.903921209707497 0
1438 28.88149415426746 2.638433582286095 0
1439 38.76337680355788 8.126918232602851 0
1440 29.66923680358497 4.699742979455078 0
1441 33.14035583468333 5.011620027412941 0
1442 32.41652491052098 4.253134797410151 0
1443 39.60339611733119 7.789837381419368 0
1444 11.77468373713835 2.855901274910279 0
1445 26.58867766422051 6.700059779691334 0
1446 13.00057736886285 9.660141579671864 0
1447 36.57998524355655 2.654149427315923 0
1448 35.77024857863569 7.92611575340182 0
1449 13.721168996617 3.440319639760378 0
1450 30.29201444944549 0.9288847456366334 0
1451 16.82349438632283 1.25091521396156 0
1452 35.75538838264517 9.567968098083787 0
1453 12.70060492710871 3.966033697678975 0
1454 37.47401597385064 2.4607516598946 0
1455 24.36123282809999 6.575264184655682 0
1456 32.46232980179201 4.896901853116826 0
1457 26.61399586697913 7.095386957171216 0
1458 2.146894747097027 0.3987893675154759 0
1459 22.83458795800804 1.659970899081962 0
1460 28.49569645551498 8.07006676441685 0
1461 23.4279504246873 9.577244683270289 0
1462 16.81091268586725 0.4551661525380669 0
1463 4.95833637600826 8.496476840260973 0
1464 13.45181002963257 6.77384362414965 0
1465 6.301332636360801 7.602806600545249 0
1466 4.644861835588298 1.026957171794362 0
1467 38.00873351669524 6.321532348510413 0
1468 25.4898897860384 4.748426080582171 0
1469 9.877783311989408 2.838447460842183 0
1470 7.953824188210096 5.732589152132364 0
1471 19.4220199705284 3.552357900228426 0
1472 38.04913586539219 5.433587815368857 0
1473 9.795192951756071 6.153690771489028 0
1474 31.55600436737189 9.547274366802288 0
1475 28.1631565803268 2.899171715836565 0
1476 14.78733461709108 9.447647858783938 0
1477 3.184247775367183 6.052384787842159 0
1478 21.33777264434679 1.709818639676625 0
1479 30.24849113293781 5.367216429490014 0
1480 30.81780344796429 3.434144202428899 0
1481 23.73537777073409 6.725421677811068 0
1482 19.37169767226441 9.606983592324674 0
1483 8.697569273828643 1.586219096014215 0
1484 29.80294516251353 9.545922628782705 0
1485 3.841309235373094 8.937946596872454 0
1486 29.20944256580706 3.744132145557178 0
1487 16.02847098691622 7.806777129045233 0
1488 1.878859961492409 7.026466413977456 0
1489 15.56545603872622 5.238820846822676 0
1490 1.019854157970154 9.587833920436456 0
1491 13.76224749221783 5.204950118595153 0
1492 25.63764261436829 1.642513883624829 0
1493 10.68899356067726 2.267035431753322 0
1494 16.63498445483885 9.572972007051806 0
1495 14.2576825592154 2.720029742717686 0
1496 20.8955999194117 8.953637206437078 0
1497 34.60893577067771 4.513591085892688 0
1498 5.810736417229806 7.116383726518668 0
1499 14.64999620155179 4.084811681024568 0
1500 24.52214795396681 8.807645466825651 0
1501 3.734579497464223 7.628041034028561 0
1502 32.37221198029812 0.4574057110871426 0
1503 30.46182605778061 4.184125605586802 0
1504 6.964429706528667 0.4400135030474424 0
1505 16.70736131049253 4.555660809911215 0
1506 28.97558609620562 9.585964647827257 0
1507 8.296075609658313 8.162492694556521 0
1508 6.83485405318042 3.577643118134257 0
1509 23.34582117135636 8.678587510337106 0
1510 12.39724773917888 1.131880593488128 0
1511 6.151917628508754 5.832034131433343 0
1512 25.59486213293767 9.516596213435824 0
1513 20.1616779072862 3.349695264962574 0
1514 5.469007170589412 4.86231131135473 0
1515 8.618248626872091 4.490434904332768 0
1516 23.85494171580611 3.010660944793883 0
1517 23.2854786048937 2.811514875162013 0
1518 25.79485291793201 8.868632789013189 0
1519 2.869477927216773 0.392316072012625 0
1520 39.5948024461668 7.025102166598725 0
1521 25.63547292728186 5.964258233872151 0
1522 24.88221332586801 6.12032353999961 0
1523 31.68389735484953 6.036798287184128 0
1524 23.39999999990696 0.3996883813314191 0
1525 29.79739016030929 0.3043611937681824 0
1526 32.82118244282309 8.908168495367608 0
1527 36.57336853737961 5.871544842365119 0
1528 9.311487550884326 7.767929841490354 0
1529 18.00052728619397 1.761819637293725 0
1530 21.76336642371604 3.377340238517139 0
1531 27.55917295872793 0.4527853094624571 0
1532 32.81892937815996 3.630753453682264 0
1533 19.45512401951981 8.824142725754974 0
1534 17.56765060862697 4.90636154998517 0
1535 29.71820389385325 6.094059280100666 0
1536 30.08385621766255 6.230313109299685 0
1537 12.73525981986692 6.308108473785657 0
1538 38.03222001742443 1.153215237637667 0
1539 21.19435991824383 7.628367528498087 0
1540 16.03578498056574 0.4535319336109814 0
1541 20.55501549152429 2.618582894997562 0
1542 0.373304801500018 2.960415357581408 0
1543 23.59602092676953 4.584194816324118 0
1544 15.45963358816117 6.55618470827809 0
1545 7.788266193711263 0.4170043414663209 0
1546 15.6171686482029 5.688848140920503 0
1547 6.681016175421314 5.504293731892243 0
1548 20.33942022394289 6.450264921123686 0
1549 12.72124802596587 4.518035149579304 0
1550 22.75318306535419 4.892199744630962 0
1551 0.9546840431972268 0.3987443731077571 0
1552 16.10994528105671 1.785706583031355 0
1553 2.619781127531447 6.658422555076243 0
1554 28.67542631077363 6.783370791776333 0
1555 34.99797829636814 6.699569786813637 0
1556 10.60641003966706 0.9751289172935319 0
1557 32.11070681350088 1.051859664690903 0
1558 2.680800688492882 5.378239980551149 0
1559 23.06633637624037 7.230243760117077 0
1560 10.20345846219773 0.3730723555135439 0
1561 1.422312739636916 7.993395403782302 0
1562 35.24883863379709 5.850466784177192 0
1563 16.58265905542834 3.198717939452133 0
1564 0.4080442958441693 0.97169623586264 0
1565 4.78471050965919 7.192813516914283 0
1566 21.16141914961459 8.308702911400754 0
1567 27.32983885760571 1.029479678250541 0
1568 1.156591077793741 6.687151562813929 0
1569 9.19323260785055 4.333632664464111 0
1570 22.41962308324307 1.518002312799508 0
1571 18.22914968812423 4.633079953234683 0
1572 2.79327843243394 4.219447282615535 0
1573 36.06078101460977 4.845175541739859 0
1574 1.904254303297199 3.138789006176463 0
1575 6.514528224326171 4.222601893929419 0
1576 31.59277366781469 5.392571342105423 0
1577 25.77871867535687 6.796354560961987 0
1578 26.83492006806366 2.114059197127731 0
1579 39.58289837607123 1.736723745845763 0
1580 0.4234541447708206 4.162464295762074 0
1581 20.55992463619407 4.27926333551152 0
1582 10.24798215149396 6.483157569254857 0
1583 35.23612767366909 4.818981698745627 0
1584 25.67342064904319 2.506352754840962 0
1585 32.84387579772213 2.858644767752288 0
1586 24.91917879030971 0.4210740939852941 0
1587 19.31721893498428 5.302871379961575 0
1588 31.71453338736057 3.665272866494846 0
1589 11.37911496102868 2.200088000312688 0
1590 33.63070274909583 6.112927040457869 0
1591 17.17131517633388 5.170951259607131 0
1592 12.47898899064533 5.232437934629029 0
1593 27.00112408662516 1.657496068053366 0
1594 25.96863306749121 1.483375313619803 0
1595 2.187487270451667 4.495775411656516 0
1596 36.09240182424521 5.730987630714994 0
1597 1.34248188458812 3.957650035560876 0
1598 13.33118042138906 9.002601348273913 0
1599 6.338945691983575 1.8 0
1600 28.42070007355572 5.395930234079164 0
1601 19.57728693059929 6.096557934765988 0
1602 20.53914557586449 1.42758348506194 0
1603 11.66720321737865 7.083526655273794 0
1604 35.41154085636091 7.416438042428101 0
1605 6.037187169230208 8.424668187060016 0
1606 37.49942072487114 7.836872658040627 0
1607 12.3139003138515 5.741180168102804 0
1608 33.49703175272148 3.062038130960199 0
1609 9.374456939988152 1.782038162628148 0
1610 35.58051005592508 6.778195128709509 0
1611 28.48580029583894 3.0854636331947 0
1612 5.739568197694211 5.586128103706559 0
1613 15.78534806201113 3.430026954354398 0
1614 15.72986567409908 3.017733770531069 0
1615 13.56141245613195 1.639412275096416 0
1616 28.02326281853235 7.299454950781186 0
1617 4.044733698078236 1.149955794393848 0
1618 24.92596123190876 4.006970882359542 0
1619 37.50920789038943 8.509915420772041 0
1620 23.66634414573815 8.957006864563917 0
1621 5.893982743335126 6.406479286021375 0
1622 18.53996260196147 7.012129319315094 0
1623 14.17453050683606 9.030455879524306 0
1624 21.03502456367936 6.30549458433248 0
1625 37.36512259987266 5.083305222201473 0
1626 5.232913887212019 6.636802982883429 0
1627 32.27169782934769 6.691343087100823 0
1628 27.66251394284945 9.062370212967297 0
1629 18.65273117375782 9.619330433652705 0
1630 20.18081805684329 4.109561357144766 0
1631 24.18081999407199 7.622561782197836 0
1632 10.54007012049502 5.729125746306755 0
1633 39.58591502809762 6.515794143269384 0
1634 36.19702394531301 2.534443955422955 0
1635 16.13925322540147 1.013729943751917 0
1636 27.51626005469142 5.212178773031173 0
1637 6.581186863305913 9.669413403007656 0
1638 34.50893083956178 1.624505921752171 0
1639 39.59317749854671 9.0442152819653 0
1640 19.47783528173789 6.506713450875708 0
1641 22.43646748681129 2.883319727388414 0
1642 35.03589105505698 0.4267656305527443 0
1643 28.42196423253734 3.774316353811505 0
1644 19.9236454692703 4.907967128579386 0
1645 22.04466545868799 2.114829080556805 0
1646 15.36539333144325 0.9341843442655647 0
1647 27.72673014467647 1.887262093495298 0
1648 6.386502696344206 8.918476394538626 0
1649 21.39750800153203 9.622132230475421 0
1650 16.69371713040739 8.28171723406658 0
1651 36.55449181292671 1.819433974203325 0
1652 34.19842078971206 6.797627273636264 0
1653 3.808461367425344 4.775635754005227 0
1654 8.572551460614363 3.794153427979595 0
1655 7.594704550398317 9.572235823730878 0
1656 28.19316304927654 9.638211190548974 0
1657 0.8168920034958456 2.322122597751707 0
1658 1.213395215033782 1.70866118298722 0
1659 18.4089112519072 2.426120813129995 0
1660 4.081615240477089 0.3896539547496395 0
1661 14.76791013961458 7.449125153551666 0
1662 37.60973746507018 5.465900092974906 0
1663 33.99077845335199 5.425025360084576 0
1664 1.104203646395669 2.966388931868187 0
1665 4.132482165113576 3.758003807352431 0
1666 37.31125003649285 3.311627136452131 0
1667 30.76267599143201 8.414893891211603 0
1668 5.151293660329339 9.563577248503103 0
1669 5.146321101586683 4.245669186766987 0
1670 33.38086552372056 9.650130222541602 0
1671 13.09578872898287 2.222334058697751 0
1672 22.64613837326851 4.093792402541219 0
1673 26.22375979379954 6.492077889781668 0
1674 39.58443860544551 4.061959002553154 0
1675 19.07199527788648 8.212461866407752 0
1676 9.406910214740481 0.3720351548134879 0
1677 2.242824495698788 0.8355316842807304 0
1678 18.32546622983716 1.055897983048127 0
1679 34.1073514262063 9.591583937959271 0
1680 27.20376038666124 6.544598286772407 0
1681 39.038950296423 2.244626966409658 0
1682 27.54199284911936 2.38311785153345 0
1683 17.84035807382865 3.02179611058999 0
1684 10.90774039076619 8.271067700566766 0
1685 16.64554243912691 2.470022301175129 0
1686 3.230339074119196 4.861160519786015 0
1687 8.978228283738176 0.896672366099764 0
1688 12.86452981923075 2.628612102524516 0
1689 5.81090129989204 9.624633803958529 0
1690 27.17830887262436 8.510966833533637 0
1691 8.412309971690199 3.011668146448619 0
1692 14.16421051103847 5.866079677910918 0
1693 29.11400000175999 5.262622689724624 0
1694 25.10256979209449 2.436116959945526 0
1695 27.89558273087722 1.252479268611657 0
1696 12.76614732680732 1.881998980199396 0
1697 11.14957880086139 9.510313412234996 0
1698 12.30268494374407 3.889946292911011 0
1699 39.65060324482252 0.9920017334069655 0
1700 3.343591113523942 9.618765386219339 0
1701 3.198722597577317 5.280550405372845 0
1702 7.379018051544657 5.240848163066311 0
1703 7.283028129035088 1.851786813131902 0
1704 15.92514625848758 7.299805847163028 0
1705 4.477417474358495 6.683603064328233 0
1706 3.536938634378569 0.9107911732947301 0
1707 7.55931488647573 3.456140340916319 0
1708 19.98329411173482 7.513351337702873 0
1709 37.75533192246505 7.166625262112303 0
1710 8.330932765842912 0.9818505175552787 0
1711 31.54444490206814 8.619022442105273 0
1712 21.56586886843527 0.4822546460480031 0
1713 31.19144080704363 7.353330034718033 0
1714 22.41985252283328 3.559503263100624 0
1715 11.41875972159854 2.648014223166539 0
1716 24.04169689903899 8.306240634984887 0
1717 0.3942561590068939 1.717829250117948 0
1718 4.577314738954824 3.797971207063241 0
1719 34.98678440287578 1.92135017623477 0
1720 25.40186320634972 8.710215827832741 0
1721 17.19741219379064 3.802145417306484 0
1722 6.449354681354244 6.883720359755404 0
1723 19.75537232604252 5.272544506859887 0
1724 30.79061406946739 1.517667268089009 0
1725 17.49606461176174 7.796864992078365 0
1726 39.16213089480843 7.7488501483522 0
1727 15.12667990197533 3.607948070460673 0
1728 25.15565965282697 6.390630579586971 0
1729 31.61432981568504 2.127664373107584 0
1730 1.670496459805101 1.173276381537891 0
1731 31.76445928214511 1.706010393893846 0
1732 13.61138208321721 6.459722434972627 0
1733 24.35388637796143 4.838663767749049 0
1734 12.26433680441111 2.413187212822392 0
1735 6.206768922791854 4.850435632462343 0
1736 25.2841961620633 5.435896103816016 0
1737 20.24507174289224 2.921729627849611 0
1738 29.78164467164736 8.825537513749254 0
1739 38.20538052552914 8.249230539325906 0
1740 31.16846394827091 2.162589826869118 0
1741 16.67924524627248 1.634530031955761 0
1742 16.70464695991961 9.112452502565434 0
1743 11.40680146333377 8.843950675796693 0
1744 26.29167214084005 9.599827900503916 0
1745 5.97298850037239 2.838642006450713 0
1746 0.8868073988713971 4.754105186298466 0
1747 22.20969587852716 8.57342801847132 0
1748 22.28356527364572 7.292212441308745 0
1749 6.604587122297537 7.25298747968557 0
1750 26.85069904033305 7.93067093208647 0
1751 36.99659540796017 9.639500012893919 0
1752 6.052813625692972 6.79549288021929 0
1753 24.85733013036686 6.957339270830374 0
1754 35.34194370547197 3.484050159986581 0
1755 36.45637130437547 4.313421345161696 0
1756 5.324984723522089 8.961550936304565 0
1757 39.13407959987975 7.172190957651464 0
1758 1.668547083457313 0.3891383231137642 0
1759 3.964727831051535 4.145542815865329 0
1760 3.190798834236738 8.943960388311455 0
1761 20.4972891481011 8.141432843707303 0
1762 38.17884295254033 3.33169434301345 0
1763 36.68417724793838 8.007438665845921 0
1764 25.63727766051458 4.161442272759618 0
1765 14.1507338874567 3.452228250943665 0
1766 34.66856238095176 5.382350243482969 0
1767 35.06733606096259 3.841337946082118 0
1768 14.6971369412925 4.547616929967853 0
1769 27.36421742118701 7.103611886863431 0
1770 36.34951918398434 5.144272879035414 0
1771 38.84475087947533 3.728133123872344 0
1772 23.07141234197979 3.458661629578404 0
1773 34.92091810142433 7.874170935715111 0
1774 30.25791250250112 9.673188923404227 0
1775 30.37290860034508 9.043866285062863 0
1776 24.63014498195842 3.29990821653116 0
1777 3.341198197486115 0.3704042181813778 0
1778 8.381178417999195 6.239561083172918 0
1779 17.19161968241331 1.903462820625042 0
1780 10.64495687153534 1.416015329289905 0
1781 32.1689200110599 2.40149797996194 0
1782 16.62326884506135 6.443719430955864 0
1783 1.476519067497477 9.04235671884174 0
1784 21.82802078409159 7.869231708233512 0
1785 2.775735927167703 0.7932078801857487 0
1786 23.70371191924448 3.564256037274922 0
1787 32.83018763820201 6.258452923265915 0
1788 12.57672516717562 0.337246813849397 0
1789 39.60993141660455 8.293062350150596 0
1790 29.38604594118425 0.9491448527727016 0
1791 18.87803296040567 5.088066516977708 0
1792 6.850350091004447 4.874870156546376 0
1793 15.7851176180049 2.180096749821631 0
1794 39.04449035415407 4.314455836233522 0
1795 4.90550795652037 6.410357008838137 0
1796 0.8804883081917041 6.926050427690405 0
1797 18.78232165754794 7.882183810381402 0
1798 38.49846805938847 7.519968113625213 0
1799 10.74550966065303 4.33688071400479 0
1800 23.81935654449486 0.9307978248142343 0
1801 35.38691990639663 0.936714922775986 0
1802 8.750096038462491 2.304129739389056 0
1803 36.82688159569567 0.4042758495093199 0
1804 18.8956839349317 0.3937043227538004 0
1805 18.05671177642488 9.027118238838476 0
1806 18.61351792166943 8.908405376071153 0
1807 26.87645041666764 0.4065994895391755 0
1808 30.78224881261715 7.955922852158208 0
1809 19.88354566284049 1.49182400392874 0
1810 13.0707370624495 4.697289994297511 0
1811 28.80004012655338 5.955069701117359 0
1812 31.61964979163398 0.4826815312829235 0
1813 34.29338119302426 3.606156010868951 0
1814 22.42797010290839 6.573645090498051 0
1815 24.03296293638346 4.134180014637284 0
1816 32.98129120835033 5.846085772482168 0
1817 39.0210124674068 9.601178965553697 0
1818 12.94133418539948 3.407675204469489 0
1819 7.917982995362621 8.409510855825246 0
1820 35.87283743525771 3.876400297937244 0
1821 16.20330188508927 9.661512423932233 0
1822 13.79922852683769 5.67955240950957 0
1823 19.24454874046132 7.232154805252376 0
1824 29.85161792344466 2.433778002693612 0
1825 15.34544371481426 6.972895190921101 0
1826 17.77503438952334 5.689132750865708 0
1827 18.78389272380852 3.970011736237319 0
1828 29.95315885059185 3.736329374594362 0
1829 30.44263119038527 6.005999357954311 0
1830 32.64274436787991 9.634938444407474 0
1831 2.015646891399275 2.383623884880488 0
1832 0.3290749763637051 8.236639915336765 0
1833 3.204158457179917 3.0712620592786 0
1834 32.11587580947698 8.388131973573364 0
1835 21.29074782885143 7.19001388537901 0
1836 19.45091961341039 4.561086776314693 0
1837 4.925988634387455 7.979788700887979 0
1838 33.35033110149046 0.3059055872229371 0
1839 12.12612799522331 7.655382868436334 0
1840 35.88751477441669 8.721746222593147 0
1841 38.82417291958434 6.529271511594724 0
1842 15.27799976959814 4.602187946328055 0
1843 14.00064037600412 4.23308205815187 0
1844 12.32543852760168 8.031544263112783 0
1845 12.89637120227973 7.832547851019596 0
1846 14.42651503878411 9.633406863070267 0
1847 34.15351717893191 2.188726692655159 0
1848 11.66583649943543 5.418779617165538 0
1849 20.84993088624541 3.948984112188135 0
1850 8.871969222018336 7.71530972542368 0
1851 7.149437500109766 3.911062999143916 0
1852 1.712888339233379 1.800939884807794 0
1853 8.23830773004873 9.614506554108884 0
1854 3.129877685117727 2.402782139522852 0
1855 9.119290490450627 6.519381970086141 0
1856 15.4770327663463 1.354872544660479 0
1857 18.557788772712 5.373353923277909 0
1858 7.853644133104391 4.854427296564143 0
1859 11.64942920266626 4.128636400642944 0
1860 16.44492409549641 4.128705817031857 0
1861 10.39499451438736 4.974311996483113 0
1862 23.48286847074275 7.21921614510253 0
1863 32.16590815757639 5.986069372087177 0
1864 11.07909279840962 9.129615015404671 0
1865 34.08426787345011 8.83217192718643 0
1866 9.361550549048735 9.673041292674029 0
1867 30.05461658789723 8.281028212663188 0
1868 30.08010293250353 4.708214986131365 0
1869 11.18377304007941 1.59127235305822 0
1870 31.39152230694466 8.084924033820677 0
1871 23.87955053975246 5.962427345449452 0
1872 14.62427859524398 0.3307938637306772 0
1873 18.73647211901921 1.031639752370149 0
1874 21.77223786253558 5.349209313113461 0
1875 29.82130303163517 3.152089198254843 0
1876 3.639181567689877 8.323760727821808 0
1877 13.19190489855493 1.432381977286211 0
1878 4.760184291027651 3.269062793652679 0
1879 23.15467273123878 2.431567685478269 0
1880 0.9282013614005722 6.081399342240219 0
1881 4.500584638649976 4.822995244366227 0
1882 32.11031539382803 3.540847948301054 0
1883 8.140331238746217 6.87961845734402 0
1884 37.02100425610522 5.808670084106773 0
1885 28.71511497813136 4.122330986069486 0
1886 18.63279397064807 1.664014154940736 0
1887 7.55834086122826 6.409704941182259 0
1888 9.28001745287014 5.471847918286621 0
1889 37.96564477008803 4.745556268464075 0
1890 9.650784864639782 2.542769778198843 0
1891 0.3890345979487774 4.858340934043855 0
1892 25.50585761021705 8.12528880196276 0
1893 35.71319634629251 7.122308886826384 0
1894 6.346110416663946 6.147119707741749 0
1895 23.0975894466734 5.085462784696293 0
1896 38.34454650130624 9.606840882031021 0
1897 33.76938601574774 4.769717227161625 0
1898 3.531117368376743 4.057034708498167 0
1899 21.33921779605166 9.117106602802023 0
1900 38.27542516264466 3.989474724902707 0
1901 38.15729701758647 0.280213366030765 0
1902 21.03140980170724 5.573972474414587 0
1903 23.57035537620077 6.2695910942091 0
1904 4.331993410763903 7.996257615651152 0
1905 25.25497086464307 3.251506253085901 0
1906 4.185547024103995 9.654675824766368 0
1907 5.058901552954773 5.720899648019825 0
1908 21.50338024658412 0.8598282699688373 0
1909 3.69329661238236 6.411786468081407 0
1910 22.06031875482132 4.721390267155326 0
1911 0.365242191898422 6.348517050759643 0
1912 37.90871264311873 9.02436774929083 0
1913 8.252403245046281 0.3301657899763065 0
1914 14.6721630875021 6.392510944458329 0
1915 25.03797752919462 1.271444201552582 0
1916 5.559371982448125 2.323797863807497 0
1917 13.77735960205571 9.653189315909197 0
1918 23.01647287695574 9.65641377710509 0
1919 32.42731643431433 6.309468992947645 0
1920 8.503343719436359 5.528808646218202 0
1921 4.261174174170615 2.585523304397273 0
1922 20.96455665858711 3.241478460589275 0
1923 21.60158324474694 4.69028906566618 0
1924 35.67814480366891 1.665824563522101 0
1925 3.423895788391138 5.704163373910065 0
1926 13.39083429411095 0.3367925946033828 0
1927 33.39996809557294 5.824766011370059 0
1928 11.48363435784991 3.759056044836613 0
1929 36.77337053981127 1.062798064522628 0
1930 14.84024553083531 1.561904191300601 0
1931 7.146682703604609 7.620962534952442 0
1932 17.00659494135903 5.878905078177024 0
1933 32.35737975481592 5.621782544535743 0
1934 20.54682334919086 7.445659403683592 0
1935 26.26257228722851 7.810497021082975 0
1936 9.0154425938844 5.068518207812285 0
1937 31.64887897280721 0.886020624423705 0
1938 5.490199637757565 7.637011667151842 0
1939 34.68503364589714 9.085277308252657 0
1940 37.16329618859151 9.008733400932371 0
1941 36.77642328197842 8.854632663027543 0
1942 17.20316022472677 0.4287420290752477 0
1943 8.522654370878927 8.940485647904001 0
1944 11.29009641645466 6.042279607710006 0
1945 14.81756320344867 2.216529036645469 0
1946 19.21641881044267 5.785341186213297 0
1947 2.051571821405397 8.563857306009043 0
1948 15.87694349498671 6.51435338551945 0
1949 8.205261161329471 7.591739930297652 0
1950 22.06489067441061 5.968892413836691 0
1951 32.73387438623432 2.450923328610976 0
1952 37.47060134905639 0.3422934675222808 0
1953 32.90108634618964 6.923471953616623 0
1954 8.634738913457269 8.326968422604988 0
1955 13.96284315871287 7.126497315214101 0
1956 19.51774125704763 3.93498814396812 0
1957 10.97345528063278 0.3650460726234077 0
1958 21.86504477759428 9.644456948850808 0
1959 8.014592472792906 6.518244010118683 0
1960 24.19757673765804 0.3401465835012937 0
1961 22.93284013642974 7.604743684640876 0
1962 3.480380642079447 3.669570350398854 0
1963 17.09674267951705 7.164044243055866 0
1964 5.9159374131383 5.122219959325057 0
1965 6.98866055431492 7.315112078246863 0
1966 30.90162562196681 9.627763111580903 0
1967 19.74366281994741 2.484792734153836 0
1968 19.28869072740354 9.18283697136499 0
1969 26.31000345992108 9.200875071782384 0
1970 36.8066903990978 6.578394346683973 0
1971 12.469840064443 3.208422229975694 0
1972 36.13748013808403 7.761361909804693 0
1973 7.262779277615218 2.972796856970795 0
1974 33.14607352836033 4.343791449470416 0
1975 30.21147246988341 1.831901693634276 0
1976 27.422041490533 4.542637809966202 0
1977 20.9760542499852 0.3325934080288531 0
1978 24.72116639879319 9.669618499713822 0
1979 4.21460601075895 3.14751345010661 0
1980 34.92572954637302 8.533338064528644 0
1981 9.648580883621241 5.442538014354117 0
1982 4.558687028277996 9.093743265347602 0
1983 3.402107523416623 1.550602365440136 0
1984 24.38108930718317 7.968569128966403 0
1985 12.03017642043622 4.189388326881252 0
1986 3.810099332008735 2.169532179121181 0
1987 4.333940514570921 8.350740036515731 0
1988 31.58468974533552 2.899075905105666 0
1989 20.15875391965967 6.835228497434183 0
1990 21.92586125905544 8.975436266245435 0
1991 5.850751506343302 9.19734227140869 0
1992 2.78387316010422 1.87144842431997 0
1993 34.84239035125768 7.001394104837296 0
1994 35.82795524993863 6.021028134160665 0
1995 31.77529350267579 4.816148958641545 0
1996 29.00784367878846 8.590644426912498 0
1997 2.456427085266322 2.01991666294558 0
1998 1.664385477471203 6.242602776531191 0
1999 4.705204128576577 4.192314690386844 0
2000 5.20212606452772 2.767986126170536 0
2001 19.74799879493409 9.669581739986604 0
2002 14.36978542895487 3.763990530372743 0
2003 13.60695758368726 2.798148110188134 0
2004 26.38212236843984 2.041687714159732 0
2005 32.68469590401642 3.256252858842256 0
2006 12.95103633969549 0.8591556736508837 0
2007 26.99821894915382 7.28182210345382 0
2008 36.45133888777194 0.389005923267465 0
2009 34.64271040857574 2.521726572806211 0
2010 10.56404975167001 9.660129632028125 0
2011 28.23695092226555 5.074001625968668 0
2012 34.32888037209784 8.403393815043396 0
2013 2.603843128616227 3.194004128719838 0
2014 15.03011099689975 0.2953011488882876 0
2015 26.86167511105236 0.8511427142082691 0
2016 35.79648223094922 0.3272304385313512 0
2017 28.0046581543693 8.670923824915919 0
2018 20.51190015378877 5.074502436975772 0
2019 5.796994063999953 3.496557453258849 0
2020 15.47797833180078 9.63595619957275 0
2021 2.916859877811429 1.304631467779363 0
2022 5.435610799893752 7.021195845073743 0
2023 28.05436084794735 7.974818761115718 0
2024 1.0217329340777 7.342954081191031 0
2025 3.028239922286829 8.043233388004257 0
2026 22.88037213976934 4.467560220354517 0
2027 33.25167238573176 1.452381163052854 0
2028 8.350701547421988 1.417865236803196 0
2029 5.341411278149408 3.940208610025867 0
2030 15.94769660000184 9.110884677571008 0
2031 25.4212809534847 7.486247844436638 0
2032 8.17803511674143 4.340595278740371 0
2033 39.06558316275289 2.955728958873694 0
2034 3.348453694107066 6.398954520861288 0
2035 14.61143596226902 7.033883572805259 0
2036 28.07606061393408 0.9036665928825756 0
2037 1.962327943059869 4.153896168194604 0
2038 28.47533352538687 7.255760312562239 0
2039 18.43901384871968 0.3734032834000774 0
2040 7.086656645445703 5.553161719608867 0
2041 17.1540179384091 2.847907984190873 0
2042 3.745640415310704 6.875451341291622 0
2043 37.39728949063235 5.807051477544599 0
2044 35.01497574926391 5.130272993728505 0
2045 29.71948616453395 7.388131227721659 0
2046 39.59325330154469 4.782743368070781 0
2047 22.07422576237206 2.757452201141736 0
2048 21.40458778829844 3.483979536256929 0
2049 15.52057443662742 8.634013327722913 0
2050 11.6979005844419 6.127336279023671 0
2051 28.8955422966819 4.899991541859933 0
2052 29.19338232177928 4.538155588530818 0
2053 31.08045662351142 3.769413946752167 0
2054 24.38257696486789 5.551437551842199 0
2055 24.09262203349004 5.211852001939775 0
2056 16.41384299022086 7.856430618082809 0
2057 24.3255994393774 9.114434633033161 0
2058 11.28301562568154 8.426524186395246 0
2059 37.43600545467449 3.688192127903344 0
2060 13.65382200385237 0.9494645600055622 0
2061 17.81679711425933 6.628918098884983 0
2062 21.07149639996292 2.055484660598466 0
2063 37.20412294864693 4.298185688520443 0
2064 36.8740635601381 4.50194335509983 0
2065 4.184940720681732 5.428993833423623 0
2066 28.71768620074739 0.923791652854733 0
2067 5.720988289385161 3.884468746864882 0
2068 34.2431138075325 4.264053938991885 0
2069 1.705615400713591 9.661785819115654 0
2070 31.01235121981895 0.9530286244038568 0
2071 38.00161692291978 3.02199979824148 0
2072 13.79783014483587 8.182015795765953 0
2073 22.13385384887551 0.9246015117360744 0
2074 11.72244812559591 9.0633862550696 0
2075 36.6057698134052 9.638450849744117 0
2076 30.07755541069803 1.355088499155838 0
2077 39.66859045448388 5.885229997117388 0
2078 16.44421261320449 1.906546302566339 0
2079 34.47493459541766 9.637249976226039 0
2080 21.92981901271339 7.277417143175667 0
2081 23.06520363827606 7.928505286959465 0
2082 11.52798009971031 9.661631078423731 0
2083 2.84428421459857 9.224543307006099 0
2084 36.22247213750497 2.064833366587829 0
2085 28.43629813148487 4.439294848443712 0
2086 8.666101401014361 9.690643552087151 0
2087 38.56789254074594 2.672584852145672 0
2088 27.48837597504105 5.949143028943821 0
2089 18.73865482421771 2.246992560805671 0
2090 29.56370624479483 4.340993938542023 0
2091 10.27763940624412 2.349460022932006 0
2092 30.3950161980756 7.097594147942356 0
2093 13.14611944714395 3.887338294404754 0
2094 33.55098835604705 6.905046021555087 0
2095 26.89781471005358 3.360269742769836 0
2096 1.775758807202684 7.786458003581834 0
2097 29.83142752644913 5.397012614704015 0
2098 11.90350925155518 5.758493943363061 0
2099 4.686852852027485 2.096788722244655 0
2100 11.22439601561085 0.9834859801086074 0
2101 21.45649491439906 6.2169279447347 0
2102 16.26427875278898 3.52143440592192 0
2103 15.67328388110858 0.3606135781795962 0
2104 26.26581079183416 3.033731087407695 0
2105 0.3169617251029764 3.395385781592195 0
2106 36.63956898005102 3.440515286451742 0
2107 5.784621733665961 4.421218676830691 0
2108 24.73885810403418 8.171664401727242 0
2109 11.57138645248925 8.18482793655723 0
2110 2.095036778977308 5.303178660186941 0
2111 1.575336630264037 7.221710945067712 0
2112 28.59924148873438 3.427820211634769 0
2113 38.34523271638005 8.935115536350494 0
2114 23.94654471445248 3.340854918415786 0
2115 7.603709196990591 7.15283738514133 0
2116 11.98496112416917 1.740736977453938 0
2117 17.12031487314104 7.835352285243328 0
2118 19.96473296358378 5.597503660061617 0
2119 28.54389589012527 9.075340412354667 0
2120 22.20170577603594 4.276649907146613 0
2121 32.3531893944631 1.835288391546664 0
2122 23.33714940011375 2.051703425294792 0
2123 20.96529318475936 6.950876804600708 0
2124 19.101335444361 1.648012355172628 0
2125 1.944482361105059 5.632288186198958 0
2126 35.92373075348961 1.381828314939533 0
2127 23.93622019975796 2.297980588131286 0
2128 14.83140429578689 6.738904264596922 0
2129 20.72954776401939 3.570855504178128 0
2130 38.25930196774157 6.03967173538809 0
2131 10.52038373704388 7.768722408251884 0
2132 38.64641969537928 0.916878931441647 0
2133 36.83331869171236 8.3685057634655 0
2134 10.83674551147714 5.029539469358553 0
2135 8.142638646770594 5.033296406398904 0
2136 29.44264767426307 8.126495740972247 0
2137 36.20101435177196 8.450670218434139 0
2138 6.880749042685197 3.166497148591922 0
2139 39.13669418832404 3.576316596675582 0
2140 9.078392077058423 3.876830059783866 0
2141 21.91569011058865 0.3259865122231584 0
2142 32.45585374232718 7.759115965390226 0
2143 28.46128985674094 6.249701258911347 0
2144 10.0282110158826 1.695221512180205 0
2145 34.81832113716413 5.798660031965704 0
2146 18.37396713869067 8.045657959195132 0
2147 20.509585497193 1.853390455008479 0
2148 24.80417170481725 5.060513821478787 0
2149 14.01837904890269 7.53381053192815 0
2150 8.699472826477553 6.58087316254439 0
2151 19.83812265635325 8.571404020986609 0
2152 17.09193466213767 8.48344164978568 0
2153 21.2460854280426 3.920496531600273 0
2154 18.28136921936427 9.679918963982185 0
2155 39.11949465509719 0.3425931059912631 0
2156 8.875262211879438 9.104575402662265 0
2157 17.58636336885426 2.40637118545618 0
2158 25.10502444939767 4.671558613909387 0
2159 24.85074312769508 4.373637214347542 0
2160 28.62126908484455 2.279620675818169 0
2161 28.51009425695452 0.3225147371639503 0
2162 17.80003507647662 0.3100291824368654 0
2163 8.530031221768937 6.91328774470658 0
2164 14.25183814560151 1.845785620179442 0
2165 17.00157094408843 9.699668529769706 0
2166 10.35672944952571 4.548272694687182 0
2167 36.24484967174396 0.8298402971615511 0
2168 1.592558327959227 4.96471519748119 0
2169 12.00423049972343 8.559713762718886 0
2170 7.557749019087884 7.642351473121632 0
2171 8.693751570842123 3.286361100103705 0
2172 18.3619819094857 4.039710011264972 0
2173 27.91864137109201 7.621807013007665 0
2174 5.188807473622591 5.059728224824452 0
2175 25.6861061589137 2.888428682028822 0
2176 29.58963728984429 5.042406868393994 0
2177 0.3410775632944768 7.431011521777593 0
2178 39.66067125916118 3.27793242068676 0
2179 33.197341851327 3.868196315292896 0
2180 0.7429194329174298 2.896358348934346 0
2181 16.50047901864975 1.021431472955146 0
2182 12.19871331860243 9.68657715305997 0
2183 38.13487802868729 5.057277671549524 0
2184 32.82516223282157 5.140062049876867 0
2185 15.03982565138987 3.956469600656002 0
2186 30.56049177272326 2.185840513141177 0
2187 29.63217683771442 5.731210161776161 0
2188 31.19335991964475 0.3392812324003845 0
2189 23.66514133605384 7.741387744817379 0
2190 0.9236033687134767 8.276373179930474 0
2191 2.722772225260083 2.612199619354659 0
2192 38.74234997705324 7.75295107097929 0
2193 33.82347782102782 7.511722769579682 0
2194 37.96250399079338 0.8358685676843648 0
2195 33.08823156372645 7.620898413105281 0
2196 29.16955330402135 3.384969657515782 0
2197 7.689681739963524 1.143582042855696 0
2198 4.665216509597243 1.432253570155774 0
2199 24.50418836774818 6.925185781427475 0
2200 5.64147857389272 2.900843752744368 0
2201 33.88650057268499 1.48272509212469 0
2202 34.41000912646896 7.694316958408966 0
2203 14.34348693092605 5.199321640325505 0
2204 38.68957695205266 5.512267051079892 0
2205 14.97210176671912 9.090536058387832 0
2206 21.88122344024043 8.291272020463312 0
2207 35.09892897185354 1.284600131329146 0
2208 19.58427157038172 1.959568972951895 0
2209 23.3956713120665 4.951658386659776 0
2210 4.744784815141575 5.424220013137405 0
2211 18.86251399165013 5.876787125015609 0
2212 25.44096233109615 3.542118889187363 0
2213 3.815039191901592 5.838106345898041 0
2214 3.544807662189537 8.861283459664552 0
2215 7.190355349737111 8.517194665051937 0
2216 6.939496549504806 6.620521259420649 0
2217 27.79906349702896 9.702512376965924 0
2218 10.90349241797155 5.583109020330042 0
2219 22.60792144317917 0.3181479428754457 0
2220 15.35053505300079 8.990325143473799 0
2221 34.20634698293101 2.956581542479817 0
2222 36.14503369946446 6.509428329760441 0
2223 27.56500678326684 3.023871249574432 0
2224 34.67566121460229 3.610758018660984 0
2225 24.65863925714482 2.913956865567674 0
2226 26.3873717764523 0.3319632220318152 0
2227 17.90395321558241 7.244190435733927 0
2228 22.74928708492169 1.010533126287545 0
2229 0.3535670248154716 9.646432975184526 0
2230 37.59757008009529 4.799240128887688 0
2231 3.892427915392426 0.8483104526100208 0
2232 20.2917045498491 8.572705064107426 0
2233 26.87223471723235 6.456192472555123 0
2234 32.88567278821045 2.117610399868706 0
2235 26.94827244780705 9.130908716444379 0
2236 14.68808796815901 7.879624656253533 0
2237 12.43044076442037 6.338557061733906 0
2238 5.451355219872152 4.541894163401027 0
2239 9.45034167299338 8.155134899959865 0
2240 37.17732646185853 7.625027991843575 0
2241 13.40825039517421 4.538524037601601 0
2242 12.15145293899869 0.8765654354093796 0
2243 0.279465462869219 8.567789389045947 0
2244 30.81987993584116 9.207461040009735 0
2245 12.6467964541852 8.561527724071558 0
2246 8.714826821613356 5.739806466019257 0
2247 26.20951484599737 0.8770961660490731 0
2248 6.689112314998103 8.735422920876227 0
2249 20.19469576009486 3.730745253745752 0
2250 6.925234007292588 7.933494345004897 0
2251 35.08671557152846 9.663040365024722 0
2252 23.03858816451966 0.324460330823846 0
2253 11.38355070704672 4.763672101744254 0
2254 32.26960515557242 7.096419274185607 0
2255 2.441577028352902 3.646987640435912 0
2256 18.74029638873185 8.576758214202748 0
2257 22.62318972681912 2.235626608369955 0
2258 2.604332899987211 5.748187114046734 0
2259 0.8975811103345053 5.440343550417246 0
2260 24.77025455741961 8.511555191028453 0
2261 19.7827957435206 4.615292901717462 0
2262 17.64410056595073 8.167968124504593 0
2263 34.25282193319934 0.3320712462704659 0
2264 22.04104857093462 3.620308286617163 0
2265 27.85653330410909 5.012212949405136 0
2266 7.768425428704873 5.441342336975214 0
2267 22.65063919405668 5.54818749325832 0
2268 22.06584601732607 1.698997363528196 0
2269 34.76744095059949 3.200623804738782 0
2270 33.49370428505392 2.342719907090308 0
2271 4.782545259437748 6.076897673257597 0
2272 24.94358884970705 7.614234341033274 0
2273 35.61181592331506 2.240404746575955 0
2274 2.708620730655265 9.649868329872536 0
2275 12.60410188938629 9.688965980797914 0
2276 4.42355381437314 5.993148299909419 0
2277 2.663677324919717 6.998498129516102 0
2278 26.38702608927125 5.990505990015901 0
2279 11.78218339428637 2.099423049518475 0
2280 27.66708948727903 5.595677456072139 0
2281 34.45687018811594 4.841358114627342 0
2282 17.65668489545692 3.373985705961087 0
2283 24.39505815229993 2.399546428592578 0
2284 14.38028637549892 4.760264719907651 0
2285 1.566752375433354 4.589140119813402 0
2286 19.5640893066889 6.959682904216752 0
2287 37.48287753731466 1.288081634597069 0
2288 26.36039381691011 2.660821628023315 0
2289 31.6008588605566 6.998521299913069 0
2290 25.03493820645699 2.04253739014674 0
2291 29.63818246337589 9.146703411271449 0
2292 24.26108479395484 6.17958818700923 0
2293 30.82368186706899 7.615499476288077 0
2294 7.565188187249078 2.08576846120497 0
2295 36.26367509969185 3.445782769919355 0
2296 28.63463311297266 7.669864947213706 0
2297 28.00489998643607 2.557920368258729 0
2298 5.458428565766375 3.323468763010628 0
2299 21.90454753411901 4.037684127148615 0
2300 0.3486500479828097 5.205148689227857 0
2301 13.77981402714457 9.221740395401698 0
2302 24.76654926097768 5.778175851913849 0
2303 8.187910776921237 9.176892498564468 0
2304 32.69205850507221 0.3108761960932721 0
2305 35.77212571195958 2.56728738339203 0
2306 5.121203796414222 9.234861673545195 0
2307 32.56337769780591 1.186232227939378 0
2308 10.93726606707838 0.8325937282298189 0
2309 2.269978648466024 5.850380057550701 0
2310 7.087861752415183 9.1321112616234 0
2311 18.89665929913888 2.980885020321766 0
2312 18.54395723972045 2.848733125631794 0
2313 12.33958535842458 6.976238753623423 0
2314 33.71491397889044 3.42520176852028 0
2315 28.99214730180795 1.76958639663946 0
2316 24.228689160671 1.750910161367592 0
2317 27.28355644265404 3.575477529539889 0
2318 39.21055590465624 4.756449326239419 0
2319 1.680458459047625 3.902212846115146 0
2320 10.05985022056512 8.212351613611428 0
2321 11.18577094417398 7.679534210325706 0
2322 31.06918947522153 1.770158541174348 0
2323 22.50232287086908 9.665993822553119 0
2324 0.8559812891599368 3.643057373604214 0
2325 23.62501623284611 5.597512372811119 0
2326 36.51091388931702 6.318696876686307 0
2327 29.97537290760866 7.064587870670755 0
2328 19.17155235903968 2.508127517090387 0
2329 4.388150552444722 2.109994406244628 0
2330 14.4536847467475 0.6743769095167949 0
2331 15.37941276998671 4.223960812076241 0
2332 26.70793132200256 9.663780744590799 0
2333 1.425361464121747 3.338443905682627 0
2334 15.96370010064076 2.74148851963721 0
2335 14.04416524197653 4.609009534217527 0
2336 9.952412980037593 7.474306354181906 0
2337 38.5975133962296 4.49208477954952 0
2338 33.57535426180659 1.193641543376879 0
2339 34.12747003094266 7.1879634665927 0
2340 24.2064533793072 1.417545747509583 0
2341 28.99516984282993 1.42217998576078 0
2342 38.53301742229215 1.553609201140771 0
2343 20.10275813696023 9.11597101244498 0
2344 9.345164709202429 1.081839144744728 0
2345 11.93484388903882 6.465116342685298 0
2346 8.484510209149192 4.153971991472427 0
2347 5.626369744566646 8.893788612845961 0
2348 13.80895210501598 8.516766566002966 0
2349 14.94753842057111 5.224019790354937 0
2350 1.130320052113051 2.132351865978401 0
2351 15.39170871894078 2.967062514921873 0
2352 2.226424754045571 2.991750740919935 0
2353 28.12620874934364 5.703278385477581 0
2354 15.23547022307001 7.372191739154061 0
2355 25.75597908075945 0.309677339017337 0
2356 27.41214478870854 7.78081648172893 0
2357 21.69553932206655 1.490221637784972 0
2358 21.2633940540977 7.977331023406256 0
2359 16.34467061058976 5.241689408533695 0
2360 3.429355211979323 4.587976263166173 0
2361 13.37156703946276 0.7137969681486942 0
2362 35.53149138820247 8.202370624940817 0
2363 18.83109051074454 6.217542890709251 0
2364 19.06345558854718 6.559611616766934 0
2365 30.56193591692396 0.3056286934323432 0
2366 4.813195641174095 2.651579324112451 0
2367 0.9898567570054061 8.616049550450196 0
2368 37.22763887067219 2.711034461416924 0
2369 34.53295269229935 2.88875609115639 0
2370 35.71464725700184 3.21375483431249 0
2371 37.10138613949309 3.930446226301243 0
2372 5.228637329293716 8.293029809861983 0
2373 39.65970854019805 0.3402914598022475 0
2374 17.00014213873181 3.152130397175732 0
2375 21.59505183701235 8.884971333984513 0
2376 29.89293708306855 2.034635688234392 0
2377 10.80792350375276 2.979726941190345 0
2378 9.799150276641425 9.707015563057144 0
2379 16.52994184944446 0.2662492405571082 0
2380 2.627921681527063 6.314899658683482 0
2381 21.48954259804835 5.128722473950823 0
2382 2.06770153775912 6.745291706017711 0
2383 7.608750776916473 8.089328419221976 0
2384 5.792150741079479 7.850033750461387 0
2385 39.68286782449384 2.160178435051686 0
2386 17.32538442069559 9.159995764062389 0
2387 31.4721877820274 1.500283153579282 0
2388 29.1205227960995 6.259321273967794 0
2389 33.56629578175438 5.483653761531539 0
2390 22.49301580785232 7.709104251534502 0
2391 21.53155403714101 8.48624686480046 0
2392 17.96622450062326 8.49970334561376 0
2393 21.00614698072176 9.721779218633916 0
2394 31.43509500876878 7.705000014221919 0
2395 36.06465696246502 7.135652547699893 0
2396 1.539416452897395 6.878225407144651 0
2397 25.04655684329233 9.183989809444398 0
2398 6.77552557119951 1.124750274400238 0
2399 18.886884710142 4.398825558599105 0
2400 18.61498696617405 4.734427666461681 0
2401 17.08383024573423 4.358020282698907 0
2402 17.50248592196159 4.525013691504152 0
2403 34.16022647993657 5.799199946278977 0
2404 7.653980036328178 8.768486774713448 0
2405 19.45923907653147 8.037828240969581 0
2406 0.932547960605516 9.223373322530321 0
2407 34.70532687006093 1.280895618222252 0
2408 4.334166176480347 4.413264822970984 0
2409 33.30422136478892 8.759730329552596 0
2410 11.32434499020097 0.2929929499025752 0
2411 10.42570204840695 9.366599657940721 0
2412 33.92726221530515 2.493617782714644 0
2413 17.64367619876566 3.965188888063519 0
2414 13.50431720123298 8.65601298267423 0
2415 2.896444844254294 4.719291372342525 0
2416 20.93787018247236 0.8703353895970083 0
2417 8.652172933323165 0.2923061887807978 0
2418 25.34920101976354 0.8660246770373177 0
2419 33.5399291252268 1.96985439903213 0
2420 20.8310413004293 7.627455650400237 0
2421 13.37018439007129 7.505001315423984 0
2422 26.29150913319077 8.486505574426655 0
2423 20.28057236962943 0.8955845289905824 0
2424 23.79511845528998 7.062503936501302 0
2425 30.19180620768628 0.3004713848224573 0
2426 3.229591447504707 3.474533058498805 0
2427 29.39535927840922 9.712329920257773 0
2428 9.527700047986343 9.085443937176684 0
2429 27.14487130865921 2.294922521767126 0
2430 18.09626601722692 4.292851235268277 0
2431 11.0259387304104 7.004180222220626 0
2432 9.179413751893863 2.180450122293044 0
2433 36.84654979190512 5.491359192220921 0
2434 13.71110265067846 4.867150744798367 0
2435 20.57395937674853 7.093794137239038 0
2436 25.36105308598344 0.3185855248126226 0
2437 26.32123314197405 1.653575164170766 0
2438 18.4976215532473 7.388065921057159 0
2439 22.62083598524187 9.072537912744625 0
2440 8.611003514030974 1.974496754708277 0
2441 0.8552028622333251 4.346968894331968 0
2442 29.24536085605202 7.758863623047342 0
2443 29.59075410867079 2.801802121498711 0
2444 19.48372364036746 7.636475228075567 0
2445 22.97478657463351 6.577276126442866 0
2446 9.861675925909871 9.088297502815458 0
2447 24.2241124395831 0.7137659396001573 0
2448 19.3286523930909 0.3074267366008375 0
2449 24.30745265973007 3.502693583441466 0
2450 4.50852678221672 7.417650095820894 0
2451 32.01909569689423 3.029799492161275 0
2452 10.31204596971055 5.375821494879151 0
2453 2.587604690249709 4.967698214820872 0
2454 16.81261731217392 3.807932468823818 0
2455 38.51375646073032 0.2959987744481885 0
2456 32.7563799544229 5.535702223114011 0
2457 31.3612571862532 6.196777453895879 0
2458 39.72460703919683 6.201187878318819 0
2459 35.08519726413729 7.574454489821109 0
2460 4.277329652284399 6.370415927920929 0
2461 36.74842104377099 3.824933199471879 0
2462 18.25086979927879 3.101699471485007 0
2463 30.50344287516161 5.64263529084019 0
2464 13.17358180171841 5.194742871721147 0
2465 26.92007686192835 8.311140467745902 0
2466 9.153932115467352 7.12736736601633 0
2467 16.45026414082739 8.555394524069605 0
2468 28.07152122541017 4.384770657739436 0
2469 9.792429298583585 4.749926884695316 0
2470 25.75409659296331 2.170075042415849 0
2471 35.22781552997933 2.809683592275277 0
2472 6.125892420186122 2.270112187134978 0
2473 23.02804867936432 3.058075983153284 0
2474 18.10596707003596 6.892018073544976 0
2475 39.04622992102398 0.7546159029253432 0
2476 16.91225906058029 4.919958087591604 0
2477 13.50937945453335 5.882172105014316 0
2478 9.896760154851435 5.805373209181765 0
2479 22.66231239737575 1.332734506538024 0
2480 35.82128425534622 4.501115943249895 0
2481 13.79999999996434 0.2718753846066955 0
2482 18.73303704763213 9.267845296205186 0
2483 32.53495272162307 4.544855450572523 0
2484 34.1929746757931 0.9806054220390753 0
2485 10.13903734833222 3.424383925049647 0
2486 18.13610489243266 3.679610824701101 0
2487 32.92552385220363 0.9005480438053264 0
2488 35.04693085442731 9.242594772003628 0
2489 4.833195627688379 3.580345938699996 0
2490 15.39652742072844 7.731527728236456 0
2491 15.02825300733326 0.9323572404780922 0
2492 27.90287173778404 6.609293014070126 0
2493 35.2392308570407 1.625615562610784 0
2494 31.92438272039869 7.342214848660269 0
2495 17.65623880761243 6.065642653341194 0
2496 18.96087441479639 3.340705719986516 0
2497 13.38640752595156 9.700482109942168 0
2498 20.27276792410329 4.895434096211067 0
2499 15.27938698983098 6.222965171073406 0
2500 0.7117333076980145 7.644566454437633 0
2501 32.88877164793639 7.310621314147514 0
2502 26.63158452804072 1.432896183604931 0
2503 36.67870852266417 7.229713977470404 0
2504 13.18408640184084 8.140702580411132 0
2505 20.92953914447467 8.597803917028404 0
2506 16.03717964453359 4.164952268745078 0
2507 15.91188742756803 4.610978046421708 0
2508 2.404787390428678 8.11871781170043 0
2509 7.290520518069329 2.598219071036362 0
2510 2.360645381431533 1.409211624453812 0
2511 18.23830646890488 6.182937743182386 0
2512 35.79977839673663 0.7671133020426129 0
2513 19.53416649282639 1.241595610827954 0
2514 20.31773007518984 5.551747166077206 0
2515 10.59762465360499 8.520643144656873 0
2516 37.88477539045319 1.808835176123009 0
2517 35.55396263990306 9.186685671112684 0
2518 18.24687588849621 5.84739972602951 0
2519 32.23809477385229 9.706726536663938 0
2520 32.00386360767559 1.44216981295796 0
2521 21.7260904354262 2.18503169707293 0
2522 29.25710421626221 2.325649671043143 0
2523 4.220134347000219 1.797324752930639 0
2524 29.56189951141623 1.795148572829277 0
2525 29.06298560463151 9.263010886393698 0
2526 26.26018028494814 4.41400013382559 0
2527 27.43788210491401 4.148570296646273 0
2528 30.08116281475937 3.999056280013003 0
2529 39.24406746567513 2.644471479518979 0
2530 33.80000000000008 9.732028075965918 0
2531 39.25178018007989 5.777591547281579 0
2532 20.06902048787743 7.954830360403302 0
2533 16.35846528035095 4.769133579169177 0
2534 17.90296948901948 5.326167451751417 0
2535 27.40360865966579 9.71435283691785 0
2536 14.21269857135873 6.838884841006202 0
2537 25.65244860341153 1.314853272528478 0
2538 19.76489908102059 8.191002169326616 0
2539 3.388285987165186 7.503816075339355 0
2540 22.94855038555956 9.134924873850549 0
2541 14.41971017273484 8.188883923028026 0
2542 18.09104449807518 7.83226298062705 0
2543 17.30131360392327 5.551754747793314 0
2544 33.61862038038686 4.379661982802415 0
2545 9.777617131135093 3.228247470306321 0
2546 15.11177123953843 9.682665631892707 0
2547 5.459153638854922 9.700302115322735 0
2548 4.439660433149301 5.59393975515878 0
2549 35.64200452181355 4.186263519518086 0
2550 0.3226583932912815 5.841821189223793 0
2551 32.18685292261056 5.277967106229829 0
2552 14.07865784830679 8.004808999880447 0
2553 35.53612924605997 6.066033362896063 0
2554 20.98511384572072 4.727030852562979 0
2555 18.27303658905241 5.197583648166202 0
2556 39.21129558613004 6.41000326523374 0
2557 29.39997988731307 6.820048725049767 0
2558 31.5756551963497 5.723906624562686 0
2559 1.34186696423256 8.672099470141248 0
2560 33.20982103649686 2.869024195662139 0
2561 13.48416337765432 1.312454723969372 0
2562 23.01514983058351 5.460848036726468 0
2563 14.80843141622737 8.596641958308986 0
2564 39.67949949155879 5.202302994090201 0
2565 13.19459115730603 2.89765589961491 0
2566 32.48574005052487 8.825586348854541 0
2567 4.105252220009316 6.955150537726739 0
2568 18.15980741425851 7.500235750028234 0
2569 13.31068093485003 7.154399124330091 0
2570 36.1144332999047 9.689319652457222 0
2571 28.38429757155771 6.596149289893872 0
2572 39.65174808031529 2.617113013726881 0
2573 16.33559753295616 6.214806900760971 0
2574 31.26095780135863 9.685546391233952 0
2575 27.2158324200405 1.405979864559394 0
2576 3.271094329693045 8.276419494498125 0
2577 12.4143403045006 1.920241967225367 0
2578 2.002153496832075 3.455243276129626 0
2579 35.3999999999799 0.2626912969062516 0
2580 9.766666671157051 1.927846707375755 0
2581 25.90991162755419 9.682532705326466 0
2582 16.06623250818281 6.7997524372563 0
2583 12.60344245226157 5.568610218304814 0
2584 12.00322622008393 4.789225310414687 0
2585 2.957848927947904 3.668026744234821 0
2586 33.97922095141533 9.191841046107587 0
2587 7.591803236106764 0.8143573382853948 0
2588 12.34106712221443 7.399699334165919 0
2589 18.93555498667019 6.968709100766922 0
2590 3.836356802462733 3.127275161868819 0
2591 5.092451538545696 7.044284561659675 0
2592 31.41301885355933 3.280509610219231 0
2593 14.64807421805311 2.863908103787431 0
2594 24.59999999991053 0.2609578901022414 0
2595 6.646058167512985 1.717749147255401 0
2596 27.27878880658964 4.902011632178455 0
2597 16.98132496832538 2.512032198685567 0
2598 2.13328757641078 1.695619329529419 0
2599 21.75158050561043 5.685997087166037 0
2600 33.39532500058156 5.220808028285818 0
2601 35.40144101033434 9.732052503358036 0
2602 38.67620570531663 4.946361120791764 0
2603 27.80343424934987 4.634374479207953 0
2604 3.23452277690765 4.198397799378293 0
2605 31.38053881114289 1.080988471772224 0
2606 36.22305894734765 3.980856297955926 0
2607 5.53125749960853 5.999558209828463 0
2608 29.03456702569675 0.744209208410881 0
2609 23.78973158175886 0.293041207321849 0
2610 29.43509049952199 0.3017690631441312 0
2611 2.608526456517825 7.587969671749766 0
2612 30.9649378689854 7.024659482639023 0
2613 0.3251582507353692 9.22762120955626 0
2614 36.9184590424982 0.7941999718799004 0
2615 23.30127576490568 4.374512070919945 0
2616 4.577716202291179 7.801702501248352 0
2617 23.79349976034806 9.747524403870251 0
2618 2.372751060359886 9.67567574603286 0
2619 18.57373420521731 1.320508318993814 0
2620 22.52722099450456 0.7512089522381706 0
2621 11.56434490222334 0.8688588214676362 0
2622 34.47236294111909 5.999172141975039 0
2623 6.916274230592578 9.69650525387498 0
2624 16.72160510314631 0.8215139129448785 0
2625 12.53385202655019 2.600035594241007 0
2626 18.01052775763803 1.351113158054619 0
2627 16.70267991292047 5.309409536317751 0
2628 34.03445435318571 5.024253851578244 0
2629 25.37273292578815 7.135243500163902 0
2630 35.84945144136949 1.967306894003574 0
2631 17.14635856585266 1.153206698044447 0
2632 1.396269516789058 9.740101118310587 0
2633 26.59775396967997 3.93400364326187 0
2634 17.80983308159908 2.66900562775861 0
2635 37.39756905156481 8.235521089284642 0
2636 1.426861326966939 6.504356521856818 0
2637 32.16569500157706 9.184756564840729 0
2638 9.310404901968491 9.329637975422283 0
2639 17.54449472278687 7.341047072453444 0
2640 2.272505433348403 9.172086013742998 0
2641 27.25132113054035 0.3212982951563553 0
2642 4.684330592173495 0.7409427531725744 0
2643 6.208226192194503 9.720792674457313 0
2644 6.801454609129543 4.322613471810953 0
2645 21.26069838375496 4.586852115082094 0
2646 20.33214240391413 6.118272785171781 0
2647 2.06549347503933 1.101305048259919 0
2648 31.45719161707762 9.235113620758993 0
2649 4.200176513599898 7.301620352497652 0
2650 10.76271380366746 3.612548703948432 0
2651 9.512404635780031 6.559639674137028 0
2652 25.865195607952 6.363045015213366 0
2653 11.84317539142019 3.502612164321712 0
2654 10.8554022539984 7.93063113839826 0
2655 6.846823278756515 5.753590028194711 0
2656 17.31211053606442 6.18526798384505 0
2657 2.68093031951894 8.54861282902332 0
2658 29.27187104947173 1.963512666149163 0
2659 6.251956143014547 1.400000000001386 0
2660 2.839693740647047 2.97886822656911 0
2661 37.49211406212522 0.693559660456356 0
2662 23.94644227988354 1.256214672674361 0
2663 19.17281114778768 8.549999521840968 0
2664 17.91894784752725 6.337324852502888 0
2665 13.5022540543787 2.41775171080716 0
2666 17.43786164556012 1.719668301116201 0
2667 19.0542594367854 7.565571906252227 0
2668 6.911458595091517 6.067597120639254 0
2669 15.97519034095133 2.45929879454027 0
2670 12.13712563612918 9.260055308251347 0
2671 5.166666666666669 2.21849049242415 0
2672 14.07837409679187 8.684969561433503 0
2673 35.3885940096299 5.547368327556747 0
2674 19.93388307146045 5.988342222318734 0
2675 14.37266929267264 5.58990840345538 0
2676 8.131103675851186 3.197319938906221 0
2677 3.290731177327755 2.683580945228091 0
2678 23.7543365711612 3.876463338888118 0
2679 32.02047687091245 0.32981816802125 0
2680 35.58778276502595 2.846031721107302 0
2681 0.9937878389290603 5.080894712345169 0
2682 4.555074904107709 9.69365105053639 0
2683 22.11322015853176 5.13535262611755 0
2684 19.00529475901119 9.732931331112447 0
2685 9.886491727191 2.275088651837117 0
2686 3.984597550563469 4.478220946396602 0
2687 13.46618014945926 6.184000530129972 0
2688 39.3033214021691 1.051232571689139 0
2689 2.165810188041128 8.226419290302443 0
2690 34.7511501211917 3.969087913192092 0
2691 8.066322706796498 2.117665480747296 0
2692 22.51826912470052 8.734215603859212 0
2693 24.75573234018793 1.777350259961221 0
2694 19.91505678324814 0.3113030591263177 0
2695 21.14470943993498 1.437663981696652 0
2696 31.82008417162561 9.732366671003716 0
2697 8.915870825624607 2.724402519345783 0
2698 29.13631607077862 5.61170538434602 0
2699 28.40547218687112 1.737915110608889 0
2700 28.97889426736035 6.655387837504003 0
2701 29.28270893856023 1.274271423046434 0
2702 36.26532398076797 7.412590643737403 0
2703 20.74223301856923 9.275677929191517 0
2704 5.348822825841779 5.432593398190178 0
2705 5.133807308807002 7.622969799642278 0
2706 15.70789637403422 7.699276407659864 0
2707 26.78253705616923 4.49148944955666 0
2708 36.09567648938459 3.181856375521222 0
2709 28.65192744381626 8.73837519191396 0
2710 31.36527197079203 3.624790305873635 0
2711 37.90085526737021 4.140845477272051 0
2712 21.20900204597774 5.241816646134074 0
2713 12.87177686192253 1.560619870487233 0
2714 34.15918917304383 3.928892100089222 0
2715 27.44198258853236 6.776865341491778 0
2716 12.74932375768838 7.461244254884352 0
2717 6.630210916641232 2.595164175395329 0
2718 19.87627969407144 2.75583748349479 0
2719 27.28856586732596 9.282309559754776 0
2720 3.688025081260753 0.2614893942041502 0
2721 36.55403437210525 9.209828394094879 0
2722 10.25087236159681 2.766883644757079 0
2723 19.53133664869111 3.214266521406487 0
2724 32.51357577618696 2.960770564564468 0
2725 0.6489345391722225 8.070283547507483 0
2726 21.77153942854842 1.092631077659061 0
2727 14.96915500677195 5.696908760164471 0
2728 1.999348296849476 6.376882798315641 0
2729 1.520995867815739 0.7771476399461381 0
2730 25.74878381472451 9.19605165748499 0
2731 39.24979744604251 5.357273435158166 0
2732 36.20881685708758 4.521880479892318 0
2733 16.43235073937684 6.785260677352234 0
2734 34.04779629751318 8.15437222644756 0
2735 7.858161837530904 9.718425651266896 0
2736 35.27233420191835 2.207532218766836 0
2737 12.02181611752853 2.645954539099704 0
2738 0.6412443590837997 9.714888380576632 0
2739 26.71021594060801 4.879179909748773 0
2740 31.86029600773126 8.614540150039179 0
2741 15.00306156006574 8.053762977294809 0
2742 9.696735684496758 0.8172331431557722 0
2743 26.00137001823995 7.166388868268919 0
2744 27.50186408431733 8.204926836568657 0
2745 38.72366979850931 2.372977403992593 0
2746 25.99675486788544 8.520236152560845 0
2747 30.78337864439302 6.183385521319963 0
2748 9.708977747799693 3.825961925740331 0
2749 8.675518188793738 0.8417633379781476 0
2750 14.02861303062161 1.542195876419521 0
2751 29.00628034247566 3.990086738834348 0
2752 38.22961992048005 2.687336846700006 0
2753 24.66351764572865 0.8133055720814026 0
2754 14.95603383100396 1.908716188667465 0
2755 24.35079790818451 4.476439370219569 0
2756 30.90570815821792 4.366854229864068 0
2757 15.57575051235399 9.243373023421736 0
2758 30.6602256505993 3.775316392446846 0
2759 14.17537833652269 1.217967194115398 0
2760 36.87179157700459 7.742507432719551 0
2761 9.596120334663411 7.419976055279816 0
2762 32.63640420169841 1.548134478866715 0
2763 20.86391487988235 5.911917860801635 0
2764 24.30450145635773 3.89345696785904 0
2765 35.10068765375878 8.183397786226028 0
2766 1.896269092074746 4.43559430853086 0
2767 7.904521853103115 4.520094744741534 0
2768 18.57685646971157 5.715047846228974 0
2769 34.99454296168578 4.586708522294375 0
2770 30.62940900179364 0.7334338510595558 0
2771 38.35880434882361 5.542465174385479 0
2772 12.6556567862111 9.117716264439377 0
2773 25.68264146941865 4.474486667402758 0
2774 22.94416941099079 6.15283622654249 0
2775 24.04880961111866 6.644922616321907 0
2776 16.99517459649066 8.129310017508445 0
2777 12.24567287437332 4.553007478844674 0
2778 16.59642649232049 7.593728980051162 0
2779 6.283776493525915 4.107053101844967 0
2780 31.15514609783543 4.170040788321285 0
2781 20.24115182832735 0.3108997302503188 0
2782 7.03884463867225 2.176457389002369 0
2783 27.83285601249281 6.204939563853945 0
2784 23.3703076648141 6.559447674911633 0
2785 23.60656736231335 2.820527205678459 0
2786 26.86204459066839 5.444905781594652 0
2787 0.2798736323143049 4.547162621927961 0
2788 6.300893478518664 0.3008934785192985 0
2789 27.83095875889778 3.078924142766517 0
2790 24.57162412733079 6.296724900103643 0
2791 7.395518962586273 0.2590603726675197 0
2792 2.397521872717526 5.265856182192302 0
2793 2.501783499614058 0.2535663220982682 0
2794 1.204873620090104 5.910658695709675 0
2795 4.18597904253624 8.994617666349257 0
2796 3.529724950647132 5.387927165549815 0
2797 17.81406795093875 0.715779663387983 0
2798 15.48762127666747 2.046465367767766 0
2799 1.725060320841273 9.334337954294417 0
2800 3.041740659664546 8.624183654690402 0
2801 13.98816240323555 2.143796779917101 0
2802 19.92388814911385 7.182505931898195 0
2803 15.66556945414492 3.736120535822328 0
2804 7.830655939954095 3.895687035217474 0
2805 14.27330606921076 4.069880386541366 0
2806 36.3385773992342 1.513774678333022 0
2807 0.2628389605803134 1.37530057619565 0
2808 7.264099483819465 8.194648126376965 0
2809 10.10543432818027 7.183574212452754 0
2810 21.18361612093685 1.041547036341924 0
2811 25.83239024754871 0.7302468081030585 0
2812 26.82332145632121 6.041654378507342 0
2813 17.28894922161771 3.466111202912352 0
2814 23.97712585672584 4.836942812097716 0
2815 31.85139842958164 6.653705342758967 0
2816 38.12093199581247 3.637273237356332 0
2817 4.671748089112642 8.560596140097513 0
2818 3.823574432184471 5.36671996477582 0
2819 23.15501036346299 0.6295318438585774 0
2820 6.152106873050141 9.14788146398978 0
2821 7.832314516688136 2.950206523075486 0
2822 38.08493419254886 2.389324722892927 0
2823 33.61660909985976 3.846014630373895 0
2824 9.018998539312287 1.618606107525874 0
2825 33.54608780067509 8.126978592230049 0
2826 29.15172169908148 2.904041813489934 0
2827 34.09918309874092 3.328173650827202 0
2828 21.5016025675537 7.814288814534278 0
2829 16.99960836370044 9.023638701206799 0
2830 20.8428233388891 8.284387782922968 0
2831 11.43991373908673 4.391818516788303 0
2832 7.221652833407397 0.8111430541229798 0
2833 4.899895624847557 4.452795847007332 0
2834 19.26300292455688 1.944322864914461 0
2835 39.74550809245915 0.6285289133547087 0
2836 37.16662944882589 2.120587478507572 0
2837 13.56918266083129 3.737439985665194 0
2838 37.8878955999102 6.881091416446925 0
2839 8.240892789497439 3.699987648557114 0
2840 5.572123477435387 7.322379979246991 0
2841 25.42225238196322 8.403505789365855 0
2842 13.95052259334189 6.476228900169144 0
2843 33.38585551127601 9.32444998224358 0
2844 3.772865739001657 2.733304320259538 0
2845 24.23266635498573 7.25402576658762 0
2846 30.57876371327389 9.744178808953425 0
2847 5.740562898528619 8.584088387122506 0
2848 13.99534030965044 0.6751077960765556 0
2849 19.05636646046863 2.215632533569131 0
2850 1.339596628239613 0.2451366066937829 0
2851 30.98166308550604 8.661641583092951 0
2852 15.40166062605299 2.416675077695536 0
2853 9.905044780689472 1.380905105192134 0
2854 14.13248575794543 9.715283741832108 0
2855 39.75790995260083 1.399999999998513 0
2856 29.78249932377068 8.066633579588604 0
2857 27.44868599708682 0.7389065002073079 0
2858 35.2799352729049 4.133906358861463 0
2859 39.73904580492902 8.629840542212177 0
2860 28.16063676984319 1.971476157450462 0
2861 24.23135789931017 8.587442566537264 0
2862 39.20539235642271 1.496384637879228 0
2863 20.77152454960035 6.471234868313498 0
2864 30.94871324877456 2.770902781205087 0
2865 38.08242896606443 1.476466125157917 0
2866 31.83187478497624 2.372395034858978 0
2867 24.98109143219228 2.727862275505204 0
2868 9.385809154836274 4.046496055729062 0
2869 9.938787744577466 6.896998569314565 0
2870 17.86501179619032 8.774964932926062 0
2871 8.514882385373511 7.500791559318408 0
2872 19.46036427260964 0.8370078158561458 0
2873 28.90476640876206 8.206420648346484 0
2874 9.134161614963453 3.259214716203731 0
2875 38.13440376407194 7.605477510190205 0
2876 28.26617845110724 2.27579001367834 0
2877 32.2226959992549 0.733897549008015 0
2878 38.65895999316641 9.736676860144797 0
2879 16.50156300545474 8.889590474746344 0
2880 38.03582971518341 7.986794315756399 0
2881 27.02913882978109 2.917299629597553 0
2882 13.15457719713911 9.385411925176193 0
2883 0.8052473579218621 1.166134795255954 0
2884 0.2853050179134694 0.2894205053902505 0
2885 30.89592287976105 5.58115026491676 0
2886 7.558162326069945 2.434473056330215 0
2887 38.50907023813287 3.304112528913599 0
2888 32.13145547288487 4.895330550029728 0
2889 1.534774344365351 8.383822573716738 0
2890 5.833333333333333 2.204218129895664 0
2891 5.216225086701018 3.658293554151209 0
2892 12.99320010062554 0.2542724252093822 0
2893 8.028159783172535 1.635271816948916 0
2894 25.80968604176741 7.47302294320999 0
2895 33.2873128010789 1.745805524572745 0
2896 8.698421371559576 4.781253521520887 0
2897 18.38322856390857 8.379594164568717 0
2898 34.94508833749184 6.369708667757701 0
2899 30.39427572693859 2.995706893397595 0
2900 29.090311269831 0.2914459305805634 0
2901 38.23587752165211 2.06038201886324 0
2902 26.58044643900409 8.975263080635109 0
2903 30.01200633514138 0.6164883194145307 0
2904 23.28426441741272 5.694541117433637 0
2905 1.70581341347729 2.808074160165497 0
2906 0.2527701763434535 2.59733529806629 0
2907 4.005602182128296 7.532316162666391 0
2908 24.00034873961432 9.172971784053404 0
2909 1.341294585669821 2.356934255657092 0
2910 10.58388187331452 0.3023687866030423 0
2911 19.86305736220837 1.817319668507906 0
2912 9.899907187665445 8.515152738192118 0
2913 11.66669556372048 1.484362281089598 0
2914 0.7690376188177011 1.552165029588158 0
2915 11.91319651915352 0.2992349490825608 0
2916 17.72100517464544 9.713746115475489 0
2917 12.47273725550048 6.07866286799592 0
2918 23.21801483825953 1.391375198381826 0
2919 7.248422574927168 3.620155820833382 0
2920 28.19297141480321 0.2708129687105321 0
2921 30.12242970268553 2.525604528798894 0
2922 30.07684743235713 6.550427392469879 0
2923 36.92575887342345 3.282196826558026 0
2924 10.04221550912657 8.805247269147511 0
2925 28.80051754246372 7.126043042164524 0
2926 25.34024923689798 9.737976940915832 0
2927 7.334086981755633 8.790261585895724 0
2928 26.57695547492753 1.037803218043298 0
2929 11.71647926784665 6.758611012196777 0
2930 2.064565230706186 7.287129973194886 0
2931 23.72377538232467 8.120445673472581 0
2932 5.106903055121 3.13369873007925 0
2933 23.62512837508691 1.734626263046793 0
2934 15.63775717040371 1.081515880507825 0
2935 15.93990802842145 8.172204901255187 0
2936 28.59999999999995 9.763720495912546 0
2937 8.971931183284397 1.234158076093438 0
2938 22.48193724484699 6.970598524990917 0
2939 13.54461151540293 7.980476994696284 0
2940 26.85495501521005 4.110466066808899 0
2941 27.04677235788475 5.811455815078887 0
2942 1.382880517697186 2.731131669657932 0
2943 16.61233116129929 7.085074895288643 0
2944 28.38199158859947 8.504251065708711 0
2945 18.42974428781715 6.677988932714679 0
2946 29.39941530371786 8.542981288575614 0
2947 31.41786177473224 4.644595074165963 0
2948 37.11088711980227 0.2910476265848033 0
2949 10.80373608101323 1.824422001266087 0
2950 4.828580116930929 4.696924735249801 0
2951 36.98675552278145 4.891303271783119 0
2952 8.693203935516097 8.027466072137672 0
2953 16.7386034023884 5.706532557701488 0
2954 11.03198368527824 3.277788684281589 0
2955 34.23524657320363 6.485522917651949 0
2956 27.82834411192977 0.2476238128432957 0
2957 27.17027725287762 3.944305652302919 0
2958 25.92763818595271 3.129846343538659 0
2959 2.004097832485802 4.94324933783766 0
2960 26.0742517352432 5.79408903182703 0
2961 33.89712680771198 2.816847559494234 0
2962 19.76430727975308 3.383595197635277 0
2963 12.62898070029526 8.002282062775256 0
2964 20.60193366825856 8.797374313365339 0
2965 3.079943345656549 7.349478417743088 0
2966 39.75613892564638 7.400777777381823 0
2967 13.13062564355802 5.715013503590766 0
2968 3.411254995608305 2.118187642441734 0
2969 31.05405507060687 3.139195168300313 0
2970 11.84757190691737 8.308118440256358 0
2971 30.3425843064625 4.522914143211646 0
2972 30.50808794937225 8.656474329305558 0
2973 9.407728209737837 8.794074678951418 0
2974 15.3201854417439 5.862112740830676 0
2975 1.776844430898746 2.155436414809436 0
2976 38.65940609168991 7.215076086180464 0
2977 35.07536155843886 7.29126419601328 0
2978 8.175388838602986 0.6510609042284651 0
2979 8.902699895411097 4.400883647681907 0
2980 11.50896468854446 7.880707829756716 0
2981 1.062691892980896 3.341886080988127 0
2982 6.654862316753546 6.657235233929979 0
2983 39.714183304271 9.714183304270792 0
2984 19.21966233885434 4.87325980664536 0
2985 1.166161626844242 0.7666865465739711 0
2986 7.324685679955658 1.364746625895724 0
2987 32.99947959542406 0.225821113439802 0
2988 10.50955990378209 3.063489442448579 0
2989 6.376103210552774 5.509345758887395 0
2990 38.3367378528087 6.939132843205399 0
2991 23.59616379882803 9.252049573980223 0
2992 28.78619730723999 5.256241569291581 0
2993 25.36184375313294 1.831956530494415 0
2994 9.517002367864709 1.416501613589229 0
2995 23.83157243772673 8.698585786360004 0
2996 30.47631892901734 6.643358976803497 0
2997 11.02917695653688 6.656647529161389 0
2998 36.77134312956458 2.459267666088555 0
2999 7.753219322188993 9.172099135629397 0
3000 35.54527626551499 8.517476150367006 0
3001 39.38036831099954 2.06771926583153 0
3002 36.60041714384267 6.895455439421643 0
3003 14.97175463322662 4.778882014202201 0
3004 13.92436701478916 2.758601436106361 0
3005 0.2919953840010409 6.657660793113137 0
3006 36.53141024468449 8.276791808820775 0
3007 36.03547681066929 9.390268759699845 0
3008 32.47098152497907 8.173113622634105 0
3009 32.80168377638456 9.240657484492054 0
3010 28.53543702731463 4.7794500311836 0
3011 0.7850687671768322 8.921445892285631 0
3012 17.37727715464892 0.7958840556590689 0
3013 16.21166114432049 5.676345688929838 0
3014 8.340344972349859 2.568856374423836 0
3015 2.826735388715106 6.041972395178085 0
3016 38.83186241405421 5.813479951092984 0
3017 7.544167392850834 3.125341011324054 0
3018 13.22379572064544 3.292714877717543 0
3019 9.721392867968675 5.088495403058301 0
3020 15.82783698014822 9.729432223756362 0
3021 4.166210368231116 2.321618587842723 0
3022 24.48228463442193 1.855425396294881 0
3023 9.139096301372986 6.179345293969319 0
3024 38.47108570796361 6.683291657890039 0
3025 37.61493848278184 9.695411016853114 0
3026 6.310293620720266 0.6381767913310932 0
3027 6.599999999998679 0.2297205013425319 0
3028 27.38012547053615 1.668844043275667 0
3029 18.97084353179168 9.118303249045956 0
3030 6.062261377816652 7.421908056228032 0
3031 9.363842847438226 2.4389721519828 0
3032 0.2925021184043076 7.064459531107098 0
3033 24.95144569013454 7.966657145322499 0
3034 32.73965686060655 8.452541291677784 0
3035 26.01972019044318 9.092137459886692 0
3036 28.75463843439168 1.258472115774058 0
3037 18.91825418125191 0.7620630941465238 0
3038 28.98854150641226 7.583552439407948 0
3039 33.56063162271618 7.283352309364801 0
3040 6.400026708151696 9.355730925017408 0
3041 14.89215910350983 2.730122254146194 0
3042 1.210365634098614 9.213852687692039 0
3043 23.76025444093098 5.349853168690548 0
3044 26.29101627732223 4.109873591030879 0
3045 19.86018954679964 1.190114874783888 0
3046 23.62511925959511 0.6218386179201675 0
3047 29.62850319259956 0.6160997030566407 0
3048 12.09073297012373 5.058314605026292 0
3049 26.30547860270082 7.224957207609984 0
3050 20.63640222100036 2.922546625741308 0
3051 9.367311842713276 5.999296953208002 0
3052 19.78580590932185 8.912804940530197 0
3053 7.490697760168456 4.887256597786158 0
3054 36.29185699177899 2.888715466732859 0
3055 25.79630074739042 3.511638660946208 0
3056 12.5716778951402 4.781651121617255 0
3057 23.94205827103149 1.922529591189323 0
3058 37.21192927921508 7.285168576770413 0
3059 39.19874594520386 8.823058973668248 0
3060 10.97887956982827 7.385175149946964 0
3061 37.51760284010312 9.292819011088651 0
3062 32.98282019974574 6.535748148284281 0
3063 35.58954231069524 7.667302450527611 0
3064 18.25510397036237 0.7508266421391071 0
3065 20.75708649687463 2.053197804561541 0
3066 39.23488901913885 8.461580547506683 0
3067 22.38707964755278 9.285807290287757 0
3068 20.17315116786397 2.026498283566515 0
3069 39.75072219963753 2.969832117074639 0
3070 2.28750302586135 2.661576580562696 0
3071 25.62282111426798 0.9748960811874099 0
3072 35.79936369519006 5.4231205955154 0
3073 8.22514664914125 7.875729792969176 0
3074 11.43312143105701 3.008759649961094 0
3075 23.41379522510082 8.316583089077778 0
3076 25.81046447169199 8.142233951051885 0
3077 16.50104999610411 2.864935281918837 0
3078 10.70390332379742 9.065705234275049 0
3079 38.95931598063609 6.893833880641081 0
3080 6.332301503156433 8.237521674427768 0
3081 39.70009743636948 4.388906277870054 0
3082 3.226668230444341 6.683966009571652 0
3083 27.87266744668733 9.395391190369759 0
3084 8.240681920105622 5.680895109916348 0
3085 1.775778719488109 1.503733883707412 0
3086 14.36351281336892 9.306599902805889 0
3087 26.60659433759576 3.616059899012568 0
3088 35.10385668144463 3.192398889729131 0
3089 1.26147355118366 5.593131178088029 0
3090 0.2411217075714388 0.6015959090178596 0
3091 10.45777462701631 7.087692367783562 0
3092 23.24169268574222 6.029873563853455 0
3093 3.700859127069278 1.600041805349786 0
3094 0.2243148676105088 3.8 0
3095 33.16776926852575 3.531252130929001 0
3096 0.5884723542611815 0.247643900074028 0
3097 25.23504398163288 0.605528292237803 0
3098 5.716470757137448 2.625157443029035 0
3099 3.768424469078477 3.544048034175267 0
3100 12.84411414035731 8.841771227356167 0
3101 8.16544748730449 5.928724419580894 0
3102 6.660812270231981 8.367144640677797 0
3103 38.28278265862969 0.977301149800396 0
3104 26.53231089101036 7.946730902228637 0
3105 4.813803966584037 1.799999999999474 0
3106 30.18937853920373 9.364811944048737 0
3107 29.52330503971945 2.458808201737238 0
3108 28.72651167999885 1.936094576405112 0
3109 2.548529552325924 9.093236851027541 0
3110 27.78146335638427 1.583249405710556 0
3111 35.65720289061505 3.621492970540922 0
3112 28.59595040381218 2.823947637352787 0
3113 30.03567767747276 3.441422459449418 0
3114 23.12243541665456 1.004767103479293 0
3115 36.26159489790133 6.845654329736099 0
3116 19.83506174800992 0.6884412464765924 0
3117 38.65141297410147 6.115218485647741 0
3118 27.81039981692801 8.307936803467063 0
3119 10.87533431139177 9.707491567009107 0
3120 36.15955023201261 0.2454914865681727 0
3121 31.04458407643227 6.66896252036468 0
3122 32.66669164558051 1.857414410117341 0
3123 28.99114594710032 4.270170746778374 0
3124 14.85562921907549 6.155452235954077 0
3125 17.48236632203148 0.2709067697387328 0
3126 24.18263223295626 5.826059974244638 0
3127 26.31153753530001 4.966572087171862 0
3128 27.37387717690692 2.812544737858068 0
3129 35.02615882649713 6.076524978412207 0
3130 20.33667942231338 9.707314083030029 0
3131 10.99629648943082 4.717523583133501 0
3132 0.6894755706166629 5.784907421087407 0
3133 31.65193695488647 4.100911612236855 0
3134 25.5261281965216 5.617830702093335 0
3135 36.69981604395132 3.021006633255101 0
3136 27.60941427749085 1.136287388753372 0
3137 12.81260368334414 6.637156028098634 0
3138 39.7802542957562 3.821994967980225 0
3139 15.01859485168399 2.471040410886889 0
3140 33.45525362777715 4.94494723993602 0
3141 21.28843294338233 0.2918448840807872 0
3142 2.657191736240664 3.508656973911848 0
3143 35.9655354684528 8.138191941023038 0
3144 33.89118789683049 6.324269715051331 0
3145 35.25700561441389 8.715077301954409 0
3146 33.79966752732229 0.2448421220553058 0
3147 12.23173414074802 6.56893122049863 0
3148 9.098830700848074 8.761214115177365 0
3149 7.224449356733984 7.110845358720201 0
3150 17.50446413715509 6.650915480704646 0
3151 12.91550758314504 3.6917558602447 0
3152 7.028699086815937 4.20437443537639 0
3153 34.41296374813366 2.338739931913933 0
3154 4.236571797700401 4.960031091423069 0
3155 37.16896704449426 9.344981261084103 0
3156 33.53194600263974 6.483939928572328 0
3157 38.71502212305376 2.98655287749636 0
3158 34.4006093813794 7.393942995620214 0
3159 32.08991115312539 7.72225309504965 0
3160 25.28697222641697 6.115732615283532 0
3161 39.75985179714605 9.401480049272465 0
3162 39.39890941166254 9.765845794236201 0
3163 35.22330686346186 0.7048682962259569 0
3164 35.30052725626462 6.594930455718913 0
3165 2.278207449122035 6.176216835306438 0
3166 9.249385690033266 3.532797156441088 0
3167 3.200364272283195 9.264397279959205 0
3168 14.84855618521569 3.374477485453309 0
3169 0.8555815986894033 2.645620105295687 0
3170 10.09145666229343 4.253059597642791 0
3171 3.394541860994728 6.918360262198751 0
3172 10.85382588004504 2.657060569165534 0
3173 30.44463992405037 3.371647285249523 0
3174 6.40259559260859 3.518445562319811 0
3175 25.96727618740392 3.871882497654132 0
3176 15.91461803112537 5.763398717715646 0
3177 26.82301858493582 2.583308888076205 0
3178 16.96743928008433 1.708016602114551 0
3179 25.38034748256424 2.463674123989461 0
3180 12.29205569788399 8.726648043024218 0
3181 2.970955481128858 3.959981442816431 0
3182 27.30498339413615 7.435235429878922 0
3183 29.36253037145422 7.159412162608288 0
3184 5.849909110736657 4.176097604900397 0
3185 22.39947588684869 6.187859533035919 0
3186 34.5460639253188 6.303280958662474 0
3187 2.930021921809097 1.036403322296908 0
3188 34.07971794153539 7.796936556924419 0
3189 24.3675183645909 2.730129435768098 0
3190 22.89580593038479 8.577097509388452 0
3191 10.34456407321916 1.142175582360352 0
3192 3.012501342948134 9.759923001710883 0
3193 7.305991024645287 9.71117610733064 0
3194 17.81451670622524 7.913056245394192 0
3195 29.42792324234235 6.267753566714879 0
3196 21.18877025849622 2.397498466628622 0
3197 4.64963524099095 6.945717130564215 0
3198 23.05189221338192 3.857982977928648 0
3199 15.56497711666368 7.167141645764122 0
3200 15.38629437459278 0.2284822275848736 0
3201 9.228030244525531 4.898155449791677 0
3202 30.76398048533731 6.507423460867038 0
3203 36.91148728829189 2.709774437736769 0
3204 9.839674516803434 8.016043434916922 0
3205 4.891485906491914 9.723797112159614 0
3206 18.29559350260242 1.790847707269981 0
3207 21.99941751846853 9.292645229427434 0
3208 32.12790189630324 4.252385907580264 0
3209 24.806586748404 1.492974611881274 0
3210 6.203603190938642 8.669399771317364 0
3211 12.94421268786792 6.088218069286019 0
3212 31.06458719071307 4.674751600587788 0
3213 27.69819036981885 3.661497986829253 0
3214 10.98188341875351 2.19090556017889 0
3215 10.45118261293987 3.373547368308324 0
3216 15.80501465609457 5.024064347658338 0
3217 33.04526936841161 8.258299488151771 0
3218 10.20828015398031 5.689297774113497 0
3219 27.97059420090703 4.126695330602087 0
3220 1.080341568835616 7.726720672048803 0
3221 16.93898459168644 7.553795279453099 0
3222 33.90604368771392 6.910970640518565 0
3223 25.00000000000001 9.783514127678782 0
3224 16.61726045313004 3.533237482274572 0
3225 33.20793229153982 1.153782009210845 0
3226 14.78656704700438 8.852662488442959 0
3227 34.31524082821078 5.459005461796697 0
3228 2.69922121410236 1.50575978351799 0
3229 3.5776014281237 7.2276354940476 0
3230 11.06060931144078 3.831678273059668 0
3231 31.74708666138429 9.323588613056378 0
3232 12.26808302870097 3.551684318670979 0
3233 14.46050393584887 7.585412533820658 0
3234 9.04473695750135 8.424306361784311 0
3235 7.368384314813251 5.87335769555781 0
3236 7.939837209264876 7.10023760853821 0
3237 32.68649883991309 0.6061492420137298 0
3238 18.13300982164078 2.07028942295245 0
3239 3.895416957311395 1.865967595810592 0
3240 11.03371903174184 5.275121775172316 0
3241 33.00000000000023 9.785071108487298 0
3242 39.31493331250636 4.2002078114311 0
3243 5.294081676320552 2.482476398069899 0
3244 23.34346634505645 4.014525094065576 0
3245 9.43413877911056 7.197595259958707 0
3246 33.25008947294154 0.656030352574782 0
3247 10.49352603380023 3.944757460166047 0
3248 5.171062087124319 8.700633504962397 0
3249 23.07307677876091 8.887704102596921 0
3250 7.685405503195013 5.844622867070734 0
3251 22.81296991534246 8.196696135085588 0
3252 1.457936425974558 3.677633508178483 0
3253 4.733623520093316 0.2421671875325432 0
3254 20.82222157828203 0.602269855608895 0
3255 4.508049111945509 3.147498741278372 0
3256 38.97135804082179 8.333381942948145 0
3257 13.68506440404585 6.997169035355996 0
3258 32.46300790580836 3.46012917967834 0
3259 18.16081881298679 0.2404577442863589 0
3260 39.39723114185906 0.2479360843767767 0
3261 6.228368635751092 5.18436721004067 0
3262 29.77189061788303 6.817619155775022 0
3263 11.73951599861817 1.178983068622838 0
3264 37.54526145734216 1.669911899315333 0
3265 1.125120669995262 8.072167370290316 0
3266 16.1119732559363 8.473257218112456 0
3267 12.20551141368492 0.2177309427592878 0
3268 22.54732882617722 8.07058922714576 0
3269 13.6392818542161 7.593391096873478 0
3270 20.62612928585594 7.824262179361618 0
3271 31.08475447684199 8.122373990540897 0
3272 7.298957439643745 4.63414719802657 0
3273 20.46013276142572 1.134036740124361 0
3274 18.69075918625545 3.559329014109276 0
3275 28.80435797678217 9.272633240385641 0
3276 22.51543683479465 3.810759841283574 0
3277 28.1292195061578 6.056498694668953 0
3278 6.074449003038039 6.172729549695644 0
3279 23.04039939222952 1.885513033045993 0
3280 38.54666859646338 9.23596111722404 0
3281 38.84712423392979 9.255388219991561 0
3282 19.25627750701664 1.384500715410296 0
3283 36.14216865933795 3.707216523856391 0
3284 31.46736743961024 8.351854914933899 0
3285 32.77951996973145 4.332398755205882 0
3286 32.24852544097229 3.969932821651425 0
3287 18.49471451900174 6.374439852009733 0
3288 3.442668419774417 0.6464084118684914 0
3289 2.05401486514725 7.563645397559204 0
3290 39.16025766502389 7.44773029609466 0
3291 17.2630543963781 6.487241617702605 0
3292 37.80000000001121 0.2120956339853292 0
3293 17.82825799401337 3.667348391677397 0
3294 27.72264371752861 3.984320235299073 0
3295 10.02509612907915 6.313124091104034 0
3296 7.083208900753319 2.421311750919909 0
3297 11.82996822706651 9.766586099333621 0
3298 37.01484299144663 1.791262744562498 0
3299 10.63527709476797 7.43239134438749 0
3300 3.319633602764291 1.815752171527573 0
3301 17.68016869584752 9.331351959880472 0
3302 31.95931477257896 8.041751024220192 0
3303 19.91050735664382 3.970079524746086 0
3304 32.59682489016562 3.986716244448629 0
3305 31.66874457379248 5.11164873979954 0
3306 31.87842134237255 5.357892960332974 0
3307 15.89308198016472 8.72311097768595 0
3308 11.42995918105861 5.163679997372478 0
3309 22.19809680842076 9.781731862894585 0
3310 6.026380064169814 3.740306184883851 0
3311 4.340037862162568 0.259611098490555 0
3312 10.03631284209408 9.378364481315391 0
3313 5.238207284112348 6.338001748125436 0
3314 3.955567283807136 9.277069109899644 0
3315 37.74141768601605 8.686834293544969 0
3316 18.3619438634462 3.434612884596087 0
3317 12.80804936978985 0.5637334198363799 0
3318 20.61848381031599 5.380321005769007 0
3319 21.99916324708963 6.554622581778493 0
3320 6.647405553686792 0.7770131548338334 0
3321 11.40919691687722 6.339098800301095 0
3322 34.61219254882653 0.2244476784195426 0
3323 33.63445746827077 0.8089420957691913 0
3324 10.43911340845283 6.69911869563045 0
3325 2.500343743990892 4.290737204557055 0
3326 20.43131651748895 3.531170648878819 0
3327 2.687010720860315 8.2242243136717 0
3328 37.03219509394086 5.217524910750554 0
3329 12.78730858831203 9.402210032301607 0
3330 32.08945551304187 1.71416070809522 0
3331 12.55426118231632 8.249769005978422 0
3332 28.53714666732776 5.692760996739752 0
3333 2.51467917107598 0.8239629125445408 0
3334 33.1567060265863 4.722681628274439 0
3335 33.77282059812766 8.306780254186423 0
3336 20.42671118300312 0.6154957842564464 0
3337 37.70730498729213 6.351612610901729 0
3338 23.08877961308957 9.374854323650849 0
3339 14.51687242267397 3.486022477526149 0
3340 10.91334995070951 6.23290181007481 0
3341 12.69434705016564 6.914952731970592 0
3342 37.77159632283412 7.467269567453169 0
3343 35.78977750977339 5.091496633386711 0
3344 38.4885994572554 8.218352516667705 0
3345 10.01419770170159 3.686370167007847 0
3346 16.24425491436655 0.2454404353555923 0
3347 20.95762947463826 6.641743568760207 0
3348 38.73071156734785 1.232343476125055 0
3349 8.257129417604324 8.898475054094234 0
3350 21.85839147470167 6.256817705995003 0
3351 24.07128948857768 9.732636208975164 0
3352 9.573773997540711 3.551588630673083 0
3353 23.79546813725679 4.363094311218465 0
3354 21.78513767514329 6.77723749350862 0
3355 7.576239732218372 1.846038961555081 0
3356 7.382724895615487 9.345037965798815 0
3357 5.69464894537202 4.976371236133883 0
3358 2.343666401582601 4.786440381416273 0
3359 5.020903084829438 7.339925420989518 0
3360 16.08706185997173 0.7198832440303194 0
3361 19.16326509733193 2.796269513316051 0
3362 11.98553899738997 2.331558826922412 0
3363 37.21685313491815 6.093207376166045 0
3364 26.49768151380605 8.660013200436426 0
3365 34.6593127290551 5.069778136983437 0
3366 2.45361050306665 3.914197982723244 0
3367 19.1896064006711 3.906954266590843 0
3368 32.55147185594047 7.421535856664954 0
3369 34.72494086022476 0.7537479813058827 0
3370 32.18754286903379 2.775982498737696 0
3371 5.547379504184769 7.909044469300976 0
3372 31.04937438134397 6.087412282743141 0
3373 33.35750211158478 3.346963332294862 0
3374 6.106029838789484 3.251920113208365 0
3375 12.35482439938309 9.049770310302073 0
3376 22.77810126145195 1.96623662180425 0
3377 21.39883403408232 5.782967553777541 0
3378 9.591347431003104 8.464613597348492 0
3379 4.343494586559427 1.158962519540709 0
3380 3.962672875768197 5.596095903137234 0
3381 31.42502366246397 4.281780054070214 0
3382 33.97694732356675 0.6681413895224674 0
3383 7.934453825090277 5.196977798190224 0
3384 7.819244838860502 2.611696299383827 0
3385 11.78052314741359 3.183565604576052 0
3386 33.85399936454291 1.867767101601769 0
3387 25.87707813741747 5.008301394018001 0
3388 7.269687991790506 6.117331832116433 0
3389 35.68299436803396 1.109518630572271 0
3390 8.685291341337688 2.955240448636826 0
3391 6.029935978109237 7.709185151080278 0
3392 3.677266048297201 8.642273164432819 0
3393 34.6254732578561 7.88842617264874 0
3394 10.13390164108834 4.770035196450538 0
3395 16.0572663314212 6.262964344111187 0
3396 17.71038959940844 4.247177580381178 0
3397 10.41622218963428 0.6305209859954543 0
3398 12.6947995167593 4.242533963211463 0
3399 21.65831387691541 2.729910240398831 0
3400 2.940475901786618 5.336087468091436 0
3401 15.14443848864663 6.753109063416752 0
3402 37.81856938806425 2.404883185578473 0
3403 11.32624286654696 1.918282259199589 0
3404 13.487356494001 5.129738548192378 0
3405 20.31138926486283 8.864809274307715 0
3406 22.48193199902637 5.228451132314857 0
3407 30.38680375012824 8.424234187736664 0
3408 33.69738397550891 8.630048406683121 0
3409 8.085997035701542 2.426367231116518 0
3410 11.77680302894336 8.783549090344625 0
3411 30.48901500974746 1.234805108767404 0
3412 8.663368067837215 6.006092537347157 0
3413 32.54034680980538 6.884559379293129 0
3414 12.91093278275202 7.176715737110524 0
3415 29.04086211417894 7.273279279014197 0
3416 6.498903038853761 7.796768695006935 0
3417 36.17630215404489 5.426244990783377 0
3418 6.583739204105519 1.978119740436091 0
3419 36.5295239760127 4.001831034488937 0
3420 25.39604336468683 3.034213917815473 0
3421 30.05489537464866 8.890888457634274 0
3422 29.93393187789366 8.587920245495804 0
3423 34.57552697062814 4.197732984668925 0
3424 13.70169633992201 3.151087572654338 0
3425 1.065059515141578 6.367955735430872 0
3426 20.26772588797327 7.488779021970354 0
3427 0.2439924802286469 6.129241681327936 0
3428 20.40001616327301 9.392250782787196 0
3429 33.93159673775073 4.437393593760169 0
3430 11.88349279559076 0.6609151083106678 0
3431 12.07604072962305 3.015890694554348 0
3432 19.15797264063554 4.533724079171105 0
3433 33.93384083129589 6.044452461976781 0
3434 16.08446939062736 1.46842772724546 0
3435 13.96978587029385 1.008252772679296 0
3436 17.08247690791447 4.067606580014582 0
3437 15.30511467240456 8.025415964555137 0
3438 14.05392071420261 5.200080235350709 0
3439 30.88319064419397 1.237306146573674 0
3440 35.28568941103637 9.052916183996265 0
3441 6.90277839510741 8.542506542606192 0
3442 22.23635314960256 0.2350519116204292 0
3443 10.33017413230238 8.773144893836895 0
3444 15.58276628267487 8.296836444670372 0
3445 7.109506343074071 1.126142564915612 0
3446 9.802342095843994 0.2141703442918734 0
3447 16.06328423986537 9.401567862931298 0
3448 38.20150458326845 5.742637105055814 0
3449 19.75096386392864 6.658092890627277 0
3450 11.17174503948188 5.763247495042418 0
3451 8.999999999999982 9.798323040359131 0
3452 29.13604479895811 8.058473911085128 0
3453 4.863100231053544 2.330265378071288 0
3454 26.38226332114748 3.530724701978643 0
3455 25.31976952797848 1.475599567057126 0
3456 17.26301012813468 2.583558129816823 0
3457 12.60153655889011 2.892515114856437 0
3458 12.09927443793478 8.244192666575719 0
3459 1.315883163325125 1.328476897414938 0
3460 16.96951572188621 6.56100808905952 0
3461 18.3134185158918 4.922602002488452 0
3462 22.65000964875834 2.599304245349523 0
3463 25.6305591201368 1.932042635441846 0
3464 24.810358323253 2.328642177797698 0
3465 30.87091344870258 2.151437112593049 0
3466 22.79239891221632 7.071223508620399 0
3467 22.98378307455372 6.923582681899899 0
3468 15.4486255792658 3.591406562217787 0
3469 3.534775438481074 4.830040277111662 0
3470 18.71954737515575 7.570636394746288 0
3471 11.00786308085052 4.128571095550419 0
3472 16.46859574444924 2.221193232714759 0
3473 28.90554441664335 3.472784310881867 0
3474 34.73992737451801 1.794207787142857 0
3475 17.82618880597911 4.767254141928475 0
3476 17.00351822762362 0.2209770454033287 0
3477 30.52015480827156 1.766751347640091 0
3478 16.24677287459987 3.89712837933274 0
3479 26.57294970588962 5.481887367828889 0
3480 32.29423260020936 2.138925695879288 0
3481 32.45257775528773 2.393023109433421 0
3482 15.69369350958162 4.016636237592579 0
3483 10.03347224561167 1.099802509369339 0
3484 15.54521762093404 4.515973415815767 0
3485 22.74732258677445 2.896463429134665 0
3486 21.53341356467401 2.424435120191125 0
3487 24.51833339995152 7.587801787136732 0
3488 19.9828786708192 0.939116709532787 0
3489 22.85522747739056 2.400795475875188 0
3490 37.77132020218467 1.252068095982756 0
3491 8.99854938099892 0.2330671927486202 0
$EndNodes
$Elements
6980
1 1 2 3 1 1 9
2 1 2 3 1 9 10
3 1 2 3 1 10 11
4 1 2 3 1 11 12
5 1 2 3 1 12 13
6 1 2 3 1 13 14
7 1 2 3 1 14 15
8 1 2 3 1 15 16
9 1 2 3 1 16 17
10 1 2 3 1 17 18
11 1 2 3 1 18 19
12 1 2 3 1 19 20
13 1 2 3 1 20 2
14 1 2 3 2 2 21
15 1 2 3 2 21 22
16 1 2 3 2 22 23
17 1 2 3 2 23 24
18 1 2 3 2 24 3
19 1 2 3 3 3 25
20 1 2 3 3 25 26
21 1 2 3 3 26 4
22 1 2 3 4 4 27
23 1 2 3 4 27 28
24 1 2 3 4 28 29
25 1 2 3 4 29 30
26 1 2 3 4 30 5
27 1 2 3 5 5 31
28 1 2 3 5 31 32
29 1 2 3 5 32 33
30 1 2 3 5 33 34
31 1 2 3 5 34 35
32 1 2 3 5 35 36
33 1 2 3 5 36 37
34 1 2 3 5 37 38
35 1 2 3 5 38 39
36 1 2 3 5 39 40
37 1 2 3 5 40 41
38 1 2 3 5 41 42
39 1 2 3 5 42 43
40 1 2 3 5 43 44
41 1 2 3 5 44 45
42 1 2 3 5 45 46
43 1 2 3 5 46 47
44 1 2 3 5 47 48
45 1 2 3 5 48 49
46 1 2 3 5 49 50
47 1 2 3 5 50 51
48 1 2 3 5 51 52
49 1 2 3 5 52 53
50 1 2 3 5 53 54
51 1 2 3 5 54 55
52 1 2 3 5 55 56
53 1 2 3 5 56 57
54 1 2 3 5 57 58
55 1 2 3 5 58 59
56 1 2 3 5 59 60
57 1 2 3 5 60 61
58 1 2 3 5 61 62
59 1 2 3 5 62 63
60 1 2 3 5 63 64
61 1 2 3 5 64 65
62 1 2 3 5 65 66
63 1 2 3 5 66 67
64 1 2 3 5 67 68
65 1 2 3 5 68 69
66 1 2 3 5 69 70
67 1 2 3 5 70 71
68 1 2 3 5 71 72
69 1 2 3 5 72 73
70 1 2 3 5 73 74
71 1 2 3 5 74 75
72 1 2 3 5 75 76
73 1 2 3 5 76 77
74 1 2 3 5 77 78
75 1 2 3 5 78 79
76 1 2 3 5 79 80
77 1 2 3 5 80 81
78 1 2 3 5 81 82
79 1 2 3 5 82 83
80 1 2 3 5 83 84
81 1 2 3 5 84 85
82 1 2 3 5 85 86
83 1 2 3 5 86 87
84 1 2 3 5 87 88
85 1 2 3 5 88 89
86 1 2 3 5 89 90
87 1 2 3 5 90 91
88 1 2 3 5 91 92
89 1 2 3 5 92 93
90 1 2 3 5 93 94
91 1 2 3 5 94 95
92 1 2 3 5 95 96
93 1 2 3 5 96 97
94 1 2 3 5 97 98
95 1 2 3 5 98 99
96 1 2 3 5 99 100
97 1 2 3 5 100 101
98 1 2 3 5 101 102
99 1 2 3 5 102 103
100 1 2 3 5 103 104
101 1 2 3 5 104 105
102 1 2 3 5 105 106
103 1 2 3 5 106 107
104 1 2 3 5 107 108
105 1 2 3 5 108 109
106 1 2 3 5 109 110
107 1 2 3 5 110 111
108 1 2 3 5 111 112
109 1 2 3 5 112 113
110 1 2 3 5 113 114
111 1 2 3 5 114 6
112 1 2 2 6 6 115
113 1 2 2 6 115 116
114 1 2 2 6 116 117
115 1 2 2 6 117 118
116 1 2 2 6 118 119
117 1 2 2 6 119 120
118 1 2 2 6 120 121
119 1 2 2 6 121 122
120 1 2 2 6 122 123
121 1 2 2 6 123 124
122 1 2 2 6 124 125
123 1 2 2 6 125 126
124 1 2 2 6 126 127
125 1 2 2 6 127 128
126 1 2 2 6 128 129
127 1 2 2 6 129 130
128 1 2 2 6 130 131
129 1 2 2 6 131 132
130 1 2 2 6 132 133
131 1 2 2 6 133 134
132 1 2 2 6 134 135
133 1 2 2 6 135 136
134 1 2 2 6 136 137
135 1 2 2 6 137 138
136 1 2 2 6 138 7
137 1 2 4 7 7 139
138 1 2 4 7 139 140
139 1 2 4 7 140 141
140 1 2 4 7 141 142
141 1 2 4 7 142 143
142 1 2 4 7 143 144
143 1 2 4 7 144 145
144 1 2 4 7 145 146
145 1 2 4 7 146 147
146 1 2 4 7 147 148
147 1 2 4 7 148 149
148 1 2 4 7 149 150
149 1 2 4 7 150 151
150 1 2 4 7 151 152
151 1 2 4 7 152 153
152 1 2 4 7 153 154
153 1 2 4 7 154 155
154 1 2 4 7 155 156
155 1 2 4 7 156 157
156 1 2 4 7 157 158
157 1 2 4 7 158 159
158 1 2 4 7 159 160
159 1 2 4 7 160 161
160 1 2 4 7 161 162
161 1 2 4 7 162 163
162 1 2 4 7 163 164
163 1 2 4 7 164 165
164 1 2 4 7 165 166
165 1 2 4 7 166 167
166 1 2 4 7 167 168
167 1 2 4 7 168 169
168 1 2 4 7 169 170
169 1 2 4 7 170 171
170 1 2 4 7 171 172
171 1 2 4 7 172 173
172 1 2 4 7 173 174
173 1 2 4 7 174 175
174 1 2 4 7 175 176
175 1 2 4 7 176 177
176 1 2 4 7 177 178
177 1 2 4 7 178 179
178 1 2 4 7 179 180
179 1 2 4 7 180 181
180 1 2 4 7 181 182
181 1 2 4 7 182 183
182 1 2 4 7 183 184
183 1 2 4 7 184 185
184 1 2 4 7 185 186
185 1 2 4 7 186 187
186 1 2 4 7 187 188
187 1 2 4 7 188 189
188 1 2 4 7 189 190
189 1 2 4 7 190 191
190 1 2 4 7 191 192
191 1 2 4 7 192 193
192 1 2 4 7 193 194
193 1 2 4 7 194 195
194 1 2 4 7 195 196
195 1 2 4 7 196 197
196 1 2 4 7 197 198
197 1 2 4 7 198 199
198 1 2 4 7 199 200
199 1 2 4 7 200 201
200 1 2 4 7 201 202
201 1 2 4 7 202 203
202 1 2 4 7 203 204
203 1 2 4 7 204 205
204 1 2 4 7 205 206
205 1 2 4 7 206 207
206 1 2 4 7 207 208
207 1 2 4 7 208 209
208 1 2 4 7 209 210
209 1 2 4 7 210 211
210 1 2 4 7 211 212
211 1 2 4 7 212 213
212 1 2 4 7 213 214
213 1 2 4 7 214 215
214 1 2 4 7 215 216
215 1 2 4 7 216 217
216 1 2 4 7 217 218
217 1 2 4 7 218 219
218 1 2 4 7 219 220
219 1 2 4 7 220 221
220 1 2 4 7 221 222
221 1 2 4 7 222 223
222 1 2 4 7 223 224
223 1 2 4 7 224 225
224 1 2 4 7 225 226
225 1 2 4 7 226 227
226 1 2 4 7 227 228
227 1 2 4 7 228 229
228 1 2 4 7 229 230
229 1 2 4 7 230 231
230 1 2 4 7 231 232
231 1 2 4 7 232 233
232 1 2 4 7 233 234
233 1 2 4 7 234 235
234 1 2 4 7 235 236
235 1 2 4 7 236 237
236 1 2 4 7 237 8
237 1 2 1 8 8 238
238 1 2 1 8 238 239
239 1 2 1 8 239 240
240 1 2 1 8 240 241
241 1 2 1 8 241 242
242 1 2 1 8 242 243
243 1 2 1 8 243 244
244 1 2 1 8 244 245
245 1 2 1 8 245 246
246 1 2 1 8 246 247
247 1 2 1 8 247 248
248 1 2 1 8 248 249
249 1 2 1 8 249 250
250 1 2 1 8 250 251
251 1 2 1 8 251 252
252 1 2 1 8 252 253
253 1 2 1 8 253 254
254 1 2 1 8 254 255
255 1 2 1 8 255 256
256 1 2 1 8 256 257
257 1 2 1 8 257 258
258 1 2 1 8 258 259
259 1 2 1 8 259 260
260 1 2 1 8 260 261
261 1 2 1 8 261 1
262 2 2 5 1 1805 968 1806
263 2 2 5 1 686 1805 1806
264 2 2 5 1 1246 728 1945
265 2 2 5 1 82 1807 2226
266 2 2 5 1 1200 530 1580
267 2 2 5 1 1403 731 1632
268 2 2 5 1 1229 493 1489
269 2 2 5 1 678 1229 1489
270 2 2 5 1 685 1084 2682
271 2 2 5 1 612 1030 1656
272 2 2 5 1 1087 666 1501
273 2 2 5 1 400 2118 2674
274 2 2 5 1 321 1106 1602
275 2 2 5 1 1204 815 1430
276 2 2 5 1 1428 890 1963
277 2 2 5 1 388 1403 1632
278 2 2 5 1 1050 448 1570
279 2 2 5 1 298 2362 2765
280 2 2 5 1 1039 2241 2434
281 2 2 5 1 1121 343 1510
282 2 2 5 1 145 1033 3025
283 2 2 5 1 626 1029 1771
284 2 2 5 1 1029 351 1771
285 2 2 5 1 1333 381 2201
286 2 2 5 1 628 1134 2623
287 2 2 5 1 1288 539 3310
288 2 2 5 1 1225 1288 3310
289 2 2 5 1 1387 736 2033
290 2 2 5 1 1268 529 2242
291 2 2 5 1 1353 2276 2460
292 2 2 5 1 2362 1010 2765
293 2 2 5 1 1397 656 1401
294 2 2 5 1 576 1397 1401
295 2 2 5 1 661 1121 1510
296 2 2 5 1 305 1021 2209
297 2 2 5 1 548 1156 1551
298 2 2 5 1 739 1218 2152
299 2 2 5 1 1812 94 2679
300 2 2 5 1 1021 305 3043
301 2 2 5 1 1333 2201 2338
302 2 2 5 1 548 1255 2883
303 2 2 5 1 1218 518 1383
304 2 2 5 1 645 1439 1726
305 2 2 5 1 1071 290 2864
306 2 2 5 1 476 1673 2278
307 2 2 5 1 1438 491 2522
308 2 2 5 1 623 1163 2717
309 2 2 5 1 1441 844 2184
310 2 2 5 1 437 2447 2753
311 2 2 5 1 974 1586 2753
312 2 2 5 1 531 1339 2095
313 2 2 5 1 1023 684 2644
314 2 2 5 1 1033 145 1751
315 2 2 5 1 1223 729 1683
316 2 2 5 1 1041 670 3168
317 2 2 5 1 499 1256 1454
318 2 2 5 1 429 1360 1399
319 2 2 5 1 1673 1040 2278
320 2 2 5 1 357 1330 1467
321 2 2 5 1 81 82 2226
322 2 2 5 1 170 171 1385
323 2 2 5 1 684 1023 1792
324 2 2 5 1 1376 656 1397
325 2 2 5 1 265 1376 1397
326 2 2 5 1 1030 612 2119
327 2 2 5 1 911 1182 1976
328 2 2 5 1 603 1516 2114
329 2 2 5 1 579 1067 1645
330 2 2 5 1 1198 349 1577
331 2 2 5 1 1305 582 1495
332 2 2 5 1 283 1291 2195
333 2 2 5 1 2184 844 2456
334 2 2 5 1 801 1499 1768
335 2 2 5 1 1499 662 1768
336 2 2 5 1 1029 626 1794
337 2 2 5 1 1266 304 1998
338 2 2 5 1 647 1552 1793
339 2 2 5 1 1552 835 1793
340 2 2 5 1 574 1095 2390
341 2 2 5 1 753 1346 2066
342 2 2 5 1 1440 2052 2090
343 2 2 5 1 459 1150 1659
344 2 2 5 1 490 1131 2283
345 2 2 5 1 1255 1323 2883
346 2 2 5 1 1365 578 1887
347 2 2 5 1 1963 890 2639
348 2 2 5 1 1804 63 2448
349 2 2 5 1 1188 330 1720
350 2 2 5 1 1088 443 2899
351 2 2 5 1 682 1301 1409
352 2 2 5 1 526 1654 2171
353 2 2 5 1 1112 475 2272
354 2 2 5 1 670 1041 2351
355 2 2 5 1 659 1029 2337
356 2 2 5 1 1081 503 2554
357 2 2 5 1 351 1029 1900
358 2 2 5 1 1029 659 1900
359 2 2 5 1 541 2207 2407
360 2 2 5 1 1378 1071 2864
361 2 2 5 1 782 1933 2456
362 2 2 5 1 1085 455 1690
363 2 2 5 1 1231 766 3089
364 2 2 5 1 82 83 1807
365 2 2 5 1 1807 83 2641
366 2 2 5 1 1067 579 2257
367 2 2 5 1 532 1314 2289
368 2 2 5 1 540 1197 1703
369 2 2 5 1 272 1471 2496
370 2 2 5 1 1471 1070 2496
371 2 2 5 1 901 1266 1998
372 2 2 5 1 1301 513 1409
373 2 2 5 1 1526 2566 3034
374 2 2 5 1 1436 377 1617
375 2 2 5 1 288 1487 1704
376 2 2 5 1 466 1227 1843
377 2 2 5 1 1329 2536 2842
378 2 2 5 1 450 1072 1619
379 2 2 5 1 2095 1339 2881
380 2 2 5 1 1144 716 2096
381 2 2 5 1 1463 696 1837
382 2 2 5 1 1612 933 1964
383 2 2 5 1 2239 1117 3204
384 2 2 5 1 1786 603 2114
385 2 2 5 1 1156 548 1564
386 2 2 5 1 94 95 2679
387 2 2 5 1 1095 574 1784
388 2 2 5 1 1387 2033 2529
389 2 2 5 1 694 1612 1964
390 2 2 5 1 969 1199 2869
391 2 2 5 1 766 1266 3089
392 2 2 5 1 477 1204 1430
393 2 2 5 1 1199 335 2869
394 2 2 5 1 1139 593 1550
395 2 2 5 1 456 1087 2907
396 2 2 5 1 363 1228 1402
397 2 2 5 1 793 1271 2163
398 2 2 5 1 665 1325 1671
399 2 2 5 1 1072 718 2635
400 2 2 5 1 1086 151 2079
401 2 2 5 1 1067 289 1645
402 2 2 5 1 519 1526 2409
403 2 2 5 1 1526 1059 2409
404 2 2 5 1 1528 1117 2239
405 2 2 5 1 529 1268 3263
406 2 2 5 1 788 1178 1478
407 2 2 5 1 592 1321 1424
408 2 2 5 1 1329 885 2536
409 2 2 5 1 4 1163 2472
410 2 2 5 1 1188 708 1500
411 2 2 5 1 1367 573 2076
412 2 2 5 1 2289 1314 2815
413 2 2 5 1 282 1802 2697
414 2 2 5 1 711 2281 2628
415 2 2 5 1 571 1344 1583
416 2 2 5 1 2997 594 3340
417 2 2 5 1 1671 1325 2665
418 2 2 5 1 342 1079 1772
419 2 2 5 1 1713 532 2289
420 2 2 5 1 1552 376 2078
421 2 2 5 1 1476 201 1846
422 2 2 5 1 448 1050 2073
423 2 2 5 1 2947 265 3212
424 2 2 5 1 1079 616 1641
425 2 2 5 1 329 1083 1630
426 2 2 5 1 602 1378 2864
427 2 2 5 1 1368 671 1421
428 2 2 5 1 455 1085 1628
429 2 2 5 1 1404 2494 3159
430 2 2 5 1 265 1397 3212
431 2 2 5 1 1012 1747 1990
432 2 2 5 1 1747 461 1990
433 2 2 5 1 94 1812 2188
434 2 2 5 1 1521 1040 2652
435 2 2 5 1 616 1079 1714
436 2 2 5 1 1079 342 1714
437 2 2 5 1 359 1127 1739
438 2 2 5 1 1127 644 1739
439 2 2 5 1 1298 588 1375
440 2 2 5 1 1298 266 3479
441 2 2 5 1 1236 2707 2739
442 2 2 5 1 368 1308 1819
443 2 2 5 1 1456 409 2551
444 2 2 5 1 1510 1268 2242
445 2 2 5 1 376 1741 2078
446 2 2 5 1 93 94 2188
447 2 2 5 1 1380 1298 3479
448 2 2 5 1 799 1166 2491
449 2 2 5 1 588 1298 1380
450 2 2 5 1 1456 2551 2888
451 2 2 5 1 677 2519 2637
452 2 2 5 1 1236 512 2707
453 2 2 5 1 1463 1837 2372
454 2 2 5 1 838 1332 3011
455 2 2 5 1 666 1087 1876
456 2 2 5 1 1887 578 1959
457 2 2 5 1 429 1399 2045
458 2 2 5 1 595 1241 3402
459 2 2 5 1 2241 466 2434
460 2 2 5 1 1440 733 2052
461 2 2 5 1 1304 359 1379
462 2 2 5 1 491 1438 2160
463 2 2 5 1 1802 1165 2697
464 2 2 5 1 679 1275 1400
465 2 2 5 1 349 1198 1728
466 2 2 5 1 1198 667 1728
467 2 2 5 1 699 1173 2785
468 2 2 5 1 569 1304 3059
469 2 2 5 1 1389 541 2407
470 2 2 5 1 379 1232 1735
471 2 2 5 1 573 1450 2076
472 2 2 5 1 1087 361 1876
473 2 2 5 1 290 1064 1988
474 2 2 5 1 1131 490 3022
475 2 2 5 1 1625 297 1662
476 2 2 5 1 172 173 1744
477 2 2 5 1 2406 838 3011
478 2 2 5 1 1282 577 1651
479 2 2 5 1 688 1351 1603
480 2 2 5 1 1351 284 1603
481 2 2 5 1 1628 1011 2719
482 2 2 5 1 2066 1346 2608
483 2 2 5 1 1744 173 2581
484 2 2 5 1 462 2688 2862
485 2 2 5 1 1173 275 1516
486 2 2 5 1 474 1159 1616
487 2 2 5 1 1159 609 1616
488 2 2 5 1 332 1196 2699
489 2 2 5 1 1196 906 2699
490 2 2 5 1 718 1072 2133
491 2 2 5 1 1353 315 2276
492 2 2 5 1 293 1288 1508
493 2 2 5 1 1083 329 2261
494 2 2 5 1 640 1577 1673
495 2 2 5 1 1218 1383 2152
496 2 2 5 1 1232 684 1735
497 2 2 5 1 290 1071 1740
498 2 2 5 1 594 1403 3340
499 2 2 5 1 606 3174 3374
500 2 2 5 1 572 1359 3114
501 2 2 5 1 2899 602 3173
502 2 2 5 1 1658 353 1852
503 2 2 5 1 1601 400 2674
504 2 2 5 1 1140 1865 2012
505 2 2 5 1 874 1658 1852
506 2 2 5 1 1141 825 2525
507 2 2 5 1 485 1141 2525
508 2 2 5 1 642 1063 1780
509 2 2 5 1 1271 495 1850
510 2 2 5 1 407 2264 2299
511 2 2 5 1 804 1505 2401
512 2 2 5 1 1405 437 2753
513 2 2 5 1 584 1123 2031
514 2 2 5 1 330 1123 1892
515 2 2 5 1 1394 606 3374
516 2 2 5 1 530 1151 1597
517 2 2 5 1 1147 283 1953
518 2 2 5 1 1092 350 1680
519 2 2 5 1 1304 1379 3059
520 2 2 5 1 644 1127 3315
521 2 2 5 1 484 1246 1945
522 2 2 5 1 1359 2918 3114
523 2 2 5 1 303 1204 1529
524 2 2 5 1 712 1697 1864
525 2 2 5 1 1227 702 1843
526 2 2 5 1 1163 1347 2717
527 2 2 5 1 1244 300 1848
528 2 2 5 1 1302 1206 3321
529 2 2 5 1 1181 519 2843
530 2 2 5 1 1726 1439 2192
531 2 2 5 1 194 195 1361
532 2 2 5 1 1271 281 2163
533 2 2 5 1 686 1214 1805
534 2 2 5 1 1182 911 2707
535 2 2 5 1 661 1201 1788
536 2 2 5 1 463 1129 1594
537 2 2 5 1 262 1135 3019
538 2 2 5 1 1063 642 2144
539 2 2 5 1 537 1302 3321
540 2 2 5 1 350 1092 2088
541 2 2 5 1 1404 932 2494
542 2 2 5 1 1360 429 2092
543 2 2 5 1 832 1360 2092
544 2 2 5 1 482 1194 3013
545 2 2 5 1 1323 1255 3459
546 2 2 5 1 925 1420 2277
547 2 2 5 1 1454 595 3402
548 2 2 5 1 1199 793 1855
549 2 2 5 1 1122 482 1932
550 2 2 5 1 283 2195 2501
551 2 2 5 1 1108 361 1987
552 2 2 5 1 1394 623 1415
553 2 2 5 1 1916 1154 3098
554 2 2 5 1 602 1480 3173
555 2 2 5 1 1235 538 1783
556 2 2 5 1 1064 290 2866
557 2 2 5 1 1420 435 2277
558 2 2 5 1 102 1642 3322
559 2 2 5 1 503 1081 2712
560 2 2 5 1 289 1067 2047
561 2 2 5 1 522 1410 2759
562 2 2 5 1 1410 1093 2759
563 2 2 5 1 887 1246 1495
564 2 2 5 1 1246 484 1495
565 2 2 5 1 732 1370 2054
566 2 2 5 1 435 1158 1553
567 2 2 5 1 564 1177 1845
568 2 2 5 1 1527 738 1596
569 2 2 5 1 608 1527 1596
570 2 2 5 1 1424 462 2862
571 2 2 5 1 1574 319 2333
572 2 2 5 1 1163 4 1599
573 2 2 5 1 1433 590 2153
574 2 2 5 1 667 1198 1753
575 2 2 5 1 1198 475 1753
576 2 2 5 1 568 1164 1560
577 2 2 5 1 228 229 1317
578 2 2 5 1 1102 706 2030
579 2 2 5 1 349 1521 2652
580 2 2 5 1 657 1086 2079
581 2 2 5 1 1290 688 1603
582 2 2 5 1 1251 92 2188
583 2 2 5 1 633 1260 3213
584 2 2 5 1 1385 171 2332
585 2 2 5 1 498 1228 2661
586 2 2 5 1 1228 916 2661
587 2 2 5 1 1179 352 1921
588 2 2 5 1 1068 2364 2589
589 2 2 5 1 1172 757 2198
590 2 2 5 1 1318 508 2611
591 2 2 5 1 1251 744 2070
592 2 2 5 1 1363 382 1746
593 2 2 5 1 1072 450 1940
594 2 2 5 1 1084 442 2306
595 2 2 5 1 2054 1370 2302
596 2 2 5 1 728 1093 1930
597 2 2 5 1 1206 2997 3340
598 2 2 5 1 679 1425 1530
599 2 2 5 1 2519 1130 2637
600 2 2 5 1 1704 1487 2706
601 2 2 5 1 1347 1163 3418
602 2 2 5 1 609 1554 2038
603 2 2 5 1 201 202 1846
604 2 2 5 1 595 2836 3298
605 2 2 5 1 1505 804 2476
606 2 2 5 1 730 1213 2073
607 2 2 5 1 1634 966 2084
608 2 2 5 1 577 1634 2084
609 2 2 5 1 442 1084 1982
610 2 2 5 1 1150 303 3238
611 2 2 5 1 775 1242 3369
612 2 2 5 1 591 1259 2954
613 2 2 5 1 566 1391 1553
614 2 2 5 1 1859 346 1928
615 2 2 5 1 1780 397 1869
616 2 2 5 1 1087 456 1904
617 2 2 5 1 1307 556 1512
618 2 2 5 1 2797 1430 3012
619 2 2 5 1 1093 728 2164
620 2 2 5 1 1020 2267 2562
621 2 2 5 1 1287 633 3213
622 2 2 5 1 1402 595 3298
623 2 2 5 1 524 1705 2567
624 2 2 5 1 757 1436 1617
625 2 2 5 1 3055 1435 3175
626 2 2 5 1 1515 727 2032
627 2 2 5 1 619 1221 3068
628 2 2 5 1 62 63 1804
629 2 2 5 1 1865 358 2012
630 2 2 5 1 455 1115 1690
631 2 2 5 1 1288 293 1575
632 2 2 5 1 1780 1869 2949
633 2 2 5 1 967 1725 2639
634 2 2 5 1 2011 1018 3010
635 2 2 5 1 1278 746 1584
636 2 2 5 1 434 1136 2711
637 2 2 5 1 469 1083 1836
638 2 2 5 1 1207 1672 3198
639 2 2 5 1 151 1086 2251
640 2 2 5 1 538 1235 1947
641 2 2 5 1 1084 685 1982
642 2 2 5 1 1326 836 2195
643 2 2 5 1 560 1326 2195
644 2 2 5 1 367 1973 2138
645 2 2 5 1 1712 69 2141
646 2 2 5 1 1138 1449 3018
647 2 2 5 1 687 1167 1936
648 2 2 5 1 590 1211 1581
649 2 2 5 1 872 1217 1993
650 2 2 5 1 2038 1554 2925
651 2 2 5 1 1360 650 1399
652 2 2 5 1 291 1095 1784
653 2 2 5 1 651 1312 2469
654 2 2 5 1 1654 875 2171
655 2 2 5 1 1361 195 2165
656 2 2 5 1 1100 506 1763
657 2 2 5 1 937 2059 2371
658 2 2 5 1 1154 623 1745
659 2 2 5 1 1294 698 1464
660 2 2 5 1 715 1136 2059
661 2 2 5 1 1136 434 2059
662 2 2 5 1 1125 348 2197
663 2 2 5 1 606 1394 1415
664 2 2 5 1 1286 288 1704
665 2 2 5 1 867 1557 2307
666 2 2 5 1 1264 644 1606
667 2 2 5 1 917 1248 2646
668 2 2 5 1 1248 339 2646
669 2 2 5 1 2592 1588 2710
670 2 2 5 1 474 1111 2356
671 2 2 5 1 240 1332 2613
672 2 2 5 1 2149 1082 2552
673 2 2 5 1 1242 775 2263
674 2 2 5 1 1086 657 1939
675 2 2 5 1 1210 569 1639
676 2 2 5 1 1459 579 1570
677 2 2 5 1 593 1139 1910
678 2 2 5 1 759 1734 2577
679 2 2 5 1 361 1087 1987
680 2 2 5 1 1083 469 1956
681 2 2 5 1 516 1354 3078
682 2 2 5 1 504 1155 1631
683 2 2 5 1 1350 637 2545
684 2 2 5 1 443 1088 1875
685 2 2 5 1 610 1588 2592
686 2 2 5 1 1734 1080 2577
687 2 2 5 1 1435 1118 3175
688 2 2 5 1 1132 628 2248
689 2 2 5 1 417 1311 2244
690 2 2 5 1 1140 657 1865
691 2 2 5 1 477 1430 2797
692 2 2 5 1 475 1112 1753
693 2 2 5 1 1175 112 2155
694 2 2 5 1 1196 332 1695
695 2 2 5 1 591 2954 3074
696 2 2 5 1 1291 985 2825
697 2 2 5 1 560 1291 2825
698 2 2 5 1 1817 141 2878
699 2 2 5 1 2437 1129 2502
700 2 2 5 1 131 1520 1633
701 2 2 5 1 1059 1526 3034
702 2 2 5 1 366 1407 2137
703 2 2 5 1 2250 1007 2808
704 2 2 5 1 1237 80 2226
705 2 2 5 1 1115 455 2235
706 2 2 5 1 1642 1242 3322
707 2 2 5 1 300 1592 1607
708 2 2 5 1 1930 1398 2754
709 2 2 5 1 2487 528 3225
710 2 2 5 1 569 1210 1817
711 2 2 5 1 348 1125 2893
712 2 2 5 1 584 1274 1935
713 2 2 5 1 508 1184 2611
714 2 2 5 1 1572 270 2415
715 2 2 5 1 652 1283 2597
716 2 2 5 1 503 1211 2554
717 2 2 5 1 2411 516 3078
718 2 2 5 1 1802 282 3014
719 2 2 5 1 1115 834 2465
720 2 2 5 1 361 1108 2795
721 2 2 5 1 601 1236 3127
722 2 2 5 1 272 1220 2723
723 2 2 5 1 1220 907 2723
724 2 2 5 1 362 1314 1523
725 2 2 5 1 1035 1693 2176
726 2 2 5 1 1693 733 2176
727 2 2 5 1 594 1382 3091
728 2 2 5 1 1235 312 1947
729 2 2 5 1 1401 656 1479
730 2 2 5 1 374 1401 1479
731 2 2 5 1 1311 829 2244
732 2 2 5 1 1095 291 2080
733 2 2 5 1 1106 321 1809
734 2 2 5 1 590 1849 2153
735 2 2 5 1 1449 269 3018
736 2 2 5 1 1556 1780 3191
737 2 2 5 1 1284 612 2017
738 2 2 5 1 1281 619 3068
739 2 2 5 1 583 1368 1421
740 2 2 5 1 2566 354 3034
741 2 2 5 1 1166 614 1646
742 2 2 5 1 1586 974 2594
743 2 2 5 1 1286 1704 2582
744 2 2 5 1 1179 449 3255
745 2 2 5 1 611 1265 1894
746 2 2 5 1 442 1108 2817
747 2 2 5 1 1198 1577 2629
748 2 2 5 1 1289 482 3013
749 2 2 5 1 650 1360 1808
750 2 2 5 1 1556 397 1780
751 2 2 5 1 1697 822 1864
752 2 2 5 1 1654 526 2140
753 2 2 5 1 1278 587 2004
754 2 2 5 1 2046 126 2564
755 2 2 5 1 2281 981 2628
756 2 2 5 1 1405 914 2340
757 2 2 5 1 437 1405 2340
758 2 2 5 1 1164 568 2742
759 2 2 5 1 1637 628 2623
760 2 2 5 1 540 1347 3418
761 2 2 5 1 1358 248 2300
762 2 2 5 1 1389 775 3369
763 2 2 5 1 594 3091 3324
764 2 2 5 1 1170 295 2007
765 2 2 5 1 1414 424 1486
766 2 2 5 1 663 1414 1486
767 2 2 5 1 1113 638 1886
768 2 2 5 1 528 2487 3246
769 2 2 5 1 925 1318 2611
770 2 2 5 1 1819 1308 2404
771 2 2 5 1 1249 832 2092
772 2 2 5 1 1580 530 2441
773 2 2 5 1 834 1115 3364
774 2 2 5 1 1417 651 2469
775 2 2 5 1 1134 628 2310
776 2 2 5 1 343 1121 2713
777 2 2 5 1 1125 600 1710
778 2 2 5 1 2091 1077 2722
779 2 2 5 1 506 1100 1972
780 2 2 5 1 3146 2263 3382
781 2 2 5 1 1058 1572 2415
782 2 2 5 1 1515 2032 2346
783 2 2 5 1 1163 623 2472
784 2 2 5 1 279 1256 1666
785 2 2 5 1 1265 721 1894
786 2 2 5 1 1089 2191 2660
787 2 2 5 1 609 1159 2492
788 2 2 5 1 1449 1138 3424
789 2 2 5 1 1826 851 2518
790 2 2 5 1 630 1219 2043
791 2 2 5 1 1211 329 1581
792 2 2 5 1 482 1122 1782
793 2 2 5 1 1503 1052 2756
794 2 2 5 1 816 2437 2502
795 2 2 5 1 1052 1503 2758
796 2 2 5 1 2777 1549 3056
797 2 2 5 1 1308 368 3349
798 2 2 5 1 1226 613 1847
799 2 2 5 1 1078 1588 1882
800 2 2 5 1 343 1268 1510
801 2 2 5 1 791 1950 2599
802 2 2 5 1 1375 372 1468
803 2 2 5 1 1009 1682 3128
804 2 2 5 1 648 1186 2001
805 2 2 5 1 1219 630 3337
806 2 2 5 1 1519 16 1777
807 2 2 5 1 434 1267 2063
808 2 2 5 1 1267 763 2063
809 2 2 5 1 1197 540 2595
810 2 2 5 1 706 1102 2879
811 2 2 5 1 1217 365 1993
812 2 2 5 1 1501 2539 3229
813 2 2 5 1 544 1595 2037
814 2 2 5 1 1912 1127 2113
815 2 2 5 1 1399 786 2045
816 2 2 5 1 623 1154 2472
817 2 2 5 1 518 1218 2870
818 2 2 5 1 766 1231 2168
819 2 2 5 1 239 240 2613
820 2 2 5 1 672 1310 3005
821 2 2 5 1 2494 436 3159
822 2 2 5 1 1070 1827 3274
823 2 2 5 1 638 1113 2089
824 2 2 5 1 621 1989 3449
825 2 2 5 1 1673 1577 2652
826 2 2 5 1 1607 1592 2583
827 2 2 5 1 1281 534 1541
828 2 2 5 1 619 1281 1541
829 2 2 5 1 637 1469 2545
830 2 2 5 1 2778 288 2943
831 2 2 5 1 2159 1015 2755
832 2 2 5 1 660 1119 2607
833 2 2 5 1 1167 727 2896
834 2 2 5 1 1154 1916 2890
835 2 2 5 1 465 1183 2727
836 2 2 5 1 452 1147 3062
837 2 2 5 1 932 1713 2289
838 2 2 5 1 836 1326 2142
839 2 2 5 1 2364 273 2589
840 2 2 5 1 1111 474 2173
841 2 2 5 1 1330 583 1467
842 2 2 5 1 1534 1110 2534
843 2 2 5 1 467 1534 2534
844 2 2 5 1 414 2510 2647
845 2 2 5 1 618 1212 1676
846 2 2 5 1 1231 382 2168
847 2 2 5 1 1911 672 3005
848 2 2 5 1 352 1269 1921
849 2 2 5 1 1548 621 2646
850 2 2 5 1 1991 762 2347
851 2 2 5 1 318 2250 2808
852 2 2 5 1 386 1174 1770
853 2 2 5 1 1179 768 2366
854 2 2 5 1 2398 1423 3320
855 2 2 5 1 1527 608 2433
856 2 2 5 1 2646 621 2674
857 2 2 5 1 727 1167 2135
858 2 2 5 1 1032 1501 3229
859 2 2 5 1 415 1549 2777
860 2 2 5 1 126 127 2564
861 2 2 5 1 2298 1042 2932
862 2 2 5 1 628 1132 2310
863 2 2 5 1 1303 292 2191
864 2 2 5 1 1147 452 3156
865 2 2 5 1 210 1697 2082
866 2 2 5 1 1909 524 2042
867 2 2 5 1 604 1481 2424
868 2 2 5 1 242 243 1297
869 2 2 5 1 1050 2268 2357
870 2 2 5 1 1915 589 2418
871 2 2 5 1 427 1140 1980
872 2 2 5 1 1140 689 1980
873 2 2 5 1 1167 309 2135
874 2 2 5 1 309 1167 1920
875 2 2 5 1 871 2360 2604
876 2 2 5 1 716 1144 2111
877 2 2 5 1 449 1179 2366
878 2 2 5 1 1336 584 1935
879 2 2 5 1 3174 1225 3374
880 2 2 5 1 335 1199 2651
881 2 2 5 1 1725 494 2639
882 2 2 5 1 1672 342 3198
883 2 2 5 1 1129 463 2247
884 2 2 5 1 480 1208 2126
885 2 2 5 1 287 1589 1715
886 2 2 5 1 1578 2429 3177
887 2 2 5 1 1121 453 1877
888 2 2 5 1 1432 257 1717
889 2 2 5 1 672 1160 1880
890 2 2 5 1 1144 391 2111
891 2 2 5 1 306 2011 3010
892 2 2 5 1 2191 854 2660
893 2 2 5 1 307 1183 2203
894 2 2 5 1 1314 532 3121
895 2 2 5 1 1090 1314 3121
896 2 2 5 1 1119 660 1907
897 2 2 5 1 1317 229 1700
898 2 2 5 1 1205 2778 2943
899 2 2 5 1 1311 876 1711
900 2 2 5 1 1178 788 2521
901 2 2 5 1 475 1198 2629
902 2 2 5 1 1884 1527 2433
903 2 2 5 1 453 1121 2006
904 2 2 5 1 1215 1802 3014
905 2 2 5 1 728 1246 2164
906 2 2 5 1 1108 442 1982
907 2 2 5 1 1170 622 1750
908 2 2 5 1 684 1232 1575
909 2 2 5 1 1123 584 1892
910 2 2 5 1 647 1216 3434
911 2 2 5 1 1589 778 1715
912 2 2 5 1 1165 637 2697
913 2 2 5 1 614 1166 2103
914 2 2 5 1 1746 751 1891
915 2 2 5 1 2037 1595 2766
916 2 2 5 1 923 1574 2333
917 2 2 5 1 597 1233 1592
918 2 2 5 1 460 1331 2471
919 2 2 5 1 1331 881 2471
920 2 2 5 1 908 1746 1891
921 2 2 5 1 534 1275 1541
922 2 2 5 1 1886 370 2124
923 2 2 5 1 1113 1886 2124
924 2 2 5 1 1608 1222 2961
925 2 2 5 1 274 1608 2961
926 2 2 5 1 1189 712 2074
927 2 2 5 1 533 2398 3320
928 2 2 5 1 740 1222 2560
929 2 2 5 1 455 1628 2719
930 2 2 5 1 732 1733 2148
931 2 2 5 1 1733 1015 2148
932 2 2 5 1 1316 682 1707
933 2 2 5 1 561 1376 2558
934 2 2 5 1 815 1204 2666
935 2 2 5 1 865 1309 2531
936 2 2 5 1 1918 181 2323
937 2 2 5 1 407 1530 2264
938 2 2 5 1 576 1503 2756
939 2 2 5 1 1503 341 2758
940 2 2 5 1 483 1671 2665
941 2 2 5 1 1123 330 3033
942 2 2 5 1 1076 1975 2076
943 2 2 5 1 601 3127 3387
944 2 2 5 1 1127 359 2113
945 2 2 5 1 1121 661 2006
946 2 2 5 1 1159 474 1769
947 2 2 5 1 1906 685 2682
948 2 2 5 1 786 1322 2045
949 2 2 5 1 312 1235 2889
950 2 2 5 1 1404 668 1870
951 2 2 5 1 1034 1909 2042
952 2 2 5 1 2531 1309 3016
953 2 2 5 1 311 1325 1615
954 2 2 5 1 1465 384 1749
955 2 2 5 1 1275 534 3196
956 2 2 5 1 1827 546 3274
957 2 2 5 1 1368 583 2838
958 2 2 5 1 1251 2070 2770
959 2 2 5 1 396 1398 1930
960 2 2 5 1 1167 687 1920
961 2 2 5 1 1169 368 1954
962 2 2 5 1 295 1170 1750
963 2 2 5 1 1202 3146 3382
964 2 2 5 1 1975 326 2076
965 2 2 5 1 1141 485 1996
966 2 2 5 1 1175 722 2455
967 2 2 5 1 1020 1413 2267
968 2 2 5 1 600 1125 2197
969 2 2 5 1 1682 1009 2429
970 2 2 5 1 1452 910 2517
971 2 2 5 1 495 1528 1850
972 2 2 5 1 864 1423 2398
973 2 2 5 1 1146 1817 2878
974 2 2 5 1 1180 620 2170
975 2 2 5 1 62 1804 2039
976 2 2 5 1 987 1592 3048
977 2 2 5 1 2276 803 2460
978 2 2 5 1 1862 604 2424
979 2 2 5 1 1035 2187 2698
980 2 2 5 1 304 1266 2125
981 2 2 5 1 486 1665 1759
982 2 2 5 1 1078 1882 3286
983 2 2 5 1 1266 766 2125
984 2 2 5 1 558 1306 1840
985 2 2 5 1 664 1200 2105
986 2 2 5 1 517 1260 1643
987 2 2 5 1 1260 633 1643
988 2 2 5 1 1272 314 2504
989 2 2 5 1 859 1272 2504
990 2 2 5 1 1185 287 1715
991 2 2 5 1 1678 707 1873
992 2 2 5 1 1592 987 3056
993 2 2 5 1 1304 569 3281
994 2 2 5 1 1598 553 3100
995 2 2 5 1 1066 1826 2518
996 2 2 5 1 609 2492 2571
997 2 2 5 1 1184 508 2508
998 2 2 5 1 1272 1598 3100
999 2 2 5 1 605 1411 1835
1000 2 2 5 1 613 1226 1638
1001 2 2 5 1 1241 595 2516
1002 2 2 5 1 1055 2342 2865
1003 2 2 5 1 701 1479 2463
1004 2 2 5 1 620 1180 1949
1005 2 2 5 1 1174 608 1770
1006 2 2 5 1 443 1378 2899
1007 2 2 5 1 1193 705 2515
1008 2 2 5 1 514 1316 1707
1009 2 2 5 1 1204 477 2626
1010 2 2 5 1 1445 641 1457
1011 2 2 5 1 1158 435 2382
1012 2 2 5 1 657 1140 1939
1013 2 2 5 1 365 1217 1652
1014 2 2 5 1 301 1837 2705
1015 2 2 5 1 587 1492 1594
1016 2 2 5 1 1194 482 2573
1017 2 2 5 1 1315 596 2786
1018 2 2 5 1 432 2159 2755
1019 2 2 5 1 290 1384 2864
1020 2 2 5 1 608 1174 2433
1021 2 2 5 1 1407 1840 2137
1022 2 2 5 1 556 1188 1720
1023 2 2 5 1 1514 933 2174
1024 2 2 5 1 1586 589 2753
1025 2 2 5 1 126 2046 3081
1026 2 2 5 1 1236 601 2526
1027 2 2 5 1 1136 715 2816
1028 2 2 5 1 1226 381 1638
1029 2 2 5 1 911 1976 2596
1030 2 2 5 1 1255 548 2985
1031 2 2 5 1 1395 615 1618
1032 2 2 5 1 745 1465 1749
1033 2 2 5 1 1288 1225 3174
1034 2 2 5 1 762 1756 2347
1035 2 2 5 1 1135 1981 3019
1036 2 2 5 1 620 1507 1819
1037 2 2 5 1 830 1558 2453
1038 2 2 5 1 1074 1915 2418
1039 2 2 5 1 440 1811 2698
1040 2 2 5 1 714 1625 1662
1041 2 2 5 1 1173 1516 2785
1042 2 2 5 1 1300 684 1792
1043 2 2 5 1 288 1286 2943
1044 2 2 5 1 1140 427 1939
1045 2 2 5 1 1513 907 1737
1046 2 2 5 1 1040 1521 2960
1047 2 2 5 1 125 126 3081
1048 2 2 5 1 517 1643 1885
1049 2 2 5 1 1643 845 1885
1050 2 2 5 1 1212 618 1687
1051 2 2 5 1 596 1315 1636
1052 2 2 5 1 1677 414 2647
1053 2 2 5 1 259 1564 2807
1054 2 2 5 1 1282 986 2998
1055 2 2 5 1 577 1282 2998
1056 2 2 5 1 1227 742 2093
1057 2 2 5 1 601 1250 2526
1058 2 2 5 1 625 1233 2967
1059 2 2 5 1 1155 725 1862
1060 2 2 5 1 401 1701 1925
1061 2 2 5 1 1151 530 2324
1062 2 2 5 1 294 1578 3177
1063 2 2 5 1 1898 871 2604
1064 2 2 5 1 357 1467 2130
1065 2 2 5 1 2116 343 2577
1066 2 2 5 1 1528 495 2761
1067 2 2 5 1 1249 2092 2996
1068 2 2 5 1 2959 1595 3358
1069 2 2 5 1 622 1170 2356
1070 2 2 5 1 1393 562 1531
1071 2 2 5 1 689 1140 2012
1072 2 2 5 1 133 134 1443
1073 2 2 5 1 1386 663 2196
1074 2 2 5 1 869 1341 2769
1075 2 2 5 1 212 213 1335
1076 2 2 5 1 621 1548 1989
1077 2 2 5 1 1177 564 2421
1078 2 2 5 1 640 1445 1457
1079 2 2 5 1 1300 392 1547
1080 2 2 5 1 1135 262 2452
1081 2 2 5 1 825 1141 2291
1082 2 2 5 1 2142 1326 3008
1083 2 2 5 1 1450 965 2770
1084 2 2 5 1 1216 647 1856
1085 2 2 5 1 1408 538 1947
1086 2 2 5 1 1665 787 1759
1087 2 2 5 1 634 1498 2022
1088 2 2 5 1 1367 326 2524
1089 2 2 5 1 915 1367 2524
1090 2 2 5 1 1264 1606 3342
1091 2 2 5 1 1117 1528 2761
1092 2 2 5 1 878 1328 3037
1093 2 2 5 1 1268 343 2116
1094 2 2 5 1 345 1413 2774
1095 2 2 5 1 1413 1020 2774
1096 2 2 5 1 1622 464 2474
1097 2 2 5 1 1184 312 2096
1098 2 2 5 1 1577 924 2629
1099 2 2 5 1 703 1916 3098
1100 2 2 5 1 918 1650 2056
1101 2 2 5 1 1650 734 2056
1102 2 2 5 1 1237 761 2247
1103 2 2 5 1 1660 643 2231
1104 2 2 5 1 3220 1561 3265
1105 2 2 5 1 392 1300 1792
1106 2 2 5 1 1437 704 1618
1107 2 2 5 1 1165 1802 2432
1108 2 2 5 1 283 1147 2094
1109 2 2 5 1 325 1459 2918
1110 2 2 5 1 69 70 2141
1111 2 2 5 1 962 1660 2231
1112 2 2 5 1 810 1698 1985
1113 2 2 5 1 904 1212 2749
1114 2 2 5 1 2187 440 2698
1115 2 2 5 1 297 1472 1662
1116 2 2 5 1 1622 2474 2945
1117 2 2 5 1 275 1173 3189
1118 2 2 5 1 1569 826 2140
1119 2 2 5 1 391 1144 2024
1120 2 2 5 1 1171 724 2156
1121 2 2 5 1 1300 2989 3261
1122 2 2 5 1 256 257 1432
1123 2 2 5 1 1989 1292 3449
1124 2 2 5 1 731 1403 1582
1125 2 2 5 1 303 1150 2157
1126 2 2 5 1 1199 969 3245
1127 2 2 5 1 1267 434 2711
1128 2 2 5 1 722 1175 2132
1129 2 2 5 1 284 1351 2321
1130 2 2 5 1 1160 672 1911
1131 2 2 5 1 1273 404 1610
1132 2 2 5 1 708 1307 1978
1133 2 2 5 1 1252 636 1653
1134 2 2 5 1 2075 147 2570
1135 2 2 5 1 1685 652 2597
1136 2 2 5 1 1802 570 2432
1137 2 2 5 1 61 62 2039
1138 2 2 5 1 1670 1181 2843
1139 2 2 5 1 725 1155 2189
1140 2 2 5 1 1155 504 2189
1141 2 2 5 1 50 51 1349
1142 2 2 5 1 1011 1628 3083
1143 2 2 5 1 615 1437 1618
1144 2 2 5 1 1459 325 3279
1145 2 2 5 1 2476 1591 2627
1146 2 2 5 1 136 1639 2859
1147 2 2 5 1 2464 383 2967
1148 2 2 5 1 1227 2093 2837
1149 2 2 5 1 1194 356 3176
1150 2 2 5 1 1829 701 2463
1151 2 2 5 1 1150 459 2634
1152 2 2 5 1 2174 933 2704
1153 2 2 5 1 1925 1701 2796
1154 2 2 5 1 1419 643 1660
1155 2 2 5 1 864 1197 2595
1156 2 2 5 1 397 1176 1869
1157 2 2 5 1 1709 1368 2838
1158 2 2 5 1 1258 423 3420
1159 2 2 5 1 2707 911 2739
1160 2 2 5 1 1612 267 2607
1161 2 2 5 1 248 249 2300
1162 2 2 5 1 1704 653 2582
1163 2 2 5 1 2492 1157 2571
1164 2 2 5 1 1473 335 2651
1165 2 2 5 1 1310 672 1796
1166 2 2 5 1 583 1421 3337
1167 2 2 5 1 1220 502 1967
1168 2 2 5 1 2453 1558 2792
1169 2 2 5 1 793 1199 2466
1170 2 2 5 1 1376 1576 2558
1171 2 2 5 1 1925 1097 2213
1172 2 2 5 1 1039 1810 2241
1173 2 2 5 1 1227 466 2241
1174 2 2 5 1 1144 1561 3220
1175 2 2 5 1 2045 1322 3183
1176 2 2 5 1 519 1181 3009
1177 2 2 5 1 502 1221 1967
1178 2 2 5 1 501 1262 2637
1179 2 2 5 1 1261 680 1665
1180 2 2 5 1 1022 1957 2308
1181 2 2 5 1 1271 793 2466
1182 2 2 5 1 1421 1219 3337
1183 2 2 5 1 677 1830 2519
1184 2 2 5 1 1162 324 2762
1185 2 2 5 1 102 103 1642
1186 2 2 5 1 2786 596 2941
1187 2 2 5 1 186 187 1356
1188 2 2 5 1 249 250 1891
1189 2 2 5 1 1354 516 3443
1190 2 2 5 1 1722 384 1752
1191 2 2 5 1 465 1329 1692
1192 2 2 5 1 1329 760 1692
1193 2 2 5 1 1400 1275 3196
1194 2 2 5 1 1082 2149 3233
1195 2 2 5 1 1119 1612 2607
1196 2 2 5 1 790 1310 1796
1197 2 2 5 1 1475 709 3112
1198 2 2 5 1 368 1169 1943
1199 2 2 5 1 335 1582 2869
1200 2 2 5 1 324 1162 2027
1201 2 2 5 1 2093 269 2837
1202 2 2 5 1 1493 1077 2091
1203 2 2 5 1 723 1925 2213
1204 2 2 5 1 1186 648 2343
1205 2 2 5 1 728 1930 2754
1206 2 2 5 1 251 252 1580
1207 2 2 5 1 1433 407 2299
1208 2 2 5 1 870 1433 2299
1209 2 2 5 1 1256 715 1666
1210 2 2 5 1 1619 644 3315
1211 2 2 5 1 1183 307 2349
1212 2 2 5 1 1166 799 2014
1213 2 2 5 1 1338 554 1623
1214 2 2 5 1 975 2258 2309
1215 2 2 5 1 1582 1192 2869
1216 2 2 5 1 1109 1881 2408
1217 2 2 5 1 994 1473 2651
1218 2 2 5 1 862 1438 2522
1219 2 2 5 1 590 1581 1849
1220 2 2 5 1 287 1185 3172
1221 2 2 5 1 861 2050 2098
1222 2 2 5 1 561 1203 2885
1223 2 2 5 1 1458 928 1677
1224 2 2 5 1 1606 286 3342
1225 2 2 5 1 249 1891 2300
1226 2 2 5 1 1484 617 3106
1227 2 2 5 1 1774 1484 3106
1228 2 2 5 1 2268 788 2357
1229 2 2 5 1 1174 386 2951
1230 2 2 5 1 1415 367 2138
1231 2 2 5 1 1416 419 2318
1232 2 2 5 1 768 1179 1921
1233 2 2 5 1 624 1458 1677
1234 2 2 5 1 1837 696 2616
1235 2 2 5 1 1166 1646 2491
1236 2 2 5 1 1204 303 2666
1237 2 2 5 1 2073 1213 2620
1238 2 2 5 1 1345 605 2101
1239 2 2 5 1 630 1467 3337
1240 2 2 5 1 13 14 1458
1241 2 2 5 1 1816 782 2456
1242 2 2 5 1 708 1188 2397
1243 2 2 5 1 724 1171 2086
1244 2 2 5 1 1172 2198 3105
1245 2 2 5 1 872 1993 2977
1246 2 2 5 1 1678 1873 2619
1247 2 2 5 1 1363 530 1597
1248 2 2 5 1 1611 1475 3112
1249 2 2 5 1 585 1869 2913
1250 2 2 5 1 720 1370 1736
1251 2 2 5 1 1370 372 1736
1252 2 2 5 1 1815 432 2755
1253 2 2 5 1 2022 1498 2840
1254 2 2 5 1 937 1666 2059
1255 2 2 5 1 1642 541 3369
1256 2 2 5 1 312 1184 2689
1257 2 2 5 1 377 1436 3093
1258 2 2 5 1 1928 346 3230
1259 2 2 5 1 284 1302 1603
1260 2 2 5 1 1720 330 2841
1261 2 2 5 1 1407 366 1941
1262 2 2 5 1 1173 699 2127
1263 2 2 5 1 1557 563 2307
1264 2 2 5 1 1042 2298 2891
1265 2 2 5 1 1343 555 1605
1266 2 2 5 1 637 1165 3031
1267 2 2 5 1 558 1452 2517
1268 2 2 5 1 1214 686 2154
1269 2 2 5 1 1211 590 2554
1270 2 2 5 1 1421 373 3363
1271 2 2 5 1 1219 1421 3363
1272 2 2 5 1 2283 1131 3464
1273 2 2 5 1 440 1535 3195
1274 2 2 5 1 1385 755 2235
1275 2 2 5 1 1590 452 1927
1276 2 2 5 1 820 1590 1927
1277 2 2 5 1 663 1486 2196
1278 2 2 5 1 363 1208 1929
1279 2 2 5 1 1208 676 1929
1280 2 2 5 1 92 93 2188
1281 2 2 5 1 1305 1041 3168
1282 2 2 5 1 551 1373 3247
1283 2 2 5 1 722 1187 1901
1284 2 2 5 1 1341 571 1583
1285 2 2 5 1 1672 1207 2026
1286 2 2 5 1 1805 1214 3301
1287 2 2 5 1 1217 872 3158
1288 2 2 5 1 2388 440 3195
1289 2 2 5 1 112 1175 2455
1290 2 2 5 1 2989 694 3261
1291 2 2 5 1 1489 674 1546
1292 2 2 5 1 678 1489 1546
1293 2 2 5 1 1561 1144 2096
1294 2 2 5 1 1493 2949 3214
1295 2 2 5 1 1748 458 2390
1296 2 2 5 1 1095 1748 2390
1297 2 2 5 1 1260 517 3219
1298 2 2 5 1 1208 363 2806
1299 2 2 5 1 1180 281 1949
1300 2 2 5 1 1881 408 2408
1301 2 2 5 1 1176 397 2100
1302 2 2 5 1 1477 566 3015
1303 2 2 5 1 892 1417 3019
1304 2 2 5 1 1148 2298 2932
1305 2 2 5 1 1591 868 2627
1306 2 2 5 1 1233 2464 2967
1307 2 2 5 1 567 1462 1942
1308 2 2 5 1 303 1529 3238
1309 2 2 5 1 1567 398 2015
1310 2 2 5 1 848 1567 2015
1311 2 2 5 1 2044 1766 3365
1312 2 2 5 1 1508 1288 3174
1313 2 2 5 1 2321 774 2654
1314 2 2 5 1 1848 300 2098
1315 2 2 5 1 281 1180 3236
1316 2 2 5 1 28 29 1423
1317 2 2 5 1 128 1348 2564
1318 2 2 5 1 360 1265 2668
1319 2 2 5 1 1200 664 2324
1320 2 2 5 1 1494 197 1821
1321 2 2 5 1 984 2485 2545
1322 2 2 5 1 3127 1298 3387
1323 2 2 5 1 634 1364 1621
1324 2 2 5 1 1635 1216 2934
1325 2 2 5 1 613 1331 2009
1326 2 2 5 1 886 1762 2071
1327 2 2 5 1 1267 659 1889
1328 2 2 5 1 1687 2344 2937
1329 2 2 5 1 747 1649 1899
1330 2 2 5 1 1649 833 1899
1331 2 2 5 1 1246 887 2801
1332 2 2 5 1 1617 377 2231
1333 2 2 5 1 266 1298 3127
1334 2 2 5 1 614 1635 2934
1335 2 2 5 1 1328 1873 3037
1336 2 2 5 1 2186 1975 3477
1337 2 2 5 1 1303 2191 3070
1338 2 2 5 1 1186 188 2001
1339 2 2 5 1 1373 1114 3247
1340 2 2 5 1 259 260 1564
1341 2 2 5 1 1325 665 1615
1342 2 2 5 1 133 1443 2966
1343 2 2 5 1 1183 465 2675
1344 2 2 5 1 530 1200 2324
1345 2 2 5 1 196 197 1494
1346 2 2 5 1 356 1194 3395
1347 2 2 5 1 1425 616 1530
1348 2 2 5 1 1840 1306 3000
1349 2 2 5 1 1324 447 2210
1350 2 2 5 1 188 1186 3130
1351 2 2 5 1 1837 980 2705
1352 2 2 5 1 209 210 2082
1353 2 2 5 1 1107 1595 2959
1354 2 2 5 1 1569 2140 2868
1355 2 2 5 1 693 1273 3164
1356 2 2 5 1 1459 1031 2918
1357 2 2 5 1 1874 791 2599
1358 2 2 5 1 1148 2200 2298
1359 2 2 5 1 1201 661 2242
1360 2 2 5 1 1957 819 2308
1361 2 2 5 1 130 131 1633
1362 2 2 5 1 330 1188 2260
1363 2 2 5 1 810 1859 1928
1364 2 2 5 1 748 1363 1597
1365 2 2 5 1 623 1394 1745
1366 2 2 5 1 933 1612 2704
1367 2 2 5 1 792 1324 2210
1368 2 2 5 1 1376 265 1576
1369 2 2 5 1 486 1759 1898
1370 2 2 5 1 1705 524 2460
1371 2 2 5 1 422 1682 2297
1372 2 2 5 1 1682 997 2297
1373 2 2 5 1 2200 378 2298
1374 2 2 5 1 626 1426 1674
1375 2 2 5 1 767 1361 2165
1376 2 2 5 1 1612 1119 2704
1377 2 2 5 1 1000 1579 2862
1378 2 2 5 1 612 1628 2017
1379 2 2 5 1 906 1196 3036
1380 2 2 5 1 449 1878 3255
1381 2 2 5 1 1187 722 2194
1382 2 2 5 1 1203 561 3372
1383 2 2 5 1 1245 2507 2533
1384 2 2 5 1 1396 360 1887
1385 2 2 5 1 1581 772 1849
1386 2 2 5 1 1363 1746 2441
1387 2 2 5 1 1341 1583 2769
1388 2 2 5 1 550 1860 2454
1389 2 2 5 1 1860 1195 2454
1390 2 2 5 1 1665 486 3099
1391 2 2 5 1 1536 344 2922
1392 2 2 5 1 908 1580 2441
1393 2 2 5 1 379 1514 2238
1394 2 2 5 1 322 1390 2563
1395 2 2 5 1 1390 912 2563
1396 2 2 5 1 1261 1665 3099
1397 2 2 5 1 2000 703 2200
1398 2 2 5 1 603 1240 1772
1399 2 2 5 1 616 1425 2047
1400 2 2 5 1 22 23 1466
1401 2 2 5 1 1759 871 1898
1402 2 2 5 1 1188 556 2397
1403 2 2 5 1 1511 267 1612
1404 2 2 5 1 1729 796 1731
1405 2 2 5 1 639 1729 1731
1406 2 2 5 1 566 2380 3015
1407 2 2 5 1 1215 710 2440
1408 2 2 5 1 1277 740 2234
1409 2 2 5 1 256 1432 2906
1410 2 2 5 1 1305 1495 2593
1411 2 2 5 1 1291 283 3039
1412 2 2 5 1 712 1189 2082
1413 2 2 5 1 377 1706 2231
1414 2 2 5 1 644 1264 2880
1415 2 2 5 1 625 2967 3211
1416 2 2 5 1 1085 1690 2744
1417 2 2 5 1 765 1632 2452
1418 2 2 5 1 574 1352 1747
1419 2 2 5 1 352 1179 1979
1420 2 2 5 1 767 1494 1742
1421 2 2 5 1 1494 706 1742
1422 2 2 5 1 635 1535 1536
1423 2 2 5 1 1535 701 1536
1424 2 2 5 1 654 1610 1893
1425 2 2 5 1 152 153 1679
1426 2 2 5 1 1334 699 2122
1427 2 2 5 1 620 1819 2383
1428 2 2 5 1 965 1450 2903
1429 2 2 5 1 1240 603 1786
1430 2 2 5 1 1114 2650 3247
1431 2 2 5 1 1359 572 1800
1432 2 2 5 1 2008 676 2167
1433 2 2 5 1 886 2071 2752
1434 2 2 5 1 604 2445 2784
1435 2 2 5 1 694 1511 1612
1436 2 2 5 1 696 1904 2616
1437 2 2 5 1 605 1835 2123
1438 2 2 5 1 251 1580 2787
1439 2 2 5 1 339 1248 2763
1440 2 2 5 1 1913 36 2417
1441 2 2 5 1 1604 654 1893
1442 2 2 5 1 839 1416 2318
1443 2 2 5 1 554 1476 3086
1444 2 2 5 1 2922 344 2996
1445 2 2 5 1 476 1445 1673
1446 2 2 5 1 1305 3168 3339
1447 2 2 5 1 295 1274 3049
1448 2 2 5 1 1364 267 1621
1449 2 2 5 1 193 1214 2154
1450 2 2 5 1 705 1193 2320
1451 2 2 5 1 1596 3072 3417
1452 2 2 5 1 582 1305 1765
1453 2 2 5 1 1417 2469 3019
1454 2 2 5 1 1120 2008 2167
1455 2 2 5 1 1371 781 1602
1456 2 2 5 1 753 1196 2036
1457 2 2 5 1 107 1803 2008
1458 2 2 5 1 454 1450 2770
1459 2 2 5 1 1242 2263 3322
1460 2 2 5 1 1071 1378 2186
1461 2 2 5 1 1300 1547 2989
1462 2 2 5 1 2267 473 2562
1463 2 2 5 1 1184 1420 2611
1464 2 2 5 1 2107 379 2238
1465 2 2 5 1 992 1797 2146
1466 2 2 5 1 1797 776 2146
1467 2 2 5 1 1196 753 2066
1468 2 2 5 1 1313 285 2351
1469 2 2 5 1 1521 588 2960
1470 2 2 5 1 1455 667 2199
1471 2 2 5 1 573 1367 1790
1472 2 2 5 1 1101 1791 2400
1473 2 2 5 1 1791 308 2400
1474 2 2 5 1 1664 923 2333
1475 2 2 5 1 281 1271 2871
1476 2 2 5 1 1491 737 1822
1477 2 2 5 1 663 1386 1875
1478 2 2 5 1 1683 459 2462
1479 2 2 5 1 1057 1683 2462
1480 2 2 5 1 1705 803 1795
1481 2 2 5 1 2447 974 2753
1482 2 2 5 1 481 2091 2722
1483 2 2 5 1 1028 2075 2570
1484 2 2 5 1 1587 400 1946
1485 2 2 5 1 812 1587 1946
1486 2 2 5 1 1659 1150 3238
1487 2 2 5 1 1041 1313 2351
1488 2 2 5 1 1552 647 3434
1489 2 2 5 1 1836 2984 3432
1490 2 2 5 1 1337 1059 3217
1491 2 2 5 1 560 1337 3217
1492 2 2 5 1 1258 615 1776
1493 2 2 5 1 106 107 2008
1494 2 2 5 1 1212 904 2417
1495 2 2 5 1 465 2727 3124
1496 2 2 5 1 670 1727 3168
1497 2 2 5 1 1276 837 1833
1498 2 2 5 1 1801 2512 3389
1499 2 2 5 1 1069 2430 3396
1500 2 2 5 1 1274 584 2894
1501 2 2 5 1 1583 1344 2044
1502 2 2 5 1 612 1284 2119
1503 2 2 5 1 2507 802 2533
1504 2 2 5 1 1374 675 1706
1505 2 2 5 1 1295 637 2874
1506 2 2 5 1 574 2390 3268
1507 2 2 5 1 136 137 1639
1508 2 2 5 1 1242 1642 3369
1509 2 2 5 1 1245 674 3216
1510 2 2 5 1 2132 1175 2475
1511 2 2 5 1 1382 594 2431
1512 2 2 5 1 1259 1928 3230
1513 2 2 5 1 735 1396 1887
1514 2 2 5 1 1417 441 1569
1515 2 2 5 1 385 1705 1795
1516 2 2 5 1 377 1374 1706
1517 2 2 5 1 1836 683 2984
1518 2 2 5 1 2452 1632 3218
1519 2 2 5 1 1087 1501 2907
1520 2 2 5 1 651 1417 1569
1521 2 2 5 1 1171 2156 2638
1522 2 2 5 1 32 33 1504
1523 2 2 5 1 1315 266 2739
1524 2 2 5 1 911 1315 2739
1525 2 2 5 1 1190 2676 2821
1526 2 2 5 1 1705 951 2567
1527 2 2 5 1 636 1252 2818
1528 2 2 5 1 1208 480 2167
1529 2 2 5 1 1254 835 3472
1530 2 2 5 1 1729 290 1740
1531 2 2 5 1 796 1729 1740
1532 2 2 5 1 493 1229 1842
1533 2 2 5 1 1834 1038 3008
1534 2 2 5 1 264 1910 2683
1535 2 2 5 1 299 2489 2891
1536 2 2 5 1 700 1453 1698
1537 2 2 5 1 1963 494 3221
1538 2 2 5 1 632 1317 1700
1539 2 2 5 1 1148 2000 2200
1540 2 2 5 1 1453 415 1698
1541 2 2 5 1 1476 1846 3086
1542 2 2 5 1 1205 1963 3221
1543 2 2 5 1 875 1316 2676
1544 2 2 5 1 1080 2116 2577
1545 2 2 5 1 637 1295 2697
1546 2 2 5 1 1721 334 2413
1547 2 2 5 1 1053 1721 2413
1548 2 2 5 1 1364 634 1626
1549 2 2 5 1 1388 586 1995
1550 2 2 5 1 1493 642 2949
1551 2 2 5 1 1711 876 3284
1552 2 2 5 1 472 2959 3358
1553 2 2 5 1 2322 1049 2387
1554 2 2 5 1 1220 272 3361
1555 2 2 5 1 1072 1941 2133
1556 2 2 5 1 1941 366 2133
1557 2 2 5 1 673 1912 2113
1558 2 2 5 1 1321 592 1681
1559 2 2 5 1 817 1708 2444
1560 2 2 5 1 1708 1062 2444
1561 2 2 5 1 1223 1683 2282
1562 2 2 5 1 384 1498 1752
1563 2 2 5 1 1698 415 1985
1564 2 2 5 1 826 1654 2140
1565 2 2 5 1 2170 620 2383
1566 2 2 5 1 2222 738 2326
1567 2 2 5 1 605 1345 3354
1568 2 2 5 1 432 1395 1618
1569 2 2 5 1 1509 931 2995
1570 2 2 5 1 508 1318 2025
1571 2 2 5 1 1869 1176 2913
1572 2 2 5 1 1146 1896 3280
1573 2 2 5 1 1687 618 2344
1574 2 2 5 1 1354 380 3078
1575 2 2 5 1 834 1336 3104
1576 2 2 5 1 383 1491 1822
1577 2 2 5 1 144 145 3025
1578 2 2 5 1 1211 503 2018
1579 2 2 5 1 1124 1624 2763
1580 2 2 5 1 1624 339 2763
1581 2 2 5 1 809 1766 2044
1582 2 2 5 1 160 161 1966
1583 2 2 5 1 1375 588 3134
1584 2 2 5 1 301 1343 2372
1585 2 2 5 1 742 1227 2241
1586 2 2 5 1 1112 2272 3487
1587 2 2 5 1 593 1910 2120
1588 2 2 5 1 1269 352 2844
1589 2 2 5 1 676 1208 2167
1590 2 2 5 1 495 1271 2466
1591 2 2 5 1 1664 2333 2981
1592 2 2 5 1 1187 2194 2661
1593 2 2 5 1 1808 1360 2293
1594 2 2 5 1 400 1601 1946
1595 2 2 5 1 1601 813 1946
1596 2 2 5 1 1905 1258 3420
1597 2 2 5 1 1814 345 2445
1598 2 2 5 1 1128 1814 2445
1599 2 2 5 1 1910 1139 2683
1600 2 2 5 1 2954 1185 3074
1601 2 2 5 1 299 1669 1999
1602 2 2 5 1 462 2132 2475
1603 2 2 5 1 303 1283 1779
1604 2 2 5 1 1283 652 1779
1605 2 2 5 1 900 1918 2323
1606 2 2 5 1 2224 1767 2690
1607 2 2 5 1 1743 380 2058
1608 2 2 5 1 2342 320 2865
1609 2 2 5 1 927 1743 2058
1610 2 2 5 1 778 1444 1715
1611 2 2 5 1 809 1562 2145
1612 2 2 5 1 1818 700 1971
1613 2 2 5 1 1671 759 1696
1614 2 2 5 1 920 1818 1971
1615 2 2 5 1 971 1443 1726
1616 2 2 5 1 684 1300 1735
1617 2 2 5 1 578 1778 1959
1618 2 2 5 1 329 1211 2498
1619 2 2 5 1 1396 735 2115
1620 2 2 5 1 902 2314 2827
1621 2 2 5 1 1882 610 2451
1622 2 2 5 1 618 1676 2742
1623 2 2 5 1 531 1435 2104
1624 2 2 5 1 1504 533 3320
1625 2 2 5 1 189 190 1482
1626 2 2 5 1 1737 907 2718
1627 2 2 5 1 1366 874 2975
1628 2 2 5 1 1827 469 2399
1629 2 2 5 1 319 1369 2319
1630 2 2 5 1 752 1244 2253
1631 2 2 5 1 66 67 1429
1632 2 2 5 1 665 1671 1696
1633 2 2 5 1 1214 193 2916
1634 2 2 5 1 2354 1825 3199
1635 2 2 5 1 1564 979 2807
1636 2 2 5 1 878 1804 2448
1637 2 2 5 1 1520 646 1633
1638 2 2 5 1 1520 971 1757
1639 2 2 5 1 646 1520 1757
1640 2 2 5 1 1279 642 2091
1641 2 2 5 1 80 81 2226
1642 2 2 5 1 779 1287 2317
1643 2 2 5 1 1280 895 2843
1644 2 2 5 1 519 1280 2843
1645 2 2 5 1 789 1767 2224
1646 2 2 5 1 386 1755 2064
1647 2 2 5 1 1755 936 2064
1648 2 2 5 1 1213 730 2141
1649 2 2 5 1 1676 1164 2742
1650 2 2 5 1 1469 984 2545
1651 2 2 5 1 1221 619 1967
1652 2 2 5 1 2156 496 2638
1653 2 2 5 1 658 1269 2844
1654 2 2 5 1 1596 268 3072
1655 2 2 5 1 1352 574 3268
1656 2 2 5 1 1228 363 1929
1657 2 2 5 1 2194 498 2661
1658 2 2 5 1 2536 271 2842
1659 2 2 5 1 637 1350 2874
1660 2 2 5 1 736 1387 2178
1661 2 2 5 1 469 1827 3367
1662 2 2 5 1 501 1311 1711
1663 2 2 5 1 354 1262 1834
1664 2 2 5 1 1702 977 2266
1665 2 2 5 1 305 1543 2814
1666 2 2 5 1 1458 14 2793
1667 2 2 5 1 1690 622 2744
1668 2 2 5 1 508 2025 3327
1669 2 2 5 1 2727 678 2974
1670 2 2 5 1 10 11 1551
1671 2 2 5 1 322 1338 2541
1672 2 2 5 1 1338 858 2541
1673 2 2 5 1 1620 1509 2995
1674 2 2 5 1 715 1256 2071
1675 2 2 5 1 1256 499 2071
1676 2 2 5 1 140 141 1817
1677 2 2 5 1 956 1432 1657
1678 2 2 5 1 1331 613 1719
1679 2 2 5 1 1324 631 2174
1680 2 2 5 1 1838 99 3146
1681 2 2 5 1 1343 823 2372
1682 2 2 5 1 362 1523 1863
1683 2 2 5 1 1523 758 1863
1684 2 2 5 1 1276 1833 2677
1685 2 2 5 1 1276 658 2844
1686 2 2 5 1 769 1257 1848
1687 2 2 5 1 2374 1223 2813
1688 2 2 5 1 515 2531 3016
1689 2 2 5 1 783 2374 2813
1690 2 2 5 1 323 1761 2232
1691 2 2 5 1 1778 897 1959
1692 2 2 5 1 1218 739 2262
1693 2 2 5 1 1312 651 3170
1694 2 2 5 1 1471 581 1956
1695 2 2 5 1 713 1563 2102
1696 2 2 5 1 697 1702 2266
1697 2 2 5 1 163 164 1484
1698 2 2 5 1 757 1172 2523
1699 2 2 5 1 2092 1026 2996
1700 2 2 5 1 2510 414 3228
1701 2 2 5 1 832 1249 2612
1702 2 2 5 1 1421 671 1970
1703 2 2 5 1 550 1505 1860
1704 2 2 5 1 1505 802 1860
1705 2 2 5 1 1316 514 2676
1706 2 2 5 1 540 1703 2782
1707 2 2 5 1 13 1458 1758
1708 2 2 5 1 1411 649 2080
1709 2 2 5 1 1405 589 1915
1710 2 2 5 1 143 1355 1896
1711 2 2 5 1 502 1220 2328
1712 2 2 5 1 1824 443 2443
1713 2 2 5 1 1407 1028 3007
1714 2 2 5 1 558 1407 3007
1715 2 2 5 1 2025 1239 3327
1716 2 2 5 1 512 1236 2526
1717 2 2 5 1 710 1215 2691
1718 2 2 5 1 233 1422 2618
1719 2 2 5 1 2197 348 2986
1720 2 2 5 1 907 1220 2718
1721 2 2 5 1 985 1291 2193
1722 2 2 5 1 1984 1631 3487
1723 2 2 5 1 1298 1375 3387
1724 2 2 5 1 606 1508 3174
1725 2 2 5 1 165 166 1506
1726 2 2 5 1 880 1975 2186
1727 2 2 5 1 1229 678 2349
1728 2 2 5 1 1329 465 1914
1729 2 2 5 1 885 1329 1914
1730 2 2 5 1 1443 134 1789
1731 2 2 5 1 205 206 1446
1732 2 2 5 1 1388 1078 3208
1733 2 2 5 1 586 1388 3208
1734 2 2 5 1 414 2021 3228
1735 2 2 5 1 1778 426 2150
1736 2 2 5 1 131 132 1520
1737 2 2 5 1 729 1223 2041
1738 2 2 5 1 1355 143 3025
1739 2 2 5 1 1244 752 2584
1740 2 2 5 1 629 1432 1717
1741 2 2 5 1 702 1227 2837
1742 2 2 5 1 1780 1063 3191
1743 2 2 5 1 533 1504 2832
1744 2 2 5 1 1458 624 1758
1745 2 2 5 1 986 1282 2836
1746 2 2 5 1 1824 2443 3107
1747 2 2 5 1 148 149 1452
1748 2 2 5 1 1811 1016 2698
1749 2 2 5 1 704 1437 1764
1750 2 2 5 1 1437 336 1764
1751 2 2 5 1 1411 605 3354
1752 2 2 5 1 1375 1468 3387
1753 2 2 5 1 1237 2247 2811
1754 2 2 5 1 753 1393 2920
1755 2 2 5 1 403 1533 1968
1756 2 2 5 1 1496 393 1899
1757 2 2 5 1 833 1496 1899
1758 2 2 5 1 1377 635 2557
1759 2 2 5 1 1850 913 2871
1760 2 2 5 1 320 1321 2901
1761 2 2 5 1 1321 943 2901
1762 2 2 5 1 481 1469 1890
1763 2 2 5 1 674 1245 2359
1764 2 2 5 1 1653 408 3154
1765 2 2 5 1 1243 2727 2974
1766 2 2 5 1 675 1519 1777
1767 2 2 5 1 1271 1850 2871
1768 2 2 5 1 1622 1068 2589
1769 2 2 5 1 1222 740 2270
1770 2 2 5 1 1469 481 2722
1771 2 2 5 1 984 1469 2722
1772 2 2 5 1 1105 2222 2326
1773 2 2 5 1 1221 502 2208
1774 2 2 5 1 1252 1653 3154
1775 2 2 5 1 520 1351 1839
1776 2 2 5 1 1351 688 1839
1777 2 2 5 1 1233 597 2464
1778 2 2 5 1 1108 1987 2817
1779 2 2 5 1 642 1279 2144
1780 2 2 5 1 1290 1603 2929
1781 2 2 5 1 167 1656 2936
1782 2 2 5 1 479 2101 3377
1783 2 2 5 1 1534 467 1591
1784 2 2 5 1 542 1371 3273
1785 2 2 5 1 615 1258 1905
1786 2 2 5 1 1578 294 2004
1787 2 2 5 1 816 1578 2004
1788 2 2 5 1 15 16 1519
1789 2 2 5 1 653 1544 1948
1790 2 2 5 1 1557 867 2520
1791 2 2 5 1 1269 658 1986
1792 2 2 5 1 1811 440 2388
1793 2 2 5 1 311 1615 2750
1794 2 2 5 1 1639 1017 2859
1795 2 2 5 1 837 1276 2590
1796 2 2 5 1 680 1261 1979
1797 2 2 5 1 1451 815 3178
1798 2 2 5 1 1065 1882 2451
1799 2 2 5 1 607 1963 2943
1800 2 2 5 1 1459 1570 2479
1801 2 2 5 1 1023 1381 1792
1802 2 2 5 1 1619 1072 2635
1803 2 2 5 1 177 1327 1978
1804 2 2 5 1 1419 1660 3311
1805 2 2 5 1 1572 3325 3366
1806 2 2 5 1 2503 506 2702
1807 2 2 5 1 1297 2177 2500
1808 2 2 5 1 577 1447 1634
1809 2 2 5 1 1460 523 2873
1810 2 2 5 1 2598 1852 3085
1811 2 2 5 1 1197 864 2398
1812 2 2 5 1 1232 539 2779
1813 2 2 5 1 2059 434 2371
1814 2 2 5 1 1206 1302 2997
1815 2 2 5 1 55 1540 2103
1816 2 2 5 1 365 1555 1993
1817 2 2 5 1 396 1646 1856
1818 2 2 5 1 179 180 1461
1819 2 2 5 1 1381 392 1792
1820 2 2 5 1 160 1966 2574
1821 2 2 5 1 87 1346 2161
1822 2 2 5 1 2004 587 2437
1823 2 2 5 1 381 1226 2201
1824 2 2 5 1 271 1464 1732
1825 2 2 5 1 1464 698 1732
1826 2 2 5 1 351 1320 1771
1827 2 2 5 1 659 1267 2711
1828 2 2 5 1 810 2653 3232
1829 2 2 5 1 633 1475 1611
1830 2 2 5 1 1265 611 2668
1831 2 2 5 1 2650 1296 3247
1832 2 2 5 1 1480 903 2053
1833 2 2 5 1 539 1232 3184
1834 2 2 5 1 235 236 1490
1835 2 2 5 1 1259 591 1928
1836 2 2 5 1 1266 901 2794
1837 2 2 5 1 1275 679 1922
1838 2 2 5 1 1233 625 2583
1839 2 2 5 1 488 1675 1797
1840 2 2 5 1 1675 776 1797
1841 2 2 5 1 1641 616 2047
1842 2 2 5 1 1380 1091 2278
1843 2 2 5 1 2321 1351 2980
1844 2 2 5 1 123 1426 2178
1845 2 2 5 1 647 1398 1856
1846 2 2 5 1 1254 713 2334
1847 2 2 5 1 1316 875 2839
1848 2 2 5 1 1293 671 3058
1849 2 2 5 1 1114 1373 3345
1850 2 2 5 1 679 1530 2048
1851 2 2 5 1 1347 367 2717
1852 2 2 5 1 828 1554 2571
1853 2 2 5 1 1973 827 2138
1854 2 2 5 1 1529 1204 2626
1855 2 2 5 1 1702 1381 3053
1856 2 2 5 1 916 1228 2614
1857 2 2 5 1 1228 498 2287
1858 2 2 5 1 1432 629 1657
1859 2 2 5 1 1833 854 2677
1860 2 2 5 1 1427 348 2893
1861 2 2 5 1 1222 1608 2560
1862 2 2 5 1 1801 952 2512
1863 2 2 5 1 295 1457 2007
1864 2 2 5 1 605 1624 2101
1865 2 2 5 1 2035 743 2536
1866 2 2 5 1 286 1368 1709
1867 2 2 5 1 691 2075 2721
1868 2 2 5 1 1303 655 1997
1869 2 2 5 1 1232 379 2107
1870 2 2 5 1 1342 687 1888
1871 2 2 5 1 1248 917 2514
1872 2 2 5 1 324 1277 2234
1873 2 2 5 1 1831 1303 3070
1874 2 2 5 1 392 1381 1702
1875 2 2 5 1 257 258 1717
1876 2 2 5 1 518 1805 3301
1877 2 2 5 1 799 1410 2330
1878 2 2 5 1 2742 568 3483
1879 2 2 5 1 562 1393 2036
1880 2 2 5 1 1393 753 2036
1881 2 2 5 1 80 1237 2355
1882 2 2 5 1 1504 33 2791
1883 2 2 5 1 1468 601 3387
1884 2 2 5 1 672 1568 1796
1885 2 2 5 1 641 1445 2233
1886 2 2 5 1 16 17 1777
1887 2 2 5 1 242 1297 1832
1888 2 2 5 1 804 1534 1591
1889 2 2 5 1 40 41 1560
1890 2 2 5 1 1250 601 2773
1891 2 2 5 1 721 1722 1752
1892 2 2 5 1 2967 1285 3211
1893 2 2 5 1 1482 648 2001
1894 2 2 5 1 1651 577 2084
1895 2 2 5 1 1025 2045 3183
1896 2 2 5 1 1061 2321 2654
1897 2 2 5 1 382 1231 2681
1898 2 2 5 1 2349 307 3003
1899 2 2 5 1 374 2097 2176
1900 2 2 5 1 651 1373 3170
1901 2 2 5 1 385 1626 2591
1902 2 2 5 1 527 1831 3070
1903 2 2 5 1 457 2149 2552
1904 2 2 5 1 1658 1323 3459
1905 2 2 5 1 1199 1855 2651
1906 2 2 5 1 353 1658 3459
1907 2 2 5 1 1379 359 3256
1908 2 2 5 1 1224 2503 2702
1909 2 2 5 1 167 168 1656
1910 2 2 5 1 977 1702 3053
1911 2 2 5 1 1662 630 2043
1912 2 2 5 1 1373 551 3170
1913 2 2 5 1 413 1825 2354
1914 2 2 5 1 1578 816 1593
1915 2 2 5 1 727 1515 2896
1916 2 2 5 1 1404 1870 2394
1917 2 2 5 1 1262 354 2566
1918 2 2 5 1 2264 909 2299
1919 2 2 5 1 300 1244 3048
1920 2 2 5 1 1508 606 2138
1921 2 2 5 1 1229 2349 3003
1922 2 2 5 1 813 1601 1640
1923 2 2 5 1 2270 507 2412
1924 2 2 5 1 692 1840 3000
1925 2 2 5 1 1685 418 3077
1926 2 2 5 1 1254 1685 3077
1927 2 2 5 1 1594 1129 2437
1928 2 2 5 1 478 2115 2170
1929 2 2 5 1 761 1237 2226
1930 2 2 5 1 28 1423 2659
1931 2 2 5 1 2949 1013 3214
1932 2 2 5 1 1553 1158 2380
1933 2 2 5 1 1193 2515 3443
1934 2 2 5 1 1311 417 2851
1935 2 2 5 1 1468 704 2773
1936 2 2 5 1 1274 295 1935
1937 2 2 5 1 2590 1276 2844
1938 2 2 5 1 1754 316 1767
1939 2 2 5 1 789 1754 1767
1940 2 2 5 1 595 1454 2836
1941 2 2 5 1 1454 986 2836
1942 2 2 5 1 1432 956 2906
1943 2 2 5 1 1757 2976 3079
1944 2 2 5 1 1647 997 1682
1945 2 2 5 1 599 1647 1682
1946 2 2 5 1 1222 2270 2412
1947 2 2 5 1 713 1254 3077
1948 2 2 5 1 580 1509 1620
1949 2 2 5 1 372 1375 1736
1950 2 2 5 1 3168 371 3339
1951 2 2 5 1 1547 392 2040
1952 2 2 5 1 350 2088 2783
1953 2 2 5 1 655 1303 1831
1954 2 2 5 1 1143 1572 3366
1955 2 2 5 1 2292 1871 3126
1956 2 2 5 1 1297 243 2177
1957 2 2 5 1 1373 651 2748
1958 2 2 5 1 770 1984 3487
1959 2 2 5 1 532 1713 2612
1960 2 2 5 1 1443 971 2966
1961 2 2 5 1 607 1428 1963
1962 2 2 5 1 1384 290 1988
1963 2 2 5 1 1449 582 1765
1964 2 2 5 1 1313 1041 3041
1965 2 2 5 1 1240 2678 3244
1966 2 2 5 1 539 1288 2779
1967 2 2 5 1 545 1342 1888
1968 2 2 5 1 1450 573 2903
1969 2 2 5 1 1445 640 1673
1970 2 2 5 1 2115 1180 2170
1971 2 2 5 1 1348 128 2077
1972 2 2 5 1 667 1753 2199
1973 2 2 5 1 1703 1197 2986
1974 2 2 5 1 706 1494 1821
1975 2 2 5 1 1378 880 2186
1976 2 2 5 1 1543 999 2814
1977 2 2 5 1 1252 792 2065
1978 2 2 5 1 792 1252 3154
1979 2 2 5 1 1437 615 2212
1980 2 2 5 1 2101 1124 3377
1981 2 2 5 1 2229 238 2613
1982 2 2 5 1 1579 592 2862
1983 2 2 5 1 317 2239 3204
1984 2 2 5 1 1936 1167 2896
1985 2 2 5 1 1551 11 2850
1986 2 2 5 1 2430 552 3396
1987 2 2 5 1 3246 1202 3323
1988 2 2 5 1 18 19 1660
1989 2 2 5 1 1272 859 2414
1990 2 2 5 1 237 8 2229
1991 2 2 5 1 8 238 2229
1992 2 2 5 1 1533 857 2151
1993 2 2 5 1 2177 790 2500
1994 2 2 5 1 352 2590 2844
1995 2 2 5 1 92 1251 2365
1996 2 2 5 1 152 1679 2079
1997 2 2 5 1 1319 292 1992
1998 2 2 5 1 790 1796 2024
1999 2 2 5 1 713 1613 1614
2000 2 2 5 1 1613 670 1614
2001 2 2 5 1 835 1254 2669
2002 2 2 5 1 2650 1114 3215
2003 2 2 5 1 2380 1158 3165
2004 2 2 5 1 1293 506 2503
2005 2 2 5 1 1376 561 2885
2006 2 2 5 1 534 1281 3065
2007 2 2 5 1 599 1578 1593
2008 2 2 5 1 1285 698 3211
2009 2 2 5 1 527 1366 1831
2010 2 2 5 1 785 2019 2067
2011 2 2 5 1 1853 218 2735
2012 2 2 5 1 18 1660 2720
2013 2 2 5 1 1342 426 3412
2014 2 2 5 1 482 1289 2953
2015 2 2 5 1 341 3113 3173
2016 2 2 5 1 827 1508 2138
2017 2 2 5 1 374 1440 1868
2018 2 2 5 1 1440 719 1868
2019 2 2 5 1 1472 630 1662
2020 2 2 5 1 541 1642 3163
2021 2 2 5 1 954 1529 2626
2022 2 2 5 1 658 1854 2968
2023 2 2 5 1 744 1251 2188
2024 2 2 5 1 541 1389 3369
2025 2 2 5 1 348 1703 2986
2026 2 2 5 1 127 128 2564
2027 2 2 5 1 336 3055 3175
2028 2 2 5 1 840 1481 1903
2029 2 2 5 1 1038 1834 3302
2030 2 2 5 1 1557 394 1937
2031 2 2 5 1 863 1557 1937
2032 2 2 5 1 1783 538 2799
2033 2 2 5 1 2566 677 2637
2034 2 2 5 1 217 218 1853
2035 2 2 5 1 423 1258 2867
2036 2 2 5 1 1433 870 1923
2037 2 2 5 1 887 1325 2801
2038 2 2 5 1 1280 519 2409
2039 2 2 5 1 821 1712 1908
2040 2 2 5 1 1712 730 1908
2041 2 2 5 1 1325 311 2801
2042 2 2 5 1 682 1409 1851
2043 2 2 5 1 341 1828 3113
2044 2 2 5 1 2263 775 3382
2045 2 2 5 1 321 1602 2147
2046 2 2 5 1 1457 295 3049
2047 2 2 5 1 738 1273 1994
2048 2 2 5 1 1256 279 2368
2049 2 2 5 1 584 1336 3076
2050 2 2 5 1 367 1415 2717
2051 2 2 5 1 698 1285 2687
2052 2 2 5 1 1652 669 2955
2053 2 2 5 1 362 1863 1919
2054 2 2 5 1 567 1942 3012
2055 2 2 5 1 666 1318 2539
2056 2 2 5 1 404 1273 2222
2057 2 2 5 1 1273 738 2222
2058 2 2 5 1 638 1659 3238
2059 2 2 5 1 1607 861 2098
2060 2 2 5 1 1736 1375 3134
2061 2 2 5 1 228 1317 1906
2062 2 2 5 1 717 1319 1992
2063 2 2 5 1 1838 1202 3246
2064 2 2 5 1 1454 1256 2368
2065 2 2 5 1 897 1778 2150
2066 2 2 5 1 1476 554 2205
2067 2 2 5 1 814 1476 2205
2068 2 2 5 1 2145 1562 3129
2069 2 2 5 1 292 1319 1854
2070 2 2 5 1 975 1558 2258
2071 2 2 5 1 912 1390 2049
2072 2 2 5 1 983 2797 3012
2073 2 2 5 1 1283 303 2157
2074 2 2 5 1 1761 323 2532
2075 2 2 5 1 1483 406 2937
2076 2 2 5 1 1301 682 2804
2077 2 2 5 1 359 1439 3256
2078 2 2 5 1 1257 769 3450
2079 2 2 5 1 1538 1055 2865
2080 2 2 5 1 1317 632 3314
2081 2 2 5 1 615 1395 1776
2082 2 2 5 1 779 2095 2881
2083 2 2 5 1 2516 595 3264
2084 2 2 5 1 359 1304 2113
2085 2 2 5 1 2067 2019 3310
2086 2 2 5 1 1888 687 1936
2087 2 2 5 1 551 1799 2166
2088 2 2 5 1 1218 2262 2392
2089 2 2 5 1 294 1278 2004
2090 2 2 5 1 1896 1146 2878
2091 2 2 5 1 1202 1838 3146
2092 2 2 5 1 1963 1205 2943
2093 2 2 5 1 1320 736 2139
2094 2 2 5 1 2097 1035 2176
2095 2 2 5 1 1262 501 2740
2096 2 2 5 1 744 1812 1937
2097 2 2 5 1 1812 863 1937
2098 2 2 5 1 1741 1451 3178
2099 2 2 5 1 1626 2022 2591
2100 2 2 5 1 1385 2235 2719
2101 2 2 5 1 548 1551 2985
2102 2 2 5 1 698 1294 3137
2103 2 2 5 1 1093 1410 1930
2104 2 2 5 1 631 1324 2950
2105 2 2 5 1 1127 1912 3315
2106 2 2 5 1 1761 898 2232
2107 2 2 5 1 928 1519 1785
2108 2 2 5 1 1273 1610 3164
2109 2 2 5 1 1262 2566 2637
2110 2 2 5 1 1519 675 1785
2111 2 2 5 1 2824 1483 2937
2112 2 2 5 1 1362 659 2337
2113 2 2 5 1 1282 1651 3298
2114 2 2 5 1 1651 363 3298
2115 2 2 5 1 772 1581 1630
2116 2 2 5 1 1581 329 1630
2117 2 2 5 1 504 1631 1984
2118 2 2 5 1 1854 1319 2968
2119 2 2 5 1 2258 807 2309
2120 2 2 5 1 796 2322 2387
2121 2 2 5 1 889 1598 2301
2122 2 2 5 1 344 1829 2747
2123 2 2 5 1 1598 416 2301
2124 2 2 5 1 634 1621 1752
2125 2 2 5 1 154 155 1670
2126 2 2 5 1 1353 524 1909
2127 2 2 5 1 2445 1153 2784
2128 2 2 5 1 904 1913 2417
2129 2 2 5 1 372 2148 2158
2130 2 2 5 1 501 2637 3231
2131 2 2 5 1 1327 891 2908
2132 2 2 5 1 1553 1391 2277
2133 2 2 5 1 2262 313 2392
2134 2 2 5 1 1050 1570 2268
2135 2 2 5 1 1328 370 1873
2136 2 2 5 1 1947 312 2689
2137 2 2 5 1 1474 159 2574
2138 2 2 5 1 2727 1243 3124
2139 2 2 5 1 1829 1203 2747
2140 2 2 5 1 1754 2370 3111
2141 2 2 5 1 658 1276 2677
2142 2 2 5 1 1999 1669 2833
2143 2 2 5 1 254 255 1542
2144 2 2 5 1 163 1484 1774
2145 2 2 5 1 1422 233 2069
2146 2 2 5 1 273 1640 2286
2147 2 2 5 1 73 74 1524
2148 2 2 5 1 89 90 1525
2149 2 2 5 1 1381 1023 3272
2150 2 2 5 1 2104 1435 2958
2151 2 2 5 1 1318 925 2965
2152 2 2 5 1 1176 2621 3263
2153 2 2 5 1 1813 902 2827
2154 2 2 5 1 1358 751 2259
2155 2 2 5 1 2955 669 3144
2156 2 2 5 1 1485 361 2795
2157 2 2 5 1 432 1815 2764
2158 2 2 5 1 671 1368 3058
2159 2 2 5 1 1698 810 3232
2160 2 2 5 1 380 1864 3078
2161 2 2 5 1 378 1745 3374
2162 2 2 5 1 1733 732 2055
2163 2 2 5 1 1155 2424 2845
2164 2 2 5 1 892 1888 1936
2165 2 2 5 1 1324 792 1881
2166 2 2 5 1 2357 390 2726
2167 2 2 5 1 2143 828 2571
2168 2 2 5 1 40 1560 3446
2169 2 2 5 1 1343 301 3371
2170 2 2 5 1 1745 1394 3374
2171 2 2 5 1 2748 651 2868
2172 2 2 5 1 154 1670 2530
2173 2 2 5 1 754 2038 2296
2174 2 2 5 1 2038 1161 2296
2175 2 2 5 1 1505 550 2401
2176 2 2 5 1 380 1354 2515
2177 2 2 5 1 1410 522 2330
2178 2 2 5 1 721 1265 2982
2179 2 2 5 1 1423 864 2659
2180 2 2 5 1 746 1278 2288
2181 2 2 5 1 1278 294 2288
2182 2 2 5 1 1356 187 3130
2183 2 2 5 1 643 1419 2642
2184 2 2 5 1 978 2289 2815
2185 2 2 5 1 1443 645 1726
2186 2 2 5 1 2676 514 2821
2187 2 2 5 1 2118 917 2674
2188 2 2 5 1 717 1374 1983
2189 2 2 5 1 569 1817 3281
2190 2 2 5 1 587 1278 2470
2191 2 2 5 1 763 1267 2230
2192 2 2 5 1 840 1871 2292
2193 2 2 5 1 2256 1675 2663
2194 2 2 5 1 1784 574 2206
2195 2 2 5 1 1037 1974 2544
2196 2 2 5 1 1007 2170 2383
2197 2 2 5 1 1615 665 1877
2198 2 2 5 1 1499 371 2185
2199 2 2 5 1 403 1968 3029
2200 2 2 5 1 1757 421 2976
2201 2 2 5 1 2203 1183 2675
2202 2 2 5 1 1681 970 2529
2203 2 2 5 1 1615 988 2750
2204 2 2 5 1 999 1815 2755
2205 2 2 5 1 1408 882 2657
2206 2 2 5 1 2102 1563 3224
2207 2 2 5 1 655 1852 2598
2208 2 2 5 1 2020 814 2757
2209 2 2 5 1 1349 51 1872
2210 2 2 5 1 426 1342 3023
2211 2 2 5 1 2278 1091 2812
2212 2 2 5 1 1686 636 1701
2213 2 2 5 1 314 1272 2245
2214 2 2 5 1 2224 973 2269
2215 2 2 5 1 1356 833 2393
2216 2 2 5 1 776 1675 2256
2217 2 2 5 1 777 2013 3142
2218 2 2 5 1 1831 1366 2975
2219 2 2 5 1 895 1280 2586
2220 2 2 5 1 1273 693 2553
2221 2 2 5 1 1542 664 2105
2222 2 2 5 1 405 1408 2657
2223 2 2 5 1 567 1451 2624
2224 2 2 5 1 1374 377 1983
2225 2 2 5 1 452 1590 3156
2226 2 2 5 1 1277 324 2895
2227 2 2 5 1 1335 213 2378
2228 2 2 5 1 513 1301 2767
2229 2 2 5 1 1330 357 3024
2230 2 2 5 1 1088 2899 3173
2231 2 2 5 1 1463 442 2817
2232 2 2 5 1 517 1885 2085
2233 2 2 5 1 1885 959 2085
2234 2 2 5 1 1799 926 2166
2235 2 2 5 1 1371 1602 3273
2236 2 2 5 1 151 152 2079
2237 2 2 5 1 740 1277 2270
2238 2 2 5 1 928 1458 2793
2239 2 2 5 1 1587 683 1723
2240 2 2 5 1 383 2464 3404
2241 2 2 5 1 1336 1935 3104
2242 2 2 5 1 943 1321 2745
2243 2 2 5 1 1419 21 2642
2244 2 2 5 1 34 35 1545
2245 2 2 5 1 876 1311 2851
2246 2 2 5 1 1424 1321 2342
2247 2 2 5 1 364 1301 2804
2248 2 2 5 1 292 1303 1997
2249 2 2 5 1 285 1614 2351
2250 2 2 5 1 308 1791 1857
2251 2 2 5 1 1791 812 1857
2252 2 2 5 1 2156 1169 3148
2253 2 2 5 1 384 1722 1749
2254 2 2 5 1 998 2245 3180
2255 2 2 5 1 910 1452 2601
2256 2 2 5 1 376 1451 1741
2257 2 2 5 1 1823 817 2444
2258 2 2 5 1 2255 777 3142
2259 2 2 5 1 633 1287 2789
2260 2 2 5 1 576 1401 2971
2261 2 2 5 1 1722 764 1749
2262 2 2 5 1 285 1313 2852
2263 2 2 5 1 1323 1658 2914
2264 2 2 5 1 660 2607 3313
2265 2 2 5 1 1320 351 2887
2266 2 2 5 1 2382 773 2728
2267 2 2 5 1 856 1518 1720
2268 2 2 5 1 1518 556 1720
2269 2 2 5 1 1601 621 1640
2270 2 2 5 1 2515 1354 3443
2271 2 2 5 1 1823 2444 2667
2272 2 2 5 1 54 55 2103
2273 2 2 5 1 475 2031 2272
2274 2 2 5 1 2031 1123 2272
2275 2 2 5 1 2164 1246 2801
2276 2 2 5 1 1096 1573 1770
2277 2 2 5 1 1933 409 2456
2278 2 2 5 1 1099 1504 3320
2279 2 2 5 1 1522 720 3160
2280 2 2 5 1 2052 424 2090
2281 2 2 5 1 112 113 2155
2282 2 2 5 1 830 1686 1701
2283 2 2 5 1 232 233 2618
2284 2 2 5 1 238 239 2613
2285 2 2 5 1 506 1293 2760
2286 2 2 5 1 682 1316 2804
2287 2 2 5 1 2317 1287 3213
2288 2 2 5 1 319 1574 2578
2289 2 2 5 1 912 2049 2220
2290 2 2 5 1 1910 870 2120
2291 2 2 5 1 708 1327 2057
2292 2 2 5 1 1520 132 2966
2293 2 2 5 1 926 1799 3131
2294 2 2 5 1 2245 1357 3180
2295 2 2 5 1 1564 548 2883
2296 2 2 5 1 1573 571 2480
2297 2 2 5 1 1799 1299 3131
2298 2 2 5 1 1302 537 2929
2299 2 2 5 1 1508 827 2919
2300 2 2 5 1 1326 560 3217
2301 2 2 5 1 635 1377 3195
2302 2 2 5 1 1847 613 3153
2303 2 2 5 1 1392 689 2012
2304 2 2 5 1 679 1400 3399
2305 2 2 5 1 1029 1794 2337
2306 2 2 5 1 1403 594 3324
2307 2 2 5 1 702 1449 1765
2308 2 2 5 1 1355 673 1896
2309 2 2 5 1 791 1413 1950
2310 2 2 5 1 1482 190 2684
2311 2 2 5 1 1592 300 3048
2312 2 2 5 1 1265 360 2216
2313 2 2 5 1 613 2009 3153
2314 2 2 5 1 631 1514 2174
2315 2 2 5 1 369 1513 1737
2316 2 2 5 1 50 1349 2481
2317 2 2 5 1 659 1362 1889
2318 2 2 5 1 22 1466 2642
2319 2 2 5 1 1209 2197 2986
2320 2 2 5 1 1944 769 2050
2321 2 2 5 1 165 1506 2427
2322 2 2 5 1 1931 478 2170
2323 2 2 5 1 2070 454 2770
2324 2 2 5 1 381 1389 2407
2325 2 2 5 1 1787 452 3062
2326 2 2 5 1 1628 612 3083
2327 2 2 5 1 876 1667 3271
2328 2 2 5 1 1190 1691 2676
2329 2 2 5 1 2489 1042 2891
2330 2 2 5 1 1484 825 2291
2331 2 2 5 1 617 1484 2291
2332 2 2 5 1 116 117 1699
2333 2 2 5 1 2050 769 2098
2334 2 2 5 1 1799 551 3247
2335 2 2 5 1 597 1592 3056
2336 2 2 5 1 1342 545 3051
2337 2 2 5 1 1448 805 1972
2338 2 2 5 1 1314 362 2815
2339 2 2 5 1 1287 779 2223
2340 2 2 5 1 2161 753 2920
2341 2 2 5 1 96 1502 2679
2342 2 2 5 1 2431 594 2997
2343 2 2 5 1 410 2044 3365
2344 2 2 5 1 628 1648 2248
2345 2 2 5 1 673 1355 1912
2346 2 2 5 1 691 1751 2075
2347 2 2 5 1 186 1356 2393
2348 2 2 5 1 1316 364 2804
2349 2 2 5 1 1517 603 2473
2350 2 2 5 1 723 1353 1909
2351 2 2 5 1 1291 560 2195
2352 2 2 5 1 1328 878 2872
2353 2 2 5 1 704 1764 2773
2354 2 2 5 1 1579 1000 2855
2355 2 2 5 1 2270 1277 2419
2356 2 2 5 1 1091 1380 3479
2357 2 2 5 1 346 1299 3471
2358 2 2 5 1 507 2270 2419
2359 2 2 5 1 2875 797 2880
2360 2 2 5 1 1162 2487 3225
2361 2 2 5 1 1699 117 2855
2362 2 2 5 1 98 99 1838
2363 2 2 5 1 3072 1096 3417
2364 2 2 5 1 645 1443 1789
2365 2 2 5 1 1407 1941 2721
2366 2 2 5 1 1339 2288 3177
2367 2 2 5 1 1702 697 2040
2368 2 2 5 1 1466 643 2642
2369 2 2 5 1 4 27 1599
2370 2 2 5 1 431 1681 2529
2371 2 2 5 1 360 2668 3388
2372 2 2 5 1 1691 1190 3014
2373 2 2 5 1 1794 419 2337
2374 2 2 5 1 2003 582 3424
2375 2 2 5 1 683 1644 1723
2376 2 2 5 1 1327 708 1978
2377 2 2 5 1 674 1489 3216
2378 2 2 5 1 1007 1931 2170
2379 2 2 5 1 356 1546 3176
2380 2 2 5 1 1296 1799 3247
2381 2 2 5 1 671 1293 2503
2382 2 2 5 1 430 1522 2790
2383 2 2 5 1 688 1290 2313
2384 2 2 5 1 282 1691 3014
2385 2 2 5 1 1038 2142 3008
2386 2 2 5 1 1414 663 1828
2387 2 2 5 1 452 1816 1927
2388 2 2 5 1 1816 844 1927
2389 2 2 5 1 2148 1015 2158
2390 2 2 5 1 1636 1315 2596
2391 2 2 5 1 1023 1409 3272
2392 2 2 5 1 1680 641 2233
2393 2 2 5 1 266 1315 2786
2394 2 2 5 1 1311 501 2648
2395 2 2 5 1 829 1311 2648
2396 2 2 5 1 1425 679 3399
2397 2 2 5 1 557 2186 3477
2398 2 2 5 1 1147 1953 3062
2399 2 2 5 1 939 1504 2791
2400 2 2 5 1 1987 696 2817
2401 2 2 5 1 2040 697 3235
2402 2 2 5 1 1398 396 1856
2403 2 2 5 1 1240 1786 2678
2404 2 2 5 1 1656 1030 2936
2405 2 2 5 1 2607 1364 3313
2406 2 2 5 1 84 1531 2641
2407 2 2 5 1 1407 558 1840
2408 2 2 5 1 1301 364 2032
2409 2 2 5 1 1573 386 1770
2410 2 2 5 1 1299 346 2831
2411 2 2 5 1 1667 1808 3271
2412 2 2 5 1 1623 921 2301
2413 2 2 5 1 416 1623 2301
2414 2 2 5 1 1403 388 3340
2415 2 2 5 1 1189 2074 2670
2416 2 2 5 1 940 1460 2873
2417 2 2 5 1 342 1772 3198
2418 2 2 5 1 1351 520 2980
2419 2 2 5 1 1498 634 1752
2420 2 2 5 1 1573 2480 2732
2421 2 2 5 1 1372 64 2694
2422 2 2 5 1 1411 291 1835
2423 2 2 5 1 725 1431 2081
2424 2 2 5 1 1077 1493 3172
2425 2 2 5 1 1310 790 3032
2426 2 2 5 1 311 2164 2801
2427 2 2 5 1 597 1810 2464
2428 2 2 5 1 453 2006 2361
2429 2 2 5 1 556 1307 2397
2430 2 2 5 1 1810 1039 2464
2431 2 2 5 1 583 1330 2838
2432 2 2 5 1 1081 1923 2381
2433 2 2 5 1 1923 264 2381
2434 2 2 5 1 1887 360 3388
2435 2 2 5 1 1493 287 3172
2436 2 2 5 1 3190 1509 3249
2437 2 2 5 1 1428 607 3460
2438 2 2 5 1 870 1910 1923
2439 2 2 5 1 1910 264 1923
2440 2 2 5 1 667 1522 1728
2441 2 2 5 1 1176 2100 2621
2442 2 2 5 1 523 1460 2296
2443 2 2 5 1 1331 460 2009
2444 2 2 5 1 1788 1201 3267
2445 2 2 5 1 391 1568 2396
2446 2 2 5 1 1365 1887 3388
2447 2 2 5 1 649 1748 2080
2448 2 2 5 1 736 1320 2033
2449 2 2 5 1 1410 799 2491
2450 2 2 5 1 1773 298 2765
2451 2 2 5 1 2126 1208 2806
2452 2 2 5 1 1173 2127 2283
2453 2 2 5 1 2127 490 2283
2454 2 2 5 1 1399 650 1867
2455 2 2 5 1 1309 865 2556
2456 2 2 5 1 824 1819 2404
2457 2 2 5 1 1841 357 3117
2458 2 2 5 1 1309 1841 3117
2459 2 2 5 1 1307 1512 2926
2460 2 2 5 1 510 2310 2927
2461 2 2 5 1 1212 1687 2749
2462 2 2 5 1 1658 629 2914
2463 2 2 5 1 1401 374 1868
2464 2 2 5 1 1540 614 2103
2465 2 2 5 1 118 119 1579
2466 2 2 5 1 2207 849 2407
2467 2 2 5 1 143 144 3025
2468 2 2 5 1 1897 711 2628
2469 2 2 5 1 1665 680 1718
2470 2 2 5 1 1626 385 1795
2471 2 2 5 1 1621 721 1752
2472 2 2 5 1 649 1411 3354
2473 2 2 5 1 191 192 1629
2474 2 2 5 1 1995 586 2888
2475 2 2 5 1 1587 812 1791
2476 2 2 5 1 327 1509 3190
2477 2 2 5 1 1682 422 3128
2478 2 2 5 1 627 1528 2239
2479 2 2 5 1 1594 1492 2537
2480 2 2 5 1 77 78 1586
2481 2 2 5 1 212 1335 2010
2482 2 2 5 1 1318 666 2025
2483 2 2 5 1 1409 513 3272
2484 2 2 5 1 627 2239 3234
2485 2 2 5 1 201 1476 2546
2486 2 2 5 1 2151 323 2232
2487 2 2 5 1 1152 2151 2232
2488 2 2 5 1 759 1671 1688
2489 2 2 5 1 1041 1305 2593
2490 2 2 5 1 1139 1550 3406
2491 2 2 5 1 360 1396 2216
2492 2 2 5 1 15 1519 2793
2493 2 2 5 1 325 1359 2933
2494 2 2 5 1 1359 905 2933
2495 2 2 5 1 368 1507 1954
2496 2 2 5 1 1288 1575 2779
2497 2 2 5 1 642 1493 2091
2498 2 2 5 1 787 1665 1718
2499 2 2 5 1 1264 2875 2880
2500 2 2 5 1 723 1477 1925
2501 2 2 5 1 363 1402 3298
2502 2 2 5 1 2288 294 3177
2503 2 2 5 1 12 13 1758
2504 2 2 5 1 1940 3061 3155
2505 2 2 5 1 668 1404 3302
2506 2 2 5 1 1671 483 1688
2507 2 2 5 1 1504 939 2832
2508 2 2 5 1 1798 695 2976
2509 2 2 5 1 1974 1014 2179
2510 2 2 5 1 439 1974 2179
2511 2 2 5 1 350 2492 2715
2512 2 2 5 1 364 1316 2839
2513 2 2 5 1 1477 401 1925
2514 2 2 5 1 1341 869 2858
2515 2 2 5 1 1344 571 3343
2516 2 2 5 1 2688 1000 2862
2517 2 2 5 1 2976 695 2990
2518 2 2 5 1 1337 560 2825
2519 2 2 5 1 963 1761 2532
2520 2 2 5 1 582 2003 3004
2521 2 2 5 1 1545 600 2587
2522 2 2 5 1 2512 480 3389
2523 2 2 5 1 633 1611 2112
2524 2 2 5 1 108 109 1952
2525 2 2 5 1 699 1334 2127
2526 2 2 5 1 1368 286 3058
2527 2 2 5 1 1118 1435 3454
2528 2 2 5 1 1435 531 3454
2529 2 2 5 1 447 1907 2210
2530 2 2 5 1 1344 809 2044
2531 2 2 5 1 1396 764 2216
2532 2 2 5 1 1560 1164 3446
2533 2 2 5 1 619 1541 1737
2534 2 2 5 1 452 1787 1816
2535 2 2 5 1 1787 782 1816
2536 2 2 5 1 578 1365 3250
2537 2 2 5 1 270 1572 2604
2538 2 2 5 1 939 1545 2587
2539 2 2 5 1 1775 417 2244
2540 2 2 5 1 934 1775 2244
2541 2 2 5 1 935 1849 2129
2542 2 2 5 1 1849 772 2129
2543 2 2 5 1 733 1693 2051
2544 2 2 5 1 1306 558 2517
2545 2 2 5 1 1728 1522 3160
2546 2 2 5 1 1122 1932 2656
2547 2 2 5 1 1302 284 2431
2548 2 2 5 1 1644 741 1723
2549 2 2 5 1 398 2502 2928
2550 2 2 5 1 595 1402 3264
2551 2 2 5 1 745 1749 1965
2552 2 2 5 1 134 135 1789
2553 2 2 5 1 833 1356 2703
2554 2 2 5 1 1685 1254 3472
2555 2 2 5 1 1585 598 2005
2556 2 2 5 1 574 1747 2206
2557 2 2 5 1 521 3220 3265
2558 2 2 5 1 114 6 2373
2559 2 2 5 1 6 115 2373
2560 2 2 5 1 1267 1889 2230
2561 2 2 5 1 1907 990 2210
2562 2 2 5 1 1922 679 2048
2563 2 2 5 1 935 1922 2048
2564 2 2 5 1 1325 887 2665
2565 2 2 5 1 2122 325 2933
2566 2 2 5 1 699 1879 2122
2567 2 2 5 1 964 1551 2850
2568 2 2 5 1 1315 911 2596
2569 2 2 5 1 737 1692 1822
2570 2 2 5 1 1692 760 1822
2571 2 2 5 1 1931 745 1965
2572 2 2 5 1 1307 708 2397
2573 2 2 5 1 1257 3240 3308
2574 2 2 5 1 412 1657 2350
2575 2 2 5 1 1627 362 1919
2576 2 2 5 1 1158 2382 2728
2577 2 2 5 1 1643 633 2112
2578 2 2 5 1 877 1699 2688
2579 2 2 5 1 400 1587 1723
2580 2 2 5 1 842 1332 2243
2581 2 2 5 1 2006 1047 2361
2582 2 2 5 1 1412 555 3416
2583 2 2 5 1 2475 877 2688
2584 2 2 5 1 3 2671 3453
2585 2 2 5 1 1927 844 2389
2586 2 2 5 1 2445 604 3467
2587 2 2 5 1 681 1441 2184
2588 2 2 5 1 625 1537 2917
2589 2 2 5 1 1334 2122 2933
2590 2 2 5 1 1944 2050 3321
2591 2 2 5 1 2201 798 2338
2592 2 2 5 1 1361 767 2386
2593 2 2 5 1 430 2054 2302
2594 2 2 5 1 731 1582 3295
2595 2 2 5 1 1321 320 2342
2596 2 2 5 1 1584 746 2175
2597 2 2 5 1 1391 566 3082
2598 2 2 5 1 1292 1989 2802
2599 2 2 5 1 1989 428 2802
2600 2 2 5 1 1332 842 3011
2601 2 2 5 1 474 2356 3182
2602 2 2 5 1 1078 1388 3133
2603 2 2 5 1 1359 325 2918
2604 2 2 5 1 1339 531 2104
2605 2 2 5 1 1907 660 2271
2606 2 2 5 1 447 1324 2174
2607 2 2 5 1 2178 1387 3069
2608 2 2 5 1 1332 240 2243
2609 2 2 5 1 2088 1116 2783
2610 2 2 5 1 2424 277 2845
2611 2 2 5 1 1837 301 2372
2612 2 2 5 1 2286 1640 3449
2613 2 2 5 1 1366 527 2905
2614 2 2 5 1 263 1505 2476
2615 2 2 5 1 1931 1007 2250
2616 2 2 5 1 1588 610 1882
2617 2 2 5 1 1406 439 2823
2618 2 2 5 1 902 1406 2823
2619 2 2 5 1 1644 683 2261
2620 2 2 5 1 1456 681 2184
2621 2 2 5 1 1841 1004 3024
2622 2 2 5 1 525 1871 1903
2623 2 2 5 1 1871 840 1903
2624 2 2 5 1 1539 780 1835
2625 2 2 5 1 291 1539 1835
2626 2 2 5 1 597 1549 1810
2627 2 2 5 1 1549 742 1810
2628 2 2 5 1 229 230 1700
2629 2 2 5 1 370 1328 3282
2630 2 2 5 1 57 1462 2379
2631 2 2 5 1 1327 177 3351
2632 2 2 5 1 1374 717 2021
2633 2 2 5 1 122 123 2178
2634 2 2 5 1 1758 624 2729
2635 2 2 5 1 586 1442 2483
2636 2 2 5 1 990 1907 2271
2637 2 2 5 1 719 1414 2528
2638 2 2 5 1 194 1361 2916
2639 2 2 5 1 1639 569 3059
2640 2 2 5 1 1369 2037 2319
2641 2 2 5 1 419 1416 2602
2642 2 2 5 1 1526 519 3009
2643 2 2 5 1 855 2029 2067
2644 2 2 5 1 1314 1090 2457
2645 2 2 5 1 823 1343 2847
2646 2 2 5 1 1410 396 1930
2647 2 2 5 1 1391 280 2965
2648 2 2 5 1 1473 994 3051
2649 2 2 5 1 1978 1307 3223
2650 2 2 5 1 467 1826 2543
2651 2 2 5 1 1826 1060 2543
2652 2 2 5 1 584 2031 2894
2653 2 2 5 1 695 2875 3342
2654 2 2 5 1 678 1546 2974
2655 2 2 5 1 760 1329 2842
2656 2 2 5 1 1974 439 2544
2657 2 2 5 1 1332 838 2613
2658 2 2 5 1 1369 544 2037
2659 2 2 5 1 763 1625 2951
2660 2 2 5 1 878 1372 2872
2661 2 2 5 1 1346 87 2900
2662 2 2 5 1 1548 945 1989
2663 2 2 5 1 1956 581 3303
2664 2 2 5 1 1370 732 2148
2665 2 2 5 1 372 1370 2148
2666 2 2 5 1 462 1424 3348
2667 2 2 5 1 3240 505 3308
2668 2 2 5 1 1363 748 2285
2669 2 2 5 1 1861 926 2134
2670 2 2 5 1 1851 1508 2919
2671 2 2 5 1 1660 962 2720
2672 2 2 5 1 755 1385 2332
2673 2 2 5 1 632 1485 3314
2674 2 2 5 1 64 1372 2448
2675 2 2 5 1 231 232 2274
2676 2 2 5 1 800 1809 2911
2677 2 2 5 1 882 1408 1947
2678 2 2 5 1 883 1482 2684
2679 2 2 5 1 1456 586 2483
2680 2 2 5 1 1430 815 2631
2681 2 2 5 1 2335 1073 2434
2682 2 2 5 1 695 2838 2990
2683 2 2 5 1 891 1327 3351
2684 2 2 5 1 545 1473 3051
2685 2 2 5 1 1764 336 3175
2686 2 2 5 1 1250 1764 3175
2687 2 2 5 1 1322 786 2442
2688 2 2 5 1 1495 484 2593
2689 2 2 5 1 554 1338 3226
2690 2 2 5 1 371 1727 2185
2691 2 2 5 1 765 1861 2134
2692 2 2 5 1 1580 908 2787
2693 2 2 5 1 687 1342 2246
2694 2 2 5 1 2247 463 2811
2695 2 2 5 1 448 2073 2620
2696 2 2 5 1 1559 604 1862
2697 2 2 5 1 725 1559 1862
2698 2 2 5 1 1754 1008 2370
2699 2 2 5 1 1661 413 2354
2700 2 2 5 1 894 1661 2354
2701 2 2 5 1 674 2359 3013
2702 2 2 5 1 1478 1178 2062
2703 2 2 5 1 925 1391 2965
2704 2 2 5 1 221 222 1637
2705 2 2 5 1 971 1520 2966
2706 2 2 5 1 1501 666 2539
2707 2 2 5 1 419 1794 2318
2708 2 2 5 1 1794 955 2318
2709 2 2 5 1 1733 2055 2814
2710 2 2 5 1 653 1948 2582
2711 2 2 5 1 1346 753 2161
2712 2 2 5 1 337 2317 3213
2713 2 2 5 1 1997 655 2598
2714 2 2 5 1 654 1604 2977
2715 2 2 5 1 851 1826 2534
2716 2 2 5 1 1707 827 3017
2717 2 2 5 1 2208 800 2911
2718 2 2 5 1 1370 720 2302
2719 2 2 5 1 1396 2115 3149
2720 2 2 5 1 1772 1240 3198
2721 2 2 5 1 1506 825 2427
2722 2 2 5 1 2507 1245 3216
2723 2 2 5 1 159 160 2574
2724 2 2 5 1 1398 647 2798
2725 2 2 5 1 873 1398 2798
2726 2 2 5 1 641 1769 2007
2727 2 2 5 1 1336 2746 3076
2728 2 2 5 1 1168 1971 3232
2729 2 2 5 1 382 1363 2285
2730 2 2 5 1 1507 368 1819
2731 2 2 5 1 881 1331 2736
2732 2 2 5 1 1863 782 1919
2733 2 2 5 1 1743 712 1864
2734 2 2 5 1 1582 1403 3324
2735 2 2 5 1 914 1405 3209
2736 2 2 5 1 864 1599 2659
2737 2 2 5 1 1353 723 2213
2738 2 2 5 1 381 1333 2484
2739 2 2 5 1 1294 1464 2569
2740 2 2 5 1 1669 855 2238
2741 2 2 5 1 326 1367 2076
2742 2 2 5 1 2746 856 3076
2743 2 2 5 1 315 1353 2213
2744 2 2 5 1 1469 637 1890
2745 2 2 5 1 1362 756 2183
2746 2 2 5 1 184 185 1649
2747 2 2 5 1 1434 1117 2336
2748 2 2 5 1 1550 473 3406
2749 2 2 5 1 1709 695 3342
2750 2 2 5 1 1338 322 2563
2751 2 2 5 1 344 1536 1829
2752 2 2 5 1 1602 781 2147
2753 2 2 5 1 354 1834 3008
2754 2 2 5 1 979 1564 2883
2755 2 2 5 1 1696 343 2713
2756 2 2 5 1 1319 717 3300
2757 2 2 5 1 1896 673 3280
2758 2 2 5 1 293 1508 1851
2759 2 2 5 1 1611 276 2112
2760 2 2 5 1 1482 883 1968
2761 2 2 5 1 648 1482 1968
2762 2 2 5 1 2389 844 2600
2763 2 2 5 1 280 1391 3171
2764 2 2 5 1 809 1344 2673
2765 2 2 5 1 1275 1922 3050
2766 2 2 5 1 631 1669 2238
2767 2 2 5 1 1336 834 2422
2768 2 2 5 1 874 1366 2909
2769 2 2 5 1 500 1434 2336
2770 2 2 5 1 1661 894 2236
2771 2 2 5 1 1940 450 3061
2772 2 2 5 1 858 1338 2672
2773 2 2 5 1 1568 391 1796
2774 2 2 5 1 555 1465 3416
2775 2 2 5 1 223 224 1689
2776 2 2 5 1 1517 445 1879
2777 2 2 5 1 1943 1169 2156
2778 2 2 5 1 1856 1646 2934
2779 2 2 5 1 846 2083 2274
2780 2 2 5 1 1608 274 2314
2781 2 2 5 1 1059 1337 2409
2782 2 2 5 1 1188 1500 2260
2783 2 2 5 1 1806 968 2256
2784 2 2 5 1 2083 1098 2274
2785 2 2 5 1 516 2411 3312
2786 2 2 5 1 44 1418 2410
2787 2 2 5 1 2557 635 3262
2788 2 2 5 1 477 2797 3064
2789 2 2 5 1 1416 515 2204
2790 2 2 5 1 756 1416 2204
2791 2 2 5 1 458 1961 2390
2792 2 2 5 1 1961 1075 2390
2793 2 2 5 1 1670 895 2530
2794 2 2 5 1 436 2254 3368
2795 2 2 5 1 2403 1663 3227
2796 2 2 5 1 564 1845 2716
2797 2 2 5 1 588 1380 2960
2798 2 2 5 1 600 1545 2978
2799 2 2 5 1 1679 657 2079
2800 2 2 5 1 593 1672 2026
2801 2 2 5 1 389 1650 2152
2802 2 2 5 1 787 1999 2408
2803 2 2 5 1 781 1478 2062
2804 2 2 5 1 774 1684 2654
2805 2 2 5 1 555 1343 2384
2806 2 2 5 1 1690 1115 2465
2807 2 2 5 1 1618 704 2159
2808 2 2 5 1 1999 1109 2408
2809 2 2 5 1 582 1449 3424
2810 2 2 5 1 1605 411 2847
2811 2 2 5 1 2481 1349 2848
2812 2 2 5 1 1172 2329 2523
2813 2 2 5 1 1089 2013 2352
2814 2 2 5 1 571 1341 2480
2815 2 2 5 1 545 1981 2478
2816 2 2 5 1 2411 1335 3312
2817 2 2 5 1 2227 890 2474
2818 2 2 5 1 1551 964 2985
2819 2 2 5 1 441 1417 3201
2820 2 2 5 1 1922 369 3050
2821 2 2 5 1 966 1634 2305
2822 2 2 5 1 2191 1089 3070
2823 2 2 5 1 1536 701 1829
2824 2 2 5 1 1634 433 2305
2825 2 2 5 1 3091 1192 3324
2826 2 2 5 1 1255 1730 3459
2827 2 2 5 1 761 1807 2015
2828 2 2 5 1 1807 848 2015
2829 2 2 5 1 1796 391 2024
2830 2 2 5 1 1216 1635 3434
2831 2 2 5 1 373 1421 1970
2832 2 2 5 1 603 1772 2473
2833 2 2 5 1 207 2182 2275
2834 2 2 5 1 1378 443 2921
2835 2 2 5 1 880 1378 2921
2836 2 2 5 1 656 1376 2885
2837 2 2 5 1 735 1887 1959
2838 2 2 5 1 1533 2151 3052
2839 2 2 5 1 267 1364 2607
2840 2 2 5 1 684 1575 2644
2841 2 2 5 1 2485 355 2545
2842 2 2 5 1 2013 777 2352
2843 2 2 5 1 2167 480 2512
2844 2 2 5 1 1544 653 1825
2845 2 2 5 1 1003 2020 2757
2846 2 2 5 1 471 1636 2596
2847 2 2 5 1 1461 180 1918
2848 2 2 5 1 987 2777 3056
2849 2 2 5 1 347 1738 2946
2850 2 2 5 1 1738 1141 2946
2851 2 2 5 1 1347 540 2782
2852 2 2 5 1 1981 1135 2478
2853 2 2 5 1 1378 602 2899
2854 2 2 5 1 1674 124 3081
2855 2 2 5 1 396 1410 2491
2856 2 2 5 1 1450 454 3411
2857 2 2 5 1 2048 407 2153
2858 2 2 5 1 363 1651 2806
2859 2 2 5 1 2939 1177 3269
2860 2 2 5 1 751 1358 2300
2861 2 2 5 1 1519 928 2793
2862 2 2 5 1 2185 1006 2331
2863 2 2 5 1 1528 627 1850
2864 2 2 5 1 205 1446 2497
2865 2 2 5 1 2246 1342 3412
2866 2 2 5 1 1497 711 2068
2867 2 2 5 1 296 1713 2394
2868 2 2 5 1 1713 932 2394
2869 2 2 5 1 2091 481 2685
2870 2 2 5 1 1462 57 3476
2871 2 2 5 1 298 1448 2362
2872 2 2 5 1 1439 359 3344
2873 2 2 5 1 1635 376 3434
2874 2 2 5 1 494 1963 2639
2875 2 2 5 1 686 1629 2154
2876 2 2 5 1 1759 787 2408
2877 2 2 5 1 737 1491 3438
2878 2 2 5 1 2273 310 2630
2879 2 2 5 1 1279 2091 2685
2880 2 2 5 1 361 1485 3392
2881 2 2 5 1 871 1653 2360
2882 2 2 5 1 1875 1386 2443
2883 2 2 5 1 615 1905 2212
2884 2 2 5 1 1413 345 3185
2885 2 2 5 1 1034 2042 3171
2886 2 2 5 1 2838 1330 2990
2887 2 2 5 1 174 1512 2581
2888 2 2 5 1 2329 768 3021
2889 2 2 5 1 1320 2887 3157
2890 2 2 5 1 1051 2947 3212
2891 2 2 5 1 661 1510 2242
2892 2 2 5 1 83 84 2641
2893 2 2 5 1 943 2752 2822
2894 2 2 5 1 95 96 2679
2895 2 2 5 1 1429 67 1977
2896 2 2 5 1 1369 777 2255
2897 2 2 5 1 1420 1184 3289
2898 2 2 5 1 1434 500 2131
2899 2 2 5 1 1989 945 2435
2900 2 2 5 1 827 1973 3017
2901 2 2 5 1 1502 96 2304
2902 2 2 5 1 1924 1045 2126
2903 2 2 5 1 3171 2042 3229
2904 2 2 5 1 1457 641 2007
2905 2 2 5 1 1708 963 2532
2906 2 2 5 1 1360 832 2293
2907 2 2 5 1 872 1773 3393
2908 2 2 5 1 1547 2040 2655
2909 2 2 5 1 795 1540 3346
2910 2 2 5 1 764 1396 3149
2911 2 2 5 1 2392 313 2897
2912 2 2 5 1 1000 1699 2855
2913 2 2 5 1 415 1453 3398
2914 2 2 5 1 1441 681 3334
2915 2 2 5 1 1383 389 2152
2916 2 2 5 1 789 2224 2269
2917 2 2 5 1 699 1517 1879
2918 2 2 5 1 38 39 1676
2919 2 2 5 1 943 2087 2752
2920 2 2 5 1 1397 576 3212
2921 2 2 5 1 1018 2085 3010
2922 2 2 5 1 905 1359 2662
2923 2 2 5 1 142 143 1896
2924 2 2 5 1 1542 255 2906
2925 2 2 5 1 1711 668 2740
2926 2 2 5 1 291 1411 2080
2927 2 2 5 1 852 1744 2581
2928 2 2 5 1 1136 1900 2711
2929 2 2 5 1 2202 872 3393
2930 2 2 5 1 1543 305 2209
2931 2 2 5 1 1451 376 2181
2932 2 2 5 1 2075 1028 2721
2933 2 2 5 1 367 1347 3296
2934 2 2 5 1 1460 331 2023
2935 2 2 5 1 524 1353 2460
2936 2 2 5 1 1979 1261 2590
2937 2 2 5 1 722 1901 2455
2938 2 2 5 1 1461 891 2617
2939 2 2 5 1 991 1704 2706
2940 2 2 5 1 279 1666 2923
2941 2 2 5 1 756 1362 2602
2942 2 2 5 1 1700 230 3192
2943 2 2 5 1 21 1419 3253
2944 2 2 5 1 2370 949 3111
2945 2 2 5 1 373 1527 1884
2946 2 2 5 1 768 1921 3021
2947 2 2 5 1 1724 1049 2322
2948 2 2 5 1 1470 578 3250
2949 2 2 5 1 1730 1255 2729
2950 2 2 5 1 544 1369 3366
2951 2 2 5 1 750 2022 2840
2952 2 2 5 1 1449 702 2837
2953 2 2 5 1 336 1437 2212
2954 2 2 5 1 374 1479 2097
2955 2 2 5 1 1599 864 2595
2956 2 2 5 1 968 1805 2870
2957 2 2 5 1 1468 372 2158
2958 2 2 5 1 2359 1289 3013
2959 2 2 5 1 248 1358 2550
2960 2 2 5 1 986 1454 2368
2961 2 2 5 1 179 1461 2617
2962 2 2 5 1 683 1836 2261
2963 2 2 5 1 1111 2023 3118
2964 2 2 5 1 1438 276 3112
2965 2 2 5 1 2013 1089 2660
2966 2 2 5 1 1480 2053 2758
2967 2 2 5 1 654 1555 3164
2968 2 2 5 1 2349 678 2727
2969 2 2 5 1 1511 611 1894
2970 2 2 5 1 1871 525 2325
2971 2 2 5 1 972 1871 2325
2972 2 2 5 1 470 1588 3133
2973 2 2 5 1 1588 1078 3133
2974 2 2 5 1 276 1386 2196
2975 2 2 5 1 1021 1895 2209
2976 2 2 5 1 352 1979 2590
2977 2 2 5 1 1900 659 2711
2978 2 2 5 1 1069 2413 3293
2979 2 2 5 1 1882 340 3286
2980 2 2 5 1 1460 940 2944
2981 2 2 5 1 331 1460 2944
2982 2 2 5 1 1744 852 1969
2983 2 2 5 1 755 1744 1969
2984 2 2 5 1 1367 915 2701
2985 2 2 5 1 2337 419 2602
2986 2 2 5 1 1362 2337 2602
2987 2 2 5 1 740 1951 2234
2988 2 2 5 1 1486 845 3473
2989 2 2 5 1 1386 276 2826
2990 2 2 5 1 1076 2076 3411
2991 2 2 5 1 1427 710 2691
2992 2 2 5 1 2026 1207 2615
2993 2 2 5 1 749 2026 2615
2994 2 2 5 1 1422 538 2640
2995 2 2 5 1 2951 1625 3328
2996 2 2 5 1 435 1420 2930
2997 2 2 5 1 2872 1372 3116
2998 2 2 5 1 1730 353 3459
2999 2 2 5 1 846 1422 2640
3000 2 2 5 1 2076 1450 3411
3001 2 2 5 1 290 1729 2866
3002 2 2 5 1 1452 149 2601
3003 2 2 5 1 1391 925 2277
3004 2 2 5 1 777 1369 2578
3005 2 2 5 1 2292 430 2790
3006 2 2 5 1 1523 1314 2457
3007 2 2 5 1 772 1630 2249
3008 2 2 5 1 1050 2357 2726
3009 2 2 5 1 389 1383 2829
3010 2 2 5 1 1973 367 2509
3011 2 2 5 1 1414 719 2090
3012 2 2 5 1 1270 2853 2994
3013 2 2 5 1 2492 1159 2715
3014 2 2 5 1 309 1470 2266
3015 2 2 5 1 1371 542 2416
3016 2 2 5 1 156 157 1830
3017 2 2 5 1 424 1414 2090
3018 2 2 5 1 172 1744 2332
3019 2 2 5 1 736 1426 2139
3020 2 2 5 1 1426 626 2139
3021 2 2 5 1 1555 365 2898
3022 2 2 5 1 2396 1568 2636
3023 2 2 5 1 781 1371 2695
3024 2 2 5 1 1418 44 2915
3025 2 2 5 1 1562 268 2553
3026 2 2 5 1 1372 878 2448
3027 2 2 5 1 698 1537 3211
3028 2 2 5 1 2049 425 2220
3029 2 2 5 1 124 125 3081
3030 2 2 5 1 730 1712 2141
3031 2 2 5 1 1585 444 1951
3032 2 2 5 1 740 1585 1951
3033 2 2 5 1 855 1669 2029
3034 2 2 5 1 1884 714 2043
3035 2 2 5 1 1406 2068 3429
3036 2 2 5 1 2678 547 3244
3037 2 2 5 1 2298 785 2891
3038 2 2 5 1 1817 1146 3281
3039 2 2 5 1 499 1454 3402
3040 2 2 5 1 555 1412 3080
3041 2 2 5 1 473 1550 1895
3042 2 2 5 1 1550 749 1895
3043 2 2 5 1 1545 35 1913
3044 2 2 5 1 2068 711 3429
3045 2 2 5 1 2497 1446 2882
3046 2 2 5 1 579 1459 3376
3047 2 2 5 1 1869 585 3403
3048 2 2 5 1 1500 708 2057
3049 2 2 5 1 1117 1434 3204
3050 2 2 5 1 1530 407 2048
3051 2 2 5 1 1537 698 3137
3052 2 2 5 1 86 87 2161
3053 2 2 5 1 466 2335 2434
3054 2 2 5 1 1976 471 2596
3055 2 2 5 1 675 1374 3187
3056 2 2 5 1 2254 1238 3368
3057 2 2 5 1 1070 1471 3367
3058 2 2 5 1 2274 232 2618
3059 2 2 5 1 863 1812 2679
3060 2 2 5 1 530 1363 2441
3061 2 2 5 1 2514 741 3318
3062 2 2 5 1 1667 650 1808
3063 2 2 5 1 1107 2168 2285
3064 2 2 5 1 1565 980 2450
3065 2 2 5 1 1814 1137 3185
3066 2 2 5 1 1423 29 3026
3067 2 2 5 1 310 1924 2630
3068 2 2 5 1 956 1542 2906
3069 2 2 5 1 335 1473 3295
3070 2 2 5 1 1610 654 3164
3071 2 2 5 1 2256 968 2897
3072 2 2 5 1 668 1834 2740
3073 2 2 5 1 1434 705 2320
3074 2 2 5 1 1402 1228 2287
3075 2 2 5 1 348 1427 3355
3076 2 2 5 1 2239 1263 3234
3077 2 2 5 1 1550 593 2026
3078 2 2 5 1 749 1550 2026
3079 2 2 5 1 21 22 2642
3080 2 2 5 1 460 2471 3088
3081 2 2 5 1 1409 1023 3152
3082 2 2 5 1 170 1385 2535
3083 2 2 5 1 1094 2000 2366
3084 2 2 5 1 611 1511 2989
3085 2 2 5 1 1477 723 2034
3086 2 2 5 1 401 1477 3015
3087 2 2 5 1 1349 2330 2848
3088 2 2 5 1 1516 603 2785
3089 2 2 5 1 603 1517 2785
3090 2 2 5 1 156 1830 3241
3091 2 2 5 1 1383 518 2386
3092 2 2 5 1 1526 677 2566
3093 2 2 5 1 1091 2786 2941
3094 2 2 5 1 738 1527 2326
3095 2 2 5 1 1431 327 2081
3096 2 2 5 1 1369 319 2578
3097 2 2 5 1 1102 2030 3307
3098 2 2 5 1 899 1490 3042
3099 2 2 5 1 885 2035 2536
3100 2 2 5 1 1120 2167 2512
3101 2 2 5 1 162 163 1774
3102 2 2 5 1 754 1460 2023
3103 2 2 5 1 318 1412 2250
3104 2 2 5 1 1126 1973 2509
3105 2 2 5 1 233 234 2069
3106 2 2 5 1 1600 306 2992
3107 2 2 5 1 1016 1600 2992
3108 2 2 5 1 2344 922 2937
3109 2 2 5 1 1710 904 2749
3110 2 2 5 1 1638 381 2407
3111 2 2 5 1 1657 629 2350
3112 2 2 5 1 741 2018 3318
3113 2 2 5 1 1483 710 2028
3114 2 2 5 1 1789 1017 3066
3115 2 2 5 1 920 2565 3018
3116 2 2 5 1 1689 762 1991
3117 2 2 5 1 1395 432 2764
3118 2 2 5 1 330 1892 2841
3119 2 2 5 1 1703 946 2782
3120 2 2 5 1 670 1613 3468
3121 2 2 5 1 1668 1084 2306
3122 2 2 5 1 888 1984 2108
3123 2 2 5 1 286 2240 3058
3124 2 2 5 1 813 1640 2364
3125 2 2 5 1 1017 1639 3059
3126 2 2 5 1 1902 1248 3318
3127 2 2 5 1 2330 522 2848
3128 2 2 5 1 1604 2459 2977
3129 2 2 5 1 629 1658 2350
3130 2 2 5 1 464 1622 2438
3131 2 2 5 1 1622 866 2438
3132 2 2 5 1 919 1689 1991
3133 2 2 5 1 1591 467 2543
3134 2 2 5 1 709 1475 2297
3135 2 2 5 1 1004 1841 3079
3136 2 2 5 1 2168 382 2285
3137 2 2 5 1 1853 948 2303
3138 2 2 5 1 2887 886 3157
3139 2 2 5 1 818 1784 2206
3140 2 2 5 1 724 1853 2303
3141 2 2 5 1 606 1415 2138
3142 2 2 5 1 689 1392 3393
3143 2 2 5 1 766 2168 2959
3144 2 2 5 1 1500 888 2260
3145 2 2 5 1 405 1760 2083
3146 2 2 5 1 445 1517 2473
3147 2 2 5 1 1747 1012 2206
3148 2 2 5 1 1472 297 2183
3149 2 2 5 1 756 1472 2183
3150 2 2 5 1 719 1440 2090
3151 2 2 5 1 2360 1653 3469
3152 2 2 5 1 1835 780 2123
3153 2 2 5 1 1487 288 2056
3154 2 2 5 1 734 1487 2056
3155 2 2 5 1 1924 310 2493
3156 2 2 5 1 1045 1924 2493
3157 2 2 5 1 1465 745 3416
3158 2 2 5 1 1412 318 3102
3159 2 2 5 1 1880 1160 3132
3160 2 2 5 1 1697 712 2082
3161 2 2 5 1 486 1898 1962
3162 2 2 5 1 1971 1168 3431
3163 2 2 5 1 3325 544 3366
3164 2 2 5 1 1401 1868 2971
3165 2 2 5 1 2329 497 2523
3166 2 2 5 1 1438 709 2160
3167 2 2 5 1 1507 913 2952
3168 2 2 5 1 2392 968 2870
3169 2 2 5 1 441 1936 2896
3170 2 2 5 1 2535 1385 2719
3171 2 2 5 1 538 1422 2799
3172 2 2 5 1 566 1477 2034
3173 2 2 5 1 798 2201 3386
3174 2 2 5 1 171 172 2332
3175 2 2 5 1 1962 847 2426
3176 2 2 5 1 775 1389 2484
3177 2 2 5 1 1011 2535 2719
3178 2 2 5 1 483 2003 2565
3179 2 2 5 1 1398 873 2754
3180 2 2 5 1 189 1482 2001
3181 2 2 5 1 1451 2181 2624
3182 2 2 5 1 1415 623 2717
3183 2 2 5 1 1684 380 2515
3184 2 2 5 1 1389 381 2484
3185 2 2 5 1 820 1663 2403
3186 2 2 5 1 2343 648 3052
3187 2 2 5 1 421 1726 2192
3188 2 2 5 1 1442 586 3208
3189 2 2 5 1 1014 1532 2179
3190 2 2 5 1 2003 1138 2565
3191 2 2 5 1 1390 322 2741
3192 2 2 5 1 1535 440 2187
3193 2 2 5 1 2604 1572 3181
3194 2 2 5 1 1483 570 2440
3195 2 2 5 1 1044 1997 2598
3196 2 2 5 1 176 177 1978
3197 2 2 5 1 935 2048 2153
3198 2 2 5 1 1478 390 2357
3199 2 2 5 1 788 1478 2357
3200 2 2 5 1 1807 761 2226
3201 2 2 5 1 624 1730 2729
3202 2 2 5 1 511 2872 3116
3203 2 2 5 1 1759 2408 2686
3204 2 2 5 1 200 201 2546
3205 2 2 5 1 705 1434 2131
3206 2 2 5 1 1547 611 2989
3207 2 2 5 1 1534 804 2402
3208 2 2 5 1 711 1497 2281
3209 2 2 5 1 1297 2500 2725
3210 2 2 5 1 1800 960 2447
3211 2 2 5 1 437 1800 2447
3212 2 2 5 1 1674 1426 3138
3213 2 2 5 1 997 1647 2860
3214 2 2 5 1 1647 332 2860
3215 2 2 5 1 817 2286 2802
3216 2 2 5 1 1627 978 2815
3217 2 2 5 1 362 1627 2815
3218 2 2 5 1 742 1453 2093
3219 2 2 5 1 407 1433 2153
3220 2 2 5 1 412 2350 2909
3221 2 2 5 1 1610 404 1893
3222 2 2 5 1 922 1609 2824
3223 2 2 5 1 371 1499 2002
3224 2 2 5 1 769 1848 2098
3225 2 2 5 1 2922 1026 3262
3226 2 2 5 1 1426 736 2178
3227 2 2 5 1 1467 583 3337
3228 2 2 5 1 2023 331 3118
3229 2 2 5 1 1898 847 1962
3230 2 2 5 1 2324 664 2981
3231 2 2 5 1 1431 725 2189
3232 2 2 5 1 1270 2742 3483
3233 2 2 5 1 1883 897 2163
3234 2 2 5 1 1119 1907 2704
3235 2 2 5 1 1125 1710 2028
3236 2 2 5 1 2051 1693 2992
3237 2 2 5 1 1062 1708 2532
3238 2 2 5 1 1490 899 2632
3239 2 2 5 1 948 1655 2999
3240 2 2 5 1 1544 356 1948
3241 2 2 5 1 1950 479 2599
3242 2 2 5 1 1413 791 2267
3243 2 2 5 1 1284 2017 2944
3244 2 2 5 1 2017 331 2944
3245 2 2 5 1 1802 1215 2440
3246 2 2 5 1 108 1952 2948
3247 2 2 5 1 1648 628 3040
3248 2 2 5 1 2198 757 3379
3249 2 2 5 1 1184 2096 3289
3250 2 2 5 1 145 146 1751
3251 2 2 5 1 1716 2861 2995
3252 2 2 5 1 1524 74 2609
3253 2 2 5 1 89 1525 2610
3254 2 2 5 1 941 2598 3085
3255 2 2 5 1 610 1988 2451
3256 2 2 5 1 1988 1064 2451
3257 2 2 5 1 520 1839 1844
3258 2 2 5 1 1839 860 1844
3259 2 2 5 1 619 1737 2718
3260 2 2 5 1 991 2354 3199
3261 2 2 5 1 1533 648 1968
3262 2 2 5 1 805 1604 1893
3263 2 2 5 1 1013 1589 3214
3264 2 2 5 1 2000 449 2366
3265 2 2 5 1 1406 902 2714
3266 2 2 5 1 1907 447 2704
3267 2 2 5 1 235 1490 2632
3268 2 2 5 1 1427 565 2294
3269 2 2 5 1 868 1591 2543
3270 2 2 5 1 641 1680 2715
3271 2 2 5 1 184 1649 1958
3272 2 2 5 1 1537 2237 2917
3273 2 2 5 1 411 2347 2847
3274 2 2 5 1 1710 406 2028
3275 2 2 5 1 1661 2236 3233
3276 2 2 5 1 825 1484 2427
3277 2 2 5 1 1484 164 2427
3278 2 2 5 1 327 1431 3075
3279 2 2 5 1 422 1475 2789
3280 2 2 5 1 1678 477 3064
3281 2 2 5 1 1440 374 2176
3282 2 2 5 1 1571 806 2400
3283 2 2 5 1 2510 941 2647
3284 2 2 5 1 1098 1700 3192
3285 2 2 5 1 1416 839 2731
3286 2 2 5 1 515 1416 2731
3287 2 2 5 1 438 2066 2608
3288 2 2 5 1 1423 3026 3320
3289 2 2 5 1 2572 121 3069
3290 2 2 5 1 2836 1282 3298
3291 2 2 5 1 709 1438 3112
3292 2 2 5 1 476 2278 2812
3293 2 2 5 1 662 2185 2331
3294 2 2 5 1 1073 1491 2434
3295 2 2 5 1 932 1404 2394
3296 2 2 5 1 281 1883 2163
3297 2 2 5 1 2286 1292 2802
3298 2 2 5 1 1252 2065 2818
3299 2 2 5 1 496 2156 3148
3300 2 2 5 1 535 2403 3227
3301 2 2 5 1 1439 645 3256
3302 2 2 5 1 786 1399 2856
3303 2 2 5 1 223 1689 2643
3304 2 2 5 1 733 1440 2176
3305 2 2 5 1 1488 435 2930
3306 2 2 5 1 477 1678 2626
3307 2 2 5 1 1678 954 2626
3308 2 2 5 1 406 1483 2028
3309 2 2 5 1 931 1716 2995
3310 2 2 5 1 267 1511 3278
3311 2 2 5 1 589 1405 2753
3312 2 2 5 1 1932 868 2543
3313 2 2 5 1 1060 1932 2543
3314 2 2 5 1 798 2027 2338
3315 2 2 5 1 1830 677 3009
3316 2 2 5 1 1181 1830 3009
3317 2 2 5 1 1855 994 2651
3318 2 2 5 1 1649 747 1958
3319 2 2 5 1 964 1758 2729
3320 2 2 5 1 2500 521 2725
3321 2 2 5 1 819 1418 2621
3322 2 2 5 1 357 2130 3117
3323 2 2 5 1 1600 771 2011
3324 2 2 5 1 306 1600 2011
3325 2 2 5 1 1439 797 2192
3326 2 2 5 1 1475 633 2789
3327 2 2 5 1 2818 2065 3380
3328 2 2 5 1 1889 297 2230
3329 2 2 5 1 128 129 2077
3330 2 2 5 1 1417 892 3201
3331 2 2 5 1 1453 742 3398
3332 2 2 5 1 458 1559 1961
3333 2 2 5 1 1559 725 1961
3334 2 2 5 1 2219 72 2252
3335 2 2 5 1 458 1748 2938
3336 2 2 5 1 1718 299 1999
3337 2 2 5 1 1028 1407 2721
3338 2 2 5 1 1015 1733 2755
3339 2 2 5 1 1516 275 2114
3340 2 2 5 1 2099 3 3453
3341 2 2 5 1 1464 271 3257
3342 2 2 5 1 1416 756 2602
3343 2 2 5 1 2029 785 2067
3344 2 2 5 1 387 1613 2102
3345 2 2 5 1 199 200 2020
3346 2 2 5 1 1818 920 3018
3347 2 2 5 1 1556 1022 2308
3348 2 2 5 1 948 1853 2735
3349 2 2 5 1 1859 810 1985
3350 2 2 5 1 1548 339 2863
3351 2 2 5 1 945 1548 2863
3352 2 2 5 1 2502 1129 2928
3353 2 2 5 1 1715 1444 3074
3354 2 2 5 1 2310 510 3356
3355 2 2 5 1 971 1726 3290
3356 2 2 5 1 2240 1293 3058
3357 2 2 5 1 579 1645 2268
3358 2 2 5 1 439 1406 2544
3359 2 2 5 1 1637 2643 3040
3360 2 2 5 1 598 1532 2005
3361 2 2 5 1 1467 630 2130
3362 2 2 5 1 1031 1459 2479
3363 2 2 5 1 481 1890 2685
3364 2 2 5 1 2724 1065 3370
3365 2 2 5 1 181 182 2323
3366 2 2 5 1 1355 3025 3061
3367 2 2 5 1 409 1456 2184
3368 2 2 5 1 420 1500 2057
3369 2 2 5 1 2529 970 2572
3370 2 2 5 1 1387 2529 2572
3371 2 2 5 1 1418 819 2410
3372 2 2 5 1 1479 701 2097
3373 2 2 5 1 1408 405 3109
3374 2 2 5 1 989 1955 2149
3375 2 2 5 1 2419 798 3386
3376 2 2 5 1 685 1906 3314
3377 2 2 5 1 1624 1124 2101
3378 2 2 5 1 869 1497 3423
3379 2 2 5 1 394 1557 2520
3380 2 2 5 1 946 1703 2294
3381 2 2 5 1 1984 770 2108
3382 2 2 5 1 1659 638 2089
3383 2 2 5 1 924 1577 2743
3384 2 2 5 1 1577 640 2743
3385 2 2 5 1 46 47 1788
3386 2 2 5 1 1491 1073 3438
3387 2 2 5 1 787 1718 1999
3388 2 2 5 1 690 1627 1919
3389 2 2 5 1 214 215 1866
3390 2 2 5 1 277 1455 2199
3391 2 2 5 1 1996 940 2873
3392 2 2 5 1 1230 1996 2873
3393 2 2 5 1 1869 1013 2949
3394 2 2 5 1 1466 23 2198
3395 2 2 5 1 1628 1085 2017
3396 2 2 5 1 1445 476 2233
3397 2 2 5 1 1819 824 2383
3398 2 2 5 1 1387 2572 3069
3399 2 2 5 1 1133 2748 2868
3400 2 2 5 1 1573 1096 3343
3401 2 2 5 1 571 1573 3343
3402 2 2 5 1 2310 1132 2927
3403 2 2 5 1 2143 1157 3277
3404 2 2 5 1 2126 1045 3389
3405 2 2 5 1 1598 1272 2414
3406 2 2 5 1 828 2388 2700
3407 2 2 5 1 2388 1377 2700
3408 2 2 5 1 1466 2198 3379
3409 2 2 5 1 503 1902 3318
3410 2 2 5 1 1026 2327 3262
3411 2 2 5 1 1436 757 2523
3412 2 2 5 1 412 1664 3169
3413 2 2 5 1 2253 1244 3308
3414 2 2 5 1 896 2481 2848
3415 2 2 5 1 1018 2265 2603
3416 2 2 5 1 806 1571 2430
3417 2 2 5 1 1906 1317 3314
3418 2 2 5 1 704 1468 2158
3419 2 2 5 1 1545 1913 2978
3420 2 2 5 1 150 151 2251
3421 2 2 5 1 843 2449 2764
3422 2 2 5 1 1914 808 2128
3423 2 2 5 1 885 1914 2128
3424 2 2 5 1 241 242 1832
3425 2 2 5 1 565 1427 2691
3426 2 2 5 1 268 1596 1994
3427 2 2 5 1 1596 738 1994
3428 2 2 5 1 719 1503 2971
3429 2 2 5 1 2449 1395 2764
3430 2 2 5 1 592 1424 2862
3431 2 2 5 1 1498 384 3030
3432 2 2 5 1 216 217 2086
3433 2 2 5 1 1534 2402 3475
3434 2 2 5 1 409 2184 2456
3435 2 2 5 1 1948 356 3395
3436 2 2 5 1 538 1408 2640
3437 2 2 5 1 1912 450 3315
3438 2 2 5 1 341 1503 2528
3439 2 2 5 1 1769 641 2715
3440 2 2 5 1 1589 1013 3403
3441 2 2 5 1 1494 767 2165
3442 2 2 5 1 196 1494 2165
3443 2 2 5 1 1527 373 2326
3444 2 2 5 1 720 1522 2302
3445 2 2 5 1 1460 754 2296
3446 2 2 5 1 929 2819 3114
3447 2 2 5 1 1521 349 3160
3448 2 2 5 1 1183 2349 2727
3449 2 2 5 1 731 1473 2478
3450 2 2 5 1 2228 929 3114
3451 2 2 5 1 1446 206 2275
3452 2 2 5 1 379 1735 1964
3453 2 2 5 1 1521 720 3134
3454 2 2 5 1 1938 953 2384
3455 2 2 5 1 953 1498 3030
3456 2 2 5 1 410 1497 2769
3457 2 2 5 1 1497 869 2769
3458 2 2 5 1 727 1858 2767
3459 2 2 5 1 276 1438 2826
3460 2 2 5 1 1438 862 2826
3461 2 2 5 1 1555 654 1993
3462 2 2 5 1 1491 383 3404
3463 2 2 5 1 217 1853 2086
3464 2 2 5 1 2182 957 2275
3465 2 2 5 1 713 1614 2334
3466 2 2 5 1 1448 298 3063
3467 2 2 5 1 1567 938 2575
3468 2 2 5 1 1577 349 2652
3469 2 2 5 1 1420 925 2611
3470 2 2 5 1 1813 973 2224
3471 2 2 5 1 1137 1814 3319
3472 2 2 5 1 289 2047 3399
3473 2 2 5 1 1563 713 3077
3474 2 2 5 1 710 1427 2893
3475 2 2 5 1 1506 166 2936
3476 2 2 5 1 1030 1506 2936
3477 2 2 5 1 1545 939 2791
3478 2 2 5 1 1566 818 2391
3479 2 2 5 1 393 1566 2391
3480 2 2 5 1 2450 980 2616
3481 2 2 5 1 461 3067 3207
3482 2 2 5 1 1321 1681 2745
3483 2 2 5 1 383 2477 2967
3484 2 2 5 1 828 1811 2388
3485 2 2 5 1 737 2203 2675
3486 2 2 5 1 1830 1181 3241
3487 2 2 5 1 345 1814 3185
3488 2 2 5 1 432 1618 2159
3489 2 2 5 1 2047 1425 3399
3490 2 2 5 1 394 2387 2605
3491 2 2 5 1 1488 716 2111
3492 2 2 5 1 2360 270 2604
3493 2 2 5 1 890 1428 3150
3494 2 2 5 1 2045 1025 2327
3495 2 2 5 1 429 2045 2327
3496 2 2 5 1 920 1688 2565
3497 2 2 5 1 1676 1212 3491
3498 2 2 5 1 2426 847 2585
3499 2 2 5 1 791 2683 3406
3500 2 2 5 1 1473 731 3295
3501 2 2 5 1 1688 483 2565
3502 2 2 5 1 1422 846 2618
3503 2 2 5 1 489 2193 2339
3504 2 2 5 1 2193 1103 2339
3505 2 2 5 1 1492 587 3463
3506 2 2 5 1 34 1545 2791
3507 2 2 5 1 1455 840 2292
3508 2 2 5 1 2379 795 3346
3509 2 2 5 1 1426 123 3138
3510 2 2 5 1 66 1429 2781
3511 2 2 5 1 1490 236 2738
3512 2 2 5 1 1149 2040 3235
3513 2 2 5 1 2551 1001 2888
3514 2 2 5 1 1631 1155 2845
3515 2 2 5 1 380 1743 1864
3516 2 2 5 1 77 1586 2594
3517 2 2 5 1 3026 1099 3320
3518 2 2 5 1 754 1616 2038
3519 2 2 5 1 1616 609 2038
3520 2 2 5 1 715 1762 2816
3521 2 2 5 1 1447 577 2998
3522 2 2 5 1 1872 52 2014
3523 2 2 5 1 1452 558 3007
3524 2 2 5 1 1697 210 3119
3525 2 2 5 1 286 1606 2240
3526 2 2 5 1 51 52 1872
3527 2 2 5 1 384 1465 3030
3528 2 2 5 1 375 2313 3147
3529 2 2 5 1 2152 1650 2776
3530 2 2 5 1 245 3005 3032
3531 2 2 5 1 1938 2384 3371
3532 2 2 5 1 1675 488 2405
3533 2 2 5 1 857 1675 2405
3534 2 2 5 1 1689 919 2643
3535 2 2 5 1 1603 1302 2929
3536 2 2 5 1 2149 743 3233
3537 2 2 5 1 1571 2400 3461
3538 2 2 5 1 473 1895 2562
3539 2 2 5 1 1895 1021 2562
3540 2 2 5 1 2032 727 2767
3541 2 2 5 1 1613 2803 3468
3542 2 2 5 1 1771 1320 2139
3543 2 2 5 1 492 1880 3132
3544 2 2 5 1 1561 312 2889
3545 2 2 5 1 2853 338 2994
3546 2 2 5 1 773 1488 2396
3547 2 2 5 1 807 2380 3165
3548 2 2 5 1 118 1579 2855
3549 2 2 5 1 197 198 1821
3550 2 2 5 1 559 1487 2935
3551 2 2 5 1 570 1609 2432
3552 2 2 5 1 743 1955 2536
3553 2 2 5 1 2249 1630 3303
3554 2 2 5 1 1620 2908 2991
3555 2 2 5 1 2898 365 3186
3556 2 2 5 1 214 1866 2378
3557 2 2 5 1 1800 572 3046
3558 2 2 5 1 888 1500 2861
3559 2 2 5 1 1500 420 2861
3560 2 2 5 1 1986 497 3021
3561 2 2 5 1 91 2365 2425
3562 2 2 5 1 1693 1035 2698
3563 2 2 5 1 590 1433 2645
3564 2 2 5 1 2074 451 2670
3565 2 2 5 1 1589 287 3214
3566 2 2 5 1 2820 1648 3040
3567 2 2 5 1 1821 3020 3447
3568 2 2 5 1 203 204 1917
3569 2 2 5 1 276 1611 3112
3570 2 2 5 1 1971 700 3232
3571 2 2 5 1 947 1561 2889
3572 2 2 5 1 369 1922 2129
3573 2 2 5 1 1922 935 2129
3574 2 2 5 1 1809 800 2513
3575 2 2 5 1 1609 841 2432
3576 2 2 5 1 1177 2421 3269
3577 2 2 5 1 1946 813 2211
3578 2 2 5 1 376 1635 2181
3579 2 2 5 1 782 1863 1933
3580 2 2 5 1 848 1807 2641
3581 2 2 5 1 1269 1986 3021
3582 2 2 5 1 428 1989 2435
3583 2 2 5 1 56 57 2379
3584 2 2 5 1 573 1790 3047
3585 2 2 5 1 797 1439 3344
3586 2 2 5 1 1787 690 1919
3587 2 2 5 1 782 1787 1919
3588 2 2 5 1 904 1710 2978
3589 2 2 5 1 1087 1904 1987
3590 2 2 5 1 1504 1099 3027
3591 2 2 5 1 35 36 1913
3592 2 2 5 1 891 1461 2991
3593 2 2 5 1 1092 1680 2233
3594 2 2 5 1 779 2881 3128
3595 2 2 5 1 2203 1073 2284
3596 2 2 5 1 307 2203 2284
3597 2 2 5 1 662 1499 2185
3598 2 2 5 1 1640 273 2364
3599 2 2 5 1 1897 1037 2544
3600 2 2 5 1 643 1466 3379
3601 2 2 5 1 493 2507 3216
3602 2 2 5 1 32 1504 3027
3603 2 2 5 1 1019 3190 3249
3604 2 2 5 1 1609 922 2994
3605 2 2 5 1 1485 632 2214
3606 2 2 5 1 888 1716 1984
3607 2 2 5 1 1531 562 2857
3608 2 2 5 1 844 1441 2600
3609 2 2 5 1 414 1785 3187
3610 2 2 5 1 380 1684 2058
3611 2 2 5 1 2123 780 2435
3612 2 2 5 1 1480 602 2969
3613 2 2 5 1 903 1480 2969
3614 2 2 5 1 721 1621 3278
3615 2 2 5 1 1444 778 2737
3616 2 2 5 1 1684 774 2058
3617 2 2 5 1 1609 570 2824
3618 2 2 5 1 269 1449 2837
3619 2 2 5 1 1461 580 2991
3620 2 2 5 1 227 228 1906
3621 2 2 5 1 1746 908 2441
3622 2 2 5 1 173 174 2581
3623 2 2 5 1 1606 644 2635
3624 2 2 5 1 1560 2910 3397
3625 2 2 5 1 1462 795 2379
3626 2 2 5 1 749 1543 2209
3627 2 2 5 1 586 1456 2888
3628 2 2 5 1 1793 285 2852
3629 2 2 5 1 2007 1769 3182
3630 2 2 5 1 488 1797 2667
3631 2 2 5 1 2910 1022 3397
3632 2 2 5 1 299 1718 2489
3633 2 2 5 1 1475 422 2297
3634 2 2 5 1 1451 567 2631
3635 2 2 5 1 815 1451 2631
3636 2 2 5 1 2338 2027 3225
3637 2 2 5 1 835 1552 2078
3638 2 2 5 1 1827 1070 3367
3639 2 2 5 1 340 1532 3304
3640 2 2 5 1 1532 1014 3304
3641 2 2 5 1 1742 706 2879
3642 2 2 5 1 889 2497 2882
3643 2 2 5 1 397 1556 2308
3644 2 2 5 1 1818 269 3151
3645 2 2 5 1 410 1583 2044
3646 2 2 5 1 681 1456 2483
3647 2 2 5 1 701 1535 2187
3648 2 2 5 1 1575 1232 2779
3649 2 2 5 1 746 2104 2958
3650 2 2 5 1 2999 1655 3356
3651 2 2 5 1 794 2089 2849
3652 2 2 5 1 640 1457 3049
3653 2 2 5 1 3074 1444 3385
3654 2 2 5 1 644 1619 2635
3655 2 2 5 1 552 1571 3475
3656 2 2 5 1 1571 1110 3475
3657 2 2 5 1 1615 1877 2561
3658 2 2 5 1 857 1533 2663
3659 2 2 5 1 1533 403 2663
3660 2 2 5 1 805 1448 3063
3661 2 2 5 1 180 181 1918
3662 2 2 5 1 1845 1177 2504
3663 2 2 5 1 314 1845 2504
3664 2 2 5 1 148 1452 2570
3665 2 2 5 1 942 1694 2290
3666 2 2 5 1 2499 808 3124
3667 2 2 5 1 423 1584 2175
3668 2 2 5 1 2322 1740 3465
3669 2 2 5 1 2110 766 2959
3670 2 2 5 1 110 111 1901
3671 2 2 5 1 2413 1069 3396
3672 2 2 5 1 664 1542 2180
3673 2 2 5 1 1453 700 3151
3674 2 2 5 1 1294 2569 3414
3675 2 2 5 1 1897 2544 3429
3676 2 2 5 1 2057 1327 2908
3677 2 2 5 1 1647 3028 3110
3678 2 2 5 1 840 1455 2775
3679 2 2 5 1 1455 277 2775
3680 2 2 5 1 2429 1009 3177
3681 2 2 5 1 1961 725 2081
3682 2 2 5 1 1058 1595 3325
3683 2 2 5 1 430 2292 3126
3684 2 2 5 1 48 49 1926
3685 2 2 5 1 1637 222 2643
3686 2 2 5 1 2171 1295 2874
3687 2 2 5 1 393 1496 2505
3688 2 2 5 1 961 2608 2900
3689 2 2 5 1 667 1455 2790
3690 2 2 5 1 630 1472 3448
3691 2 2 5 1 526 2171 2874
3692 2 2 5 1 909 1672 2120
3693 2 2 5 1 1672 593 2120
3694 2 2 5 1 263 2359 2533
3695 2 2 5 1 2359 1245 2533
3696 2 2 5 1 3025 1033 3061
3697 2 2 5 1 254 1542 2105
3698 2 2 5 1 211 212 2010
3699 2 2 5 1 3020 1003 3447
3700 2 2 5 1 1542 956 2180
3701 2 2 5 1 1448 1972 3143
3702 2 2 5 1 632 1700 3167
3703 2 2 5 1 1026 2092 2327
3704 2 2 5 1 2092 429 2327
3705 2 2 5 1 1806 403 3029
3706 2 2 5 1 312 1561 2096
3707 2 2 5 1 1723 741 2118
3708 2 2 5 1 364 1654 2346
3709 2 2 5 1 851 1857 2768
3710 2 2 5 1 1851 1409 3152
3711 2 2 5 1 1990 461 3207
3712 2 2 5 1 1626 634 2022
3713 2 2 5 1 64 65 2694
3714 2 2 5 1 296 1808 2293
3715 2 2 5 1 1595 544 3325
3716 2 2 5 1 938 1567 3136
3717 2 2 5 1 1514 379 3357
3718 2 2 5 1 2610 1525 3047
3719 2 2 5 1 1524 2609 3046
3720 2 2 5 1 696 1463 2817
3721 2 2 5 1 1497 410 2281
3722 2 2 5 1 833 1649 2393
3723 2 2 5 1 1649 185 2393
3724 2 2 5 1 69 1712 3141
3725 2 2 5 1 79 2355 2436
3726 2 2 5 1 2539 280 3229
3727 2 2 5 1 1700 1098 3167
3728 2 2 5 1 435 1488 2382
3729 2 2 5 1 1633 646 2556
3730 2 2 5 1 865 1633 2556
3731 2 2 5 1 978 1627 2254
3732 2 2 5 1 241 1832 2243
3733 2 2 5 1 1695 332 3110
3734 2 2 5 1 1499 801 2805
3735 2 2 5 1 1489 493 3216
3736 2 2 5 1 1645 788 2268
3737 2 2 5 1 799 1872 2014
3738 2 2 5 1 210 211 3119
3739 2 2 5 1 1514 631 2238
3740 2 2 5 1 1582 335 3295
3741 2 2 5 1 1538 498 2194
3742 2 2 5 1 1465 555 3391
3743 2 2 5 1 67 68 1977
3744 2 2 5 1 1680 350 2715
3745 2 2 5 1 1724 3411 3439
3746 2 2 5 1 2798 1793 2852
3747 2 2 5 1 578 1470 3101
3748 2 2 5 1 581 1513 2249
3749 2 2 5 1 1608 2314 3373
3750 2 2 5 1 907 1513 2962
3751 2 2 5 1 1513 581 2962
3752 2 2 5 1 458 2938 3466
3753 2 2 5 1 1488 773 2382
3754 2 2 5 1 2918 1031 3114
3755 2 2 5 1 96 97 2304
3756 2 2 5 1 970 1681 3001
3757 2 2 5 1 2328 794 2849
3758 2 2 5 1 447 2174 2704
3759 2 2 5 1 1470 309 3084
3760 2 2 5 1 1811 828 2143
3761 2 2 5 1 549 1811 2143
3762 2 2 5 1 1629 192 2154
3763 2 2 5 1 795 1462 2624
3764 2 2 5 1 390 1908 2726
3765 2 2 5 1 2402 552 3475
3766 2 2 5 1 1727 1006 2185
3767 2 2 5 1 2584 752 2777
3768 2 2 5 1 292 1854 2191
3769 2 2 5 1 575 1539 2358
3770 2 2 5 1 287 1493 3214
3771 2 2 5 1 1110 1534 3475
3772 2 2 5 1 742 1549 3398
3773 2 2 5 1 875 1691 2171
3774 2 2 5 1 1092 2233 2812
3775 2 2 5 1 1278 1584 2470
3776 2 2 5 1 1854 854 2191
3777 2 2 5 1 1804 707 2039
3778 2 2 5 1 1865 1280 3408
3779 2 2 5 1 358 1865 3408
3780 2 2 5 1 1462 567 2624
3781 2 2 5 1 580 1461 3338
3782 2 2 5 1 695 1709 2838
3783 2 2 5 1 852 1512 2730
3784 2 2 5 1 1512 556 2730
3785 2 2 5 1 1679 895 2586
3786 2 2 5 1 657 1679 2586
3787 2 2 5 1 718 1763 2760
3788 2 2 5 1 1725 739 2117
3789 2 2 5 1 581 1471 2962
3790 2 2 5 1 1096 1770 3417
3791 2 2 5 1 796 1740 2322
3792 2 2 5 1 1485 2214 3392
3793 2 2 5 1 1661 743 2035
3794 2 2 5 1 2477 1285 2967
3795 2 2 5 1 1654 826 2346
3796 2 2 5 1 192 193 2154
3797 2 2 5 1 1481 277 2424
3798 2 2 5 1 73 1524 2252
3799 2 2 5 1 1017 1789 2859
3800 2 2 5 1 1943 724 2303
3801 2 2 5 1 800 2208 2834
3802 2 2 5 1 1970 671 3002
3803 2 2 5 1 752 1985 2777
3804 2 2 5 1 890 2061 2474
3805 2 2 5 1 399 1518 2746
3806 2 2 5 1 1518 856 2746
3807 2 2 5 1 726 1651 2084
3808 2 2 5 1 1766 809 2145
3809 2 2 5 1 535 1766 2145
3810 2 2 5 1 1571 552 2430
3811 2 2 5 1 1414 1828 2528
3812 2 2 5 1 601 1468 2773
3813 2 2 5 1 1473 545 2478
3814 2 2 5 1 561 1523 2457
3815 2 2 5 1 710 1483 2440
3816 2 2 5 1 702 1765 2002
3817 2 2 5 1 1532 340 3258
3818 2 2 5 1 1476 814 2546
3819 2 2 5 1 442 1463 3248
3820 2 2 5 1 263 2476 2627
3821 2 2 5 1 778 1589 2279
3822 2 2 5 1 187 188 3130
3823 2 2 5 1 1479 656 2463
3824 2 2 5 1 1505 263 2533
3825 2 2 5 1 802 1505 2533
3826 2 2 5 1 1589 585 2279
3827 2 2 5 1 2276 315 2548
3828 2 2 5 1 1713 296 2293
3829 2 2 5 1 832 1713 2293
3830 2 2 5 1 459 1683 2634
3831 2 2 5 1 1486 424 2751
3832 2 2 5 1 845 1486 2751
3833 2 2 5 1 2608 1346 2900
3834 2 2 5 1 159 1474 2696
3835 2 2 5 1 1490 838 2406
3836 2 2 5 1 1629 686 2482
3837 2 2 5 1 883 1629 2482
3838 2 2 5 1 2984 1101 3432
3839 2 2 5 1 1884 2043 3363
3840 2 2 5 1 1917 889 2301
3841 2 2 5 1 921 1917 2301
3842 2 2 5 1 1478 781 2695
3843 2 2 5 1 398 1567 2575
3844 2 2 5 1 1768 662 3003
3845 2 2 5 1 838 1490 2738
3846 2 2 5 1 553 1598 2882
3847 2 2 5 1 1537 375 2237
3848 2 2 5 1 1509 327 3075
3849 2 2 5 1 931 1509 3075
3850 2 2 5 1 1593 816 2502
3851 2 2 5 1 1001 1995 2888
3852 2 2 5 1 498 1538 3490
3853 2 2 5 1 38 1676 3491
3854 2 2 5 1 2223 779 3128
3855 2 2 5 1 1883 735 1959
3856 2 2 5 1 1530 616 2264
3857 2 2 5 1 1629 883 2684
3858 2 2 5 1 191 1629 2684
3859 2 2 5 1 411 1991 2347
3860 2 2 5 1 357 1841 3024
3861 2 2 5 1 1669 299 2029
3862 2 2 5 1 1812 744 2188
3863 2 2 5 1 829 1474 2574
3864 2 2 5 1 1866 879 2378
3865 2 2 5 1 2976 1004 3079
3866 2 2 5 1 1067 1641 2047
3867 2 2 5 1 1903 1481 2784
3868 2 2 5 1 2313 1290 3147
3869 2 2 5 1 268 1994 2553
3870 2 2 5 1 1116 2280 2353
3871 2 2 5 1 2280 771 2353
3872 2 2 5 1 25 26 1916
3873 2 2 5 1 1471 272 2723
3874 2 2 5 1 1522 430 2302
3875 2 2 5 1 1472 756 2771
3876 2 2 5 1 42 43 1957
3877 2 2 5 1 1666 937 2923
3878 2 2 5 1 300 1607 2098
3879 2 2 5 1 645 1789 3066
3880 2 2 5 1 1509 580 3249
3881 2 2 5 1 1763 718 2133
3882 2 2 5 1 75 76 1960
3883 2 2 5 1 413 1661 2035
3884 2 2 5 1 826 1515 2346
3885 2 2 5 1 758 1523 2558
3886 2 2 5 1 1481 604 2784
3887 2 2 5 1 1474 829 2648
3888 2 2 5 1 897 1883 1959
3889 2 2 5 1 734 1650 2467
3890 2 2 5 1 2196 1486 3473
3891 2 2 5 1 1213 2219 2620
3892 2 2 5 1 2219 929 2620
3893 2 2 5 1 1348 2531 2731
3894 2 2 5 1 1358 2259 3132
3895 2 2 5 1 903 2592 2710
3896 2 2 5 1 1749 764 1965
3897 2 2 5 1 1790 438 2608
3898 2 2 5 1 961 1790 2608
3899 2 2 5 1 1613 713 2102
3900 2 2 5 1 598 1585 2560
3901 2 2 5 1 599 1682 2429
3902 2 2 5 1 1164 1676 3446
3903 2 2 5 1 977 1858 3383
3904 2 2 5 1 1832 842 2243
3905 2 2 5 1 1496 833 2703
3906 2 2 5 1 543 1496 2703
3907 2 2 5 1 714 1662 2043
3908 2 2 5 1 10 1551 3096
3909 2 2 5 1 2021 414 3187
3910 2 2 5 1 1560 41 2910
3911 2 2 5 1 747 1899 2375
3912 2 2 5 1 390 1478 2695
3913 2 2 5 1 1652 1217 2339
3914 2 2 5 1 356 1544 2499
3915 2 2 5 1 1544 808 2499
3916 2 2 5 1 1566 575 2358
3917 2 2 5 1 1764 1250 2773
3918 2 2 5 1 549 2143 3277
3919 2 2 5 1 2643 919 3040
3920 2 2 5 1 2443 1386 2826
3921 2 2 5 1 862 2443 2826
3922 2 2 5 1 547 1543 2615
3923 2 2 5 1 1724 1076 3411
3924 2 2 5 1 1481 840 2775
3925 2 2 5 1 277 1481 2775
3926 2 2 5 1 1339 2104 2288
3927 2 2 5 1 1716 504 1984
3928 2 2 5 1 2124 800 2834
3929 2 2 5 1 1676 39 3446
3930 2 2 5 1 2253 505 3131
3931 2 2 5 1 2531 515 2731
3932 2 2 5 1 1932 1060 2656
3933 2 2 5 1 697 2266 3250
3934 2 2 5 1 269 2093 3151
3935 2 2 5 1 1501 1032 2907
3936 2 2 5 1 1950 1413 3185
3937 2 2 5 1 68 69 3141
3938 2 2 5 1 1666 715 2059
3939 2 2 5 1 780 1539 2420
3940 2 2 5 1 1539 575 2420
3941 2 2 5 1 570 1483 2824
3942 2 2 5 1 803 1705 2460
3943 2 2 5 1 1803 107 2948
3944 2 2 5 1 1814 649 3319
3945 2 2 5 1 887 1495 3004
3946 2 2 5 1 591 3074 3385
3947 2 2 5 1 1495 582 3004
3948 2 2 5 1 1881 1109 2950
3949 2 2 5 1 806 1827 2399
3950 2 2 5 1 733 2051 2052
3951 2 2 5 1 2051 959 2052
3952 2 2 5 1 1888 892 1981
3953 2 2 5 1 253 2105 3094
3954 2 2 5 1 1487 734 2935
3955 2 2 5 1 527 1574 2905
3956 2 2 5 1 1513 369 3326
3957 2 2 5 1 760 1732 2687
3958 2 2 5 1 2269 460 3088
3959 2 2 5 1 2908 891 2991
3960 2 2 5 1 386 2064 2951
3961 2 2 5 1 2356 1170 3182
3962 2 2 5 1 1104 1958 3207
3963 2 2 5 1 1507 620 3073
3964 2 2 5 1 3005 1310 3032
3965 2 2 5 1 104 105 2016
3966 2 2 5 1 1803 676 2008
3967 2 2 5 1 1663 820 2389
3968 2 2 5 1 302 1663 2389
3969 2 2 5 1 1729 639 2866
3970 2 2 5 1 545 1888 1981
3971 2 2 5 1 478 1931 1965
3972 2 2 5 1 439 2179 2823
3973 2 2 5 1 2179 1247 2823
3974 2 2 5 1 1496 543 2964
3975 2 2 5 1 1958 1104 3309
3976 2 2 5 1 1695 562 2036
3977 2 2 5 1 1196 1695 2036
3978 2 2 5 1 1512 174 2926
3979 2 2 5 1 1563 418 2374
3980 2 2 5 1 783 1563 2374
3981 2 2 5 1 662 1842 3003
3982 2 2 5 1 1608 598 2560
3983 2 2 5 1 146 147 2075
3984 2 2 5 1 1620 420 2908
3985 2 2 5 1 1616 754 2173
3986 2 2 5 1 741 1644 2498
3987 2 2 5 1 206 207 2275
3988 2 2 5 1 1558 401 2258
3989 2 2 5 1 2266 1470 3250
3990 2 2 5 1 398 1593 2502
3991 2 2 5 1 913 1507 3073
3992 2 2 5 1 1487 559 2706
3993 2 2 5 1 929 2219 2252
3994 2 2 5 1 1503 719 2528
3995 2 2 5 1 313 2146 2897
3996 2 2 5 1 1551 1156 3096
3997 2 2 5 1 794 1659 2089
3998 2 2 5 1 1883 281 3236
3999 2 2 5 1 1942 983 3012
4000 2 2 5 1 1506 1030 3275
4001 2 2 5 1 1525 90 2425
4002 2 2 5 1 406 1710 2749
4003 2 2 5 1 771 1600 2353
4004 2 2 5 1 36 37 2417
4005 2 2 5 1 1834 668 3302
4006 2 2 5 1 825 1506 2525
4007 2 2 5 1 2202 1392 3188
4008 2 2 5 1 489 2202 3188
4009 2 2 5 1 716 1488 2930
4010 2 2 5 1 1151 2324 2981
4011 2 2 5 1 1574 923 2905
4012 2 2 5 1 1909 1034 2034
4013 2 2 5 1 1540 795 3360
4014 2 2 5 1 2314 274 2827
4015 2 2 5 1 845 1643 2112
4016 2 2 5 1 392 1702 2040
4017 2 2 5 1 107 108 2948
4018 2 2 5 1 1863 758 1933
4019 2 2 5 1 855 2107 2238
4020 2 2 5 1 762 1668 2306
4021 2 2 5 1 1299 2253 3131
4022 2 2 5 1 839 2046 2564
4023 2 2 5 1 899 1783 2799
4024 2 2 5 1 43 44 2410
4025 2 2 5 1 563 1502 3237
4026 2 2 5 1 435 1553 2277
4027 2 2 5 1 2032 364 2346
4028 2 2 5 1 1664 2180 3169
4029 2 2 5 1 298 1773 2459
4030 2 2 5 1 1773 872 2459
4031 2 2 5 1 1138 2003 3424
4032 2 2 5 1 72 73 2252
4033 2 2 5 1 465 1692 2675
4034 2 2 5 1 1503 576 2971
4035 2 2 5 1 48 1926 2892
4036 2 2 5 1 720 1521 3160
4037 2 2 5 1 2060 896 2848
4038 2 2 5 1 1141 1738 2291
4039 2 2 5 1 1623 554 3086
4040 2 2 5 1 2211 813 2363
4041 2 2 5 1 2250 1412 3416
4042 2 2 5 1 474 1616 2173
4043 2 2 5 1 926 1861 2166
4044 2 2 5 1 1539 291 2828
4045 2 2 5 1 1570 579 2268
4046 2 2 5 1 1502 563 2877
4047 2 2 5 1 1969 399 2902
4048 2 2 5 1 2400 308 3461
4049 2 2 5 1 349 1728 3160
4050 2 2 5 1 643 1617 2231
4051 2 2 5 1 1990 747 2375
4052 2 2 5 1 588 1521 3134
4053 2 2 5 1 1681 592 3001
4054 2 2 5 1 1847 507 3386
4055 2 2 5 1 1226 1847 3386
4056 2 2 5 1 1543 547 3353
4057 2 2 5 1 999 1543 3353
4058 2 2 5 1 777 1574 2352
4059 2 2 5 1 1623 416 2672
4060 2 2 5 1 183 184 1958
4061 2 2 5 1 403 2256 2663
4062 2 2 5 1 639 1781 2866
4063 2 2 5 1 65 66 2781
4064 2 2 5 1 2000 1148 2932
4065 2 2 5 1 2376 1054 2524
4066 2 2 5 1 1512 852 2581
4067 2 2 5 1 1529 954 3206
4068 2 2 5 1 225 1668 2547
4069 2 2 5 1 1471 1956 3367
4070 2 2 5 1 1511 694 2989
4071 2 2 5 1 2557 278 2700
4072 2 2 5 1 1377 2557 2700
4073 2 2 5 1 1498 953 2840
4074 2 2 5 1 1668 225 3205
4075 2 2 5 1 692 2362 3143
4076 2 2 5 1 2362 1448 3143
4077 2 2 5 1 2049 1340 3307
4078 2 2 5 1 425 2049 3307
4079 2 2 5 1 1072 1940 1941
4080 2 2 5 1 1940 691 1941
4081 2 2 5 1 1243 2499 3124
4082 2 2 5 1 1647 599 3028
4083 2 2 5 1 720 1736 3134
4084 2 2 5 1 784 2283 3464
4085 2 2 5 1 2182 1189 2670
4086 2 2 5 1 957 2182 2670
4087 2 2 5 1 1659 794 2312
4088 2 2 5 1 459 1659 2312
4089 2 2 5 1 933 1514 3357
4090 2 2 5 1 147 148 2570
4091 2 2 5 1 2621 529 3263
4092 2 2 5 1 566 1553 2380
4093 2 2 5 1 949 2370 2708
4094 2 2 5 1 1018 2011 2265
4095 2 2 5 1 2083 1760 3167
4096 2 2 5 1 1556 568 3397
4097 2 2 5 1 1065 2451 3370
4098 2 2 5 1 1776 275 2225
4099 2 2 5 1 1258 1776 2225
4100 2 2 5 1 841 1609 2580
4101 2 2 5 1 188 189 2001
4102 2 2 5 1 1574 527 2352
4103 2 2 5 1 388 1632 2218
4104 2 2 5 1 1635 795 2181
4105 2 2 5 1 1156 1564 3090
4106 2 2 5 1 376 1552 3434
4107 2 2 5 1 1722 721 2982
4108 2 2 5 1 1632 765 2218
4109 2 2 5 1 1523 561 2558
4110 2 2 5 1 989 2149 3269
4111 2 2 5 1 1022 1556 3397
4112 2 2 5 1 863 2679 2877
4113 2 2 5 1 2679 1502 2877
4114 2 2 5 1 1549 415 3398
4115 2 2 5 1 90 91 2425
4116 2 2 5 1 1894 721 3278
4117 2 2 5 1 253 254 2105
4118 2 2 5 1 2518 851 2768
4119 2 2 5 1 1558 830 3400
4120 2 2 5 1 505 2253 3308
4121 2 2 5 1 1760 884 2214
4122 2 2 5 1 745 2250 3416
4123 2 2 5 1 1524 572 2819
4124 2 2 5 1 1748 649 2938
4125 2 2 5 1 1599 27 2659
4126 2 2 5 1 1559 458 3466
4127 2 2 5 1 604 1559 3467
4128 2 2 5 1 1518 399 3035
4129 2 2 5 1 1609 338 2580
4130 2 2 5 1 3028 938 3110
4131 2 2 5 1 2054 972 2055
4132 2 2 5 1 732 2054 2055
4133 2 2 5 1 2060 2848 3435
4134 2 2 5 1 1605 555 3080
4135 2 2 5 1 557 2322 3465
4136 2 2 5 1 1239 2576 2800
4137 2 2 5 1 1299 1799 3471
4138 2 2 5 1 1775 1005 2972
4139 2 2 5 1 1515 826 2979
4140 2 2 5 1 307 1768 3003
4141 2 2 5 1 1537 625 3211
4142 2 2 5 1 572 1524 3046
4143 2 2 5 1 629 1717 2914
4144 2 2 5 1 1636 471 2265
4145 2 2 5 1 771 1636 2265
4146 2 2 5 1 1576 758 2558
4147 2 2 5 1 1331 1719 2736
4148 2 2 5 1 1535 635 3195
4149 2 2 5 1 1606 718 2240
4150 2 2 5 1 2307 563 2487
4151 2 2 5 1 1162 2307 2487
4152 2 2 5 1 119 120 2385
4153 2 2 5 1 748 1597 2319
4154 2 2 5 1 5 31 2788
4155 2 2 5 1 30 5 2788
4156 2 2 5 1 570 1802 2440
4157 2 2 5 1 2797 1145 3064
4158 2 2 5 1 1598 889 2882
4159 2 2 5 1 2325 1021 3043
4160 2 2 5 1 1517 699 2785
4161 2 2 5 1 808 1544 3401
4162 2 2 5 1 607 1782 3460
4163 2 2 5 1 1826 467 2534
4164 2 2 5 1 985 2193 3188
4165 2 2 5 1 1717 979 2914
4166 2 2 5 1 338 1609 2994
4167 2 2 5 1 520 2109 2980
4168 2 2 5 1 556 1518 2730
4169 2 2 5 1 677 1526 3009
4170 2 2 5 1 297 1625 2230
4171 2 2 5 1 1625 763 2230
4172 2 2 5 1 1718 680 2489
4173 2 2 5 1 264 1874 2381
4174 2 2 5 1 1874 893 2381
4175 2 2 5 1 1270 2344 2742
4176 2 2 5 1 2667 1797 3470
4177 2 2 5 1 2145 1142 2622
4178 2 2 5 1 535 2145 2622
4179 2 2 5 1 1954 1507 2952
4180 2 2 5 1 1933 758 2551
4181 2 2 5 1 110 1901 3292
4182 2 2 5 1 78 79 2436
4183 2 2 5 1 1433 1923 2645
4184 2 2 5 1 632 1760 2214
4185 2 2 5 1 1105 1970 3002
4186 2 2 5 1 1858 2135 3383
4187 2 2 5 1 1235 2559 2889
4188 2 2 5 1 2694 65 2781
4189 2 2 5 1 1966 934 2244
4190 2 2 5 1 829 1966 2244
4191 2 2 5 1 818 1566 2358
4192 2 2 5 1 270 1686 2415
4193 2 2 5 1 1960 76 2594
4194 2 2 5 1 2387 1049 2605
4195 2 2 5 1 2344 618 2742
4196 2 2 5 1 2105 1200 3094
4197 2 2 5 1 1522 667 2790
4198 2 2 5 1 525 1903 3092
4199 2 2 5 1 1903 1153 3092
4200 2 2 5 1 945 2123 2435
4201 2 2 5 1 1532 598 3095
4202 2 2 5 1 2482 1806 3029
4203 2 2 5 1 2121 867 2762
4204 2 2 5 1 614 1540 3360
4205 2 2 5 1 786 2136 2442
4206 2 2 5 1 375 1537 3137
4207 2 2 5 1 2096 716 3289
4208 2 2 5 1 568 1560 3397
4209 2 2 5 1 1746 382 2681
4210 2 2 5 1 2267 791 3406
4211 2 2 5 1 1741 652 2078
4212 2 2 5 1 1585 2005 2724
4213 2 2 5 1 487 2224 2690
4214 2 2 5 1 1384 2592 2969
4215 2 2 5 1 683 1587 2984
4216 2 2 5 1 2195 836 2501
4217 2 2 5 1 2033 431 2529
4218 2 2 5 1 2896 1515 2979
4219 2 2 5 1 408 1653 2686
4220 2 2 5 1 293 1851 3152
4221 2 2 5 1 648 1533 3052
4222 2 2 5 1 596 1636 2280
4223 2 2 5 1 1636 771 2280
4224 2 2 5 1 1626 1795 3313
4225 2 2 5 1 1152 2343 3052
4226 2 2 5 1 1055 1538 3103
4227 2 2 5 1 2015 398 2928
4228 2 2 5 1 1531 848 2641
4229 2 2 5 1 1141 1996 2946
4230 2 2 5 1 1653 871 2686
4231 2 2 5 1 963 1708 3426
4232 2 2 5 1 1258 2225 2867
4233 2 2 5 1 2225 784 2867
4234 2 2 5 1 449 2000 2932
4235 2 2 5 1 712 1743 2074
4236 2 2 5 1 900 2323 3067
4237 2 2 5 1 1110 1571 3461
4238 2 2 5 1 1564 260 3090
4239 2 2 5 1 426 1778 3412
4240 2 2 5 1 1579 119 2385
4241 2 2 5 1 2385 120 2572
4242 2 2 5 1 1938 301 2705
4243 2 2 5 1 2265 471 2603
4244 2 2 5 1 1719 310 2736
4245 2 2 5 1 1393 1531 2956
4246 2 2 5 1 1531 84 2956
4247 2 2 5 1 752 1859 1985
4248 2 2 5 1 1751 146 2075
4249 2 2 5 1 2653 1168 3232
4250 2 2 5 1 1656 168 2217
4251 2 2 5 1 1664 664 2180
4252 2 2 5 1 1686 830 2415
4253 2 2 5 1 1083 1956 3303
4254 2 2 5 1 2028 710 2893
4255 2 2 5 1 2413 334 3293
4256 2 2 5 1 1748 1095 2080
4257 2 2 5 1 464 2227 2474
4258 2 2 5 1 220 221 2623
4259 2 2 5 1 2505 1496 2964
4260 2 2 5 1 2112 276 3473
4261 2 2 5 1 1762 715 2071
4262 2 2 5 1 1511 1894 3278
4263 2 2 5 1 848 1531 2857
4264 2 2 5 1 649 1814 2938
4265 2 2 5 1 1926 1047 2892
4266 2 2 5 1 2290 1694 3464
4267 2 2 5 1 395 1971 3431
4268 2 2 5 1 441 2896 2979
4269 2 2 5 1 1853 724 2086
4270 2 2 5 1 1648 944 2248
4271 2 2 5 1 1788 47 2892
4272 2 2 5 1 1974 1037 3334
4273 2 2 5 1 2125 975 2309
4274 2 2 5 1 52 53 2014
4275 2 2 5 1 635 1536 2922
4276 2 2 5 1 1745 378 2200
4277 2 2 5 1 46 1788 3267
4278 2 2 5 1 1873 370 2619
4279 2 2 5 1 1036 2317 2957
4280 2 2 5 1 1578 599 2429
4281 2 2 5 1 386 1573 2732
4282 2 2 5 1 400 1723 2118
4283 2 2 5 1 63 64 2448
4284 2 2 5 1 494 1725 2117
4285 2 2 5 1 1116 2088 2280
4286 2 2 5 1 2088 596 2280
4287 2 2 5 1 3054 1447 3135
4288 2 2 5 1 443 1875 2443
4289 2 2 5 1 861 2237 3147
4290 2 2 5 1 882 1947 2689
4291 2 2 5 1 1617 643 3379
4292 2 2 5 1 1592 1233 2583
4293 2 2 5 1 1230 2136 2946
4294 2 2 5 1 2136 347 2946
4295 2 2 5 1 951 1565 2450
4296 2 2 5 1 759 1688 2625
4297 2 2 5 1 546 2172 2486
4298 2 2 5 1 2172 1069 2486
4299 2 2 5 1 981 1663 2628
4300 2 2 5 1 1663 302 2628
4301 2 2 5 1 1546 674 3176
4302 2 2 5 1 1713 832 2612
4303 2 2 5 1 261 1 2884
4304 2 2 5 1 329 1644 2261
4305 2 2 5 1 1541 1275 3050
4306 2 2 5 1 1543 749 2615
4307 2 2 5 1 1953 690 3062
4308 2 2 5 1 2537 1492 3455
4309 2 2 5 1 2592 903 2969
4310 2 2 5 1 1614 285 2334
4311 2 2 5 1 1586 78 2436
4312 2 2 5 1 1036 2095 2317
4313 2 2 5 1 2902 399 3364
4314 2 2 5 1 2106 950 3135
4315 2 2 5 1 1200 1580 3094
4316 2 2 5 1 1655 219 3193
4317 2 2 5 1 1 9 2884
4318 2 2 5 1 1540 55 3346
4319 2 2 5 1 1840 692 2137
4320 2 2 5 1 2313 375 3341
4321 2 2 5 1 1901 1187 3292
4322 2 2 5 1 321 2147 3068
4323 2 2 5 1 2147 1281 3068
4324 2 2 5 1 304 2125 2309
4325 2 2 5 1 1719 849 2493
4326 2 2 5 1 310 1719 2493
4327 2 2 5 1 1280 2409 3408
4328 2 2 5 1 1756 762 2306
4329 2 2 5 1 3254 542 3336
4330 2 2 5 1 1570 448 2479
4331 2 2 5 1 2695 1371 2810
4332 2 2 5 1 528 3246 3323
4333 2 2 5 1 1614 670 2351
4334 2 2 5 1 726 2126 2806
4335 2 2 5 1 416 1598 2414
4336 2 2 5 1 1668 762 2547
4337 2 2 5 1 2345 861 3147
4338 2 2 5 1 1798 421 2192
4339 2 2 5 1 797 1798 2192
4340 2 2 5 1 1904 696 1987
4341 2 2 5 1 1587 1791 2984
4342 2 2 5 1 587 1594 2437
4343 2 2 5 1 1566 393 2505
4344 2 2 5 1 44 45 2915
4345 2 2 5 1 956 1657 3169
4346 2 2 5 1 1554 609 2571
4347 2 2 5 1 339 1548 2646
4348 2 2 5 1 669 2094 3156
4349 2 2 5 1 568 1556 3191
4350 2 2 5 1 1338 1623 2672
4351 2 2 5 1 1584 942 2470
4352 2 2 5 1 162 1774 2846
4353 2 2 5 1 2046 839 2318
4354 2 2 5 1 955 2046 2318
4355 2 2 5 1 1992 292 1997
4356 2 2 5 1 1750 622 2465
4357 2 2 5 1 859 2072 2348
4358 2 2 5 1 693 1562 2553
4359 2 2 5 1 3285 1442 3304
4360 2 2 5 1 1565 385 2591
4361 2 2 5 1 1580 252 3094
4362 2 2 5 1 551 2166 3170
4363 2 2 5 1 2166 1312 3170
4364 2 2 5 1 923 1664 2942
4365 2 2 5 1 1770 608 3417
4366 2 2 5 1 974 1960 2594
4367 2 2 5 1 944 1605 3080
4368 2 2 5 1 1696 759 2577
4369 2 2 5 1 385 1565 3197
4370 2 2 5 1 1546 356 2974
4371 2 2 5 1 804 1591 2476
4372 2 2 5 1 839 2564 2731
4373 2 2 5 1 2564 1348 2731
4374 2 2 5 1 417 1775 2972
4375 2 2 5 1 1798 797 2875
4376 2 2 5 1 1809 2513 3045
4377 2 2 5 1 611 1547 2655
4378 2 2 5 1 546 1827 2172
4379 2 2 5 1 1827 806 2172
4380 2 2 5 1 383 1822 2477
4381 2 2 5 1 1463 2372 3248
4382 2 2 5 1 2372 823 3248
4383 2 2 5 1 1683 1057 2282
4384 2 2 5 1 324 2234 3122
4385 2 2 5 1 1074 2537 3455
4386 2 2 5 1 1753 1112 2199
4387 2 2 5 1 1574 777 2578
4388 2 2 5 1 1554 828 2700
4389 2 2 5 1 278 1554 2700
4390 2 2 5 1 624 1677 2647
4391 2 2 5 1 1821 198 3020
4392 2 2 5 1 1549 597 3056
4393 2 2 5 1 2240 718 2760
4394 2 2 5 1 2331 1006 3482
4395 2 2 5 1 219 1655 2735
4396 2 2 5 1 2215 824 2927
4397 2 2 5 1 1308 2303 2999
4398 2 2 5 1 1915 333 3209
4399 2 2 5 1 1562 809 2673
4400 2 2 5 1 990 2276 2548
4401 2 2 5 1 1828 341 2528
4402 2 2 5 1 390 2695 2810
4403 2 2 5 1 1125 2028 2893
4404 2 2 5 1 1563 783 3224
4405 2 2 5 1 1841 1309 2556
4406 2 2 5 1 843 1786 2114
4407 2 2 5 1 79 80 2355
4408 2 2 5 1 401 1558 3400
4409 2 2 5 1 1664 412 2942
4410 2 2 5 1 2269 973 2369
4411 2 2 5 1 2101 479 3350
4412 2 2 5 1 1345 2101 3350
4413 2 2 5 1 1734 759 2625
4414 2 2 5 1 585 1589 3403
4415 2 2 5 1 378 2019 2298
4416 2 2 5 1 1868 719 2971
4417 2 2 5 1 2480 811 2732
4418 2 2 5 1 1181 1670 3241
4419 2 2 5 1 1670 155 3241
4420 2 2 5 1 1972 1100 3143
4421 2 2 5 1 1595 1058 3358
4422 2 2 5 1 599 1593 3028
4423 2 2 5 1 2303 948 2999
4424 2 2 5 1 2233 476 2812
4425 2 2 5 1 2637 1130 3231
4426 2 2 5 1 1576 265 3305
4427 2 2 5 1 758 1576 3306
4428 2 2 5 1 1565 951 3197
4429 2 2 5 1 608 1596 3417
4430 2 2 5 1 1283 2157 3456
4431 2 2 5 1 1044 1992 1997
4432 2 2 5 1 837 2590 3099
4433 2 2 5 1 1490 2406 3042
4434 2 2 5 1 2365 965 2425
4435 2 2 5 1 457 2939 3269
4436 2 2 5 1 1803 916 2614
4437 2 2 5 1 676 1803 2614
4438 2 2 5 1 20 3253 3311
4439 2 2 5 1 2923 2106 3135
4440 2 2 5 1 1585 740 2560
4441 2 2 5 1 2207 1045 2493
4442 2 2 5 1 1192 1582 3324
4443 2 2 5 1 1604 298 2459
4444 2 2 5 1 268 1562 2673
4445 2 2 5 1 922 2824 2937
4446 2 2 5 1 433 1634 3054
4447 2 2 5 1 626 1771 2139
4448 2 2 5 1 910 2251 2488
4449 2 2 5 1 2251 1086 2488
4450 2 2 5 1 1562 693 3129
4451 2 2 5 1 463 1594 2537
4452 2 2 5 1 824 2404 2927
4453 2 2 5 1 2390 1075 3268
4454 2 2 5 1 2258 401 3015
4455 2 2 5 1 2353 1600 3332
4456 2 2 5 1 762 1689 2547
4457 2 2 5 1 2722 1077 2988
4458 2 2 5 1 826 1569 2979
4459 2 2 5 1 1554 278 2925
4460 2 2 5 1 1137 1950 3185
4461 2 2 5 1 1557 863 2877
4462 2 2 5 1 563 1557 2877
4463 2 2 5 1 316 2549 2858
4464 2 2 5 1 1857 812 2768
4465 2 2 5 1 585 2116 2279
4466 2 2 5 1 917 2646 2674
4467 2 2 5 1 2129 772 3326
4468 2 2 5 1 1732 760 2842
4469 2 2 5 1 950 3054 3135
4470 2 2 5 1 1658 874 2350
4471 2 2 5 1 1842 662 2331
4472 2 2 5 1 1755 811 2606
4473 2 2 5 1 1135 2452 3218
4474 2 2 5 1 262 1861 2452
4475 2 2 5 1 2116 1080 2279
4476 2 2 5 1 130 1633 2458
4477 2 2 5 1 1633 865 2458
4478 2 2 5 1 1593 398 2575
4479 2 2 5 1 2307 1162 2762
4480 2 2 5 1 1248 1902 2763
4481 2 2 5 1 1572 1058 3325
4482 2 2 5 1 2121 2762 3122
4483 2 2 5 1 418 1563 3077
4484 2 2 5 1 849 1638 2407
4485 2 2 5 1 111 112 2455
4486 2 2 5 1 87 88 2900
4487 2 2 5 1 2576 884 2800
4488 2 2 5 1 1220 1967 2718
4489 2 2 5 1 1335 2378 3312
4490 2 2 5 1 773 1998 2728
4491 2 2 5 1 723 1909 2034
4492 2 2 5 1 225 226 3205
4493 2 2 5 1 1572 1143 3181
4494 2 2 5 1 1575 293 2644
4495 2 2 5 1 1754 789 3088
4496 2 2 5 1 1008 1754 3088
4497 2 2 5 1 898 2505 2964
4498 2 2 5 1 1878 449 2932
4499 2 2 5 1 2041 1223 2374
4500 2 2 5 1 651 1569 2868
4501 2 2 5 1 1324 1881 2950
4502 2 2 5 1 1569 441 2979
4503 2 2 5 1 818 2206 2391
4504 2 2 5 1 2206 1012 2391
4505 2 2 5 1 1706 962 2231
4506 2 2 5 1 536 2650 3215
4507 2 2 5 1 980 1837 2616
4508 2 2 5 1 616 1714 2264
4509 2 2 5 1 1714 909 2264
4510 2 2 5 1 1782 1122 3460
4511 2 2 5 1 1634 1447 3054
4512 2 2 5 1 849 2207 2493
4513 2 2 5 1 620 1949 3073
4514 2 2 5 1 444 1585 2724
4515 2 2 5 1 2020 200 2546
4516 2 2 5 1 980 1565 3359
4517 2 2 5 1 326 2376 2524
4518 2 2 5 1 2945 850 3287
4519 2 2 5 1 1005 1867 3407
4520 2 2 5 1 592 1579 3001
4521 2 2 5 1 1042 1878 2932
4522 2 2 5 1 834 1750 2465
4523 2 2 5 1 2106 509 2295
4524 2 2 5 1 950 2106 2295
4525 2 2 5 1 1392 2012 2734
4526 2 2 5 1 1824 1054 2376
4527 2 2 5 1 673 2113 3280
4528 2 2 5 1 2113 1304 3280
4529 2 2 5 1 2549 1341 2858
4530 2 2 5 1 859 2348 2414
4531 2 2 5 1 1567 848 2857
4532 2 2 5 1 575 1566 2830
4533 2 2 5 1 1561 947 3265
4534 2 2 5 1 1886 954 2619
4535 2 2 5 1 370 1886 2619
4536 2 2 5 1 224 225 2547
4537 2 2 5 1 91 92 2365
4538 2 2 5 1 244 245 3032
4539 2 2 5 1 1867 1005 3422
4540 2 2 5 1 2314 902 2823
4541 2 2 5 1 1247 2314 2823
4542 2 2 5 1 2030 425 3307
4543 2 2 5 1 680 1878 2489
4544 2 2 5 1 1238 1953 2501
4545 2 2 5 1 772 2249 3326
4546 2 2 5 1 2365 1251 2770
4547 2 2 5 1 965 2365 2770
4548 2 2 5 1 1848 1257 3308
4549 2 2 5 1 1195 2102 3224
4550 2 2 5 1 1033 1751 3155
4551 2 2 5 1 1584 423 3179
4552 2 2 5 1 942 1584 3179
4553 2 2 5 1 120 121 2572
4554 2 2 5 1 2569 564 3414
4555 2 2 5 1 2519 158 2696
4556 2 2 5 1 1965 764 3149
4557 2 2 5 1 1568 672 3425
4558 2 2 5 1 2227 967 2639
4559 2 2 5 1 346 1859 2831
4560 2 2 5 1 2071 499 2752
4561 2 2 5 1 1588 470 2710
4562 2 2 5 1 1056 3274 3316
4563 2 2 5 1 1558 975 2792
4564 2 2 5 1 1860 802 2506
4565 2 2 5 1 2462 1056 3316
4566 2 2 5 1 1583 410 2769
4567 2 2 5 1 2033 1320 3157
4568 2 2 5 1 1890 637 3031
4569 2 2 5 1 660 1795 2271
4570 2 2 5 1 988 1615 2561
4571 2 2 5 1 1210 1639 3161
4572 2 2 5 1 1639 137 3161
4573 2 2 5 1 1730 624 2647
4574 2 2 5 1 1600 1016 3332
4575 2 2 5 1 1597 1151 3252
4576 2 2 5 1 816 2004 2437
4577 2 2 5 1 1645 289 2521
4578 2 2 5 1 1238 2501 3368
4579 2 2 5 1 559 2935 3444
4580 2 2 5 1 968 2392 2897
4581 2 2 5 1 24 3 3105
4582 2 2 5 1 1604 805 3063
4583 2 2 5 1 2559 947 2889
4584 2 2 5 1 739 1725 2262
4585 2 2 5 1 2016 105 3120
4586 2 2 5 1 1223 2282 2813
4587 2 2 5 1 2282 334 2813
4588 2 2 5 1 790 2024 2500
4589 2 2 5 1 71 72 2219
4590 2 2 5 1 1235 1783 2559
4591 2 2 5 1 1590 820 3433
4592 2 2 5 1 625 1607 2583
4593 2 2 5 1 613 1638 3474
4594 2 2 5 1 921 1623 3086
4595 2 2 5 1 1941 691 2721
4596 2 2 5 1 2172 806 2430
4597 2 2 5 1 589 1586 3097
4598 2 2 5 1 1801 1045 2207
4599 2 2 5 1 2245 998 3331
4600 2 2 5 1 1635 614 3360
4601 2 2 5 1 581 2249 3303
4602 2 2 5 1 59 60 2162
4603 2 2 5 1 1742 389 2829
4604 2 2 5 1 1900 1136 2816
4605 2 2 5 1 177 178 3351
4606 2 2 5 1 665 1696 2713
4607 2 2 5 1 537 2345 2929
4608 2 2 5 1 1686 270 2360
4609 2 2 5 1 2088 1092 2941
4610 2 2 5 1 1823 273 2286
4611 2 2 5 1 817 1823 2286
4612 2 2 5 1 3061 1033 3155
4613 2 2 5 1 873 2852 3139
4614 2 2 5 1 2345 1290 2929
4615 2 2 5 1 304 2309 3165
4616 2 2 5 1 598 1608 3373
4617 2 2 5 1 1021 2325 2904
4618 2 2 5 1 1654 364 2839
4619 2 2 5 1 1953 1238 3413
4620 2 2 5 1 690 1953 3413
4621 2 2 5 1 1795 803 2271
4622 2 2 5 1 220 2623 3193
4623 2 2 5 1 1952 1187 2661
4624 2 2 5 1 1142 2145 3129
4625 2 2 5 1 621 1601 2674
4626 2 2 5 1 1943 2303 3349
4627 2 2 5 1 2046 955 3081
4628 2 2 5 1 1161 2038 2925
4629 2 2 5 1 1774 934 2846
4630 2 2 5 1 875 1654 2839
4631 2 2 5 1 1026 2922 2996
4632 2 2 5 1 1849 935 2153
4633 2 2 5 1 2355 958 2436
4634 2 2 5 1 783 1721 2454
4635 2 2 5 1 1280 1865 2586
4636 2 2 5 1 1650 389 2467
4637 2 2 5 1 373 1970 2326
4638 2 2 5 1 1082 2236 2541
4639 2 2 5 1 2236 322 2541
4640 2 2 5 1 1646 396 2491
4641 2 2 5 1 507 1847 2412
4642 2 2 5 1 718 1606 2635
4643 2 2 5 1 866 1622 2589
4644 2 2 5 1 1075 1961 2081
4645 2 2 5 1 549 2353 3332
4646 2 2 5 1 1644 329 2498
4647 2 2 5 1 1602 1106 3273
4648 2 2 5 1 790 2177 3032
4649 2 2 5 1 2728 304 3165
4650 2 2 5 1 714 1884 2433
4651 2 2 5 1 1364 1626 3313
4652 2 2 5 1 897 2150 2163
4653 2 2 5 1 138 7 2983
4654 2 2 5 1 7 139 2983
4655 2 2 5 1 1912 1355 3061
4656 2 2 5 1 426 1855 2150
4657 2 2 5 1 1086 1939 2488
4658 2 2 5 1 1939 427 2488
4659 2 2 5 1 501 1711 2740
4660 2 2 5 1 1889 1362 2183
4661 2 2 5 1 1429 3254 3336
4662 2 2 5 1 757 1617 3379
4663 2 2 5 1 417 1667 2851
4664 2 2 5 1 1667 876 2851
4665 2 2 5 1 1343 1605 2847
4666 2 2 5 1 788 1645 2521
4667 2 2 5 1 541 1801 2207
4668 2 2 5 1 226 227 2682
4669 2 2 5 1 236 237 2738
4670 2 2 5 1 2023 1111 2173
4671 2 2 5 1 996 1920 2246
4672 2 2 5 1 1790 961 3047
4673 2 2 5 1 1879 1043 2122
4674 2 2 5 1 961 2610 3047
4675 2 2 5 1 2609 960 3046
4676 2 2 5 1 1627 690 3413
4677 2 2 5 1 387 2102 3478
4678 2 2 5 1 330 2108 3033
4679 2 2 5 1 769 1944 3450
4680 2 2 5 1 1621 267 3278
4681 2 2 5 1 952 1642 2579
4682 2 2 5 1 1642 103 2579
4683 2 2 5 1 2144 1279 2580
4684 2 2 5 1 1825 413 3401
4685 2 2 5 1 338 2144 2580
4686 2 2 5 1 2035 885 2128
4687 2 2 5 1 413 2035 2128
4688 2 2 5 1 1108 1982 2795
4689 2 2 5 1 2486 1069 3293
4690 2 2 5 1 1855 793 2150
4691 2 2 5 1 1738 617 2291
4692 2 2 5 1 195 196 2165
4693 2 2 5 1 460 2269 2369
4694 2 2 5 1 801 1768 2284
4695 2 2 5 1 1768 307 2284
4696 2 2 5 1 557 1724 2322
4697 2 2 5 1 2106 937 2461
4698 2 2 5 1 2272 770 3487
4699 2 2 5 1 960 1800 3046
4700 2 2 5 1 1833 837 2426
4701 2 2 5 1 2160 709 2876
4702 2 2 5 1 1595 1107 2766
4703 2 2 5 1 193 194 2916
4704 2 2 5 1 1361 2386 3301
4705 2 2 5 1 450 1619 3315
4706 2 2 5 1 25 1916 2671
4707 2 2 5 1 1858 727 2135
4708 2 2 5 1 207 208 2182
4709 2 2 5 1 781 2062 3065
4710 2 2 5 1 2150 793 2163
4711 2 2 5 1 1788 2892 3317
4712 2 2 5 1 1937 394 2605
4713 2 2 5 1 2692 1352 3190
4714 2 2 5 1 351 1900 2816
4715 2 2 5 1 838 2229 2613
4716 2 2 5 1 243 244 2177
4717 2 2 5 1 2017 1085 3118
4718 2 2 5 1 1126 2821 3017
4719 2 2 5 1 1039 2434 3404
4720 2 2 5 1 1920 687 2246
4721 2 2 5 1 1778 578 3101
4722 2 2 5 1 2434 1491 3404
4723 2 2 5 1 1870 296 2394
4724 2 2 5 1 1625 714 3328
4725 2 2 5 1 996 1778 3101
4726 2 2 5 1 2442 2136 3452
4727 2 2 5 1 780 1934 2435
4728 2 2 5 1 2198 24 3105
4729 2 2 5 1 472 2453 2792
4730 2 2 5 1 927 2058 2109
4731 2 2 5 1 861 1607 2917
4732 2 2 5 1 1982 685 2795
4733 2 2 5 1 859 2504 2939
4734 2 2 5 1 1916 26 2890
4735 2 2 5 1 1613 387 2803
4736 2 2 5 1 653 1704 3199
4737 2 2 5 1 1704 991 3199
4738 2 2 5 1 958 2355 2811
4739 2 2 5 1 2355 1237 2811
4740 2 2 5 1 221 1637 2623
4741 2 2 5 1 1605 944 3210
4742 2 2 5 1 1052 2053 2780
4743 2 2 5 1 2621 1418 3430
4744 2 2 5 1 388 1944 3340
4745 2 2 5 1 298 1604 3063
4746 2 2 5 1 2487 1027 3246
4747 2 2 5 1 1607 625 2917
4748 2 2 5 1 487 1813 2224
4749 2 2 5 1 511 2513 2872
4750 2 2 5 1 2513 1328 2872
4751 2 2 5 1 1944 1206 3340
4752 2 2 5 1 1044 2510 3228
4753 2 2 5 1 1349 1872 2330
4754 2 2 5 1 1694 423 2867
4755 2 2 5 1 2236 1082 3233
4756 2 2 5 1 411 1605 3210
4757 2 2 5 1 960 1960 2447
4758 2 2 5 1 1960 974 2447
4759 2 2 5 1 650 1667 3407
4760 2 2 5 1 2344 1270 2994
4761 2 2 5 1 442 1756 2306
4762 2 2 5 1 1810 742 2241
4763 2 2 5 1 1624 605 3347
4764 2 2 5 1 394 1731 2387
4765 2 2 5 1 1731 796 2387
4766 2 2 5 1 1424 2342 3348
4767 2 2 5 1 2342 1055 3348
4768 2 2 5 1 795 1635 3360
4769 2 2 5 1 1630 1083 3303
4770 2 2 5 1 2690 869 3423
4771 2 2 5 1 1782 607 2733
4772 2 2 5 1 1948 853 2582
4773 2 2 5 1 403 1806 2256
4774 2 2 5 1 1014 3285 3304
4775 2 2 5 1 1744 755 2332
4776 2 2 5 1 1211 2018 2498
4777 2 2 5 1 402 1833 2426
4778 2 2 5 1 896 1926 2481
4779 2 2 5 1 504 1716 2931
4780 2 2 5 1 1716 931 2931
4781 2 2 5 1 1958 747 3207
4782 2 2 5 1 1163 1599 3418
4783 2 2 5 1 23 24 2198
4784 2 2 5 1 1079 1641 3485
4785 2 2 5 1 895 1679 2530
4786 2 2 5 1 1679 153 2530
4787 2 2 5 1 1926 49 2481
4788 2 2 5 1 1640 621 3449
4789 2 2 5 1 183 1958 3309
4790 2 2 5 1 168 169 2217
4791 2 2 5 1 471 1976 2603
4792 2 2 5 1 1976 976 2603
4793 2 2 5 1 596 2088 2941
4794 2 2 5 1 2986 1197 3445
4795 2 2 5 1 1657 412 3169
4796 2 2 5 1 434 2063 2371
4797 2 2 5 1 2063 936 2371
4798 2 2 5 1 2063 763 2064
4799 2 2 5 1 936 2063 2064
4800 2 2 5 1 1710 600 2978
4801 2 2 5 1 1747 1352 2692
4802 2 2 5 1 726 1924 2126
4803 2 2 5 1 2590 1261 3099
4804 2 2 5 1 652 1685 3472
4805 2 2 5 1 764 1722 2982
4806 2 2 5 1 1688 920 3457
4807 2 2 5 1 333 2693 3209
4808 2 2 5 1 2053 470 2780
4809 2 2 5 1 628 1637 3040
4810 2 2 5 1 339 1624 2863
4811 2 2 5 1 2147 781 3065
4812 2 2 5 1 1641 1067 3462
4813 2 2 5 1 2034 1034 3082
4814 2 2 5 1 1632 731 3218
4815 2 2 5 1 580 1620 2991
4816 2 2 5 1 420 1620 2995
4817 2 2 5 1 2157 729 3456
4818 2 2 5 1 510 2404 2999
4819 2 2 5 1 1068 1622 2945
4820 2 2 5 1 2496 1070 3274
4821 2 2 5 1 453 2060 2561
4822 2 2 5 1 1721 783 2813
4823 2 2 5 1 1756 823 2347
4824 2 2 5 1 157 158 2519
4825 2 2 5 1 2404 1308 2999
4826 2 2 5 1 12 1758 2850
4827 2 2 5 1 2060 988 2561
4828 2 2 5 1 219 220 3193
4829 2 2 5 1 2094 669 3222
4830 2 2 5 1 58 59 3125
4831 2 2 5 1 622 1690 2465
4832 2 2 5 1 448 2228 2479
4833 2 2 5 1 2228 1031 2479
4834 2 2 5 1 1525 2903 3047
4835 2 2 5 1 1743 927 3410
4836 2 2 5 1 446 2406 3011
4837 2 2 5 1 275 1776 2449
4838 2 2 5 1 1166 2014 3200
4839 2 2 5 1 2094 1147 3156
4840 2 2 5 1 202 203 2854
4841 2 2 5 1 1228 1929 2614
4842 2 2 5 1 1836 1083 2261
4843 2 2 5 1 1954 627 3234
4844 2 2 5 1 1975 880 2376
4845 2 2 5 1 326 1975 2376
4846 2 2 5 1 705 1684 2515
4847 2 2 5 1 1191 2160 2876
4848 2 2 5 1 1758 964 2850
4849 2 2 5 1 1169 1954 3234
4850 2 2 5 1 459 2312 2462
4851 2 2 5 1 2312 1056 2462
4852 2 2 5 1 2903 573 3047
4853 2 2 5 1 1171 1866 3451
4854 2 2 5 1 1638 849 3474
4855 2 2 5 1 297 1889 2183
4856 2 2 5 1 456 2450 2616
4857 2 2 5 1 1234 2331 3482
4858 2 2 5 1 240 241 2243
4859 2 2 5 1 1846 202 2854
4860 2 2 5 1 842 1832 2725
4861 2 2 5 1 2668 1149 3388
4862 2 2 5 1 1097 1925 2796
4863 2 2 5 1 2323 1104 3067
4864 2 2 5 1 2029 299 2891
4865 2 2 5 1 369 1737 3050
4866 2 2 5 1 1866 215 3451
4867 2 2 5 1 2115 478 3149
4868 2 2 5 1 889 1917 2497
4869 2 2 5 1 1917 204 2497
4870 2 2 5 1 1867 347 2856
4871 2 2 5 1 1790 1367 2701
4872 2 2 5 1 1197 2398 3445
4873 2 2 5 1 841 2580 2685
4874 2 2 5 1 1431 2189 2931
4875 2 2 5 1 1120 2016 3120
4876 2 2 5 1 2631 567 3012
4877 2 2 5 1 1430 2631 3012
4878 2 2 5 1 1996 1230 2946
4879 2 2 5 1 612 1656 3083
4880 2 2 5 1 963 1934 3270
4881 2 2 5 1 2018 741 2498
4882 2 2 5 1 3411 454 3439
4883 2 2 5 1 704 2158 2159
4884 2 2 5 1 2158 1015 2159
4885 2 2 5 1 100 101 2263
4886 2 2 5 1 1841 646 3079
4887 2 2 5 1 1966 829 2574
4888 2 2 5 1 1172 2099 2329
4889 2 2 5 1 2223 422 2789
4890 2 2 5 1 2580 1279 2685
4891 2 2 5 1 1684 705 2654
4892 2 2 5 1 1076 1724 3477
4893 2 2 5 1 1724 557 3477
4894 2 2 5 1 482 1782 2573
4895 2 2 5 1 1782 853 2573
4896 2 2 5 1 938 1695 3110
4897 2 2 5 1 1655 948 2735
4898 2 2 5 1 2118 741 2514
4899 2 2 5 1 2110 975 2125
4900 2 2 5 1 1232 2107 3184
4901 2 2 5 1 1845 860 2716
4902 2 2 5 1 944 1648 3210
4903 2 2 5 1 2477 760 2687
4904 2 2 5 1 1960 960 2609
4905 2 2 5 1 75 1960 2609
4906 2 2 5 1 2189 504 2931
4907 2 2 5 1 1567 2857 3136
4908 2 2 5 1 2857 562 3136
4909 2 2 5 1 1650 918 2776
4910 2 2 5 1 1648 411 3210
4911 2 2 5 1 1955 743 2149
4912 2 2 5 1 1895 749 2209
4913 2 2 5 1 1145 2039 3064
4914 2 2 5 1 2039 707 3064
4915 2 2 5 1 2199 1112 2845
4916 2 2 5 1 411 1648 2820
4917 2 2 5 1 724 1943 2156
4918 2 2 5 1 1253 2313 3341
4919 2 2 5 1 1064 1781 3370
4920 2 2 5 1 1781 444 3370
4921 2 2 5 1 1789 135 2859
4922 2 2 5 1 1040 1673 2652
4923 2 2 5 1 2014 53 3200
4924 2 2 5 1 509 2106 2461
4925 2 2 5 1 954 1678 2619
4926 2 2 5 1 1651 726 2806
4927 2 2 5 1 1813 487 2714
4928 2 2 5 1 902 1813 2714
4929 2 2 5 1 1675 857 2663
4930 2 2 5 1 979 1717 2807
4931 2 2 5 1 218 219 2735
4932 2 2 5 1 2671 1094 3453
4933 2 2 5 1 1905 993 2212
4934 2 2 5 1 1642 952 3163
4935 2 2 5 1 1646 614 2934
4936 2 2 5 1 766 2110 2125
4937 2 2 5 1 2582 853 2733
4938 2 2 5 1 1286 2582 2733
4939 2 2 5 1 1755 386 2732
4940 2 2 5 1 879 1866 2638
4941 2 2 5 1 2401 1053 2402
4942 2 2 5 1 804 2401 2402
4943 2 2 5 1 709 2297 2876
4944 2 2 5 1 888 2108 2260
4945 2 2 5 1 2108 330 2260
4946 2 2 5 1 418 1685 2597
4947 2 2 5 1 2100 397 2308
4948 2 2 5 1 2422 834 3364
4949 2 2 5 1 814 2220 2757
4950 2 2 5 1 1689 224 2547
4951 2 2 5 1 1957 1022 2910
4952 2 2 5 1 1653 636 3469
4953 2 2 5 1 884 1760 2800
4954 2 2 5 1 332 1647 3110
4955 2 2 5 1 2311 272 2496
4956 2 2 5 1 1056 2311 2496
4957 2 2 5 1 1012 2375 2391
4958 2 2 5 1 1660 19 3311
4959 2 2 5 1 850 2511 3287
4960 2 2 5 1 1734 395 2737
4961 2 2 5 1 1776 1395 2449
4962 2 2 5 1 822 1697 3119
4963 2 2 5 1 343 1696 2577
4964 2 2 5 1 466 1843 2335
4965 2 2 5 1 1891 751 2300
4966 2 2 5 1 1359 1800 2662
4967 2 2 5 1 1683 729 2634
4968 2 2 5 1 42 1957 2910
4969 2 2 5 1 203 1917 2854
4970 2 2 5 1 1047 1926 2361
4971 2 2 5 1 666 1876 2576
4972 2 2 5 1 1712 821 3141
4973 2 2 5 1 1926 896 2361
4974 2 2 5 1 2205 912 2220
4975 2 2 5 1 814 2205 2220
4976 2 2 5 1 85 2920 2956
4977 2 2 5 1 365 1652 2955
4978 2 2 5 1 2290 1131 2693
4979 2 2 5 1 333 2290 2693
4980 2 2 5 1 909 2120 2299
4981 2 2 5 1 2120 870 2299
4982 2 2 5 1 1760 405 2800
4983 2 2 5 1 669 1652 3222
4984 2 2 5 1 2367 947 2559
4985 2 2 5 1 812 2211 2768
4986 2 2 5 1 1130 2519 2696
4987 2 2 5 1 797 1739 2880
4988 2 2 5 1 1795 660 3313
4989 2 2 5 1 895 1670 2843
4990 2 2 5 1 2551 758 3306
4991 2 2 5 1 2287 1046 3264
4992 2 2 5 1 1402 2287 3264
4993 2 2 5 1 2273 966 2305
4994 2 2 5 1 881 2273 2305
4995 2 2 5 1 1731 394 2520
4996 2 2 5 1 2058 774 2109
4997 2 2 5 1 1739 797 3344
4998 2 2 5 1 1717 258 2807
4999 2 2 5 1 529 2621 3430
5000 2 2 5 1 1761 575 2830
5001 2 2 5 1 898 1761 2830
5002 2 2 5 1 273 1823 2589
5003 2 2 5 1 1823 866 2589
5004 2 2 5 1 1060 1826 2495
5005 2 2 5 1 1826 1066 2495
5006 2 2 5 1 19 20 3311
5007 2 2 5 1 2295 949 2708
5008 2 2 5 1 983 2162 2797
5009 2 2 5 1 2162 1145 2797
5010 2 2 5 1 743 1661 3233
5011 2 2 5 1 1681 431 2745
5012 2 2 5 1 2405 488 2444
5013 2 2 5 1 1062 2405 2444
5014 2 2 5 1 2852 1313 3139
5015 2 2 5 1 1669 631 2833
5016 2 2 5 1 1942 58 3125
5017 2 2 5 1 1663 981 3227
5018 2 2 5 1 754 2023 2173
5019 2 2 5 1 1876 884 2576
5020 2 2 5 1 812 1946 2211
5021 2 2 5 1 1667 417 2972
5022 2 2 5 1 1986 658 2968
5023 2 2 5 1 1131 2290 3464
5024 2 2 5 1 2375 393 2391
5025 2 2 5 1 1005 1775 3421
5026 2 2 5 1 2933 905 3057
5027 2 2 5 1 1874 264 2683
5028 2 2 5 1 1019 2692 3190
5029 2 2 5 1 3 2099 3105
5030 2 2 5 1 3253 1419 3311
5031 2 2 5 1 2041 418 2597
5032 2 2 5 1 2190 947 2367
5033 2 2 5 1 1751 691 3155
5034 2 2 5 1 1422 2069 2799
5035 2 2 5 1 1708 817 2802
5036 2 2 5 1 2124 370 3282
5037 2 2 5 1 2259 1231 3089
5038 2 2 5 1 1084 1668 3205
5039 2 2 5 1 745 1931 2250
5040 2 2 5 1 2019 378 3374
5041 2 2 5 1 1772 1079 2473
5042 2 2 5 1 1691 875 2676
5043 2 2 5 1 277 2199 2845
5044 2 2 5 1 1893 404 2395
5045 2 2 5 1 1843 801 2335
5046 2 2 5 1 306 2051 2992
5047 2 2 5 1 2471 1008 3088
5048 2 2 5 1 2235 455 2719
5049 2 2 5 1 958 2811 3071
5050 2 2 5 1 880 1824 2376
5051 2 2 5 1 1687 406 2749
5052 2 2 5 1 1785 675 3187
5053 2 2 5 1 2418 958 3071
5054 2 2 5 1 1093 2164 2750
5055 2 2 5 1 2737 395 3431
5056 2 2 5 1 2164 311 2750
5057 2 2 5 1 1692 737 2675
5058 2 2 5 1 331 2017 3118
5059 2 2 5 1 445 2473 3485
5060 2 2 5 1 2005 1532 3258
5061 2 2 5 1 2259 492 3132
5062 2 2 5 1 1672 909 3276
5063 2 2 5 1 2060 453 2361
5064 2 2 5 1 1011 2217 2535
5065 2 2 5 1 2217 169 2535
5066 2 2 5 1 492 2259 3089
5067 2 2 5 1 1877 665 2713
5068 2 2 5 1 2569 1464 3257
5069 2 2 5 1 989 2569 3257
5070 2 2 5 1 896 2060 2361
5071 2 2 5 1 2506 802 2507
5072 2 2 5 1 1234 2506 2507
5073 2 2 5 1 664 1664 2981
5074 2 2 5 1 1973 1126 3017
5075 2 2 5 1 1832 1297 2725
5076 2 2 5 1 1855 426 3023
5077 2 2 5 1 1016 1693 2698
5078 2 2 5 1 2444 488 2667
5079 2 2 5 1 280 2539 2965
5080 2 2 5 1 1225 2019 3374
5081 2 2 5 1 342 1672 3276
5082 2 2 5 1 739 2152 2776
5083 2 2 5 1 626 1674 3242
5084 2 2 5 1 1951 1048 2234
5085 2 2 5 1 115 116 2835
5086 2 2 5 1 1203 1829 2463
5087 2 2 5 1 1737 1541 3050
5088 2 2 5 1 1699 1000 2688
5089 2 2 5 1 1677 928 3333
5090 2 2 5 1 1013 1869 3403
5091 2 2 5 1 213 214 2378
5092 2 2 5 1 2016 952 2579
5093 2 2 5 1 104 2016 2579
5094 2 2 5 1 2294 1703 3355
5095 2 2 5 1 1032 2567 2649
5096 2 2 5 1 124 1674 3138
5097 2 2 5 1 901 2636 3425
5098 2 2 5 1 913 1850 2952
5099 2 2 5 1 1254 2334 2669
5100 2 2 5 1 1881 792 3154
5101 2 2 5 1 2097 701 2187
5102 2 2 5 1 1872 799 2330
5103 2 2 5 1 652 1741 3178
5104 2 2 5 1 744 1937 2605
5105 2 2 5 1 1800 437 2662
5106 2 2 5 1 2636 1568 3425
5107 2 2 5 1 1707 682 2919
5108 2 2 5 1 185 186 2393
5109 2 2 5 1 250 251 2787
5110 2 2 5 1 1701 401 3400
5111 2 2 5 1 2920 1393 2956
5112 2 2 5 1 1730 941 3085
5113 2 2 5 1 2539 1318 2965
5114 2 2 5 1 3113 1088 3173
5115 2 2 5 1 994 1855 3023
5116 2 2 5 1 1701 636 2796
5117 2 2 5 1 707 1678 3064
5118 2 2 5 1 1902 1124 2763
5119 2 2 5 1 246 247 3427
5120 2 2 5 1 1544 1825 3401
5121 2 2 5 1 2443 862 3107
5122 2 2 5 1 2504 1177 2939
5123 2 2 5 1 1699 877 2835
5124 2 2 5 1 116 1699 2835
5125 2 2 5 1 315 2065 2548
5126 2 2 5 1 303 1779 2666
5127 2 2 5 1 2031 924 2894
5128 2 2 5 1 353 1730 3085
5129 2 2 5 1 406 1687 2937
5130 2 2 5 1 414 1677 3333
5131 2 2 5 1 1134 2310 3356
5132 2 2 5 1 1777 17 2720
5133 2 2 5 1 1555 2898 3164
5134 2 2 5 1 2898 693 3164
5135 2 2 5 1 776 2256 2897
5136 2 2 5 1 438 1790 2701
5137 2 2 5 1 395 1734 2625
5138 2 2 5 1 941 1730 2647
5139 2 2 5 1 1843 702 2805
5140 2 2 5 1 686 1806 2482
5141 2 2 5 1 1902 893 3377
5142 2 2 5 1 1124 1902 3377
5143 2 2 5 1 844 1816 2456
5144 2 2 5 1 413 2128 3401
5145 2 2 5 1 636 1686 3469
5146 2 2 5 1 164 165 2427
5147 2 2 5 1 328 2495 2664
5148 2 2 5 1 1732 698 2687
5149 2 2 5 1 1957 43 2410
5150 2 2 5 1 1847 831 2412
5151 2 2 5 1 1292 2286 3449
5152 2 2 5 1 962 1777 2720
5153 2 2 5 1 1037 1897 3140
5154 2 2 5 1 1897 302 3140
5155 2 2 5 1 534 2062 3196
5156 2 2 5 1 2062 1178 3196
5157 2 2 5 1 1488 2111 2396
5158 2 2 5 1 1695 938 3136
5159 2 2 5 1 562 1695 3136
5160 2 2 5 1 1972 805 2702
5161 2 2 5 1 784 1694 2867
5162 2 2 5 1 970 2385 2572
5163 2 2 5 1 821 1908 2810
5164 2 2 5 1 1828 663 3113
5165 2 2 5 1 860 2588 2716
5166 2 2 5 1 2588 1253 2716
5167 2 2 5 1 1444 2737 3431
5168 2 2 5 1 1779 652 3178
5169 2 2 5 1 1882 1065 3258
5170 2 2 5 1 340 1882 3258
5171 2 2 5 1 1784 818 2828
5172 2 2 5 1 981 1766 3227
5173 2 2 5 1 1766 535 3227
5174 2 2 5 1 1994 1273 2553
5175 2 2 5 1 1783 446 2559
5176 2 2 5 1 842 2367 3011
5177 2 2 5 1 129 130 2458
5178 2 2 5 1 174 175 2926
5179 2 2 5 1 2137 692 3143
5180 2 2 5 1 748 2037 2766
5181 2 2 5 1 389 1742 2879
5182 2 2 5 1 1822 760 2477
5183 2 2 5 1 1694 784 3464
5184 2 2 5 1 1763 506 2760
5185 2 2 5 1 984 2988 3215
5186 2 2 5 1 316 1820 2549
5187 2 2 5 1 1155 1862 2424
5188 2 2 5 1 1032 2042 2567
5189 2 2 5 1 2485 984 3215
5190 2 2 5 1 1302 2431 2997
5191 2 2 5 1 2474 850 2945
5192 2 2 5 1 1216 1856 2934
5193 2 2 5 1 428 1708 2802
5194 2 2 5 1 1815 843 2764
5195 2 2 5 1 735 1883 3236
5196 2 2 5 1 423 1694 3179
5197 2 2 5 1 1694 942 3179
5198 2 2 5 1 1778 996 3412
5199 2 2 5 1 1839 688 2588
5200 2 2 5 1 860 1839 2588
5201 2 2 5 1 849 1719 3474
5202 2 2 5 1 827 1707 2919
5203 2 2 5 1 1866 1171 2638
5204 2 2 5 1 2409 1337 3408
5205 2 2 5 1 1928 591 2653
5206 2 2 5 1 1693 1016 2992
5207 2 2 5 1 1762 886 2887
5208 2 2 5 1 351 1762 2887
5209 2 2 5 1 2215 318 2808
5210 2 2 5 1 2002 1499 2805
5211 2 2 5 1 1035 2097 2187
5212 2 2 5 1 1756 442 3248
5213 2 2 5 1 1733 999 2755
5214 2 2 5 1 2523 497 3239
5215 2 2 5 1 1899 393 2375
5216 2 2 5 1 2541 858 2552
5217 2 2 5 1 2160 1191 3108
5218 2 2 5 1 491 2160 3108
5219 2 2 5 1 553 2882 3329
5220 2 2 5 1 295 1750 3104
5221 2 2 5 1 462 2475 2688
5222 2 2 5 1 751 1746 2681
5223 2 2 5 1 853 1782 2733
5224 2 2 5 1 461 1747 2692
5225 2 2 5 1 936 1755 3419
5226 2 2 5 1 1239 2025 2576
5227 2 2 5 1 334 1721 2813
5228 2 2 5 1 3462 2257 3489
5229 2 2 5 1 805 1893 2395
5230 2 2 5 1 2 21 3253
5231 2 2 5 1 49 50 2481
5232 2 2 5 1 1691 282 3390
5233 2 2 5 1 479 1950 3350
5234 2 2 5 1 1950 1137 3350
5235 2 2 5 1 990 2271 2276
5236 2 2 5 1 2758 341 3173
5237 2 2 5 1 1480 2758 3173
5238 2 2 5 1 1674 3081 3242
5239 2 2 5 1 3081 955 3242
5240 2 2 5 1 2011 771 2265
5241 2 2 5 1 1891 250 2787
5242 2 2 5 1 856 1720 2841
5243 2 2 5 1 1861 765 2452
5244 2 2 5 1 1154 1745 3098
5245 2 2 5 1 1128 2445 3467
5246 2 2 5 1 317 2320 2912
5247 2 2 5 1 308 1857 2555
5248 2 2 5 1 1857 851 2555
5249 2 2 5 1 2248 944 3102
5250 2 2 5 1 734 2467 3266
5251 2 2 5 1 1705 385 3197
5252 2 2 5 1 1716 888 2861
5253 2 2 5 1 2050 537 3321
5254 2 2 5 1 2232 898 2964
5255 2 2 5 1 1388 2947 3381
5256 2 2 5 1 1820 811 2549
5257 2 2 5 1 245 246 3005
5258 2 2 5 1 2395 404 3115
5259 2 2 5 1 373 1884 3363
5260 2 2 5 1 917 2118 2514
5261 2 2 5 1 2151 1152 3052
5262 2 2 5 1 2320 1193 2912
5263 2 2 5 1 668 1711 3284
5264 2 2 5 1 2117 739 2776
5265 2 2 5 1 1918 900 3338
5266 2 2 5 1 204 205 2497
5267 2 2 5 1 1081 2381 2712
5268 2 2 5 1 999 1733 2814
5269 2 2 5 1 1203 2463 2885
5270 2 2 5 1 2370 433 2708
5271 2 2 5 1 700 1698 3232
5272 2 2 5 1 1077 2377 2988
5273 2 2 5 1 161 162 2846
5274 2 2 5 1 1830 157 2519
5275 2 2 5 1 247 248 2550
5276 2 2 5 1 1952 916 2948
5277 2 2 5 1 1767 869 2690
5278 2 2 5 1 2325 525 2904
5279 2 2 5 1 100 2263 3146
5280 2 2 5 1 1786 843 2678
5281 2 2 5 1 285 1793 2669
5282 2 2 5 1 794 2311 2312
5283 2 2 5 1 2311 1056 2312
5284 2 2 5 1 271 1732 2842
5285 2 2 5 1 237 2229 2738
5286 2 2 5 1 2102 1195 3478
5287 2 2 5 1 811 1755 2732
5288 2 2 5 1 830 1701 3400
5289 2 2 5 1 871 1759 2686
5290 2 2 5 1 2263 101 3322
5291 2 2 5 1 2271 803 2276
5292 2 2 5 1 1046 2516 3264
5293 2 2 5 1 1911 246 3427
5294 2 2 5 1 1779 815 2666
5295 2 2 5 1 831 2009 2369
5296 2 2 5 1 2130 995 3117
5297 2 2 5 1 663 1875 3113
5298 2 2 5 1 158 159 2696
5299 2 2 5 1 444 2724 3370
5300 2 2 5 1 808 1914 3124
5301 2 2 5 1 951 1705 3197
5302 2 2 5 1 1970 1105 2326
5303 2 2 5 1 1333 2338 3323
5304 2 2 5 1 2338 528 3323
5305 2 2 5 1 1336 2422 2746
5306 2 2 5 1 1159 1769 2715
5307 2 2 5 1 2861 420 2995
5308 2 2 5 1 142 1896 2878
5309 2 2 5 1 153 154 2530
5310 2 2 5 1 820 1927 2389
5311 2 2 5 1 1706 675 3288
5312 2 2 5 1 2696 1474 3231
5313 2 2 5 1 1130 2696 3231
5314 2 2 5 1 347 2136 2856
5315 2 2 5 1 2055 305 2814
5316 2 2 5 1 169 170 2535
5317 2 2 5 1 806 2399 2400
5318 2 2 5 1 2399 1101 2400
5319 2 2 5 1 1767 316 2858
5320 2 2 5 1 869 1767 2858
5321 2 2 5 1 2012 358 2734
5322 2 2 5 1 962 1706 3288
5323 2 2 5 1 1107 2285 2766
5324 2 2 5 1 286 1709 3342
5325 2 2 5 1 767 1742 2829
5326 2 2 5 1 1719 613 3474
5327 2 2 5 1 1811 549 3332
5328 2 2 5 1 1016 1811 3332
5329 2 2 5 1 1838 1027 2987
5330 2 2 5 1 98 1838 2987
5331 2 2 5 1 2285 748 2766
5332 2 2 5 1 2140 1133 2868
5333 2 2 5 1 1334 2933 3057
5334 2 2 5 1 1708 428 3426
5335 2 2 5 1 2010 1335 2411
5336 2 2 5 1 822 2010 2411
5337 2 2 5 1 283 2094 3039
5338 2 2 5 1 2094 1103 3039
5339 2 2 5 1 831 2221 2961
5340 2 2 5 1 1793 835 2669
5341 2 2 5 1 566 2034 3082
5342 2 2 5 1 1714 342 3276
5343 2 2 5 1 1103 2094 3222
5344 2 2 5 1 819 1957 2410
5345 2 2 5 1 513 1858 3053
5346 2 2 5 1 1739 644 2880
5347 2 2 5 1 773 2396 2636
5348 2 2 5 1 1934 2420 3270
5349 2 2 5 1 2070 744 2605
5350 2 2 5 1 1878 1042 2489
5351 2 2 5 1 2022 750 2591
5352 2 2 5 1 1185 1715 3074
5353 2 2 5 1 689 1773 2765
5354 2 2 5 1 149 150 2601
5355 2 2 5 1 1196 2066 3036
5356 2 2 5 1 2471 881 2680
5357 2 2 5 1 2099 1172 3105
5358 2 2 5 1 1109 1999 2833
5359 2 2 5 1 966 2273 2630
5360 2 2 5 1 909 1714 3276
5361 2 2 5 1 1901 111 2455
5362 2 2 5 1 2019 785 2298
5363 2 2 5 1 1049 1724 3439
5364 2 2 5 1 1934 780 2420
5365 2 2 5 1 2317 337 2957
5366 2 2 5 1 1721 1053 3436
5367 2 2 5 1 1727 670 3468
5368 2 2 5 1 1006 1727 3468
5369 2 2 5 1 2501 836 3368
5370 2 2 5 1 1012 1990 2375
5371 2 2 5 1 514 1707 3017
5372 2 2 5 1 2144 338 2853
5373 2 2 5 1 2463 656 2885
5374 2 2 5 1 2935 1340 3444
5375 2 2 5 1 1762 351 2816
5376 2 2 5 1 646 1841 2556
5377 2 2 5 1 1775 617 3421
5378 2 2 5 1 1858 977 3053
5379 2 2 5 1 639 1731 3330
5380 2 2 5 1 1703 348 3355
5381 2 2 5 1 1725 967 3194
5382 2 2 5 1 20 2 3253
5383 2 2 5 1 1170 2007 3182
5384 2 2 5 1 1067 2257 3462
5385 2 2 5 1 1934 428 2435
5386 2 2 5 1 2254 436 2494
5387 2 2 5 1 978 2254 2494
5388 2 2 5 1 843 1815 2678
5389 2 2 5 1 1160 2550 3132
5390 2 2 5 1 2550 1358 3132
5391 2 2 5 1 103 104 2579
5392 2 2 5 1 811 1820 2606
5393 2 2 5 1 2882 1446 3329
5394 2 2 5 1 1497 2068 3423
5395 2 2 5 1 2084 966 2630
5396 2 2 5 1 726 2084 2630
5397 2 2 5 1 2053 1052 2758
5398 2 2 5 1 1727 371 3168
5399 2 2 5 1 952 2016 2512
5400 2 2 5 1 2016 1120 2512
5401 2 2 5 1 1726 421 3290
5402 2 2 5 1 1063 2144 2853
5403 2 2 5 1 1890 841 2685
5404 2 2 5 1 714 2433 3328
5405 2 2 5 1 1080 1734 3362
5406 2 2 5 1 2875 1264 3342
5407 2 2 5 1 2408 408 2686
5408 2 2 5 1 211 2010 3119
5409 2 2 5 1 969 2336 2761
5410 2 2 5 1 2336 1117 2761
5411 2 2 5 1 76 77 2594
5412 2 2 5 1 1082 2541 2552
5413 2 2 5 1 731 2478 3218
5414 2 2 5 1 1917 921 2854
5415 2 2 5 1 539 2067 3310
5416 2 2 5 1 416 2348 2672
5417 2 2 5 1 1964 1735 3261
5418 2 2 5 1 2516 320 2901
5419 2 2 5 1 1241 2516 2901
5420 2 2 5 1 1850 627 2952
5421 2 2 5 1 1938 750 2840
5422 2 2 5 1 1436 2523 3239
5423 2 2 5 1 1652 2339 3222
5424 2 2 5 1 494 2117 3221
5425 2 2 5 1 1757 971 3290
5426 2 2 5 1 421 1757 3290
5427 2 2 5 1 703 2000 3243
5428 2 2 5 1 537 2050 2345
5429 2 2 5 1 1815 547 2678
5430 2 2 5 1 2845 1112 3487
5431 2 2 5 1 1631 2845 3487
5432 2 2 5 1 291 1784 2828
5433 2 2 5 1 2050 861 2345
5434 2 2 5 1 2699 906 3108
5435 2 2 5 1 1390 3437 3444
5436 2 2 5 1 1224 2395 3115
5437 2 2 5 1 893 1902 2712
5438 2 2 5 1 1902 503 2712
5439 2 2 5 1 2119 1284 2709
5440 2 2 5 1 485 2119 2709
5441 2 2 5 1 837 1962 2426
5442 2 2 5 1 1775 934 3106
5443 2 2 5 1 617 1775 3106
5444 2 2 5 1 309 1920 3084
5445 2 2 5 1 74 75 2609
5446 2 2 5 1 88 89 2610
5447 2 2 5 1 547 2615 3244
5448 2 2 5 1 1740 1071 3465
5449 2 2 5 1 973 2221 2369
5450 2 2 5 1 866 1823 2667
5451 2 2 5 1 617 1738 3421
5452 2 2 5 1 1738 347 3422
5453 2 2 5 1 1002 2973 3378
5454 2 2 5 1 336 2212 3055
5455 2 2 5 1 2068 1406 2714
5456 2 2 5 1 647 1793 2798
5457 2 2 5 1 178 179 2617
5458 2 2 5 1 1098 2083 3167
5459 2 2 5 1 2009 460 2369
5460 2 2 5 1 2565 1138 3018
5461 2 2 5 1 1781 1064 2866
5462 2 2 5 1 1142 2898 3186
5463 2 2 5 1 2157 1150 2634
5464 2 2 5 1 729 2157 2634
5465 2 2 5 1 2037 748 2319
5466 2 2 5 1 2104 746 2288
5467 2 2 5 1 2500 2024 3220
5468 2 2 5 1 246 1911 3005
5469 2 2 5 1 2190 842 2725
5470 2 2 5 1 1735 1300 3261
5471 2 2 5 1 953 1938 2840
5472 2 2 5 1 359 1739 3344
5473 2 2 5 1 822 2411 3078
5474 2 2 5 1 234 235 2632
5475 2 2 5 1 2168 1107 2959
5476 2 2 5 1 1877 453 2561
5477 2 2 5 1 1886 638 3206
5478 2 2 5 1 2683 1139 3406
5479 2 2 5 1 1865 657 2586
5480 2 2 5 1 2179 1532 3095
5481 2 2 5 1 1761 963 3270
5482 2 2 5 1 575 1761 3270
5483 2 2 5 1 700 1818 3151
5484 2 2 5 1 366 2137 3006
5485 2 2 5 1 2137 1100 3006
5486 2 2 5 1 222 223 2643
5487 2 2 5 1 2000 1094 3243
5488 2 2 5 1 823 1756 3248
5489 2 2 5 1 1750 834 3104
5490 2 2 5 1 1100 1763 3006
5491 2 2 5 1 2386 518 3301
5492 2 2 5 1 2495 1066 2664
5493 2 2 5 1 622 2356 2744
5494 2 2 5 1 2356 1111 2744
5495 2 2 5 1 2074 1743 3410
5496 2 2 5 1 1920 996 3084
5497 2 2 5 1 642 1780 2949
5498 2 2 5 1 681 1974 3334
5499 2 2 5 1 27 28 2659
5500 2 2 5 1 688 2313 2588
5501 2 2 5 1 2313 1253 2588
5502 2 2 5 1 982 2423 3488
5503 2 2 5 1 2415 830 2453
5504 2 2 5 1 2412 831 2961
5505 2 2 5 1 646 1757 3079
5506 2 2 5 1 316 1754 3111
5507 2 2 5 1 702 2002 2805
5508 2 2 5 1 1058 2415 2453
5509 2 2 5 1 2534 1110 2555
5510 2 2 5 1 851 2534 2555
5511 2 2 5 1 2131 500 3299
5512 2 2 5 1 1384 1988 2592
5513 2 2 5 1 854 1833 2660
5514 2 2 5 1 1879 445 3489
5515 2 2 5 1 901 1880 2794
5516 2 2 5 1 2095 779 2317
5517 2 2 5 1 2254 1627 3413
5518 2 2 5 1 190 191 2684
5519 2 2 5 1 1833 402 2660
5520 2 2 5 1 1100 2137 3143
5521 2 2 5 1 695 1798 2875
5522 2 2 5 1 1996 485 2709
5523 2 2 5 1 940 1996 2709
5524 2 2 5 1 819 2100 2308
5525 2 2 5 1 123 124 3138
5526 2 2 5 1 3 25 2671
5527 2 2 5 1 1880 492 2794
5528 2 2 5 1 893 1874 2599
5529 2 2 5 1 2225 275 3189
5530 2 2 5 1 2234 1048 3122
5531 2 2 5 1 140 1817 3162
5532 2 2 5 1 1817 1210 3162
5533 2 2 5 1 2289 978 2494
5534 2 2 5 1 932 2289 2494
5535 2 2 5 1 324 2027 2895
5536 2 2 5 1 2445 345 2774
5537 2 2 5 1 1153 2445 2774
5538 2 2 5 1 1801 541 3163
5539 2 2 5 1 952 1801 3163
5540 2 2 5 1 418 2041 2374
5541 2 2 5 1 1766 981 3365
5542 2 2 5 1 226 2682 3205
5543 2 2 5 1 2532 323 2538
5544 2 2 5 1 1820 316 3111
5545 2 2 5 1 949 1820 3111
5546 2 2 5 1 2114 275 2449
5547 2 2 5 1 2013 402 3142
5548 2 2 5 1 2454 1721 3436
5549 2 2 5 1 2072 858 2348
5550 2 2 5 1 17 18 2720
5551 2 2 5 1 1377 2388 3195
5552 2 2 5 1 1854 658 2677
5553 2 2 5 1 1923 1081 2645
5554 2 2 5 1 2363 813 2364
5555 2 2 5 1 1068 2363 2364
5556 2 2 5 1 934 1774 3106
5557 2 2 5 1 973 1813 2827
5558 2 2 5 1 854 1854 2677
5559 2 2 5 1 1805 518 2870
5560 2 2 5 1 1769 474 3182
5561 2 2 5 1 446 1783 3042
5562 2 2 5 1 1834 1262 2740
5563 2 2 5 1 1953 283 2501
5564 2 2 5 1 1945 873 3139
5565 2 2 5 1 1765 1305 3339
5566 2 2 5 1 1791 1101 2984
5567 2 2 5 1 1908 730 2726
5568 2 2 5 1 992 2542 2568
5569 2 2 5 1 841 1890 3031
5570 2 2 5 1 2354 991 2490
5571 2 2 5 1 894 2354 2490
5572 2 2 5 1 1859 752 2831
5573 2 2 5 1 309 2266 3383
5574 2 2 5 1 1760 632 3167
5575 2 2 5 1 831 1847 3153
5576 2 2 5 1 421 1798 2976
5577 2 2 5 1 1783 899 3042
5578 2 2 5 1 547 1815 3353
5579 2 2 5 1 1815 999 3353
5580 2 2 5 1 2171 1691 3390
5581 2 2 5 1 2522 491 2658
5582 2 2 5 1 801 2284 2335
5583 2 2 5 1 2284 1073 2335
5584 2 2 5 1 1773 689 3393
5585 2 2 5 1 1797 992 3470
5586 2 2 5 1 468 2511 2518
5587 2 2 5 1 2511 1066 2518
5588 2 2 5 1 536 2377 2954
5589 2 2 5 1 1977 68 3141
5590 2 2 5 1 690 1787 3062
5591 2 2 5 1 2947 1051 3381
5592 2 2 5 1 815 1779 3178
5593 2 2 5 1 2617 891 3351
5594 2 2 5 1 916 1803 2948
5595 2 2 5 1 71 2219 3442
5596 2 2 5 1 675 1777 3288
5597 2 2 5 1 2377 1185 2954
5598 2 2 5 1 765 2134 3240
5599 2 2 5 1 2099 768 2329
5600 2 2 5 1 1809 321 2911
5601 2 2 5 1 1808 296 3271
5602 2 2 5 1 3144 669 3156
5603 2 2 5 1 1590 3144 3156
5604 2 2 5 1 409 1933 2551
5605 2 2 5 1 707 1804 3037
5606 2 2 5 1 1966 161 2846
5607 2 2 5 1 1844 860 2963
5608 2 2 5 1 860 1845 2963
5609 2 2 5 1 480 2126 3389
5610 2 2 5 1 1777 962 3288
5611 2 2 5 1 85 86 2920
5612 2 2 5 1 2166 1861 3394
5613 2 2 5 1 992 2146 2542
5614 2 2 5 1 2221 831 2369
5615 2 2 5 1 325 2122 3279
5616 2 2 5 1 1763 2133 3006
5617 2 2 5 1 1062 2532 2538
5618 2 2 5 1 2484 1333 3382
5619 2 2 5 1 1781 639 3480
5620 2 2 5 1 444 1781 3481
5621 2 2 5 1 1867 650 3407
5622 2 2 5 1 33 34 2791
5623 2 2 5 1 1955 271 2536
5624 2 2 5 1 791 1874 2683
5625 2 2 5 1 682 1851 2919
5626 2 2 5 1 1904 456 2616
5627 2 2 5 1 14 15 2793
5628 2 2 5 1 258 259 2807
5629 2 2 5 1 1785 414 3333
5630 2 2 5 1 1860 2506 3478
5631 2 2 5 1 302 1897 2628
5632 2 2 5 1 1858 513 2767
5633 2 2 5 1 1010 1980 2765
5634 2 2 5 1 1980 689 2765
5635 2 2 5 1 924 2031 2629
5636 2 2 5 1 2031 475 2629
5637 2 2 5 1 2627 868 2953
5638 2 2 5 1 1289 2627 2953
5639 2 2 5 1 84 85 2956
5640 2 2 5 1 60 61 3259
5641 2 2 5 1 1976 1182 2527
5642 2 2 5 1 602 2864 2969
5643 2 2 5 1 2864 1384 2969
5644 2 2 5 1 775 2484 3382
5645 2 2 5 1 1388 1995 2947
5646 2 2 5 1 1814 1128 2938
5647 2 2 5 1 928 1785 3333
5648 2 2 5 1 655 1831 2975
5649 2 2 5 1 847 1898 2604
5650 2 2 5 1 2115 735 3236
5651 2 2 5 1 1804 878 3037
5652 2 2 5 1 1004 2976 2990
5653 2 2 5 1 661 1788 3317
5654 2 2 5 1 2142 436 3368
5655 2 2 5 1 984 2722 2988
5656 2 2 5 1 1977 821 3254
5657 2 2 5 1 1824 880 2921
5658 2 2 5 1 443 1824 2921
5659 2 2 5 1 843 2114 2449
5660 2 2 5 1 2227 464 2568
5661 2 2 5 1 967 2227 2568
5662 2 2 5 1 1121 1877 2713
5663 2 2 5 1 1485 2795 3314
5664 2 2 5 1 2248 3102 3441
5665 2 2 5 1 425 2030 2757
5666 2 2 5 1 2030 1003 2757
5667 2 2 5 1 176 1978 3223
5668 2 2 5 1 2657 1239 2800
5669 2 2 5 1 801 1843 2805
5670 2 2 5 1 1962 837 3099
5671 2 2 5 1 11 12 2850
5672 2 2 5 1 117 118 2855
5673 2 2 5 1 2314 1247 3373
5674 2 2 5 1 446 2367 2559
5675 2 2 5 1 2795 685 3314
5676 2 2 5 1 1799 1296 3471
5677 2 2 5 1 135 136 2859
5678 2 2 5 1 347 1867 3422
5679 2 2 5 1 1794 626 3242
5680 2 2 5 1 955 1794 3242
5681 2 2 5 1 1852 655 2975
5682 2 2 5 1 468 2211 2363
5683 2 2 5 1 1106 1809 3045
5684 2 2 5 1 976 1976 2527
5685 2 2 5 1 268 2673 3072
5686 2 2 5 1 2673 1344 3072
5687 2 2 5 1 2065 792 2548
5688 2 2 5 1 2218 765 3240
5689 2 2 5 1 517 2085 2468
5690 2 2 5 1 2085 1018 2468
5691 2 2 5 1 141 142 2878
5692 2 2 5 1 814 2020 2546
5693 2 2 5 1 3116 982 3488
5694 2 2 5 1 405 2657 2800
5695 2 2 5 1 821 1977 3141
5696 2 2 5 1 2061 328 2664
5697 2 2 5 1 47 48 2892
5698 2 2 5 1 858 2072 2552
5699 2 2 5 1 3067 1104 3207
5700 2 2 5 1 921 1846 2854
5701 2 2 5 1 2111 391 2396
5702 2 2 5 1 255 256 2906
5703 2 2 5 1 2078 652 3472
5704 2 2 5 1 55 56 3346
5705 2 2 5 1 1929 676 2614
5706 2 2 5 1 717 1983 3300
5707 2 2 5 1 2492 350 2783
5708 2 2 5 1 1157 2492 2783
5709 2 2 5 1 805 2395 2702
5710 2 2 5 1 41 42 2910
5711 2 2 5 1 2599 479 3377
5712 2 2 5 1 105 106 3120
5713 2 2 5 1 1924 726 2630
5714 2 2 5 1 2140 526 3166
5715 2 2 5 1 856 1892 3076
5716 2 2 5 1 995 2130 3448
5717 2 2 5 1 1348 2077 2531
5718 2 2 5 1 1174 2951 3328
5719 2 2 5 1 1885 845 2751
5720 2 2 5 1 2020 1003 3020
5721 2 2 5 1 199 2020 3020
5722 2 2 5 1 2567 951 2649
5723 2 2 5 1 70 71 3442
5724 2 2 5 1 2296 1161 3038
5725 2 2 5 1 523 2296 3038
5726 2 2 5 1 1185 2377 3172
5727 2 2 5 1 405 2083 3109
5728 2 2 5 1 489 2339 3158
5729 2 2 5 1 2339 1217 3158
5730 2 2 5 1 2077 129 2458
5731 2 2 5 1 2218 1257 3450
5732 2 2 5 1 388 2218 3450
5733 2 2 5 1 873 2798 2852
5734 2 2 5 1 26 4 2890
5735 2 2 5 1 998 1844 3331
5736 2 2 5 1 2428 879 2638
5737 2 2 5 1 166 167 2936
5738 2 2 5 1 2162 60 3259
5739 2 2 5 1 269 1818 3018
5740 2 2 5 1 2151 857 2538
5741 2 2 5 1 1461 1918 3338
5742 2 2 5 1 1045 1801 3389
5743 2 2 5 1 2182 208 3297
5744 2 2 5 1 865 2077 2458
5745 2 2 5 1 1024 2955 3144
5746 2 2 5 1 2359 263 2627
5747 2 2 5 1 1289 2359 2627
5748 2 2 5 1 132 133 2966
5749 2 2 5 1 227 1906 2682
5750 2 2 5 1 1998 773 2636
5751 2 2 5 1 2691 1215 3409
5752 2 2 5 1 1892 856 2841
5753 2 2 5 1 2909 1366 2942
5754 2 2 5 1 842 2190 2367
5755 2 2 5 1 1189 2182 3297
5756 2 2 5 1 2348 416 2414
5757 2 2 5 1 810 1928 2653
5758 2 2 5 1 2297 997 2876
5759 2 2 5 1 2061 850 2474
5760 2 2 5 1 208 209 3297
5761 2 2 5 1 1133 2140 3166
5762 2 2 5 1 2216 764 2982
5763 2 2 5 1 1431 2931 3075
5764 2 2 5 1 2931 931 3075
5765 2 2 5 1 2587 1209 2832
5766 2 2 5 1 97 98 2987
5767 2 2 5 1 993 2958 3055
5768 2 2 5 1 2958 1435 3055
5769 2 2 5 1 1399 1867 2856
5770 2 2 5 1 1820 949 3283
5771 2 2 5 1 915 2315 2341
5772 2 2 5 1 2315 906 2341
5773 2 2 5 1 2316 905 2340
5774 2 2 5 1 914 2316 2340
5775 2 2 5 1 908 1891 2787
5776 2 2 5 1 901 1998 2636
5777 2 2 5 1 1043 1879 3489
5778 2 2 5 1 998 2169 3458
5779 2 2 5 1 2134 505 3240
5780 2 2 5 1 1845 314 2963
5781 2 2 5 1 2821 514 3017
5782 2 2 5 1 333 1915 3455
5783 2 2 5 1 1915 1074 3455
5784 2 2 5 1 1935 295 3104
5785 2 2 5 1 1054 1824 3107
5786 2 2 5 1 939 2587 2832
5787 2 2 5 1 198 199 3020
5788 2 2 5 1 29 30 3026
5789 2 2 5 1 31 32 3027
5790 2 2 5 1 510 2999 3356
5791 2 2 5 1 1980 1010 3145
5792 2 2 5 1 427 1980 3145
5793 2 2 5 1 412 2909 2942
5794 2 2 5 1 847 2604 3181
5795 2 2 5 1 1157 2143 2571
5796 2 2 5 1 1842 1229 3003
5797 2 2 5 1 399 1969 3035
5798 2 2 5 1 1008 2471 2680
5799 2 2 5 1 260 261 3090
5800 2 2 5 1 750 1938 2705
5801 2 2 5 1 2010 822 3119
5802 2 2 5 1 2232 2964 3405
5803 2 2 5 1 2155 877 2475
5804 2 2 5 1 1175 2155 2475
5805 2 2 5 1 550 2454 3436
5806 2 2 5 1 874 1852 2975
5807 2 2 5 1 121 122 3069
5808 2 2 5 1 774 2321 2980
5809 2 2 5 1 2883 1323 2914
5810 2 2 5 1 2734 985 3188
5811 2 2 5 1 1392 2734 3188
5812 2 2 5 1 252 253 3094
5813 2 2 5 1 916 1952 2661
5814 2 2 5 1 2993 333 3455
5815 2 2 5 1 1054 2522 2658
5816 2 2 5 1 1153 1903 2784
5817 2 2 5 1 982 2694 2781
5818 2 2 5 1 1825 653 3199
5819 2 2 5 1 1145 2162 3259
5820 2 2 5 1 2483 1442 3285
5821 2 2 5 1 2219 1213 3442
5822 2 2 5 1 2623 1134 3193
5823 2 2 5 1 296 1870 3271
5824 2 2 5 1 1870 668 3284
5825 2 2 5 1 1988 610 2592
5826 2 2 5 1 1069 2172 2430
5827 2 2 5 1 2002 1765 3339
5828 2 2 5 1 1369 2255 3366
5829 2 2 5 1 2003 483 2665
5830 2 2 5 1 2333 1151 2981
5831 2 2 5 1 9 10 3096
5832 2 2 5 1 2193 1291 3039
5833 2 2 5 1 1103 2193 3039
5834 2 2 5 1 99 100 3146
5835 2 2 5 1 2127 1334 3057
5836 2 2 5 1 490 2127 3057
5837 2 2 5 1 887 2003 2665
5838 2 2 5 1 2110 472 2792
5839 2 2 5 1 706 1821 3447
5840 2 2 5 1 1075 2081 3251
5841 2 2 5 1 2204 995 2771
5842 2 2 5 1 756 2204 2771
5843 2 2 5 1 979 2883 2914
5844 2 2 5 1 2025 666 2576
5845 2 2 5 1 1932 482 2953
5846 2 2 5 1 113 114 3260
5847 2 2 5 1 137 138 3161
5848 2 2 5 1 139 140 3162
5849 2 2 5 1 1908 390 2810
5850 2 2 5 1 1873 707 3037
5851 2 2 5 1 1846 921 3086
5852 2 2 5 1 937 2371 2461
5853 2 2 5 1 230 231 3192
5854 2 2 5 1 717 1992 3228
5855 2 2 5 1 1187 1952 3292
5856 2 2 5 1 1952 109 3292
5857 2 2 5 1 2042 524 2567
5858 2 2 5 1 2072 859 2939
5859 2 2 5 1 57 58 3476
5860 2 2 5 1 2709 1284 2944
5861 2 2 5 1 940 2709 2944
5862 2 2 5 1 2077 865 2531
5863 2 2 5 1 975 2110 2792
5864 2 2 5 1 53 54 3200
5865 2 2 5 1 1992 1044 3228
5866 2 2 5 1 2416 821 2810
5867 2 2 5 1 930 3093 3239
5868 2 2 5 1 3193 1134 3356
5869 2 2 5 1 2136 786 2856
5870 2 2 5 1 175 176 3223
5871 2 2 5 1 1852 353 3085
5872 2 2 5 1 792 2210 2548
5873 2 2 5 1 2671 1916 3243
5874 2 2 5 1 884 1876 3392
5875 2 2 5 1 1655 3193 3356
5876 2 2 5 1 155 156 3241
5877 2 2 5 1 2733 607 2943
5878 2 2 5 1 1286 2733 2943
5879 2 2 5 1 873 1945 2754
5880 2 2 5 1 924 2743 2894
5881 2 2 5 1 2743 1274 2894
5882 2 2 5 1 45 46 3267
5883 2 2 5 1 1027 1838 3246
5884 2 2 5 1 1945 728 2754
5885 2 2 5 1 1878 680 3255
5886 2 2 5 1 1126 2509 2886
5887 2 2 5 1 855 2067 3184
5888 2 2 5 1 1864 822 3078
5889 2 2 5 1 109 110 3292
5890 2 2 5 1 1842 2331 3484
5891 2 2 5 1 182 183 3309
5892 2 2 5 1 2772 1357 3100
5893 2 2 5 1 553 2772 3100
5894 2 2 5 1 101 102 3322
5895 2 2 5 1 506 1972 2702
5896 2 2 5 1 959 1885 3123
5897 2 2 5 1 1861 262 3394
5898 2 2 5 1 2066 438 3036
5899 2 2 5 1 2469 1312 3394
5900 2 2 5 1 2072 457 2552
5901 2 2 5 1 1967 619 2718
5902 2 2 5 1 39 40 3446
5903 2 2 5 1 37 38 3491
5904 2 2 5 1 1350 2545 3352
5905 2 2 5 1 323 2151 2538
5906 2 2 5 1 215 216 3451
5907 2 2 5 1 402 2013 2660
5908 2 2 5 1 1949 281 2871
5909 2 2 5 1 431 2087 2745
5910 2 2 5 1 2087 943 2745
5911 2 2 5 1 469 1836 3432
5912 2 2 5 1 2373 115 2835
5913 2 2 5 1 2650 536 2954
5914 2 2 5 1 954 1886 3206
5915 2 2 5 1 1301 2032 2767
5916 2 2 5 1 730 2073 2726
5917 2 2 5 1 272 2311 3361
5918 2 2 5 1 918 2117 2776
5919 2 2 5 1 2358 1539 2828
5920 2 2 5 1 3140 1441 3334
5921 2 2 5 1 2545 355 3352
5922 2 2 5 1 930 1986 2968
5923 2 2 5 1 635 2922 3262
5924 2 2 5 1 899 2069 2632
5925 2 2 5 1 846 2274 2618
5926 2 2 5 1 913 1949 2871
5927 2 2 5 1 2095 1036 3087
5928 2 2 5 1 531 2095 3087
5929 2 2 5 1 672 1880 3425
5930 2 2 5 1 1259 2650 2954
5931 2 2 5 1 2197 1209 2587
5932 2 2 5 1 1244 1848 3308
5933 2 2 5 1 493 1842 3484
5934 2 2 5 1 2107 855 3184
5935 2 2 5 1 2542 967 2568
5936 2 2 5 1 262 2469 3394
5937 2 2 5 1 1492 2993 3455
5938 2 2 5 1 1191 2699 3108
5939 2 2 5 1 2069 234 2632
5940 2 2 5 1 1871 972 3126
5941 2 2 5 1 2049 1390 3444
5942 2 2 5 1 600 2197 2587
5943 2 2 5 1 881 2305 2680
5944 2 2 5 1 1538 2865 3490
5945 2 2 5 1 2865 1046 3490
5946 2 2 5 1 2464 1039 3404
5947 2 2 5 1 1844 998 3458
5948 2 2 5 1 520 1844 3458
5949 2 2 5 1 1875 1088 3113
5950 2 2 5 1 2439 1019 2540
5951 2 2 5 1 2081 327 3251
5952 2 2 5 1 2123 945 3347
5953 2 2 5 1 2027 798 2895
5954 2 2 5 1 1991 411 2820
5955 2 2 5 1 1913 904 2978
5956 2 2 5 1 1998 304 2728
5957 2 2 5 1 2086 1171 3451
5958 2 2 5 1 404 2222 3115
5959 2 2 5 1 2222 1105 3115
5960 2 2 5 1 2378 879 3312
5961 2 2 5 1 2510 1044 2598
5962 2 2 5 1 722 2132 3103
5963 2 2 5 1 2132 1055 3103
5964 2 2 5 1 2003 887 3004
5965 2 2 5 1 919 2820 3040
5966 2 2 5 1 2752 499 2822
5967 2 2 5 1 1024 2403 2622
5968 2 2 5 1 2403 535 2622
5969 2 2 5 1 216 2086 3451
5970 2 2 5 1 2009 831 3153
5971 2 2 5 1 2446 516 3312
5972 2 2 5 1 900 2540 3338
5973 2 2 5 1 2527 1182 2957
5974 2 2 5 1 1892 584 3076
5975 2 2 5 1 611 2655 2668
5976 2 2 5 1 2655 1149 2668
5977 2 2 5 1 1231 2259 2681
5978 2 2 5 1 2005 1065 2724
5979 2 2 5 1 1221 2208 2911
5980 2 2 5 1 2040 1149 2655
5981 2 2 5 1 987 2584 2777
5982 2 2 5 1 2146 313 2542
5983 2 2 5 1 408 1881 3154
5984 2 2 5 1 2747 1203 3372
5985 2 2 5 1 857 2405 2538
5986 2 2 5 1 705 2131 2654
5987 2 2 5 1 941 2510 2598
5988 2 2 5 1 1025 2557 3262
5989 2 2 5 1 892 1936 3201
5990 2 2 5 1 1049 2070 2605
5991 2 2 5 1 877 2155 3260
5992 2 2 5 1 1870 876 3271
5993 2 2 5 1 919 1991 2820
5994 2 2 5 1 3135 1447 3203
5995 2 2 5 1 876 1870 3284
5996 2 2 5 1 1060 2495 2656
5997 2 2 5 1 2495 328 2656
5998 2 2 5 1 1195 1860 3478
5999 2 2 5 1 868 1932 2953
6000 2 2 5 1 2273 881 2736
6001 2 2 5 1 2006 661 3317
6002 2 2 5 1 337 2527 2957
6003 2 2 5 1 1047 2006 3317
6004 2 2 5 1 2193 489 3188
6005 2 2 5 1 989 2421 2569
6006 2 2 5 1 2421 564 2569
6007 2 2 5 1 2881 1009 3128
6008 2 2 5 1 484 1945 3139
6009 2 2 5 1 3093 1436 3239
6010 2 2 5 1 934 1966 2846
6011 2 2 5 1 2259 751 2681
6012 2 2 5 1 1985 415 2777
6013 2 2 5 1 694 1964 3261
6014 2 2 5 1 1184 2508 2689
6015 2 2 5 1 464 2438 2568
6016 2 2 5 1 2438 992 2568
6017 2 2 5 1 302 2389 2600
6018 2 2 5 1 1974 681 3285
6019 2 2 5 1 1014 1974 3285
6020 2 2 5 1 450 1912 3061
6021 2 2 5 1 1755 2606 3419
6022 2 2 5 1 2380 807 3015
6023 2 2 5 1 433 2370 2680
6024 2 2 5 1 2370 1008 2680
6025 2 2 5 1 850 2061 2664
6026 2 2 5 1 867 2121 3330
6027 2 2 5 1 2955 1024 3186
6028 2 2 5 1 2554 590 2645
6029 2 2 5 1 1081 2554 2645
6030 2 2 5 1 4 2472 2890
6031 2 2 5 1 866 2667 3470
6032 2 2 5 1 1097 2818 3380
6033 2 2 5 1 1066 2511 2664
6034 2 2 5 1 2511 850 2664
6035 2 2 5 1 2428 1002 2446
6036 2 2 5 1 2892 1047 3317
6037 2 2 5 1 470 2053 2710
6038 2 2 5 1 2053 903 2710
6039 2 2 5 1 2433 1174 3328
6040 2 2 5 1 2694 982 3116
6041 2 2 5 1 1372 2694 3116
6042 2 2 5 1 2562 1021 2904
6043 2 2 5 1 1876 361 3392
6044 2 2 5 1 1880 901 3425
6045 2 2 5 1 2347 823 2847
6046 2 2 5 1 627 1954 2952
6047 2 2 5 1 918 2056 2778
6048 2 2 5 1 2056 288 2778
6049 2 2 5 1 988 2060 3435
6050 2 2 5 1 2100 819 2621
6051 2 2 5 1 437 2340 2662
6052 2 2 5 1 927 2109 2970
6053 2 2 5 1 2181 795 2624
6054 2 2 5 1 894 2490 3437
6055 2 2 5 1 755 1969 2902
6056 2 2 5 1 368 1943 3349
6057 2 2 5 1 1061 2131 3299
6058 2 2 5 1 2615 1207 3244
6059 2 2 5 1 1382 3060 3299
6060 2 2 5 1 976 2468 2603
6061 2 2 5 1 2468 1018 2603
6062 2 2 5 1 271 1955 3257
6063 2 2 5 1 1955 989 3257
6064 2 2 5 1 1914 465 3124
6065 2 2 5 1 2210 990 2548
6066 2 2 5 1 2439 900 3067
6067 2 2 5 1 1048 1951 3481
6068 2 2 5 1 1951 444 3481
6069 2 2 5 1 2371 936 2461
6070 2 2 5 1 431 2033 3157
6071 2 2 5 1 1949 913 3073
6072 2 2 5 1 2041 2597 3456
6073 2 2 5 1 872 2202 3158
6074 2 2 5 1 322 2236 2741
6075 2 2 5 1 2973 1263 3378
6076 2 2 5 1 279 3135 3203
6077 2 2 5 1 1024 2622 3186
6078 2 2 5 1 490 2316 3022
6079 2 2 5 1 784 2225 3189
6080 2 2 5 1 1921 1269 3021
6081 2 2 5 1 2201 1226 3386
6082 2 2 5 1 3437 559 3444
6083 2 2 5 1 487 2068 2714
6084 2 2 5 1 2194 722 3103
6085 2 2 5 1 1538 2194 3103
6086 2 2 5 1 930 1983 3093
6087 2 2 5 1 402 2426 2585
6088 2 2 5 1 1126 2886 3384
6089 2 2 5 1 879 2428 2446
6090 2 2 5 1 2122 1043 3279
6091 2 2 5 1 2242 529 3430
6092 2 2 5 1 2212 993 3055
6093 2 2 5 1 2073 1050 2726
6094 2 2 5 1 2478 1135 3218
6095 2 2 5 1 1405 1915 3209
6096 2 2 5 1 993 1905 3420
6097 2 2 5 1 2633 1118 3087
6098 2 2 5 1 1201 2242 3430
6099 2 2 5 1 150 2251 2601
6100 2 2 5 1 2252 1524 2819
6101 2 2 5 1 1037 3140 3334
6102 2 2 5 1 711 1897 3429
6103 2 2 5 1 491 2315 2658
6104 2 2 5 1 761 2015 2928
6105 2 2 5 1 1238 2254 3413
6106 2 2 5 1 964 2729 2985
6107 2 2 5 1 2131 1061 2654
6108 2 2 5 1 2116 585 2913
6109 2 2 5 1 2708 433 3054
6110 2 2 5 1 1019 2439 2692
6111 2 2 5 1 2439 461 2692
6112 2 2 5 1 2208 502 2834
6113 2 2 5 1 2416 542 3254
6114 2 2 5 1 2341 438 2701
6115 2 2 5 1 680 1979 3255
6116 2 2 5 1 1936 441 3201
6117 2 2 5 1 983 1942 3125
6118 2 2 5 1 2311 794 3361
6119 2 2 5 1 2283 784 3189
6120 2 2 5 1 2625 1688 3457
6121 2 2 5 1 2729 1255 2985
6122 2 2 5 1 2339 1103 3222
6123 2 2 5 1 1968 883 3029
6124 2 2 5 1 61 2039 3259
6125 2 2 5 1 1281 2147 3065
6126 2 2 5 1 691 1940 3155
6127 2 2 5 1 1268 2116 2913
6128 2 2 5 1 2055 972 3043
6129 2 2 5 1 305 2055 3043
6130 2 2 5 1 106 2008 3120
6131 2 2 5 1 2771 995 3448
6132 2 2 5 1 1745 2200 3098
6133 2 2 5 1 2149 457 3269
6134 2 2 5 1 794 2328 3361
6135 2 2 5 1 2087 886 2752
6136 2 2 5 1 371 2002 3339
6137 2 2 5 1 1971 395 3457
6138 2 2 5 1 821 2416 3254
6139 2 2 5 1 2061 890 3150
6140 2 2 5 1 1969 852 3035
6141 2 2 5 1 1995 265 2947
6142 2 2 5 1 2087 431 3157
6143 2 2 5 1 993 2175 2958
6144 2 2 5 1 2175 746 2958
6145 2 2 5 1 58 1942 3476
6146 2 2 5 1 1160 1911 3427
6147 2 2 5 1 486 1962 3099
6148 2 2 5 1 1983 377 3093
6149 2 2 5 1 1383 2386 2829
6150 2 2 5 1 2386 767 2829
6151 2 2 5 1 785 2029 2891
6152 2 2 5 1 1993 654 2977
6153 2 2 5 1 1981 892 3019
6154 2 2 5 1 1964 933 3357
6155 2 2 5 1 2069 899 2799
6156 2 2 5 1 2315 915 2658
6157 2 2 5 1 1502 2304 3237
6158 2 2 5 1 428 1934 3426
6159 2 2 5 1 1244 2584 3048
6160 2 2 5 1 2469 262 3019
6161 2 2 5 1 2228 448 2620
6162 2 2 5 1 929 2228 2620
6163 2 2 5 1 3080 1412 3102
6164 2 2 5 1 2472 1154 2890
6165 2 2 5 1 2741 894 3437
6166 2 2 5 1 2251 910 2601
6167 2 2 5 1 2142 1038 3159
6168 2 2 5 1 436 2142 3159
6169 2 2 5 1 2320 317 3204
6170 2 2 5 1 2653 591 3385
6171 2 2 5 1 2373 877 3260
6172 2 2 5 1 1529 3206 3238
6173 2 2 5 1 3206 638 3238
6174 2 2 5 1 2221 973 2827
6175 2 2 5 1 274 2221 2827
6176 2 2 5 1 1434 2320 3204
6177 2 2 5 1 2525 1506 3275
6178 2 2 5 1 438 2341 3036
6179 2 2 5 1 943 2822 2901
6180 2 2 5 1 2822 1241 2901
6181 2 2 5 1 944 3080 3102
6182 2 2 5 1 912 2205 3226
6183 2 2 5 1 853 1948 3395
6184 2 2 5 1 2467 1102 3266
6185 2 2 5 1 818 2358 2828
6186 2 2 5 1 2169 2970 3458
6187 2 2 5 1 565 2691 3409
6188 2 2 5 1 265 1995 3305
6189 2 2 5 1 1995 1001 3305
6190 2 2 5 1 2051 306 3010
6191 2 2 5 1 959 2051 3010
6192 2 2 5 1 1392 2202 3393
6193 2 2 5 1 910 2488 3440
6194 2 2 5 1 2405 1062 2538
6195 2 2 5 1 890 2227 2639
6196 2 2 5 1 905 2316 3057
6197 2 2 5 1 2108 770 3033
6198 2 2 5 1 3145 1306 3440
6199 2 2 5 1 1934 963 3426
6200 2 2 5 1 2089 1113 2849
6201 2 2 5 1 276 2196 3473
6202 2 2 5 1 906 2315 3108
6203 2 2 5 1 2517 910 3440
6204 2 2 5 1 1206 1944 3321
6205 2 2 5 1 1089 2352 3070
6206 2 2 5 1 420 2057 2908
6207 2 2 5 1 1656 2217 3083
6208 2 2 5 1 478 1965 3149
6209 2 2 5 1 521 2190 2725
6210 2 2 5 1 301 1938 3371
6211 2 2 5 1 2748 355 3345
6212 2 2 5 1 900 2439 2540
6213 2 2 5 1 2278 1040 2960
6214 2 2 5 1 1380 2278 2960
6215 2 2 5 1 280 3171 3229
6216 2 2 5 1 1942 1462 3476
6217 2 2 5 1 752 2253 2831
6218 2 2 5 1 3060 1061 3299
6219 2 2 5 1 1373 2748 3345
6220 2 2 5 1 811 2480 2549
6221 2 2 5 1 1944 388 3450
6222 2 2 5 1 2508 508 3327
6223 2 2 5 1 1593 2575 3028
6224 2 2 5 1 3059 1379 3066
6225 2 2 5 1 1017 3059 3066
6226 2 2 5 1 451 2074 3410
6227 2 2 5 1 2610 961 2900
6228 2 2 5 1 1956 469 3367
6229 2 2 5 1 2352 527 3070
6230 2 2 5 1 528 2338 3225
6231 2 2 5 1 2395 1224 2702
6232 2 2 5 1 1113 2124 2834
6233 2 2 5 1 2334 285 2669
6234 2 2 5 1 2064 763 2951
6235 2 2 5 1 379 1964 3357
6236 2 2 5 1 1916 703 3243
6237 2 2 5 1 1471 2723 2962
6238 2 2 5 1 457 2072 2939
6239 2 2 5 1 2008 1120 3120
6240 2 2 5 1 2054 430 3126
6241 2 2 5 1 972 2054 3126
6242 2 2 5 1 783 2454 3224
6243 2 2 5 1 2454 1195 3224
6244 2 2 5 1 1068 2945 3287
6245 2 2 5 1 2024 1144 3220
6246 2 2 5 1 1986 930 3239
6247 2 2 5 1 1979 1179 3255
6248 2 2 5 1 1983 930 3300
6249 2 2 5 1 2229 838 2738
6250 2 2 5 1 2480 1341 2549
6251 2 2 5 1 747 1990 3207
6252 2 2 5 1 1295 2171 3390
6253 2 2 5 1 1429 1977 3254
6254 2 2 5 1 2211 468 2768
6255 2 2 5 1 2612 1249 3121
6256 2 2 5 1 532 2612 3121
6257 2 2 5 1 2220 425 2757
6258 2 2 5 1 2321 1061 3060
6259 2 2 5 1 2236 894 2741
6260 2 2 5 1 2432 841 3031
6261 2 2 5 1 2333 319 3252
6262 2 2 5 1 937 2106 2923
6263 2 2 5 1 995 2204 3016
6264 2 2 5 1 2204 515 3016
6265 2 2 5 1 284 2321 3060
6266 2 2 5 1 2275 957 3329
6267 2 2 5 1 209 2082 3297
6268 2 2 5 1 2133 366 3006
6269 2 2 5 1 2881 1339 3177
6270 2 2 5 1 1009 2881 3177
6271 2 2 5 1 497 1986 3239
6272 2 2 5 1 1157 2783 3277
6273 2 2 5 1 2305 433 2680
6274 2 2 5 1 915 2524 2658
6275 2 2 5 1 1293 2240 2760
6276 2 2 5 1 505 2134 3131
6277 2 2 5 1 472 2110 2959
6278 2 2 5 1 1027 2304 2987
6279 2 2 5 1 2304 97 2987
6280 2 2 5 1 3008 1326 3034
6281 2 2 5 1 354 3008 3034
6282 2 2 5 1 2340 905 2662
6283 2 2 5 1 310 2273 2736
6284 2 2 5 1 1190 3384 3409
6285 2 2 5 1 2450 456 2649
6286 2 2 5 1 920 1971 3457
6287 2 2 5 1 2136 1230 3452
6288 2 2 5 1 1374 2021 3187
6289 2 2 5 1 1115 2235 2902
6290 2 2 5 1 2235 755 2902
6291 2 2 5 1 950 2295 2708
6292 2 2 5 1 1371 2416 2810
6293 2 2 5 1 1151 2333 3252
6294 2 2 5 1 2085 959 3010
6295 2 2 5 1 1065 2005 3258
6296 2 2 5 1 2109 520 2970
6297 2 2 5 1 543 2703 3428
6298 2 2 5 1 2703 1356 3428
6299 2 2 5 1 1455 2292 2790
6300 2 2 5 1 1287 2223 2789
6301 2 2 5 1 2938 1128 3466
6302 2 2 5 1 2141 70 3442
6303 2 2 5 1 2109 774 2980
6304 2 2 5 1 2062 534 3065
6305 2 2 5 1 2146 776 2897
6306 2 2 5 1 824 2215 2808
6307 2 2 5 1 2021 717 3228
6308 2 2 5 1 2348 858 2672
6309 2 2 5 1 969 2761 3245
6310 2 2 5 1 1247 2179 3095
6311 2 2 5 1 1975 1076 3477
6312 2 2 5 1 3087 1118 3454
6313 2 2 5 1 424 2052 3123
6314 2 2 5 1 2520 867 3330
6315 2 2 5 1 318 2215 3441
6316 2 2 5 1 1579 2385 3001
6317 2 2 5 1 313 2262 3194
6318 2 2 5 1 2052 959 3123
6319 2 2 5 1 915 2341 2701
6320 2 2 5 1 798 2419 2895
6321 2 2 5 1 2119 485 3275
6322 2 2 5 1 1030 2119 3275
6323 2 2 5 1 1248 2514 3318
6324 2 2 5 1 454 2070 3439
6325 2 2 5 1 2070 1049 3439
6326 2 2 5 1 496 2428 2638
6327 2 2 5 1 2027 1162 3225
6328 2 2 5 1 2290 333 2993
6329 2 2 5 1 1566 2505 2830
6330 2 2 5 1 2505 898 2830
6331 2 2 5 1 86 2161 2920
6332 2 2 5 1 1007 2383 2808
6333 2 2 5 1 770 2272 3033
6334 2 2 5 1 2744 1111 3118
6335 2 2 5 1 2169 451 3410
6336 2 2 5 1 2215 1132 3441
6337 2 2 5 1 1190 2821 3384
6338 2 2 5 1 2461 936 3419
6339 2 2 5 1 2132 462 3348
6340 2 2 5 1 1055 2132 3348
6341 2 2 5 1 328 2061 3150
6342 2 2 5 1 2018 503 3318
6343 2 2 5 1 929 2252 2819
6344 2 2 5 1 867 2307 2762
6345 2 2 5 1 2253 1299 2831
6346 2 2 5 1 951 2450 2649
6347 2 2 5 1 2019 1225 3310
6348 2 2 5 1 2350 874 2909
6349 2 2 5 1 2383 824 2808
6350 2 2 5 1 314 2245 3331
6351 2 2 5 1 2319 1597 3252
6352 2 2 5 1 2381 893 2712
6353 2 2 5 1 1667 2972 3407
6354 2 2 5 1 2467 389 2879
6355 2 2 5 1 2083 846 3109
6356 2 2 5 1 2343 543 3428
6357 2 2 5 1 1186 2343 3428
6358 2 2 5 1 468 2518 2768
6359 2 2 5 1 1115 2902 3364
6360 2 2 5 1 2809 969 2869
6361 2 2 5 1 2169 927 2970
6362 2 2 5 1 2103 1166 3200
6363 2 2 5 1 54 2103 3200
6364 2 2 5 1 2237 861 2917
6365 2 2 5 1 2247 761 2928
6366 2 2 5 1 2039 1145 3259
6367 2 2 5 1 1192 2809 2869
6368 2 2 5 1 2503 1224 3002
6369 2 2 5 1 671 2503 3002
6370 2 2 5 1 2067 539 3184
6371 2 2 5 1 2490 991 2706
6372 2 2 5 1 559 2490 2706
6373 2 2 5 1 2042 1032 3229
6374 2 2 5 1 2336 969 2809
6375 2 2 5 1 2470 942 3463
6376 2 2 5 1 1338 2563 3226
6377 2 2 5 1 315 2213 3380
6378 2 2 5 1 1263 2239 3378
6379 2 2 5 1 886 2087 3157
6380 2 2 5 1 1132 2215 2927
6381 2 2 5 1 2239 317 3378
6382 2 2 5 1 500 2336 2809
6383 2 2 5 1 2093 1453 3151
6384 2 2 5 1 319 2319 3252
6385 2 2 5 1 2200 703 3098
6386 2 2 5 1 1442 3286 3304
6387 2 2 5 1 2774 1020 3092
6388 2 2 5 1 945 2863 3347
6389 2 2 5 1 1063 2853 3483
6390 2 2 5 1 2682 1084 3205
6391 2 2 5 1 947 2190 3265
6392 2 2 5 1 2213 1097 3380
6393 2 2 5 1 2214 884 3392
6394 2 2 5 1 320 2516 2865
6395 2 2 5 1 2516 1046 2865
6396 2 2 5 1 1236 2739 3127
6397 2 2 5 1 2739 266 3127
6398 2 2 5 1 2030 706 3447
6399 2 2 5 1 2068 487 3423
6400 2 2 5 1 1265 2216 2982
6401 2 2 5 1 1285 2477 2687
6402 2 2 5 1 451 2169 3180
6403 2 2 5 1 2499 1243 2974
6404 2 2 5 1 356 2499 2974
6405 2 2 5 1 2169 998 3180
6406 2 2 5 1 2422 399 2746
6407 2 2 5 1 122 2178 3069
6408 2 2 5 1 2043 1219 3363
6409 2 2 5 1 2524 1054 2658
6410 2 2 5 1 1003 2030 3447
6411 2 2 5 1 1129 2247 2928
6412 2 2 5 1 946 2294 2886
6413 2 2 5 1 2331 1234 3484
6414 2 2 5 1 1048 2121 3122
6415 2 2 5 1 1214 2916 3301
6416 2 2 5 1 2916 1361 3301
6417 2 2 5 1 2221 274 2961
6418 2 2 5 1 59 2162 3125
6419 2 2 5 1 2162 983 3125
6420 2 2 5 1 1212 2417 3491
6421 2 2 5 1 2506 387 3478
6422 2 2 5 1 3044 1250 3175
6423 2 2 5 1 337 3213 3294
6424 2 2 5 1 1366 2905 2942
6425 2 2 5 1 2177 244 3032
6426 2 2 5 1 2905 923 2942
6427 2 2 5 1 957 2670 3375
6428 2 2 5 1 2563 912 3226
6429 2 2 5 1 2508 882 2689
6430 2 2 5 1 502 2328 2849
6431 2 2 5 1 2417 37 3491
6432 2 2 5 1 2591 750 3359
6433 2 2 5 1 1382 2431 3060
6434 2 2 5 1 2343 1152 3405
6435 2 2 5 1 543 2343 3405
6436 2 2 5 1 2134 926 3131
6437 2 2 5 1 3191 1063 3483
6438 2 2 5 1 729 2041 3456
6439 2 2 5 1 2860 1191 2876
6440 2 2 5 1 997 2860 2876
6441 2 2 5 1 2082 1189 3297
6442 2 2 5 1 369 2129 3326
6443 2 2 5 1 1340 2049 3444
6444 2 2 5 1 2446 1002 2924
6445 2 2 5 1 877 2373 2835
6446 2 2 5 1 1116 2353 3277
6447 2 2 5 1 2353 549 3277
6448 2 2 5 1 1525 2425 2903
6449 2 2 5 1 2117 918 3221
6450 2 2 5 1 2772 957 3375
6451 2 2 5 1 1218 2392 2870
6452 2 2 5 1 2750 988 2759
6453 2 2 5 1 3016 1309 3117
6454 2 2 5 1 995 3016 3117
6455 2 2 5 1 1093 2750 2759
6456 2 2 5 1 282 2697 3390
6457 2 2 5 1 1010 2362 3000
6458 2 2 5 1 2362 692 3000
6459 2 2 5 1 3286 340 3304
6460 2 2 5 1 1222 2412 2961
6461 2 2 5 1 2912 1002 3378
6462 2 2 5 1 2065 315 3380
6463 2 2 5 1 2404 510 2927
6464 2 2 5 1 3053 1381 3272
6465 2 2 5 1 2294 565 2886
6466 2 2 5 1 1180 2115 3236
6467 2 2 5 1 2699 1191 2860
6468 2 2 5 1 332 2699 2860
6469 2 2 5 1 2697 1295 3390
6470 2 2 5 1 387 2506 3482
6471 2 2 5 1 2506 1234 3482
6472 2 2 5 1 605 2123 3347
6473 2 2 5 1 1234 2507 3484
6474 2 2 5 1 2507 493 3484
6475 2 2 5 1 513 3053 3272
6476 2 2 5 1 1357 2245 3100
6477 2 2 5 1 1010 3000 3145
6478 2 2 5 1 3000 1306 3145
6479 2 2 5 1 2245 1272 3100
6480 2 2 5 1 2323 182 3309
6481 2 2 5 1 1104 2323 3309
6482 2 2 5 1 2217 1011 3083
6483 2 2 5 1 1307 2926 3223
6484 2 2 5 1 2926 175 3223
6485 2 2 5 1 639 2121 3480
6486 2 2 5 1 2121 1048 3480
6487 2 2 5 1 2705 980 3359
6488 2 2 5 1 516 2446 2924
6489 2 2 5 1 2819 572 3114
6490 2 2 5 1 800 2124 3282
6491 2 2 5 1 807 2258 3015
6492 2 2 5 1 942 2290 2993
6493 2 2 5 1 835 2078 3472
6494 2 2 5 1 427 3145 3440
6495 2 2 5 1 2513 511 3045
6496 2 2 5 1 2272 1123 3033
6497 2 2 5 1 2121 639 3330
6498 2 2 5 1 958 2418 3097
6499 2 2 5 1 1020 2904 3092
6500 2 2 5 1 2180 956 3169
6501 2 2 5 1 1073 2203 3438
6502 2 2 5 1 2203 737 3438
6503 2 2 5 1 555 2384 3391
6504 2 2 5 1 985 2734 3335
6505 2 2 5 1 445 3462 3489
6506 2 2 5 1 2202 489 3158
6507 2 2 5 1 2473 1079 3485
6508 2 2 5 1 2436 958 3097
6509 2 2 5 1 1031 2228 3114
6510 2 2 5 1 2155 113 3260
6511 2 2 5 1 2542 313 3194
6512 2 2 5 1 422 2223 3128
6513 2 2 5 1 2282 1057 3293
6514 2 2 5 1 334 2282 3293
6515 2 2 5 1 2526 1250 3044
6516 2 2 5 1 1071 2186 3465
6517 2 2 5 1 2186 557 3465
6518 2 2 5 1 2419 1277 2895
6519 2 2 5 1 2759 988 3435
6520 2 2 5 1 2237 375 3147
6521 2 2 5 1 922 2344 2994
6522 2 2 5 1 2425 965 2903
6523 2 2 5 1 778 2279 3362
6524 2 2 5 1 789 2269 3088
6525 2 2 5 1 1143 2255 3142
6526 2 2 5 1 402 2585 3142
6527 2 2 5 1 2316 914 3022
6528 2 2 5 1 2279 1080 3362
6529 2 2 5 1 517 2468 3219
6530 2 2 5 1 2527 337 3294
6531 2 2 5 1 2128 808 3401
6532 2 2 5 1 1094 2366 3453
6533 2 2 5 1 845 2112 3473
6534 2 2 5 1 2135 309 3383
6535 2 2 5 1 2825 985 3335
6536 2 2 5 1 2585 1143 3142
6537 2 2 5 1 1102 2467 2879
6538 2 2 5 1 2428 496 2973
6539 2 2 5 1 1002 2428 2973
6540 2 2 5 1 2175 993 3420
6541 2 2 5 1 836 2142 3368
6542 2 2 5 1 2377 536 2988
6543 2 2 5 1 2205 554 3226
6544 2 2 5 1 2190 521 3265
6545 2 2 5 1 2295 509 3283
6546 2 2 5 1 2707 512 2940
6547 2 2 5 1 1182 2707 2940
6548 2 2 5 1 2521 289 3486
6549 2 2 5 1 957 2772 3329
6550 2 2 5 1 2540 1019 3249
6551 2 2 5 1 2423 542 3273
6552 2 2 5 1 1106 2423 3273
6553 2 2 5 1 2316 490 3057
6554 2 2 5 1 972 2325 3043
6555 2 2 5 1 2274 1098 3192
6556 2 2 5 1 2130 630 3448
6557 2 2 5 1 2384 1343 3371
6558 2 2 5 1 2341 906 3036
6559 2 2 5 1 500 3091 3299
6560 2 2 5 1 1306 2517 3440
6561 2 2 5 1 2367 446 3011
6562 2 2 5 1 3159 1038 3302
6563 2 2 5 1 1404 3159 3302
6564 2 2 5 1 3091 1382 3299
6565 2 2 5 1 949 2295 3283
6566 2 2 5 1 2385 970 3001
6567 2 2 5 1 1686 2360 3469
6568 2 2 5 1 1213 2141 3442
6569 2 2 5 1 231 2274 3192
6570 2 2 5 1 981 2281 3365
6571 2 2 5 1 1257 2218 3240
6572 2 2 5 1 2418 589 3097
6573 2 2 5 1 2940 1036 2957
6574 2 2 5 1 2600 1441 3140
6575 2 2 5 1 1168 2653 3385
6576 2 2 5 1 1118 3044 3175
6577 2 2 5 1 2509 946 2886
6578 2 2 5 1 2262 1725 3194
6579 2 2 5 1 2649 456 2907
6580 2 2 5 1 1266 2794 3089
6581 2 2 5 1 1312 2166 3394
6582 2 2 5 1 986 2368 3203
6583 2 2 5 1 942 2993 3463
6584 2 2 5 1 2406 446 3042
6585 2 2 5 1 2585 847 3181
6586 2 2 5 1 768 2099 3453
6587 2 2 5 1 1322 2442 3038
6588 2 2 5 1 2442 523 3038
6589 2 2 5 1 2509 367 3296
6590 2 2 5 1 992 2438 3470
6591 2 2 5 1 2315 491 3108
6592 2 2 5 1 2756 1052 2780
6593 2 2 5 1 927 2169 3410
6594 2 2 5 1 2459 872 2977
6595 2 2 5 1 2304 1027 3237
6596 2 2 5 1 914 2693 3022
6597 2 2 5 1 2693 1131 3022
6598 2 2 5 1 2366 768 3453
6599 2 2 5 1 2423 1106 3488
6600 2 2 5 1 497 2329 3021
6601 2 2 5 1 1221 2911 3068
6602 2 2 5 1 2911 321 3068
6603 2 2 5 1 1173 2283 3189
6604 2 2 5 1 423 2175 3420
6605 2 2 5 1 2794 492 3089
6606 2 2 5 1 2537 1074 3071
6607 2 2 5 1 463 2537 3071
6608 2 2 5 1 542 2423 3336
6609 2 2 5 1 1006 2803 3482
6610 2 2 5 1 2796 636 2818
6611 2 2 5 1 2633 512 3044
6612 2 2 5 1 1118 2633 3044
6613 2 2 5 1 2257 579 3376
6614 2 2 5 1 1043 2257 3376
6615 2 2 5 1 2309 807 3165
6616 2 2 5 1 1165 2432 3031
6617 2 2 5 1 2935 734 3266
6618 2 2 5 1 1340 2935 3266
6619 2 2 5 1 1427 2294 3355
6620 2 2 5 1 1143 2585 3181
6621 2 2 5 1 1097 2796 2818
6622 2 2 5 1 1182 2940 2957
6623 2 2 5 1 1002 2912 2924
6624 2 2 5 1 468 2363 3287
6625 2 2 5 1 2363 1068 3287
6626 2 2 5 1 2912 1193 2924
6627 2 2 5 1 1113 2834 2849
6628 2 2 5 1 2834 502 2849
6629 2 2 5 1 1020 2562 2904
6630 2 2 5 1 1092 2812 2941
6631 2 2 5 1 278 3183 3415
6632 2 2 5 1 1051 2756 2780
6633 2 2 5 1 1290 2345 3147
6634 2 2 5 1 1074 2418 3071
6635 2 2 5 1 247 2550 3427
6636 2 2 5 1 2431 284 3060
6637 2 2 5 1 2249 1513 3326
6638 2 2 5 1 2255 1143 3366
6639 2 2 5 1 451 3180 3375
6640 2 2 5 1 1459 3279 3376
6641 2 2 5 1 3279 1043 3376
6642 2 2 5 1 461 2439 3067
6643 2 2 5 1 2811 463 3071
6644 2 2 5 1 883 2482 3029
6645 2 2 5 1 2781 1429 3336
6646 2 2 5 1 982 2781 3336
6647 2 2 5 1 996 2246 3412
6648 2 2 5 1 1152 2232 3405
6649 2 2 5 1 2633 1036 2940
6650 2 2 5 1 88 2610 2900
6651 2 2 5 1 2466 1199 3245
6652 2 2 5 1 114 2373 3260
6653 2 2 5 1 1178 2521 3486
6654 2 2 5 1 2716 1253 3414
6655 2 2 5 1 564 2716 3414
6656 2 2 5 1 495 2466 3245
6657 2 2 5 1 1023 2644 3152
6658 2 2 5 1 1586 2436 3097
6659 2 2 5 1 2377 1077 3172
6660 2 2 5 1 1032 2649 2907
6661 2 2 5 1 1446 2275 3329
6662 2 2 5 1 279 2923 3135
6663 2 2 5 1 2266 977 3383
6664 2 2 5 1 1028 2570 3007
6665 2 2 5 1 2570 1452 3007
6666 2 2 5 1 862 2522 3107
6667 2 2 5 1 2522 1054 3107
6668 2 2 5 1 946 2509 3296
6669 2 2 5 1 2913 1176 3263
6670 2 2 5 1 2368 279 3203
6671 2 2 5 1 1268 2913 3263
6672 2 2 5 1 2762 324 3122
6673 2 2 5 1 882 2508 3327
6674 2 2 5 1 473 2267 3406
6675 2 2 5 1 2327 1025 3262
6676 2 2 5 1 2281 410 3365
6677 2 2 5 1 1158 2728 3165
6678 2 2 5 1 1132 2248 3441
6679 2 2 5 1 1001 2551 3306
6680 2 2 5 1 1731 2520 3330
6681 2 2 5 1 2550 1160 3427
6682 2 2 5 1 2968 1319 3300
6683 2 2 5 1 930 2968 3300
6684 2 2 5 1 512 2526 3044
6685 2 2 5 1 512 2633 2940
6686 2 2 5 1 2693 914 3209
6687 2 2 5 1 2303 1308 3349
6688 2 2 5 1 2257 1043 3489
6689 2 2 5 1 278 2557 3183
6690 2 2 5 1 2399 469 3432
6691 2 2 5 1 1101 2399 3432
6692 2 2 5 1 1215 3014 3409
6693 2 2 5 1 3180 1357 3375
6694 2 2 5 1 3213 1260 3294
6695 2 2 5 1 852 2730 3035
6696 2 2 5 1 2730 1518 3035
6697 2 2 5 1 2743 640 3049
6698 2 2 5 1 2575 938 3028
6699 2 2 5 1 1005 3421 3422
6700 2 2 5 1 3421 1738 3422
6701 2 2 5 1 1041 2593 3041
6702 2 2 5 1 1027 2487 3237
6703 2 2 5 1 2403 1024 3433
6704 2 2 5 1 2287 498 3490
6705 2 2 5 1 2328 1220 3361
6706 2 2 5 1 2584 987 3048
6707 2 2 5 1 2593 484 3041
6708 2 2 5 1 2723 907 2962
6709 2 2 5 1 2884 1156 3090
6710 2 2 5 1 1046 2287 3490
6711 2 2 5 1 355 2485 3345
6712 2 2 5 1 395 2625 3457
6713 2 2 5 1 1249 2996 3202
6714 2 2 5 1 2996 344 3202
6715 2 2 5 1 2737 778 3362
6716 2 2 5 1 2544 1406 3429
6717 2 2 5 1 1209 2986 3445
6718 2 2 5 1 2420 575 3270
6719 2 2 5 1 2421 989 3269
6720 2 2 5 1 1105 3002 3115
6721 2 2 5 1 3002 1224 3115
6722 2 2 5 1 2833 631 2950
6723 2 2 5 1 1734 2737 3362
6724 2 2 5 1 3183 1322 3415
6725 2 2 5 1 3235 697 3250
6726 2 2 5 1 2485 1114 3345
6727 2 2 5 1 2772 553 3329
6728 2 2 5 1 1109 2833 2950
6729 2 2 5 1 56 2379 3346
6730 2 2 5 1 576 2756 3212
6731 2 2 5 1 2468 976 3219
6732 2 2 5 1 967 2542 3194
6733 2 2 5 1 2648 501 3231
6734 2 2 5 1 1474 2648 3231
6735 2 2 5 1 2457 1090 3372
6736 2 2 5 1 561 2457 3372
6737 2 2 5 1 2606 509 3419
6738 2 2 5 1 1885 2751 3123
6739 2 2 5 1 1844 2963 3331
6740 2 2 5 1 2812 1091 2941
6741 2 2 5 1 2384 953 3391
6742 2 2 5 1 1365 3235 3250
6743 2 2 5 1 2657 882 3327
6744 2 2 5 1 3072 1344 3343
6745 2 2 5 1 509 2606 3283
6746 2 2 5 1 1114 2485 3215
6747 2 2 5 1 1153 2774 3092
6748 2 2 5 1 3023 1342 3051
6749 2 2 5 1 2988 536 3215
6750 2 2 5 1 521 2500 3220
6751 2 2 5 1 1090 3121 3202
6752 2 2 5 1 3038 1161 3415
6753 2 2 5 1 1322 3038 3415
6754 2 2 5 1 2423 982 3336
6755 2 2 5 1 2778 1205 3221
6756 2 2 5 1 918 2778 3221
6757 2 2 5 1 2402 1053 3396
6758 2 2 5 1 261 2884 3090
6759 2 2 5 1 2886 565 3384
6760 2 2 5 1 2487 563 3237
6761 2 2 5 1 1328 2513 3282
6762 2 2 5 1 2513 800 3282
6763 2 2 5 1 1057 2462 3316
6764 2 2 5 1 994 3023 3051
6765 2 2 5 1 1576 3305 3306
6766 2 2 5 1 3305 1001 3306
6767 2 2 5 1 879 2446 3312
6768 2 2 5 1 1053 2401 3436
6769 2 2 5 1 1036 2633 3087
6770 2 2 5 1 3190 1352 3251
6771 2 2 5 1 327 3190 3251
6772 2 2 5 1 552 2402 3396
6773 2 2 5 1 1053 2413 3396
6774 2 2 5 1 2788 1099 3026
6775 2 2 5 1 1099 2788 3027
6776 2 2 5 1 399 2422 3364
6777 2 2 5 1 2640 1408 3109
6778 2 2 5 1 2557 1025 3183
6779 2 2 5 1 3274 546 3316
6780 2 2 5 1 3034 1326 3217
6781 2 2 5 1 30 2788 3026
6782 2 2 5 1 2788 31 3027
6783 2 2 5 1 507 2419 3386
6784 2 2 5 1 950 2708 3054
6785 2 2 5 1 846 2640 3109
6786 2 2 5 1 302 2600 3140
6787 2 2 5 1 365 2955 3186
6788 2 2 5 1 2486 1057 3316
6789 2 2 5 1 681 2483 3285
6790 2 2 5 1 1418 2915 3430
6791 2 2 5 1 2650 1259 3230
6792 2 2 5 1 1274 2743 3049
6793 2 2 5 1 2915 1201 3430
6794 2 2 5 1 1296 2650 3230
6795 2 2 5 1 1056 2496 3274
6796 2 2 5 1 820 2403 3433
6797 2 2 5 1 2401 550 3436
6798 2 2 5 1 3196 1178 3486
6799 2 2 5 1 1400 3196 3486
6800 2 2 5 1 1057 2486 3293
6801 2 2 5 1 580 2540 3249
6802 2 2 5 1 1058 2453 3358
6803 2 2 5 1 2983 1210 3161
6804 2 2 5 1 138 2983 3161
6805 2 2 5 1 2983 139 3162
6806 2 2 5 1 1210 2983 3162
6807 2 2 5 1 3166 1350 3352
6808 2 2 5 1 2451 1064 3370
6809 2 2 5 1 1133 3166 3352
6810 2 2 5 1 1122 3291 3460
6811 2 2 5 1 3291 1428 3460
6812 2 2 5 1 3041 484 3139
6813 2 2 5 1 1075 3251 3268
6814 2 2 5 1 3251 1352 3268
6815 2 2 5 1 546 2486 3316
6816 2 2 5 1 1356 3130 3428
6817 2 2 5 1 3130 1186 3428
6818 2 2 5 1 2644 293 3152
6819 2 2 5 1 2511 468 3287
6820 2 2 5 1 2782 946 3296
6821 2 2 5 1 3121 1249 3202
6822 2 2 5 1 485 2525 3275
6823 2 2 5 1 2884 9 3096
6824 2 2 5 1 2398 533 3445
6825 2 2 5 1 2453 472 3358
6826 2 2 5 1 2573 853 3395
6827 2 2 5 1 976 2527 3294
6828 2 2 5 1 1472 2771 3448
6829 2 2 5 1 2780 470 3381
6830 2 2 5 1 2990 1330 3024
6831 2 2 5 1 2622 1142 3186
6832 2 2 5 1 509 2461 3419
6833 2 2 5 1 1599 2595 3418
6834 2 2 5 1 523 2442 3452
6835 2 2 5 1 2751 424 3123
6836 2 2 5 1 1094 2671 3243
6837 2 2 5 1 2438 866 3470
6838 2 2 5 1 1085 2744 3118
6839 2 2 5 1 2747 1090 3202
6840 2 2 5 1 500 2809 3091
6841 2 2 5 1 1156 2884 3096
6842 2 2 5 1 2809 1192 3091
6843 2 2 5 1 2803 1006 3468
6844 2 2 5 1 2656 328 3291
6845 2 2 5 1 1122 2656 3291
6846 2 2 5 1 2540 580 3338
6847 2 2 5 1 526 2874 3166
6848 2 2 5 1 2490 559 3437
6849 2 2 5 1 2488 427 3440
6850 2 2 5 1 587 2470 3463
6851 2 2 5 1 1106 3045 3488
6852 2 2 5 1 1004 2990 3024
6853 2 2 5 1 1340 3266 3307
6854 2 2 5 1 3266 1102 3307
6855 2 2 5 1 1201 2915 3267
6856 2 2 5 1 2874 1350 3166
6857 2 2 5 1 2915 45 3267
6858 2 2 5 1 2606 1820 3283
6859 2 2 5 1 1447 2998 3203
6860 2 2 5 1 1565 2591 3359
6861 2 2 5 1 2670 451 3375
6862 2 2 5 1 2998 986 3203
6863 2 2 5 1 2904 525 3092
6864 2 2 5 1 344 2747 3202
6865 2 2 5 1 2595 540 3418
6866 2 2 5 1 693 2898 3129
6867 2 2 5 1 2898 1142 3129
6868 2 2 5 1 3148 1169 3234
6869 2 2 5 1 2786 1091 3479
6870 2 2 5 1 1263 3148 3234
6871 2 2 5 1 2756 1051 3212
6872 2 2 5 1 1391 3082 3171
6873 2 2 5 1 1194 2573 3395
6874 2 2 5 1 674 3013 3176
6875 2 2 5 1 3013 1194 3176
6876 2 2 5 1 2597 1283 3456
6877 2 2 5 1 1230 2873 3452
6878 2 2 5 1 2873 523 3452
6879 2 2 5 1 893 2599 3377
6880 2 2 5 1 1239 2657 3327
6881 2 2 5 1 178 2617 3351
6882 2 2 5 1 1390 2741 3437
6883 2 2 5 1 2555 1110 3461
6884 2 2 5 1 2761 495 3245
6885 2 2 5 1 308 2555 3461
6886 2 2 5 1 1337 3335 3408
6887 2 2 5 1 3102 318 3441
6888 2 2 5 1 2832 1209 3445
6889 2 2 5 1 1263 2973 3148
6890 2 2 5 1 2973 496 3148
6891 2 2 5 1 470 3133 3381
6892 2 2 5 1 533 2832 3445
6893 2 2 5 1 1347 2782 3296
6894 2 2 5 1 2848 522 3435
6895 2 2 5 1 3084 996 3101
6896 2 2 5 1 1337 2825 3335
6897 2 2 5 1 2783 1116 3277
6898 2 2 5 1 1470 3084 3101
6899 2 2 5 1 3319 1345 3350
6900 2 2 5 1 1137 3319 3350
6901 2 2 5 1 750 2705 3359
6902 2 2 5 1 645 3066 3256
6903 2 2 5 1 2748 1133 3352
6904 2 2 5 1 2734 358 3335
6905 2 2 5 1 1313 3041 3139
6906 2 2 5 1 1051 2780 3381
6907 2 2 5 1 355 2748 3352
6908 2 2 5 1 3384 565 3409
6909 2 2 5 1 3335 358 3408
6910 2 2 5 1 3144 1590 3433
6911 2 2 5 1 1090 2747 3372
6912 2 2 5 1 2964 543 3405
6913 2 2 5 1 487 2690 3423
6914 2 2 5 1 3082 1034 3171
6915 2 2 5 1 1357 2772 3375
6916 2 2 5 1 2930 1420 3289
6917 2 2 5 1 2822 499 3402
6918 2 2 5 1 953 3030 3391
6919 2 2 5 1 1247 3095 3373
6920 2 2 5 1 3095 598 3373
6921 2 2 5 1 716 2930 3289
6922 2 2 5 1 1442 3208 3286
6923 2 2 5 1 1059 3034 3217
6924 2 2 5 1 3030 1465 3391
6925 2 2 5 1 289 3399 3486
6926 2 2 5 1 3399 1400 3486
6927 2 2 5 1 1207 3198 3244
6928 2 2 5 1 3198 1240 3244
6929 2 2 5 1 2821 1126 3384
6930 2 2 5 1 522 2759 3435
6931 2 2 5 1 3280 1304 3281
6932 2 2 5 1 1146 3280 3281
6933 2 2 5 1 2863 1624 3347
6934 2 2 5 1 2925 278 3415
6935 2 2 5 1 1241 2822 3402
6936 2 2 5 1 3235 1365 3388
6937 2 2 5 1 531 3087 3454
6938 2 2 5 1 3066 1379 3256
6939 2 2 5 1 2963 314 3331
6940 2 2 5 1 328 3150 3291
6941 2 2 5 1 3150 1428 3291
6942 2 2 5 1 317 2912 3378
6943 2 2 5 1 1641 3462 3485
6944 2 2 5 1 3462 445 3485
6945 2 2 5 1 266 2786 3479
6946 2 2 5 1 2924 1193 3443
6947 2 2 5 1 516 2924 3443
6948 2 2 5 1 2803 387 3482
6949 2 2 5 1 1024 3144 3433
6950 2 2 5 1 3137 1294 3341
6951 2 2 5 1 375 3137 3341
6952 2 2 5 1 1345 3319 3354
6953 2 2 5 1 3319 649 3354
6954 2 2 5 1 1781 3480 3481
6955 2 2 5 1 3480 1048 3481
6956 2 2 5 1 1161 2925 3415
6957 2 2 5 1 3219 976 3294
6958 2 2 5 1 1260 3219 3294
6959 2 2 5 1 2993 1492 3463
6960 2 2 5 1 2853 1270 3483
6961 2 2 5 1 1296 3230 3471
6962 2 2 5 1 2972 1005 3407
6963 2 2 5 1 3230 346 3471
6964 2 2 5 1 1096 3072 3343
6965 2 2 5 1 3014 1190 3409
6966 2 2 5 1 3208 1078 3286
6967 2 2 5 1 2970 520 3458
6968 2 2 5 1 3133 1388 3381
6969 2 2 5 1 1253 3341 3414
6970 2 2 5 1 3341 1294 3414
6971 2 2 5 1 1333 3323 3382
6972 2 2 5 1 568 3191 3483
6973 2 2 5 1 3045 511 3488
6974 2 2 5 1 1149 3235 3388
6975 2 2 5 1 511 3116 3488
6976 2 2 5 1 3385 1444 3431
6977 2 2 5 1 3323 1202 3382
6978 2 2 5 1 3466 1128 3467
6979 2 2 5 1 1559 3466 3467
6980 2 2 5 1 1168 3385 3431
$EndElements
