$MeshFormat
4.1 0 8
$EndMeshFormat
$PhysicalNames
5
1 1 "Left"
1 2 "Right"
1 3 "Bottom"
1 4 "Top"
2 5 "Fluid"
$EndPhysicalNames
$Entities
0 8 1 0
1 0 0 0 5 0 0 1 3 0 
2 5 0 0 5 2 0 1 3 0 
3 5 2 0 6 2 0 1 3 0 
4 6 0 0 6 2 0 1 3 0 
5 6 0 0 40 0 0 1 3 0 
6 40 0 0 40 10 0 1 2 0 
7 0 10 0 40 10 0 1 4 0 
8 0 0 0 0 10 0 1 1 0 
1 0 0 0 40 10 0 1 5 0 
$EndEntities
$Nodes
9 10210 1 10210
1 1 0 14
1
2
3
4
5
6
7
8
9
10
11
12
13
14
0 0 0
5 0 0
0.3846153846150596 0 0
0.7692307692298551 0 0
1.153846153844117 0 0
1.538461538458379 0 0
1.923076923072641 0 0
2.307692307688217 0 0
2.692307692304186 0 0
3.076923076920155 0 0
3.461538461536123 0 0
3.846153846152092 0 0
4.230769230768061 0 0
4.615384615384031 0 0
1 2 0 5
15
16
17
18
19
5 2 0
5 0.3999999999991157 0
5 0.7999999999979498 0
5 1.199999999997894 0
5 1.599999999998947 0
1 3 0 3
20
21
22
6 2 0
5.333333333333333 2 0
5.666666666666667 2 0
1 4 0 5
23
24
25
26
27
6 0 0
6 1.6 0
6 1.200000000002774 0
6 0.8000000000033287 0
6 0.4000000000016644 0
1 5 0 85
28
29
30
31
32
33
34
35
36
37
38
39
40
41
42
43
44
45
46
47
48
49
50
51
52
53
54
55
56
57
58
59
60
61
62
63
64
65
66
67
68
69
70
71
72
73
74
75
76
77
78
79
80
81
82
83
84
85
86
87
88
89
90
91
92
93
94
95
96
97
98
99
100
101
102
103
104
105
106
107
108
109
110
111
112
40 0 0
6.399999999999119 0 0
6.799999999998239 0 0
7.199999999997358 0 0
7.599999999996477 0 0
7.999999999995596 0 0
8.399999999994716 0 0
8.799999999993835 0 0
9.199999999992954 0 0
9.599999999992074 0 0
9.999999999991173 0 0
10.39999999998938 0 0
10.79999999998656 0 0
11.19999999998359 0 0
11.59999999998062 0 0
11.99999999997765 0 0
12.39999999997468 0 0
12.79999999997171 0 0
13.19999999996874 0 0
13.59999999996577 0 0
13.99999999996288 0 0
14.39999999996139 0 0
14.79999999996051 0 0
15.19999999995962 0 0
15.59999999995874 0 0
15.99999999995741 0 0
16.39999999995469 0 0
16.79999999995172 0 0
17.19999999994875 0 0
17.59999999994578 0 0
17.99999999994281 0 0
18.39999999993984 0 0
18.79999999993687 0 0
19.1999999999339 0 0
19.59999999993093 0 0
19.99999999992796 0 0
20.39999999992499 0 0
20.79999999992202 0 0
21.19999999991905 0 0
21.59999999991608 0 0
21.99999999991311 0 0
22.39999999991014 0 0
22.79999999990734 0 0
23.19999999990646 0 0
23.5999999999075 0 0
23.9999999999087 0 0
24.39999999990991 0 0
24.79999999991112 0 0
25.19999999991232 0 0
25.59999999991354 0 0
25.99999999991474 0 0
26.39999999991595 0 0
26.79999999991715 0 0
27.19999999991837 0 0
27.59999999991957 0 0
27.99999999992078 0 0
28.39999999992198 0 0
28.79999999992319 0 0
29.1999999999244 0 0
29.59999999992561 0 0
29.99999999992681 0 0
30.39999999992802 0 0
30.79999999992923 0 0
31.19999999993044 0 0
31.59999999993164 0 0
31.99999999993408 0 0
32.3999999999393 0 0
32.79999999994469 0 0
33.19999999995007 0 0
33.59999999995546 0 0
33.99999999996084 0 0
34.39999999996622 0 0
34.79999999997161 0 0
35.199999999977 0 0
35.59999999998237 0 0
35.99999999998776 0 0
36.39999999999314 0 0
36.79999999999853 0 0
37.20000000000393 0 0
37.6000000000093 0 0
38.00000000001338 0 0
38.40000000001188 0 0
38.80000000000891 0 0
39.20000000000594 0 0
39.60000000000297 0 0
1 6 0 25
113
114
115
116
117
118
119
120
121
122
123
124
125
126
127
128
129
130
131
132
133
134
135
136
137
40 10 0
40 0.3999999999996677 0
40 0.7999999999993286 0
40 1.199999999999033 0
40 1.599999999997992 0
40 1.999999999996825 0
40 2.399999999995657 0
40 2.79999999999449 0
40 3.199999999993322 0
40 3.599999999992154 0
40 3.999999999991022 0
40 4.399999999991491 0
40 4.799999999992099 0
40 5.199999999992706 0
40 5.599999999993313 0
40 5.999999999993922 0
40 6.39999999999453 0
40 6.799999999995138 0
40 7.199999999995747 0
40 7.599999999996353 0
40 7.999999999996962 0
40 8.399999999997569 0
40 8.799999999998176 0
40 9.199999999998786 0
40 9.599999999999392 0
1 7 0 100
138
139
140
141
142
143
144
145
146
147
148
149
150
151
152
153
154
155
156
157
158
159
160
161
162
163
164
165
166
167
168
169
170
171
172
173
174
175
176
177
178
179
180
181
182
183
184
185
186
187
188
189
190
191
192
193
194
195
196
197
198
199
200
201
202
203
204
205
206
207
208
209
210
211
212
213
214
215
216
217
218
219
220
221
222
223
224
225
226
227
228
229
230
231
232
233
234
235
236
237
0 10 0
39.6 10 0
39.2 10 0
38.8 10 0
38.4 10 0
37.99999999999999 10 0
37.59999999999999 10 0
37.2 10 0
36.8 10 0
36.39999999999999 10 0
35.99999999999999 10 0
35.59999999999999 10 0
35.19999999999999 10 0
34.79999999999999 10 0
34.39999999999999 10 0
33.99999999999999 10 0
33.59999999999999 10 0
33.19999999999999 10 0
32.79999999999999 10 0
32.39999999999999 10 0
31.99999999999999 10 0
31.59999999999999 10 0
31.19999999999999 10 0
30.79999999999999 10 0
30.39999999999999 10 0
29.99999999999999 10 0
29.59999999999999 10 0
29.19999999999999 10 0
28.79999999999999 10 0
28.39999999999999 10 0
27.99999999999999 10 0
27.59999999999999 10 0
27.19999999999999 10 0
26.79999999999999 10 0
26.39999999999999 10 0
25.99999999999999 10 0
25.59999999999999 10 0
25.19999999999999 10 0
24.79999999999999 10 0
24.39999999999999 10 0
23.99999999999999 10 0
23.59999999999999 10 0
23.19999999999999 10 0
22.79999999999999 10 0
22.39999999999999 10 0
21.99999999999999 10 0
21.59999999999999 10 0
21.2 10 0
20.79999999999999 10 0
20.4 10 0
20 10 0
19.59999999999999 10 0
19.2 10 0
18.79999999999999 10 0
18.4 10 0
17.99999999999999 10 0
17.59999999999999 10 0
17.19999999999999 10 0
16.8 10 0
16.39999999999999 10 0
16 10 0
15.59999999999999 10 0
15.2 10 0
14.8 10 0
14.4 10 0
13.99999999999999 10 0
13.59999999999999 10 0
13.2 10 0
12.79999999999999 10 0
12.39999999999999 10 0
12 10 0
11.6 10 0
11.19999999999999 10 0
10.79999999999999 10 0
10.39999999999999 10 0
9.999999999999996 10 0
9.599999999999994 10 0
9.199999999999996 10 0
8.799999999999997 10 0
8.399999999999999 10 0
7.999999999999993 10 0
7.599999999999994 10 0
7.199999999999996 10 0
6.799999999999997 10 0
6.399999999999999 10 0
6 10 0
5.600000000000001 10 0
5.199999999999996 10 0
4.799999999999997 10 0
4.399999999999991 10 0
3.999999999999993 10 0
3.600000000000001 10 0
3.199999999999996 10 0
2.799999999999997 10 0
2.400000000000006 10 0
2 10 0
1.599999999999994 10 0
1.199999999999996 10 0
0.7999999999999972 10 0
0.3999999999999986 10 0
1 8 0 24
238
239
240
241
242
243
244
245
246
247
248
249
250
251
252
253
254
255
256
257
258
259
260
261
0 9.6 0
0 9.199999999999999 0
0 8.799999999999997 0
0 8.399999999999997 0
0 7.999999999999997 0
0 7.599999999999998 0
0 7.199999999999998 0
0 6.799999999999997 0
0 6.399999999999997 0
0 5.999999999999997 0
0 5.599999999999998 0
0 5.199999999999998 0
0 4.799999999999999 0
0 4.399999999999999 0
0 3.999999999999999 0
0 3.599999999999999 0
0 3.199999999999998 0
0 2.799999999999998 0
0 2.399999999999999 0
0 1.999999999999998 0
0 1.6 0
0 1.199999999999999 0
0 0.7999999999999989 0
0 0.3999999999999986 0
2 1 0 9949
262
263
264
265
266
267
268
269
270
271
272
273
274
275
276
277
278
279
280
281
282
283
284
285
286
287
288
289
290
291
292
293
294
295
296
297
298
299
300
301
302
303
304
305
306
307
308
309
310
311
312
313
314
315
316
317
318
319
320
321
322
323
324
325
326
327
328
329
330
331
332
333
334
335
336
337
338
339
340
341
342
343
344
345
346
347
348
349
350
351
352
353
354
355
356
357
358
359
360
361
362
363
364
365
366
367
368
369
370
371
372
373
374
375
376
377
378
379
380
381
382
383
384
385
386
387
388
389
390
391
392
393
394
395
396
397
398
399
400
401
402
403
404
405
406
407
408
409
410
411
412
413
414
415
416
417
418
419
420
421
422
423
424
425
426
427
428
429
430
431
432
433
434
435
436
437
438
439
440
441
442
443
444
445
446
447
448
449
450
451
452
453
454
455
456
457
458
459
460
461
462
463
464
465
466
467
468
469
470
471
472
473
474
475
476
477
478
479
480
481
482
483
484
485
486
487
488
489
490
491
492
493
494
495
496
497
498
499
500
501
502
503
504
505
506
507
508
509
510
511
512
513
514
515
516
517
518
519
520
521
522
523
524
525
526
527
528
529
530
531
532
533
534
535
536
537
538
539
540
541
542
543
544
545
546
547
548
549
550
551
552
553
554
555
556
557
558
559
560
561
562
563
564
565
566
567
568
569
570
571
572
573
574
575
576
577
578
579
580
581
582
583
584
585
586
587
588
589
590
591
592
593
594
595
596
597
598
599
600
601
602
603
604
605
606
607
608
609
610
611
612
613
614
615
616
617
618
619
620
621
622
623
624
625
626
627
628
629
630
631
632
633
634
635
636
637
638
639
640
641
642
643
644
645
646
647
648
649
650
651
652
653
654
655
656
657
658
659
660
661
662
663
664
665
666
667
668
669
670
671
672
673
674
675
676
677
678
679
680
681
682
683
684
685
686
687
688
689
690
691
692
693
694
695
696
697
698
699
700
701
702
703
704
705
706
707
708
709
710
711
712
713
714
715
716
717
718
719
720
721
722
723
724
725
726
727
728
729
730
731
732
733
734
735
736
737
738
739
740
741
742
743
744
745
746
747
748
749
750
751
752
753
754
755
756
757
758
759
760
761
762
763
764
765
766
767
768
769
770
771
772
773
774
775
776
777
778
779
780
781
782
783
784
785
786
787
788
789
790
791
792
793
794
795
796
797
798
799
800
801
802
803
804
805
806
807
808
809
810
811
812
813
814
815
816
817
818
819
820
821
822
823
824
825
826
827
828
829
830
831
832
833
834
835
836
837
838
839
840
841
842
843
844
845
846
847
848
849
850
851
852
853
854
855
856
857
858
859
860
861
862
863
864
865
866
867
868
869
870
871
872
873
874
875
876
877
878
879
880
881
882
883
884
885
886
887
888
889
890
891
892
893
894
895
896
897
898
899
900
901
902
903
904
905
906
907
908
909
910
911
912
913
914
915
916
917
918
919
920
921
922
923
924
925
926
927
928
929
930
931
932
933
934
935
936
937
938
939
940
941
942
943
944
945
946
947
948
949
950
951
952
953
954
955
956
957
958
959
960
961
962
963
964
965
966
967
968
969
970
971
972
973
974
975
976
977
978
979
980
981
982
983
984
985
986
987
988
989
990
991
992
993
994
995
996
997
998
999
1000
1001
1002
1003
1004
1005
1006
1007
1008
1009
1010
1011
1012
1013
1014
1015
1016
1017
1018
1019
1020
1021
1022
1023
1024
1025
1026
1027
1028
1029
1030
1031
1032
1033
1034
1035
1036
1037
1038
1039
1040
1041
1042
1043
1044
1045
1046
1047
1048
1049
1050
1051
1052
1053
1054
1055
1056
1057
1058
1059
1060
1061
1062
1063
1064
1065
1066
1067
1068
1069
1070
1071
1072
1073
1074
1075
1076
1077
1078
1079
1080
1081
1082
1083
1084
1085
1086
1087
1088
1089
1090
1091
1092
1093
1094
1095
1096
1097
1098
1099
1100
1101
1102
1103
1104
1105
1106
1107
1108
1109
1110
1111
1112
1113
1114
1115
1116
1117
1118
1119
1120
1121
1122
1123
1124
1125
1126
1127
1128
1129
1130
1131
1132
1133
1134
1135
1136
1137
1138
1139
1140
1141
1142
1143
1144
1145
1146
1147
1148
1149
1150
1151
1152
1153
1154
1155
1156
1157
1158
1159
1160
1161
1162
1163
1164
1165
1166
1167
1168
1169
1170
1171
1172
1173
1174
1175
1176
1177
1178
1179
1180
1181
1182
1183
1184
1185
1186
1187
1188
1189
1190
1191
1192
1193
1194
1195
1196
1197
1198
1199
1200
1201
1202
1203
1204
1205
1206
1207
1208
1209
1210
1211
1212
1213
1214
1215
1216
1217
1218
1219
1220
1221
1222
1223
1224
1225
1226
1227
1228
1229
1230
1231
1232
1233
1234
1235
1236
1237
1238
1239
1240
1241
1242
1243
1244
1245
1246
1247
1248
1249
1250
1251
1252
1253
1254
1255
1256
1257
1258
1259
1260
1261
1262
1263
1264
1265
1266
1267
1268
1269
1270
1271
1272
1273
1274
1275
1276
1277
1278
1279
1280
1281
1282
1283
1284
1285
1286
1287
1288
1289
1290
1291
1292
1293
1294
1295
1296
1297
1298
1299
1300
1301
1302
1303
1304
1305
1306
1307
1308
1309
1310
1311
1312
1313
1314
1315
1316
1317
1318
1319
1320
1321
1322
1323
1324
1325
1326
1327
1328
1329
1330
1331
1332
1333
1334
1335
1336
1337
1338
1339
1340
1341
1342
1343
1344
1345
1346
1347
1348
1349
1350
1351
1352
1353
1354
1355
1356
1357
1358
1359
1360
1361
1362
1363
1364
1365
1366
1367
1368
1369
1370
1371
1372
1373
1374
1375
1376
1377
1378
1379
1380
1381
1382
1383
1384
1385
1386
1387
1388
1389
1390
1391
1392
1393
1394
1395
1396
1397
1398
1399
1400
1401
1402
1403
1404
1405
1406
1407
1408
1409
1410
1411
1412
1413
1414
1415
1416
1417
1418
1419
1420
1421
1422
1423
1424
1425
1426
1427
1428
1429
1430
1431
1432
1433
1434
1435
1436
1437
1438
1439
1440
1441
1442
1443
1444
1445
1446
1447
1448
1449
1450
1451
1452
1453
1454
1455
1456
1457
1458
1459
1460
1461
1462
1463
1464
1465
1466
1467
1468
1469
1470
1471
1472
1473
1474
1475
1476
1477
1478
1479
1480
1481
1482
1483
1484
1485
1486
1487
1488
1489
1490
1491
1492
1493
1494
1495
1496
1497
1498
1499
1500
1501
1502
1503
1504
1505
1506
1507
1508
1509
1510
1511
1512
1513
1514
1515
1516
1517
1518
1519
1520
1521
1522
1523
1524
1525
1526
1527
1528
1529
1530
1531
1532
1533
1534
1535
1536
1537
1538
1539
1540
1541
1542
1543
1544
1545
1546
1547
1548
1549
1550
1551
1552
1553
1554
1555
1556
1557
1558
1559
1560
1561
1562
1563
1564
1565
1566
1567
1568
1569
1570
1571
1572
1573
1574
1575
1576
1577
1578
1579
1580
1581
1582
1583
1584
1585
1586
1587
1588
1589
1590
1591
1592
1593
1594
1595
1596
1597
1598
1599
1600
1601
1602
1603
1604
1605
1606
1607
1608
1609
1610
1611
1612
1613
1614
1615
1616
1617
1618
1619
1620
1621
1622
1623
1624
1625
1626
1627
1628
1629
1630
1631
1632
1633
1634
1635
1636
1637
1638
1639
1640
1641
1642
1643
1644
1645
1646
1647
1648
1649
1650
1651
1652
1653
1654
1655
1656
1657
1658
1659
1660
1661
1662
1663
1664
1665
1666
1667
1668
1669
1670
1671
1672
1673
1674
1675
1676
1677
1678
1679
1680
1681
1682
1683
1684
1685
1686
1687
1688
1689
1690
1691
1692
1693
1694
1695
1696
1697
1698
1699
1700
1701
1702
1703
1704
1705
1706
1707
1708
1709
1710
1711
1712
1713
1714
1715
1716
1717
1718
1719
1720
1721
1722
1723
1724
1725
1726
1727
1728
1729
1730
1731
1732
1733
1734
1735
1736
1737
1738
1739
1740
1741
1742
1743
1744
1745
1746
1747
1748
1749
1750
1751
1752
1753
1754
1755
1756
1757
1758
1759
1760
1761
1762
1763
1764
1765
1766
1767
1768
1769
1770
1771
1772
1773
1774
1775
1776
1777
1778
1779
1780
1781
1782
1783
1784
1785
1786
1787
1788
1789
1790
1791
1792
1793
1794
1795
1796
1797
1798
1799
1800
1801
1802
1803
1804
1805
1806
1807
1808
1809
1810
1811
1812
1813
1814
1815
1816
1817
1818
1819
1820
1821
1822
1823
1824
1825
1826
1827
1828
1829
1830
1831
1832
1833
1834
1835
1836
1837
1838
1839
1840
1841
1842
1843
1844
1845
1846
1847
1848
1849
1850
1851
1852
1853
1854
1855
1856
1857
1858
1859
1860
1861
1862
1863
1864
1865
1866
1867
1868
1869
1870
1871
1872
1873
1874
1875
1876
1877
1878
1879
1880
1881
1882
1883
1884
1885
1886
1887
1888
1889
1890
1891
1892
1893
1894
1895
1896
1897
1898
1899
1900
1901
1902
1903
1904
1905
1906
1907
1908
1909
1910
1911
1912
1913
1914
1915
1916
1917
1918
1919
1920
1921
1922
1923
1924
1925
1926
1927
1928
1929
1930
1931
1932
1933
1934
1935
1936
1937
1938
1939
1940
1941
1942
1943
1944
1945
1946
1947
1948
1949
1950
1951
1952
1953
1954
1955
1956
1957
1958
1959
1960
1961
1962
1963
1964
1965
1966
1967
1968
1969
1970
1971
1972
1973
1974
1975
1976
1977
1978
1979
1980
1981
1982
1983
1984
1985
1986
1987
1988
1989
1990
1991
1992
1993
1994
1995
1996
1997
1998
1999
2000
2001
2002
2003
2004
2005
2006
2007
2008
2009
2010
2011
2012
2013
2014
2015
2016
2017
2018
2019
2020
2021
2022
2023
2024
2025
2026
2027
2028
2029
2030
2031
2032
2033
2034
2035
2036
2037
2038
2039
2040
2041
2042
2043
2044
2045
2046
2047
2048
2049
2050
2051
2052
2053
2054
2055
2056
2057
2058
2059
2060
2061
2062
2063
2064
2065
2066
2067
2068
2069
2070
2071
2072
2073
2074
2075
2076
2077
2078
2079
2080
2081
2082
2083
2084
2085
2086
2087
2088
2089
2090
2091
2092
2093
2094
2095
2096
2097
2098
2099
2100
2101
2102
2103
2104
2105
2106
2107
2108
2109
2110
2111
2112
2113
2114
2115
2116
2117
2118
2119
2120
2121
2122
2123
2124
2125
2126
2127
2128
2129
2130
2131
2132
2133
2134
2135
2136
2137
2138
2139
2140
2141
2142
2143
2144
2145
2146
2147
2148
2149
2150
2151
2152
2153
2154
2155
2156
2157
2158
2159
2160
2161
2162
2163
2164
2165
2166
2167
2168
2169
2170
2171
2172
2173
2174
2175
2176
2177
2178
2179
2180
2181
2182
2183
2184
2185
2186
2187
2188
2189
2190
2191
2192
2193
2194
2195
2196
2197
2198
2199
2200
2201
2202
2203
2204
2205
2206
2207
2208
2209
2210
2211
2212
2213
2214
2215
2216
2217
2218
2219
2220
2221
2222
2223
2224
2225
2226
2227
2228
2229
2230
2231
2232
2233
2234
2235
2236
2237
2238
2239
2240
2241
2242
2243
2244
2245
2246
2247
2248
2249
2250
2251
2252
2253
2254
2255
2256
2257
2258
2259
2260
2261
2262
2263
2264
2265
2266
2267
2268
2269
2270
2271
2272
2273
2274
2275
2276
2277
2278
2279
2280
2281
2282
2283
2284
2285
2286
2287
2288
2289
2290
2291
2292
2293
2294
2295
2296
2297
2298
2299
2300
2301
2302
2303
2304
2305
2306
2307
2308
2309
2310
2311
2312
2313
2314
2315
2316
2317
2318
2319
2320
2321
2322
2323
2324
2325
2326
2327
2328
2329
2330
2331
2332
2333
2334
2335
2336
2337
2338
2339
2340
2341
2342
2343
2344
2345
2346
2347
2348
2349
2350
2351
2352
2353
2354
2355
2356
2357
2358
2359
2360
2361
2362
2363
2364
2365
2366
2367
2368
2369
2370
2371
2372
2373
2374
2375
2376
2377
2378
2379
2380
2381
2382
2383
2384
2385
2386
2387
2388
2389
2390
2391
2392
2393
2394
2395
2396
2397
2398
2399
2400
2401
2402
2403
2404
2405
2406
2407
2408
2409
2410
2411
2412
2413
2414
2415
2416
2417
2418
2419
2420
2421
2422
2423
2424
2425
2426
2427
2428
2429
2430
2431
2432
2433
2434
2435
2436
2437
2438
2439
2440
2441
2442
2443
2444
2445
2446
2447
2448
2449
2450
2451
2452
2453
2454
2455
2456
2457
2458
2459
2460
2461
2462
2463
2464
2465
2466
2467
2468
2469
2470
2471
2472
2473
2474
2475
2476
2477
2478
2479
2480
2481
2482
2483
2484
2485
2486
2487
2488
2489
2490
2491
2492
2493
2494
2495
2496
2497
2498
2499
2500
2501
2502
2503
2504
2505
2506
2507
2508
2509
2510
2511
2512
2513
2514
2515
2516
2517
2518
2519
2520
2521
2522
2523
2524
2525
2526
2527
2528
2529
2530
2531
2532
2533
2534
2535
2536
2537
2538
2539
2540
2541
2542
2543
2544
2545
2546
2547
2548
2549
2550
2551
2552
2553
2554
2555
2556
2557
2558
2559
2560
2561
2562
2563
2564
2565
2566
2567
2568
2569
2570
2571
2572
2573
2574
2575
2576
2577
2578
2579
2580
2581
2582
2583
2584
2585
2586
2587
2588
2589
2590
2591
2592
2593
2594
2595
2596
2597
2598
2599
2600
2601
2602
2603
2604
2605
2606
2607
2608
2609
2610
2611
2612
2613
2614
2615
2616
2617
2618
2619
2620
2621
2622
2623
2624
2625
2626
2627
2628
2629
2630
2631
2632
2633
2634
2635
2636
2637
2638
2639
2640
2641
2642
2643
2644
2645
2646
2647
2648
2649
2650
2651
2652
2653
2654
2655
2656
2657
2658
2659
2660
2661
2662
2663
2664
2665
2666
2667
2668
2669
2670
2671
2672
2673
2674
2675
2676
2677
2678
2679
2680
2681
2682
2683
2684
2685
2686
2687
2688
2689
2690
2691
2692
2693
2694
2695
2696
2697
2698
2699
2700
2701
2702
2703
2704
2705
2706
2707
2708
2709
2710
2711
2712
2713
2714
2715
2716
2717
2718
2719
2720
2721
2722
2723
2724
2725
2726
2727
2728
2729
2730
2731
2732
2733
2734
2735
2736
2737
2738
2739
2740
2741
2742
2743
2744
2745
2746
2747
2748
2749
2750
2751
2752
2753
2754
2755
2756
2757
2758
2759
2760
2761
2762
2763
2764
2765
2766
2767
2768
2769
2770
2771
2772
2773
2774
2775
2776
2777
2778
2779
2780
2781
2782
2783
2784
2785
2786
2787
2788
2789
2790
2791
2792
2793
2794
2795
2796
2797
2798
2799
2800
2801
2802
2803
2804
2805
2806
2807
2808
2809
2810
2811
2812
2813
2814
2815
2816
2817
2818
2819
2820
2821
2822
2823
2824
2825
2826
2827
2828
2829
2830
2831
2832
2833
2834
2835
2836
2837
2838
2839
2840
2841
2842
2843
2844
2845
2846
2847
2848
2849
2850
2851
2852
2853
2854
2855
2856
2857
2858
2859
2860
2861
2862
2863
2864
2865
2866
2867
2868
2869
2870
2871
2872
2873
2874
2875
2876
2877
2878
2879
2880
2881
2882
2883
2884
2885
2886
2887
2888
2889
2890
2891
2892
2893
2894
2895
2896
2897
2898
2899
2900
2901
2902
2903
2904
2905
2906
2907
2908
2909
2910
2911
2912
2913
2914
2915
2916
2917
2918
2919
2920
2921
2922
2923
2924
2925
2926
2927
2928
2929
2930
2931
2932
2933
2934
2935
2936
2937
2938
2939
2940
2941
2942
2943
2944
2945
2946
2947
2948
2949
2950
2951
2952
2953
2954
2955
2956
2957
2958
2959
2960
2961
2962
2963
2964
2965
2966
2967
2968
2969
2970
2971
2972
2973
2974
2975
2976
2977
2978
2979
2980
2981
2982
2983
2984
2985
2986
2987
2988
2989
2990
2991
2992
2993
2994
2995
2996
2997
2998
2999
3000
3001
3002
3003
3004
3005
3006
3007
3008
3009
3010
3011
3012
3013
3014
3015
3016
3017
3018
3019
3020
3021
3022
3023
3024
3025
3026
3027
3028
3029
3030
3031
3032
3033
3034
3035
3036
3037
3038
3039
3040
3041
3042
3043
3044
3045
3046
3047
3048
3049
3050
3051
3052
3053
3054
3055
3056
3057
3058
3059
3060
3061
3062
3063
3064
3065
3066
3067
3068
3069
3070
3071
3072
3073
3074
3075
3076
3077
3078
3079
3080
3081
3082
3083
3084
3085
3086
3087
3088
3089
3090
3091
3092
3093
3094
3095
3096
3097
3098
3099
3100
3101
3102
3103
3104
3105
3106
3107
3108
3109
3110
3111
3112
3113
3114
3115
3116
3117
3118
3119
3120
3121
3122
3123
3124
3125
3126
3127
3128
3129
3130
3131
3132
3133
3134
3135
3136
3137
3138
3139
3140
3141
3142
3143
3144
3145
3146
3147
3148
3149
3150
3151
3152
3153
3154
3155
3156
3157
3158
3159
3160
3161
3162
3163
3164
3165
3166
3167
3168
3169
3170
3171
3172
3173
3174
3175
3176
3177
3178
3179
3180
3181
3182
3183
3184
3185
3186
3187
3188
3189
3190
3191
3192
3193
3194
3195
3196
3197
3198
3199
3200
3201
3202
3203
3204
3205
3206
3207
3208
3209
3210
3211
3212
3213
3214
3215
3216
3217
3218
3219
3220
3221
3222
3223
3224
3225
3226
3227
3228
3229
3230
3231
3232
3233
3234
3235
3236
3237
3238
3239
3240
3241
3242
3243
3244
3245
3246
3247
3248
3249
3250
3251
3252
3253
3254
3255
3256
3257
3258
3259
3260
3261
3262
3263
3264
3265
3266
3267
3268
3269
3270
3271
3272
3273
3274
3275
3276
3277
3278
3279
3280
3281
3282
3283
3284
3285
3286
3287
3288
3289
3290
3291
3292
3293
3294
3295
3296
3297
3298
3299
3300
3301
3302
3303
3304
3305
3306
3307
3308
3309
3310
3311
3312
3313
3314
3315
3316
3317
3318
3319
3320
3321
3322
3323
3324
3325
3326
3327
3328
3329
3330
3331
3332
3333
3334
3335
3336
3337
3338
3339
3340
3341
3342
3343
3344
3345
3346
3347
3348
3349
3350
3351
3352
3353
3354
3355
3356
3357
3358
3359
3360
3361
3362
3363
3364
3365
3366
3367
3368
3369
3370
3371
3372
3373
3374
3375
3376
3377
3378
3379
3380
3381
3382
3383
3384
3385
3386
3387
3388
3389
3390
3391
3392
3393
3394
3395
3396
3397
3398
3399
3400
3401
3402
3403
3404
3405
3406
3407
3408
3409
3410
3411
3412
3413
3414
3415
3416
3417
3418
3419
3420
3421
3422
3423
3424
3425
3426
3427
3428
3429
3430
3431
3432
3433
3434
3435
3436
3437
3438
3439
3440
3441
3442
3443
3444
3445
3446
3447
3448
3449
3450
3451
3452
3453
3454
3455
3456
3457
3458
3459
3460
3461
3462
3463
3464
3465
3466
3467
3468
3469
3470
3471
3472
3473
3474
3475
3476
3477
3478
3479
3480
3481
3482
3483
3484
3485
3486
3487
3488
3489
3490
3491
3492
3493
3494
3495
3496
3497
3498
3499
3500
3501
3502
3503
3504
3505
3506
3507
3508
3509
3510
3511
3512
3513
3514
3515
3516
3517
3518
3519
3520
3521
3522
3523
3524
3525
3526
3527
3528
3529
3530
3531
3532
3533
3534
3535
3536
3537
3538
3539
3540
3541
3542
3543
3544
3545
3546
3547
3548
3549
3550
3551
3552
3553
3554
3555
3556
3557
3558
3559
3560
3561
3562
3563
3564
3565
3566
3567
3568
3569
3570
3571
3572
3573
3574
3575
3576
3577
3578
3579
3580
3581
3582
3583
3584
3585
3586
3587
3588
3589
3590
3591
3592
3593
3594
3595
3596
3597
3598
3599
3600
3601
3602
3603
3604
3605
3606
3607
3608
3609
3610
3611
3612
3613
3614
3615
3616
3617
3618
3619
3620
3621
3622
3623
3624
3625
3626
3627
3628
3629
3630
3631
3632
3633
3634
3635
3636
3637
3638
3639
3640
3641
3642
3643
3644
3645
3646
3647
3648
3649
3650
3651
3652
3653
3654
3655
3656
3657
3658
3659
3660
3661
3662
3663
3664
3665
3666
3667
3668
3669
3670
3671
3672
3673
3674
3675
3676
3677
3678
3679
3680
3681
3682
3683
3684
3685
3686
3687
3688
3689
3690
3691
3692
3693
3694
3695
3696
3697
3698
3699
3700
3701
3702
3703
3704
3705
3706
3707
3708
3709
3710
3711
3712
3713
3714
3715
3716
3717
3718
3719
3720
3721
3722
3723
3724
3725
3726
3727
3728
3729
3730
3731
3732
3733
3734
3735
3736
3737
3738
3739
3740
3741
3742
3743
3744
3745
3746
3747
3748
3749
3750
3751
3752
3753
3754
3755
3756
3757
3758
3759
3760
3761
3762
3763
3764
3765
3766
3767
3768
3769
3770
3771
3772
3773
3774
3775
3776
3777
3778
3779
3780
3781
3782
3783
3784
3785
3786
3787
3788
3789
3790
3791
3792
3793
3794
3795
3796
3797
3798
3799
3800
3801
3802
3803
3804
3805
3806
3807
3808
3809
3810
3811
3812
3813
3814
3815
3816
3817
3818
3819
3820
3821
3822
3823
3824
3825
3826
3827
3828
3829
3830
3831
3832
3833
3834
3835
3836
3837
3838
3839
3840
3841
3842
3843
3844
3845
3846
3847
3848
3849
3850
3851
3852
3853
3854
3855
3856
3857
3858
3859
3860
3861
3862
3863
3864
3865
3866
3867
3868
3869
3870
3871
3872
3873
3874
3875
3876
3877
3878
3879
3880
3881
3882
3883
3884
3885
3886
3887
3888
3889
3890
3891
3892
3893
3894
3895
3896
3897
3898
3899
3900
3901
3902
3903
3904
3905
3906
3907
3908
3909
3910
3911
3912
3913
3914
3915
3916
3917
3918
3919
3920
3921
3922
3923
3924
3925
3926
3927
3928
3929
3930
3931
3932
3933
3934
3935
3936
3937
3938
3939
3940
3941
3942
3943
3944
3945
3946
3947
3948
3949
3950
3951
3952
3953
3954
3955
3956
3957
3958
3959
3960
3961
3962
3963
3964
3965
3966
3967
3968
3969
3970
3971
3972
3973
3974
3975
3976
3977
3978
3979
3980
3981
3982
3983
3984
3985
3986
3987
3988
3989
3990
3991
3992
3993
3994
3995
3996
3997
3998
3999
4000
4001
4002
4003
4004
4005
4006
4007
4008
4009
4010
4011
4012
4013
4014
4015
4016
4017
4018
4019
4020
4021
4022
4023
4024
4025
4026
4027
4028
4029
4030
4031
4032
4033
4034
4035
4036
4037
4038
4039
4040
4041
4042
4043
4044
4045
4046
4047
4048
4049
4050
4051
4052
4053
4054
4055
4056
4057
4058
4059
4060
4061
4062
4063
4064
4065
4066
4067
4068
4069
4070
4071
4072
4073
4074
4075
4076
4077
4078
4079
4080
4081
4082
4083
4084
4085
4086
4087
4088
4089
4090
4091
4092
4093
4094
4095
4096
4097
4098
4099
4100
4101
4102
4103
4104
4105
4106
4107
4108
4109
4110
4111
4112
4113
4114
4115
4116
4117
4118
4119
4120
4121
4122
4123
4124
4125
4126
4127
4128
4129
4130
4131
4132
4133
4134
4135
4136
4137
4138
4139
4140
4141
4142
4143
4144
4145
4146
4147
4148
4149
4150
4151
4152
4153
4154
4155
4156
4157
4158
4159
4160
4161
4162
4163
4164
4165
4166
4167
4168
4169
4170
4171
4172
4173
4174
4175
4176
4177
4178
4179
4180
4181
4182
4183
4184
4185
4186
4187
4188
4189
4190
4191
4192
4193
4194
4195
4196
4197
4198
4199
4200
4201
4202
4203
4204
4205
4206
4207
4208
4209
4210
4211
4212
4213
4214
4215
4216
4217
4218
4219
4220
4221
4222
4223
4224
4225
4226
4227
4228
4229
4230
4231
4232
4233
4234
4235
4236
4237
4238
4239
4240
4241
4242
4243
4244
4245
4246
4247
4248
4249
4250
4251
4252
4253
4254
4255
4256
4257
4258
4259
4260
4261
4262
4263
4264
4265
4266
4267
4268
4269
4270
4271
4272
4273
4274
4275
4276
4277
4278
4279
4280
4281
4282
4283
4284
4285
4286
4287
4288
4289
4290
4291
4292
4293
4294
4295
4296
4297
4298
4299
4300
4301
4302
4303
4304
4305
4306
4307
4308
4309
4310
4311
4312
4313
4314
4315
4316
4317
4318
4319
4320
4321
4322
4323
4324
4325
4326
4327
4328
4329
4330
4331
4332
4333
4334
4335
4336
4337
4338
4339
4340
4341
4342
4343
4344
4345
4346
4347
4348
4349
4350
4351
4352
4353
4354
4355
4356
4357
4358
4359
4360
4361
4362
4363
4364
4365
4366
4367
4368
4369
4370
4371
4372
4373
4374
4375
4376
4377
4378
4379
4380
4381
4382
4383
4384
4385
4386
4387
4388
4389
4390
4391
4392
4393
4394
4395
4396
4397
4398
4399
4400
4401
4402
4403
4404
4405
4406
4407
4408
4409
4410
4411
4412
4413
4414
4415
4416
4417
4418
4419
4420
4421
4422
4423
4424
4425
4426
4427
4428
4429
4430
4431
4432
4433
4434
4435
4436
4437
4438
4439
4440
4441
4442
4443
4444
4445
4446
4447
4448
4449
4450
4451
4452
4453
4454
4455
4456
4457
4458
4459
4460
4461
4462
4463
4464
4465
4466
4467
4468
4469
4470
4471
4472
4473
4474
4475
4476
4477
4478
4479
4480
4481
4482
4483
4484
4485
4486
4487
4488
4489
4490
4491
4492
4493
4494
4495
4496
4497
4498
4499
4500
4501
4502
4503
4504
4505
4506
4507
4508
4509
4510
4511
4512
4513
4514
4515
4516
4517
4518
4519
4520
4521
4522
4523
4524
4525
4526
4527
4528
4529
4530
4531
4532
4533
4534
4535
4536
4537
4538
4539
4540
4541
4542
4543
4544
4545
4546
4547
4548
4549
4550
4551
4552
4553
4554
4555
4556
4557
4558
4559
4560
4561
4562
4563
4564
4565
4566
4567
4568
4569
4570
4571
4572
4573
4574
4575
4576
4577
4578
4579
4580
4581
4582
4583
4584
4585
4586
4587
4588
4589
4590
4591
4592
4593
4594
4595
4596
4597
4598
4599
4600
4601
4602
4603
4604
4605
4606
4607
4608
4609
4610
4611
4612
4613
4614
4615
4616
4617
4618
4619
4620
4621
4622
4623
4624
4625
4626
4627
4628
4629
4630
4631
4632
4633
4634
4635
4636
4637
4638
4639
4640
4641
4642
4643
4644
4645
4646
4647
4648
4649
4650
4651
4652
4653
4654
4655
4656
4657
4658
4659
4660
4661
4662
4663
4664
4665
4666
4667
4668
4669
4670
4671
4672
4673
4674
4675
4676
4677
4678
4679
4680
4681
4682
4683
4684
4685
4686
4687
4688
4689
4690
4691
4692
4693
4694
4695
4696
4697
4698
4699
4700
4701
4702
4703
4704
4705
4706
4707
4708
4709
4710
4711
4712
4713
4714
4715
4716
4717
4718
4719
4720
4721
4722
4723
4724
4725
4726
4727
4728
4729
4730
4731
4732
4733
4734
4735
4736
4737
4738
4739
4740
4741
4742
4743
4744
4745
4746
4747
4748
4749
4750
4751
4752
4753
4754
4755
4756
4757
4758
4759
4760
4761
4762
4763
4764
4765
4766
4767
4768
4769
4770
4771
4772
4773
4774
4775
4776
4777
4778
4779
4780
4781
4782
4783
4784
4785
4786
4787
4788
4789
4790
4791
4792
4793
4794
4795
4796
4797
4798
4799
4800
4801
4802
4803
4804
4805
4806
4807
4808
4809
4810
4811
4812
4813
4814
4815
4816
4817
4818
4819
4820
4821
4822
4823
4824
4825
4826
4827
4828
4829
4830
4831
4832
4833
4834
4835
4836
4837
4838
4839
4840
4841
4842
4843
4844
4845
4846
4847
4848
4849
4850
4851
4852
4853
4854
4855
4856
4857
4858
4859
4860
4861
4862
4863
4864
4865
4866
4867
4868
4869
4870
4871
4872
4873
4874
4875
4876
4877
4878
4879
4880
4881
4882
4883
4884
4885
4886
4887
4888
4889
4890
4891
4892
4893
4894
4895
4896
4897
4898
4899
4900
4901
4902
4903
4904
4905
4906
4907
4908
4909
4910
4911
4912
4913
4914
4915
4916
4917
4918
4919
4920
4921
4922
4923
4924
4925
4926
4927
4928
4929
4930
4931
4932
4933
4934
4935
4936
4937
4938
4939
4940
4941
4942
4943
4944
4945
4946
4947
4948
4949
4950
4951
4952
4953
4954
4955
4956
4957
4958
4959
4960
4961
4962
4963
4964
4965
4966
4967
4968
4969
4970
4971
4972
4973
4974
4975
4976
4977
4978
4979
4980
4981
4982
4983
4984
4985
4986
4987
4988
4989
4990
4991
4992
4993
4994
4995
4996
4997
4998
4999
5000
5001
5002
5003
5004
5005
5006
5007
5008
5009
5010
5011
5012
5013
5014
5015
5016
5017
5018
5019
5020
5021
5022
5023
5024
5025
5026
5027
5028
5029
5030
5031
5032
5033
5034
5035
5036
5037
5038
5039
5040
5041
5042
5043
5044
5045
5046
5047
5048
5049
5050
5051
5052
5053
5054
5055
5056
5057
5058
5059
5060
5061
5062
5063
5064
5065
5066
5067
5068
5069
5070
5071
5072
5073
5074
5075
5076
5077
5078
5079
5080
5081
5082
5083
5084
5085
5086
5087
5088
5089
5090
5091
5092
5093
5094
5095
5096
5097
5098
5099
5100
5101
5102
5103
5104
5105
5106
5107
5108
5109
5110
5111
5112
5113
5114
5115
5116
5117
5118
5119
5120
5121
5122
5123
5124
5125
5126
5127
5128
5129
5130
5131
5132
5133
5134
5135
5136
5137
5138
5139
5140
5141
5142
5143
5144
5145
5146
5147
5148
5149
5150
5151
5152
5153
5154
5155
5156
5157
5158
5159
5160
5161
5162
5163
5164
5165
5166
5167
5168
5169
5170
5171
5172
5173
5174
5175
5176
5177
5178
5179
5180
5181
5182
5183
5184
5185
5186
5187
5188
5189
5190
5191
5192
5193
5194
5195
5196
5197
5198
5199
5200
5201
5202
5203
5204
5205
5206
5207
5208
5209
5210
5211
5212
5213
5214
5215
5216
5217
5218
5219
5220
5221
5222
5223
5224
5225
5226
5227
5228
5229
5230
5231
5232
5233
5234
5235
5236
5237
5238
5239
5240
5241
5242
5243
5244
5245
5246
5247
5248
5249
5250
5251
5252
5253
5254
5255
5256
5257
5258
5259
5260
5261
5262
5263
5264
5265
5266
5267
5268
5269
5270
5271
5272
5273
5274
5275
5276
5277
5278
5279
5280
5281
5282
5283
5284
5285
5286
5287
5288
5289
5290
5291
5292
5293
5294
5295
5296
5297
5298
5299
5300
5301
5302
5303
5304
5305
5306
5307
5308
5309
5310
5311
5312
5313
5314
5315
5316
5317
5318
5319
5320
5321
5322
5323
5324
5325
5326
5327
5328
5329
5330
5331
5332
5333
5334
5335
5336
5337
5338
5339
5340
5341
5342
5343
5344
5345
5346
5347
5348
5349
5350
5351
5352
5353
5354
5355
5356
5357
5358
5359
5360
5361
5362
5363
5364
5365
5366
5367
5368
5369
5370
5371
5372
5373
5374
5375
5376
5377
5378
5379
5380
5381
5382
5383
5384
5385
5386
5387
5388
5389
5390
5391
5392
5393
5394
5395
5396
5397
5398
5399
5400
5401
5402
5403
5404
5405
5406
5407
5408
5409
5410
5411
5412
5413
5414
5415
5416
5417
5418
5419
5420
5421
5422
5423
5424
5425
5426
5427
5428
5429
5430
5431
5432
5433
5434
5435
5436
5437
5438
5439
5440
5441
5442
5443
5444
5445
5446
5447
5448
5449
5450
5451
5452
5453
5454
5455
5456
5457
5458
5459
5460
5461
5462
5463
5464
5465
5466
5467
5468
5469
5470
5471
5472
5473
5474
5475
5476
5477
5478
5479
5480
5481
5482
5483
5484
5485
5486
5487
5488
5489
5490
5491
5492
5493
5494
5495
5496
5497
5498
5499
5500
5501
5502
5503
5504
5505
5506
5507
5508
5509
5510
5511
5512
5513
5514
5515
5516
5517
5518
5519
5520
5521
5522
5523
5524
5525
5526
5527
5528
5529
5530
5531
5532
5533
5534
5535
5536
5537
5538
5539
5540
5541
5542
5543
5544
5545
5546
5547
5548
5549
5550
5551
5552
5553
5554
5555
5556
5557
5558
5559
5560
5561
5562
5563
5564
5565
5566
5567
5568
5569
5570
5571
5572
5573
5574
5575
5576
5577
5578
5579
5580
5581
5582
5583
5584
5585
5586
5587
5588
5589
5590
5591
5592
5593
5594
5595
5596
5597
5598
5599
5600
5601
5602
5603
5604
5605
5606
5607
5608
5609
5610
5611
5612
5613
5614
5615
5616
5617
5618
5619
5620
5621
5622
5623
5624
5625
5626
5627
5628
5629
5630
5631
5632
5633
5634
5635
5636
5637
5638
5639
5640
5641
5642
5643
5644
5645
5646
5647
5648
5649
5650
5651
5652
5653
5654
5655
5656
5657
5658
5659
5660
5661
5662
5663
5664
5665
5666
5667
5668
5669
5670
5671
5672
5673
5674
5675
5676
5677
5678
5679
5680
5681
5682
5683
5684
5685
5686
5687
5688
5689
5690
5691
5692
5693
5694
5695
5696
5697
5698
5699
5700
5701
5702
5703
5704
5705
5706
5707
5708
5709
5710
5711
5712
5713
5714
5715
5716
5717
5718
5719
5720
5721
5722
5723
5724
5725
5726
5727
5728
5729
5730
5731
5732
5733
5734
5735
5736
5737
5738
5739
5740
5741
5742
5743
5744
5745
5746
5747
5748
5749
5750
5751
5752
5753
5754
5755
5756
5757
5758
5759
5760
5761
5762
5763
5764
5765
5766
5767
5768
5769
5770
5771
5772
5773
5774
5775
5776
5777
5778
5779
5780
5781
5782
5783
5784
5785
5786
5787
5788
5789
5790
5791
5792
5793
5794
5795
5796
5797
5798
5799
5800
5801
5802
5803
5804
5805
5806
5807
5808
5809
5810
5811
5812
5813
5814
5815
5816
5817
5818
5819
5820
5821
5822
5823
5824
5825
5826
5827
5828
5829
5830
5831
5832
5833
5834
5835
5836
5837
5838
5839
5840
5841
5842
5843
5844
5845
5846
5847
5848
5849
5850
5851
5852
5853
5854
5855
5856
5857
5858
5859
5860
5861
5862
5863
5864
5865
5866
5867
5868
5869
5870
5871
5872
5873
5874
5875
5876
5877
5878
5879
5880
5881
5882
5883
5884
5885
5886
5887
5888
5889
5890
5891
5892
5893
5894
5895
5896
5897
5898
5899
5900
5901
5902
5903
5904
5905
5906
5907
5908
5909
5910
5911
5912
5913
5914
5915
5916
5917
5918
5919
5920
5921
5922
5923
5924
5925
5926
5927
5928
5929
5930
5931
5932
5933
5934
5935
5936
5937
5938
5939
5940
5941
5942
5943
5944
5945
5946
5947
5948
5949
5950
5951
5952
5953
5954
5955
5956
5957
5958
5959
5960
5961
5962
5963
5964
5965
5966
5967
5968
5969
5970
5971
5972
5973
5974
5975
5976
5977
5978
5979
5980
5981
5982
5983
5984
5985
5986
5987
5988
5989
5990
5991
5992
5993
5994
5995
5996
5997
5998
5999
6000
6001
6002
6003
6004
6005
6006
6007
6008
6009
6010
6011
6012
6013
6014
6015
6016
6017
6018
6019
6020
6021
6022
6023
6024
6025
6026
6027
6028
6029
6030
6031
6032
6033
6034
6035
6036
6037
6038
6039
6040
6041
6042
6043
6044
6045
6046
6047
6048
6049
6050
6051
6052
6053
6054
6055
6056
6057
6058
6059
6060
6061
6062
6063
6064
6065
6066
6067
6068
6069
6070
6071
6072
6073
6074
6075
6076
6077
6078
6079
6080
6081
6082
6083
6084
6085
6086
6087
6088
6089
6090
6091
6092
6093
6094
6095
6096
6097
6098
6099
6100
6101
6102
6103
6104
6105
6106
6107
6108
6109
6110
6111
6112
6113
6114
6115
6116
6117
6118
6119
6120
6121
6122
6123
6124
6125
6126
6127
6128
6129
6130
6131
6132
6133
6134
6135
6136
6137
6138
6139
6140
6141
6142
6143
6144
6145
6146
6147
6148
6149
6150
6151
6152
6153
6154
6155
6156
6157
6158
6159
6160
6161
6162
6163
6164
6165
6166
6167
6168
6169
6170
6171
6172
6173
6174
6175
6176
6177
6178
6179
6180
6181
6182
6183
6184
6185
6186
6187
6188
6189
6190
6191
6192
6193
6194
6195
6196
6197
6198
6199
6200
6201
6202
6203
6204
6205
6206
6207
6208
6209
6210
6211
6212
6213
6214
6215
6216
6217
6218
6219
6220
6221
6222
6223
6224
6225
6226
6227
6228
6229
6230
6231
6232
6233
6234
6235
6236
6237
6238
6239
6240
6241
6242
6243
6244
6245
6246
6247
6248
6249
6250
6251
6252
6253
6254
6255
6256
6257
6258
6259
6260
6261
6262
6263
6264
6265
6266
6267
6268
6269
6270
6271
6272
6273
6274
6275
6276
6277
6278
6279
6280
6281
6282
6283
6284
6285
6286
6287
6288
6289
6290
6291
6292
6293
6294
6295
6296
6297
6298
6299
6300
6301
6302
6303
6304
6305
6306
6307
6308
6309
6310
6311
6312
6313
6314
6315
6316
6317
6318
6319
6320
6321
6322
6323
6324
6325
6326
6327
6328
6329
6330
6331
6332
6333
6334
6335
6336
6337
6338
6339
6340
6341
6342
6343
6344
6345
6346
6347
6348
6349
6350
6351
6352
6353
6354
6355
6356
6357
6358
6359
6360
6361
6362
6363
6364
6365
6366
6367
6368
6369
6370
6371
6372
6373
6374
6375
6376
6377
6378
6379
6380
6381
6382
6383
6384
6385
6386
6387
6388
6389
6390
6391
6392
6393
6394
6395
6396
6397
6398
6399
6400
6401
6402
6403
6404
6405
6406
6407
6408
6409
6410
6411
6412
6413
6414
6415
6416
6417
6418
6419
6420
6421
6422
6423
6424
6425
6426
6427
6428
6429
6430
6431
6432
6433
6434
6435
6436
6437
6438
6439
6440
6441
6442
6443
6444
6445
6446
6447
6448
6449
6450
6451
6452
6453
6454
6455
6456
6457
6458
6459
6460
6461
6462
6463
6464
6465
6466
6467
6468
6469
6470
6471
6472
6473
6474
6475
6476
6477
6478
6479
6480
6481
6482
6483
6484
6485
6486
6487
6488
6489
6490
6491
6492
6493
6494
6495
6496
6497
6498
6499
6500
6501
6502
6503
6504
6505
6506
6507
6508
6509
6510
6511
6512
6513
6514
6515
6516
6517
6518
6519
6520
6521
6522
6523
6524
6525
6526
6527
6528
6529
6530
6531
6532
6533
6534
6535
6536
6537
6538
6539
6540
6541
6542
6543
6544
6545
6546
6547
6548
6549
6550
6551
6552
6553
6554
6555
6556
6557
6558
6559
6560
6561
6562
6563
6564
6565
6566
6567
6568
6569
6570
6571
6572
6573
6574
6575
6576
6577
6578
6579
6580
6581
6582
6583
6584
6585
6586
6587
6588
6589
6590
6591
6592
6593
6594
6595
6596
6597
6598
6599
6600
6601
6602
6603
6604
6605
6606
6607
6608
6609
6610
6611
6612
6613
6614
6615
6616
6617
6618
6619
6620
6621
6622
6623
6624
6625
6626
6627
6628
6629
6630
6631
6632
6633
6634
6635
6636
6637
6638
6639
6640
6641
6642
6643
6644
6645
6646
6647
6648
6649
6650
6651
6652
6653
6654
6655
6656
6657
6658
6659
6660
6661
6662
6663
6664
6665
6666
6667
6668
6669
6670
6671
6672
6673
6674
6675
6676
6677
6678
6679
6680
6681
6682
6683
6684
6685
6686
6687
6688
6689
6690
6691
6692
6693
6694
6695
6696
6697
6698
6699
6700
6701
6702
6703
6704
6705
6706
6707
6708
6709
6710
6711
6712
6713
6714
6715
6716
6717
6718
6719
6720
6721
6722
6723
6724
6725
6726
6727
6728
6729
6730
6731
6732
6733
6734
6735
6736
6737
6738
6739
6740
6741
6742
6743
6744
6745
6746
6747
6748
6749
6750
6751
6752
6753
6754
6755
6756
6757
6758
6759
6760
6761
6762
6763
6764
6765
6766
6767
6768
6769
6770
6771
6772
6773
6774
6775
6776
6777
6778
6779
6780
6781
6782
6783
6784
6785
6786
6787
6788
6789
6790
6791
6792
6793
6794
6795
6796
6797
6798
6799
6800
6801
6802
6803
6804
6805
6806
6807
6808
6809
6810
6811
6812
6813
6814
6815
6816
6817
6818
6819
6820
6821
6822
6823
6824
6825
6826
6827
6828
6829
6830
6831
6832
6833
6834
6835
6836
6837
6838
6839
6840
6841
6842
6843
6844
6845
6846
6847
6848
6849
6850
6851
6852
6853
6854
6855
6856
6857
6858
6859
6860
6861
6862
6863
6864
6865
6866
6867
6868
6869
6870
6871
6872
6873
6874
6875
6876
6877
6878
6879
6880
6881
6882
6883
6884
6885
6886
6887
6888
6889
6890
6891
6892
6893
6894
6895
6896
6897
6898
6899
6900
6901
6902
6903
6904
6905
6906
6907
6908
6909
6910
6911
6912
6913
6914
6915
6916
6917
6918
6919
6920
6921
6922
6923
6924
6925
6926
6927
6928
6929
6930
6931
6932
6933
6934
6935
6936
6937
6938
6939
6940
6941
6942
6943
6944
6945
6946
6947
6948
6949
6950
6951
6952
6953
6954
6955
6956
6957
6958
6959
6960
6961
6962
6963
6964
6965
6966
6967
6968
6969
6970
6971
6972
6973
6974
6975
6976
6977
6978
6979
6980
6981
6982
6983
6984
6985
6986
6987
6988
6989
6990
6991
6992
6993
6994
6995
6996
6997
6998
6999
7000
7001
7002
7003
7004
7005
7006
7007
7008
7009
7010
7011
7012
7013
7014
7015
7016
7017
7018
7019
7020
7021
7022
7023
7024
7025
7026
7027
7028
7029
7030
7031
7032
7033
7034
7035
7036
7037
7038
7039
7040
7041
7042
7043
7044
7045
7046
7047
7048
7049
7050
7051
7052
7053
7054
7055
7056
7057
7058
7059
7060
7061
7062
7063
7064
7065
7066
7067
7068
7069
7070
7071
7072
7073
7074
7075
7076
7077
7078
7079
7080
7081
7082
7083
7084
7085
7086
7087
7088
7089
7090
7091
7092
7093
7094
7095
7096
7097
7098
7099
7100
7101
7102
7103
7104
7105
7106
7107
7108
7109
7110
7111
7112
7113
7114
7115
7116
7117
7118
7119
7120
7121
7122
7123
7124
7125
7126
7127
7128
7129
7130
7131
7132
7133
7134
7135
7136
7137
7138
7139
7140
7141
7142
7143
7144
7145
7146
7147
7148
7149
7150
7151
7152
7153
7154
7155
7156
7157
7158
7159
7160
7161
7162
7163
7164
7165
7166
7167
7168
7169
7170
7171
7172
7173
7174
7175
7176
7177
7178
7179
7180
7181
7182
7183
7184
7185
7186
7187
7188
7189
7190
7191
7192
7193
7194
7195
7196
7197
7198
7199
7200
7201
7202
7203
7204
7205
7206
7207
7208
7209
7210
7211
7212
7213
7214
7215
7216
7217
7218
7219
7220
7221
7222
7223
7224
7225
7226
7227
7228
7229
7230
7231
7232
7233
7234
7235
7236
7237
7238
7239
7240
7241
7242
7243
7244
7245
7246
7247
7248
7249
7250
7251
7252
7253
7254
7255
7256
7257
7258
7259
7260
7261
7262
7263
7264
7265
7266
7267
7268
7269
7270
7271
7272
7273
7274
7275
7276
7277
7278
7279
7280
7281
7282
7283
7284
7285
7286
7287
7288
7289
7290
7291
7292
7293
7294
7295
7296
7297
7298
7299
7300
7301
7302
7303
7304
7305
7306
7307
7308
7309
7310
7311
7312
7313
7314
7315
7316
7317
7318
7319
7320
7321
7322
7323
7324
7325
7326
7327
7328
7329
7330
7331
7332
7333
7334
7335
7336
7337
7338
7339
7340
7341
7342
7343
7344
7345
7346
7347
7348
7349
7350
7351
7352
7353
7354
7355
7356
7357
7358
7359
7360
7361
7362
7363
7364
7365
7366
7367
7368
7369
7370
7371
7372
7373
7374
7375
7376
7377
7378
7379
7380
7381
7382
7383
7384
7385
7386
7387
7388
7389
7390
7391
7392
7393
7394
7395
7396
7397
7398
7399
7400
7401
7402
7403
7404
7405
7406
7407
7408
7409
7410
7411
7412
7413
7414
7415
7416
7417
7418
7419
7420
7421
7422
7423
7424
7425
7426
7427
7428
7429
7430
7431
7432
7433
7434
7435
7436
7437
7438
7439
7440
7441
7442
7443
7444
7445
7446
7447
7448
7449
7450
7451
7452
7453
7454
7455
7456
7457
7458
7459
7460
7461
7462
7463
7464
7465
7466
7467
7468
7469
7470
7471
7472
7473
7474
7475
7476
7477
7478
7479
7480
7481
7482
7483
7484
7485
7486
7487
7488
7489
7490
7491
7492
7493
7494
7495
7496
7497
7498
7499
7500
7501
7502
7503
7504
7505
7506
7507
7508
7509
7510
7511
7512
7513
7514
7515
7516
7517
7518
7519
7520
7521
7522
7523
7524
7525
7526
7527
7528
7529
7530
7531
7532
7533
7534
7535
7536
7537
7538
7539
7540
7541
7542
7543
7544
7545
7546
7547
7548
7549
7550
7551
7552
7553
7554
7555
7556
7557
7558
7559
7560
7561
7562
7563
7564
7565
7566
7567
7568
7569
7570
7571
7572
7573
7574
7575
7576
7577
7578
7579
7580
7581
7582
7583
7584
7585
7586
7587
7588
7589
7590
7591
7592
7593
7594
7595
7596
7597
7598
7599
7600
7601
7602
7603
7604
7605
7606
7607
7608
7609
7610
7611
7612
7613
7614
7615
7616
7617
7618
7619
7620
7621
7622
7623
7624
7625
7626
7627
7628
7629
7630
7631
7632
7633
7634
7635
7636
7637
7638
7639
7640
7641
7642
7643
7644
7645
7646
7647
7648
7649
7650
7651
7652
7653
7654
7655
7656
7657
7658
7659
7660
7661
7662
7663
7664
7665
7666
7667
7668
7669
7670
7671
7672
7673
7674
7675
7676
7677
7678
7679
7680
7681
7682
7683
7684
7685
7686
7687
7688
7689
7690
7691
7692
7693
7694
7695
7696
7697
7698
7699
7700
7701
7702
7703
7704
7705
7706
7707
7708
7709
7710
7711
7712
7713
7714
7715
7716
7717
7718
7719
7720
7721
7722
7723
7724
7725
7726
7727
7728
7729
7730
7731
7732
7733
7734
7735
7736
7737
7738
7739
7740
7741
7742
7743
7744
7745
7746
7747
7748
7749
7750
7751
7752
7753
7754
7755
7756
7757
7758
7759
7760
7761
7762
7763
7764
7765
7766
7767
7768
7769
7770
7771
7772
7773
7774
7775
7776
7777
7778
7779
7780
7781
7782
7783
7784
7785
7786
7787
7788
7789
7790
7791
7792
7793
7794
7795
7796
7797
7798
7799
7800
7801
7802
7803
7804
7805
7806
7807
7808
7809
7810
7811
7812
7813
7814
7815
7816
7817
7818
7819
7820
7821
7822
7823
7824
7825
7826
7827
7828
7829
7830
7831
7832
7833
7834
7835
7836
7837
7838
7839
7840
7841
7842
7843
7844
7845
7846
7847
7848
7849
7850
7851
7852
7853
7854
7855
7856
7857
7858
7859
7860
7861
7862
7863
7864
7865
7866
7867
7868
7869
7870
7871
7872
7873
7874
7875
7876
7877
7878
7879
7880
7881
7882
7883
7884
7885
7886
7887
7888
7889
7890
7891
7892
7893
7894
7895
7896
7897
7898
7899
7900
7901
7902
7903
7904
7905
7906
7907
7908
7909
7910
7911
7912
7913
7914
7915
7916
7917
7918
7919
7920
7921
7922
7923
7924
7925
7926
7927
7928
7929
7930
7931
7932
7933
7934
7935
7936
7937
7938
7939
7940
7941
7942
7943
7944
7945
7946
7947
7948
7949
7950
7951
7952
7953
7954
7955
7956
7957
7958
7959
7960
7961
7962
7963
7964
7965
7966
7967
7968
7969
7970
7971
7972
7973
7974
7975
7976
7977
7978
7979
7980
7981
7982
7983
7984
7985
7986
7987
7988
7989
7990
7991
7992
7993
7994
7995
7996
7997
7998
7999
8000
8001
8002
8003
8004
8005
8006
8007
8008
8009
8010
8011
8012
8013
8014
8015
8016
8017
8018
8019
8020
8021
8022
8023
8024
8025
8026
8027
8028
8029
8030
8031
8032
8033
8034
8035
8036
8037
8038
8039
8040
8041
8042
8043
8044
8045
8046
8047
8048
8049
8050
8051
8052
8053
8054
8055
8056
8057
8058
8059
8060
8061
8062
8063
8064
8065
8066
8067
8068
8069
8070
8071
8072
8073
8074
8075
8076
8077
8078
8079
8080
8081
8082
8083
8084
8085
8086
8087
8088
8089
8090
8091
8092
8093
8094
8095
8096
8097
8098
8099
8100
8101
8102
8103
8104
8105
8106
8107
8108
8109
8110
8111
8112
8113
8114
8115
8116
8117
8118
8119
8120
8121
8122
8123
8124
8125
8126
8127
8128
8129
8130
8131
8132
8133
8134
8135
8136
8137
8138
8139
8140
8141
8142
8143
8144
8145
8146
8147
8148
8149
8150
8151
8152
8153
8154
8155
8156
8157
8158
8159
8160
8161
8162
8163
8164
8165
8166
8167
8168
8169
8170
8171
8172
8173
8174
8175
8176
8177
8178
8179
8180
8181
8182
8183
8184
8185
8186
8187
8188
8189
8190
8191
8192
8193
8194
8195
8196
8197
8198
8199
8200
8201
8202
8203
8204
8205
8206
8207
8208
8209
8210
8211
8212
8213
8214
8215
8216
8217
8218
8219
8220
8221
8222
8223
8224
8225
8226
8227
8228
8229
8230
8231
8232
8233
8234
8235
8236
8237
8238
8239
8240
8241
8242
8243
8244
8245
8246
8247
8248
8249
8250
8251
8252
8253
8254
8255
8256
8257
8258
8259
8260
8261
8262
8263
8264
8265
8266
8267
8268
8269
8270
8271
8272
8273
8274
8275
8276
8277
8278
8279
8280
8281
8282
8283
8284
8285
8286
8287
8288
8289
8290
8291
8292
8293
8294
8295
8296
8297
8298
8299
8300
8301
8302
8303
8304
8305
8306
8307
8308
8309
8310
8311
8312
8313
8314
8315
8316
8317
8318
8319
8320
8321
8322
8323
8324
8325
8326
8327
8328
8329
8330
8331
8332
8333
8334
8335
8336
8337
8338
8339
8340
8341
8342
8343
8344
8345
8346
8347
8348
8349
8350
8351
8352
8353
8354
8355
8356
8357
8358
8359
8360
8361
8362
8363
8364
8365
8366
8367
8368
8369
8370
8371
8372
8373
8374
8375
8376
8377
8378
8379
8380
8381
8382
8383
8384
8385
8386
8387
8388
8389
8390
8391
8392
8393
8394
8395
8396
8397
8398
8399
8400
8401
8402
8403
8404
8405
8406
8407
8408
8409
8410
8411
8412
8413
8414
8415
8416
8417
8418
8419
8420
8421
8422
8423
8424
8425
8426
8427
8428
8429
8430
8431
8432
8433
8434
8435
8436
8437
8438
8439
8440
8441
8442
8443
8444
8445
8446
8447
8448
8449
8450
8451
8452
8453
8454
8455
8456
8457
8458
8459
8460
8461
8462
8463
8464
8465
8466
8467
8468
8469
8470
8471
8472
8473
8474
8475
8476
8477
8478
8479
8480
8481
8482
8483
8484
8485
8486
8487
8488
8489
8490
8491
8492
8493
8494
8495
8496
8497
8498
8499
8500
8501
8502
8503
8504
8505
8506
8507
8508
8509
8510
8511
8512
8513
8514
8515
8516
8517
8518
8519
8520
8521
8522
8523
8524
8525
8526
8527
8528
8529
8530
8531
8532
8533
8534
8535
8536
8537
8538
8539
8540
8541
8542
8543
8544
8545
8546
8547
8548
8549
8550
8551
8552
8553
8554
8555
8556
8557
8558
8559
8560
8561
8562
8563
8564
8565
8566
8567
8568
8569
8570
8571
8572
8573
8574
8575
8576
8577
8578
8579
8580
8581
8582
8583
8584
8585
8586
8587
8588
8589
8590
8591
8592
8593
8594
8595
8596
8597
8598
8599
8600
8601
8602
8603
8604
8605
8606
8607
8608
8609
8610
8611
8612
8613
8614
8615
8616
8617
8618
8619
8620
8621
8622
8623
8624
8625
8626
8627
8628
8629
8630
8631
8632
8633
8634
8635
8636
8637
8638
8639
8640
8641
8642
8643
8644
8645
8646
8647
8648
8649
8650
8651
8652
8653
8654
8655
8656
8657
8658
8659
8660
8661
8662
8663
8664
8665
8666
8667
8668
8669
8670
8671
8672
8673
8674
8675
8676
8677
8678
8679
8680
8681
8682
8683
8684
8685
8686
8687
8688
8689
8690
8691
8692
8693
8694
8695
8696
8697
8698
8699
8700
8701
8702
8703
8704
8705
8706
8707
8708
8709
8710
8711
8712
8713
8714
8715
8716
8717
8718
8719
8720
8721
8722
8723
8724
8725
8726
8727
8728
8729
8730
8731
8732
8733
8734
8735
8736
8737
8738
8739
8740
8741
8742
8743
8744
8745
8746
8747
8748
8749
8750
8751
8752
8753
8754
8755
8756
8757
8758
8759
8760
8761
8762
8763
8764
8765
8766
8767
8768
8769
8770
8771
8772
8773
8774
8775
8776
8777
8778
8779
8780
8781
8782
8783
8784
8785
8786
8787
8788
8789
8790
8791
8792
8793
8794
8795
8796
8797
8798
8799
8800
8801
8802
8803
8804
8805
8806
8807
8808
8809
8810
8811
8812
8813
8814
8815
8816
8817
8818
8819
8820
8821
8822
8823
8824
8825
8826
8827
8828
8829
8830
8831
8832
8833
8834
8835
8836
8837
8838
8839
8840
8841
8842
8843
8844
8845
8846
8847
8848
8849
8850
8851
8852
8853
8854
8855
8856
8857
8858
8859
8860
8861
8862
8863
8864
8865
8866
8867
8868
8869
8870
8871
8872
8873
8874
8875
8876
8877
8878
8879
8880
8881
8882
8883
8884
8885
8886
8887
8888
8889
8890
8891
8892
8893
8894
8895
8896
8897
8898
8899
8900
8901
8902
8903
8904
8905
8906
8907
8908
8909
8910
8911
8912
8913
8914
8915
8916
8917
8918
8919
8920
8921
8922
8923
8924
8925
8926
8927
8928
8929
8930
8931
8932
8933
8934
8935
8936
8937
8938
8939
8940
8941
8942
8943
8944
8945
8946
8947
8948
8949
8950
8951
8952
8953
8954
8955
8956
8957
8958
8959
8960
8961
8962
8963
8964
8965
8966
8967
8968
8969
8970
8971
8972
8973
8974
8975
8976
8977
8978
8979
8980
8981
8982
8983
8984
8985
8986
8987
8988
8989
8990
8991
8992
8993
8994
8995
8996
8997
8998
8999
9000
9001
9002
9003
9004
9005
9006
9007
9008
9009
9010
9011
9012
9013
9014
9015
9016
9017
9018
9019
9020
9021
9022
9023
9024
9025
9026
9027
9028
9029
9030
9031
9032
9033
9034
9035
9036
9037
9038
9039
9040
9041
9042
9043
9044
9045
9046
9047
9048
9049
9050
9051
9052
9053
9054
9055
9056
9057
9058
9059
9060
9061
9062
9063
9064
9065
9066
9067
9068
9069
9070
9071
9072
9073
9074
9075
9076
9077
9078
9079
9080
9081
9082
9083
9084
9085
9086
9087
9088
9089
9090
9091
9092
9093
9094
9095
9096
9097
9098
9099
9100
9101
9102
9103
9104
9105
9106
9107
9108
9109
9110
9111
9112
9113
9114
9115
9116
9117
9118
9119
9120
9121
9122
9123
9124
9125
9126
9127
9128
9129
9130
9131
9132
9133
9134
9135
9136
9137
9138
9139
9140
9141
9142
9143
9144
9145
9146
9147
9148
9149
9150
9151
9152
9153
9154
9155
9156
9157
9158
9159
9160
9161
9162
9163
9164
9165
9166
9167
9168
9169
9170
9171
9172
9173
9174
9175
9176
9177
9178
9179
9180
9181
9182
9183
9184
9185
9186
9187
9188
9189
9190
9191
9192
9193
9194
9195
9196
9197
9198
9199
9200
9201
9202
9203
9204
9205
9206
9207
9208
9209
9210
9211
9212
9213
9214
9215
9216
9217
9218
9219
9220
9221
9222
9223
9224
9225
9226
9227
9228
9229
9230
9231
9232
9233
9234
9235
9236
9237
9238
9239
9240
9241
9242
9243
9244
9245
9246
9247
9248
9249
9250
9251
9252
9253
9254
9255
9256
9257
9258
9259
9260
9261
9262
9263
9264
9265
9266
9267
9268
9269
9270
9271
9272
9273
9274
9275
9276
9277
9278
9279
9280
9281
9282
9283
9284
9285
9286
9287
9288
9289
9290
9291
9292
9293
9294
9295
9296
9297
9298
9299
9300
9301
9302
9303
9304
9305
9306
9307
9308
9309
9310
9311
9312
9313
9314
9315
9316
9317
9318
9319
9320
9321
9322
9323
9324
9325
9326
9327
9328
9329
9330
9331
9332
9333
9334
9335
9336
9337
9338
9339
9340
9341
9342
9343
9344
9345
9346
9347
9348
9349
9350
9351
9352
9353
9354
9355
9356
9357
9358
9359
9360
9361
9362
9363
9364
9365
9366
9367
9368
9369
9370
9371
9372
9373
9374
9375
9376
9377
9378
9379
9380
9381
9382
9383
9384
9385
9386
9387
9388
9389
9390
9391
9392
9393
9394
9395
9396
9397
9398
9399
9400
9401
9402
9403
9404
9405
9406
9407
9408
9409
9410
9411
9412
9413
9414
9415
9416
9417
9418
9419
9420
9421
9422
9423
9424
9425
9426
9427
9428
9429
9430
9431
9432
9433
9434
9435
9436
9437
9438
9439
9440
9441
9442
9443
9444
9445
9446
9447
9448
9449
9450
9451
9452
9453
9454
9455
9456
9457
9458
9459
9460
9461
9462
9463
9464
9465
9466
9467
9468
9469
9470
9471
9472
9473
9474
9475
9476
9477
9478
9479
9480
9481
9482
9483
9484
9485
9486
9487
9488
9489
9490
9491
9492
9493
9494
9495
9496
9497
9498
9499
9500
9501
9502
9503
9504
9505
9506
9507
9508
9509
9510
9511
9512
9513
9514
9515
9516
9517
9518
9519
9520
9521
9522
9523
9524
9525
9526
9527
9528
9529
9530
9531
9532
9533
9534
9535
9536
9537
9538
9539
9540
9541
9542
9543
9544
9545
9546
9547
9548
9549
9550
9551
9552
9553
9554
9555
9556
9557
9558
9559
9560
9561
9562
9563
9564
9565
9566
9567
9568
9569
9570
9571
9572
9573
9574
9575
9576
9577
9578
9579
9580
9581
9582
9583
9584
9585
9586
9587
9588
9589
9590
9591
9592
9593
9594
9595
9596
9597
9598
9599
9600
9601
9602
9603
9604
9605
9606
9607
9608
9609
9610
9611
9612
9613
9614
9615
9616
9617
9618
9619
9620
9621
9622
9623
9624
9625
9626
9627
9628
9629
9630
9631
9632
9633
9634
9635
9636
9637
9638
9639
9640
9641
9642
9643
9644
9645
9646
9647
9648
9649
9650
9651
9652
9653
9654
9655
9656
9657
9658
9659
9660
9661
9662
9663
9664
9665
9666
9667
9668
9669
9670
9671
9672
9673
9674
9675
9676
9677
9678
9679
9680
9681
9682
9683
9684
9685
9686
9687
9688
9689
9690
9691
9692
9693
9694
9695
9696
9697
9698
9699
9700
9701
9702
9703
9704
9705
9706
9707
9708
9709
9710
9711
9712
9713
9714
9715
9716
9717
9718
9719
9720
9721
9722
9723
9724
9725
9726
9727
9728
9729
9730
9731
9732
9733
9734
9735
9736
9737
9738
9739
9740
9741
9742
9743
9744
9745
9746
9747
9748
9749
9750
9751
9752
9753
9754
9755
9756
9757
9758
9759
9760
9761
9762
9763
9764
9765
9766
9767
9768
9769
9770
9771
9772
9773
9774
9775
9776
9777
9778
9779
9780
9781
9782
9783
9784
9785
9786
9787
9788
9789
9790
9791
9792
9793
9794
9795
9796
9797
9798
9799
9800
9801
9802
9803
9804
9805
9806
9807
9808
9809
9810
9811
9812
9813
9814
9815
9816
9817
9818
9819
9820
9821
9822
9823
9824
9825
9826
9827
9828
9829
9830
9831
9832
9833
9834
9835
9836
9837
9838
9839
9840
9841
9842
9843
9844
9845
9846
9847
9848
9849
9850
9851
9852
9853
9854
9855
9856
9857
9858
9859
9860
9861
9862
9863
9864
9865
9866
9867
9868
9869
9870
9871
9872
9873
9874
9875
9876
9877
9878
9879
9880
9881
9882
9883
9884
9885
9886
9887
9888
9889
9890
9891
9892
9893
9894
9895
9896
9897
9898
9899
9900
9901
9902
9903
9904
9905
9906
9907
9908
9909
9910
9911
9912
9913
9914
9915
9916
9917
9918
9919
9920
9921
9922
9923
9924
9925
9926
9927
9928
9929
9930
9931
9932
9933
9934
9935
9936
9937
9938
9939
9940
9941
9942
9943
9944
9945
9946
9947
9948
9949
9950
9951
9952
9953
9954
9955
9956
9957
9958
9959
9960
9961
9962
9963
9964
9965
9966
9967
9968
9969
9970
9971
9972
9973
9974
9975
9976
9977
9978
9979
9980
9981
9982
9983
9984
9985
9986
9987
9988
9989
9990
9991
9992
9993
9994
9995
9996
9997
9998
9999
10000
10001
10002
10003
10004
10005
10006
10007
10008
10009
10010
10011
10012
10013
10014
10015
10016
10017
10018
10019
10020
10021
10022
10023
10024
10025
10026
10027
10028
10029
10030
10031
10032
10033
10034
10035
10036
10037
10038
10039
10040
10041
10042
10043
10044
10045
10046
10047
10048
10049
10050
10051
10052
10053
10054
10055
10056
10057
10058
10059
10060
10061
10062
10063
10064
10065
10066
10067
10068
10069
10070
10071
10072
10073
10074
10075
10076
10077
10078
10079
10080
10081
10082
10083
10084
10085
10086
10087
10088
10089
10090
10091
10092
10093
10094
10095
10096
10097
10098
10099
10100
10101
10102
10103
10104
10105
10106
10107
10108
10109
10110
10111
10112
10113
10114
10115
10116
10117
10118
10119
10120
10121
10122
10123
10124
10125
10126
10127
10128
10129
10130
10131
10132
10133
10134
10135
10136
10137
10138
10139
10140
10141
10142
10143
10144
10145
10146
10147
10148
10149
10150
10151
10152
10153
10154
10155
10156
10157
10158
10159
10160
10161
10162
10163
10164
10165
10166
10167
10168
10169
10170
10171
10172
10173
10174
10175
10176
10177
10178
10179
10180
10181
10182
10183
10184
10185
10186
10187
10188
10189
10190
10191
10192
10193
10194
10195
10196
10197
10198
10199
10200
10201
10202
10203
10204
10205
10206
10207
10208
10209
10210
10.05817248440217 5.069811335767614 0
16.59820490131705 4.983241276509571 0
21.79999999991455 4.999999999998322 0
31.35200269531567 5.001578067092883 0
26.61235419223527 5.194863726533043 0
5.833333333333334 6.000000000000001 0
35.65065100728864 5.742694508642258 0
13.29999999997639 3.587999999984266 0
3.114242424242425 4.479671717171719 0
13.87220996528917 6.774926804758729 0
19.23633287456102 3.10832254109196 0
19.23085494629096 6.83974890880294 0
33.88696551498533 3.117222067793786 0
24.26628446110148 3.063280713597344 0
28.9050727920346 3.110434698630191 0
24.12036429810005 6.936775188014589 0
29.07758913408659 6.962139218998647 0
37.10687398154326 3.000925898631813 0
3.295712799637571 7.187767233022386 0
8.313963375270934 7.23174720332132 0
8.609595968872718 2.699434148674111 0
33.25319472709469 7.197804489773862 0
11.30070736340972 7.296728609377238 0
15.6662504493294 2.604235192072811 0
37.4593314177494 7.421028876319611 0
11.08281390414043 2.500313273735283 0
16.30846996373111 7.444449664771168 0
21.84857007863935 2.469266183715598 0
31.39316947488463 2.558447281737846 0
21.62243977822185 7.493540805081516 0
2.764373240973856 2.22853758766127 0
6.813321236201493 4.016532998185043 0
26.55401873679115 2.38369814570614 0
26.59612185981955 7.553887548672861 0
31.12380034320165 7.824906041155473 0
37.79552295442355 5.087158630070789 0
35.32083264889732 7.826981767960884 0
4.951835515454537 3.891194736097859 0
12.08794818229454 5.363448136432082 0
5.26552630232968 7.960236108979975 0
33.69975135103363 5.158260781580154 0
17.64985280154095 2.006948157963432 0
1.915796745439661 5.974547285725872 0
23.71082261397095 5.042083904951361 0
28.57002553460525 5.08496611049814 0
14.65625807736051 4.980507326179431 0
18.5365244057924 5.058386773094457 0
8.1596424037196 5.368452003726406 0
35.42291041824107 1.927326241962987 0
13.89106901990206 1.852876279871808 0
1.815203489923922 8.201953796414696 0
18.01550069159415 8.158590806257537 0
12.84400680463232 8.239095769035336 0
4.152814010352161 5.76968861469684 0
35.485192465476 3.895651846397628 0
9.773895418222455 8.272876889209488 0
6.963742114420379 8.279761146276641 0
1.716523607199451 3.556529719536151 0
38.25063397777616 1.749366022222886 0
20.20708509361266 1.638678392717126 0
14.74978151978763 8.270278037588145 0
20.09122921592262 8.288264681113736 0
32.953655645005 1.70567990641794 0
23.30078303605947 1.694379025973989 0
29.87891683551675 1.678687455874651 0
23.11483613467878 8.301762207695326 0
17.58865893460489 6.401991815647148 0
20.15652188639028 4.543708058706549 0
25.10168536888065 8.325532929986519 0
28.11892308820255 8.317335802261709 0
28.07402278210835 1.634027976633436 0
25.08422058689982 1.649738535853317 0
17.55126709468951 3.646482424855721 0
9.831966475744881 6.595816213770189 0
25.64002829730332 3.811513148742753 0
27.45277424613221 3.848831124563942 0
9.744166687624551 1.620867396438961 0
20.68164748133102 6.1709273309529 0
32.41706614006002 3.738357251223401 0
30.31060271025868 3.759389332253725 0
22.77185794112818 3.697838625183458 0
12.44023811806948 1.543742474771027 0
30.43442260760486 6.335704624333436 0
22.66495946089193 6.310956122142507 0
11.28099309125674 4.092960100196673 0
29.69932632953682 8.41623190340195 0
7.601156782549794 1.560029068033268 0
25.53214176362541 6.398897980703894 0
27.5309185318336 6.386110521750084 0
38.48635953611915 3.640126542474266 0
4.070128377633349 2.833198227926329 0
1.523632821761065 1.501745934469891 0
32.46507929671987 8.493976623033095 0
9.853786984800843 3.532410651212475 0
15.71595384956218 6.109580266778058 0
38.45911182044329 6.382828327076181 0
33.99588572865271 8.480097976061078 0
38.55086643310696 8.513586092797578 0
7.14616535486045 6.396363116328554 0
3.990593698342782 8.567564896971554 0
32.00844399103575 6.350288458925445 0
36.79631942597634 1.458623490294739 0
8.191794140536537 3.984959018991741 0
34.60315224097629 6.650475597590685 0
36.54896929229477 8.571540746863063 0
6.983422649841172 2.742119266712931 0
8.314055565331619 8.612058530887962 0
20.5673452267852 3.238857438611968 0
18.89870397989884 1.375648844843837 0
14.75054065734677 3.69194652352801 0
25.19225145304841 5.081202590820368 0
36.9027564808887 6.190394272804937 0
29.97497218252553 5.051228946470131 0
12.5094494687396 6.686046082580691 0
16.39863933202247 1.432592741318923 0
3.675144182362173 1.267142158645131 0
5.8002749071399 3.162794835222305 0
5.822714596533182 4.748106772465013 0
10.94947154124029 8.70041244714713 0
34.228834225909 1.324211739289509 0
1.262472252301759 4.836052673786629 0
13.43275217409508 5.514147373462603 0
6.235049472776319 7.178716406437772 0
4.882134920234101 6.786827698867555 0
36.55283291524456 4.746552867498319 0
15.95653480164061 3.796909648287042 0
10.89950808285577 5.929203773844712 0
16.81388449500971 8.733293406313068 0
21.40966413926695 1.271264091397546 0
1.250287726867447 7.09506766596223 0
6.942464353812136 5.215419391232961 0
21.28696610327911 8.72869907088794 0
31.72486179939071 1.266017772392968 0
12.31500658102595 2.81093246213253 0
15.08244186960533 1.26267786806171 0
10.95585754743257 1.237603366215681 0
26.93823845019641 1.226253247264636 0
26.2269672748316 8.824395829786681 0
19.60484666066719 5.679148859765763 0
2.999470713566471 5.642740430030095 0
2.940354458414269 3.346240675738848 0
19.02267746227988 8.829698176363284 0
35.91107175662302 6.800670040110125 0
2.766194537432553 8.874497090782187 0
8.661418964572112 1.166445078997717 0
21.64000105146675 3.791864047304663 0
4.180999774051243 4.688488416313755 0
32.53013382707098 5.302985904542074 0
34.8307662107371 4.839549334113794 0
5.979932297470804 8.843700837186967 0
1.128382440146768 2.57184691586764 0
14.98433555806162 7.077611505361731 0
2.544455480183473 1.114360244560764 0
12.3855421567619 4.243137444351719 0
13.79575101969635 8.845165208599335 0
30.73892386413637 8.860818071080462 0
16.7977625984842 2.816092859805822 0
38.86899592907676 4.681357098452585 0
24.08830348473336 8.86642800880848 0
38.88838541750346 7.46988007837893 0
27.71841495035741 2.760306650059557 0
25.31827013873484 2.72762540565434 0
29.27568564344421 4.151634037094095 0
15.67200520227985 8.912200878337895 0
8.833219554265277 6.23537527416442 0
34.98453584541687 8.89407261094239 0
20.2519833417367 7.238180820098419 0
30.13082080803383 7.420297711530215 0
24.46183784102318 5.927496850029893 0
38.88228007172661 2.634677863984996 0
24.50023128121425 4.170603890093347 0
35.9531639251767 2.870885704997782 0
37.5369004140971 4.068740711967397 0
2.322491666853986 6.964283816633888 0
32.23410914970534 7.432541022034787 0
24.24413975219473 1.059297915776354 0
29.0111039235071 1.114368049112732 0
33.44737854710264 4.108361484754447 0
29.27401959306494 5.929635496197241 0
9.058704335929701 4.696678393336358 0
4.890463511287356 8.925821193494206 0
30.03027121502283 2.811609652447693 0
32.45778093052597 2.676131266219579 0
22.93926482918454 2.712059158504762 0
1.086954934834304 8.946770443578142 0
5.064623928163363 5.359004495759574 0
22.41826337081852 1.115192309940537 0
4.797676470394343 2.97701260482253 0
37.54432278452908 8.940073210557735 0
12.04276283057366 8.914113192499915 0
33.23064623707378 6.242774052150239 0
13.285138971122 1.058345720320552 0
30.69924504219907 1.044432088082498 0
27.25324437839694 8.901836298930185 0
4.267600545791108 7.660590564158768 0
13.80880907624448 7.811293915814021 0
22.64833699126381 7.365945617571333 0
18.15549255399897 2.746980584710063 0
34.87965071493632 2.816569941926356 0
22.29109071839139 8.973448798918236 0
38.98111268472339 1.083099046018815 0
25.96154877241711 1.08811741709783 0
18.24506149731135 7.195989045184973 0
14.5775154268178 5.941523179014686 0
13.73935484764852 4.456586298303856 0
17.54119534508457 5.322421020940456 0
18.5511403628949 6.031121873822991 0
19.19999999993367 4.207479160413754 0
31.40492159783286 3.94218985442232 0
27.56702611196462 4.845633963103696 0
2.279455565034258 5.036958703204213 0
22.78399023962874 5.246482214535237 0
27.62976922621294 7.440366544956664 0
25.07487509733152 7.244448024916165 0
26.58785953549821 6.294388990022783 0
17.90988228441545 1.03479388226477 0
7.347205018473843 7.36390631177743 0
21.69105105909011 6.008959035517615 0
35.96491317656053 1.042618218555724 0
10.05294835613336 2.543749426622658 0
16.5665751931338 5.971552011133912 0
13.23713897558999 2.570079361870985 0
14.66380412456838 2.561800614605919 0
28.89524497342438 8.979597586739011 0
3.78136135710688 3.846536155603077 0
34.4708808650421 3.928152612107118 0
19.18308569040763 7.85881492291431 0
34.1941074277127 7.514393229458051 0
24.26951680805659 2.083182403087644 0
28.96696696808116 2.15871867197699 0
0.9852943882284522 5.758364940865039 0
15.54625710565884 4.822580902469425 0
17.25456489538104 7.518269384221837 0
9.221598539216185 7.436929842783053 0
9.194755123219858 9.026621156459271 0
4.114936383656602 2.053108571255604 0
37.65001223681492 0.998599015438669 0
37.85408740413576 2.668733589090268 0
10.31830687934841 7.461253648179936 0
31.74250270944837 8.97691951492966 0
19.43994537835006 2.273863719281001 0
20.8828088229473 5.133214467837002 0
23.98240184449436 7.861370533074746 0
11.18353530649602 4.999794305263779 0
36.53081444729999 7.626528814176332 0
33.79519431002534 2.176186298351639 0
2.694694056411709 7.895048193024279 0
36.41522924980234 3.738781605466257 0
7.474963123167203 9.059138565797836 0
19.72504122703127 0.9810593272012181 0
26.56678312895994 4.277975649339462 0
7.568952304971574 4.569279333829749 0
7.824127795251767 3.23489629391109 0
39.01973774551031 5.552194300213274 0
10.27961579028952 9.044296672540341 0
28.28780311844577 4.128238655806147 0
17.63562860319727 8.981183073209817 0
33.19583989680538 9.079782210104257 0
11.89711988918602 7.990329776249233 0
0.9075474686624763 7.942024062928555 0
14.22618553722674 0.9169900732425125 0
28.8979688133113 7.884670968803912 0
4.020580576014285 6.629785154572057 0
23.52000941385487 5.922610158829698 0
8.95162653523535 3.52574445525755 0
1.988552851980157 2.73381650813489 0
33.3788463028198 0.9062508739313196 0
11.83480559900679 0.9447977036333606 0
0.9052833245550705 3.994607279342666 0
26.50717702634621 3.304814817958166 0
31.25571838149945 6.91748762617024 0
6.924843929006329 0.8941905538197117 0
20.81635515531 2.363916067892613 0
34.46749994812543 5.681642089246691 0
10.72772644900753 3.272872236016256 0
11.62629803874164 6.506617316645675 0
1.943259108866321 9.074986977724141 0
6.053032032506669 3.986559567575277 0
6.862025241745815 1.947995201525572 0
34.99197873327617 0.8839447900153738 0
20.63495045560805 0.8865789159594386 0
20.46986357577233 9.10368126797831 0
2.299883436953492 4.128523797208923 0
9.559363363883 5.769964805250431 0
18.43763387711642 3.72322042019593 0
23.61721131699198 4.163275948684211 0
0.870162810891447 0.8668725252653294 0
28.37311503340779 5.92772133418183 0
16.81848618473046 4.153861959332774 0
10.37107999326046 4.209617171972782 0
17.86091386735228 4.498560652803952 0
12.95314209070841 9.14496724795517 0
14.60039239751758 9.084393169468743 0
6.150078911313026 7.988819936284666 0
25.41125685053801 9.132488610152329 0
30.7579010991049 1.889274809434192 0
35.86580517063768 9.115264213049322 0
15.61432867686151 7.993341148622074 0
33.24288975850237 8.030958983401852 0
31.21791618865881 5.84136956287048 0
27.77268585192601 0.8242186897031144 0
32.48769149132863 0.8495924752001065 0
13.07952365438125 7.487196096774579 0
7.830551083511448 2.287289851858157 0
2.994041118398429 6.459827648562254 0
17.03939844270675 0.8432143239257445 0
10.17554445443429 0.8105480029358474 0
39.13311820587197 9.13311820587206 0
8.980614973294102 1.928484587573877 0
35.63953552582736 4.799963304487351 0
23.39867059937565 0.8306976772730761 0
29.82902798009957 0.9479742366883696 0
22.21548377952784 8.110658119543009 0
20.90472429412005 7.968472056507582 0
30.6611647118228 4.607349982062699 0
36.54379257699841 2.261837945567325 0
7.921357349919127 6.134741389630854 0
22.43799741221875 1.923801716346951 0
23.28768497897949 9.141651939696176 0
19.8671804279408 3.677836236313829 0
13.97516519326785 3.060648605525207 0
37.68535706127319 6.640091736021803 0
25.78625922579374 7.809842116064649 0
11.58446971157109 1.801537583027926 0
32.12568127592585 4.552403287272354 0
25.93279796104922 1.882710504953873 0
25.85234165767725 5.58134783309873 0
25.00895815597197 0.8248533979338372 0
20.99756770128381 4.391989829692419 0
11.46905252062505 3.365361722532628 0
39.17557011725433 1.836041151288835 0
22.47319914216743 4.572015483881942 0
10.72682911887963 6.718868011205607 0
37.47153280080477 1.990763175637766 0
27.27877078919627 5.53861407978311 0
12.8280214720235 4.96918266081192 0
33.06704977395599 3.235795637573429 0
27.2787927946967 1.9779854709871 0
7.934978094063155 0.8870689811297027 0
25.97255904303525 4.691390353038043 0
30.71536604695165 3.014315418432521 0
23.48359835376339 3.217903970793923 0
23.35290256563754 6.898579806787866 0
21.36331450013456 6.719683332261919 0
6.522027867522831 3.26502541630721 0
16.77906610599211 6.824406467880531 0
36.48110123744538 5.507895291078464 0
28.20303098329364 6.910566162753529 0
31.77105805481608 3.260563360068575 0
6.593750163229608 5.905511648063698 0
28.15083608843154 9.135732283508691 0
34.59115419436154 2.047963150673584 0
15.76814412339337 0.7723023945053524 0
25.00170879176307 3.537163891170261 0
22.18736771504462 3.195466852130624 0
29.9788459887574 9.141139873211909 0
9.320074353122177 0.7494414540301779 0
20.1263994536724 2.456686567715707 0
7.928286757158193 7.912335232319381 0
19.93705922900551 6.391180439567557 0
27.17480142124005 8.095877212002852 0
6.314237519603154 2.627386573408183 0
1.87898127955459 0.7781997742072926 0
12.72801963469053 5.86899818269819 0
39.18987053924455 3.934614512475808 0
8.998252878366516 8.09698429429022 0
6.72879996822326 9.210390427255023 0
0.7919168409870561 1.931831088650473 0
37.84346650311013 5.899741634948267 0
5.117300730989419 4.6741293316345 0
3.557446177139267 9.213116838929 0
28.08694855215195 3.385512875445695 0
5.63847380576609 6.692850314184655 0
29.75106254127111 6.525582498350514 0
3.567055547750206 5.083780139392815 0
9.367127107766541 2.845841172346129 0
18.47978952647849 2.043695702740465 0
32.02502545774325 2.031960482374156 0
26.25019950666009 6.917224867975105 0
27.00166176767235 6.895073495542281 0
10.40521985988824 1.847944261750187 0
4.306516076406147 0.8249308364870434 0
37.7885323115633 8.216408422889272 0
39.21952041345243 8.128412358757876 0
39.21158212650065 6.727334981771445 0
15.7144228727683 1.69836956504863 0
19.69286481370275 9.22689851094511 0
22.07456654381912 6.914428209681653 0
30.40883179567527 8.110278578342459 0
9.673855706323044 4.281532078311133 0
16.81627625399682 2.06586164174443 0
15.72193884807434 6.881915195342282 0
35.26614492600378 6.97467378142735 0
2.059864116827211 2.016348023111518 0
30.68761332370358 5.326889889991709 0
34.34468633202766 9.222787560322121 0
3.527787599068516 2.456414638668472 0
38.15482461936356 4.360223632912455 0
5.155780408132298 6.044682142287481 0
12.56224409678845 0.7725085389506138 0
15.01793622169589 4.312581370249053 0
29.63692702320921 3.501203450842624 0
0.7463408790850589 3.258928320652577 0
13.15037829365815 1.794995795458971 0
3.465810917317603 7.926461399998215 0
24.82362417942811 6.575267964294179 0
31.74459995181661 8.260764136014595 0
33.83370000894894 6.626677737594805 0
15.35692877007098 3.298577170892436 0
36.99507224045865 6.986752451400579 0
0.7260143733963405 6.484144800180539 0
38.21278606697595 9.266710648522047 0
15.95183067964267 5.399713550742104 0
3.172874006401033 0.7651176267527977 0
36.5966901582247 0.7377027302472351 0
32.5024498623064 9.246647013450213 0
15.24343442833322 5.478008275763183 0
21.40994706744119 3.045883625858447 0
4.435983359834604 3.44222244097278 0
32.87027432624171 4.673009805359832 0
7.531285887903946 3.814333144655887 0
19.57412313823766 4.917504268663935 0
6.583903970547427 4.621272435381752 0
4.334984638018256 9.3347977426013 0
18.37719563702775 9.282810530912311 0
8.896496979201073 5.4447178884997 0
12.0150412932998 7.259574265995788 0
34.6595401951428 8.241338929387625 0
32.70005451750556 6.64517610218442 0
36.88147266576382 9.282992646946273 0
35.85171892241747 8.405276654331244 0
35.27909863714815 6.272523608031802 0
6.10569029299284 5.439853415425324 0
38.15950337580411 7.226942541855845 0
4.612030076257305 8.224333908277455 0
7.450349837602431 5.601215727164176 0
13.1521119252967 6.424574162705807 0
23.57923694220838 2.450023054478291 0
12.59712283372148 3.602835700476794 0
30.04933740805662 5.788822734543402 0
13.95163696062684 3.822978221709364 0
5.482013153806287 2.611703830592528 0
25.27643297604299 4.332375697448777 0
10.46978152879144 8.165171225851733 0
16.3215426158314 9.225099025855009 0
18.58316174856001 0.7164613738984222 0
24.71315275652546 9.245878003809077 0
28.40709621720779 2.584529317457915 0
8.281838743265098 1.837047301877346 0
34.16879779464151 4.645832803185343 0
11.42806031656582 9.288660109046289 0
16.16530001068334 3.072666539281399 0
37.20788737699027 5.484555777715449 0
37.78201399061592 3.401963509286271 0
1.816383744837653 7.463599413852395 0
3.072841933934077 1.620444456854849 0
37.06789267045102 8.077342095641024 0
29.98572096430807 4.343564871100956 0
25.17835849660018 5.783091043559129 0
6.289284633696255 6.49480718839787 0
38.32989799508883 0.6581995460702688 0
3.562698076614837 6.106742475071512 0
8.595267531893438 9.33208730249418 0
23.33562711886271 7.577549066577005 0
36.09671204277106 1.72436135593636 0
8.264812221329594 4.709185448192549 0
14.66560627286532 1.85762488328663 0
17.50356685019184 2.777575738719714 0
21.8427462508326 0.6996751406230191 0
10.22524293732169 6.019831809902063 0
24.46477911983421 5.190652089821964 0
29.2610236116699 4.892352309303711 0
16.27631933581203 8.197715408228573 0
7.736462659766119 6.809648735144412 0
39.28362839219204 3.259773066137032 0
14.0955383853258 5.463915219138362 0
36.16773782381484 6.144502039083429 0
17.2919435805774 8.17454205825732 0
33.15545006658735 2.512664936027045 0
20.18239952146738 5.244020734532161 0
13.03239187275966 4.248588472631951 0
14.32982470284522 7.292973735530826 0
31.31134616589109 0.6956451358340746 0
6.733738246493964 7.606119735019976 0
26.02343461940609 2.754285581074662 0
21.68293310122992 9.305389473056842 0
1.605847477338485 4.213185774331054 0
23.1781332584708 4.715154345308969 0
5.273388302804715 7.307965104037483 0
0.6651272038292213 5.136402477806353 0
11.73755969561001 4.535967991739136 0
28.37701245408464 0.6657786793896526 0
28.25356469516407 7.638060939261426 0
26.67450506960272 9.331021466888931 0
38.46389469025968 5.233471329602039 0
4.337521745030608 1.454243346595874 0
31.93769649943058 5.661461999946477 0
12.62385036919301 2.254931078869161 0
13.82445440210707 6.128542612793251 0
26.51752430711002 0.6796660712446067 0
5.473531497929337 9.305899035708611 0
37.2676580219086 4.66564306098268 0
6.881389527358978 6.940484422617966 0
10.6415175047785 5.313578318697711 0
1.661974103872361 5.359743969528912 0
17.02982732512519 9.337404495887791 0
4.547718868381251 2.442291872630732 0
11.49940418463465 5.76374900579523 0
24.70144874793754 7.861049772028562 0
27.95255237514576 5.376283264266826 0
20.5081241281003 3.877501479788738 0
1.75662471741391 6.618379270692316 0
11.21275411600428 8.049593091907379 0
34.37417450819166 0.7044619125309071 0
18.66571197763895 8.222192200563461 0
2.28381415433845 3.377569507480759 0
11.73749869692275 2.472596495716159 0
27.26376867139602 3.170746720004602 0
20.90965122646695 7.294004886094775 0
20.89860259142745 1.682131414150922 0
32.58760647221865 5.925484014122093 0
16.92420749119674 3.474428207366979 0
24.70502285528745 2.598166389681893 0
5.502379011761238 3.675486473737745 0
29.59631872658491 7.76994187808489 0
4.356683789339953 4.0675115362994 0
21.77712964221278 1.828719047047354 0
34.9703610551509 3.477443284193262 0
0.6269770692838945 7.24024141044042 0
22.16611376067154 5.557860572000854 0
4.427237337240541 5.193533303459001 0
8.888330761523932 6.889149600402874 0
18.85406934480952 2.598433714110738 0
16.40506511052635 0.6399687042530272 0
31.41716839308806 1.85462601777352 0
38.39938871000793 7.89913878193726 0
33.56261595840603 1.596857120779448 0
14.84782344443304 0.6499089991024429 0
19.50196115635515 1.617779568034084 0
14.37200993688408 4.378670894387628 0
16.27018889952165 4.443194235909371 0
4.569556462155582 6.305683752117229 0
17.17959063054206 4.688296620345238 0
35.85554715888705 7.499674238319639 0
18.51952135114686 4.337619586302576 0
2.550398143444278 6.033794731903795 0
15.05250053907238 6.478509103579714 0
35.06484327155049 5.483027195680973 0
11.92115723707544 3.830629951102449 0
36.0306992937112 4.249341344422186 0
18.90814478840905 5.529898713961139 0
19.17477188298392 6.165285338692327 0
15.22348945725302 9.36373410770689 0
17.21899869865239 1.477939269610977 0
26.6376960774917 1.799389230549442 0
19.62677136491089 7.31395648104286 0
21.55603661838568 8.133214294522123 0
11.22705440436316 0.6413986815904794 0
33.78827279043141 5.801529972773239 0
21.19799180511535 0.6469070517680234 0
10.79390850001099 9.377569197834209 0
5.417683945803089 8.569387947908885 0
7.576230407244665 8.437883408032183 0
29.37598966969081 9.381189824253084 0
8.828495889702133 4.112048543724773 0
7.16722054696598 3.34159950131653 0
28.79516676326869 6.388008501172003 0
31.14105600933831 9.36095750012146 0
2.882909607509802 5.042819056411653 0
34.26447321066544 2.596543311520779 0
30.75060669169305 7.271632347895394 0
21.04743186685194 9.378739211179189 0
26.57132610738823 8.313823162634689 0
16.18408252699989 2.197815623186908 0
32.77750273678925 7.604351977067147 0
3.495532818630779 3.306342698905857 0
0.6328006126333768 9.340175007262168 0
39.37825017197875 5.063338055747321 0
23.97826354754052 6.342229414806291 0
9.568712839981352 2.179820600965461 0
0.6280249770365846 8.511492154204767 0
24.04194001469915 3.719095902285453 0
33.14492352518891 5.450394937565805 0
28.80899256944114 3.743829677219431 0
2.508012283170655 9.379646814969368 0
3.223491690815601 3.857949407582142 0
27.14913822996699 0.630207841381646 0
34.87284006127295 1.583011899910904 0
18.1805761462462 6.519297550635114 0
18.17804026596535 5.515670673443531 0
26.01799348480668 9.370731951366214 0
16.23693314646992 6.490884203043372 0
3.034227429844792 2.776474385887051 0
5.535424786806376 4.230049567293483 0
25.67960334240545 8.452985597681401 0
19.4727824503905 8.391958101238181 0
14.12649440886084 8.357824366826819 0
13.46932541951986 8.342710412823562 0
12.51091604511864 7.704168292143555 0
12.15606574467308 6.136470453659046 0
29.32537802926089 2.640778527653703 0
31.92878032539513 0.6347423847706695 0
6.573474597695811 1.410381777382222 0
39.3975933649569 6.149275465987047 0
18.83626637314915 7.309401268449852 0
32.33203744731307 1.466548713634292 0
16.98375461511013 5.514087162412444 0
34.97867069203008 4.263950935337776 0
21.84989670410712 4.386948683602751 0
3.65379019070025 4.382951511544125 0
34.77153439443464 7.489360561552545 0
15.20980217526568 2.188684081025281 0
1.460882538609761 2.101878383507716 0
8.368373007259196 3.436906973085978 0
31.18890259761155 8.442709047795056 0
39.41722867727518 0.6103513735653342 0
19.20236482590605 0.6247494750044529 0
9.654557525550114 9.383654709005723 0
30.2047817293792 2.227257842715839 0
35.40219272627307 2.499958446250868 0
2.371922892440597 8.402548088072862 0
19.01263446705619 9.412389119269772 0
3.383111370542818 8.597988036898894 0
14.52011219355186 6.701922981268712 0
38.43666417183526 3.019171649552042 0
13.85766272298613 2.455579285994418 0
24.48464412863918 8.402662890811106 0
13.48611942773178 9.395516695934488 0
17.60297126454973 6.952922616006848 0
23.83848704069308 9.446614216141604 0
9.398925724468807 5.108365135904867 0
21.42804379143616 5.469389468115158 0
15.05240688453334 7.754329603814432 0
33.72870731476237 9.388069428691388 0
13.67080543115863 0.5962312287263495 0
8.349884309098512 6.636189454237645 0
20.65112506068569 8.502930397548472 0
1.423348211662176 9.422489753133203 0
22.7632393992658 9.364036344332138 0
1.307161895838416 6.224777275508736 0
33.93050430917528 3.718395921818581 0
31.15747257748217 3.422061764496955 0
8.476248410860251 0.5954281350794468 0
23.91264585886896 1.58566283754749 0
28.69096366585665 1.588346698986958 0
19.80977242063081 3.08824712120495 0
0.5868794188519265 4.515007879833876 0
22.22389850194862 3.891905074308997 0
35.3404482139933 9.414052607324134 0
26.99740100730401 4.714280701134256 0
15.10184479900463 8.745660194859319 0
8.479069966271933 7.807078144032038 0
24.51261558839236 1.582880370874159 0
29.2921459307555 1.58005392221546 0
37.16708271441507 0.6111412604729926 0
20.21160708272555 5.822481724128075 0
16.77796273618979 7.871496860189312 0
6.101300884072744 9.415065653339457 0
12.87253152356504 3.032976223468723 0
14.0783693962388 9.40595019512379 0
9.203797023804206 1.392418314182359 0
1.50226876395809 3.007380891113861 0
25.68635638569917 7.223806273589593 0
2.788115758464016 7.320683650495106 0
10.68040175205811 4.737398918811118 0
11.63470756199469 8.538034866110646 0
2.5011056219298 0.5582267307846952 0
22.84208967520872 0.6177371620321621 0
3.594114812007748 1.851171989175197 0
23.67637233316739 8.432323798151675 0
31.57338611316462 7.421276208352651 0
5.570936601227186 5.172846901390731 0
30.53428044190151 9.419942009781991 0
21.05841726632996 3.643041733458369 0
36.80453933476709 4.15116272438893 0
37.03769047998972 3.581522765961612 0
27.54574599850007 1.428719693188363 0
7.385824266476807 0.5609394641409218 0
28.68580434585149 8.420095192221812 0
2.050757941479473 1.404722744540635 0
25.42712935038444 2.184601375517018 0
38.4121467604142 2.332409516888186 0
6.430352480584685 8.500407256164824 0
20.65299057501766 6.761428254292428 0
7.306185803925115 2.26009097182764 0
1.238989044096432 8.372434422698943 0
7.951514335249664 9.424685341801956 0
35.93604256459022 3.494261648003177 0
36.41467309806795 3.177737829161674 0
4.407474159211971 7.059639808352371 0
35.47843775911769 0.5720478415597237 0
5.795500488952149 7.515392689695969 0
18.27523472668325 1.47534085976622 0
39.40805683508978 4.477433763060732 0
0.5640029301766502 2.59642334731079 0
12.45528430066146 9.378314582776087 0
25.53682885613573 0.5971037674199438 0
28.78313602131696 4.511124753622534 0
23.89304999256277 0.577649195543996 0
29.31145823934088 0.5768605525519289 0
3.709619660652346 0.5473887980897336 0
20.34339015582269 7.764060973077592 0
1.325265382051566 0.5359506423697047 0
30.35041588550683 0.5792916536074292 0
35.9372200612212 2.277521564864347 0
17.82587316374441 7.609594323503419 0
18.27076512214812 8.692441708431739 0
9.748404658979403 7.179376495253354 0
39.42155494075531 2.361026030561708 0
39.45643474790395 7.399999999996046 0
23.97702100989997 5.566421481732347 0
34.43709388608804 3.240491373466397 0
24.50115823748269 0.5541719577977285 0
2.319081616812684 5.539783756161235 0
27.74905061109027 4.287059170955189 0
7.691636061965639 5.119528807635477 0
31.9550838893936 6.934868294768643 0
0.5515172609117854 1.337578547388964 0
4.820157764330586 7.531594122693869 0
34.32538911620675 5.155359998964578 0
20.11807089846861 0.5844536944468998 0
17.53842080991348 0.5187186195831688 0
10.19989971700005 3.095963662886321 0
33.78496584946234 7.919995842559769 0
37.08326646046343 2.412262539712298 0
12.27027970661511 4.813647007329369 0
13.798203164217 1.28173423995645 0
13.62055982119059 7.271245958541122 0
4.704631901106662 5.754054466326389 0
15.54489100124229 7.455597365433581 0
18.42726785504895 7.707959067590793 0
25.63267614004276 3.241906794021429 0
9.368423099633501 6.296071935557741 0
38.49681423127475 5.797719165188376 0
8.432933698433883 5.844614535808833 0
27.9427958090903 2.205458193097258 0
12.32608342486717 8.41439521089718 0
24.03388546188904 4.516766391890593 0
39.46184559791568 1.340882725059554 0
31.93685035452825 5.094533445310086 0
9.714180497341362 8.805994899828143 0
15.78279842978763 9.447137133868079 0
38.65855127150274 6.923845235394253 0
30.19980642626443 8.658495927160503 0
15.41038832779958 3.877830176993383 0
7.32028424730558 7.910226774674155 0
35.39290801829583 3.100524499357962 0
27.12494097752077 2.619926326378815 0
35.24561404251278 8.42218639482309 0
27.55776065585015 9.438129887857912 0
21.84207151637086 8.635193918212828 0
11.06626802187032 1.925850783277208 0
32.89742059629774 4.039012803620095 0
24.74346677158514 4.702131055835525 0
28.79476603225238 5.561722200598379 0
39.45321701326689 8.671606163377833 0
28.15443275299208 4.733932324078062 0
22.81481023757606 8.873986659275577 0
22.91324145912958 5.81329311679854 0
23.39579031444783 5.331396082018143 0
10.692152591626 0.5894002990813264 0
7.035226173604395 4.529095965641643 0
34.19881424018514 6.184335635322487 0
29.64355629209427 7.050252403615928 0
30.20278472334358 6.812800347754121 0
32.95500837066287 0.5123237838828012 0
36.33670713164209 9.44393912714745 0
38.66446873992997 4.112053067113587 0
28.54407731952405 9.459252668613574 0
22.94435949080145 1.265725678797719 0
3.906848008169787 7.252377018404923 0
37.31158161350979 9.576655466012452 0
3.464843890393874 6.666074574173499 0
29.49395030761616 5.401190547550395 0
26.89645493200218 3.746574650615055 0
33.4388424553894 4.65173112807522 0
32.22880781827282 7.986250819006964 0
13.35709835129524 4.867701632384621 0
26.0578424392991 6.10235915311959 0
14.9525188834129 3.046379164477323 0
5.057630774157637 3.423330900262211 0
22.95433181798432 2.126270852176388 0
2.516651451149436 1.714462483139183 0
35.45802132556003 1.369308081936431 0
37.74693824059969 1.517483698767461 0
13.08198458506171 0.5398754805301089 0
32.57107878528513 2.132467860707729 0
31.15855457066525 1.330154489584667 0
22.04405276366477 1.310195814443918 0
31.17480074723836 4.434178542322055 0
30.85498546476808 4.051516471067298 0
17.36006277200116 4.166152885508279 0
29.56096236850734 2.151918762190648 0
38.43442298982359 1.242180594443764 0
18.63919656548888 3.181427197141274 0
18.01709886010504 3.362390379943937 0
2.601573224663758 4.585485195531006 0
33.0553472753621 8.544451966793757 0
17.38906360544926 5.872192018834257 0
10.8359828072106 7.649698193486098 0
19.75329608138343 7.869894759887058 0
10.24777127298957 1.427406487601125 0
31.90921666957499 2.701595636932083 0
32.32507559296371 3.189449426218282 0
17.97104113657822 6.03622605933008 0
22.33386710734045 2.456760444098605 0
18.73742933740277 6.617750120993979 0
17.96471602263045 3.976432126539017 0
19.01384203379171 3.691739580201631 0
30.88518939440127 2.426822955777755 0
37.15987140735298 8.585382389027572 0
14.06159726514508 4.958302489755798 0
25.40411033652814 1.204322249473897 0
22.76042043475953 7.901008825002683 0
30.39731423258397 1.512323803172295 0
10.58180748057843 2.679829265629805 0
31.92968538125109 4.015556903689166 0
22.68282228975376 3.229558031277343 0
12.09889732067878 2.067762197505222 0
21.26250469710651 4.875136439144377 0
14.34047375692808 7.841549163588287 0
19.74370351010294 4.23649572493614 0
4.765745589002992 9.417459953715497 0
27.56732719752332 8.599648600665972 0
34.79786647081163 9.455817406953097 0
3.962545441550724 7.999103271693722 0
30.17852820816735 3.181236298337657 0
2.532806744566995 2.873028490435664 0
31.10467094482958 6.347363890446651 0
26.6708974036756 5.712875502889043 0
27.15722393240595 6.181542118755353 0
14.42722414311697 1.501957320036735 0
5.060230514153961 2.49040367735478 0
22.10260554753683 7.584306795287949 0
36.04836201889267 5.170488265835406 0
3.689882899988876 5.579949158790568 0
3.035297556457742 9.487597586314561 0
6.533001259970861 0.5038855031295812 0
36.30125943160515 8.083356485225515 0
18.98531629543652 4.711112898204666 0
16.21747681568558 8.8217129149286 0
33.78229010902111 7.155118849776591 0
22.19607584768361 9.497937709110138 0
36.4698963952567 6.617917429419943 0
20.16990649651888 1.243505305284881 0
1.839449667009289 4.704415519374031 0
4.434732371398177 8.756584386402984 0
4.647656483616558 4.50626335443226 0
18.00127325775819 5.00693121882499 0
27.7289396607825 7.893705244279599 0
24.68089845188697 7.264296356065349 0
18.89413753742473 1.951080040478027 0
10.35444396011815 3.682686158521808 0
26.82524886805606 8.704364198471861 0
27.83973516335281 5.902836220232721 0
9.716832987866724 7.712423566896883 0
26.30456713119839 3.792076850679758 0
5.428912053366415 5.715348051437529 0
36.10304752364132 0.5268176088361476 0
12.80295134210084 1.219192468881582 0
16.96479990762076 6.264627240907012 0
25.27164738011329 7.860804281836897 0
21.15672891882154 5.965398913049508 0
8.015997896822038 1.308892110664117 0
7.563231811410736 2.767319558174219 0
38.05690935710456 8.636135210200344 0
22.73249094404088 6.84059020753129 0
26.32216302978752 1.267928207590798 0
31.99975622020782 9.474436402438091 0
24.64486927480175 2.082803786183788 0
7.009869926149475 8.813009340148367 0
9.392131507975821 3.760941947665887 0
7.079609600877941 9.423466900680749 0
9.991200492917027 5.44127098551469 0
37.87380461458623 3.842983619969637 0
22.14510568711779 6.305136669413693 0
13.43826027270813 3.07590770180088 0
22.38034214443969 4.929904706962671 0
34.52149061248473 8.73415783094423 0
29.32576601948524 8.935492967586045 0
34.76161472792038 6.098763946902332 0
2.715712719774232 3.819113146860915 0
1.382465055862202 7.530673476964845 0
18.08980807383255 0.5063925909564099 0
38.72924099711898 9.475364453139267 0
33.24810712491724 6.694988447405333 0
5.365372164852279 3.041331192556919 0
7.075974524285977 5.867269245419099 0
17.9633845611217 2.392304519317104 0
1.17295309959186 3.613585621557162 0
20.04001288779869 8.80996318980883 0
23.2181160368646 6.326369669307265 0
5.926501575167721 2.450799761550068 0
23.83332122871117 7.40319154479451 0
0.5485265563502968 0.5500546218721325 0
28.14211222160877 6.35051540535629 0
2.305801179005706 6.506796479659142 0
27.74614759692024 6.991287408279484 0
0.5320618159535309 6.055870166656246 0
28.7611044622783 7.380062905508628 0
32.90826465513733 1.316088421887848 0
6.415919665119874 2.204079442337576 0
9.834618300168897 0.5006279281112064 0
9.053175672909594 2.445979086110524 0
15.30856394184221 0.5724826049914278 0
8.543017229601515 5.106279760971689 0
12.08184389206723 3.325939595850845 0
8.772881718165198 8.680315916006949 0
27.09610018483898 7.645914472796641 0
8.96589141582259 9.480752258026985 0
4.53663755306243 1.792194732000669 0
24.01998307204355 2.670005246634611 0
36.75466017815484 5.137101089831809 0
38.80980241149975 0.5235403888458605 0
11.42740204701325 1.254726498012223 0
13.28675552665234 7.793852789590485 0
21.43309340494125 2.090834346440195 0
4.448348013568005 2.867333710766106 0
7.904719575550516 7.427336261739965 0
32.98358826186566 9.476013342517076 0
27.13012587672709 4.291685291587411 0
14.68259520925507 5.478702300887426 0
2.185565346007047 7.845019449315195 0
11.10759095107632 2.858397933518914 0
20.0754314887033 9.514026596663236 0
37.86423520993533 0.5059659560337797 0
25.00393723157721 8.850270265791744 0
11.87329056508973 9.475159927807747 0
8.114620071386398 2.756092331599104 0
28.46037283922158 2.055735369987511 0
10.25067875091323 6.917436686941339 0
10.23889445882788 8.505180043153288 0
16.12090363313102 5.985196964454085 0
16.47731037340658 3.750876755484452 0
28.35826853901732 1.243674192155087 0
7.017945778994253 1.51833292206628 0
25.22783928585515 6.782199948305687 0
9.42413710875274 6.877700532634597 0
0.5228182812820795 3.692295592938627 0
12.21594154811754 0.5175137449720812 0
33.67217336150218 0.5168693325039521 0
30.77964894258523 5.868164985182732 0
17.69097539963385 1.490322956265353 0
16.78789587356924 7.339879923957092 0
11.12016023030494 6.387843475772992 0
23.03838387993229 4.170404519906372 0
36.37784838229262 1.153627637793815 0
7.392384265881282 1.04369195918874 0
39.45411646261512 9.451961758674805 0
20.61670879062004 4.732071638797766 0
8.930762518955248 0.5684205921585319 0
22.2480089492896 0.5399493273847997 0
17.9769192860358 9.497453855345908 0
8.344898541304547 2.216603048686892 0
15.84822297297124 1.308656339903295 0
34.49992592733808 7.083680762088802 0
17.57780246556658 8.558001228715924 0
37.48080991168079 6.171607339283521 0
19.49127246266433 2.784423370113011 0
19.83798245677998 2.152870640773197 0
33.60068116966352 2.675082521496181 0
17.3870001794353 3.125334402918059 0
36.37849342975615 7.114802192004555 0
6.138917770254539 3.505277347588662 0
34.18623904198239 1.792253006667549 0
13.53881758621387 4.093827083193303 0
37.19266826586626 1.061724178356686 0
15.23365836884157 5.00637872213388 0
29.18948024240211 8.315918574255663 0
1.256951229308419 5.237569673417151 0
6.145577552568074 4.390383136743585 0
12.89286086985891 5.431824587789232 0
15.71307605938428 4.300043983631406 0
1.689530835927826 8.669040305249949 0
26.44036175143238 4.685571043592458 0
26.06356493947444 0.5032345913749519 0
32.62785361474698 7.124343309071229 0
2.941489744075144 8.337185572205053 0
23.38894041417348 3.67484918401728 0
37.91039808787362 2.134690496902669 0
34.67856878197757 0.4891926839965555 0
15.09601372776219 5.976365830284437 0
11.73287344131115 5.030185067438378 0
16.09661270876163 4.976670457319089 0
14.30859255294739 2.2318931005849 0
33.41309623911961 3.599294790093701 0
20.61142699785651 5.714408705895172 0
30.7405077097468 6.865765231934004 0
25.99102840864895 4.306685719155635 0
30.86740663746372 0.5035488661763261 0
3.996815352512508 5.123783216872887 0
12.58642353021136 7.188154968082753 0
16.2768010097817 2.572857887982787 0
1.297227895946951 1.033839659855052 0
37.51918741148442 2.942457801171892 0
11.26622409549277 5.497896067532091 0
25.00177344773841 3.064394162322349 0
11.18542946902802 3.546096584716955 0
28.02737077230931 3.833267502197702 0
4.0472038241621 3.417541034572402 0
32.15405666584622 8.827862683572995 0
9.31337586117767 8.525220522666478 0
37.88485764336755 7.743363207601861 0
6.714786191853445 6.346642939458002 0
1.562166855268121 5.85210623859016 0
37.66332152615947 4.442804696608058 0
12.02245366599398 1.272592208405138 0
3.927289150961213 2.491908866236345 0
9.746700032339518 1.124361142773608 0
8.788204819496483 7.262148590389229 0
13.11637704054363 8.572821377671378 0
35.71160999444147 6.39839247946477 0
26.12936775443231 7.512176173214351 0
20.97459981803055 2.77997247710234 0
3.515449656627397 2.901309241050104 0
33.24714923947865 2.05736799625226 0
26.10000057683694 2.349393287849736 0
10.0731459462737 2.020530979215948 0
33.64027655922609 9.028254707363581 0
20.4947971437174 2.240043976676675 0
36.87027395518945 2.041726738633046 0
17.22708694621866 2.277720059492832 0
28.33494004384223 8.808709618522023 0
13.23357288214195 6.024991335163858 0
16.27627266925557 7.067726629688694 0
27.62126692838592 3.325758222916337 0
6.421968164702745 3.828667809131585 0
16.50025634112575 5.569329909927655 0
11.9998902173424 6.82109917233865 0
33.4733014532536 7.619837563306508 0
19.84977035317844 6.909223135404968 0
36.95995420547322 7.427211612256987 0
13.04529776921545 6.854347246620784 0
8.949125362786212 3.020529813923192 0
10.80416734204813 3.943480400872457 0
0.3936231365590787 7.81060551820671 0
26.1336697536783 5.219345066304908 0
11.14803599885391 4.437855989618507 0
6.525726153425087 5.108076555624372 0
7.785603789933782 4.18824837085555 0
11.36045869308901 6.769159797549088 0
2.354491444987469 2.33087067064151 0
38.79658122335069 8.921375568450948 0
14.46474595439583 3.147469597333015 0
35.57228520246181 8.87437459737529 0
25.12292773134294 9.504463802134781 0
8.003896957285516 8.864463539020511 0
39.03721449151067 6.128340223546095 0
0.5345579223467083 6.873085297500127 0
31.21737963054235 8.904419404052316 0
10.0143564967188 4.520390577199746 0
15.21439169881105 2.703948388238028 0
31.52040426464231 6.497714538000757 0
27.06585977062655 5.171977021422713 0
7.952933427387917 3.61681458776106 0
3.808543152840183 9.603667509027607 0
3.021178708188927 7.663036420676372 0
3.086016942682812 2.013472736635133 0
38.82864255312902 3.333041411508155 0
38.65615034931744 1.95415477825877 0
29.32143647090422 7.487019418286963 0
1.022669090715725 1.381772714887687 0
4.84470543418865 4.986302588545088 0
13.54557274481532 2.085218896128167 0
32.8381919574779 7.973765365273977 0
24.29091790489074 9.483855064660306 0
19.17358827784259 1.043760546705795 0
14.2766589583799 6.341852657578802 0
38.14168541970504 6.642360278873057 0
34.9918777964423 2.385698874467647 0
0.4402273609458054 8.890814875688204 0
33.91236179068799 1.089197595488375 0
23.68014922374756 2.082815293955135 0
10.19717548576658 9.680322782532958 0
26.12672907959689 8.160816419533624 0
33.38683172880803 8.373255245748627 0
14.4861424435501 8.674635786214097 0
26.67989883972795 2.952571131576979 0
15.83627035379602 8.426371942613509 0
35.37234535124578 4.459563098746795 0
9.087327636214262 5.867507186384413 0
5.641641335572352 8.188896350610701 0
35.45191821953668 5.222033709130569 0
21.70380799884758 6.500470321573941 0
28.80527266180583 0.4894706128631661 0
6.797070893258732 2.329672056020244 0
39.56407910420884 5.55651616850647 0
14.21345349644298 0.3319796479047793 0
9.431911450515884 3.3090967891344 0
11.66718509391929 7.546981278950729 0
22.5336948621529 8.366948704080691 0
3.994151630696128 6.166976619106006 0
10.59283043727177 8.797148776158405 0
37.92425787042525 9.497408089116528 0
20.6731313373196 9.636833807415105 0
12.56402393305541 8.869095347642716 0
0.4710563544916356 5.531645337121902 0
23.54961586455193 1.287769037724144 0
30.47745797831276 7.655431835399238 0
17.36536291408613 9.608614712350752 0
38.35778870795554 4.791369648169038 0
1.203917435916621 4.380877245376658 0
5.536062803306839 6.320358037409918 0
7.557804300463587 6.089698873571626 0
1.634940268424104 2.474391897739668 0
29.62207215328441 1.348383797634453 0
37.419477129764 6.994736537238738 0
2.104021922493202 3.748084871325132 0
24.86929942156209 5.412176288623437 0
20.83319242655562 1.209017674237053 0
19.60558112855052 0.469799906552159 0
10.01474246745706 3.966408174514974 0
3.240184317481846 1.204699392205866 0
25.62961474618299 5.245799491846975 0
31.17896785568647 5.402609767849828 0
29.27580738742294 6.530169284958184 0
30.46034232861572 2.633202820218452 0
38.98063059177257 8.62629400917662 0
26.28022211787201 5.623561935808614 0
7.164429803633189 4.900486434851151 0
10.74910270886571 7.172202316409423 0
17.24432124583266 8.824948578503324 0
31.2719562489092 2.913237233019187 0
27.04599974953157 9.560234902380135 0
29.38749380934941 3.130624266487578 0
39.44119165871119 2.954115150971742 0
31.74547480225847 4.398764452952815 0
34.5304483884922 0.9850992270364085 0
15.1851583550871 8.337089917803905 0
3.006310048737434 6.942045603044287 0
34.34689304481995 8.025795846435031 0
27.97675349376518 0.5321821345533669 0
6.309501186558332 2.975889318609838 0
24.59465632705989 3.735424636017209 0
7.301282486531582 6.781886595817413 0
30.87598505695146 4.993953708019065 0
15.2469519726048 1.718838751079343 0
30.03407414324852 7.823787142005841 0
21.34564333362562 2.674069786890578 0
30.41555138228671 4.943353099129197 0
37.26426318793309 1.564266930432639 0
10.58431045751535 6.25678280925001 0
31.74772472127287 7.789624746317481 0
24.64238769734527 1.183459691165092 0
33.85806569044505 4.127702016659575 0
36.2894577307997 8.974530253182724 0
2.362775388944477 8.834587682678917 0
7.344055915034492 4.242566742100399 0
14.62261319179331 1.080088886503975 0
21.6788523703858 7.070527379293141 0
6.563639722554456 8.065793151809125 0
22.5035186021573 5.904354222032395 0
29.69450549085764 3.971872216529168 0
6.622498839026888 2.908472527795776 0
38.93502485269755 5.149558642776654 0
9.439048323819224 4.719060062113201 0
11.62121526604469 0.4585199952989887 0
4.534092685871288 0.4696175309859596 0
2.338762001687113 7.417824990935165 0
37.28240553528367 6.488313707090398 0
2.076559815466802 9.470070502657354 0
6.383405858895386 1.037415974515938 0
38.88671477673211 1.472519829156926 0
21.81748249573639 3.021901504718047 0
39.53657857757931 3.626020869384569 0
7.855585830039526 1.886571503850182 0
17.21738935437873 6.785045687851589 0
20.61307465532572 0.3417420334600024 0
17.52225693375511 1.115642999937823 0
23.41372039643171 8.005626170184939 0
0.4030381099928836 2.217047216157458 0
21.45672242991682 4.249814388344516 0
10.13968096694075 7.830410127822418 0
26.11071478944958 3.409947240264082 0
3.981532051647895 1.521762321167372 0
25.31263860443595 3.903921209707497 0
28.88149415426746 2.638433582286095 0
38.76337680355788 8.126918232602851 0
29.66923680358497 4.699742979455078 0
33.14035583468333 5.011620027412941 0
32.41652491052098 4.253134797410151 0
39.60339611733119 7.789837381419368 0
11.77468373713835 2.855901274910279 0
26.58867766422051 6.700059779691334 0
13.00057736886285 9.660141579671864 0
36.57998524355655 2.654149427315923 0
35.77024857863569 7.92611575340182 0
13.721168996617 3.440319639760378 0
30.29201444944549 0.9288847456366334 0
16.82349438632283 1.25091521396156 0
35.75538838264517 9.567968098083787 0
12.70060492710871 3.966033697678975 0
37.47401597385064 2.4607516598946 0
24.36123282809999 6.575264184655682 0
32.46232980179201 4.896901853116826 0
26.61399586697913 7.095386957171216 0
2.146894747097027 0.3987893675154759 0
22.83458795800804 1.659970899081962 0
28.49569645551498 8.07006676441685 0
23.4279504246873 9.577244683270289 0
16.81091268586725 0.4551661525380669 0
4.95833637600826 8.496476840260973 0
13.45181002963257 6.77384362414965 0
6.301332636360801 7.602806600545249 0
4.644861835588298 1.026957171794362 0
38.00873351669524 6.321532348510413 0
25.4898897860384 4.748426080582171 0
9.877783311989408 2.838447460842183 0
7.953824188210096 5.732589152132364 0
19.4220199705284 3.552357900228426 0
38.04913586539219 5.433587815368857 0
9.795192951756071 6.153690771489028 0
31.55600436737189 9.547274366802288 0
28.1631565803268 2.899171715836565 0
14.78733461709108 9.447647858783938 0
3.184247775367183 6.052384787842159 0
21.33777264434679 1.709818639676625 0
30.24849113293781 5.367216429490014 0
30.81780344796429 3.434144202428899 0
23.73537777073409 6.725421677811068 0
19.37169767226441 9.606983592324674 0
8.697569273828643 1.586219096014215 0
29.80294516251353 9.545922628782705 0
3.841309235373094 8.937946596872454 0
29.20944256580706 3.744132145557178 0
16.02847098691622 7.806777129045233 0
1.878859961492409 7.026466413977456 0
15.56545603872622 5.238820846822676 0
1.019854157970154 9.587833920436456 0
13.76224749221783 5.204950118595153 0
25.63764261436829 1.642513883624829 0
10.68899356067726 2.267035431753322 0
16.63498445483885 9.572972007051806 0
14.2576825592154 2.720029742717686 0
20.8955999194117 8.953637206437078 0
34.60893577067771 4.513591085892688 0
5.810736417229806 7.116383726518668 0
14.64999620155179 4.084811681024568 0
24.52214795396681 8.807645466825651 0
3.734579497464223 7.628041034028561 0
32.37221198029812 0.4574057110871426 0
30.46182605778061 4.184125605586802 0
6.964429706528667 0.4400135030474424 0
16.70736131049253 4.555660809911215 0
28.97558609620562 9.585964647827257 0
8.296075609658313 8.162492694556521 0
6.83485405318042 3.577643118134257 0
23.34582117135636 8.678587510337106 0
12.39724773917888 1.131880593488128 0
6.151917628508754 5.832034131433343 0
25.59486213293767 9.516596213435824 0
20.1616779072862 3.349695264962574 0
5.469007170589412 4.86231131135473 0
8.618248626872091 4.490434904332768 0
23.85494171580611 3.010660944793883 0
23.2854786048937 2.811514875162013 0
25.79485291793201 8.868632789013189 0
2.869477927216773 0.392316072012625 0
39.5948024461668 7.025102166598725 0
25.63547292728186 5.964258233872151 0
24.88221332586801 6.12032353999961 0
31.68389735484953 6.036798287184128 0
23.39999999990696 0.3996883813314191 0
29.79739016030929 0.3043611937681824 0
32.82118244282309 8.908168495367608 0
36.57336853737961 5.871544842365119 0
9.311487550884326 7.767929841490354 0
18.00052728619397 1.761819637293725 0
21.76336642371604 3.377340238517139 0
27.55917295872793 0.4527853094624571 0
32.81892937815996 3.630753453682264 0
19.45512401951981 8.824142725754974 0
17.56765060862697 4.90636154998517 0
29.71820389385325 6.094059280100666 0
30.08385621766255 6.230313109299685 0
12.73525981986692 6.308108473785657 0
38.03222001742443 1.153215237637667 0
21.19435991824383 7.628367528498087 0
16.03578498056574 0.4535319336109814 0
20.55501549152429 2.618582894997562 0
0.373304801500018 2.960415357581408 0
23.59602092676953 4.584194816324118 0
15.45963358816117 6.55618470827809 0
7.788266193711263 0.4170043414663209 0
15.6171686482029 5.688848140920503 0
6.681016175421314 5.504293731892243 0
20.33942022394289 6.450264921123686 0
12.72124802596587 4.518035149579304 0
22.75318306535419 4.892199744630962 0
0.9546840431972268 0.3987443731077571 0
16.10994528105671 1.785706583031355 0
2.619781127531447 6.658422555076243 0
28.67542631077363 6.783370791776333 0
34.99797829636814 6.699569786813637 0
10.60641003966706 0.9751289172935319 0
32.11070681350088 1.051859664690903 0
2.680800688492882 5.378239980551149 0
23.06633637624037 7.230243760117077 0
10.20345846219773 0.3730723555135439 0
1.422312739636916 7.993395403782302 0
35.24883863379709 5.850466784177192 0
16.58265905542834 3.198717939452133 0
0.4080442958441693 0.97169623586264 0
4.78471050965919 7.192813516914283 0
21.16141914961459 8.308702911400754 0
27.32983885760571 1.029479678250541 0
1.156591077793741 6.687151562813929 0
9.19323260785055 4.333632664464111 0
22.41962308324307 1.518002312799508 0
18.22914968812423 4.633079953234683 0
2.79327843243394 4.219447282615535 0
36.06078101460977 4.845175541739859 0
1.904254303297199 3.138789006176463 0
6.514528224326171 4.222601893929419 0
31.59277366781469 5.392571342105423 0
25.77871867535687 6.796354560961987 0
26.83492006806366 2.114059197127731 0
39.58289837607123 1.736723745845763 0
0.4234541447708206 4.162464295762074 0
20.55992463619407 4.27926333551152 0
10.24798215149396 6.483157569254857 0
35.23612767366909 4.818981698745627 0
25.67342064904319 2.506352754840962 0
32.84387579772213 2.858644767752288 0
24.91917879030971 0.4210740939852941 0
19.31721893498428 5.302871379961575 0
31.71453338736057 3.665272866494846 0
11.37911496102868 2.200088000312688 0
33.63070274909583 6.112927040457869 0
17.17131517633388 5.170951259607131 0
12.47898899064533 5.232437934629029 0
27.00112408662516 1.657496068053366 0
25.96863306749121 1.483375313619803 0
2.187487270451667 4.495775411656516 0
36.09240182424521 5.730987630714994 0
1.34248188458812 3.957650035560876 0
13.33118042138906 9.002601348273913 0
6.338945691983575 1.8 0
28.42070007355572 5.395930234079164 0
19.57728693059929 6.096557934765988 0
20.53914557586449 1.42758348506194 0
11.66720321737865 7.083526655273794 0
35.41154085636091 7.416438042428101 0
6.037187169230208 8.424668187060016 0
37.49942072487114 7.836872658040627 0
12.3139003138515 5.741180168102804 0
33.49703175272148 3.062038130960199 0
9.374456939988152 1.782038162628148 0
35.58051005592508 6.778195128709509 0
28.48580029583894 3.0854636331947 0
5.739568197694211 5.586128103706559 0
15.78534806201113 3.430026954354398 0
15.72986567409908 3.017733770531069 0
13.56141245613195 1.639412275096416 0
28.02326281853235 7.299454950781186 0
4.044733698078236 1.149955794393848 0
24.92596123190876 4.006970882359542 0
37.50920789038943 8.509915420772041 0
23.66634414573815 8.957006864563917 0
5.893982743335126 6.406479286021375 0
18.53996260196147 7.012129319315094 0
14.17453050683606 9.030455879524306 0
21.03502456367936 6.30549458433248 0
37.36512259987266 5.083305222201473 0
5.232913887212019 6.636802982883429 0
32.27169782934769 6.691343087100823 0
27.66251394284945 9.062370212967297 0
18.65273117375782 9.619330433652705 0
20.18081805684329 4.109561357144766 0
24.18081999407199 7.622561782197836 0
10.54007012049502 5.729125746306755 0
39.58591502809762 6.515794143269384 0
36.19702394531301 2.534443955422955 0
16.13925322540147 1.013729943751917 0
27.51626005469142 5.212178773031173 0
6.581186863305913 9.669413403007656 0
34.50893083956178 1.624505921752171 0
39.59317749854671 9.0442152819653 0
19.47783528173789 6.506713450875708 0
22.43646748681129 2.883319727388414 0
35.03589105505698 0.4267656305527443 0
28.42196423253734 3.774316353811505 0
19.9236454692703 4.907967128579386 0
22.04466545868799 2.114829080556805 0
15.36539333144325 0.9341843442655647 0
27.72673014467647 1.887262093495298 0
6.386502696344206 8.918476394538626 0
21.39750800153203 9.622132230475421 0
16.69371713040739 8.28171723406658 0
36.55449181292671 1.819433974203325 0
34.19842078971206 6.797627273636264 0
3.808461367425344 4.775635754005227 0
8.572551460614363 3.794153427979595 0
7.594704550398317 9.572235823730878 0
28.19316304927654 9.638211190548974 0
0.8168920034958456 2.322122597751707 0
1.213395215033782 1.70866118298722 0
18.4089112519072 2.426120813129995 0
4.081615240477089 0.3896539547496395 0
14.76791013961458 7.449125153551666 0
37.60973746507018 5.465900092974906 0
33.99077845335199 5.425025360084576 0
1.104203646395669 2.966388931868187 0
4.132482165113576 3.758003807352431 0
37.31125003649285 3.311627136452131 0
30.76267599143201 8.414893891211603 0
5.151293660329339 9.563577248503103 0
5.146321101586683 4.245669186766987 0
33.38086552372056 9.650130222541602 0
13.09578872898287 2.222334058697751 0
22.64613837326851 4.093792402541219 0
26.22375979379954 6.492077889781668 0
39.58443860544551 4.061959002553154 0
19.07199527788648 8.212461866407752 0
9.406910214740481 0.3720351548134879 0
2.242824495698788 0.8355316842807304 0
18.32546622983716 1.055897983048127 0
34.1073514262063 9.591583937959271 0
27.20376038666124 6.544598286772407 0
39.038950296423 2.244626966409658 0
27.54199284911936 2.38311785153345 0
17.84035807382865 3.02179611058999 0
10.90774039076619 8.271067700566766 0
16.64554243912691 2.470022301175129 0
3.230339074119196 4.861160519786015 0
8.978228283738176 0.896672366099764 0
12.86452981923075 2.628612102524516 0
5.81090129989204 9.624633803958529 0
27.17830887262436 8.510966833533637 0
8.412309971690199 3.011668146448619 0
14.16421051103847 5.866079677910918 0
29.11400000175999 5.262622689724624 0
25.10256979209449 2.436116959945526 0
27.89558273087722 1.252479268611657 0
12.76614732680732 1.881998980199396 0
11.14957880086139 9.510313412234996 0
12.30268494374407 3.889946292911011 0
39.65060324482252 0.9920017334069655 0
3.343591113523942 9.618765386219339 0
3.198722597577317 5.280550405372845 0
7.379018051544657 5.240848163066311 0
7.283028129035088 1.851786813131902 0
15.92514625848758 7.299805847163028 0
4.477417474358495 6.683603064328233 0
3.536938634378569 0.9107911732947301 0
7.55931488647573 3.456140340916319 0
19.98329411173482 7.513351337702873 0
37.75533192246505 7.166625262112303 0
8.330932765842912 0.9818505175552787 0
31.54444490206814 8.619022442105273 0
21.56586886843527 0.4822546460480031 0
31.19144080704363 7.353330034718033 0
22.41985252283328 3.559503263100624 0
11.41875972159854 2.648014223166539 0
24.04169689903899 8.306240634984887 0
0.3942561590068939 1.717829250117948 0
4.577314738954824 3.797971207063241 0
34.98678440287578 1.92135017623477 0
25.40186320634972 8.710215827832741 0
17.19741219379064 3.802145417306484 0
6.449354681354244 6.883720359755404 0
19.75537232604252 5.272544506859887 0
30.79061406946739 1.517667268089009 0
17.49606461176174 7.796864992078365 0
39.16213089480843 7.7488501483522 0
15.12667990197533 3.607948070460673 0
25.15565965282697 6.390630579586971 0
31.61432981568504 2.127664373107584 0
1.670496459805101 1.173276381537891 0
31.76445928214511 1.706010393893846 0
13.61138208321721 6.459722434972627 0
24.35388637796143 4.838663767749049 0
12.26433680441111 2.413187212822392 0
6.206768922791854 4.850435632462343 0
25.2841961620633 5.435896103816016 0
20.24507174289224 2.921729627849611 0
29.78164467164736 8.825537513749254 0
38.20538052552914 8.249230539325906 0
31.16846394827091 2.162589826869118 0
16.67924524627248 1.634530031955761 0
16.70464695991961 9.112452502565434 0
11.40680146333377 8.843950675796693 0
26.29167214084005 9.599827900503916 0
5.97298850037239 2.838642006450713 0
0.8868073988713971 4.754105186298466 0
22.20969587852716 8.57342801847132 0
22.28356527364572 7.292212441308745 0
6.604587122297537 7.25298747968557 0
26.85069904033305 7.93067093208647 0
36.99659540796017 9.639500012893919 0
6.052813625692972 6.79549288021929 0
24.85733013036686 6.957339270830374 0
35.34194370547197 3.484050159986581 0
36.45637130437547 4.313421345161696 0
5.324984723522089 8.961550936304565 0
39.13407959987975 7.172190957651464 0
1.668547083457313 0.3891383231137642 0
3.964727831051535 4.145542815865329 0
3.190798834236738 8.943960388311455 0
20.4972891481011 8.141432843707303 0
38.17884295254033 3.33169434301345 0
36.68417724793838 8.007438665845921 0
25.63727766051458 4.161442272759618 0
14.1507338874567 3.452228250943665 0
34.66856238095176 5.382350243482969 0
35.06733606096259 3.841337946082118 0
14.6971369412925 4.547616929967853 0
27.36421742118701 7.103611886863431 0
36.34951918398434 5.144272879035414 0
38.84475087947533 3.728133123872344 0
23.07141234197979 3.458661629578404 0
34.92091810142433 7.874170935715111 0
30.25791250250112 9.673188923404227 0
30.37290860034508 9.043866285062863 0
24.63014498195842 3.29990821653116 0
3.341198197486115 0.3704042181813778 0
8.381178417999195 6.239561083172918 0
17.19161968241331 1.903462820625042 0
10.64495687153534 1.416015329289905 0
32.1689200110599 2.40149797996194 0
16.62326884506135 6.443719430955864 0
1.476519067497477 9.04235671884174 0
21.82802078409159 7.869231708233512 0
2.775735927167703 0.7932078801857487 0
23.70371191924448 3.564256037274922 0
32.83018763820201 6.258452923265915 0
12.57672516717562 0.337246813849397 0
39.60993141660455 8.293062350150596 0
29.38604594118425 0.9491448527727016 0
18.87803296040567 5.088066516977708 0
6.850350091004447 4.874870156546376 0
15.7851176180049 2.180096749821631 0
39.04449035415407 4.314455836233522 0
4.90550795652037 6.410357008838137 0
0.8804883081917041 6.926050427690405 0
18.78232165754794 7.882183810381402 0
38.49846805938847 7.519968113625213 0
10.74550966065303 4.33688071400479 0
23.81935654449486 0.9307978248142343 0
35.38691990639663 0.936714922775986 0
8.750096038462491 2.304129739389056 0
36.82688159569567 0.4042758495093199 0
18.8956839349317 0.3937043227538004 0
18.05671177642488 9.027118238838476 0
18.61351792166943 8.908405376071153 0
26.87645041666764 0.4065994895391755 0
30.78224881261715 7.955922852158208 0
19.88354566284049 1.49182400392874 0
13.0707370624495 4.697289994297511 0
28.80004012655338 5.955069701117359 0
31.61964979163398 0.4826815312829235 0
34.29338119302426 3.606156010868951 0
22.42797010290839 6.573645090498051 0
24.03296293638346 4.134180014637284 0
32.98129120835033 5.846085772482168 0
39.0210124674068 9.601178965553697 0
12.94133418539948 3.407675204469489 0
7.917982995362621 8.409510855825246 0
35.87283743525771 3.876400297937244 0
16.20330188508927 9.661512423932233 0
13.79922852683769 5.67955240950957 0
19.24454874046132 7.232154805252376 0
29.85161792344466 2.433778002693612 0
15.34544371481426 6.972895190921101 0
17.77503438952334 5.689132750865708 0
18.78389272380852 3.970011736237319 0
29.95315885059185 3.736329374594362 0
30.44263119038527 6.005999357954311 0
32.64274436787991 9.634938444407474 0
2.015646891399275 2.383623884880488 0
0.3290749763637051 8.236639915336765 0
3.204158457179917 3.0712620592786 0
32.11587580947698 8.388131973573364 0
21.29074782885143 7.19001388537901 0
19.45091961341039 4.561086776314693 0
4.925988634387455 7.979788700887979 0
33.35033110149046 0.3059055872229371 0
12.12612799522331 7.655382868436334 0
35.88751477441669 8.721746222593147 0
38.82417291958434 6.529271511594724 0
15.27799976959814 4.602187946328055 0
14.00064037600412 4.23308205815187 0
12.32543852760168 8.031544263112783 0
12.89637120227973 7.832547851019596 0
14.42651503878411 9.633406863070267 0
34.15351717893191 2.188726692655159 0
11.66583649943543 5.418779617165538 0
20.84993088624541 3.948984112188135 0
8.871969222018336 7.71530972542368 0
7.149437500109766 3.911062999143916 0
1.712888339233379 1.800939884807794 0
8.23830773004873 9.614506554108884 0
3.129877685117727 2.402782139522852 0
9.119290490450627 6.519381970086141 0
15.4770327663463 1.354872544660479 0
18.557788772712 5.373353923277909 0
7.853644133104391 4.854427296564143 0
11.64942920266626 4.128636400642944 0
16.44492409549641 4.128705817031857 0
10.39499451438736 4.974311996483113 0
23.48286847074275 7.21921614510253 0
32.16590815757639 5.986069372087177 0
11.07909279840962 9.129615015404671 0
34.08426787345011 8.83217192718643 0
9.361550549048735 9.673041292674029 0
30.05461658789723 8.281028212663188 0
30.08010293250353 4.708214986131365 0
11.18377304007941 1.59127235305822 0
31.39152230694466 8.084924033820677 0
23.87955053975246 5.962427345449452 0
14.62427859524398 0.3307938637306772 0
18.73647211901921 1.031639752370149 0
21.77223786253558 5.349209313113461 0
29.82130303163517 3.152089198254843 0
3.639181567689877 8.323760727821808 0
13.19190489855493 1.432381977286211 0
4.760184291027651 3.269062793652679 0
23.15467273123878 2.431567685478269 0
0.9282013614005722 6.081399342240219 0
4.500584638649976 4.822995244366227 0
32.11031539382803 3.540847948301054 0
8.140331238746217 6.87961845734402 0
37.02100425610522 5.808670084106773 0
28.71511497813136 4.122330986069486 0
18.63279397064807 1.664014154940736 0
7.55834086122826 6.409704941182259 0
9.28001745287014 5.471847918286621 0
37.96564477008803 4.745556268464075 0
9.650784864639782 2.542769778198843 0
0.3890345979487774 4.858340934043855 0
25.50585761021705 8.12528880196276 0
35.71319634629251 7.122308886826384 0
6.346110416663946 6.147119707741749 0
23.0975894466734 5.085462784696293 0
38.34454650130624 9.606840882031021 0
33.76938601574774 4.769717227161625 0
3.531117368376743 4.057034708498167 0
21.33921779605166 9.117106602802023 0
38.27542516264466 3.989474724902707 0
38.15729701758647 0.280213366030765 0
21.03140980170724 5.573972474414587 0
23.57035537620077 6.2695910942091 0
4.331993410763903 7.996257615651152 0
25.25497086464307 3.251506253085901 0
4.185547024103995 9.654675824766368 0
5.058901552954773 5.720899648019825 0
21.50338024658412 0.8598282699688373 0
3.69329661238236 6.411786468081407 0
22.06031875482132 4.721390267155326 0
0.365242191898422 6.348517050759643 0
37.90871264311873 9.02436774929083 0
8.252403245046281 0.3301657899763065 0
14.6721630875021 6.392510944458329 0
25.03797752919462 1.271444201552582 0
5.559371982448125 2.323797863807497 0
13.77735960205571 9.653189315909197 0
23.01647287695574 9.65641377710509 0
32.42731643431433 6.309468992947645 0
8.503343719436359 5.528808646218202 0
4.261174174170615 2.585523304397273 0
20.96455665858711 3.241478460589275 0
21.60158324474694 4.69028906566618 0
35.67814480366891 1.665824563522101 0
3.423895788391138 5.704163373910065 0
13.39083429411095 0.3367925946033828 0
33.39996809557294 5.824766011370059 0
11.48363435784991 3.759056044836613 0
36.77337053981127 1.062798064522628 0
14.84024553083531 1.561904191300601 0
7.146682703604609 7.620962534952442 0
17.00659494135903 5.878905078177024 0
32.35737975481592 5.621782544535743 0
20.54682334919086 7.445659403683592 0
26.26257228722851 7.810497021082975 0
9.0154425938844 5.068518207812285 0
31.64887897280721 0.886020624423705 0
5.490199637757565 7.637011667151842 0
34.68503364589714 9.085277308252657 0
37.16329618859151 9.008733400932371 0
36.77642328197842 8.854632663027543 0
17.20316022472677 0.4287420290752477 0
8.522654370878927 8.940485647904001 0
11.29009641645466 6.042279607710006 0
14.81756320344867 2.216529036645469 0
19.21641881044267 5.785341186213297 0
2.051571821405397 8.563857306009043 0
15.87694349498671 6.51435338551945 0
8.205261161329471 7.591739930297652 0
22.06489067441061 5.968892413836691 0
32.73387438623432 2.450923328610976 0
37.47060134905639 0.3422934675222808 0
32.90108634618964 6.923471953616623 0
8.634738913457269 8.326968422604988 0
13.96284315871287 7.126497315214101 0
19.51774125704763 3.93498814396812 0
10.97345528063278 0.3650460726234077 0
21.86504477759428 9.644456948850808 0
8.014592472792906 6.518244010118683 0
24.19757673765804 0.3401465835012937 0
22.93284013642974 7.604743684640876 0
3.480380642079447 3.669570350398854 0
17.09674267951705 7.164044243055866 0
5.9159374131383 5.122219959325057 0
6.98866055431492 7.315112078246863 0
30.90162562196681 9.627763111580903 0
19.74366281994741 2.484792734153836 0
19.28869072740354 9.18283697136499 0
26.31000345992108 9.200875071782384 0
36.8066903990978 6.578394346683973 0
12.469840064443 3.208422229975694 0
36.13748013808403 7.761361909804693 0
7.262779277615218 2.972796856970795 0
33.14607352836033 4.343791449470416 0
30.21147246988341 1.831901693634276 0
27.422041490533 4.542637809966202 0
20.9760542499852 0.3325934080288531 0
24.72116639879319 9.669618499713822 0
4.21460601075895 3.14751345010661 0
34.92572954637302 8.533338064528644 0
9.648580883621241 5.442538014354117 0
4.558687028277996 9.093743265347602 0
3.402107523416623 1.550602365440136 0
24.38108930718317 7.968569128966403 0
12.03017642043622 4.189388326881252 0
3.810099332008735 2.169532179121181 0
4.333940514570921 8.350740036515731 0
31.58468974533552 2.899075905105666 0
20.15875391965967 6.835228497434183 0
21.92586125905544 8.975436266245435 0
5.850751506343302 9.19734227140869 0
2.78387316010422 1.87144842431997 0
34.84239035125768 7.001394104837296 0
35.82795524993863 6.021028134160665 0
31.77529350267579 4.816148958641545 0
29.00784367878846 8.590644426912498 0
2.456427085266322 2.01991666294558 0
1.664385477471203 6.242602776531191 0
4.705204128576577 4.192314690386844 0
5.20212606452772 2.767986126170536 0
19.74799879493409 9.669581739986604 0
14.36978542895487 3.763990530372743 0
13.60695758368726 2.798148110188134 0
26.38212236843984 2.041687714159732 0
32.68469590401642 3.256252858842256 0
12.95103633969549 0.8591556736508837 0
26.99821894915382 7.28182210345382 0
36.45133888777194 0.389005923267465 0
34.64271040857574 2.521726572806211 0
10.56404975167001 9.660129632028125 0
28.23695092226555 5.074001625968668 0
34.32888037209784 8.403393815043396 0
2.603843128616227 3.194004128719838 0
15.03011099689975 0.2953011488882876 0
26.86167511105236 0.8511427142082691 0
35.79648223094922 0.3272304385313512 0
28.0046581543693 8.670923824915919 0
20.51190015378877 5.074502436975772 0
5.796994063999953 3.496557453258849 0
15.47797833180078 9.63595619957275 0
2.916859877811429 1.304631467779363 0
5.435610799893752 7.021195845073743 0
28.05436084794735 7.974818761115718 0
1.0217329340777 7.342954081191031 0
3.028239922286829 8.043233388004257 0
22.88037213976934 4.467560220354517 0
33.25167238573176 1.452381163052854 0
8.350701547421988 1.417865236803196 0
5.341411278149408 3.940208610025867 0
15.94769660000184 9.110884677571008 0
25.4212809534847 7.486247844436638 0
8.17803511674143 4.340595278740371 0
39.06558316275289 2.955728958873694 0
3.348453694107066 6.398954520861288 0
14.61143596226902 7.033883572805259 0
28.07606061393408 0.9036665928825756 0
1.962327943059869 4.153896168194604 0
28.47533352538687 7.255760312562239 0
18.43901384871968 0.3734032834000774 0
7.086656645445703 5.553161719608867 0
17.1540179384091 2.847907984190873 0
3.745640415310704 6.875451341291622 0
37.39728949063235 5.807051477544599 0
35.01497574926391 5.130272993728505 0
29.71948616453395 7.388131227721659 0
39.59325330154469 4.782743368070781 0
22.07422576237206 2.757452201141736 0
21.40458778829844 3.483979536256929 0
15.52057443662742 8.634013327722913 0
11.6979005844419 6.127336279023671 0
28.8955422966819 4.899991541859933 0
29.19338232177928 4.538155588530818 0
31.08045662351142 3.769413946752167 0
24.38257696486789 5.551437551842199 0
24.09262203349004 5.211852001939775 0
16.41384299022086 7.856430618082809 0
24.3255994393774 9.114434633033161 0
11.28301562568154 8.426524186395246 0
37.43600545467449 3.688192127903344 0
13.65382200385237 0.9494645600055622 0
17.81679711425933 6.628918098884983 0
21.07149639996292 2.055484660598466 0
37.20412294864693 4.298185688520443 0
36.8740635601381 4.50194335509983 0
4.184940720681732 5.428993833423623 0
28.71768620074739 0.923791652854733 0
5.720988289385161 3.884468746864882 0
34.2431138075325 4.264053938991885 0
1.705615400713591 9.661785819115654 0
31.01235121981895 0.9530286244038568 0
38.00161692291978 3.02199979824148 0
13.79783014483587 8.182015795765953 0
22.13385384887551 0.9246015117360744 0
11.72244812559591 9.0633862550696 0
36.6057698134052 9.638450849744117 0
30.07755541069803 1.355088499155838 0
39.66859045448388 5.885229997117388 0
16.44421261320449 1.906546302566339 0
34.47493459541766 9.637249976226039 0
21.92981901271339 7.277417143175667 0
23.06520363827606 7.928505286959465 0
11.52798009971031 9.661631078423731 0
2.84428421459857 9.224543307006099 0
36.22247213750497 2.064833366587829 0
28.43629813148487 4.439294848443712 0
8.666101401014361 9.690643552087151 0
38.56789254074594 2.672584852145672 0
27.48837597504105 5.949143028943821 0
18.73865482421771 2.246992560805671 0
29.56370624479483 4.340993938542023 0
10.27763940624412 2.349460022932006 0
30.3950161980756 7.097594147942356 0
13.14611944714395 3.887338294404754 0
33.55098835604705 6.905046021555087 0
26.89781471005358 3.360269742769836 0
1.775758807202684 7.786458003581834 0
29.83142752644913 5.397012614704015 0
11.90350925155518 5.758493943363061 0
4.686852852027485 2.096788722244655 0
11.22439601561085 0.9834859801086074 0
21.45649491439906 6.2169279447347 0
16.26427875278898 3.52143440592192 0
15.67328388110858 0.3606135781795962 0
26.26581079183416 3.033731087407695 0
0.3169617251029764 3.395385781592195 0
36.63956898005102 3.440515286451742 0
5.784621733665961 4.421218676830691 0
24.73885810403418 8.171664401727242 0
11.57138645248925 8.18482793655723 0
2.095036778977308 5.303178660186941 0
1.575336630264037 7.221710945067712 0
28.59924148873438 3.427820211634769 0
38.34523271638005 8.935115536350494 0
23.94654471445248 3.340854918415786 0
7.603709196990591 7.15283738514133 0
11.98496112416917 1.740736977453938 0
17.12031487314104 7.835352285243328 0
19.96473296358378 5.597503660061617 0
28.54389589012527 9.075340412354667 0
22.20170577603594 4.276649907146613 0
32.3531893944631 1.835288391546664 0
23.33714940011375 2.051703425294792 0
20.96529318475936 6.950876804600708 0
19.101335444361 1.648012355172628 0
1.944482361105059 5.632288186198958 0
35.92373075348961 1.381828314939533 0
23.93622019975796 2.297980588131286 0
14.83140429578689 6.738904264596922 0
20.72954776401939 3.570855504178128 0
38.25930196774157 6.03967173538809 0
10.52038373704388 7.768722408251884 0
38.64641969537928 0.916878931441647 0
36.83331869171236 8.3685057634655 0
10.83674551147714 5.029539469358553 0
8.142638646770594 5.033296406398904 0
29.44264767426307 8.126495740972247 0
36.20101435177196 8.450670218434139 0
6.880749042685197 3.166497148591922 0
39.13669418832404 3.576316596675582 0
9.078392077058423 3.876830059783866 0
21.91569011058865 0.3259865122231584 0
32.45585374232718 7.759115965390226 0
28.46128985674094 6.249701258911347 0
10.0282110158826 1.695221512180205 0
34.81832113716413 5.798660031965704 0
18.37396713869067 8.045657959195132 0
20.509585497193 1.853390455008479 0
24.80417170481725 5.060513821478787 0
14.01837904890269 7.53381053192815 0
8.699472826477553 6.58087316254439 0
19.83812265635325 8.571404020986609 0
17.09193466213767 8.48344164978568 0
21.2460854280426 3.920496531600273 0
18.28136921936427 9.679918963982185 0
39.11949465509719 0.3425931059912631 0
8.875262211879438 9.104575402662265 0
17.58636336885426 2.40637118545618 0
25.10502444939767 4.671558613909387 0
24.85074312769508 4.373637214347542 0
28.62126908484455 2.279620675818169 0
28.51009425695452 0.3225147371639503 0
17.80003507647662 0.3100291824368654 0
8.530031221768937 6.91328774470658 0
14.25183814560151 1.845785620179442 0
17.00157094408843 9.699668529769706 0
10.35672944952571 4.548272694687182 0
36.24484967174396 0.8298402971615511 0
1.592558327959227 4.96471519748119 0
12.00423049972343 8.559713762718886 0
7.557749019087884 7.642351473121632 0
8.693751570842123 3.286361100103705 0
18.3619819094857 4.039710011264972 0
27.91864137109201 7.621807013007665 0
5.188807473622591 5.059728224824452 0
25.6861061589137 2.888428682028822 0
29.58963728984429 5.042406868393994 0
0.3410775632944768 7.431011521777593 0
39.66067125916118 3.27793242068676 0
33.197341851327 3.868196315292896 0
0.7429194329174298 2.896358348934346 0
16.50047901864975 1.021431472955146 0
12.19871331860243 9.68657715305997 0
38.13487802868729 5.057277671549524 0
32.82516223282157 5.140062049876867 0
15.03982565138987 3.956469600656002 0
30.56049177272326 2.185840513141177 0
29.63217683771442 5.731210161776161 0
31.19335991964475 0.3392812324003845 0
23.66514133605384 7.741387744817379 0
0.9236033687134767 8.276373179930474 0
2.722772225260083 2.612199619354659 0
38.74234997705324 7.75295107097929 0
33.82347782102782 7.511722769579682 0
37.96250399079338 0.8358685676843648 0
33.08823156372645 7.620898413105281 0
29.16955330402135 3.384969657515782 0
7.689681739963524 1.143582042855696 0
4.665216509597243 1.432253570155774 0
24.50418836774818 6.925185781427475 0
5.64147857389272 2.900843752744368 0
33.88650057268499 1.48272509212469 0
34.41000912646896 7.694316958408966 0
14.34348693092605 5.199321640325505 0
38.68957695205266 5.512267051079892 0
14.97210176671912 9.090536058387832 0
21.88122344024043 8.291272020463312 0
35.09892897185354 1.284600131329146 0
19.58427157038172 1.959568972951895 0
23.3956713120665 4.951658386659776 0
4.744784815141575 5.424220013137405 0
18.86251399165013 5.876787125015609 0
25.44096233109615 3.542118889187363 0
3.815039191901592 5.838106345898041 0
3.544807662189537 8.861283459664552 0
7.190355349737111 8.517194665051937 0
6.939496549504806 6.620521259420649 0
27.79906349702896 9.702512376965924 0
10.90349241797155 5.583109020330042 0
22.60792144317917 0.3181479428754457 0
15.35053505300079 8.990325143473799 0
34.20634698293101 2.956581542479817 0
36.14503369946446 6.509428329760441 0
27.56500678326684 3.023871249574432 0
34.67566121460229 3.610758018660984 0
24.65863925714482 2.913956865567674 0
26.3873717764523 0.3319632220318152 0
17.90395321558241 7.244190435733927 0
22.74928708492169 1.010533126287545 0
0.3535670248154716 9.646432975184526 0
37.59757008009529 4.799240128887688 0
3.892427915392426 0.8483104526100208 0
20.2917045498491 8.572705064107426 0
26.87223471723235 6.456192472555123 0
32.88567278821045 2.117610399868706 0
26.94827244780705 9.130908716444379 0
14.68808796815901 7.879624656253533 0
12.43044076442037 6.338557061733906 0
5.451355219872152 4.541894163401027 0
9.45034167299338 8.155134899959865 0
37.17732646185853 7.625027991843575 0
13.40825039517421 4.538524037601601 0
12.15145293899869 0.8765654354093796 0
0.279465462869219 8.567789389045947 0
30.81987993584116 9.207461040009735 0
12.6467964541852 8.561527724071558 0
8.714826821613356 5.739806466019257 0
26.20951484599737 0.8770961660490731 0
6.689112314998103 8.735422920876227 0
20.19469576009486 3.730745253745752 0
6.925234007292588 7.933494345004897 0
35.08671557152846 9.663040365024722 0
23.03858816451966 0.324460330823846 0
11.38355070704672 4.763672101744254 0
32.26960515557242 7.096419274185607 0
2.441577028352902 3.646987640435912 0
18.74029638873185 8.576758214202748 0
22.62318972681912 2.235626608369955 0
2.604332899987211 5.748187114046734 0
0.8975811103345053 5.440343550417246 0
24.77025455741961 8.511555191028453 0
19.7827957435206 4.615292901717462 0
17.64410056595073 8.167968124504593 0
34.25282193319934 0.3320712462704659 0
22.04104857093462 3.620308286617163 0
27.85653330410909 5.012212949405136 0
7.768425428704873 5.441342336975214 0
22.65063919405668 5.54818749325832 0
22.06584601732607 1.698997363528196 0
34.76744095059949 3.200623804738782 0
33.49370428505392 2.342719907090308 0
4.782545259437748 6.076897673257597 0
24.94358884970705 7.614234341033274 0
35.61181592331506 2.240404746575955 0
2.708620730655265 9.649868329872536 0
12.60410188938629 9.688965980797914 0
4.42355381437314 5.993148299909419 0
2.663677324919717 6.998498129516102 0
26.38702608927125 5.990505990015901 0
11.78218339428637 2.099423049518475 0
27.66708948727903 5.595677456072139 0
34.45687018811594 4.841358114627342 0
17.65668489545692 3.373985705961087 0
24.39505815229993 2.399546428592578 0
14.38028637549892 4.760264719907651 0
1.566752375433354 4.589140119813402 0
19.5640893066889 6.959682904216752 0
37.48287753731466 1.288081634597069 0
26.36039381691011 2.660821628023315 0
31.6008588605566 6.998521299913069 0
25.03493820645699 2.04253739014674 0
29.63818246337589 9.146703411271449 0
24.26108479395484 6.17958818700923 0
30.82368186706899 7.615499476288077 0
7.565188187249078 2.08576846120497 0
36.26367509969185 3.445782769919355 0
28.63463311297266 7.669864947213706 0
28.00489998643607 2.557920368258729 0
5.458428565766375 3.323468763010628 0
21.90454753411901 4.037684127148615 0
0.3486500479828097 5.205148689227857 0
13.77981402714457 9.221740395401698 0
24.76654926097768 5.778175851913849 0
8.187910776921237 9.176892498564468 0
32.69205850507221 0.3108761960932721 0
35.77212571195958 2.56728738339203 0
5.121203796414222 9.234861673545195 0
32.56337769780591 1.186232227939378 0
10.93726606707838 0.8325937282298189 0
2.269978648466024 5.850380057550701 0
7.087861752415183 9.1321112616234 0
18.89665929913888 2.980885020321766 0
18.54395723972045 2.848733125631794 0
12.33958535842458 6.976238753623423 0
33.71491397889044 3.42520176852028 0
28.99214730180795 1.76958639663946 0
24.228689160671 1.750910161367592 0
27.28355644265404 3.575477529539889 0
39.21055590465624 4.756449326239419 0
1.680458459047625 3.902212846115146 0
10.05985022056512 8.212351613611428 0
11.18577094417398 7.679534210325706 0
31.06918947522153 1.770158541174348 0
22.50232287086908 9.665993822553119 0
0.8559812891599368 3.643057373604214 0
23.62501623284611 5.597512372811119 0
36.51091388931702 6.318696876686307 0
29.97537290760866 7.064587870670755 0
19.17155235903968 2.508127517090387 0
4.388150552444722 2.109994406244628 0
14.4536847467475 0.6743769095167949 0
15.37941276998671 4.223960812076241 0
26.70793132200256 9.663780744590799 0
1.425361464121747 3.338443905682627 0
15.96370010064076 2.74148851963721 0
14.04416524197653 4.609009534217527 0
9.952412980037593 7.474306354181906 0
38.5975133962296 4.49208477954952 0
33.57535426180659 1.193641543376879 0
34.12747003094266 7.1879634665927 0
24.2064533793072 1.417545747509583 0
28.99516984282993 1.42217998576078 0
38.53301742229215 1.553609201140771 0
20.10275813696023 9.11597101244498 0
9.345164709202429 1.081839144744728 0
11.93484388903882 6.465116342685298 0
8.484510209149192 4.153971991472427 0
5.626369744566646 8.893788612845961 0
13.80895210501598 8.516766566002966 0
14.94753842057111 5.224019790354937 0
1.130320052113051 2.132351865978401 0
15.39170871894078 2.967062514921873 0
2.226424754045571 2.991750740919935 0
28.12620874934364 5.703278385477581 0
15.23547022307001 7.372191739154061 0
25.75597908075945 0.309677339017337 0
27.41214478870854 7.78081648172893 0
21.69553932206655 1.490221637784972 0
21.2633940540977 7.977331023406256 0
16.34467061058976 5.241689408533695 0
3.429355211979323 4.587976263166173 0
13.37156703946276 0.7137969681486942 0
35.53149138820247 8.202370624940817 0
18.83109051074454 6.217542890709251 0
19.06345558854718 6.559611616766934 0
30.56193591692396 0.3056286934323432 0
4.813195641174095 2.651579324112451 0
0.9898567570054061 8.616049550450196 0
37.22763887067219 2.711034461416924 0
34.53295269229935 2.88875609115639 0
35.71464725700184 3.21375483431249 0
37.10138613949309 3.930446226301243 0
5.228637329293716 8.293029809861983 0
39.65970854019805 0.3402914598022475 0
17.00014213873181 3.152130397175732 0
21.59505183701235 8.884971333984513 0
29.89293708306855 2.034635688234392 0
10.80792350375276 2.979726941190345 0
9.799150276641425 9.707015563057144 0
16.52994184944446 0.2662492405571082 0
2.627921681527063 6.314899658683482 0
21.48954259804835 5.128722473950823 0
2.06770153775912 6.745291706017711 0
7.608750776916473 8.089328419221976 0
5.792150741079479 7.850033750461387 0
39.68286782449384 2.160178435051686 0
17.32538442069559 9.159995764062389 0
31.4721877820274 1.500283153579282 0
29.1205227960995 6.259321273967794 0
33.56629578175438 5.483653761531539 0
22.49301580785232 7.709104251534502 0
21.53155403714101 8.48624686480046 0
17.96622450062326 8.49970334561376 0
21.00614698072176 9.721779218633916 0
31.43509500876878 7.705000014221919 0
36.06465696246502 7.135652547699893 0
1.539416452897395 6.878225407144651 0
25.04655684329233 9.183989809444398 0
6.77552557119951 1.124750274400238 0
18.886884710142 4.398825558599105 0
18.61498696617405 4.734427666461681 0
17.08383024573423 4.358020282698907 0
17.50248592196159 4.525013691504152 0
34.16022647993657 5.799199946278977 0
7.653980036328178 8.768486774713448 0
19.45923907653147 8.037828240969581 0
0.932547960605516 9.223373322530321 0
34.70532687006093 1.280895618222252 0
4.334166176480347 4.413264822970984 0
33.30422136478892 8.759730329552596 0
11.32434499020097 0.2929929499025752 0
10.42570204840695 9.366599657940721 0
33.92726221530515 2.493617782714644 0
17.64367619876566 3.965188888063519 0
13.50431720123298 8.65601298267423 0
2.896444844254294 4.719291372342525 0
20.93787018247236 0.8703353895970083 0
8.652172933323165 0.2923061887807978 0
25.34920101976354 0.8660246770373177 0
33.5399291252268 1.96985439903213 0
20.8310413004293 7.627455650400237 0
13.37018439007129 7.505001315423984 0
26.29150913319077 8.486505574426655 0
20.28057236962943 0.8955845289905824 0
23.79511845528998 7.062503936501302 0
30.19180620768628 0.3004713848224573 0
3.229591447504707 3.474533058498805 0
29.39535927840922 9.712329920257773 0
9.527700047986343 9.085443937176684 0
27.14487130865921 2.294922521767126 0
18.09626601722692 4.292851235268277 0
11.0259387304104 7.004180222220626 0
9.179413751893863 2.180450122293044 0
36.84654979190512 5.491359192220921 0
13.71110265067846 4.867150744798367 0
20.57395937674853 7.093794137239038 0
25.36105308598344 0.3185855248126226 0
26.32123314197405 1.653575164170766 0
18.4976215532473 7.388065921057159 0
22.62083598524187 9.072537912744625 0
8.611003514030974 1.974496754708277 0
0.8552028622333251 4.346968894331968 0
29.24536085605202 7.758863623047342 0
29.59075410867079 2.801802121498711 0
19.48372364036746 7.636475228075567 0
22.97478657463351 6.577276126442866 0
9.861675925909871 9.088297502815458 0
24.2241124395831 0.7137659396001573 0
19.3286523930909 0.3074267366008375 0
24.30745265973007 3.502693583441466 0
4.50852678221672 7.417650095820894 0
32.01909569689423 3.029799492161275 0
10.31204596971055 5.375821494879151 0
2.587604690249709 4.967698214820872 0
16.81261731217392 3.807932468823818 0
38.51375646073032 0.2959987744481885 0
32.7563799544229 5.535702223114011 0
31.3612571862532 6.196777453895879 0
39.72460703919683 6.201187878318819 0
35.08519726413729 7.574454489821109 0
4.277329652284399 6.370415927920929 0
36.74842104377099 3.824933199471879 0
18.25086979927879 3.101699471485007 0
30.50344287516161 5.64263529084019 0
13.17358180171841 5.194742871721147 0
26.92007686192835 8.311140467745902 0
9.153932115467352 7.12736736601633 0
16.45026414082739 8.555394524069605 0
28.07152122541017 4.384770657739436 0
9.792429298583585 4.749926884695316 0
25.75409659296331 2.170075042415849 0
35.22781552997933 2.809683592275277 0
6.125892420186122 2.270112187134978 0
23.02804867936432 3.058075983153284 0
18.10596707003596 6.892018073544976 0
39.04622992102398 0.7546159029253432 0
16.91225906058029 4.919958087591604 0
13.50937945453335 5.882172105014316 0
9.896760154851435 5.805373209181765 0
22.66231239737575 1.332734506538024 0
35.82128425534622 4.501115943249895 0
13.79999999996434 0.2718753846066955 0
18.73303704763213 9.267845296205186 0
32.53495272162307 4.544855450572523 0
34.1929746757931 0.9806054220390753 0
10.13903734833222 3.424383925049647 0
18.13610489243266 3.679610824701101 0
32.92552385220363 0.9005480438053264 0
35.04693085442731 9.242594772003628 0
4.833195627688379 3.580345938699996 0
15.39652742072844 7.731527728236456 0
15.02825300733326 0.9323572404780922 0
27.90287173778404 6.609293014070126 0
35.2392308570407 1.625615562610784 0
31.92438272039869 7.342214848660269 0
17.65623880761243 6.065642653341194 0
18.96087441479639 3.340705719986516 0
13.38640752595156 9.700482109942168 0
20.27276792410329 4.895434096211067 0
15.27938698983098 6.222965171073406 0
0.7117333076980145 7.644566454437633 0
32.88877164793639 7.310621314147514 0
26.63158452804072 1.432896183604931 0
36.67870852266417 7.229713977470404 0
13.18408640184084 8.140702580411132 0
20.92953914447467 8.597803917028404 0
16.03717964453359 4.164952268745078 0
15.91188742756803 4.610978046421708 0
2.404787390428678 8.11871781170043 0
7.290520518069329 2.598219071036362 0
2.360645381431533 1.409211624453812 0
18.23830646890488 6.182937743182386 0
35.79977839673663 0.7671133020426129 0
19.53416649282639 1.241595610827954 0
20.31773007518984 5.551747166077206 0
10.59762465360499 8.520643144656873 0
37.88477539045319 1.808835176123009 0
35.55396263990306 9.186685671112684 0
18.24687588849621 5.84739972602951 0
32.23809477385229 9.706726536663938 0
32.00386360767559 1.44216981295796 0
21.7260904354262 2.18503169707293 0
29.25710421626221 2.325649671043143 0
4.220134347000219 1.797324752930639 0
29.56189951141623 1.795148572829277 0
29.06298560463151 9.263010886393698 0
26.26018028494814 4.41400013382559 0
27.43788210491401 4.148570296646273 0
30.08116281475937 3.999056280013003 0
39.24406746567513 2.644471479518979 0
33.80000000000008 9.732028075965918 0
39.25178018007989 5.777591547281579 0
20.06902048787743 7.954830360403302 0
16.35846528035095 4.769133579169177 0
17.90296948901948 5.326167451751417 0
27.40360865966579 9.71435283691785 0
14.21269857135873 6.838884841006202 0
25.65244860341153 1.314853272528478 0
19.76489908102059 8.191002169326616 0
3.388285987165186 7.503816075339355 0
22.94855038555956 9.134924873850549 0
14.41971017273484 8.188883923028026 0
18.09104449807518 7.83226298062705 0
17.30131360392327 5.551754747793314 0
33.61862038038686 4.379661982802415 0
9.777617131135093 3.228247470306321 0
15.11177123953843 9.682665631892707 0
5.459153638854922 9.700302115322735 0
4.439660433149301 5.59393975515878 0
35.64200452181355 4.186263519518086 0
0.3226583932912815 5.841821189223793 0
32.18685292261056 5.277967106229829 0
14.07865784830679 8.004808999880447 0
35.53612924605997 6.066033362896063 0
20.98511384572072 4.727030852562979 0
18.27303658905241 5.197583648166202 0
39.21129558613004 6.41000326523374 0
29.39997988731307 6.820048725049767 0
31.5756551963497 5.723906624562686 0
1.34186696423256 8.672099470141248 0
33.20982103649686 2.869024195662139 0
13.48416337765432 1.312454723969372 0
23.01514983058351 5.460848036726468 0
14.80843141622737 8.596641958308986 0
39.67949949155879 5.202302994090201 0
13.19459115730603 2.89765589961491 0
32.48574005052487 8.825586348854541 0
4.105252220009316 6.955150537726739 0
18.15980741425851 7.500235750028234 0
13.31068093485003 7.154399124330091 0
36.1144332999047 9.689319652457222 0
28.38429757155771 6.596149289893872 0
39.65174808031529 2.617113013726881 0
16.33559753295616 6.214806900760971 0
31.26095780135863 9.685546391233952 0
27.2158324200405 1.405979864559394 0
3.271094329693045 8.276419494498125 0
12.4143403045006 1.920241967225367 0
2.002153496832075 3.455243276129626 0
35.3999999999799 0.2626912969062516 0
9.766666671157051 1.927846707375755 0
25.90991162755419 9.682532705326466 0
16.06623250818281 6.7997524372563 0
12.60344245226157 5.568610218304814 0
12.00322622008393 4.789225310414687 0
2.957848927947904 3.668026744234821 0
33.97922095141533 9.191841046107587 0
7.591803236106764 0.8143573382853948 0
12.34106712221443 7.399699334165919 0
18.93555498667019 6.968709100766922 0
3.836356802462733 3.127275161868819 0
5.092451538545696 7.044284561659675 0
31.41301885355933 3.280509610219231 0
14.64807421805311 2.863908103787431 0
24.59999999991053 0.2609578901022414 0
6.646058167512985 1.717749147255401 0
27.27878880658964 4.902011632178455 0
16.98132496832538 2.512032198685567 0
2.13328757641078 1.695619329529419 0
21.75158050561043 5.685997087166037 0
33.39532500058156 5.220808028285818 0
35.40144101033434 9.732052503358036 0
38.67620570531663 4.946361120791764 0
27.80343424934987 4.634374479207953 0
3.23452277690765 4.198397799378293 0
31.38053881114289 1.080988471772224 0
36.22305894734765 3.980856297955926 0
5.53125749960853 5.999558209828463 0
29.03456702569675 0.744209208410881 0
23.78973158175886 0.293041207321849 0
29.43509049952199 0.3017690631441312 0
2.608526456517825 7.587969671749766 0
30.9649378689854 7.024659482639023 0
0.3251582507353692 9.22762120955626 0
36.9184590424982 0.7941999718799004 0
23.30127576490568 4.374512070919945 0
4.577716202291179 7.801702501248352 0
23.79349976034806 9.747524403870251 0
2.372751060359886 9.67567574603286 0
18.57373420521731 1.320508318993814 0
22.52722099450456 0.7512089522381706 0
11.56434490222334 0.8688588214676362 0
34.47236294111909 5.999172141975039 0
6.916274230592578 9.69650525387498 0
16.72160510314631 0.8215139129448785 0
12.53385202655019 2.600035594241007 0
18.01052775763803 1.351113158054619 0
16.70267991292047 5.309409536317751 0
34.03445435318571 5.024253851578244 0
25.37273292578815 7.135243500163902 0
35.84945144136949 1.967306894003574 0
17.14635856585266 1.153206698044447 0
1.396269516789058 9.740101118310587 0
26.59775396967997 3.93400364326187 0
17.80983308159908 2.66900562775861 0
37.39756905156481 8.235521089284642 0
1.426861326966939 6.504356521856818 0
32.16569500157706 9.184756564840729 0
9.310404901968491 9.329637975422283 0
17.54449472278687 7.341047072453444 0
2.272505433348403 9.172086013742998 0
27.25132113054035 0.3212982951563553 0
4.684330592173495 0.7409427531725744 0
6.208226192194503 9.720792674457313 0
6.801454609129543 4.322613471810953 0
21.26069838375496 4.586852115082094 0
20.33214240391413 6.118272785171781 0
2.06549347503933 1.101305048259919 0
31.45719161707762 9.235113620758993 0
4.200176513599898 7.301620352497652 0
10.76271380366746 3.612548703948432 0
9.512404635780031 6.559639674137028 0
25.865195607952 6.363045015213366 0
11.84317539142019 3.502612164321712 0
10.8554022539984 7.93063113839826 0
6.846823278756515 5.753590028194711 0
17.31211053606442 6.18526798384505 0
2.68093031951894 8.54861282902332 0
29.27187104947173 1.963512666149163 0
6.251956143014547 1.400000000001386 0
2.839693740647047 2.97886822656911 0
37.49211406212522 0.693559660456356 0
23.94644227988354 1.256214672674361 0
19.17281114778768 8.549999521840968 0
17.91894784752725 6.337324852502888 0
13.5022540543787 2.41775171080716 0
17.43786164556012 1.719668301116201 0
19.0542594367854 7.565571906252227 0
6.911458595091517 6.067597120639254 0
15.97519034095133 2.45929879454027 0
12.13712563612918 9.260055308251347 0
5.166666666666669 2.21849049242415 0
14.07837409679187 8.684969561433503 0
35.3885940096299 5.547368327556747 0
19.93388307146045 5.988342222318734 0
14.37266929267264 5.58990840345538 0
8.131103675851186 3.197319938906221 0
3.290731177327755 2.683580945228091 0
23.7543365711612 3.876463338888118 0
32.02047687091245 0.32981816802125 0
35.58778276502595 2.846031721107302 0
0.9937878389290603 5.080894712345169 0
4.555074904107709 9.69365105053639 0
22.11322015853176 5.13535262611755 0
19.00529475901119 9.732931331112447 0
9.886491727191 2.275088651837117 0
3.984597550563469 4.478220946396602 0
13.46618014945926 6.184000530129972 0
39.3033214021691 1.051232571689139 0
2.165810188041128 8.226419290302443 0
34.7511501211917 3.969087913192092 0
8.066322706796498 2.117665480747296 0
22.51826912470052 8.734215603859212 0
24.75573234018793 1.777350259961221 0
19.91505678324814 0.3113030591263177 0
21.14470943993498 1.437663981696652 0
31.82008417162561 9.732366671003716 0
8.915870825624607 2.724402519345783 0
29.13631607077862 5.61170538434602 0
28.40547218687112 1.737915110608889 0
28.97889426736035 6.655387837504003 0
29.28270893856023 1.274271423046434 0
36.26532398076797 7.412590643737403 0
20.74223301856923 9.275677929191517 0
5.348822825841779 5.432593398190178 0
5.133807308807002 7.622969799642278 0
15.70789637403422 7.699276407659864 0
26.78253705616923 4.49148944955666 0
36.09567648938459 3.181856375521222 0
28.65192744381626 8.73837519191396 0
31.36527197079203 3.624790305873635 0
37.90085526737021 4.140845477272051 0
21.20900204597774 5.241816646134074 0
12.87177686192253 1.560619870487233 0
34.15918917304383 3.928892100089222 0
27.44198258853236 6.776865341491778 0
12.74932375768838 7.461244254884352 0
6.630210916641232 2.595164175395329 0
19.87627969407144 2.75583748349479 0
27.28856586732596 9.282309559754776 0
3.688025081260753 0.2614893942041502 0
36.55403437210525 9.209828394094879 0
10.25087236159681 2.766883644757079 0
19.53133664869111 3.214266521406487 0
32.51357577618696 2.960770564564468 0
0.6489345391722225 8.070283547507483 0
21.77153942854842 1.092631077659061 0
14.96915500677195 5.696908760164471 0
1.999348296849476 6.376882798315641 0
1.520995867815739 0.7771476399461381 0
25.74878381472451 9.19605165748499 0
39.24979744604251 5.357273435158166 0
36.20881685708758 4.521880479892318 0
16.43235073937684 6.785260677352234 0
34.04779629751318 8.15437222644756 0
7.858161837530904 9.718425651266896 0
35.27233420191835 2.207532218766836 0
12.02181611752853 2.645954539099704 0
0.6412443590837997 9.714888380576632 0
26.71021594060801 4.879179909748773 0
31.86029600773126 8.614540150039179 0
15.00306156006574 8.053762977294809 0
9.696735684496758 0.8172331431557722 0
26.00137001823995 7.166388868268919 0
27.50186408431733 8.204926836568657 0
38.72366979850931 2.372977403992593 0
25.99675486788544 8.520236152560845 0
30.78337864439302 6.183385521319963 0
9.708977747799693 3.825961925740331 0
8.675518188793738 0.8417633379781476 0
14.02861303062161 1.542195876419521 0
29.00628034247566 3.990086738834348 0
38.22961992048005 2.687336846700006 0
24.66351764572865 0.8133055720814026 0
14.95603383100396 1.908716188667465 0
24.35079790818451 4.476439370219569 0
30.90570815821792 4.366854229864068 0
15.57575051235399 9.243373023421736 0
30.6602256505993 3.775316392446846 0
14.17537833652269 1.217967194115398 0
36.87179157700459 7.742507432719551 0
9.596120334663411 7.419976055279816 0
32.63640420169841 1.548134478866715 0
20.86391487988235 5.911917860801635 0
24.30450145635773 3.89345696785904 0
35.10068765375878 8.183397786226028 0
1.896269092074746 4.43559430853086 0
7.904521853103115 4.520094744741534 0
18.57685646971157 5.715047846228974 0
34.99454296168578 4.586708522294375 0
30.62940900179364 0.7334338510595558 0
38.35880434882361 5.542465174385479 0
12.6556567862111 9.117716264439377 0
25.68264146941865 4.474486667402758 0
22.94416941099079 6.15283622654249 0
24.04880961111866 6.644922616321907 0
16.99517459649066 8.129310017508445 0
12.24567287437332 4.553007478844674 0
16.59642649232049 7.593728980051162 0
6.283776493525915 4.107053101844967 0
31.15514609783543 4.170040788321285 0
20.24115182832735 0.3108997302503188 0
7.03884463867225 2.176457389002369 0
27.83285601249281 6.204939563853945 0
23.3703076648141 6.559447674911633 0
23.60656736231335 2.820527205678459 0
26.86204459066839 5.444905781594652 0
0.2798736323143049 4.547162621927961 0
6.300893478518664 0.3008934785192985 0
27.83095875889778 3.078924142766517 0
24.57162412733079 6.296724900103643 0
7.395518962586273 0.2590603726675197 0
2.397521872717526 5.265856182192302 0
2.501783499614058 0.2535663220982682 0
1.204873620090104 5.910658695709675 0
4.18597904253624 8.994617666349257 0
3.529724950647132 5.387927165549815 0
17.81406795093875 0.715779663387983 0
15.48762127666747 2.046465367767766 0
1.725060320841273 9.334337954294417 0
3.041740659664546 8.624183654690402 0
13.98816240323555 2.143796779917101 0
19.92388814911385 7.182505931898195 0
15.66556945414492 3.736120535822328 0
7.830655939954095 3.895687035217474 0
14.27330606921076 4.069880386541366 0
36.3385773992342 1.513774678333022 0
0.2628389605803134 1.37530057619565 0
7.264099483819465 8.194648126376965 0
10.10543432818027 7.183574212452754 0
21.18361612093685 1.041547036341924 0
25.83239024754871 0.7302468081030585 0
26.82332145632121 6.041654378507342 0
17.28894922161771 3.466111202912352 0
23.97712585672584 4.836942812097716 0
31.85139842958164 6.653705342758967 0
38.12093199581247 3.637273237356332 0
4.671748089112642 8.560596140097513 0
3.823574432184471 5.36671996477582 0
23.15501036346299 0.6295318438585774 0
6.152106873050141 9.14788146398978 0
7.832314516688136 2.950206523075486 0
38.08493419254886 2.389324722892927 0
33.61660909985976 3.846014630373895 0
9.018998539312287 1.618606107525874 0
33.54608780067509 8.126978592230049 0
29.15172169908148 2.904041813489934 0
34.09918309874092 3.328173650827202 0
21.5016025675537 7.814288814534278 0
16.99960836370044 9.023638701206799 0
20.8428233388891 8.284387782922968 0
11.43991373908673 4.391818516788303 0
7.221652833407397 0.8111430541229798 0
4.899895624847557 4.452795847007332 0
19.26300292455688 1.944322864914461 0
39.74550809245915 0.6285289133547087 0
37.16662944882589 2.120587478507572 0
13.56918266083129 3.737439985665194 0
37.8878955999102 6.881091416446925 0
8.240892789497439 3.699987648557114 0
5.572123477435387 7.322379979246991 0
25.42225238196322 8.403505789365855 0
13.95052259334189 6.476228900169144 0
33.38585551127601 9.32444998224358 0
3.772865739001657 2.733304320259538 0
24.23266635498573 7.25402576658762 0
30.57876371327389 9.744178808953425 0
5.740562898528619 8.584088387122506 0
13.99534030965044 0.6751077960765556 0
19.05636646046863 2.215632533569131 0
1.339596628239613 0.2451366066937829 0
30.98166308550604 8.661641583092951 0
15.40166062605299 2.416675077695536 0
9.905044780689472 1.380905105192134 0
14.13248575794543 9.715283741832108 0
39.75790995260083 1.399999999998513 0
29.78249932377068 8.066633579588604 0
27.44868599708682 0.7389065002073079 0
35.2799352729049 4.133906358861463 0
39.73904580492902 8.629840542212177 0
28.16063676984319 1.971476157450462 0
24.23135789931017 8.587442566537264 0
39.20539235642271 1.496384637879228 0
20.77152454960035 6.471234868313498 0
30.94871324877456 2.770902781205087 0
38.08242896606443 1.476466125157917 0
31.83187478497624 2.372395034858978 0
24.98109143219228 2.727862275505204 0
9.385809154836274 4.046496055729062 0
9.938787744577466 6.896998569314565 0
17.86501179619032 8.774964932926062 0
8.514882385373511 7.500791559318408 0
19.46036427260964 0.8370078158561458 0
28.90476640876206 8.206420648346484 0
9.134161614963453 3.259214716203731 0
38.13440376407194 7.605477510190205 0
28.26617845110724 2.27579001367834 0
32.2226959992549 0.733897549008015 0
38.65895999316641 9.736676860144797 0
16.50156300545474 8.889590474746344 0
38.03582971518341 7.986794315756399 0
27.02913882978109 2.917299629597553 0
13.15457719713911 9.385411925176193 0
0.8052473579218621 1.166134795255954 0
0.2853050179134694 0.2894205053902505 0
30.89592287976105 5.58115026491676 0
7.558162326069945 2.434473056330215 0
38.50907023813287 3.304112528913599 0
32.13145547288487 4.895330550029728 0
1.534774344365351 8.383822573716738 0
5.833333333333333 2.204218129895664 0
5.216225086701018 3.658293554151209 0
12.99320010062554 0.2542724252093822 0
8.028159783172535 1.635271816948916 0
25.80968604176741 7.47302294320999 0
33.2873128010789 1.745805524572745 0
8.698421371559576 4.781253521520887 0
18.38322856390857 8.379594164568717 0
34.94508833749184 6.369708667757701 0
30.39427572693859 2.995706893397595 0
29.090311269831 0.2914459305805634 0
38.23587752165211 2.06038201886324 0
26.58044643900409 8.975263080635109 0
30.01200633514138 0.6164883194145307 0
23.28426441741272 5.694541117433637 0
1.70581341347729 2.808074160165497 0
0.2527701763434535 2.59733529806629 0
4.005602182128296 7.532316162666391 0
24.00034873961432 9.172971784053404 0
1.341294585669821 2.356934255657092 0
10.58388187331452 0.3023687866030423 0
19.86305736220837 1.817319668507906 0
9.899907187665445 8.515152738192118 0
11.66669556372048 1.484362281089598 0
0.7690376188177011 1.552165029588158 0
11.91319651915352 0.2992349490825608 0
17.72100517464544 9.713746115475489 0
12.47273725550048 6.07866286799592 0
23.21801483825953 1.391375198381826 0
7.248422574927168 3.620155820833382 0
28.19297141480321 0.2708129687105321 0
30.12242970268553 2.525604528798894 0
30.07684743235713 6.550427392469879 0
36.92575887342345 3.282196826558026 0
10.04221550912657 8.805247269147511 0
28.80051754246372 7.126043042164524 0
25.34024923689798 9.737976940915832 0
7.334086981755633 8.790261585895724 0
26.57695547492753 1.037803218043298 0
11.71647926784665 6.758611012196777 0
2.064565230706186 7.287129973194886 0
23.72377538232467 8.120445673472581 0
5.106903055121 3.13369873007925 0
23.62512837508691 1.734626263046793 0
15.63775717040371 1.081515880507825 0
15.93990802842145 8.172204901255187 0
28.59999999999995 9.763720495912546 0
8.971931183284397 1.234158076093438 0
22.48193724484699 6.970598524990917 0
13.54461151540293 7.980476994696284 0
26.85495501521005 4.110466066808899 0
27.04677235788475 5.811455815078887 0
1.382880517697186 2.731131669657932 0
16.61233116129929 7.085074895288643 0
28.38199158859947 8.504251065708711 0
18.42974428781715 6.677988932714679 0
29.39941530371786 8.542981288575614 0
31.41786177473224 4.644595074165963 0
37.11088711980227 0.2910476265848033 0
10.80373608101323 1.824422001266087 0
4.828580116930929 4.696924735249801 0
36.98675552278145 4.891303271783119 0
8.693203935516097 8.027466072137672 0
16.7386034023884 5.706532557701488 0
11.03198368527824 3.277788684281589 0
34.23524657320363 6.485522917651949 0
27.82834411192977 0.2476238128432957 0
27.17027725287762 3.944305652302919 0
25.92763818595271 3.129846343538659 0
2.004097832485802 4.94324933783766 0
26.0742517352432 5.79408903182703 0
33.89712680771198 2.816847559494234 0
19.76430727975308 3.383595197635277 0
12.62898070029526 8.002282062775256 0
20.60193366825856 8.797374313365339 0
3.079943345656549 7.349478417743088 0
39.75613892564638 7.400777777381823 0
13.13062564355802 5.715013503590766 0
3.411254995608305 2.118187642441734 0
31.05405507060687 3.139195168300313 0
11.84757190691737 8.308118440256358 0
30.3425843064625 4.522914143211646 0
30.50808794937225 8.656474329305558 0
9.407728209737837 8.794074678951418 0
15.3201854417439 5.862112740830676 0
1.776844430898746 2.155436414809436 0
38.65940609168991 7.215076086180464 0
35.07536155843886 7.29126419601328 0
8.175388838602986 0.6510609042284651 0
8.902699895411097 4.400883647681907 0
11.50896468854446 7.880707829756716 0
1.062691892980896 3.341886080988127 0
6.654862316753546 6.657235233929979 0
39.714183304271 9.714183304270792 0
19.21966233885434 4.87325980664536 0
1.166161626844242 0.7666865465739711 0
7.324685679955658 1.364746625895724 0
32.99947959542406 0.225821113439802 0
10.50955990378209 3.063489442448579 0
6.376103210552774 5.509345758887395 0
38.3367378528087 6.939132843205399 0
23.59616379882803 9.252049573980223 0
28.78619730723999 5.256241569291581 0
25.36184375313294 1.831956530494415 0
9.517002367864709 1.416501613589229 0
23.83157243772673 8.698585786360004 0
30.47631892901734 6.643358976803497 0
11.02917695653688 6.656647529161389 0
36.77134312956458 2.459267666088555 0
7.753219322188993 9.172099135629397 0
35.54527626551499 8.517476150367006 0
39.38036831099954 2.06771926583153 0
36.60041714384267 6.895455439421643 0
14.97175463322662 4.778882014202201 0
13.92436701478916 2.758601436106361 0
0.2919953840010409 6.657660793113137 0
36.53141024468449 8.276791808820775 0
36.03547681066929 9.390268759699845 0
32.47098152497907 8.173113622634105 0
32.80168377638456 9.240657484492054 0
28.53543702731463 4.7794500311836 0
0.7850687671768322 8.921445892285631 0
17.37727715464892 0.7958840556590689 0
16.21166114432049 5.676345688929838 0
8.340344972349859 2.568856374423836 0
2.826735388715106 6.041972395178085 0
38.83186241405421 5.813479951092984 0
7.544167392850834 3.125341011324054 0
13.22379572064544 3.292714877717543 0
9.721392867968675 5.088495403058301 0
15.82783698014822 9.729432223756362 0
4.166210368231116 2.321618587842723 0
24.48228463442193 1.855425396294881 0
9.139096301372986 6.179345293969319 0
38.47108570796361 6.683291657890039 0
37.61493848278184 9.695411016853114 0
6.310293620720266 0.6381767913310932 0
6.599999999998679 0.2297205013425319 0
27.38012547053615 1.668844043275667 0
18.97084353179168 9.118303249045956 0
6.062261377816652 7.421908056228032 0
9.363842847438226 2.4389721519828 0
0.2925021184043076 7.064459531107098 0
24.95144569013454 7.966657145322499 0
32.73965686060655 8.452541291677784 0
26.01972019044318 9.092137459886692 0
28.75463843439168 1.258472115774058 0
18.91825418125191 0.7620630941465238 0
28.98854150641226 7.583552439407948 0
33.56063162271618 7.283352309364801 0
6.400026708151696 9.355730925017408 0
14.89215910350983 2.730122254146194 0
1.210365634098614 9.213852687692039 0
23.76025444093098 5.349853168690548 0
26.29101627732223 4.109873591030879 0
19.86018954679964 1.190114874783888 0
23.62511925959511 0.6218386179201675 0
29.62850319259956 0.6160997030566407 0
12.09073297012373 5.058314605026292 0
26.30547860270082 7.224957207609984 0
20.63640222100036 2.922546625741308 0
9.367311842713276 5.999296953208002 0
19.78580590932185 8.912804940530197 0
7.490697760168456 4.887256597786158 0
36.29185699177899 2.888715466732859 0
25.79630074739042 3.511638660946208 0
12.5716778951402 4.781651121617255 0
23.94205827103149 1.922529591189323 0
37.21192927921508 7.285168576770413 0
39.19874594520386 8.823058973668248 0
10.97887956982827 7.385175149946964 0
37.51760284010312 9.292819011088651 0
32.98282019974574 6.535748148284281 0
35.58954231069524 7.667302450527611 0
18.25510397036237 0.7508266421391071 0
20.75708649687463 2.053197804561541 0
39.23488901913885 8.461580547506683 0
22.38707964755278 9.285807290287757 0
20.17315116786397 2.026498283566515 0
39.75072219963753 2.969832117074639 0
2.28750302586135 2.661576580562696 0
25.62282111426798 0.9748960811874099 0
35.79936369519006 5.4231205955154 0
8.22514664914125 7.875729792969176 0
11.43312143105701 3.008759649961094 0
23.41379522510082 8.316583089077778 0
25.81046447169199 8.142233951051885 0
16.50104999610411 2.864935281918837 0
10.70390332379742 9.065705234275049 0
38.95931598063609 6.893833880641081 0
6.332301503156433 8.237521674427768 0
39.70009743636948 4.388906277870054 0
3.226668230444341 6.683966009571652 0
27.87266744668733 9.395391190369759 0
8.240681920105622 5.680895109916348 0
1.775778719488109 1.503733883707412 0
14.36351281336892 9.306599902805889 0
26.60659433759576 3.616059899012568 0
35.10385668144463 3.192398889729131 0
1.26147355118366 5.593131178088029 0
0.2411217075714388 0.6015959090178596 0
10.45777462701631 7.087692367783562 0
23.24169268574222 6.029873563853455 0
3.700859127069278 1.600041805349786 0
0.2243148676105088 3.8 0
33.16776926852575 3.531252130929001 0
0.5884723542611815 0.247643900074028 0
25.23504398163288 0.605528292237803 0
5.716470757137448 2.625157443029035 0
3.768424469078477 3.544048034175267 0
12.84411414035731 8.841771227356167 0
8.16544748730449 5.928724419580894 0
6.660812270231981 8.367144640677797 0
38.28278265862969 0.977301149800396 0
26.53231089101036 7.946730902228637 0
4.813803966584037 1.799999999999474 0
30.18937853920373 9.364811944048737 0
29.52330503971945 2.458808201737238 0
28.72651167999885 1.936094576405112 0
2.548529552325924 9.093236851027541 0
27.78146335638427 1.583249405710556 0
35.65720289061505 3.621492970540922 0
28.59595040381218 2.823947637352787 0
30.03567767747276 3.441422459449418 0
23.12243541665456 1.004767103479293 0
36.26159489790133 6.845654329736099 0
19.83506174800992 0.6884412464765924 0
38.65141297410147 6.115218485647741 0
27.81039981692801 8.307936803467063 0
10.87533431139177 9.707491567009107 0
36.15955023201261 0.2454914865681727 0
31.04458407643227 6.66896252036468 0
32.66669164558051 1.857414410117341 0
28.99114594710032 4.270170746778374 0
14.85562921907549 6.155452235954077 0
17.48236632203148 0.2709067697387328 0
24.18263223295626 5.826059974244638 0
26.31153753530001 4.966572087171862 0
27.37387717690692 2.812544737858068 0
35.02615882649713 6.076524978412207 0
20.33667942231338 9.707314083030029 0
10.99629648943082 4.717523583133501 0
0.6894755706166629 5.784907421087407 0
31.65193695488647 4.100911612236855 0
25.5261281965216 5.617830702093335 0
36.69981604395132 3.021006633255101 0
27.60941427749085 1.136287388753372 0
12.81260368334414 6.637156028098634 0
39.7802542957562 3.821994967980225 0
15.01859485168399 2.471040410886889 0
33.45525362777715 4.94494723993602 0
21.28843294338233 0.2918448840807872 0
2.657191736240664 3.508656973911848 0
35.9655354684528 8.138191941023038 0
33.89118789683049 6.324269715051331 0
35.25700561441389 8.715077301954409 0
33.79966752732229 0.2448421220553058 0
12.23173414074802 6.56893122049863 0
9.098830700848074 8.761214115177365 0
7.224449356733984 7.110845358720201 0
17.50446413715509 6.650915480704646 0
12.91550758314504 3.6917558602447 0
7.028699086815937 4.20437443537639 0
34.41296374813366 2.338739931913933 0
4.236571797700401 4.960031091423069 0
37.16896704449426 9.344981261084103 0
33.53194600263974 6.483939928572328 0
38.71502212305376 2.98655287749636 0
34.4006093813794 7.393942995620214 0
32.08991115312539 7.72225309504965 0
25.28697222641697 6.115732615283532 0
39.75985179714605 9.401480049272465 0
39.39890941166254 9.765845794236201 0
35.22330686346186 0.7048682962259569 0
35.30052725626462 6.594930455718913 0
2.278207449122035 6.176216835306438 0
9.249385690033266 3.532797156441088 0
3.200364272283195 9.264397279959205 0
14.84855618521569 3.374477485453309 0
0.8555815986894033 2.645620105295687 0
10.09145666229343 4.253059597642791 0
3.394541860994728 6.918360262198751 0
10.85382588004504 2.657060569165534 0
30.44463992405037 3.371647285249523 0
6.40259559260859 3.518445562319811 0
25.96727618740392 3.871882497654132 0
15.91461803112537 5.763398717715646 0
26.82301858493582 2.583308888076205 0
16.96743928008433 1.708016602114551 0
25.38034748256424 2.463674123989461 0
12.29205569788399 8.726648043024218 0
2.970955481128858 3.959981442816431 0
27.30498339413615 7.435235429878922 0
29.36253037145422 7.159412162608288 0
5.849909110736657 4.176097604900397 0
22.39947588684869 6.187859533035919 0
34.5460639253188 6.303280958662474 0
2.930021921809097 1.036403322296908 0
34.07971794153539 7.796936556924419 0
24.3675183645909 2.730129435768098 0
22.89580593038479 8.577097509388452 0
10.34456407321916 1.142175582360352 0
3.012501342948134 9.759923001710883 0
7.305991024645287 9.71117610733064 0
17.81451670622524 7.913056245394192 0
29.42792324234235 6.267753566714879 0
21.18877025849622 2.397498466628622 0
4.64963524099095 6.945717130564215 0
23.05189221338192 3.857982977928648 0
15.56497711666368 7.167141645764122 0
15.38629437459278 0.2284822275848736 0
9.228030244525531 4.898155449791677 0
30.76398048533731 6.507423460867038 0
36.91148728829189 2.709774437736769 0
9.839674516803434 8.016043434916922 0
4.891485906491914 9.723797112159614 0
18.29559350260242 1.790847707269981 0
21.99941751846853 9.292645229427434 0
32.12790189630324 4.252385907580264 0
24.806586748404 1.492974611881274 0
6.203603190938642 8.669399771317364 0
12.94421268786792 6.088218069286019 0
31.06458719071307 4.674751600587788 0
27.69819036981885 3.661497986829253 0
10.98188341875351 2.19090556017889 0
10.45118261293987 3.373547368308324 0
15.80501465609457 5.024064347658338 0
33.04526936841161 8.258299488151771 0
10.20828015398031 5.689297774113497 0
27.97059420090703 4.126695330602087 0
1.080341568835616 7.726720672048803 0
16.93898459168644 7.553795279453099 0
33.90604368771392 6.910970640518565 0
25.00000000000001 9.783514127678782 0
16.61726045313004 3.533237482274572 0
33.20793229153982 1.153782009210845 0
14.78656704700438 8.852662488442959 0
34.31524082821078 5.459005461796697 0
2.69922121410236 1.50575978351799 0
3.5776014281237 7.2276354940476 0
11.06060931144078 3.831678273059668 0
31.74708666138429 9.323588613056378 0
12.26808302870097 3.551684318670979 0
14.46050393584887 7.585412533820658 0
9.04473695750135 8.424306361784311 0
7.368384314813251 5.87335769555781 0
7.939837209264876 7.10023760853821 0
32.68649883991309 0.6061492420137298 0
18.13300982164078 2.07028942295245 0
3.895416957311395 1.865967595810592 0
11.03371903174184 5.275121775172316 0
33.00000000000023 9.785071108487298 0
39.31493331250636 4.2002078114311 0
5.294081676320552 2.482476398069899 0
23.34346634505645 4.014525094065576 0
9.43413877911056 7.197595259958707 0
33.25008947294154 0.656030352574782 0
10.49352603380023 3.944757460166047 0
5.171062087124319 8.700633504962397 0
23.07307677876091 8.887704102596921 0
7.685405503195013 5.844622867070734 0
22.81296991534246 8.196696135085588 0
1.457936425974558 3.677633508178483 0
4.733623520093316 0.2421671875325432 0
20.82222157828203 0.602269855608895 0
4.508049111945509 3.147498741278372 0
38.97135804082179 8.333381942948145 0
13.68506440404585 6.997169035355996 0
32.46300790580836 3.46012917967834 0
18.16081881298679 0.2404577442863589 0
39.39723114185906 0.2479360843767767 0
6.228368635751092 5.18436721004067 0
29.77189061788303 6.817619155775022 0
11.73951599861817 1.178983068622838 0
37.54526145734216 1.669911899315333 0
1.125120669995262 8.072167370290316 0
16.1119732559363 8.473257218112456 0
12.20551141368492 0.2177309427592878 0
22.54732882617722 8.07058922714576 0
13.6392818542161 7.593391096873478 0
20.62612928585594 7.824262179361618 0
31.08475447684199 8.122373990540897 0
7.298957439643745 4.63414719802657 0
20.46013276142572 1.134036740124361 0
18.69075918625545 3.559329014109276 0
28.80435797678217 9.272633240385641 0
22.51543683479465 3.810759841283574 0
28.1292195061578 6.056498694668953 0
6.074449003038039 6.172729549695644 0
23.04039939222952 1.885513033045993 0
38.54666859646338 9.23596111722404 0
38.84712423392979 9.255388219991561 0
19.25627750701664 1.384500715410296 0
36.14216865933795 3.707216523856391 0
31.46736743961024 8.351854914933899 0
32.77951996973145 4.332398755205882 0
32.24852544097229 3.969932821651425 0
18.49471451900174 6.374439852009733 0
3.442668419774417 0.6464084118684914 0
2.05401486514725 7.563645397559204 0
39.16025766502389 7.44773029609466 0
17.2630543963781 6.487241617702605 0
37.80000000001121 0.2120956339853292 0
17.82825799401337 3.667348391677397 0
27.72264371752861 3.984320235299073 0
10.02509612907915 6.313124091104034 0
7.083208900753319 2.421311750919909 0
11.82996822706651 9.766586099333621 0
37.01484299144663 1.791262744562498 0
10.63527709476797 7.43239134438749 0
3.319633602764291 1.815752171527573 0
17.68016869584752 9.331351959880472 0
31.95931477257896 8.041751024220192 0
19.91050735664382 3.970079524746086 0
32.59682489016562 3.986716244448629 0
31.66874457379248 5.11164873979954 0
31.87842134237255 5.357892960332974 0
15.89308198016472 8.72311097768595 0
11.42995918105861 5.163679997372478 0
22.19809680842076 9.781731862894585 0
6.026380064169814 3.740306184883851 0
4.340037862162568 0.259611098490555 0
10.03631284209408 9.378364481315391 0
5.238207284112348 6.338001748125436 0
3.955567283807136 9.277069109899644 0
37.74141768601605 8.686834293544969 0
18.3619438634462 3.434612884596087 0
12.80804936978985 0.5637334198363799 0
20.61848381031599 5.380321005769007 0
21.99916324708963 6.554622581778493 0
6.647405553686792 0.7770131548338334 0
11.40919691687722 6.339098800301095 0
34.61219254882653 0.2244476784195426 0
33.63445746827077 0.8089420957691913 0
10.43911340845283 6.69911869563045 0
2.500343743990892 4.290737204557055 0
20.43131651748895 3.531170648878819 0
2.687010720860315 8.2242243136717 0
37.03219509394086 5.217524910750554 0
12.78730858831203 9.402210032301607 0
32.08945551304187 1.71416070809522 0
12.55426118231632 8.249769005978422 0
28.53714666732776 5.692760996739752 0
2.51467917107598 0.8239629125445408 0
33.1567060265863 4.722681628274439 0
33.77282059812766 8.306780254186423 0
20.42671118300312 0.6154957842564464 0
37.70730498729213 6.351612610901729 0
23.08877961308957 9.374854323650849 0
14.51687242267397 3.486022477526149 0
10.91334995070951 6.23290181007481 0
12.69434705016564 6.914952731970592 0
37.77159632283412 7.467269567453169 0
35.78977750977339 5.091496633386711 0
38.4885994572554 8.218352516667705 0
10.01419770170159 3.686370167007847 0
16.24425491436655 0.2454404353555923 0
20.95762947463826 6.641743568760207 0
38.73071156734785 1.232343476125055 0
8.257129417604324 8.898475054094234 0
21.85839147470167 6.256817705995003 0
24.07128948857768 9.732636208975164 0
9.573773997540711 3.551588630673083 0
23.79546813725679 4.363094311218465 0
21.78513767514329 6.77723749350862 0
7.576239732218372 1.846038961555081 0
7.382724895615487 9.345037965798815 0
5.69464894537202 4.976371236133883 0
2.343666401582601 4.786440381416273 0
5.020903084829438 7.339925420989518 0
16.08706185997173 0.7198832440303194 0
19.16326509733193 2.796269513316051 0
11.98553899738997 2.331558826922412 0
37.21685313491815 6.093207376166045 0
26.49768151380605 8.660013200436426 0
34.6593127290551 5.069778136983437 0
2.45361050306665 3.914197982723244 0
19.1896064006711 3.906954266590843 0
32.55147185594047 7.421535856664954 0
34.72494086022476 0.7537479813058827 0
32.18754286903379 2.775982498737696 0
5.547379504184769 7.909044469300976 0
31.04937438134397 6.087412282743141 0
33.35750211158478 3.346963332294862 0
6.106029838789484 3.251920113208365 0
12.35482439938309 9.049770310302073 0
22.77810126145195 1.96623662180425 0
21.39883403408232 5.782967553777541 0
9.591347431003104 8.464613597348492 0
4.343494586559427 1.158962519540709 0
3.962672875768197 5.596095903137234 0
31.42502366246397 4.281780054070214 0
33.97694732356675 0.6681413895224674 0
7.934453825090277 5.196977798190224 0
7.819244838860502 2.611696299383827 0
11.78052314741359 3.183565604576052 0
33.85399936454291 1.867767101601769 0
25.87707813741747 5.008301394018001 0
7.269687991790506 6.117331832116433 0
35.68299436803396 1.109518630572271 0
8.685291341337688 2.955240448636826 0
6.029935978109237 7.709185151080278 0
3.677266048297201 8.642273164432819 0
34.6254732578561 7.88842617264874 0
10.13390164108834 4.770035196450538 0
16.0572663314212 6.262964344111187 0
17.71038959940844 4.247177580381178 0
10.41622218963428 0.6305209859954543 0
12.6947995167593 4.242533963211463 0
21.65831387691541 2.729910240398831 0
2.940475901786618 5.336087468091436 0
15.14443848864663 6.753109063416752 0
37.81856938806425 2.404883185578473 0
11.32624286654696 1.918282259199589 0
13.487356494001 5.129738548192378 0
20.31138926486283 8.864809274307715 0
22.48193199902637 5.228451132314857 0
30.38680375012824 8.424234187736664 0
33.69738397550891 8.630048406683121 0
8.085997035701542 2.426367231116518 0
11.77680302894336 8.783549090344625 0
30.48901500974746 1.234805108767404 0
8.663368067837215 6.006092537347157 0
32.54034680980538 6.884559379293129 0
12.91093278275202 7.176715737110524 0
29.04086211417894 7.273279279014197 0
6.498903038853761 7.796768695006935 0
36.17630215404489 5.426244990783377 0
6.583739204105519 1.978119740436091 0
36.5295239760127 4.001831034488937 0
25.39604336468683 3.034213917815473 0
30.05489537464866 8.890888457634274 0
29.93393187789366 8.587920245495804 0
34.57552697062814 4.197732984668925 0
13.70169633992201 3.151087572654338 0
1.065059515141578 6.367955735430872 0
20.26772588797327 7.488779021970354 0
0.2439924802286469 6.129241681327936 0
20.40001616327301 9.392250782787196 0
33.93159673775073 4.437393593760169 0
11.88349279559076 0.6609151083106678 0
12.07604072962305 3.015890694554348 0
19.15797264063554 4.533724079171105 0
33.93384083129589 6.044452461976781 0
16.08446939062736 1.46842772724546 0
13.96978587029385 1.008252772679296 0
17.08247690791447 4.067606580014582 0
15.30511467240456 8.025415964555137 0
14.05392071420261 5.200080235350709 0
30.88319064419397 1.237306146573674 0
35.28568941103637 9.052916183996265 0
6.90277839510741 8.542506542606192 0
22.23635314960256 0.2350519116204292 0
10.33017413230238 8.773144893836895 0
15.58276628267487 8.296836444670372 0
7.109506343074071 1.126142564915612 0
9.802342095843994 0.2141703442918734 0
16.06328423986537 9.401567862931298 0
38.20150458326845 5.742637105055814 0
19.75096386392864 6.658092890627277 0
11.17174503948188 5.763247495042418 0
8.999999999999982 9.798323040359131 0
29.13604479895811 8.058473911085128 0
4.863100231053544 2.330265378071288 0
26.38226332114748 3.530724701978643 0
25.31976952797848 1.475599567057126 0
17.26301012813468 2.583558129816823 0
12.60153655889011 2.892515114856437 0
12.09927443793478 8.244192666575719 0
1.315883163325125 1.328476897414938 0
16.96951572188621 6.56100808905952 0
18.3134185158918 4.922602002488452 0
22.65000964875834 2.599304245349523 0
25.6305591201368 1.932042635441846 0
24.810358323253 2.328642177797698 0
30.87091344870258 2.151437112593049 0
22.79239891221632 7.071223508620399 0
22.98378307455372 6.923582681899899 0
15.4486255792658 3.591406562217787 0
3.534775438481074 4.830040277111662 0
18.71954737515575 7.570636394746288 0
11.00786308085052 4.128571095550419 0
16.46859574444924 2.221193232714759 0
28.90554441664335 3.472784310881867 0
34.73992737451801 1.794207787142857 0
17.82618880597911 4.767254141928475 0
17.00351822762362 0.2209770454033287 0
30.52015480827156 1.766751347640091 0
16.24677287459987 3.89712837933274 0
26.57294970588962 5.481887367828889 0
32.29423260020936 2.138925695879288 0
32.45257775528773 2.393023109433421 0
15.69369350958162 4.016636237592579 0
10.03347224561167 1.099802509369339 0
15.54521762093404 4.515973415815767 0
22.74732258677445 2.896463429134665 0
21.53341356467401 2.424435120191125 0
24.51833339995152 7.587801787136732 0
19.9828786708192 0.939116709532787 0
22.85522747739056 2.400795475875188 0
37.77132020218467 1.252068095982756 0
8.99854938099892 0.2330671927486202 0
18.31366494008081 8.875988441113789 0
18.34914177837402 9.072778048607313 0
14.59725400975379 2.102015673505667 0
26.68794073101236 0.2461875705236636 0
0.6171852502026569 3.949789056014456 0
10.44987450511069 6.001913455152942 0
15.44845717107554 5.022593490475327 0
15.34751627863367 5.241069281573246 0
4.551935043709652 9.481969582284394 0
28.29602548574404 9.411065380890413 0
3.720978618777516 7.851201901906833 0
19.83448756523714 5.754998247382038 0
20.30537905533201 1.436589061021316 0
17.47741034401378 1.361301741938051 0
17.30570109948184 6.967337515638101 0
10.67462955362205 5.971704109800492 0
22.29397973924212 1.314463479061321 0
35.31767056361952 8.070916726375909 0
13.49215046571597 4.75779213826153 0
12.54681239978307 1.298271845713579 0
37.37550669876388 9.757355494288523 0
38.89969671954995 3.92493356782058 0
38.66519305184148 3.826770911153399 0
34.00923219642732 1.298711475634191 0
6.908227933231259 9.443454193936917 0
6.167126753793077 3.851844520530238 0
6.195755333042366 3.691417113868033 0
39.26346773788537 3.056539058660823 0
12.00290406799982 1.031318449149293 0
4.231678365784556 6.176846948978785 0
35.29259769482467 8.26931826866331 0
30.65971658764725 5.088065565713324 0
30.65090038368699 4.848218929736987 0
12.58748105935606 1.041193867106775 0
23.50076141349509 5.108379457876427 0
0.7911244701463236 0.6052238400817397 0
17.32056023609388 8.405328312252974 0
31.74670888749269 0.2708332331013912 0
23.62228912311659 5.241111051886683 0
33.79140554172653 1.255188076996648 0
0.9908793549200866 1.022282326792112 0
17.48591743819884 8.788044293476355 0
39.04834270393957 8.001393579904308 0
31.07569070602015 2.58539100624023 0
26.39954847285633 6.258990956606784 0
29.03518844620361 2.374267308435409 0
6.453456033788086 2.47554339704703 0
33.03681386423127 5.200692338285204 0
24.37725661250216 0.8621231424859713 0
24.69461822450701 0.596183874621475 0
26.69496352537591 3.205885230768327 0
6.806861584427121 4.49099395761145 0
37.16939234048998 9.738718492968792 0
17.57697503448526 2.974902084075921 0
15.05266794623319 3.239811273607689 0
37.61576359649028 2.690647683385587 0
30.21411764319837 7.633172229645098 0
26.22287610745663 6.194981010972387 0
38.20317691894785 6.448906984819884 0
26.52912392542846 0.1106544073439384 0
27.01533324984385 9.853411634126712 0
6.823160078385423 4.675079519189924 0
30.91418874544717 5.241151121953534 0
31.13565186931787 5.132713847653926 0
28.41293643269362 9.223441788158977 0
27.18318945818804 4.516201267562622 0
23.76169492800733 3.18980661133453 0
22.27217665941573 2.165130413667454 0
25.51289990827914 6.659150829990523 0
14.23253123562636 2.97604931519197 0
33.27157591469157 7.47951348872855 0
32.90882190414445 5.375386403518895 0
14.57304769324279 4.337033168460017 0
14.78835645484673 4.315003327080491 0
38.96627654444287 4.120374471940973 0
1.714116359392995 6.023085433615741 0
15.86982859060997 1.888057632633872 0
16.02638180868717 2.054539652013298 0
22.27036837830566 7.801356388788487 0
28.63332377221262 0.6930136483691839 0
29.47544179005303 4.526297502175972 0
18.17592945567596 2.52180197238572 0
24.43648141171943 2.188510872621336 0
1.041714781528179 1.193915723332898 0
7.679167503870325 6.211381734794912 0
17.41473622228455 7.152671310505386 0
19.14144544265217 0.2337103531182126 0
25.16916193560253 8.628673007870335 0
30.20102505004293 2.996184281394315 0
7.553648530957407 4.081716085870612 0
8.739309855563945 3.535419661113617 0
24.89978746630851 7.374326240671596 0
15.23371879080822 3.104006283430544 0
38.47226891850772 4.321453826525188 0
21.04347578859151 4.91179391984812 0
38.47541781289792 3.91388477816352 0
38.3649061739794 4.153917141642917 0
34.93207819173021 1.149813513188924 0
30.76474832393052 2.610309519067098 0
32.56712206048582 5.694322927257282 0
27.33296014951487 8.670817244376599 0
1.393466294788147 5.396814940344697 0
26.95881680550105 0.1355331631797252 0
27.10925718237545 0.2426325948985103 0
22.46501808212611 2.205396256271837 0
31.45899383556612 6.804574488028021 0
7.054333049925052 1.772704978907918 0
19.2064090866286 3.333795387102301 0
19.13224547303884 3.528267733472191 0
1.51123807619258 6.106495430210029 0
7.566204003313282 4.333364815595233 0
32.68219311798484 8.728765378633311 0
3.900469977362768 1.31295342473545 0
16.08736240304497 7.517010880326477 0
13.7596042699555 4.261165146549676 0
14.14662670769351 6.552322132918049 0
37.40446736075717 8.678457006785782 0
26.86895079318754 3.076713501314789 0
1.658202535967513 7.593576964799691 0
4.832118362217673 8.233533149808801 0
5.742147404019899 5.293731654807449 0
9.668949725887847 7.961200633924556 0
23.71128499582012 3.37433830882821 0
0.6089112210286377 0.7962077943333673 0
31.87349229025939 0.1099393893404167 0
22.04870337038542 7.854732207688156 0
39.25028076237974 2.851438529788138 0
5.920398634608451 5.382733826152314 0
9.703776504103203 6.984691865734173 0
1.495204836774714 5.601660462069034 0
17.70770487260147 1.213586612822649 0
9.731630443025031 6.790171771906451 0
22.53557478398711 4.798039978491858 0
4.07858272315671 7.730669999506294 0
37.08441695992523 1.361538199694688 0
8.735522267596451 7.021528645166228 0
13.26391325581878 2.03418291676163 0
37.20844437645627 8.299415191317745 0
34.69093368874309 9.697689127726377 0
22.07570088155593 2.346951902790336 0
33.1070812348058 8.915893678341488 0
33.06025036099138 8.737450263904654 0
9.492887403914809 7.878496102782368 0
11.86559175453965 1.132124326887112 0
21.51599856383361 1.876457344388058 0
38.90614508110129 1.754238586234844 0
14.33648990776349 6.627553493284572 0
6.180604028435332 2.158063876490851 0
24.74641264735649 8.967931245475491 0
29.84288518136067 1.217148844492887 0
31.65755385159352 6.716647060224265 0
8.758520944319939 2.57598880246965 0
34.22004077864772 4.837148256463643 0
35.44252713967771 4.946992904121182 0
10.88978534204201 6.536139116813935 0
13.38120517605896 2.241768221877693 0
22.84203085762057 3.462019428679735 0
31.34933934969989 7.089779653600448 0
16.31759907542789 1.708281875638872 0
14.67128321862506 9.693684907284736 0
22.19872332778627 1.116663212040176 0
31.27815055358699 4.773641580615545 0
22.43555249720322 3.102781536932127 0
20.0270144844455 4.296588380262484 0
30.70814054144731 2.80614033995202 0
37.23231830183544 6.823267565243238 0
27.4943618395899 8.854618370854483 0
31.92067286493232 7.6180308966758 0
31.0975249809934 4.890094458566579 0
21.99254288465115 8.728019400976526 0
22.14221595199133 8.840771027878331 0
31.47100323707012 0.273987587894436 0
25.85283699151099 6.143220800735036 0
22.43001417587722 3.328176048836197 0
22.6248442512384 3.495633306520475 0
38.27105210524689 8.466317280774609 0
38.016940731399 8.367258057471842 0
25.87187538584618 5.348830797083537 0
26.4396578839344 5.29869872022228 0
26.64437158273654 4.68541346763263 0
8.078645172659918 8.62867764191124 0
32.39310551715786 5.159284954629576 0
12.19038478139051 1.093679412434215 0
16.50736573049981 1.657889691947007 0
31.33111997316894 0.1130937441334615 0
26.32894719247998 5.441598123314137 0
15.0615467978695 0.7182496148573211 0
26.08874450974252 5.474751611737418 0
32.26021273242915 5.023399836458794 0
32.30207987924525 9.37937670498496 0
26.59656064552052 4.485012047496194 0
5.03765411322981 8.25643178367031 0
0.6193655802520048 9.050811925078667 0
3.689179308852735 8.083108466504582 0
7.831430227980097 6.354230113643932 0
29.96146037193877 7.544072027085904 0
37.73350009224755 2.176778952706302 0
13.61956929783373 4.620753693567941 0
29.37454757901138 4.710083625763201 0
38.77602608274341 8.68708522347505 0
28.82324340239773 2.358924310027084 0
8.906380845665565 2.491503781615121 0
21.24339673969912 2.833308629950455 0
25.30521356743584 6.523909502865518 0
25.06904103937008 6.582699497395613 0
23.73526245885509 2.64685183559712 0
39.04281512480884 8.959184249330418 0
34.7425846639431 1.049979878424678 0
6.058353690631037 4.66297518055698 0
30.06619928008103 1.07731582716028 0
3.864106902527794 8.296809632162359 0
31.62902529659838 2.719706274591865 0
24.46555690576009 2.007137195188771 0
37.59012767312213 5.212121315082389 0
26.23055738028001 9.866609300167973 0
0.7834724468052418 9.161664740692707 0
36.65618611503819 2.040999552801232 0
11.78314320153258 7.296694066740103 0
11.54503189156922 7.309078847867254 0
27.50294682200852 9.26093655352666 0
28.85250862941666 0.7191571580429267 0
26.06719458946474 9.760786868610127 0
39.16327548110507 1.210238751862394 0
24.04706974965038 2.914648968341945 0
27.79972654722184 7.243702968005778 0
27.99081379958207 7.067102840604733 0
28.2792545026656 1.538539093132471 0
28.48490146391503 1.523312000583645 0
37.02036092317212 8.343743416044697 0
4.190173151807143 5.976604511237421 0
6.690047818028219 3.807614641816961 0
19.89434038000461 4.465165561786717 0
26.08422599193883 6.735219106239587 0
17.3046861245123 8.622130485668309 0
6.312083481969118 4.620697068195894 0
31.1489409391856 2.382620021461573 0
10.74149650903483 6.402850876843476 0
6.343551099640301 3.345130363945129 0
23.35690729352738 1.041077939492171 0
30.51809389931354 3.127223199026547 0
1.483305458676075 1.670449000754968 0
19.70533888757564 5.921349672283495 0
34.31154628601089 8.656574524391353 0
1.462388697625641 1.870493150434243 0
29.25491376460252 9.193231226077609 0
29.09466553251371 9.059367146906251 0
10.43264933480438 1.563788692880405 0
8.960590860243668 7.471462719531988 0
21.86186571884013 3.816618820356814 0
16.99026072892294 4.53399257098512 0
24.51668169842288 1.01868772634095 0
25.49306251979725 7.718964747446061 0
25.29306345307033 8.103875337928725 0
6.312519630956882 3.164278282708471 0
1.140239436245017 3.855280978820235 0
33.13412939940052 6.938754963598606 0
27.29730095030027 6.370750309092615 0
38.99198592010904 8.790242850431937 0
37.8622864515613 8.513125975544861 0
14.59665329365481 2.336740917278763 0
23.29668870648867 1.227970446528421 0
17.78045182912292 1.753030250507503 0
11.21891063861228 9.309529512228652 0
13.83036497428161 4.049962454351513 0
6.61440049167328 2.376305224584383 0
11.82888604101371 5.270804273678666 0
11.29660528009039 6.498700691207724 0
33.18842788998236 9.293415178288305 0
38.88928589180652 7.876239817311447 0
17.38845430469537 9.86953823745025 0
8.544066472178784 7.135727846139043 0
18.13694223316281 9.269127541698898 0
26.97002131340011 4.499151814092776 0
12.45163693736054 0.5424230325906974 0
26.08411495656528 1.279806979436144 0
9.923588615095957 5.199859241446869 0
10.22706738292014 1.656857420510506 0
11.46531788290262 6.538291971498619 0
27.39217281309353 6.172265223149753 0
31.74849785161206 7.5177052677768 0
30.33443166147406 7.391107898290603 0
30.54102695602714 7.341552777078996 0
16.29971332352844 5.877698221505945 0
1.2119267166626 1.248029757385893 0
2.596851695023615 7.245668923648791 0
37.58803938757322 2.285466007036947 0
9.143919453575766 6.762077367707871 0
16.84599001403786 6.038361443405982 0
33.07673264625251 7.376441405675553 0
4.253088861437294 8.558296439963422 0
6.415412515062791 2.837249473271266 0
5.734114771584431 2.466585022795533 0
30.6592698063221 3.273368968703648 0
1.703103004097208 8.928794667271942 0
31.71142030981195 2.544145984509635 0
2.441643664486939 7.126868979028385 0
34.8160278679517 0.2170711029907623 0
21.11810518867718 5.083389184371818 0
22.08555431611729 2.56115960965198 0
14.34139235518091 1.071682051287295 0
14.40840522381099 1.266671133552036 0
14.14131261171631 2.469167376432334 0
14.41002641224372 2.504574485969501 0
24.57221850208806 5.384755310095866 0
2.416024657797046 6.709834283789758 0
13.08755012777111 7.704532245794887 0
36.27783606181322 5.915678170721182 0
36.38229053302339 5.703475921386193 0
39.02440660595941 1.350667837684989 0
1.682046458206132 3.344587543798414 0
6.25162178570115 2.001359814112525 0
21.23345851974774 4.187433583212402 0
24.96959786521671 6.771602394476747 0
25.05334817118451 6.994662414684075 0
10.07120707226697 0.5614160955201992 0
3.802847717613393 9.86788916967587 0
16.16223867717294 9.052565539451539 0
25.67760343295309 6.24206707659647 0
34.53916246608565 9.438618314500419 0
11.89404490934028 7.054733364536077 0
30.9535888523459 0.2809433661922369 0
27.9375032314267 3.626759454824217 0
26.85131035717804 9.741338548990312 0
37.44493152160214 0.917960951417237 0
37.28395501413552 0.7888083664286781 0
4.259883521790656 2.762018414363236 0
18.91214663754004 6.715356946175945 0
4.513125269230094 1.559563882917439 0
2.774799740372821 7.715351428483473 0
31.06370134105792 0.7174075421380858 0
1.117732362363259 4.657011701820584 0
37.28916346015786 8.844729666839227 0
4.925804298901522 9.192714273584967 0
24.67280854913589 5.580596564126495 0
14.6443586489392 1.640495464874655 0
11.02089571251711 6.425797605003063 0
21.66359866229787 3.148375123031211 0
32.13451533187906 9.455306501314253 0
15.88717120647934 7.601953127956041 0
6.598909920828042 2.170623746264637 0
28.45126360648472 6.983232422364034 0
14.5421716795947 9.877802287690089 0
37.21766841369243 1.967537799569278 0
16.93307033387163 4.721305172616019 0
22.07486968299924 0.7214086599146311 0
36.11890538134639 2.292266295625044 0
36.3210962199388 2.287038422526036 0
4.738298709522781 9.145674804185768 0
17.91541572810114 2.156514033410996 0
34.59256138346466 0.649134192611115 0
11.22882189164377 3.396415663843724 0
2.87337743155577 6.686765268894262 0
11.47135221725764 3.993550848558743 0
10.92819581968244 1.414963682854602 0
4.187379799368578 7.885317150501215 0
25.37634890493954 9.384516208574311 0
17.57120067978093 0.8757689063282917 0
14.44822285386127 1.735122607834269 0
22.85967682792326 5.607442882261108 0
27.80213528345224 3.457589695063762 0
37.25021299339483 1.782097616877634 0
4.201083423460698 6.756179585542344 0
4.121262498252246 1.375320487385698 0
25.95809724141464 3.597822799621474 0
8.35369865498104 4.513405210421896 0
20.04584435943878 2.212018497351806 0
18.96522797826749 0.1312347742512668 0
34.13634465806689 8.571887906096968 0
27.08560070635912 8.705722443645227 0
6.58327254174347 4.022600900415349 0
10.87748866420933 1.610569894538071 0
17.62214416609767 7.582502129345076 0
28.30894023419075 4.862461327076777 0
25.93228528176207 2.536677207921787 0
37.77052009868451 4.017523269736362 0
19.46487437448233 4.335020553888196 0
22.91213815552757 4.040726633458746 0
34.89486068078003 9.706285923992604 0
1.894787255399848 8.769294862994377 0
4.553139085099748 9.282000320554799 0
32.90130875266453 7.733005251815467 0
33.05643775990224 7.87520758726037 0
7.042316990047195 2.960471090758549 0
21.69385299298 0.2694137194237205 0
13.46107499665686 3.269647406426267 0
8.818318934228996 5.206505285761224 0
20.72473370936597 4.467774934667236 0
34.70461689101013 7.191478476159548 0
28.65042579287474 7.055058048834366 0
30.30678797241218 7.863165851915846 0
21.85102203661675 7.649026436200994 0
9.82688050054181 4.517283180068731 0
8.544892012905228 3.505807167056426 0
17.18897795272485 9.769427747373486 0
36.50541704228117 7.905774655082589 0
37.19169402471911 3.733387040055399 0
6.071242531714421 2.638942780469655 0
13.21640657471491 6.684255011158747 0
37.69727468662555 3.644379752386417 0
37.61557016111927 3.866638819946793 0
7.768945473111786 1.337501073851027 0
6.484675964369351 3.049795754237608 0
16.16996296382475 7.270660713874297 0
32.33537398620663 1.234880202088191 0
37.72427022660067 7.93221476284392 0
20.3850588281654 5.885054405065009 0
20.54173896103389 6.001202940673284 0
31.49760807057065 3.523524260862571 0
27.590284558568 7.704962756988397 0
0.2551285372270582 8.97281202841482 0
14.14583688471252 7.793389565132294 0
34.43518840778952 0.5085752809326428 0
34.60919548291215 9.254627425175959 0
39.3934707223446 9.209765082170721 0
22.56406948448995 1.700591642742807 0
22.30462001380948 4.74110348599998 0
12.43417582603491 2.19612008630564 0
4.09569321815481 8.305802735060334 0
19.48714825569475 4.126321009772671 0
10.5254498504529 8.969050227657931 0
23.9988476890925 7.629041286689031 0
9.525551896472507 3.127728477262284 0
30.01003415160845 3.048311716346731 0
31.63287009857866 3.402115278927551 0
12.25919147653016 2.133730459184327 0
26.12751936935063 3.691302196199324 0
6.809260736456945 8.919607562759872 0
30.92539447683996 8.990899505047503 0
34.31681493932084 8.929705772817593 0
17.74873572303644 0.9554055151968587 0
24.87103455986178 7.15536121727063 0
38.90976568886862 0.2887111649457079 0
28.10929135066763 1.37672714580006 0
11.31138587898677 3.217303352258437 0
33.60145170113034 7.888937332698775 0
33.42075967081036 7.925925046312803 0
38.82665748685773 9.779285275232832 0
26.42499356660076 1.451466518455498 0
39.7269058247548 6.780298769954416 0
32.87206219293058 8.635053917946381 0
36.34648045828881 8.665580406159975 0
7.169872579472544 8.012789748685339 0
26.15031223861383 0.278399271135589 0
27.00892189808668 8.912369737948808 0
34.77555079528702 0.3801353309896141 0
12.29361249559712 5.445688746387972 0
15.01441044481469 1.729819710349136 0
33.17076748218775 0.986860308982497 0
39.20274904529796 9.395419643366854 0
7.88177148751479 1.501397665215434 0
26.05939975581819 7.710838436787324 0
2.49626195297886 7.776012438029746 0
2.934655233643553 4.472803457376593 0
17.00822938951362 2.28520463330761 0
20.82821048642935 4.864105653065915 0
10.46974038749796 9.158867188252037 0
8.566678993228356 2.524140087495668 0
26.77221727912422 8.443109276284149 0
4.203768370759067 8.772922316574599 0
26.24148610992255 4.781177827934122 0
19.41964732863882 3.035670810870486 0
19.61079384399542 3.028979004241483 0
31.73758187017586 6.29493376137011 0
29.39919586640681 5.23540670188967 0
29.32155363442473 5.065793955807443 0
10.64456881825388 6.992920898466198 0
1.852102049085715 8.478283802557895 0
30.45055194630937 5.212486472870307 0
30.21300489925002 5.120599491696447 0
31.05943852524061 9.157612648061169 0
21.88495477949069 7.451754914515045 0
20.08684575099068 1.458002567310249 0
21.03119467185727 4.087156824493609 0
13.41498823907961 3.440344839154063 0
10.53197699480719 1.177773276314596 0
28.16347809554769 8.871788575648878 0
20.26478258841792 2.241076275986299 0
37.46241324210695 6.707713993450312 0
32.56349206928376 8.590701421188472 0
15.48070046555961 0.7596564479207816 0
24.67344567590098 0.4120679806284213 0
16.08921714530865 7.055761638036008 0
4.584691198635952 2.997281685622336 0
6.551548923915667 6.133091431754483 0
4.665647990599392 8.747667239998234 0
25.45976362900005 6.904599336477193 0
16.42616422619335 5.739075869997134 0
30.55617952886839 7.907211088633301 0
10.73574148621166 1.209582537599706 0
11.00752669976067 9.339165875157958 0
8.867523357636045 3.73224264767367 0
26.13830696877534 2.091263835654447 0
39.75758426436783 4.928348787384359 0
34.27223788583613 5.006990655056722 0
24.45381888834828 1.394628603182945 0
24.36432694294907 1.220101118150343 0
9.902299479699982 0.7094696914009418 0
6.74208702070725 9.525436361379221 0
6.747611779703355 2.085262332660636 0
0.2732354674914818 5.445598008783253 0
34.54318791896954 0.8144363736243995 0
10.54123905144959 6.83522635820654 0
26.89681366460412 7.493874708307774 0
29.39321123336964 3.95587946639348 0
29.51362502662463 3.739069270976323 0
18.6689070115171 1.886263299386409 0
33.18481987598832 0.8209430901038094 0
2.80594030772359 7.523896580973748 0
7.858619996325438 8.68082038985307 0
30.62871019983848 7.078330575923918 0
0.7279801105197388 4.168013489812236 0
26.63141882975012 8.559400187180991 0
9.635111109575284 4.58350634170655 0
6.965423773838794 9.255322863186391 0
12.70498877403095 1.441184938046614 0
8.093969585576035 1.059270536449699 0
10.37010641613979 2.598724311106297 0
36.32318467232972 7.823749069735513 0
34.00981226136279 0.4150182526160797 0
2.763765500450664 4.508074616829688 0
8.426931317587572 4.328334058181856 0
6.28534986830305 2.367192734293579 0
37.3124371431735 3.085003612085279 0
6.450060414071216 6.32952327853254 0
2.698424236824708 2.821365445453145 0
27.95068343933264 6.837048861701046 0
13.62037520308238 3.222438304738532 0
18.0666501813283 5.684067716779583 0
37.57385530180775 5.959466817258796 0
20.44438510440146 4.518347677671945 0
16.7182146486053 6.226632894332262 0
30.74083989358887 4.200832102172723 0
26.53017124916882 1.628620192775046 0
30.65901239104933 4.003652823033648 0
12.5128662651598 4.617564583347078 0
8.19169398007382 8.791665708000902 0
34.31030347175861 2.00964761666543 0
31.91817805414657 3.740559239495022 0
12.28664650774745 1.316071758888097 0
21.99419498023086 5.73758335766786 0
25.43725199508993 5.025142721083171 0
27.34693700118235 2.605196305256778 0
19.83876503244671 9.470168949198317 0
37.67719380069435 6.140987195044506 0
3.095866400541014 0.2542400967313342 0
37.46811496296783 4.269910365698633 0
37.378367498905 4.468877815370393 0
6.842009729417685 1.728025756949084 0
16.34686081232391 8.978800805176652 0
34.64848950652402 6.911850154838928 0
3.566822304251037 7.453164201138506 0
2.149899550155009 4.259398459020015 0
38.10361823886778 8.865206165280556 0
29.78329301145579 7.66062008260413 0
6.122210504985666 2.449432840697743 0
17.69281428831806 8.771383078283934 0
1.503827887046669 5.187342946809085 0
0.1083860835784564 9.075873736518751 0
0.5175225599146965 6.671630296931268 0
32.08280100774314 7.499002988581569 0
18.82949798128523 3.740360110182742 0
18.70419396270698 2.080589434674721 0
19.94892567086461 6.628167275876339 0
25.95589135903614 6.550492488652341 0
12.46544391891947 5.514076107012215 0
20.62205593018389 2.40751431318895 0
20.3920706963047 2.438437813129982 0
9.674175850297013 2.970845367831544 0
16.50574253911697 7.374417846703658 0
24.64833593582157 4.517402546800878 0
5.37198332036908 5.919862801184492 0
8.502083607496894 4.865572910228376 0
5.773068963649727 2.326271918417743 0
14.74308854761494 5.705711413355528 0
33.15385785391225 6.491170215946617 0
31.45522859358828 7.257709180994584 0
32.69051614553144 7.779077769243783 0
19.07662184050278 6.789356542112266 0
27.75911675269582 7.651959600747976 0
37.94525866589115 6.534661454468425 0
17.82396445180155 5.079820073520525 0
17.67060514757701 5.184983340892347 0
2.323531445551446 1.208292305758165 0
9.219249028939302 0.5632990670007326 0
1.370660603189802 5.012779181561657 0
0.4610839830986012 6.496774214684439 0
4.086197234255059 2.636876799519982 0
20.20287395228751 6.319906048621007 0
5.650217582946429 9.13234330665442 0
7.051025201844144 8.135967872552834 0
36.55233742579458 5.009308945455181 0
4.603087507707784 2.653734969169763 0
6.602112327927229 0.9797264679166697 0
36.63367318891003 5.623599775221503 0
20.06769490146003 6.165931815686025 0
8.316822699233901 4.949587205187714 0
3.73967631125257 7.369351182160361 0
12.4508210190337 4.438060024258565 0
39.89316649718626 5.067434331358335 0
5.207654131681671 3.293499464450696 0
6.942177215595972 9.051837009675596 0
2.613878970407136 2.390535959219146 0
33.33689978821025 6.473900809375967 0
11.2925196335239 9.723981496886243 0
3.819839201235783 6.639007654648363 0
23.62779959722053 6.895501807033412 0
0.1312077121863596 7.803535172735568 0
21.93514603435246 1.499804938585696 0
25.13204556831004 0.9874407588412456 0
34.81058533475821 8.720522835471755 0
34.70225345133352 8.502944941620166 0
8.281766093363904 5.169342723699 0
8.402001117585824 5.334513470305432 0
3.439222726529074 4.389775191362864 0
1.591395143654631 7.405327945294984 0
4.686406708378814 2.831975213233695 0
26.05852019753971 7.927051852227083 0
6.215847733884203 3.425214341038946 0
9.58950274009255 6.677718806847271 0
17.43170807664321 7.552060482917881 0
22.8232961759262 3.883204668551108 0
26.164408882734 1.0777139302459 0
36.08883077078092 1.192691390429691 0
11.29356286225588 2.449471832404837 0
26.93426998721957 2.330763535657021 0
13.09333173725926 1.236640055496115 0
0.2657647563332592 1.978292155425135 0
0.7287591835834811 6.207138103025668 0
1.402696470997896 7.282484029331595 0
28.44747116139514 4.979472589216803 0
2.865564465250641 2.78918074393694 0
14.56078007251388 5.219510422464121 0
31.27356890752468 6.694721561511892 0
31.22321976196805 6.504680316270696 0
5.214531338151161 5.826976613914945 0
3.584044755454709 9.740810965082316 0
16.66555117572968 7.339561266432298 0
31.31690904340735 8.655383631317548 0
21.64543782752675 2.034861696853493 0
25.2251491029916 7.053963824461918 0
36.81364086179665 5.723858039564271 0
13.01304221763944 1.045564620951006 0
8.4784465173723 2.363196387499928 0
14.40867899047141 1.978434534683657 0
4.627960970321177 8.925382948414931 0
27.04053354880403 7.890820872295322 0
6.414669915813891 4.411419155351585 0
25.52125473870802 7.931978399954769 0
15.88237174545563 1.491817877399128 0
11.51179112651666 2.440232906398462 0
9.112057868766913 2.672074259267479 0
15.58333064878139 0.5684661925587922 0
0.6469897335497986 4.916282866049557 0
2.015361435195427 4.361755296127327 0
1.610628177125679 3.161537934324317 0
12.73329044417591 5.211148394410061 0
35.03311468045265 2.67065080288976 0
35.20729535089823 2.565113637664597 0
0.620907138557367 4.709151333392065 0
20.78199015495494 2.587490479997505 0
18.87761113163597 1.5625584516524 0
18.8760889841446 1.75436885019713 0
33.66494657669899 2.851322737316872 0
33.76037469180626 2.998702586082739 0
11.67459966908382 9.275735430641213 0
6.782591684630876 0.9319846610179278 0
33.32198409091591 2.685590551061788 0
27.40144139619078 9.082172023884086 0
24.5409457342043 5.029943226349933 0
24.63384161812128 4.867102881687786 0
7.681178067255864 3.629096024444422 0
31.32417974689832 5.655961985094332 0
17.44927858128212 1.56264350899751 0
39.22886267884915 6.018402412271574 0
22.7729319159416 9.774135866552736 0
21.8148053487058 3.596504190812988 0
30.67623297594044 4.386109939171189 0
30.47755147287953 3.906277110095791 0
13.27839391965052 2.403388377125299 0
25.10825947970949 8.050998119048637 0
30.22878070438847 1.566437998654136 0
26.05372490525091 4.888754611409301 0
38.31766950219719 8.694945613116138 0
12.77207725952826 0.9502855604943599 0
27.58004474810673 7.178421946699859 0
4.358535522076654 9.561041539301351 0
29.54574712067436 7.548364174697838 0
1.6798362234057 8.418272225127128 0
31.62794899334472 8.045104305384251 0
3.634593639362313 6.651104127848843 0
39.04028569521492 5.906470573973553 0
13.66601807361644 1.859169150365464 0
6.380323077144886 7.34483682888953 0
20.99324174394559 2.513795670541192 0
18.6374285957268 3.750853723514175 0
37.66424326364913 6.838639896569155 0
30.83638895302544 0.7300037805465797 0
15.05654645768181 1.514473603480551 0
8.647619309412983 5.359935431896531 0
8.573892065651362 8.539780956499966 0
26.84764036166386 7.710157651185324 0
33.81626273746374 0.4766176146939085 0
30.05598157203273 1.621892549554922 0
29.07628489056603 8.835244993745851 0
38.55115228910631 0.4925795697881059 0
22.68913308511452 5.755278277363085 0
7.880219243616239 1.113181044883172 0
27.27060171176645 2.432655566559797 0
35.54993307884718 9.389568792173534 0
9.135018437372949 7.640056469899029 0
6.577468675930235 1.190849342099466 0
38.80307115256406 9.604406759612587 0
7.796918450598864 7.66067432239366 0
18.71156592786275 0.2557025353846259 0
12.28000055579472 5.034799848994897 0
4.42347997627104 6.223082659982526 0
23.54362983055676 7.060099962797232 0
29.42081440536974 5.581368697890859 0
1.807481987270947 5.819647236838331 0
3.959523784423997 3.916694259606945 0
32.09617540535047 3.842112557880549 0
1.722874440081847 5.61471279810601 0
35.77520171583873 8.90379501100592 0
0.5287069618233716 3.448869898394467 0
28.24571270776414 3.911940837271784 0
28.1787611856662 3.664365577151634 0
13.0481567490056 8.317539909039281 0
13.25659628730144 8.352078123635357 0
11.20305485893843 2.668908476806912 0
18.54836669913879 0.9346663697722327 0
12.44031553080021 4.942578687858551 0
38.92560788771748 9.103293998104855 0
13.04281221748493 8.996446607861751 0
17.99765047153259 5.857586178741766 0
28.16340009754513 6.70533615557251 0
2.428348930949145 7.952928484679968 0
13.09722386743 8.805731317767153 0
21.4443048997906 6.993408198978024 0
34.42877469196856 1.821574026364434 0
37.75556875971053 1.978096282887815 0
38.34995645939339 1.424085306914151 0
30.26709047205201 5.599558151624535 0
8.012755831346061 7.643803808118999 0
36.52842686652819 5.263089753315229 0
30.29496309019238 2.81350645535458 0
10.43543354707477 8.396998137887298 0
7.778792036371804 3.43595040752949 0
17.87046181389578 1.292076665528247 0
26.73477843295733 6.896840077468276 0
2.231998127872937 6.738790667436914 0
34.51707019680318 9.014074233173003 0
34.43383298600881 6.843927877771917 0
5.108440748508046 7.85433153650341 0
25.84635788096957 1.669533234066168 0
16.34102545307366 6.057185292116323 0
27.0688917168304 5.385165627600159 0
24.56725743903128 4.34022682488682 0
31.20461299085613 2.74752909865404 0
36.69410373583511 5.378785191043732 0
36.12599561899611 8.715648898070002 0
25.27235242948831 8.897658234592271 0
5.40958374847973 5.031628812523304 0
24.86388486400344 0.6864110213335112 0
39.7644502459714 4.65721654864431 0
26.22436702647192 4.596987176818698 0
37.92558353367154 3.627406788870747 0
34.30800136915105 1.580323555903076 0
27.23274376814222 4.719643381092971 0
1.111184111227547 0.8891329105647842 0
24.84077545024391 3.759853136515671 0
6.546552668384101 7.487304605083598 0
6.321160509188625 3.617463573013353 0
5.47496198867269 9.053746194953044 0
9.787058081502314 5.324101467642369 0
8.04744845405971 8.161446260900382 0
2.717104995417464 5.129585750594558 0
25.26376296182876 1.113930376021266 0
29.07012526346564 5.83213686055354 0
37.39424914731104 5.344587030963943 0
23.82716405005434 2.833731132368984 0
6.653326738325654 4.868073049184166 0
16.39902459809532 7.199083729916168 0
34.73035336793291 8.90450258337976 0
20.07217402360308 3.119890671339045 0
25.92252236727472 5.953568806272924 0
39.90003247878983 4.529635425951214 0
28.47496077637149 4.008295331895713 0
28.64869059336995 3.880159005700141 0
9.076355051938533 0.7381781374294913 0
27.28696353817141 5.307589958078998 0
2.284257816973863 1.017065659033804 0
0.2236277521414942 1.182332270686096 0
36.90829451507248 2.304418981477966 0
36.72846988725081 2.254277450096309 0
13.23910963537249 4.076584616743337 0
26.07458924554411 4.47069206867309 0
12.91716871603582 5.67194542469273 0
23.55060560610555 7.399985585491348 0
3.207363033178309 5.542484736437669 0
0.9780725711022891 3.750416758168014 0
26.73731912993021 2.360355410303359 0
3.473143445328214 4.212794673140195 0
38.24238243496004 6.248010803658228 0
12.27984651557975 1.734907139816777 0
9.376402141587974 7.541611913184409 0
30.53728094561325 6.868906118893285 0
2.178417168173356 4.741821710303483 0
27.22768213159586 7.840869388842808 0
27.76953743480637 0.6030620445729795 0
34.50330372657513 8.459630191791751 0
39.86779870577706 7.796612460470894 0
29.39799137885999 3.338932458281995 0
35.11518633498721 4.436740852126315 0
10.19905849525552 9.893440927510985 0
20.14507779086935 6.558891286041809 0
13.24548785703496 7.595350067263015 0
26.48429101261991 6.904223868279218 0
6.716402227552845 5.275929892916525 0
10.12047298234325 5.295634605387152 0
29.44664605085065 9.154462067703525 0
32.58834240826138 7.968664984432769 0
30.42394644558199 0.7472034167678728 0
15.67989287069528 1.453966149870801 0
2.119202106405398 8.824477322137367 0
4.151297928501688 3.990352719839053 0
5.628273674296548 6.943476628592355 0
29.68762950007246 1.607406608779461 0
29.49203919848538 1.574528764226397 0
37.71862489702428 7.682501811031886 0
9.541480291138154 7.633443154555685 0
19.09806909500018 0.8101910386189241 0
12.14921763607754 1.519023886876701 0
22.70421582468001 6.122715523572464 0
22.78697649075922 5.956827855124476 0
18.29699705643626 7.03337881268168 0
1.925509214377884 7.944477083103909 0
25.61260266228139 7.051801444905162 0
5.585951964463953 2.520219712476353 0
16.62850761893935 8.003214904112902 0
16.46129315214676 8.111954420125988 0
26.26353469752727 0.6866656095562105 0
4.093519744091887 0.6876317479489011 0
1.209258326155931 7.93076114870714 0
6.772846866080557 5.066122034467903 0
25.17167760412923 4.081089263171939 0
8.994228487755315 2.310186315930875 0
33.35076340268632 6.93261298624476 0
23.11779527744235 1.581908374479259 0
21.83856337013928 0.1086621707410528 0
3.894554272173954 0.5951177351497979 0
12.08467286708524 3.969988190298237 0
8.694176372869746 0.6685373550720421 0
29.34750416718599 5.757517014106473 0
37.81813209496197 5.328882179471517 0
18.35855798660486 6.860712108524916 0
24.21792863257864 2.82113846533335 0
9.033373524870369 4.107503755990916 0
1.21816190560245 7.322898408039369 0
8.812140386531821 9.305804987727811 0
6.376732666576317 5.267263174850812 0
0.1343460366642945 2.205682405385818 0
19.91982937892225 6.800848174488809 0
10.352511848777 6.253257396135644 0
17.73320024383897 2.268541287578905 0
9.535560182280902 7.084890762615554 0
37.70035906920893 4.217463628615835 0
38.59537336732262 0.6995396221192588 0
11.38455446716766 7.507748032884558 0
0.5411061270827644 6.29617733919881 0
35.73439726899652 6.659085882761468 0
24.8524156288872 9.473320101885895 0
3.790777422562686 4.994399703423643 0
36.37340103776996 9.77592350073378 0
16.81438122048304 2.349305380535042 0
8.970041587883486 2.137688149751992 0
18.54633794953213 0.1244677611333591 0
33.25010309895408 9.483531182434085 0
23.61136322787591 7.574042785396298 0
23.82695480308645 7.668649940895545 0
14.20448449878908 0.1106598826349264 0
27.69764734846231 9.298630430398321 0
25.08010287603593 3.8160186610791 0
23.05859012876568 1.746620986033981 0
16.92875138327821 5.133439627838829 0
39.77740776782525 8.824685274725219 0
13.24565320645717 5.474634582924838 0
13.41803989806304 3.906201787754417 0
15.91715850460619 5.95272531631593 0
30.3318038245345 5.812485794445968 0
17.97623673223992 2.602763577261925 0
5.369522300230519 5.221722841468454 0
3.384114445538529 5.457546981610908 0
4.307408000918175 0.5614007740742141 0
6.745826181401017 1.548821282234634 0
11.18901087817508 1.361200739095375 0
37.68756821737975 7.014151071932655 0
25.23869565038669 2.942077828597387 0
26.83005133469375 4.694983353479897 0
5.701386343545358 5.861895437845008 0
0.1162166826609366 5.335049563075952 0
15.90443920491491 6.993824493253871 0
28.14309384365017 6.51865256977343 0
9.713188021093663 6.436382219798748 0
0.713686867978251 6.761093508457024 0
37.558355861283 6.493339351337976 0
19.55829355365393 2.514359941182616 0
2.555309083820039 5.203931459188108 0
9.155466661914675 6.964739166351268 0
31.44913223995029 5.506362578172646 0
3.642939293427202 5.707406292866224 0
13.27869526963965 4.701171888094578 0
13.5621409430122 4.362979139699586 0
1.295039788111578 7.750263184265317 0
29.46781766896413 7.34485426953897 0
32.99370397835187 9.265484345704463 0
19.67386355169248 2.303842364736011 0
32.02075145895721 8.996512921114462 0
4.205223116370093 3.539255760965871 0
10.86762464644572 0.5956800333115176 0
8.943489232162589 7.092888518936145 0
37.49017347808553 6.33717788575855 0
32.46109633467953 9.529437331507209 0
32.83277483394691 1.523300935724168 0
35.01196368500187 0.1422552101842481 0
27.06252924591647 5.598325225485549 0
20.62437711243986 9.878944602471702 0
0.1296781993162592 4.952780311347951 0
10.40087345328789 8.871530114178547 0
6.245739259941177 6.952643215470822 0
14.33946163207872 6.049818504834803 0
14.08844129050848 6.112158316094323 0
21.16967113671747 2.617180243540513 0
14.27311891389321 7.653590743112365 0
5.566579250223051 5.76701145499085 0
0.6806744332741023 7.013125711876985 0
28.38873440044893 2.769216223549089 0
8.536530551458581 8.744286698266304 0
10.0062454572721 6.65865745077987 0
33.0378642286247 1.491383163786214 0
13.33843403598387 3.737592760018071 0
10.51614681583327 2.432108240105044 0
3.600544352302522 5.883004064959873 0
19.95701814645543 9.285632040017775 0
14.82062854490153 1.776081754418232 0
0.1411513815902735 4.187488098587358 0
21.66709033850086 4.026454187599264 0
21.73705555604765 4.224815733031961 0
37.53748381286439 3.218682815636765 0
37.67971929598959 8.471052712402093 0
14.76213056906223 5.227743139140599 0
15.062166127725 0.5058975843273861 0
14.42035511596791 8.929828278402383 0
2.397797721755306 5.712783642586223 0
10.14581621566155 6.765864275170254 0
4.49413576624896 4.580841140589824 0
9.558673562389869 6.336467460394599 0
29.15465879993019 2.534953926994314 0
20.80247440790776 4.206745759130691 0
11.0147435784206 2.671923925473244 0
11.91915852689005 6.007433558681925 0
30.96449600366836 5.763561604323324 0
2.296941621575205 0.5975159275269671 0
37.57678282181822 7.575057033937803 0
0.2458948819771957 5.087829874423903 0
29.99038989682488 9.350624815347784 0
30.08341206807279 9.527974498745223 0
21.84617166053513 1.672646016120174 0
36.76474953872695 4.924985743037749 0
6.828890177184419 2.93902964770021 0
39.00485889547685 4.862455022489553 0
4.419080352039956 2.63171629593137 0
2.089566840783469 0.6708402753344996 0
4.705244970978646 8.001941703471262 0
15.23407009353957 0.8130080632450283 0
17.59289661557831 1.738979805114995 0
22.30302793088989 0.7385865971196816 0
21.50787247112707 6.479027199523521 0
37.85316833569917 6.190962198120136 0
2.125887992619295 0.1329297891718253 0
32.77509254499729 5.769090669906091 0
24.921215610465 9.093379359681739 0
8.742420116243464 9.501161037536106 0
4.671886009747904 1.674816100718639 0
34.89642876804373 7.260672954134374 0
18.54522418469123 1.136015351470697 0
1.150560881686604 4.111044853426733 0
28.41496909332598 2.936194328794684 0
11.47831277179033 1.625724072391915 0
25.11061802674186 5.543721145332861 0
25.1152490122246 5.309758327753273 0
24.2946640419274 4.260407758316734 0
5.606156898186314 7.1533198502798 0
37.26164865705235 3.527114010105695 0
34.91760354951931 0.688152800624667 0
2.055526341324032 8.091130845344111 0
3.785845120359782 1.462982095054096 0
11.27507892018247 3.894564806030985 0
11.44278975795913 7.049805020733373 0
25.30860031906453 8.479751515728372 0
36.53828343502429 8.800234554357777 0
23.84514673800329 2.472669629748063 0
32.38725866754515 1.029228122610129 0
5.24409480887501 3.468364405808016 0
5.942969138705195 8.200794824651794 0
9.26138187603812 2.576930803479817 0
35.72505206439531 9.289972660748598 0
18.21182804747594 9.486727783413468 0
20.86646344587486 4.617030773684388 0
37.13400505036351 6.257305118687127 0
37.32668952729421 6.251042807513321 0
24.6167619167849 2.270330797524688 0
29.47338224308685 6.097149447670929 0
26.88959242231378 9.340721695237816 0
33.42043902724752 6.060155701326056 0
33.60631454503339 5.913074341533722 0
29.33864096434587 3.543435084638528 0
36.64917944936008 1.225016397537061 0
36.58263636010953 0.9847094775212261 0
31.06445330650147 0.1130937441334615 0
14.75527367434147 3.189442082421216 0
10.29311616483925 4.040260935551268 0
38.11714340753688 0.4814596227116045 0
35.41600285024741 4.692836033993257 0
22.85496479765671 4.243919047600702 0
17.90459991943607 9.285308018021619 0
34.55735656771737 7.322328106420521 0
29.27415521050226 6.152236778959971 0
38.707852957413 0.2731797210980163 0
6.236720713098902 5.37785546145113 0
15.7114851221906 5.442460846161761 0
15.47535303842078 5.468559087835454 0
1.526845534233934 7.770175628109661 0
10.824871020148 2.094120997732766 0
22.47497269092062 7.455754103471527 0
22.29306220967829 7.5285411627104 0
28.09525603055404 4.029400496201979 0
36.50424840250106 1.375341935473859 0
8.141314704050307 7.416941131786313 0
4.338583529727189 4.641582827883656 0
11.20255187001889 1.158605281445504 0
3.001674760826906 6.184728277194165 0
9.51978897208557 4.971973533692123 0
5.310234595246551 3.166166228548932 0
16.95258323478816 5.331482652779108 0
13.06568943837845 5.447193654367048 0
17.01782378443359 0.575707501846353 0
17.92779663645857 1.946352406069869 0
27.04325080628483 1.035625213241149 0
27.11355073287502 0.836943411280152 0
34.7809502864236 5.194133791398304 0
6.553139270163918 3.641585496528551 0
11.08464243805889 7.886586146877114 0
11.88576464442838 5.513573898986894 0
8.052840053362109 7.253107024533165 0
6.127801952965129 1.012471991507347 0
39.74785953192255 5.452939720863328 0
6.924136713935138 6.270201058808603 0
0.7083801498423584 3.531427095731806 0
16.41276211330937 9.744828143661346 0
10.03885139882245 3.249531686080763 0
26.10742847546526 5.06473951583159 0
5.689506450802685 6.473229212538651 0
15.87507778959214 1.134634054721013 0
34.74191413312653 2.318462865982481 0
38.20570801576513 3.124288596935658 0
37.92793030520369 4.516194865994863 0
9.098441392075001 1.070889862312643 0
21.47321963293787 9.348209435444764 0
21.26138588814521 9.372659348152212 0
14.05147255972302 2.277089722165473 0
3.870768598610945 1.088469468549667 0
26.35252049373786 5.126926960003271 0
15.84838483973285 0.9558494062550315 0
18.94277152603791 0.945821131074156 0
30.43070635029274 1.928164518138515 0
2.454922232036301 2.534882290186288 0
19.94114342787913 9.727869445549947 0
10.28757082045848 3.864617264400943 0
0.1360147652813898 0.9905654119542127 0
13.41912116486847 1.839875655561185 0
39.78651168099253 7.596871719599181 0
14.5442599762485 5.67004462778583 0
0.7613609649990289 3.776653415295169 0
16.61166148494628 9.857657335683935 0
15.96470793803813 6.11924719178111 0
21.92273887816568 3.19823619845527 0
35.6683587474645 8.704532323445148 0
4.884704725831196 5.256509032480689 0
20.13737030367223 9.740446893231088 0
4.959984569175014 7.711450874408041 0
11.44266003323677 9.887210359474578 0
2.010344923315586 4.714480089622736 0
9.219144613248416 4.085652926659013 0
35.43041196261808 6.421948847738495 0
22.99898742902301 1.439023925420502 0
21.89664404293918 5.53102232409345 0
5.488426434837124 3.088547902770638 0
12.30987952796823 0.7221959064440249 0
11.04592525069144 0.6130128274812353 0
39.86197167603254 6.571931381086351 0
24.95862571929249 8.562452795602239 0
11.68474026586387 3.906107465527336 0
1.384082265947742 4.183904351756196 0
6.198909068844626 2.813972632822912 0
5.553109208254392 5.39718946776249 0
4.672242528856922 5.201351968380497 0
31.37458140627227 5.265586392349378 0
3.759068852178386 4.016371226655524 0
4.258442567552392 6.561268048940406 0
27.75510259530428 2.567114956617246 0
27.82989621488191 2.382165470963146 0
5.633394015599666 3.1290357836591 0
39.43696257408979 3.874198128137844 0
17.13225372776658 9.548562579336084 0
5.505767692300801 5.578023184444755 0
39.41671211013654 1.524663702928182 0
27.93933606188343 8.956342107130636 0
28.60129021308855 1.363497668972034 0
4.688636624455834 3.131191379917861 0
38.05221239860585 0.6666780232628043 0
31.015646504196 5.932315610265452 0
16.1223218055602 4.785594027636658 0
7.335262900873431 6.529318217776075 0
20.63932655017993 4.035249642496131 0
0.9819758990071144 4.493983775335697 0
35.20100532886688 4.621751106595599 0
16.69200919746693 4.03016674839615 0
16.57828392702564 3.895838347113376 0
3.894089330432978 3.716195999043592 0
30.19837541920818 6.372148375367666 0
0.6218454752853574 4.341480356642639 0
5.581025662331583 4.717437415740256 0
14.91445709703403 8.401336637900345 0
15.0318115234397 8.559797356990737 0
3.982703486118051 3.573197625366701 0
5.441872597408909 2.760177903169144 0
23.31465036997222 3.450471594796536 0
22.02635865771769 2.991606852663469 0
4.881620611862766 1.008985723930069 0
3.716545130042843 4.19517634530254 0
25.15391697513585 9.05558289512949 0
5.908273053178767 5.806054078379968 0
31.59865249697274 1.89610026159165 0
31.80127151852447 1.955211749791862 0
2.816232729546866 6.272233234141274 0
8.412580266200207 2.009382368424172 0
33.09609069809215 2.229214444049337 0
0.2186027621121124 2.404794171407916 0
14.45683424388811 2.910469147946044 0
33.42904260102149 7.366998120815057 0
11.60977699378862 9.475150371759256 0
3.701503577377723 1.008747928183294 0
37.90307322337142 7.982188648749177 0
12.93428598870549 5.890743251858325 0
27.41583338482167 8.438514090256088 0
10.49787786499469 5.472841853294539 0
22.3196248400693 8.350344947365008 0
4.244360800653435 2.949348462933015 0
16.78981957996122 9.34094300183501 0
16.55372467686329 9.303507845157418 0
29.8510408842623 6.283318295916954 0
29.95046583985748 6.037731707981251 0
35.51995044274046 6.958392598987747 0
34.16911714206876 9.863861312653091 0
23.53217852202323 2.194847257909406 0
7.818340176479096 8.1370581691222 0
30.2181455566979 0.7082215728861977 0
23.52541689572712 3.485669730695375 0
10.53689459919528 3.746664107545429 0
23.58921433614081 1.016421513270485 0
36.4309595725802 0.6521829835587504 0
38.22263367174503 2.909502764831176 0
23.23266560169505 6.678434536047455 0
5.999058706398601 5.619338550188409 0
4.507246563104129 8.007431341725654 0
21.20645183791511 6.953524674080545 0
0.2344425923617085 4.369875639230011 0
20.71899645302329 5.932417965883236 0
8.434858726121387 0.2074906595857014 0
35.46362737621907 7.171140236893945 0
39.17461030977751 4.989782008254465 0
14.58374660932586 9.279546977019523 0
30.32919632299311 6.509830331202271 0
26.46676566450609 6.495508886498595 0
14.6100581874285 3.335989853437491 0
26.34365607231756 7.430340309832398 0
5.754459626658433 6.242279107810432 0
18.08609616846669 9.725790939776031 0
10.25617540272815 8.294234294205483 0
36.02268922449338 5.526784405671257 0
14.19688167837346 3.220115484600628 0
9.650956830123826 4.852494116622273 0
36.26641202771907 0.5818879430883879 0
20.75698019794919 1.439577524483305 0
28.27044720234535 0.9377064881424383 0
36.69274016115538 0.2644272575922617 0
30.54022283114606 0.9022502282595624 0
34.51452775466782 0.3485705362288547 0
30.63534116524675 2.415288763045794 0
6.527615179799725 5.373905348801337 0
22.81659308808964 5.418505914840008 0
2.377617934737328 7.616938037333374 0
5.686230516690432 4.570406537565577 0
18.52785221709586 7.878600279055775 0
18.60733359129252 8.050011323379998 0
28.48432239794978 0.9444148414664908 0
15.42411695569374 2.758415365077571 0
25.85402210673411 5.779898366265971 0
24.56301512509209 6.691905976792445 0
29.61238202485608 1.081834295698508 0
18.82611207400541 4.844535693881352 0
18.67651477745737 4.960293652177949 0
1.343944624825169 3.104071242888225 0
8.539016860046976 7.331562451009653 0
13.88567146812711 5.449472582414361 0
29.6152412880646 3.261305638528349 0
18.0822401423688 2.956825388928353 0
18.03610891107083 3.161961987339645 0
4.650827297678148 6.466547941761199 0
24.46292944093148 0.6937478231597628 0
10.19382004132476 2.553364364770581 0
36.352303414984 9.590569876449598 0
19.37949480203138 5.589120475313545 0
19.147260844612 5.539370426712004 0
18.16843521155656 2.29623825179985 0
15.18620643372157 2.905796689212408 0
15.96961251481746 1.650834625108481 0
19.27618486430009 4.65602355404372 0
33.16248279086058 8.392002233564718 0
33.22499695190734 8.220837905767416 0
24.87787574048663 3.30048875667459 0
36.5504462959212 0.129668641089155 0
8.686394621046221 0.4853849720062589 0
14.80076655088841 5.931294725044411 0
15.11072161908733 3.427000908935472 0
3.405046977479364 3.092971333078187 0
35.62323089038907 0.93778228513029 0
17.92379054642194 4.172153647396157 0
25.90843767399782 7.598347077496331 0
35.23434054748989 5.057096133868233 0
28.34322400746635 9.006594104795127 0
16.18018053581354 4.607768620500085 0
3.316665652753816 0.9602027307511313 0
9.150138028505403 3.041861900824351 0
22.41860947118579 7.963450532741089 0
39.86439249951557 9.014738427320754 0
34.81313356575311 0.5565687652850608 0
15.95115268149962 5.133482785239843 0
38.83415067596767 0.7316784077376169 0
10.83395685271858 6.965083516611885 0
11.24322437943957 3.712276967537745 0
7.532028669175321 6.667080090714695 0
9.230328422533159 4.583123706637889 0
4.755020117037655 6.626929257344642 0
3.484089044740863 1.127544241381909 0
19.41490169683413 4.783950283874663 0
10.35346541472863 5.598081671766468 0
3.900909040381081 7.719820156129558 0
9.435378879330939 4.444741601629482 0
9.050519509890172 9.304988545370511 0
6.988143235508088 0.1466711676824808 0
26.79614330115661 5.082006885901509 0
26.92449223951286 4.921812544101914 0
8.026012754641906 2.967872931193604 0
4.330047951193261 6.89946447013578 0
3.795815110815729 5.191427773680507 0
36.19587041019903 1.008695384503697 0
16.30982642707695 2.330622247961485 0
31.39198774628019 2.282900493904849 0
31.39998738568134 2.048293405916741 0
15.35263841469952 4.810382523643786 0
32.27188838424296 8.182498805071477 0
21.99117963775588 4.952247631090399 0
5.000418743281311 3.709944742983021 0
12.53347090152475 3.819605230355593 0
17.09676405552818 7.4120363022436 0
3.569860147834464 9.478516578058647 0
5.402992267757573 2.903387023823941 0
12.46294400920489 4.033039144980568 0
14.52578748974804 9.462551541553365 0
16.94120771492424 7.352573148822018 0
8.1508033701661 3.417013833251086 0
12.16606624978285 1.909580380728176 0
9.077374432059122 2.863591168538368 0
17.4641184957486 3.804605576741908 0
17.40038372151915 3.977829063626094 0
5.469150165428316 6.550003778159334 0
31.8821498602867 4.589105566288905 0
10.63264983385958 1.979800564923199 0
31.40023831309664 8.471195468278076 0
2.209073266367554 4.922216140819383 0
31.23331060930473 1.533532061446099 0
19.29695681151909 2.896338474840341 0
36.92320446034791 8.602840271840206 0
36.71957042199518 8.598226391118702 0
38.15557714215824 9.075397978054456 0
38.95689025433159 2.011607631985754 0
19.69792970567106 7.487927682273767 0
19.7401046111619 7.673240441888499 0
17.62801438290696 3.173705406489712 0
6.032866505233032 7.030197671058577 0
12.23946784031406 4.107490688047994 0
8.826479809124974 3.927677343829411 0
7.698262184387517 7.881338374887664 0
36.27456180419878 6.324209081843392 0
21.61742005804181 6.665797049114826 0
24.67361628006097 3.970999802823366 0
23.61792198075016 8.603165698282929 0
2.914704228962488 7.867106000568302 0
11.42595688360438 1.443453710720014 0
38.54015203162953 9.439388817464776 0
9.21448911535426 0.9093176549582234 0
10.74873510076983 8.85442215252686 0
26.41012202599849 8.140456828132317 0
13.6647427310502 5.466216633855775 0
37.47164616092727 9.898470338951038 0
20.6704725891187 4.979929514536846 0
21.01855612079442 6.06093711939454 0
20.86019564163091 6.129446592029005 0
34.91612713392205 5.331883477630815 0
30.96720854065559 9.875921037193635 0
25.66936153346061 5.481659342346346 0
5.378601655731916 8.147387423150887 0
13.32648661804925 4.293646531142286 0
24.71427356718185 7.488777494745118 0
22.2450745576749 4.523351886061294 0
3.923427755865406 2.686137138140737 0
36.40646273742043 0.9070568884008671 0
9.05457849139334 7.275481933062871 0
1.197419001166104 3.215572972846314 0
37.77295108761798 0.6784647280581667 0
30.69446288599964 7.742284721281841 0
19.46618413390305 5.853682660248349 0
19.32282587467529 6.015728153223871 0
25.2175958923561 3.116704777741241 0
22.68923871281127 6.487292446361141 0
22.71174920719426 6.663837141490736 0
22.18462701926426 4.928882533411849 0
11.19089868913719 3.048315422587199 0
4.934453581872599 4.10972620441723 0
38.89125410037555 0.9181979601286017 0
17.35618647672431 2.062710346027102 0
17.07832762754293 2.082348173954101 0
22.76067838236354 9.562147981330115 0
34.83138246558553 3.807061292645065 0
11.2130962100852 8.656962436446356 0
38.28869345537758 1.593147116173858 0
11.44150821700333 8.602836576100863 0
11.64364738521988 2.658837331264326 0
35.04400101417057 5.710718003941289 0
12.66943236118799 3.406311044973993 0
12.8285954749944 2.119754705922102 0
12.76123525780251 3.216357885971302 0
39.40732058668119 7.646229176589205 0
6.438799682254789 4.859928207822822 0
8.105709413570409 6.297515494307485 0
20.3486662003712 4.723737931238461 0
7.547151447762764 6.914790905367719 0
33.91486712893555 3.490590447055354 0
31.96682304851278 3.277070266843635 0
9.474573417453138 0.6462365839998127 0
26.29456753587665 3.249497715209981 0
6.845559729740596 0.7037390705669958 0
19.3905658907548 9.868994530774891 0
19.97704128586483 2.921938077516451 0
1.624222412644204 2.24390223201894 0
18.95692581129473 4.192105485083393 0
1.833667996246759 3.73560914565881 0
11.61799461465596 4.776608386973922 0
20.60435821839091 0.1139140111533341 0
13.00410478314945 1.966442944785373 0
17.89930815356041 9.737066656940465 0
15.38196368484932 7.170742858613095 0
0.4074668391120894 1.228191786482418 0
19.14223371797621 0.441960178119697 0
39.46409986692169 6.756077097213185 0
39.3951055979835 7.199097708082078 0
39.31348805751573 6.974876035340546 0
10.25200173746869 2.072645087966047 0
26.26245725876099 0.1106544073439384 0
27.389530680812 3.357327490820276 0
33.58494646175482 9.246924706099515 0
33.4073239891025 9.144162299903806 0
34.90445277690526 3.643179749645455 0
36.62775592658604 4.520639189253282 0
36.71165806642689 4.322175808216818 0
22.00214843690362 0.5218703267436591 0
9.646088066468712 0.5632987420268222 0
9.951766720041517 3.054219531344942 0
19.90268157679993 2.364783314214246 0
9.126807412355928 9.153611511514606 0
3.742647496343796 2.560542608388118 0
35.84747217557464 5.632267578290883 0
22.43216915595265 8.182732016923154 0
36.92078607721795 1.194381911058018 0
37.70154342991117 0.8426757478597966 0
14.01181037666326 6.696680181978024 0
9.311066724415292 3.13805089256142 0
39.46183043668814 3.163940212598511 0
19.0578330414711 4.028148387747305 0
31.50144241401962 8.833453787029082 0
32.24500392401436 8.569990426726484 0
7.613026514071723 5.267239769225667 0
23.76132313248877 4.821073844457731 0
2.318790184799767 0.2174518965379147 0
27.28499145939391 8.270590294035049 0
2.803314899852951 8.054168631566746 0
15.17759162561636 5.679009925586109 0
0.9592536554237329 0.132914791035919 0
14.55187804535752 8.377932582276756 0
14.34411567504859 8.407114692022981 0
23.61457925160708 8.778060053753677 0
37.76760610834004 3.122140369566548 0
37.79163057951332 2.87773039616788 0
39.00700415580226 9.867059655184566 0
0.5946443478884598 2.378531053739985 0
34.85660546455987 2.118337400458667 0
5.050271212933553 4.906720048334679 0
33.58333287625607 0.1835825697594143 0
5.429320870223052 8.350438036127189 0
31.95274983448722 6.12438537273225 0
31.9291673372855 5.894776553072593 0
3.33677976371169 2.885384081852265 0
3.605367664899191 2.697009399992705 0
11.47715492652095 5.56014156349762 0
17.22536384659494 3.247858667668714 0
39.03446011321481 5.714421932862613 0
17.07109961718209 3.364223269151688 0
20.29340763795761 8.334134196309487 0
8.248551733296871 6.464664849176415 0
17.5046155373649 8.300170470492612 0
9.926556288445092 4.351660751051223 0
19.60231388517228 3.721727426836792 0
16.33741260630022 3.264272961551817 0
7.532597772617319 5.427802075735234 0
29.80098172083784 9.848640876260902 0
4.364764548364419 1.681254277175728 0
30.35803995014551 6.851251157499991 0
2.534774025239122 1.343110550844189 0
30.81868409014175 7.054019020822807 0
37.02805605828004 6.684486835058316 0
16.65692386357313 4.279409528758616 0
16.47415810183686 4.375853620950815 0
7.969388299496956 3.34967694019279 0
7.061299336484384 1.992079801219948 0
1.912839584542327 0.26264256354308 0
21.8944126423061 7.087457577383486 0
24.89644112750395 1.09325243021717 0
38.08960145724382 9.701416323715849 0
19.36759006668469 2.522138202161466 0
29.82421441571276 2.682396592213339 0
36.22054722437036 9.269579380010006 0
36.06357990403555 9.160021075310631 0
2.885580129074096 8.201547757960336 0
26.42244172178015 4.459182275585837 0
8.231019997122047 2.057105277103845 0
2.149770291942229 9.715248749563406 0
7.538508067489659 1.356119245594896 0
19.72577485912219 2.876169324937584 0
33.69391504124792 7.683852058481986 0
24.36008090040222 7.726310899433656 0
25.88012087909292 5.157815317389961 0
6.586492504437281 3.453704698920426 0
28.99186203206854 9.86198821594242 0
30.32558199066196 2.081666683163764 0
15.14154373924863 5.236135596084 0
14.5087791575666 6.225295593683939 0
14.48964474647795 6.478762194435281 0
39.73777584464525 8.027633243855641 0
13.00019245628761 9.886713859890621 0
31.93435402660427 4.222235754740749 0
31.99968599149585 4.401184549268478 0
2.720178857365754 1.308250498619372 0
8.637956932914008 6.351936506627243 0
39.86493414872226 7.008367388863203 0
17.34819498934542 2.916939375276215 0
37.84639878440236 9.730939701989881 0
11.8245531190017 4.7851261231974 0
0.5297370366622779 1.955569184975293 0
13.68654573589067 3.884748430189287 0
10.41243073924802 1.328532466417127 0
7.036975489647464 0.7151157036633778 0
1.898141036702977 0.5220424882788443 0
37.04005662149292 2.191525585617639 0
29.65522569061163 2.564796108643187 0
35.78512946088171 9.855989366027929 0
28.91037407652813 5.70949909535392 0
25.40878308033118 4.132579726638631 0
25.52998152075128 3.958958877069956 0
21.60910151522122 6.85581606835456 0
25.66552755654628 5.000842322149048 0
26.0351566776735 0.7035258551756945 0
28.18224578755101 0.4895912608845172 0
19.25549740306774 8.945559291161082 0
21.17392793958082 8.933147626709014 0
21.0940831941051 9.149827673472764 0
29.47561660533571 6.625266836119487 0
8.621973857887927 7.674393142924708 0
38.38088728291524 1.921300939781632 0
38.43472487712791 2.115648771336732 0
9.86050551092085 2.641655555221228 0
16.13103799966469 5.206024472198296 0
4.075344313058996 4.808051753914017 0
15.12845139209268 5.845129110426527 0
3.127850043701307 0.5092793056489334 0
8.725018808962778 7.492749958377106 0
18.73764897534481 6.866196180358666 0
33.41661184043493 2.510155788204511 0
10.06053467657319 2.716360177407307 0
10.10951846352876 2.900431589495194 0
36.37528132801273 6.482014211955563 0
19.62073313517059 2.128767777668698 0
4.013949505879418 4.953150020767061 0
11.8968109927762 7.730897974545432 0
11.9361181274808 7.48731280446095 0
12.96482138120027 5.198583373440766 0
4.480140325027247 8.555973521005409 0
10.16885894068151 1.854565584382113 0
11.79452423418923 6.887745613269741 0
28.39772101642549 9.800643895487172 0
21.51546000252383 6.002951511343286 0
17.4267203766818 5.133244610177585 0
20.64275854786313 1.076544443440284 0
25.08615103471485 3.284354768859504 0
26.59035372443155 2.179815018997868 0
26.61824617133173 1.985045380612302 0
2.879569565480371 0.1307720240042083 0
15.68617197707407 6.650817763046607 0
32.14886928949651 1.320192730427719 0
3.755058694012821 2.372618561341999 0
29.06486083857261 6.048008823760799 0
13.82703150221854 1.678161477129248 0
39.59514677224754 8.781887329185103 0
3.615779759240303 3.111642367274926 0
4.232597731585218 3.335758975217264 0
17.00331078835319 1.478957028562363 0
32.15149556122865 3.253365622226871 0
16.82937998226949 7.024508535408347 0
22.63884114620895 1.503569239473165 0
7.01666868941401 4.76815085234639 0
37.35554944976908 8.443606299694752 0
24.47069476789464 9.717824521458041 0
4.318581929503648 0.372960861408718 0
2.582410893163827 4.141460823298612 0
36.49161565024404 7.422944478461379 0
0.4821446691838567 7.628727831473978 0
36.44026725528932 2.483477109435401 0
28.76614389252945 8.053719460522416 0
1.873984878377423 1.666764366014875 0
6.788981982629857 1.351154991282913 0
6.160795359533553 4.161331935387943 0
37.35809733608823 3.895793022057328 0
11.16993195997694 6.604550267494489 0
15.90302295387724 0.2713818372635259 0
34.81450696286737 6.783813163080539 0
15.30828932246496 1.183911585662585 0
23.40931680822909 9.859081561090095 0
6.985748082816591 4.996925327543496 0
31.12086114110848 9.771103167604952 0
28.70512230622785 0.2706617833423721 0
26.21205115715437 1.85932446109479 0
34.10052461352546 1.533063279360583 0
13.64513402604632 6.669497621293669 0
13.40510134604883 6.552713407276028 0
38.71991765624117 3.567100359284922 0
37.90633380429775 4.314624602264188 0
12.01080521906553 3.628308811365047 0
28.24530180943923 3.12338274149232 0
6.739998316724857 6.106583902720319 0
10.68680239317194 3.833595521662312 0
31.01857754965263 3.54187330455934 0
6.016172898603801 4.184346769739753 0
1.006618052656716 9.862611306812152 0
11.37937211583433 3.556838117362066 0
1.358067457065547 5.995847403269523 0
21.11636784801962 3.022444854516687 0
12.74144098560367 5.623144329597412 0
19.01246754194735 7.984486866567821 0
18.84000963769112 8.105612625784206 0
22.23268698807599 2.945412926886925 0
26.44604853693962 5.775647809571186 0
11.45397357554591 7.70240777301105 0
39.73241661224683 3.501317763354494 0
15.47946920390647 1.590693620262817 0
16.1352670403686 2.795670982300466 0
8.187399741381517 3.584569736468051 0
37.05565190838232 7.233044213475993 0
10.12779470975893 3.778488166681543 0
21.52596709315189 3.302401133544171 0
6.803568153247046 2.555651832709501 0
28.61829688186667 6.589176194280736 0
7.103582955755466 3.160297835626416 0
17.90067681448862 1.534418583871232 0
7.344715205115434 5.009530398567875 0
37.09273667425985 0.8223551369031931 0
37.44185267999862 1.116134942797475 0
0.6706156514919285 2.157000300853213 0
3.176372354784155 2.84377246346458 0
7.828300798587286 1.693957462944122 0
33.43584465296062 2.868714949372839 0
35.55504535408365 0.7586253554594409 0
26.7361122253175 7.310365536432632 0
21.28494465940433 6.414035287109699 0
14.38465307882432 7.055247383114096 0
37.54471348999281 7.19413022522355 0
36.68042561709142 9.377090630261756 0
2.290260882360334 2.122378452232869 0
5.917637960922406 4.519902862013097 0
9.087947356095158 5.594690997723578 0
20.38025471859063 5.696212532033485 0
33.02882589089804 1.960219434179636 0
2.219213787416031 2.458690378694898 0
7.161970736329994 5.118917996383474 0
0.1314187196689647 1.772609750039315 0
17.79083635848989 9.113217757309588 0
14.64137379432462 0.801458265041071 0
9.968584128180906 0.9091945518203195 0
27.94183331987509 0.753355805713019 0
28.14327552059463 0.700542468941865 0
25.93984800671621 0.2709706434640963 0
7.186649556370766 0.2330246252383207 0
25.77984232216371 4.816039275879406 0
0.9210312531272619 6.699115596894958 0
26.8208580497084 6.683775249262912 0
3.293219911980798 0.1234680727271259 0
0.2408993709742613 8.015748477847824 0
17.3061854718343 4.92186980997918 0
10.20115282072609 0.124357451837848 0
25.88207630703428 4.490854246532145 0
6.26381764691449 6.724673476124188 0
13.10280373785596 5.942740969346882 0
19.60418709363375 9.501154614418796 0
36.44025217581003 2.048701762119493 0
29.57519094269415 7.199265264648624 0
10.95905200179433 7.753287847403354 0
1.171070440179746 5.051505686516317 0
14.85851704371941 4.994469710245522 0
29.79867899960631 5.163549476522713 0
9.926684945357843 4.166999950156299 0
5.069166781997272 6.822638414470219 0
2.097234256413594 2.593005657859358 0
13.96861532448465 7.783304482540873 0
1.183982489691544 1.472970265096615 0
9.351944078327799 6.652240725619255 0
1.350970400039991 1.512961338290683 0
38.83428502190043 8.491087348307447 0
36.44084197772943 7.252368937737454 0
28.1977210164255 9.879403730182991 0
7.520450624559584 5.082544522829315 0
37.61683115293755 5.724231068489257 0
10.15909304100365 4.143028314710183 0
15.18841649864863 7.140899478478964 0
26.82458007739351 1.856981498576846 0
8.52716073992042 4.660291291348734 0
31.52478067899544 7.859849598120025 0
32.36829200436365 8.71580855182021 0
22.05649820233409 3.849965829358258 0
11.97051819790981 5.15064926963225 0
6.745876987796149 3.33638856101113 0
15.05098380754644 5.003093508897006 0
19.40996469844037 6.256185574778008 0
33.73872027012813 2.337507996052197 0
35.76150332078305 8.548166342430466 0
16.64811834457174 2.717016814299929 0
16.47446448167091 2.635938490358918 0
26.20400974641759 1.468292895127122 0
7.502887744850772 7.38636505668013 0
26.32282034101225 0.5049546282171246 0
6.211787333969977 1.212471991506699 0
10.95062917387902 1.980392781574062 0
2.517834662688072 6.493372897806289 0
10.38889774824508 8.599656027215685 0
30.97932219339492 8.808959686075243 0
25.48298807716668 4.518429481811236 0
26.32935396716012 7.625520247656728 0
3.708224066030596 2.92062957439282 0
35.29815741063685 3.740346650822109 0
35.12654694052849 3.600943796753987 0
37.37072607449377 2.190700771346646 0
37.24130396104665 2.33120055937149 0
0.4066037388376624 2.470268620511513 0
38.91760055740192 7.093700308157669 0
27.73717293429538 2.158612712708669 0
27.51583859616417 2.082788472005282 0
33.67388255667419 2.503806737100378 0
16.31438367218972 2.836819903061008 0
23.43328343202467 8.925748771532399 0
25.3686874537649 5.254299395494453 0
14.70532308841214 3.517482162169156 0
6.903379058226385 5.424291614244691 0
27.61738350645582 6.18006437151595 0
2.143334151071318 2.243614192877839 0
2.654200551758274 3.984252804066565 0
24.10775585555452 5.989358502234441 0
0.2449002332845185 7.613872346661434 0
9.799191973859932 4.024634059522146 0
24.53362381835741 7.8058068960439 0
31.13736568584283 7.098492381175766 0
39.60532326362718 7.530205052932413 0
17.0310660466293 6.924498799595995 0
31.41660515637645 2.790253473287566 0
13.94902269244719 3.31773216540975 0
15.01968989524459 2.826816602287181 0
23.49558111013038 3.855279205656991 0
6.252925563578444 3.97409349285061 0
9.308902817655801 5.703106636640488 0
30.04434958822881 0.8311157672465113 0
26.35421232156004 6.703120845816035 0
7.688725930542997 7.407508373334309 0
39.7442231862309 5.680582055205725 0
24.72838089251438 6.819264338850676 0
7.208553195994999 1.578288787031302 0
16.38660965191984 9.48652781894635 0
30.40853861023939 2.348767058691823 0
23.86901074846147 4.645968006770809 0
4.202997803478261 5.248770117918504 0
4.220208162484483 5.09244920391832 0
25.25176990909839 3.661067996688374 0
21.33735262243431 5.988431470520584 0
0.2262417585169469 9.491351394913595 0
39.32128694991609 1.689716511671276 0
9.687970536006423 8.14801840802876 0
8.75229373168183 4.985350496768287 0
1.149375608426985 0.21462699326718 0
17.88918982799588 4.346196489484469 0
33.5189067675715 0.6606139269493084 0
4.05284610579908 0.1298846515832132 0
13.36333988709882 8.523848257723056 0
0.2511890082718234 9.882144325061509 0
0.1178556749384905 9.748810991728176 0
19.58867637542119 8.595834949326589 0
0.5599293134254619 7.438606462218549 0
3.89311697303258 2.897925903351562 0
30.74311418477231 0.2697258532028898 0
34.32742867387466 9.74294463806177 0
2.878087781253629 2.037819582872125 0
0.8430661038510996 7.169748639773952 0
15.89350458226452 3.173475754722288 0
15.6240475020604 3.248779298592634 0
16.14535795924431 2.409990768569989 0
10.52278012557516 3.556260743592855 0
2.403976769884935 6.33263765788302 0
36.72315905847912 7.427818134634574 0
31.09760230803544 5.608376531879022 0
20.68941293196734 2.219052616376943 0
27.03827898312851 1.916513578722732 0
13.10996583176886 6.179261189051895 0
1.879713337267845 2.530610763585015 0
5.673453788382116 3.685504224620492 0
8.032156522526543 9.777644068458594 0
3.871931389296645 0.2170477829845966 0
8.861305086105585 6.036324999298664 0
16.60181164554931 5.749138159587685 0
30.26364010392727 3.524153025650888 0
6.960941214277199 3.361913256014236 0
29.90810397287134 4.819728970685524 0
29.91168690013219 4.583840945562466 0
37.8341132778575 5.599743181097343 0
35.08372555059834 0.6718595722646917 0
18.09542992350508 1.529424551704855 0
3.356306759931516 2.325794806877686 0
31.12403757433319 0.5128250781369283 0
34.74912266066438 0.8742639994525551 0
7.402956863846846 1.592187502353631 0
39.89316649718626 5.334100998025407 0
25.80120174403255 3.731678102447697 0
23.76133223149179 6.445747395608819 0
32.10133280010959 8.138711272266839 0
31.82814919523294 1.067966020502525 0
31.89612203723441 0.8575408912950925 0
1.714946165735024 9.150560550286768 0
32.38462830480278 9.085663309048494 0
8.212769243349575 9.871502184702962 0
25.10037833955517 2.839960614493965 0
21.63606745959029 4.442350712537816 0
13.797132623679 2.228198320679895 0
33.38011260694014 8.955922415673479 0
21.42241364004491 0.6629966559282879 0
21.63733178861733 0.6805860188799532 0
13.80826805598431 2.027297318639025 0
7.341593101016069 3.989320961966734 0
30.09981307944109 3.645713722099169 0
34.20131458831925 0.5682248494412802 0
20.41860538889005 1.639884110929182 0
26.50519877649984 7.291410571151353 0
35.90243435606498 6.187974217569622 0
37.28456675456662 2.88480605374021 0
25.90781759236087 8.037630828883387 0
6.745377468503097 2.748585323301345 0
13.28395498563264 6.211188675999879 0
34.08912245728821 6.636609309627673 0
32.20055619430882 6.215275607986755 0
17.20661194069415 0.6892801362200204 0
3.291758537557238 7.697771298671314 0
35.92257181684298 6.569496949778444 0
36.00812717257359 6.350774282769547 0
18.34057020000882 2.18003531294097 0
12.12449177002659 5.878714855041637 0
25.4799797015893 5.433175432585442 0
3.99803005898139 9.752781111264659 0
2.980910678907037 1.835121872603317 0
33.42419797864473 0.4929350907672238 0
37.40694741866908 2.704747974161139 0
8.476845184525088 6.485541233318318 0
14.78660959377593 9.207525695546837 0
14.99430861368774 9.300639341626221 0
35.03110619915279 5.908550598185035 0
2.993422622924798 2.214930821273085 0
2.534738401764259 5.555403616919707 0
15.26919253023972 8.572254480128713 0
17.57658863850038 0.6767941128767402 0
17.48776770553796 2.230346467637482 0
20.21917961730038 8.128175961741446 0
8.776973140561717 1.328940750368457 0
7.715848539263941 3.966089516909637 0
38.76186709249555 8.324628756116191 0
11.3124577732031 5.67496418945658 0
38.18302399110415 1.290620652413116 0
3.773852204595528 9.364617819285415 0
24.74217003359379 3.524165581239544 0
27.06357407041023 3.149438697457331 0
37.63385654953337 1.823170083692036 0
38.5642267909459 8.790025732533007 0
5.848120805851643 3.707110795002527 0
9.063985675318539 5.328361338199535 0
10.49110636781307 4.364923526888251 0
17.72937584404686 8.408557566278093 0
26.34538056068931 2.258259715905202 0
38.57758249719721 9.606294065105027 0
33.60739066343831 0.3558723472607317 0
16.83232323812853 7.1963330207672 0
39.0829883778817 3.389710358106923 0
29.63833837463653 5.280203343549467 0
31.91895179434195 8.806440782847279 0
31.52662497677743 0.6881157638469011 0
31.73243636327878 0.667814846825766 0
16.82339297089321 1.531153949343957 0
5.253658741883823 6.900761129872283 0
27.09427935488819 9.324484392859762 0
0.9970028269776385 0.6774344816490192 0
13.00333779261876 6.638692479141741 0
14.6300276219152 1.381316799280437 0
4.930195427369665 4.785785551809796 0
37.90234656207978 8.782445751012048 0
20.48003958621196 8.405689435121067 0
2.715439825438092 0.581250227661023 0
35.53088243554372 6.590506021297731 0
32.26849723931605 8.946068532422755 0
2.939362620261836 0.6502138596503905 0
8.896166332141776 1.479661093211176 0
38.3700422411829 4.547892686877004 0
36.81320291985426 1.88414115246629 0
36.78855141011656 1.689773403020187 0
20.41628894037922 4.088775390815008 0
20.29908819314255 4.310844250454278 0
24.18143704858317 7.817500481412996 0
3.209049874469615 2.178147506199906 0
2.474903230632505 5.877453967833744 0
31.319515216779 1.708355904175717 0
13.53237129208847 9.206619479870033 0
30.55347748079438 6.175029834535903 0
13.63558182274333 9.023168984091647 0
5.861756724931396 6.631607493475106 0
33.39362184124018 9.883376740847201 0
3.902676273030924 6.402849413919824 0
23.18773675877074 6.487697823553922 0
8.460274863076565 0.4059667046121837 0
25.03381586908778 4.937758342069514 0
31.88509479080324 9.161754897608922 0
24.04325122839938 9.367813688285104 0
2.763256167062866 6.866322095878878 0
17.87527525272271 8.275420758791965 0
22.17650728807797 1.509065163590541 0
18.93625479225355 1.150349714639927 0
2.010861833123482 8.330743464242062 0
31.47232072291017 9.744273586012079 0
14.97359931786988 5.942908942134328 0
30.66855292578784 6.019183288152335 0
35.57126461769629 3.439765988279998 0
3.444656144341223 2.680434941648889 0
4.917140285003605 4.296926574720388 0
0.1244349338333393 2.986805119193801 0
30.02028588833822 9.739703850728977 0
1.927391738726798 9.710618773924336 0
19.42425984490592 6.768715087965133 0
23.39999999990697 0.1332294604438064 0
29.79913005338723 0.1014537312560608 0
7.166204472293775 4.687909866173121 0
26.10138792241215 3.191174890403479 0
2.963079270769831 7.444399496304855 0
11.57708764928492 1.100856129367566 0
34.10768953364682 3.550908527838244 0
0.677921556218454 5.3694637884485 0
33.98671149299435 6.478823456766027 0
4.005960658750706 8.833376386731087 0
24.27923189131848 4.066080290863224 0
37.20882621647925 7.088885855136577 0
12.16397506984016 3.757420187561479 0
10.91082255448244 8.965244232275616 0
5.959764415433924 3.084452318293794 0
24.30376251042856 5.080389286503596 0
23.95370201299563 7.23990708262781 0
9.231461923741115 5.216243754001258 0
4.590842470026389 5.000943712123439 0
21.62558096329397 1.284705602280526 0
28.54691806385578 6.411286349992408 0
10.0019335193443 0.1957475666018058 0
5.484849047362267 8.01939230963055 0
6.129506508573402 3.022150479422972 0
9.589547536319671 4.051330019926842 0
33.59362184124021 9.794052766169173 0
28.45451044450786 7.521228733012457 0
28.62369036687928 7.435229388428191 0
16.86989258031907 4.355847683980965 0
10.71330887737235 8.672734789320803 0
14.43416115858918 0.8904852897544275 0
6.552977714101083 6.499561787261951 0
6.402945533201915 1.282599250633182 0
26.16127633771771 2.588166832315904 0
26.3381377101794 2.464637687193064 0
20.46993691987766 9.781382630148379 0
4.50831311815031 0.6784970402151925 0
31.80244705984395 6.862364979146893 0
39.32834914186402 7.889033296176482 0
7.929181995930364 3.127474251964266 0
20.03674103925659 5.802775868836142 0
3.238377924944182 1.458582071500284 0
39.00041830240286 9.329895130472439 0
25.92896504361649 2.134059611739819 0
37.50951654272112 4.635895962159476 0
24.03963296041594 6.161414982421658 0
18.99503427146867 8.446406534150489 0
21.97490933461995 8.090387282746612 0
33.40117878804553 4.45839485344935 0
7.495594681103313 7.880635555672588 0
13.30123188278168 1.622263349280533 0
14.81345417009614 3.911075935069527 0
19.09407057382503 9.043612798924743 0
38.8939570363577 7.285715707403619 0
14.46625047761792 5.422644114889437 0
39.23485756761782 2.416708158830115 0
13.79607621699019 1.487780797157462 0
24.13921543548567 4.375795258915815 0
2.471876200301338 8.595249533258366 0
16.48806608711579 3.417796609216209 0
1.96868001082379 1.837635745816244 0
15.4257394338026 9.414354443567126 0
14.41257736388278 0.2209245038784855 0
9.019881163950842 6.094075918172718 0
26.62708164975602 5.915011957137428 0
3.332039073148906 5.075163688183892 0
12.86906009978705 8.457814956926091 0
34.62673201709661 3.350624398955388 0
20.90890339496443 9.579117412409405 0
18.82600121475243 8.337137427057987 0
2.514949673065114 3.360076870037481 0
1.809143863574042 2.337817399143197 0
33.78273494180126 9.202721727387518 0
35.50894595921653 6.245649816797545 0
0.4788691352293511 3.20490981994206 0
2.603300081965323 8.752565867494807 0
16.8614993107253 0.9718811502773944 0
3.439145341086881 1.340814638763711 0
33.46443166293646 6.279880340393478 0
33.16270589518752 1.836284475747648 0
9.998775254136001 9.795779448530034 0
7.753025982669491 4.425874149808944 0
38.35729431603731 6.569493421279759 0
30.33914795305211 3.182863492328258 0
4.840182658802752 8.660964724617564 0
28.47973874268733 4.229954830106448 0
28.64484971031106 4.357583529378577 0
10.59421362074561 4.540850775834364 0
20.61082358794861 1.256879299807785 0
34.55831153180588 9.879083325408679 0
33.29876786370664 2.304250946456538 0
2.383261289546962 0.4035274734661464 0
19.54890479975482 5.164306718495133 0
13.36456348993816 5.279542931125376 0
26.30720408594525 7.972681447615078 0
38.59732230274699 2.219847233046516 0
4.739474426014928 0.53685342805255 0
7.796088731234446 0.1390014471554403 0
31.12931510455331 8.669590011646774 0
38.69196084944723 1.660094602852155 0
7.936017956808139 4.022964808354922 0
2.525097257075883 2.193108307082786 0
15.59594161412309 2.863010492508584 0
18.65744871297002 5.173269071116692 0
18.78132217384224 5.330439718072252 0
8.91565821029757 8.848701811282192 0
6.429663758809366 7.105141415292915 0
12.42164519231212 8.567523659330986 0
35.4990925356576 9.571357736255317 0
16.63379298820593 1.439345995745414 0
19.45168124857989 7.394195504790268 0
2.460860972977339 3.511071373942839 0
27.84639141314522 3.263398413709516 0
30.473100133524 4.691205741467847 0
6.645110443670252 7.025730754019647 0
15.42743425806448 2.574952886002125 0
1.001700641522403 1.547532975821022 0
5.308415063951059 6.127414033413793 0
38.60802410912701 3.42576016096534 0
1.941224850674169 6.580184591675223 0
25.62543982222906 8.677278071509109 0
25.53599099160658 8.903779075666087 0
19.66406048044756 6.331483941736418 0
10.50687640772638 8.696978938217391 0
19.26084393920473 7.47806731319339 0
15.75776129367491 0.1202045260598654 0
25.14658163350776 7.448310070128692 0
25.21217239443502 7.653762155768937 0
14.18286436726148 2.073825166893814 0
36.15288740582893 5.053312228870227 0
32.54796451210327 5.486823557397276 0
6.714945506728774 0.573637387003619 0
25.11584801629506 6.00638239961409 0
29.34425807000611 4.343594521388979 0
39.03983155170402 0.1141977019970877 0
3.103990426402105 5.061509993856838 0
2.257583686786631 9.891891915344287 0
0.1083860835784564 9.342540403185419 0
36.78752007659259 7.59874928638429 0
7.771625085081986 3.775611589211473 0
27.53433791361961 3.520911246428493 0
1.874310469109575 3.383520667280747 0
15.32431809621095 8.78999955535201 0
22.03730707832146 4.461662952634897 0
24.4432233669312 9.281389233834181 0
39.78364712393773 7.208626647992098 0
10.80740263404732 4.597267738649804 0
12.50095869504153 8.719090371579497 0
0.6944848215524928 1.001567852127975 0
35.84053359859445 4.715418263159035 0
10.96328071631259 4.4974200955856 0
11.56774533322577 6.678129375463847 0
7.083499058357856 3.513132813428057 0
33.04211702813063 8.087674612275867 0
29.48493105701213 6.441168450007859 0
34.38587837380904 2.191809925080892 0
34.44510453735353 8.223509530288682 0
21.47130142599407 2.816621217715952 0
38.76882416343788 4.306197894298877 0
10.58341766161594 6.558256505362022 0
13.94117994823351 3.571842037471136 0
38.16053014623581 9.456986539889867 0
22.24484101241315 5.81036906928998 0
19.1923308104252 9.779971641145707 0
12.2192233810212 5.218066892029134 0
6.933482698739567 6.454509105069068 0
34.54894278369031 2.302809885131243 0
5.258371791733807 4.865389622604561 0
20.32469829232121 3.170094110474718 0
14.00448449879007 0.2012850108371583 0
38.15941936580238 4.632383183181855 0
4.776397475920597 0.8559666416549621 0
7.468917228600155 1.184006875980053 0
11.49580039517707 5.977788297509636 0
29.19031512487161 9.766098189361676 0
7.350545580388778 7.542406773283834 0
30.78033508793722 0.9102981878486368 0
34.48820316148738 1.196735528182723 0
33.0145513583405 6.345658374566812 0
27.89533915932277 9.197831228948582 0
31.01211102196185 8.326658976515853 0
8.219344572975928 2.988360138984648 0
5.035683829515678 3.553990131037805 0
29.60570576519341 9.357938621435746 0
29.80665787154894 9.277921971088688 0
39.88353441494084 0.9973339111351089 0
11.70027134021058 5.883193076060654 0
10.53670522923791 4.163751782047873 0
12.62622945260301 4.994423905686069 0
9.338000947603513 5.878922981614282 0
35.92109195853559 7.72905063384205 0
31.79341556175323 6.500569446561723 0
27.48334746101626 3.17345873083179 0
28.36002604194745 0.4197021284213784 0
32.26422961704996 0.2624079597027976 0
10.92731493527564 6.793231920862541 0
34.83501822968537 5.013200154941912 0
6.601471659855189 8.954763247556626 0
38.01525219350665 9.262828828976469 0
36.8279459623764 9.52031450319477 0
20.82642610601378 9.78620434201634 0
7.991794502626184 3.832486880656758 0
23.26570854600714 3.029164943036406 0
3.750048773231109 6.228501854086308 0
33.26814092516081 7.757231653271213 0
19.27877245878609 0.8351726125221313 0
25.53211736865874 4.32276821253705 0
39.60088464219591 1.492535490301276 0
33.42692754991979 2.123314100791566 0
26.50802307581241 5.606108268842182 0
11.14563072365372 4.2197957284552 0
33.60960924010202 2.162920201491359 0
38.18987406308776 7.830470202627954 0
33.01390693296026 1.123472824968006 0
39.80283773247445 1.197333911134837 0
33.38344370046534 0.1019685290743124 0
36.00800928937587 5.339951284044727 0
39.47761598246272 8.070437363442613 0
36.53997179496112 9.012997103435048 0
26.6211037471913 2.732233882558833 0
7.30534151153093 5.465075203279785 0
4.54523616805598 0.8642769204846599 0
6.112981897327859 1.8 0
39.05509927794159 2.507925436637878 0
7.109103980580824 6.193764023028081 0
8.289091671808819 2.778872284157186 0
38.83699989315348 4.495965904745209 0
13.76127303895904 3.003294762789226 0
19.75104697785016 5.032671968034403 0
24.5750790200698 9.466450522727735 0
15.77410045815449 5.220866248407706 0
7.341571989999358 7.72451359424941 0
15.74924684296349 5.853942375138068 0
10.6810676788338 4.075039525014431 0
36.87791165619868 7.214559347042656 0
24.63855843140733 6.114848430044383 0
12.11817228968893 7.01897073065262 0
8.454083637637593 2.759986223182189 0
32.38521436185969 7.972826802343765 0
29.76153045488623 3.736468347322051 0
33.20396851366568 5.971208612000822 0
33.17539427637072 5.707082240472677 0
24.88422097526669 4.811401163741233 0
27.2869695439692 5.09538914221078 0
7.226079842760877 4.468603301922871 0
27.02588562385531 6.63195475162327 0
26.84675285117673 5.270582176516803 0
31.47235798568945 9.03881751324699 0
31.27187575231943 9.166830174977591 0
21.62858114669767 2.932565123658442 0
30.61284922669991 1.94728889007182 0
33.04400455695087 6.718069516435413 0
7.248590978530582 0.4200044466186279 0
4.539239559980289 8.378556694963565 0
7.301796932620462 5.675911714110285 0
15.26880886951881 1.445463054600511 0
23.61566296819305 3.705189520060107 0
28.44574678960018 9.620394785025033 0
5.435175862342573 6.219305998454606 0
27.47016469639595 0.2580278682062708 0
36.01425922528468 8.937180229608398 0
8.05181101573725 4.171267556195887 0
36.32104437127956 4.912000429424531 0
11.28964760973246 4.307544868867827 0
30.87655976029705 8.164396911303569 0
14.01090464340648 9.219382156683265 0
13.91669851789233 9.032453827841779 0
10.79905616369354 6.139629464389844 0
11.91095477560494 9.266200497042897 0
28.69542240337617 8.232194201661715 0
22.96505416549663 3.671494410896836 0
11.69108989054992 7.806006294985559 0
5.834007949562955 6.868242306974204 0
36.03029404234786 4.622723988294024 0
19.70687930390986 0.2603676552261589 0
21.53067999248636 7.251360689917889 0
23.27151705119016 7.83722684124047 0
10.70820897376691 2.53464175551622 0
0.4846790366783035 7.059262079682548 0
14.04368985624637 1.947486226656117 0
13.02411344539714 4.953738508943526 0
13.20258078342675 0.8770994540400432 0
25.19358047505776 9.273647407243836 0
13.20047240515438 4.91991149946776 0
37.90497936029615 6.721181143780595 0
21.45121017996727 4.898049326253793 0
21.63037528090328 4.939670513205108 0
7.324731402626405 6.307799963209082 0
10.87521111495425 2.474803091551379 0
23.10490129350069 8.714463040774159 0
16.98865706075235 6.72348674826388 0
21.83726623455846 4.599542672141419 0
21.82063399982761 4.803893110939943 0
24.95383238604103 6.362074027960253 0
11.40538098828248 1.035690433196155 0
28.67609946059965 7.874867560144822 0
34.83807963998478 2.574665129733404 0
12.33272604299269 0.3574971671935886 0
1.315431752519528 6.88681487864027 0
7.461944384494117 6.205578548956773 0
22.09598361005941 7.161352598055355 0
39.05928470269131 3.18284781217296 0
14.8328965478532 0.8874517086948367 0
35.11414613469348 7.961516829967341 0
36.21338551167214 1.34974354368879 0
24.11708714136715 2.455844087786158 0
24.20026505337149 2.260236473270503 0
30.16584084227367 8.071697977670496 0
39.2153678141992 6.229206318255628 0
7.716064479645155 8.53862701285696 0
38.64489923804303 6.342439441439549 0
38.83760012839883 6.257610073596187 0
25.35267970039287 9.586345652162146 0
7.298970619112673 8.993837137772321 0
8.861502997162388 0.7689520987454812 0
0.9247832249461796 1.730885767075284 0
30.15687549910526 4.900932343910231 0
15.82573766168923 0.52881596876531 0
39.86096612535707 1.778907915280193 0
34.89236530106248 1.382835883154101 0
37.73831282759394 9.898470338951038 0
33.99087938785832 4.813267960641737 0
4.381926754634335 3.666065818462818 0
5.006852254655496 6.611329230196373 0
6.078693667574785 6.565593118212845 0
21.84618552978274 6.920731027494472 0
18.61757705791927 9.873110144550902 0
32.01081008382884 4.754627598647876 0
19.03446556126633 5.306945536966808 0
23.11882107880664 8.519149075806961 0
27.54476165879456 2.651989746483692 0
9.253360700748075 8.006683011913479 0
25.75290809509034 1.48024748992437 0
24.97305959671105 0.1403580313284314 0
10.38707507914553 9.780150804853696 0
3.171743182597786 7.877577069559615 0
7.403988553216604 4.481997757985573 0
9.164443836287083 8.225475185344798 0
14.89970195220984 9.710104496892216 0
20.07368547404166 8.477457922069256 0
20.05661336466701 8.651357424967621 0
12.86138963913554 2.368625746697143 0
14.68844635195395 3.01925228853259 0
22.53848573627342 5.01685186130283 0
7.128981463632279 6.599590323855538 0
2.687856373045006 0.2152941313702977 0
23.49184242523277 1.572258108914975 0
23.6957966995026 1.536019379439476 0
8.414956696149067 8.367173216016491 0
6.406757627518277 4.052774268301991 0
10.45728427560321 2.154813238811838 0
4.355493564469451 3.874495516905025 0
38.01836370754097 7.778545011182821 0
3.390280546791053 5.954430212274578 0
37.02514186845202 1.604717721763292 0
26.57914371287903 2.54260955393522 0
1.710028514996111 0.1297127743712547 0
37.28328869106296 9.215511224368376 0
31.81721314855615 8.03071330218409 0
13.0658191746012 2.473675174364418 0
7.190635602137623 0.6040320071037814 0
38.43912584229417 7.320662247220508 0
33.08027865866169 4.083666856127802 0
33.26359797559666 4.106783083172586 0
27.62525761938333 6.590756292437329 0
8.128540119140631 3.767253751769971 0
3.202538092441598 5.799762863927438 0
35.21031710539359 4.285806797648678 0
35.62707708504581 5.03783121566821 0
39.3235197855025 1.296166644875974 0
38.38521577343425 7.127050490413903 0
33.3919364293285 8.17706427379351 0
20.30323326393374 7.953441392396066 0
13.83549659724809 2.872466050606567 0
7.771682507960393 0.7061435536271393 0
35.81589531377704 0.973083383723536 0
28.39066344557509 3.299598906758388 0
37.4235337830232 0.1140978225074269 0
23.7318687885713 2.27693964552157 0
37.36357927557615 7.233644663442921 0
26.26584841393182 3.577582930974161 0
26.33338504564776 3.415162253400297 0
4.956103432086571 5.501374718972268 0
35.17724574678369 5.278444632846683 0
7.040722854465122 6.780964092618675 0
9.946806286070208 0.3626235426388746 0
20.30882889602964 2.66566636352096 0
33.01404169454204 6.115770915966107 0
32.799695106257 6.010007569956726 0
7.721522384525909 6.023021043424404 0
3.047347877861338 4.299172266388516 0
7.588631232098279 0.5974337146308791 0
30.64390413344087 9.037381798717687 0
30.57568965936258 9.223756444951528 0
20.87929863886492 3.720960449941544 0
20.69586759278836 3.799113698718334 0
29.09018863670393 5.01832218029609 0
35.66401767100086 9.058774827179098 0
25.10828173503732 6.208895578290037 0
17.09450179501474 6.109600100976362 0
11.22903492896971 7.023356209715651 0
19.95380577226007 5.141510789990478 0
26.71559281772155 1.232317549637622 0
37.42701914869334 1.741647335128579 0
6.775661974368806 7.391406430984136 0
39.86997713886819 8.231020783381709 0
20.82093207424692 9.43041698259527 0
16.46364639778595 2.421357807290892 0
32.86520715856485 3.116897754722658 0
22.10213436609848 8.325119386159214 0
1.037669902497785 7.913637368422559 0
39.75323618006701 0.1134304866007492 0
39.88656951339934 0.2467638199339718 0
37.74217879211427 4.662533697986607 0
4.836106089734336 5.63305804249454 0
21.25969717144224 3.257113874234884 0
21.14252057107184 3.456166576768191 0
13.63516317406005 2.319516630976582 0
23.42102027042004 1.826902904771858 0
23.35701969118697 2.311098055083784 0
1.206515351162802 0.3932772073904149 0
27.1140165281734 4.929423118245142 0
14.01965914106732 5.669849102186284 0
13.92929781332774 5.891391566737913 0
6.956360501471164 7.51406478273976 0
24.96087911038691 9.311443871796085 0
11.24330076943107 5.312232613358962 0
1.025198165251888 2.342107126532583 0
32.23581941823259 6.450366846324638 0
2.124283671204767 6.542990327997498 0
28.36938475780789 3.529216480297323 0
39.45705110808893 0.8845285595538129 0
19.55914597389799 5.418188248862408 0
0.4492392669505363 8.656698806312972 0
13.13486265473998 0.7042760407765624 0
6.404207224240413 7.950460594366909 0
39.25559333348942 0.8053999493932723 0
5.00992229924007 2.182918623498479 0
33.37039580083874 5.586271570155801 0
23.10382407160825 6.79981287171021 0
32.94526413124887 4.941563960883213 0
12.64533890335264 6.085256508159922 0
23.54747566631607 1.956381660765573 0
11.46573130592459 6.169571562344924 0
33.67482359763253 1.424407918760339 0
17.2401915533023 9.368671657433644 0
24.53698802228958 5.752370084595313 0
10.1661070726316 6.272037823420317 0
38.47993391646192 1.752376667207476 0
25.79432047578766 2.716355672648149 0
3.075673132526735 6.695279753726065 0
19.97747080731732 6.975652521579115 0
20.11154180350341 7.085305083143599 0
0.6177737017197407 8.774584307392866 0
27.44896580301921 7.552139485521505 0
31.77569904613201 4.171744322959612 0
23.35613791295698 1.457841087359986 0
26.48429555263611 3.09703901231428 0
4.999075740174939 5.947493154521634 0
5.032712278658201 5.135011769709704 0
39.6175283725033 3.067293229577713 0
0.2398976079383415 8.752868088244716 0
27.72032238362889 6.018972937676828 0
24.04938303612525 7.08443496370117 0
5.14005075533695 8.077684873243312 0
19.59762948411847 6.708163081906579 0
1.77643551129385 2.672094188680018 0
16.73927509079662 4.81962005800413 0
7.13073365273426 7.821561218210498 0
31.86530227866823 3.488894724954825 0
33.64068444580248 4.027359377262639 0
33.80172636649336 3.897370856284017 0
19.76018811700952 4.813588099653594 0
32.71925545361843 4.903324569451175 0
38.65126996635023 6.712136134959672 0
23.65663844326937 6.051542866162751 0
23.80938982116458 6.191415951488281 0
21.13158632452074 7.370795433323956 0
21.36918250843904 7.437307406319538 0
12.87333552014629 4.728169268229578 0
12.94145898705835 4.487971205502922 0
3.381197037841313 9.872921795406446 0
19.10952325491936 1.267970035653309 0
16.71361817842114 0.2404717976983917 0
24.25406913115614 9.738830424545156 0
3.076628709742451 1.376591772280026 0
39.88689041972039 3.359310806890745 0
1.689508076942547 0.6481619124223983 0
32.35905296935663 4.450131178418343 0
4.848692904499727 5.850617262534604 0
29.92046308997503 4.104831122547709 0
17.56212269624385 9.77412027594208 0
39.30834721654085 9.000130820501868 0
1.915602774866899 3.934731295211627 0
38.82674216236365 4.925758954007001 0
32.93956870533768 9.076202729987974 0
5.532608118113649 4.01824230806141 0
31.3287774652417 6.347285294114429 0
5.599962726634686 8.447457561880697 0
14.84843353074465 1.301556981955429 0
3.127322064677184 7.159763751269921 0
9.510309298034285 6.149686553418257 0
24.94803137671205 9.652532143175796 0
17.53918111284373 5.521102839866493 0
17.48847053296529 5.704359839164426 0
25.67240874034862 7.589704301237092 0
38.02183448757005 7.433229873166407 0
15.39359617276001 5.676323052504787 0
14.01721198460962 6.3155413901804 0
33.40402415194995 4.277271639009093 0
0.4660620747715172 9.152870364168876 0
2.122077767502188 4.010168278909553 0
37.20651204818757 4.880083851655757 0
19.42277007568874 0.6438523991375859 0
28.89852797718667 0.2603055144812432 0
20.38372157287341 6.682307224283433 0
19.76514301387742 3.860967968342678 0
24.71275008207118 5.221114066641396 0
24.95524085980925 5.184630900307531 0
38.86617967626778 1.262654117100265 0
11.21573783976549 5.146198692602858 0
1.458839096229487 4.394401046507038 0
10.63738059264087 4.913750128217594 0
7.077571376072451 3.702953979370518 0
3.826419994130063 0.3995107156811744 0
26.80947871371228 9.518345704619955 0
3.784774232106499 9.142710848567033 0
19.51141117385745 0.2590755477176655 0
2.636206910218422 9.883289443290845 0
19.74952139380133 1.642307746823577 0
2.26209003426349 8.600331025586939 0
19.12987563277727 9.584101347568964 0
32.37432126644698 4.664720196987235 0
17.29587139942005 1.248929655864416 0
13.93895505260002 4.811487589590564 0
38.12804560950767 7.01572226716939 0
24.0668981447205 9.554368496592359 0
9.573956052784117 5.974317509982487 0
25.74819404840727 3.948279306385501 0
25.86519408552249 4.113336829856462 0
29.38770535118038 7.671941639806398 0
14.52318696727896 2.715246153703678 0
14.62436729602402 8.8705638147086 0
14.97234873690399 3.752121398214895 0
10.624419176881 5.105809928179792 0
0.4300690653123507 4.408211599174638 0
8.899550479009564 5.684010513634457 0
26.0011512886544 0.8984867970833205 0
22.35977940473286 0.9303342579715941 0
23.30070247087356 7.116013237335824 0
23.29494398861527 7.342336323932204 0
35.48316632692322 3.266109831219011 0
14.9959053069154 7.299642799355819 0
15.01859574907264 7.525215498840052 0
16.1693874781843 5.439249549401879 0
21.28078748308365 1.952045882238429 0
2.958123050952666 7.204069223760826 0
6.593728954435303 9.889804467669219 0
39.60245870657238 7.275293314658865 0
3.529558800649004 7.686106169788711 0
39.04134739596236 4.584087420308509 0
39.22103436463337 4.516112975177891 0
24.14121142272577 4.962486193928846 0
15.88837161708128 6.732007006039344 0
28.56412645761499 0.4925880098055897 0
27.4781736862017 3.695268880311028 0
2.216526259501438 1.910628005195506 0
35.25101578026785 7.227458673289576 0
17.95201471483606 5.510323625353553 0
7.423567608764182 3.307693617852301 0
19.64976336298174 1.798222736497962 0
24.93806905971332 5.657814394698806 0
7.376480346752053 7.015189779892982 0
23.1707483231784 3.663831263841444 0
29.24897834810188 9.559828130779371 0
15.93783826414141 4.870570950466377 0
31.35365260045287 9.895182130411317 0
15.48299870734686 1.82122456129858 0
15.31479180817932 1.984662733290796 0
27.12136604600439 7.09350249528651 0
25.97798280639144 8.274428841048785 0
12.27325566173707 3.362015381499173 0
1.344380687883912 4.602023346325563 0
8.176038056784185 8.394687360423243 0
35.22213490821124 2.364396513161784 0
32.39361035470312 6.073674126385638 0
11.30465152610307 9.087408600082551 0
10.42380200582071 6.479686358045105 0
24.65386334471388 1.419771557973508 0
6.388125477564643 1.536793925794536 0
3.790629633070852 6.037275146691852 0
34.11139023079669 1.13133825227232 0
13.26926291123268 6.927529998366841 0
5.377700369421738 4.339204305820499 0
29.85951479983306 1.460719917554981 0
25.82894089399429 8.371818567098044 0
3.987334944316627 5.924923859900296 0
9.63189842813191 2.742352803795718 0
38.3188538089675 5.027372883106867 0
21.399169333844 9.874044076825141 0
9.936308978281689 7.672380016300402 0
22.67303510133643 5.122377697160352 0
37.89547720703442 7.286945790473773 0
14.68145179318837 8.513851927370409 0
30.32030333855089 6.190672363862478 0
20.64911122149498 1.654368451407114 0
32.35064554372531 8.351740739746853 0
0.588269638225939 1.158469859502519 0
12.69272076893311 1.662120441819219 0
3.159497493127061 1.816556455005852 0
38.36800038824853 9.369837549259035 0
6.932537596497227 3.835079705154405 0
28.66337152553597 3.20790618115322 0
19.22434095557471 9.400736560986479 0
19.4510844044569 9.338906358211593 0
33.36884810250828 5.384952242461054 0
3.232188236456578 7.016057699421808 0
35.30178516690569 5.41747641078943 0
20.85851956587267 2.981332521144308 0
5.238325684149419 4.487230893934171 0
26.32985477339196 8.32038171886499 0
1.479039130901229 2.311068178968159 0
10.13680027544225 7.588656710061421 0
14.83613499743564 7.694359804539876 0
37.40840727107457 9.080541874192919 0
14.2303369830676 8.572476571491473 0
1.095789037617631 6.902756552155521 0
6.31677152884253 7.796131743945616 0
5.803633766630681 9.874877934652844 0
23.12647205510568 2.651713906381681 0
8.723599433641189 8.908458988857738 0
15.49339442273109 1.123524256477956 0
2.68697240947483 9.418019483949335 0
33.69963708219908 3.201487322424755 0
33.24880012298635 8.559145847364993 0
24.76544658098787 8.723156974548617 0
18.54152647751647 8.72586843290188 0
2.862734167237193 9.454003074397731 0
10.24721022693018 9.263086937265484 0
11.51518675207543 0.250504315067188 0
29.64097768215574 6.721083459725101 0
17.99301806857219 0.8338000625972867 0
38.88144651675351 5.404673331356606 0
38.69616549833663 5.298432341152862 0
22.69139764518195 7.559931184582236 0
22.72875879301386 7.738285587059354 0
33.63652427949434 9.590075909066302 0
32.35172872040607 7.316832050961782 0
34.15541525383312 5.561076922720083 0
12.90840620478312 7.593662734226176 0
26.06893850359749 5.666332933578125 0
7.966211042125802 0.6517114089414963 0
34.30899078455054 9.483873824835811 0
22.66656988506843 4.377789368925892 0
16.86651209585159 8.499484096721778 0
4.465351364798959 4.224363683219075 0
21.10262387857905 1.815811571475338 0
10.99196558692296 8.083763976957469 0
5.861290329321619 8.009250012452251 0
26.97454486753626 8.508823833250467 0
25.01771244521561 4.23766126471862 0
4.562342262891161 4.370614289263362 0
13.79934350993562 3.217351939313307 0
5.919227455076544 8.61748580378983 0
14.00293126868592 0.4263209428626769 0
4.381640817502457 1.899837963725312 0
2.454358209076264 3.019594453358479 0
35.61105504413979 4.586880782161347 0
9.701568134118558 5.672625342928771 0
10.21973012542254 9.475095640596356 0
17.87096385005603 7.02971037509525 0
1.148703684031012 0.5671271873504776 0
9.241927634758152 4.771297968413745 0
20.72276803545756 3.13429417498085 0
35.9687899061646 2.459750967893111 0
2.514360665229476 2.715601563451006 0
30.19194160536815 6.008378400599132 0
35.9741045274831 2.657539014604255 0
10.38252226212746 6.901415916785116 0
1.427869173025726 1.178530979602627 0
26.75188327827668 0.6458027583306838 0
26.96242125256233 0.6293166817096969 0
1.050836323045617 7.121357391614556 0
16.02398186300002 1.263604670300224 0
36.99728413842339 6.419034108859769 0
23.19435312503583 3.24488052784187 0
12.4009384026629 9.791847711285962 0
30.20434774877469 2.656805667155013 0
30.26251792022682 2.462021730577729 0
30.9208346863837 5.436883307586098 0
7.769798664595761 6.579199228815118 0
19.6930175283983 8.769450562423927 0
5.6335512120829 6.106638749079461 0
6.633295601334381 4.388829267040708 0
9.923480488089387 3.395014015522814 0
2.371360679000083 3.18777479237351 0
36.0031804150137 0.8798572725866293 0
15.50900538368326 6.803665031513824 0
15.6121757579808 9.442155452287521 0
27.45402499108189 4.986608122771108 0
23.21480776721434 9.744552820125126 0
12.36254349204288 4.716101869263766 0
29.62679543496735 8.59491690190894 0
29.50227533161682 8.768003923303636 0
6.899313591225599 2.151374882182728 0
9.845513843796567 5.563060736350191 0
30.52332803416865 2.881075044016189 0
39.76151201393833 4.150288426804743 0
14.9111026895773 1.091707998347926 0
30.49342483379734 1.069373980828845 0
21.43022475593593 3.732113371720622 0
36.56312954604575 1.597277380943695 0
13.49021629875712 7.789240293720082 0
0.4949445354345555 5.291065501385371 0
2.624122349586877 0.4013697082985295 0
15.27654224972539 4.019420196575209 0
9.060569883756393 7.860074620401417 0
13.1956616316048 9.786874563204679 0
8.821840841888278 5.871135396583608 0
34.34028245761724 4.474492609356639 0
31.25011205300469 7.627745363365142 0
31.39997397632568 7.4932020857642 0
10.07235982985616 2.389432700463927 0
16.87147697114753 0.2253810659804652 0
35.54085753857849 7.985156048767841 0
38.60094756464008 8.286285614022711 0
16.20745398268376 1.304916804105433 0
17.29860076589499 7.341120233243715 0
18.43709867671661 9.527353309515734 0
4.218525932290611 4.208773058378571 0
13.97056886391541 5.289648524361408 0
35.62805926097521 2.045012627514172 0
10.07909235990294 2.215026551328357 0
3.836389660671025 8.715928219425608 0
3.630535590034973 4.582187842905175 0
29.59985031655179 3.028171862080377 0
25.23254732916743 3.443596344481175 0
22.52265131663264 6.134389959070274 0
3.535008722233102 6.81996205922129 0
38.12210629080798 6.820861512841794 0
25.70159125349728 9.733042972920764 0
4.367359929685697 2.291301622239361 0
38.68424497143855 3.207902272639371 0
31.21908323756122 4.584508405691936 0
12.37031492498867 0.9269848559493737 0
27.35044037679276 0.1070994317187851 0
38.24223362448104 2.469690362160373 0
32.14015895692861 0.1099393893404167 0
20.79637630174431 0.2247784804962852 0
2.276471035061518 3.590880673080601 0
2.192780737613803 7.60882994593652 0
10.32612386111101 7.686795394751413 0
20.46190129047529 6.89681696298855 0
7.324722405810678 3.146579123203793 0
32.48809016176988 0.2560939690601383 0
35.68663229423952 1.472320320132688 0
3.572594568143044 7.007149032512658 0
26.87129219460177 7.090760852055772 0
20.13190158514498 7.744080890394589 0
30.68391551235826 7.51418788652757 0
34.77264191790502 7.750652556638799 0
6.87149869987451 5.603681826565274 0
16.22836833515288 0.4463136910732003 0
7.135707123541515 6.94440545905186 0
18.121651252042 8.34596277214667 0
39.62345293177967 1.244294819488344 0
12.59364886687664 4.150568368414053 0
33.05577872917045 4.802437153682404 0
17.05004680099335 8.680561211534025 0
34.80448774011756 3.429608369197676 0
23.33979609278029 2.564368538372858 0
9.402303404908503 0.1240117182711626 0
38.40321974054672 2.564110405244621 0
30.86724565316244 4.758685096889851 0
28.37538930393053 4.650892401235125 0
23.80290133443481 1.376548849315332 0
38.24818216710208 9.868946960677007 0
0.2086916592811572 2.785916885215899 0
31.716446953872 8.49810890938635 0
21.74370372044035 7.280495109183441 0
26.07319241773364 9.551030852398865 0
38.01669501486703 3.991101274048132 0
34.60233892625323 7.690701230870084 0
23.56750495093566 4.859312369311752 0
16.57420424566502 1.234979809411876 0
36.49883710571752 9.430739456995482 0
6.954567481284408 2.497701024551028 0
28.2229934638883 8.120740442598093 0
4.097353952998271 6.389059233866331 0
4.032722212461261 3.230776548849277 0
38.33365049113521 0.4114705621830741 0
23.68664574190948 9.590461101094048 0
15.72597787792136 7.484893206752157 0
37.11462763048652 3.198249953880657 0
38.49929636784395 4.990400699520947 0
3.185364152157357 9.792896129310073 0
4.755905401988201 0.3705949061725395 0
35.76929757073571 3.443169817618863 0
36.83237642479117 5.956869733092276 0
4.325034470260994 2.449811254956909 0
31.00611937178472 1.539326766282675 0
7.853529013774746 5.903984469611317 0
1.496240074522597 0.9947545604463605 0
2.285838620837782 3.930268883752433 0
5.427040860044618 7.217180309452739 0
13.74732953935838 3.666912615711645 0
25.46454307761181 3.752517749212538 0
30.01829694730415 5.271819330221387 0
6.519492819064124 1.642710308212541 0
18.06416289825444 8.831508293398757 0
25.26238856282816 4.833729095103975 0
16.352196032012 5.495788335797062 0
0.2645715825943057 5.657822175448564 0
37.26164043499542 2.528016220341274 0
23.60715006167845 9.774923029046846 0
19.60261283172288 4.697961315565363 0
27.86456677521929 8.058820269620794 0
28.79417245003808 2.85760530608969 0
2.65878120461009 3.015300281908204 0
30.852828574025 3.659624847209304 0
35.18821682621218 6.756391341319966 0
15.05337595189209 5.466312275427531 0
6.363926069467436 5.961555162412929 0
23.67485872881781 5.827516625696757 0
23.82719592749951 5.708787066664307 0
31.59046398002663 3.902791444384674 0
31.76538524116604 3.927247127473622 0
29.15403996846845 3.208676207544517 0
23.29635035772924 5.122839084458071 0
4.04036373028501 3.035995613300587 0
38.11036834979281 4.163514611695738 0
17.81221673846983 3.869656468759977 0
32.25863565828678 3.749712673725293 0
28.52116412998865 8.331471007449124 0
28.33220371077233 8.297217877462424 0
26.20655636185593 9.390478307884171 0
26.42539355678795 9.377241479725077 0
29.39897567420005 1.400903047632116 0
38.714238343541 4.706600999597956 0
38.54383593650059 4.743271849503441 0
32.92499908034404 2.360399554835576 0
28.97465985063052 3.653582044552825 0
29.14809610015516 3.048366926202568 0
30.32129488434315 1.367405803698512 0
8.067915760033708 1.947094762158275 0
23.07334392820244 4.337492270393611 0
23.11992705438194 4.51907554552781 0
2.097441452560509 9.239047831374831 0
37.12802440553165 5.06404446824505 0
2.241939633082428 7.223079593587979 0
19.63366904972336 0.6650829896282991 0
1.503337481630431 1.334499737807573 0
2.285692510661953 9.340601110456573 0
30.28619495663033 1.172926117853292 0
31.61312469184864 2.352835563234803 0
35.58560979765983 9.766673533813941 0
2.819367710707056 7.087075794351832 0
2.129996524554576 3.526965884978505 0
24.43151558743627 6.134603312380922 0
31.52185293524835 6.243763426360254 0
20.29454598167948 3.905936030226419 0
21.83704383809325 1.297682843295984 0
17.01927136818093 8.860626895341063 0
7.178907481841907 2.771045064906696 0
29.74797756665351 4.218810342057382 0
9.722915726964567 1.307255953851657 0
27.69700064107888 6.792481921280462 0
7.960630673544856 5.514127830944662 0
20.80200435487868 0.9886439932645 0
32.61424812262663 9.878312814802491 0
29.51129912636556 4.154833397388429 0
26.4665344876142 9.754536215031573 0
39.31896705269847 3.487370177399061 0
39.2877144350493 3.712317326178653 0
34.84873962494542 6.573251350720675 0
1.374289619219358 6.689911163938466 0
20.95883481930602 1.442937690028209 0
11.71147059505961 0.2525849814605165 0
35.47853962904856 5.886398218571838 0
19.37886611584916 0.4673253727191498 0
12.94386147767718 6.273633568592494 0
15.51437156396935 8.845513116511535 0
39.90003247878983 4.262968759284188 0
21.77476840995217 0.5026387662980601 0
32.67851037149414 2.661899787527614 0
32.91106675018126 2.60741101079677 0
5.34105238884749 4.138642454695446 0
37.20872704124261 5.700092446455606 0
34.01092541190943 4.276383183137209 0
23.57167141106988 4.018088127212635 0
5.392344221409544 3.552416263633194 0
38.86579256615185 9.443977212894842 0
37.71555758868355 2.511456144854447 0
6.348673379007972 8.097378254173853 0
22.87825425055211 5.074714914620831 0
23.00963525683279 4.897605624878742 0
8.013556479584381 0.2490567104808758 0
34.11450277997491 4.449093445312466 0
13.18052069731784 9.582011871596741 0
22.68356221055958 1.850003079077721 0
11.36482853939915 1.770364065095245 0
24.52030004995656 9.055986034555964 0
9.89872949053697 7.852959043212074 0
21.60265175449375 3.551061274026244 0
12.89999180950259 6.456612888196699 0
28.57003141893323 0.1075049123879834 0
13.8315409134345 4.644248859106582 0
27.42261880302908 4.763427801749451 0
3.114360081897325 1.002073447085191 0
32.48297687541996 7.214099479973929 0
19.2084894683304 3.717017249006966 0
2.493790597005053 9.775181358635132 0
31.85630232931385 0.4824140280249476 0
0.9881345409016721 4.240817806350431 0
20.37287113565774 5.392029635459458 0
30.65125219990814 8.160365107237425 0
1.666253456800623 4.752756945556208 0
4.704465018735498 7.380685911809683 0
22.32418389229163 6.355547097649222 0
6.231233159871884 0.8251975886167866 0
35.65016888775983 1.853485899829554 0
0.3966926360067072 2.718058000986163 0
9.8840851855267 6.35421035878775 0
35.38239407939783 6.78259978861859 0
18.46476335826285 8.549598029067733 0
31.90692392300828 8.421145419875712 0
10.22310423876577 8.069310989095193 0
37.31326966370467 1.304690914462131 0
7.677660781602564 1.764213177812844 0
9.269484830557467 8.368220594803551 0
22.70225144909699 4.643925149622473 0
22.93722948786477 4.691638103431483 0
4.894776864057832 0.6469809177232132 0
35.07044097545343 2.939550807976921 0
7.135993725151607 4.325345714372811 0
27.21653613639912 9.758195913099328 0
5.025184073285259 2.636656375879256 0
6.373923667430378 5.748963846128145 0
3.365133182029695 6.18602726125832 0
3.00348462588292 5.912365871016779 0
14.22082618428031 0.5604881178327098 0
23.64836914396095 3.016364040422088 0
23.45854810699015 2.949982017211465 0
32.81424812262671 9.806669850964925 0
17.4017780899085 8.988709138591844 0
32.60312411855145 8.993467285890787 0
26.85990478407625 5.656412366520861 0
36.41734008350382 6.111581252711619 0
23.19792005646218 8.078631221613243 0
1.940899675508243 3.58661928899697 0
16.01941846528405 8.885236190061853 0
1.217856001243648 9.408058787087233 0
14.4480822423932 6.858230465026725 0
36.04922519737397 0.7079237360134373 0
30.21930416750036 9.891062974468076 0
28.26787399954213 7.894315488264664 0
6.817538614755808 8.093016214363553 0
7.372177202365094 2.779445162060458 0
1.768538466904529 9.887261939705217 0
28.59230763846699 5.245712637956295 0
28.6672211376827 5.404631334656375 0
9.17363097209701 1.236138511673508 0
8.4942331218323 0.8063473302042911 0
34.48103064517723 1.409871093087977 0
0.9130429655319842 2.128768517460194 0
20.43759449519071 5.232948059092314 0
8.443369854838576 1.613710544898253 0
39.43267914967009 8.475416353678371 0
13.0969728005055 3.074449000267059 0
5.711728101388228 9.37595837035861 0
24.46646302154396 3.933161831323199 0
25.34326512035364 8.284775840438378 0
7.209352857210817 2.096111724653971 0
15.53030080378264 3.440003562488207 0
5.012747681915517 9.4052996252546 0
24.53486384661884 8.180965473834917 0
37.28286238627433 7.443741814977867 0
19.23868758442299 6.410536802111657 0
39.41504681900582 8.846293473003792 0
20.75377353662658 5.556234062026256 0
14.22507019787489 0.7554915929452877 0
35.19069989297902 7.427385576087498 0
1.045210702711296 1.924281379205365 0
18.42754855084004 7.198728095185742 0
18.62461684278597 7.236532169607369 0
5.920984563436029 9.412347242902225 0
17.33794137511391 5.348375676113633 0
28.19171759465689 2.680540467184403 0
38.81401339057439 6.782316875876686 0
1.473927651898113 4.796635997027074 0
8.125910947406544 9.405361464825104 0
38.5535855110073 3.103279018654 0
21.75509361423923 8.097906007739647 0
8.340495346287801 9.374495451722511 0
6.675091916411638 3.113331697564969 0
34.54396883260628 8.051853649490464 0
1.752876754772463 5.089236168282587 0
24.59234888000853 8.573954516221736 0
2.933759195422621 9.01433359536658 0
23.08426403781419 2.860550005606687 0
21.97766361171282 8.499964652382486 0
37.99317894950101 5.192674705663056 0
38.21596952811305 5.241445605506807 0
29.73955467089596 4.461433929699353 0
3.590864005961913 4.731217431427687 0
21.05523074669258 7.144965192024831 0
16.25026131362273 7.70255247063307 0
16.2395444376497 7.953641051785539 0
35.44676202631689 1.739588789365291 0
35.45846566208988 1.553582736023105 0
6.511324640569509 7.668565010190719 0
6.729398035735605 8.237566312921187 0
0.716579582656922 5.97405897666129 0
11.36853973904584 9.486868199901672 0
3.59761978918769 3.857713738166699 0
12.20924156204443 3.183417506793629 0
2.417945894670345 4.111152994829741 0
30.27941287375091 4.724827409490736 0
4.241073761033848 1.986809243476957 0
28.63661981877327 2.50086119185406 0
8.489449837148781 7.99901230357541 0
18.03400047298723 8.655703328990519 0
8.924189433791225 4.84881670755651 0
27.24605809217444 9.51896576635092 0
1.914959748391465 9.293131811558638 0
3.175580862624226 6.303722319088567 0
33.76770529854465 1.649116438168636 0
26.63597710733418 9.8879269148636 0
3.311154593466585 3.6673509388266 0
34.36586585749232 0.8900555205354636 0
27.4166450609473 9.478264094843512 0
13.34622923886109 2.755294457224676 0
15.13759599295815 1.938746340257363 0
19.57323215573283 9.758855110770426 0
16.6818595027063 1.031286866620528 0
6.522315758423758 2.710341092199763 0
10.81827886187049 8.497374430790257 0
34.31741909673143 1.096638796121664 0
33.97975924123999 5.675251759712264 0
19.86047628666161 9.085224821306763 0
38.93095542978838 7.657227099236806 0
32.22336936091669 4.352641330754257 0
32.9712306085949 3.845987524198418 0
13.41326967123381 2.923903903867975 0
14.97933381164682 8.220376977562287 0
29.54146677487754 5.91830164602469 0
2.999585563490149 4.125942174936753 0
8.763062587051239 1.829733479432123 0
2.368788704275513 1.809999491871394 0
24.64038879959773 9.88987283323794 0
21.23636349422367 3.682505933771857 0
21.48099203522676 1.490434789619714 0
21.60348053620871 1.67625310816965 0
26.59378216674332 0.4727429276051991 0
1.690157869058477 0.9095412652304405 0
19.67348908255028 0.8355027965113188 0
4.094497186031783 4.345676195077639 0
15.03725707984614 9.89422187729757 0
10.37661541092536 7.921434587308679 0
6.550289849734566 5.639717046281112 0
17.41657572037687 4.706557287278187 0
34.41153458447839 4.666927334568458 0
0.5847636611431052 7.841818506717275 0
23.97883965888024 0.7407376533194626 0
24.09586957875756 0.9012872267302486 0
39.63375715959368 3.836658279972649 0
27.94338757453665 2.021398814681006 0
27.98712989887601 1.830922075859732 0
19.70491627357121 7.152048439052602 0
32.02606004944097 6.759972241542812 0
32.04384674998835 6.565112296261745 0
12.95970541567077 4.033986821571894 0
21.44760296980872 3.987391655749818 0
1.199999025976547 2.353711012501044 0
35.73492605294687 6.900391351882006 0
9.199084167701548 1.597687528112127 0
14.59010742928448 3.846916244975107 0
11.68958331187509 5.647007522107942 0
30.01717425786125 6.726948965333007 0
39.49362607631085 3.387908785402787 0
37.80046518842018 6.437745565144648 0
27.99456125102597 8.200030455614829 0
3.411663233757264 3.861518155493054 0
0.8883380204086305 3.414623925081639 0
23.47149628378275 7.774854327193108 0
9.825635987482649 1.01379893176624 0
8.340082256537888 6.809698552096081 0
5.278878810720989 5.622947032549177 0
8.232544070028979 1.236202621674197 0
28.93191320189396 5.139618600292046 0
19.93520356033189 7.779358819331077 0
1.279823962140463 9.583474930626748 0
7.766479402612325 9.389673433720743 0
15.68417697757002 6.393372786858532 0
21.83584074637038 5.887949512173447 0
22.44009051896184 5.670134095763856 0
28.240529928937 8.661294836382217 0
28.16852427705711 8.497503564295446 0
8.568666031266005 2.165076514261408 0
37.26049615628753 0.2111136980356947 0
6.505109790906388 9.161532582270352 0
4.448744280395759 1.348486478764119 0
2.005113006118993 7.731707616818745 0
36.99886513598673 9.879833337631306 0
24.03487574535863 8.530756329294052 0
23.59657719385777 0.2309098628844227 0
29.61082688658563 0.2020434189707712 0
1.98660807912612 1.534691985925822 0
31.79161449901528 3.063146252445172 0
31.83766737060158 2.876823678066341 0
12.11622880400367 7.892418969266117 0
12.32082752264787 7.797031807897557 0
20.08258363021203 2.711417893020036 0
15.44844611365866 7.331643583450588 0
19.47889318687537 9.077959402688359 0
35.66009478718016 7.346140389191375 0
11.14242213388417 2.105614781256262 0
4.93766605869872 2.798859351701839 0
33.98258639088805 3.924996679522459 0
5.157449435653305 5.504165847323192 0
1.205374558253069 9.775978346249014 0
7.750441700266684 2.086543272304436 0
17.15212779845576 5.41226438993763 0
27.21580158095531 6.738845707935489 0
21.62085092637544 9.755529726442077 0
12.54614594659592 6.241776134505161 0
5.782288313522024 8.773859279051811 0
8.44768442594567 1.188720277785397 0
14.63883401454082 7.638054114541952 0
29.52476470353785 9.546480791097855 0
29.59943481364091 9.75275084968016 0
23.31411725207044 8.207990488986015 0
27.904176763194 2.91280083622088 0
18.16348416153832 0.9471728358173347 0
29.74461542531826 4.931126264773067 0
18.45455266848171 4.56837573533298 0
2.158965599316779 1.305079805751455 0
3.130463337643273 9.62209532474826 0
39.18769082357294 5.19005671122738 0
39.06818668141679 5.353008792716031 0
28.92111904998374 0.9274563034594486 0
6.447035011100815 0.8175353068936215 0
39.80082342665094 2.795648376932004 0
37.01724879848732 1.984525653901039 0
28.62818025842914 2.682303512365598 0
26.59940236036356 6.108849786182009 0
15.14572488102416 4.164337260993766 0
13.84498246934712 5.010134451049773 0
31.58540194773542 7.63863365629735 0
8.328108611928696 7.00821780179064 0
19.7792492696604 7.017137323839972 0
4.001776835126237 5.30649900502411 0
9.056282678649124 8.964136891432966 0
34.3143224187576 5.646615832440788 0
38.9847517526107 8.196237511436289 0
29.80429739786804 7.886787533226445 0
6.006375830695514 9.781808826138615 0
29.50663256836638 4.878167385717593 0
2.088638953017527 7.092626734602077 0
18.08195875729688 1.147268341122505 0
18.20374290471948 1.294117333622989 0
8.569896595274248 1.390176470605043 0
23.84988055664437 8.479050073165523 0
6.019899988293375 6.001587893709662 0
24.77162116634863 0.9405395537267772 0
17.09722105346414 5.648248996127594 0
17.23232405024385 5.767617281601531 0
33.46321420198146 1.414293275736394 0
32.64895933552362 9.374080980783248 0
32.80933880204338 9.450536423805536 0
9.333372741954719 6.458364526593637 0
21.64849529345208 9.523992884127692 0
1.504936111108206 0.567412201809869 0
0.7560717718442378 7.885624688291223 0
11.4708715242104 0.6562591661190348 0
38.45660892076211 6.179239516037337 0
28.20340112365568 5.282071708104886 0
28.40922551014217 5.184965990181991 0
38.63503849687302 7.926336028506467 0
28.02702129712551 3.121202911349592 0
3.9903960095448 5.463936567112225 0
37.78624593486896 4.877318342474184 0
39.88953015149463 5.828409999034875 0
9.355334764271188 4.908526882603248 0
12.80926543887589 4.152385377840797 0
22.8825045013113 7.400311020776428 0
23.11160121051094 7.470845503778318 0
22.81550320253539 0.2142027578997639 0
22.47127983658551 7.209585527956999 0
4.744784794328646 3.960493544515982 0
36.39339974484901 9.209432591475016 0
24.48271701924369 4.672411397934714 0
24.02259029712002 3.138265525602338 0
4.849984361027009 2.142351366771981 0
13.66969479965586 6.848646488088125 0
38.69170841609129 5.109797031056819 0
5.52159285976527 3.833387943542832 0
16.00205387214691 3.582790336187787 0
15.42599277726692 9.87865206652425 0
13.01255380986999 3.244455435218585 0
10.74527623279048 0.7990409815348923 0
8.015994634276433 9.585872515725912 0
11.86692095339264 4.049551559542215 0
20.59753075162475 6.364142373463362 0
20.5879784495203 6.560976014576538 0
26.51023434425192 1.246209203079676 0
11.54218829659797 2.837558382679304 0
7.315183257065958 9.178762597740018 0
39.25960776924543 7.532193481480969 0
37.1164033155156 7.445802726956991 0
22.1828362960776 1.912542720143984 0
33.64135487264485 4.205241828072146 0
6.39647992121737 9.581979000827458 0
32.85689168537746 3.374267316699317 0
38.03716732918232 6.086981906282257 0
22.81375328206174 1.419477028139235 0
9.863408315988048 2.453869285552873 0
32.34206474606149 2.975400829840149 0
22.56744095695636 9.888664607517706 0
37.6855997311034 9.495212705686098 0
32.60587528722819 5.113316602511922 0
24.31201695935919 8.929502702889097 0
39.4391234955819 2.540870174602523 0
39.44566906823388 2.738566548072534 0
11.39087155353627 0.4643038755973478 0
30.04308535581452 5.51768392624581 0
2.559166492900985 8.934107208162882 0
13.86726067626872 7.31051793522779 0
33.65218148272525 1.811492873804449 0
4.15869964864313 9.422180892422437 0
21.21608279896665 6.162607147372229 0
34.72104447777864 4.325091668633129 0
31.94647740685572 1.253349083347277 0
7.384800706736427 2.065882082054837 0
24.60713205305163 8.000427767574068 0
18.54245186753447 2.238936358892043 0
25.82214835976533 7.0621832342735 0
26.0100960667523 6.959989432402004 0
12.592241722374 0.1124156046164657 0
13.95925515718851 5.121110947900553 0
4.546400885623784 4.019265811249828 0
32.4663562603892 6.548662727410964 0
9.387183516349575 9.891013764224676 0
24.32859516464941 6.812408384699249 0
28.86613814446734 8.405720089160264 0
29.03403010998421 8.370994549838214 0
11.01792571432099 1.780515045867172 0
4.770026115061847 1.219736913982677 0
27.74483309824735 8.777647546183061 0
26.68292397231702 6.483547080756414 0
7.700988059841253 8.312240894359803 0
39.61455397955467 2.847020093924421 0
9.495639470203928 3.877799976378427 0
35.96630684775861 5.035720146987326 0
35.83003135007018 4.912211826537974 0
7.143939553440096 8.911794062555831 0
28.24420719483584 6.21890511964553 0
35.68824881569454 1.286885009149412 0
13.31729155438856 8.743811902873174 0
28.96486127557618 6.4342392042146 0
29.12507481696093 6.481626132143327 0
4.551190977248322 1.206057753830281 0
20.84423414499018 5.362502649340198 0
29.98334941627843 6.898335791399965 0
4.179729381226241 1.591110140231295 0
1.029389228410613 2.727951984343838 0
11.51546110980549 4.985845722185037 0
13.8220485802578 0.5144048031365336 0
27.93813343548368 4.793506584230383 0
18.28164568549934 4.421183591601845 0
3.983219153583772 9.511804147897871 0
25.29044907049302 4.584120130646778 0
8.072019425786843 0.4660770118903642 0
35.02890519050948 9.887680121674906 0
24.21796471026232 3.70508215119532 0
14.85202264078712 6.536641437544989 0
14.67455985894695 6.611112730107988 0
0.1096916587879017 8.212213305112252 0
7.917486540115824 2.097175612151878 0
35.85700269382416 5.831570091172639 0
36.02936496599956 5.96550593465303 0
30.26337710951706 4.350201539966467 0
24.40220348104923 3.710525062439238 0
39.08922575013639 1.601648539441663 0
6.036015755940926 7.239002729728157 0
8.622033800338118 9.89688118402905 0
17.63210844552256 4.732876461139266 0
32.70389200477182 5.32625005917765 0
15.88338789199003 6.295632665469565 0
2.192846643719734 9.027220224715352 0
37.73148437122129 8.883758417797845 0
30.28453052759955 3.980857072617843 0
27.26928725913058 6.925183574632496 0
11.25720861648198 2.014740347596495 0
16.88879424135082 9.536681677569769 0
16.81218513297576 9.757546845607171 0
36.66234630252844 6.12687866395212 0
24.94237369448196 5.893863478490862 0
28.4612980878839 7.792664216963995 0
23.03984515177542 0.7506787031233442 0
25.48486230577474 6.159629609953193 0
14.86642954553271 5.466543617135611 0
9.972398681309732 5.992965263524286 0
22.90460405892832 0.8776791305996667 0
12.80155975274971 9.783035853489926 0
5.981806977487778 4.906920788084137 0
25.44665320680121 5.788393326508205 0
5.69261695592973 7.667479369103066 0
5.889499427999536 7.35122815748089 0
34.81141498103353 4.646616314100286 0
34.86071647479785 4.454750181174946 0
8.007659402512367 4.694569163166076 0
28.97942954846118 2.884303364802073 0
29.11953129420327 2.72775130780991 0
35.0355045245432 6.891879224359427 0
13.5607853867713 5.282945346750044 0
8.434803043687696 9.768383368732012 0
12.41936650288339 9.584619238877989 0
15.95295526180773 2.943962943149893 0
35.56020784607608 7.806799990630105 0
27.36380575871543 1.288059745332766 0
25.72535201564476 6.519432518959749 0
2.578468072222984 7.442159437726679 0
34.46871209790486 3.485801800998777 0
22.19074634570527 6.477801447230079 0
21.86036990597561 2.652209541752055 0
16.41633635407193 3.045439920217456 0
8.055194785492388 1.786296874225481 0
28.79186203206852 9.783228381246602 0
28.70655447190987 9.602979270784459 0
7.523203140924781 0.4123347260915874 0
21.41633660171376 8.309388023574446 0
21.32664643001157 8.507882949029717 0
4.635466916279495 7.583648906587705 0
22.22586262813757 9.183967106211142 0
38.80625681474992 2.190586382887007 0
13.35758575739548 5.703777660689229 0
28.90524322864052 6.200799825419051 0
14.2705648696415 5.417715087639749 0
32.87544420991527 9.632007631803949 0
22.49746848354967 6.357486915225492 0
24.75897854693936 4.183737328933478 0
21.85000737834129 2.836421315419538 0
31.52586279752034 1.282429799248158 0
1.756860112198033 7.237258924299188 0
3.259373471043133 4.422015259905395 0
17.44160825202785 6.796294594854362 0
29.77947178807896 7.167657167336114 0
29.94189329339214 7.291005603307543 0
12.97721750003394 2.85308140853605 0
9.112074038231549 0.3911743132402134 0
3.136977355422737 3.666836403438589 0
22.25375530607656 5.307221443477753 0
10.01517733938564 6.162215557498374 0
13.09875331737559 2.698782454670137 0
2.319107719665781 9.508464354553192 0
34.04835175989439 7.404693155210144 0
33.91107932033053 7.284935028649659 0
25.73366656518477 1.819089008006849 0
7.594595052098004 0.2253549047112802 0
24.20019372319845 6.365693928823735 0
16.39308729144578 0.3838861267219092 0
39.77227762444517 3.682671945785649 0
20.41807549452602 0.2175472545701071 0
0.820366172351317 9.767574100337695 0
7.177005161514977 5.764596220195259 0
32.08505291667456 5.089277033856548 0
24.08226919258963 7.426593031193323 0
11.14512193432789 8.891326046116165 0
24.77305959671045 0.2273439946958452 0
6.49690014479264 0.6396918164315025 0
28.2507203463611 7.397758734201616 0
28.23387577573762 7.155260475365651 0
38.02726297965624 3.456977029885351 0
36.63170698337318 2.458418346323934 0
14.81812986403475 0.2086983375396549 0
35.88555678798405 9.357833690277651 0
11.07497103741772 9.739268326414701 0
37.37869286815969 7.627643175401271 0
14.60809286505529 0.1102646212435591 0
6.199547828984589 7.401143687737019 0
12.3602563226374 6.743738685567581 0
16.92694212967858 8.298156300453568 0
0.1948325008017828 6.840706774740077 0
5.609909961007271 7.798696628971402 0
19.23810668160853 8.036368343430548 0
19.33467226826949 8.214082736205171 0
6.040142792053095 9.586830710585099 0
11.58138039277144 6.870432488339887 0
14.26956922919893 7.470732267093211 0
18.38585172339669 4.763369874061605 0
22.96557650562855 5.264264345319333 0
23.16950986390158 5.292568967813635 0
8.115789730391381 4.523291823891484 0
15.63318103180728 3.585851350798171 0
38.9366958736428 3.545830377352027 0
0.8676571067485623 5.874890568064221 0
1.590763524642063 8.193057257971246 0
9.722071278726244 1.472758038406775 0
1.724967043934571 6.841023697271474 0
2.485509091364459 6.174970408631238 0
39.78026944289069 1.578907915280756 0
16.20110062836309 9.887170807977411 0
15.86090256406639 7.990774392974164 0
9.178161888392038 1.963657624165023 0
14.16845547763894 7.08611863058371 0
20.09534039119399 3.936795378545535 0
23.7542855613935 9.127342740865847 0
34.69810150126231 6.441155074670287 0
9.586900275230052 9.793352285243724 0
23.61438213448854 0.7944447066691592 0
24.41271666063872 8.599250308058005 0
24.28060311267011 8.753838680723797 0
4.030415361298817 2.181419779406502 0
30.38458070817942 0.2020333594182668 0
29.24808879338492 5.42517287387368 0
21.2383295049852 4.409552111039676 0
11.96744553076625 9.079184918606954 0
11.14793742797421 2.297102278075621 0
6.312878759182015 9.140696261181938 0
16.03147436836762 9.597504170206632 0
13.79245320068523 9.884396438636399 0
28.66227449722857 3.006615323059226 0
12.44501530895515 3.454314083041156 0
1.398692042699566 8.249884133399329 0
20.75381654979723 3.35039713445979 0
20.91750722964548 3.485125232741924 0
19.63989110400734 1.450399727596926 0
9.374194510621122 2.047436295295551 0
13.43207392364658 7.630748400629315 0
19.0845682283589 5.942471216640411 0
16.34612385869123 1.155918052675329 0
32.37029812820365 5.844445310248338 0
27.09230325905833 0.4527018753590589 0
3.967866283733688 2.327686544400083 0
20.32823221271497 7.055734484923879 0
16.57664728311696 0.0887497468523694 0
29.61452570462779 0.8377395975059039 0
38.55045499027374 8.081469843735938 0
32.6525195300073 6.404366006132659 0
32.61503684824499 6.164468643445218 0
8.327523338435382 0.7427798522877302 0
4.209493122295183 8.115366974620201 0
6.699143655499403 0.3912065025065185 0
8.217467748345532 0.1100552633254355 0
23.62086708806947 9.425302824464039 0
27.07773967876652 6.394110959360962 0
27.22226155936134 2.966863695820075 0
14.26179019052335 4.972629616662984 0
14.46001046126183 4.980031228804195 0
14.90258602487918 4.117954217309874 0
19.25738193885867 6.635357992148527 0
33.60894961717467 4.600370112679752 0
4.431624166184624 1.003616842607371 0
15.75438639644048 4.819207765516491 0
6.788143235508528 0.2232446681299914 0
22.92789764890725 8.779596090420316 0
9.365085443885688 1.530319363466579 0
3.647854358233966 9.004115631822001 0
24.30247677828712 8.225824218254132 0
27.59351493591359 0.6719701664576264 0
33.22686812015127 5.227607664421521 0
2.750071109720091 0.9813238156811402 0
11.04674251922934 8.466001444703048 0
20.81630126265828 7.11289194264484 0
30.8624081885076 3.195884929720577 0
31.00977703201778 3.331800378408722 0
6.085905460023139 6.35800534137163 0
11.84466618386321 2.658150769908714 0
11.134503377484 8.249061659623131 0
9.124690150864845 1.7763762859093 0
13.53011721914156 3.588586541803279 0
23.43726640083161 9.323648732315563 0
4.195182341367993 9.884891941588789 0
0.7762965599855495 4.538693986821436 0
25.83663720918473 9.894177568442155 0
37.56184069599976 8.096267390071514 0
10.40118750838218 0.4353207093706802 0
16.58197321527935 0.4537946991160675 0
23.38994183243561 4.750335849430955 0
32.23982218353424 4.781545230139636 0
15.6176762311291 2.400335673196659 0
27.22247325482566 7.273556473398724 0
19.00655559491366 7.768856879849313 0
10.56408555152493 0.5074300238932743 0
4.787448627365913 3.756503960620365 0
27.96215717237343 2.739132911384951 0
17.00308379829408 1.082445411977251 0
17.06295055027596 1.294020393872328 0
33.34498631302606 1.266601571880193 0
16.24608014042036 1.963356169594867 0
18.99578038609044 3.856235194343264 0
32.61094013612853 3.785275649784765 0
32.77105828820778 3.88549416725033 0
16.50925086040192 9.075714001055594 0
13.34236805027415 9.493803577017616 0
10.833177884726 1.015108670579677 0
13.05228058950697 3.562477021566151 0
35.02728987789003 4.929601342195975 0
32.6225189498856 4.70492236968306 0
29.79990604654143 5.871364058806743 0
6.314627423473387 4.240012710839324 0
26.07229453239765 2.972621004007005 0
7.576882922734266 9.363124308386363 0
18.88303020983195 2.35368626949518 0
26.38989132544668 7.079189677585435 0
11.66277610520299 3.016075509815809 0
37.56510308450584 8.320614977648651 0
17.97208412048521 4.632964915989036 0
18.01887058395384 4.802421771329382 0
13.41249357744707 1.461416325450666 0
19.366905872566 8.588700116278041 0
19.21687087652912 8.734613474653075 0
35.73844601607266 7.69769748074969 0
23.00549095898524 9.885471259035031 0
13.1224043769243 7.922367740340404 0
12.9748214695843 8.070782066822021 0
35.95660722751662 9.752429250180336 0
25.18821244964531 2.221085241869762 0
15.06250558265962 6.2856421702024 0
25.55926564889724 2.707468947508042 0
31.03618895739834 2.028061826878838 0
1.92036957177849 5.202057322517837 0
38.18576567253724 0.09340445534358834 0
17.77292727360152 4.062932864994571 0
0.620855037834169 3.038567342389443 0
12.73774511465841 3.753541752800157 0
13.08897049560583 7.061820702687132 0
33.77320104462844 4.52892426790807 0
24.20562202796082 9.257087160582289 0
27.62943965719896 1.713118514160507 0
24.12943532891972 6.520805405261293 0
24.1768022457729 6.718987329664059 0
27.03094362370527 2.499385912074049 0
23.1112236311895 7.703599346059114 0
2.429801413035439 4.45733260391486 0
24.30185162264476 5.977715003761254 0
13.39694476468182 0.1122641982011276 0
6.396471018500137 9.796735359154988 0
8.925679516197263 3.188701876743543 0
21.03736838905516 8.760046731451141 0
29.14544551162287 0.5375052305144578 0
24.58549371161963 6.482419016351169 0
38.03136898392358 5.691988851790978 0
8.926513240346976 3.357106757188328 0
22.35724755041769 4.087449127998943 0
22.44034776382396 4.314152597856591 0
16.43378026408592 4.998021421404148 0
16.26658286656744 4.995831148340653 0
37.48137431213159 9.521628497984741 0
0.2300888422009981 3.1852670463912 0
10.58801658389 9.886709877342708 0
15.89130654993374 9.526045740185246 0
0.560075721531366 2.817732351275515 0
35.95775472839084 7.941889868076518 0
3.367133854315468 9.365426501702515 0
30.19105794300928 6.991660788789077 0
30.16706997123936 7.194159910047776 0
18.86901297191367 8.952135600493465 0
1.671091678921174 7.993935734592944 0
19.96750160369789 5.371356300484554 0
8.416285270100031 3.977694812814588 0
18.43756183612964 5.534690814316805 0
7.174064167320065 4.119334725540234 0
22.07212316530512 9.080510098197037 0
5.435666164290621 6.783616380713942 0
19.83835226103568 0.1037676863754392 0
30.9099103409626 7.798776123200587 0
2.32923815046535 4.305012137807498 0
27.49499971119888 1.198162253397425 0
5.662123570831539 4.862263106651208 0
29.62032795081028 0.4074099866563181 0
23.60495028042031 0.4381894021911452 0
4.747371513792736 8.427135629545313 0
34.63219072317692 4.731499511544608 0
21.15036228303524 9.574216886762843 0
21.20121832741793 9.78130381636978 0
21.48476727057789 0.2580331767095967 0
25.57234405555214 0.2094209546099866 0
3.420533404975485 7.30640626746978 0
3.193084314088293 9.456920084164368 0
2.089684388701838 6.912013978876351 0
39.33626424690943 6.551044130091523 0
39.39826799306152 6.358357624830057 0
32.1654622914379 6.907543552018358 0
0.2028468130776414 8.401476434794235 0
27.91702295645661 1.489918883651883 0
14.43177073588221 4.17778765398452 0
15.63890926682654 5.028488698983479 0
21.96254703940895 1.880848497044118 0
14.83407101219226 0.4253346705738026 0
10.95844477046391 9.902497189003036 0
5.345887707150328 4.692778268796753 0
10.03501491877267 6.464032624709692 0
37.88157874834425 0.9958942735869002 0
6.160449175261022 7.766937229303398 0
20.99201808327542 0.110864469342951 0
27.3922205023424 6.56919138333809 0
30.72093990780294 1.329926174476696 0
15.55813317357512 2.214412398428311 0
8.013543008477905 5.932018320448037 0
20.07451803177395 3.586092251674052 0
33.52314928106557 3.278067743925114 0
19.9119192025567 3.2738458612676 0
19.93105520499336 3.470375566303893 0
22.64089104944237 7.135922550394216 0
1.901062072221813 6.796712463562494 0
23.09493658190518 1.220622660219613 0
32.63068616831873 0.1036253986977574 0
39.28029118272595 2.224457420934299 0
19.02732938810594 2.440731254923419 0
5.200751409209244 5.283775372924735 0
8.118049504011774 5.593978755258372 0
28.685498915521 6.19759315373357 0
28.54481500556737 6.044164098070179 0
18.44470013104069 9.766416465878297 0
16.6458609665133 0.6388829232453243 0
21.56152793813316 1.074574479675148 0
17.72986286509766 4.596942828745526 0
15.19229796038826 3.814082616036686 0
11.99548626335575 4.626066926999499 0
2.872341050450556 2.41450644884626 0
21.12082608882053 7.858056869470642 0
10.9178969611904 2.319418088555831 0
17.79837089078809 4.893515636912878 0
12.81614647182828 4.336385861807574 0
8.491478183263839 3.244978739879434 0
26.9509267019865 6.226462989939272 0
25.84250593961448 2.341940361702182 0
2.962292446740868 2.597152048254854 0
18.63928651073713 0.4945229933507667 0
33.80730946939504 8.830158347077711 0
33.92584585920391 8.647439436643543 0
16.85730541057344 0.7066314631362299 0
23.26813833891879 9.364583648872438 0
37.93424363272646 7.091553073471691 0
25.78721314415629 9.361126607429009 0
25.58496759940006 9.281712160357715 0
33.938426564128 9.390498137586082 0
34.14375290321643 9.335404181462993 0
36.87462049846466 7.942429398068832 0
17.30277435516006 7.935586445193004 0
19.68450255940742 3.537929778059178 0
36.1913944523073 5.247002045218065 0
31.21827393886017 1.929124795272329 0
3.687794315286611 8.813834406989942 0
14.56972360157627 7.25866082062925 0
13.29119266007777 5.874058981256314 0
8.628519186488562 4.020057987725598 0
18.22712307312142 9.893306321327396 0
23.88362017470804 6.908233600775652 0
23.21286272144436 0.241382904051755 0
39.60073141160015 8.531503018580203 0
8.435277559897868 9.149821816320882 0
19.44974521709792 1.840557135300147 0
36.80072659446637 6.820200745835398 0
12.00446966347318 4.426121265821688 0
17.84191181628167 6.824619596145602 0
26.00619168688302 8.737754923786905 0
25.82373704274097 8.613951513085144 0
36.29122533106758 1.869542898909171 0
34.85057559655547 5.554679157043215 0
34.65146115541378 5.620884121565122 0
18.06210985756781 4.47483061376897 0
29.90960905206962 3.902419290378845 0
25.71503009949744 4.638101033674324 0
9.750438823496836 5.909676261973741 0
31.42102357658718 6.024981767983497 0
8.530137177041572 1.799254384199946 0
14.15738542567947 3.679732334341924 0
32.56633447467612 3.609746628194669 0
15.04086510462751 9.498015866127846 0
5.006620658139979 8.707643846239192 0
16.73771462493927 5.070869633472975 0
11.63293235074593 2.257369181849107 0
20.24555980743779 9.902438027676675 0
30.479849110601 5.445580536773971 0
16.55467716405351 4.769345221863321 0
16.44533849678838 4.589329541663255 0
11.58192268896205 2.033682877619696 0
4.338676085958201 5.785592223255012 0
31.04630767243809 7.597911850720529 0
30.92190978860189 7.413487286300501 0
17.93522790314223 2.812594107686221 0
29.16380285057565 3.961950973828541 0
29.00823849257462 3.826016187203653 0
28.97671698577786 0.5083752506182035 0
31.65869617966583 9.759880345935334 0
0.861734243736349 9.383794083409649 0
18.58765461947257 9.389995420256733 0
18.79946756281538 9.433188283042554 0
19.1209837583088 4.706032261340376 0
37.21171562721857 5.902976312605806 0
13.68109768564402 9.423482135748459 0
13.87851434181303 9.426959968811561 0
21.1270282252364 1.609871345174733 0
27.16130324261421 1.220570930024857 0
14.895609265405 4.546360104806369 0
0.7646330432291103 9.547632436091751 0
13.14629990307886 9.17766017380176 0
12.55838335100896 6.444237206033417 0
23.29148417704532 8.432310935703404 0
23.47866290987486 8.475831465855519 0
26.75680156405253 1.629927160735913 0
31.94786644336297 4.93533765132712 0
37.817850818808 1.134627449686364 0
9.201819865244119 0.2017007825207027 0
27.40088421052326 3.0023875691457 0
7.963795457101747 6.735837067535705 0
21.99726090323176 3.397705125754975 0
18.89022013327507 9.588216961344974 0
18.81934197758967 9.784087254921717 0
5.819017849460251 8.978277240480539 0
38.58479014933041 6.531797165520314 0
5.14652263173021 4.025690844296904 0
31.37478529238994 0.5058692998391275 0
31.31933939268961 9.531259419385901 0
9.605086117080091 9.5879038549123 0
38.75909111460958 7.010918400738599 0
22.28152011884127 2.699177457542918 0
23.55868027058298 6.518153482310599 0
12.19040323883833 6.788756382153568 0
35.67157850109574 5.943252001899662 0
27.87767779999183 5.733930687260814 0
27.91528353725614 5.558413035272182 0
5.519790660816042 2.107932621269166 0
19.39656316459351 3.291648987575625 0
24.70353347595629 5.94199874731445 0
38.29061163482516 5.403174773118792 0
10.99115176020098 0.1216820242078026 0
37.09156646330201 3.39178224299059 0
12.10178591590041 5.621040749299315 0
39.35478028306527 8.294351752138384 0
23.23552764303225 8.902647850876734 0
36.86179620336725 8.151095508317482 0
24.19919224582555 0.1133821945004312 0
14.78789388664841 7.186873410572885 0
8.643751575241138 4.252151813176656 0
31.73241635020993 5.807388970564431 0
23.48619600039524 6.727816386503522 0
31.38475066459594 9.381115162560915 0
8.168269340212545 6.678017307233449 0
16.47343353568227 8.344942388788253 0
29.09484676215725 3.533962037984942 0
22.46105046232444 0.5364354074994721 0
22.65907737096415 0.5623646857152594 0
39.35521891011042 5.563793716982072 0
0.6860376784809347 5.585632102875518 0
31.31192113394451 3.44245389352994 0
6.824879067990477 7.169527993516799 0
29.14390563012937 0.9359073700987715 0
29.24402373540729 0.7567382045785038 0
16.07164227516115 3.341375966519239 0
33.04024886939166 2.987821533662618 0
27.32188565082509 2.218675281429225 0
9.681290203584457 0.3622778090721892 0
7.826578006720102 5.056977967463281 0
0.4121884720898362 8.438640486195828 0
20.89508826827763 9.202684782269261 0
20.70256550458442 9.110998801202301 0
37.40497144423094 5.585835782744984 0
0.7707957222294212 0.2154627577272617 0
2.797112426601333 1.151798344879012 0
10.39578011183388 0.2251470473721954 0
21.53906757809797 9.10248913661446 0
21.29738207451624 1.472915570923607 0
34.27527224933093 7.023090500772589 0
15.48499147585144 6.296243382043184 0
15.26384037235484 6.41921966097707 0
21.10984583261078 8.084835330438198 0
25.77031584619406 4.314204886439337 0
28.32120813210217 6.077973762587376 0
6.236517928139648 9.497196417604725 0
29.37665653903389 2.945489400492074 0
29.35595127900439 2.782207487547449 0
23.50483600288906 4.373994278642757 0
30.55898110393294 1.421598726676236 0
23.92081697646442 6.570857902979756 0
23.9681838933176 6.769039827382521 0
26.43536781615741 2.88237461566933 0
24.13506268357217 8.045393432342012 0
19.28876650842434 1.736704929373724 0
9.603084103525516 0.1954018330351205 0
11.18779416765785 4.826996663380512 0
39.17377179054424 5.562353094217674 0
17.23592302762424 5.978788360285443 0
7.634726923167439 5.629060310403374 0
13.12054234342179 3.72236471821124 0
3.882343229254102 7.470911405033291 0
22.32262838780553 6.020368722968335 0
21.36281098107249 0.09728162802692907 0
37.50975649392776 3.467260924547249 0
20.97835081504669 7.516609354997699 0
20.97670850426439 7.741431745135301 0
8.899060928811677 1.711103263704655 0
4.441434529599491 6.45323424812213 0
36.91258957183216 0.2317744920313744 0
22.16723329793905 6.680898627319398 0
14.01323743233023 2.644736821606155 0
11.56089903303188 3.185895659023258 0
14.05240492242414 2.846426594783084 0
4.658940413065821 4.675394444682762 0
18.73009959503246 4.235485627046334 0
29.11664941004369 4.77683314656482 0
28.95735354659271 4.649757294671095 0
9.442508020320062 5.340917022848536 0
0.1804255309044951 3.598461927197398 0
16.0815661170499 8.05889914617633 0
1.866206856251549 2.893559891492283 0
20.38677988385345 3.373241117484454 0
13.63400554492785 6.257421859298617 0
34.91698278232681 3.069864212131423 0
23.81166652637848 9.290545191391743 0
36.8045506660547 4.71326649812709 0
27.27107612256123 7.620655461468164 0
22.02017938124881 9.47834662912946 0
8.149836338652586 7.98351923994836 0
0.3730184749173523 6.865068540573454 0
35.79882741030645 0.1090768128437837 0
36.62497021389743 0.5103281676746733 0
33.78178234184593 5.570069698129785 0
33.75227519538 5.355646634398756 0
31.82374335280151 2.177339963446906 0
9.495987233458129 5.561450245963723 0
7.160849425464456 7.433326974992244 0
33.42044316609647 3.940857476807079 0
33.40901573010213 3.771168578586831 0
20.65579905448086 8.951564262593577 0
22.08640581123288 9.641375506951844 0
27.91477639891244 0.9934548503991157 0
28.10997062794287 1.13327335121644 0
25.51170378994521 9.751524384783886 0
16.79352126421479 3.055647065477896 0
16.83566956178563 3.275092181331615 0
15.08923020817355 4.564550443593102 0
33.25796752105811 3.055619321398589 0
36.60192327113506 9.879483616581373 0
23.91833212336195 8.998802219141934 0
28.06515629492948 7.519774301016759 0
20.12627097161366 5.015807319774205 0
12.60136729646209 9.896321993599305 0
2.761534767348854 5.589722508209327 0
7.802551706703327 5.672851452059437 0
26.85698235495409 1.438881832974311 0
8.333430741690499 7.948433543852578 0
15.78356534593732 7.833131561775723 0
22.82953309430252 0.4201151452438179 0
30.17623661228268 4.175582252233586 0
18.25756546473113 8.194614310007127 0
0.6972276512695683 0.3988142983513059 0
18.66721180697814 2.423849029348801 0
8.131377274427342 7.07053442306785 0
17.37295272976306 0.5811149014391618 0
28.77467379750395 9.439283518942158 0
29.99639878930746 0.2016108595302132 0
8.555956639736253 0.996686311510381 0
28.16648706601504 5.491830627941191 0
8.617390977770571 0.09743539626026593 0
31.93993017795752 8.230215711269382 0
29.13818712350931 9.410055119491346 0
34.27887337094143 7.839016453922805 0
34.22794483190568 7.668548914930478 0
1.919936312345416 7.259065267008246 0
1.030542093910898 3.532843025383168 0
1.704112160244193 2.98474801915194 0
3.502198065627767 6.492271854372064 0
16.1759706503546 0.6044612939647761 0
33.9003541975389 3.290199162380423 0
28.61006609690429 3.648655414221901 0
7.136046350267499 5.336476424636047 0
37.03696237326825 0.09701587552826778 0
32.15366147060763 5.7564379721898 0
5.590467246781497 4.3977208025084 0
5.248676318224299 9.368112652585637 0
11.17596106511048 4.639683891498755 0
39.55033432169407 5.016128139302768 0
1.541642533333642 9.266394808756454 0
11.37478166338839 0.09766431663419173 0
32.51546743717995 0.6377158094336596 0
2.53531670643505 6.873734833742077 0
8.284779822142387 4.159842096401513 0
0.9009015593341673 2.83612246203274 0
35.10898267148631 7.758535731165701 0
34.92588325333208 7.645995329029589 0
13.5823047321058 3.008381128214451 0
23.01286272144448 0.1081534436079487 0
14.37146507684297 5.799170420126995 0
30.4885250253553 4.438129910287049 0
13.19467813156841 0.1970216732709217 0
25.36693455009967 5.954360630904937 0
13.77332258155381 0.7402678616028223 0
29.58186438483617 8.969244630868916 0
14.37947857257419 9.14048298393298 0
18.95612546179287 6.086538451472395 0
6.662592256233602 7.932018730606985 0
27.85722447194577 7.453876169581839 0
10.47737523865706 4.753327869993804 0
21.4394674213398 7.645399049371295 0
22.3078221709293 1.713600464224885 0
32.36086649029389 0.6802985784317547 0
26.37247239125226 9.000177994068059 0
18.48830996261941 4.905138814014864 0
25.32492454762312 6.301753725191465 0
4.081225896625603 0.9410656944969708 0
21.73461539909924 9.055265691095597 0
25.67131426049357 5.721145589688072 0
39.19829624155896 2.049462461176674 0
33.93423695116672 2.077560030869522 0
34.0645851951524 1.949582266974826 0
23.66956679367277 4.370188358742264 0
23.80845817530512 4.488018506477725 0
2.13816440389374 3.169369751525719 0
14.01621854110809 8.853530216519047 0
21.82168159253142 9.881485649616936 0
18.9785949995998 8.652151970802334 0
32.0086067512598 2.268617832398358 0
20.2137172760601 0.1036332434167729 0
5.224800428167 2.981005349602235 0
29.67193298766404 1.993901007751439 0
25.84092241509951 9.5232869567095 0
18.19045183849321 1.676002734776642 0
5.270149099728086 9.754626454608612 0
19.37645587608237 3.798100103595796 0
6.211237044018122 5.593744435248688 0
29.15215442958667 6.812525260517472 0
29.21822718069879 6.668535282503984 0
5.726120127872448 7.318052131820544 0
5.080926522273749 9.762458120220906 0
35.78291525969092 8.2486130734317 0
35.75575847843032 8.088892773121891 0
15.74997559019605 8.594498749340792 0
15.69522053969066 8.756441727915586 0
37.03319695930764 8.816249484329163 0
36.94039737877792 9.048786236968729 0
15.07700997888955 6.118261079103974 0
27.46188280330311 1.844697202586022 0
25.32956095172836 5.612272616489494 0
24.63681311028013 2.442118332024056 0
12.06970983994045 9.47393079637302 0
12.26370775179769 9.4416490146958 0
18.60231261214572 2.624429217624176 0
18.36945368187554 2.673944841157284 0
5.578197572396206 5.003843149626448 0
36.17147776663489 9.896439884152407 0
11.71288883328277 0.9975465312412783 0
2.74724797581898 6.477716620773992 0
35.91545543699222 3.296624285945629 0
28.08263899312224 4.940048966483956 0
3.078482440372834 9.144300325092253 0
10.39939222791188 0.8053993020749446 0
32.17723805296391 2.998410472372418 0
24.51835623340157 3.092381931898726 0
24.76351922894722 3.092753081473727 0
9.569945483708851 1.963235156989788 0
19.78266626497803 9.889860579995535 0
2.039743969774309 2.954785418410429 0
10.78102354044078 5.747146180160503 0
16.34826578485919 0.8917100403200301 0
0.3992308532553016 0.7077822555842107 0
16.19768466790218 1.562242350531913 0
6.464500543934681 6.678587594027751 0
10.69502668108169 5.541937695111502 0
31.49248957995268 5.867358158205765 0
13.75940690810313 7.466149195780917 0
10.57159494030911 0.7316834007901042 0
32.05731773185416 0.5661527005999781 0
32.20512828348848 0.5070404760388025 0
12.60052989982902 4.334568852380829 0
30.19726873584704 0.1001571282741524 0
6.236614684466081 6.271552148611754 0
0.1056539083676588 3.398461927197397 0
18.33392420805771 5.692706081900671 0
2.834728732596434 5.252382168351413 0
11.33234839820045 4.975715468126837 0
3.372905955656365 8.801077294958301 0
6.719291764213438 7.778794258343936 0
23.31789365424853 0.6199726341543575 0
22.28002302077061 7.059079725327105 0
6.196967278332707 1.600000000000462 0
22.83569075990683 7.222470962102936 0
23.13434067214388 7.017468749601613 0
26.01384679440227 8.928388692895522 0
9.628430099589918 1.776917422147622 0
27.5691116084735 1.560271047391529 0
24.15074000275264 5.443237011838107 0
24.31332603939738 5.317980547867979 0
13.87298272793222 0.8776083762538045 0
6.173189194566556 8.21700326592415 0
30.89933467434301 1.936956821067196 0
3.084774911144245 8.412596240464527 0
10.96713624678582 4.301102599724572 0
30.36026765866059 8.786278847176307 0
8.783148137328441 4.334455698579815 0
14.77504988395988 4.769002090116494 0
12.80249738080846 6.088441575256621 0
23.4745966196259 0.6174082255082208 0
0.6517368729372169 1.733941789452193 0
27.64660649025504 5.023341895180002 0
27.77511524464876 5.200224995567711 0
31.70204178786499 5.592646655538196 0
35.08366546707881 2.171527089823084 0
29.63239655915557 6.295798448388687 0
37.2482132857269 7.846414248508409 0
32.65886434711273 0.9787909156482701 0
32.79905540171563 1.134289564544184 0
39.89428927483128 2.186726145014723 0
1.542929273658077 4.024349552002358 0
6.233631159505928 0.1002978261730995 0
6.100297826172888 0.2336311595069876 0
8.780571508595855 2.069037027223736 0
18.05299333171122 0.6576662988278333 0
13.32395901541998 9.261176656461531 0
23.59368699607498 5.426253874506603 0
23.49042763647181 2.694021711772921 0
15.21885753862673 6.595934291758186 0
16.79061689097989 6.609711329298638 0
17.73973307454247 5.445907074519194 0
33.89605387067518 7.742885056354623 0
0.5716036795787934 1.53585760903169 0
9.545208665159137 1.606469057552113 0
11.65915701007324 8.018621847521059 0
25.65163119439817 9.065724352216836 0
32.70843869383801 9.131824331103291 0
37.5860718781305 4.989901327053317 0
37.41011690062552 4.849396137357281 0
4.615497908825936 3.606846528912005 0
21.68726015349949 5.159310595687535 0
21.56327475067336 5.315773751726481 0
9.596200142012902 1.007811143558036 0
18.85204282316303 7.672797370459972 0
34.68409960206787 5.965532040281025 0
34.58606134213622 5.826491421062478 0
8.54133948621056 8.172309063099727 0
32.16064305895236 5.520403883570682 0
37.98576567253702 0.1641030000053647 0
25.38701769526977 0.1061951749375409 0
21.4396680194729 4.508985189697596 0
3.431017557855181 9.006120228968337 0
36.62566797939905 6.69725573850852 0
7.976912201655087 5.028233833717757 0
1.522057381508579 8.574987449702645 0
20.05206953716781 0.2074009297922122 0
30.75192866656983 9.418388720457543 0
30.95418718904876 9.398727217237365 0
21.32694994069932 8.139749409776378 0
3.080342114205305 4.686707869766753 0
24.39919224582616 0.200368157867845 0
31.33709372127852 1.303808704978724 0
9.453991582273789 0.8828379139768927 0
0.3546982913318549 3.629227124843607 0
24.7591538775423 6.330772134799144 0
23.44401915859929 6.074024938964084 0
23.34338803293586 6.208611442456608 0
20.73074771217518 6.935366398710724 0
33.01791614021391 3.465933740728232 0
18.77246616703108 9.098184640440765 0
32.4405436811582 1.616657194682557 0
15.96366365464361 0.6485725240488844 0
29.42810908563333 7.885100414034826 0
12.68577099065022 6.54377019482166 0
1.882052472395862 7.604567604997811 0
10.2650750354221 0.6047137814816153 0
1.047689163367405 4.890350857476754 0
22.43289498458486 5.44483306585801 0
16.6465780378246 1.868979325422177 0
32.68071582597517 3.025222730386337 0
34.63256406694536 3.835999514653398 0
31.24634339102514 3.110980670512911 0
19.37033480402543 5.031211818423624 0
32.91816864948402 7.511957234773313 0
39.06397690005154 2.744959434125889 0
8.739789964614255 4.557524024511854 0
3.991352897346685 4.647448372238528 0
6.997152607709065 4.043990144235116 0
19.6445982475148 8.987948725743427 0
27.48737344372224 5.448823436295473 0
27.7119673057054 5.394713164456713 0
5.125543042614912 6.461720579949 0
19.97619231136025 8.946246380928002 0
38.24980855529257 1.124232327293942 0
26.79228967872544 1.038399726505401 0
27.31987743974509 0.4680971486668195 0
29.24434166733052 8.689706227691385 0
3.815616369563021 4.545602737315318 0
20.19813671851026 7.588730444250273 0
24.88050137902517 2.902071101131742 0
24.78158451487485 2.746661843584924 0
5.035568530014355 2.959565820357438 0
11.51910330183183 9.065332346637527 0
22.55088063922922 9.438612485724338 0
18.18128048725807 4.854204391516041 0
0.2163886678052027 0.7910973816268329 0
8.625922013367228 6.160342964894832 0
39.75525540018835 1.965634060298092 0
39.77820530160304 2.392430482924741 0
5.296511082964749 7.740072525258032 0
27.74233122180786 4.830740463905594 0
35.2273430076784 2.018736212321531 0
27.78809018814096 0.4108637522863732 0
27.66250569019242 0.2334697074352509 0
11.80572177290416 4.284664239754444 0
36.80078840712179 9.759316954212679 0
12.06436743739613 3.460078692947846 0
27.9974088487685 9.780241189171631 0
0.8644879861327194 3.04055853381837 0
3.003231175294431 4.874423649513397 0
19.7239840412648 4.047187797883449 0
8.220233357953207 1.630061451876486 0
17.67440042915618 3.759673234865545 0
22.10532994463198 7.38464545992412 0
18.08499392764324 7.110732518154625 0
6.972091410197524 9.898835084624993 0
20.80902424404831 8.782938478943606 0
28.80328623247078 3.337013073715609 0
37.98749128869201 3.251885883513733 0
6.190825682736912 6.050627796290246 0
27.38566572859391 0.6072998836838036 0
22.32815796385816 6.819557275056873 0
13.15533965993273 0.376980166780958 0
24.98262210726816 2.269098842629988 0
12.286962458364 3.011748462220857 0
8.886608534300125 4.626271854179717 0
8.499892220985508 9.545745802896739 0
6.501989163975665 8.718102190526558 0
12.78997508925762 0.1971730796862597 0
33.24720733677868 4.572734735273358 0
2.177847542127922 5.674150666636965 0
15.01003699893996 0.09843371629609587 0
29.97058873043026 6.435441000040026 0
5.804913993801669 2.967426864805795 0
12.39407886027841 0.1849925855362282 0
18.73630343471179 1.242598972069267 0
27.11676287584461 3.755452610819288 0
27.08619472380652 2.128989063293986 0
36.2741435956473 4.704536296376832 0
19.77498398343117 5.516399008895756 0
19.37621746431858 0.1024755788669458 0
17.29031479342794 7.716828887181176 0
27.66506687522429 5.815885568416227 0
27.47807875050545 5.694478188266356 0
36.52388609309563 2.854623842434628 0
29.81410945177626 2.921833657400416 0
12.27274688328049 6.347986245297194 0
2.196434967295707 8.397608228128115 0
4.23158145368127 1.044616383473867 0
12.65843077092194 5.410957580241025 0
29.34384774012768 8.328465201267841 0
29.51379643583925 8.361902977649937 0
4.566903817029293 7.223367807029182 0
12.67407740499132 2.494526258544894 0
18.31190689301159 3.814180418720668 0
18.15426760818293 3.89858432083503 0
34.11687397424815 5.201546403542467 0
33.90832805252378 5.202513331080991 0
15.82787245299031 5.617320136459417 0
30.96899512257403 7.216540621750816 0
0.09510167263782314 0.229806835130083 0
19.95432103306039 4.688989363001133 0
20.7220058435184 2.77370066594707 0
23.35847665004867 4.557953744184344 0
32.86132035448031 6.701465401361776 0
25.5366202485861 1.477655574403477 0
31.20818216721613 3.280588847672167 0
15.78660540802308 2.78781916074703 0
25.16007729206849 0.2465532062659722 0
27.0259420282366 3.56077397430826 0
26.43503174254725 8.819890703619405 0
36.58468604069009 3.213086582956172 0
0.3901957645544696 3.884919962900234 0
7.500231858347867 9.76113731035384 0
0.223306800842843 0.09647350179675017 0
16.0933466316299 0.2329907896555246 0
35.98008268286871 8.525897698452845 0
12.51446062577661 6.859079189391569 0
37.940510742511 0.3327583186832914 0
20.29660725288988 1.839522377097373 0
20.39251126959146 2.039977571750556 0
2.043419251670248 5.81907184315851 0
35.03295177372981 1.709992546252153 0
35.21630855938585 1.824763993602847 0
33.54729396650797 8.806011147866434 0
5.306573339288549 9.167437215186125 0
20.62796107229773 0.7014481852749267 0
22.50006628381245 1.321976376426023 0
21.05383932914248 1.229409564091877 0
33.42113108134404 0.7904077740917644 0
15.49283438770362 3.094457818781793 0
36.11967339849829 1.539988116402972 0
13.54374954743946 8.834593179849159 0
5.361326265704533 9.523259466511483 0
12.10754792481997 6.390172672280992 0
38.70973448464839 7.580933087661144 0
38.54673558214989 7.724019322180587 0
4.42598800053071 8.190443853481446 0
19.13830474474809 5.088065901194881 0
26.07422139017149 1.673220327581481 0
21.12597479912279 8.545068633105698 0
11.83773217303726 0.09974498302752027 0
0.7454921774539663 2.521388683452728 0
28.42091828854166 6.763362081474578 0
20.45107003639601 6.246488345749455 0
33.63887812254524 6.671887895907406 0
10.37550618910684 0.9759508341965771 0
14.24634901572601 8.796687075723968 0
25.61821553079698 2.287009724257943 0
30.41222540525834 9.805789244119216 0
39.39401979272656 4.867510250019174 0
39.4039553470969 4.672208819123644 0
2.668224495448133 2.03996755830894 0
26.98185910783382 8.112562870611741 0
13.69203588979057 8.347164258197493 0
35.35468883900174 6.063007918368353 0
32.59762325680602 4.190749932354888 0
4.919765656146329 7.00797525914717 0
0.2159230041271098 3.987488098587358 0
10.2730887016932 4.336983154767585 0
10.15418086951265 4.44057428984324 0
1.329784309350315 2.901633830879993 0
36.33564085849154 5.359471053632419 0
24.43291165835042 0.3850921438004212 0
6.266613717657108 8.38753237255087 0
12.60144600016698 2.019057342097974 0
4.77216022362808 6.975119448782017 0
15.551102646503 5.886847049509746 0
17.08772162248541 4.926401989181325 0
39.43584903652668 5.20763816166523 0
39.49779201393671 5.372030865918279 0
30.53997347128457 8.853719561816296 0
38.34408684448945 7.674861468584226 0
19.75930056748884 1.307844829846861 0
6.707196539135812 5.721131802716884 0
18.52783617013688 3.910980722566074 0
18.5551319948137 4.115780444601623 0
13.58045338515537 5.691957295995497 0
5.119345264142098 8.496713385028452 0
5.272461120740375 8.521017087577755 0
17.83804727646354 3.252724065498338 0
32.83534002626532 1.893568238801329 0
25.45877615597271 1.331591696353167 0
24.68080565000067 7.048940469441066 0
2.063407318155908 3.323867263262283 0
28.81649578046756 6.608922376817446 0
28.91063657074019 6.800299282759661 0
2.062433083430903 0.9050121689159806 0
16.01037962174583 9.796981549229532 0
12.70698246437652 4.756289644002826 0
37.03900356977138 7.814959173401384 0
15.49449820245597 4.039475742220734 0
7.684288795976404 9.763553824999258 0
7.36689091291247 8.581779886326615 0
7.981675685465249 9.071151724404793 0
24.97626162149948 1.471385783095724 0
35.23409197165916 5.626954102471637 0
4.522615382876368 5.780380840464862 0
30.11497479186997 3.83159166228703 0
21.24599656671293 1.250158369812041 0
8.131619742472187 1.454009721472076 0
16.70804233325171 3.402127876364561 0
39.02422766574168 6.355871666791519 0
23.8973988827987 3.541402285992053 0
25.78532636019591 0.1032257796724457 0
2.873582434615324 5.45235595955756 0
1.205155534746541 2.756455839131253 0
34.5791625096623 3.109957089787189 0
21.66864581606362 6.160901562082439 0
21.6728981293161 6.324738657434549 0
12.4740130667181 2.42271796197752 0
11.42994251304891 1.973302614180068 0
5.685232512302075 3.327607017163928 0
30.13613606775803 4.524898000147989 0
36.02026680204833 4.424112589188133 0
33.12148459519548 9.637071557848659 0
33.19362184124026 9.811733777009634 0
36.13475834604733 7.994303445351082 0
2.377575632232675 4.622566996201265 0
27.220014117286 1.768108527438711 0
7.964214811453298 9.257892325331939 0
26.76113856968392 6.264078613695083 0
31.97084596105639 9.327593860111733 0
31.53784031230761 5.168599382999282 0
31.80296383653927 5.470642100794958 0
4.613939969954036 7.066056818610289 0
36.24993507191183 5.555042637525612 0
17.35882014773587 2.422549791588612 0
2.58565056550666 1.868609190134911 0
3.700104696723996 3.325888631649981 0
1.054255917558095 9.341686643552938 0
30.36805267003902 0.3951305772874099 0
13.66423414862117 7.795054002461261 0
36.97080778420298 0.603205693954071 0
36.78067693213952 0.6453928505454851 0
4.563015332546638 0.1672594286743661 0
36.75504796580859 3.247906248754957 0
33.06971563360211 2.746777966480491 0
35.26539371815142 1.42650792529212 0
10.31259143695334 6.699904317275549 0
35.27252358979851 7.605958100070031 0
35.42936121690521 5.713509873458732 0
9.064908915466964 1.415060832600557 0
36.14734828742291 2.764681709051198 0
39.05710520234798 3.746354744341245 0
35.15803154664969 9.439895914784161 0
34.97717096558913 9.453817514660482 0
35.18469869914745 6.0665051235404 0
25.86087681443995 1.295448667748704 0
7.521432475109492 8.665543922880451 0
22.60025502292969 7.893567434560982 0
2.810179667422929 5.810966646418305 0
28.36135183007571 5.597323205432166 0
5.581195478892099 9.543611651663293 0
10.44741324865244 2.836734117611821 0
8.974809464321259 4.282188285290263 0
28.85117766244132 6.957184350979834 0
22.20315741612569 6.153962872095434 0
32.08739437938365 0.8068331994898625 0
32.27369810136148 0.8784498962996748 0
35.46904408673149 4.071940574925725 0
18.68093001027754 5.539433494489341 0
11.78387141000888 1.880565870000113 0
20.15921085270005 5.976365577206196 0
20.55632946986955 3.659842544281895 0
13.79545302622206 6.354831315978341 0
36.46878204459943 3.029153309716545 0
1.268199268585531 1.980963810824446 0
15.22511625376025 4.379576709551116 0
36.23670984847811 4.181206329179935 0
10.17050887220263 5.502130084835779 0
10.25507098950003 5.139981609043293 0
11.95534727971144 1.969307408159212 0
39.77017402243148 6.372327340527577 0
39.56937181075045 6.288752495858417 0
27.05173165228735 1.429909726625799 0
32.70268218488055 1.350151709564647 0
20.8355838931487 5.733433013703798 0
2.631731800362863 4.365223227567864 0
32.55209508058067 1.746945760176907 0
16.62715721667222 2.959915360392264 0
34.69569925696522 1.496137813295109 0
38.57125215358371 0.09866625814939617 0
29.03010375655953 0.09714864352685447 0
3.231982119966803 8.499530395362473 0
19.70373832556106 2.675017862587213 0
10.01087953483403 9.588567608968498 0
1.80678616391153 6.412621615179717 0
3.534816127701421 6.305827821338069 0
4.963828635497302 9.907932370719871 0
2.82664887777901 3.999513957430961 0
6.70976802321907 4.187249454641805 0
35.13872048068917 3.384630777969658 0
35.27956946840414 3.258991183024558 0
20.72753262447297 8.632702875980739 0
4.888254605514331 3.12659137618482 0
17.18038675219207 3.041790928094888 0
9.417632489669955 4.220553599501435 0
4.724623396589852 4.835407522720373 0
9.051545613063782 4.477064901827458 0
21.65627136525571 8.303577726595298 0
21.75161633125077 8.470904267825533 0
3.712995403474447 0.7688301413314949 0
10.64720762187162 3.419656102757671 0
4.774620867003073 7.771028441610066 0
22.2160896029375 3.45842613394947 0
22.22826653190551 3.690572208008928 0
16.85252815818944 6.423118253640799 0
36.35628872688284 2.692436283157246 0
35.0703332967224 1.497742531283611 0
8.119564855876305 7.793268318528736 0
32.60507750147836 2.831848866178779 0
15.26324985711307 9.77287394382182 0
4.875257119606405 7.35477768686589 0
29.77791781000051 1.83615723897944 0
18.36834498435503 6.523908778453175 0
30.2137422547633 8.454586109186785 0
39.37961226810837 1.880161387655376 0
4.974906040102096 3.27536414133138 0
26.78070066988321 8.185211520822355 0
36.4394911098484 3.541693220612451 0
36.43930572593694 3.354678628510924 0
34.24118990481032 8.194520629308661 0
29.76850579167352 2.206777484372884 0
38.36822912660646 9.14592910069886 0
38.56282751206471 9.030817407341827 0
35.43142838198808 4.259910992375448 0
13.59419824192294 8.505163320500253 0
27.30922102821984 0.7995313399464982 0
20.96965559420792 8.187187583610436 0
1.262140817909537 8.145999065590521 0
18.49392096751621 1.48662111123359 0
18.70174405192141 1.453390439592796 0
5.419717879618307 9.900100705107578 0
30.58731197226041 0.1018762311441144 0
0.0975007061347692 7.021486510369031 0
30.06278496401844 8.509148128439831 0
33.75400912930849 3.663204106904252 0
33.58153977262327 3.623503729662625 0
15.8375945941488 8.915398844531618 0
4.676454426183544 3.430543724441818 0
32.80590386962434 7.119478858945122 0
20.37804546856137 3.713139127471103 0
30.68625051872711 0.5142038035560751 0
30.51392026807481 0.5394513993664427 0
11.4540065919956 5.360118560690036 0
16.4529498597752 3.601849547893648 0
37.15904802198807 9.520378913330157 0
25.45734609011409 2.565884094828254 0
25.49363249399729 2.38487608478248 0
39.88391602677176 2.605704337905676 0
13.10037912399443 7.272770319405065 0
32.01939298182597 9.813031069222552 0
7.031499812802628 7.122147286528343 0
0.9825549887772199 6.513084032808447 0
17.7581070340379 7.398277277230264 0
11.45677867766991 4.204471672542639 0
38.0284414158452 2.792690078010585 0
31.49490898532848 3.7440843422636 0
18.56396653839684 3.391789698615546 0
2.465801392674364 5.394626639634896 0
16.25076421318388 4.245617440562103 0
18.41733674273796 3.239246517740789 0
35.02047894869732 4.748413185051265 0
38.86974927964522 3.091774415959403 0
9.460584939948184 2.609194367509257 0
4.947944541363472 6.177312274794406 0
13.61459299933443 1.411200413007413 0
39.60238191943596 9.299219029970857 0
39.78434309856425 9.21523177707885 0
1.871657071466341 1.017593734668367 0
28.58420425771196 5.550137810472432 0
1.324457136718179 3.74962305509884 0
26.44701719596853 1.83155070295998 0
21.87310865758451 2.256375653781777 0
32.68936570620794 7.285500159961232 0
15.71233432931928 8.154127498182545 0
18.20673939555998 8.523913072871403 0
4.937934655528012 1.799999999999474 0
35.6188767753144 7.527804910425117 0
1.371876784231447 8.476118822185644 0
17.47736958609662 8.046458391613426 0
35.98534415431653 0.190907308366508 0
17.44421143216998 3.321810437263833 0
17.49896707058805 3.495526444576387 0
0.7868144370198696 7.409253982023028 0
22.60264048099888 0.1060493142918152 0
1.502638955885955 8.794498831410978 0
33.78427212360771 5.98630315840263 0
12.5484541336012 5.726262856368602 0
34.61333746948045 1.822225619856204 0
14.20547090548126 9.247668659151328 0
36.73731010661583 9.11581790135623 0
18.32592309261983 4.223393610945275 0
25.05439364263819 0.6171519280523113 0
35.31462340127006 1.196874378680521 0
12.50904702045623 8.408563980315719 0
15.99815306958886 0.8353051940958629 0
19.99079451489316 3.792887004935222 0
17.80001169212174 0.1033430608122885 0
16.83937993954325 8.9564615366951 0
38.09005392434779 3.823243860742892 0
24.15709649619255 9.910878736325055 0
12.929434160796 1.7458715487152 0
11.75920706520904 6.576781557175917 0
3.257978903446981 4.642936166707969 0
27.23079075511059 5.980713654259354 0
19.34649766448039 7.010528872757356 0
19.47846980402037 7.168598063503996 0
37.33271716603573 9.404818579395069 0
15.21001921766755 2.358799856535902 0
11.88373779140929 6.681608842406908 0
2.154660947675907 6.000381392861004 0
33.30719454608742 3.21493236694283 0
23.43502365490222 5.541149857420966 0
8.335079463549446 3.826366698509483 0
32.689762256914 6.977458213993661 0
32.71382922450019 6.817735811698057 0
4.752536559371234 6.264312811404321 0
7.140755085079287 9.802560453735207 0
37.60898354037231 0.5139396946708055 0
34.86869823052721 5.991316319093414 0
19.81607641035508 6.158693532217427 0
8.322564855134829 9.005284400187568 0
39.56713585766799 4.549694469667188 0
28.67898517670963 7.253955420078463 0
30.45698555255884 9.612436580713213 0
8.393939085790331 3.643682683207562 0
30.25198369490602 6.668862239009165 0
21.05147786020599 3.837507459082259 0
25.5512870076262 0.4084555437499678 0
16.97807899905377 3.694835364499094 0
33.90125512803051 9.017422560219199 0
16.65262192208149 8.523468388149752 0
36.7401202564345 6.362495165391739 0
14.48275729927398 7.970019247623282 0
14.61919322022716 8.112928872289901 0
15.15869606946061 1.043073150935122 0
33.9586579014208 2.286176924573814 0
37.32162748229566 8.049911947655431 0
18.77059465392694 7.096746562843957 0
22.91948806982178 7.811419265534341 0
28.3454901500264 5.774586905466388 0
20.11764509325462 4.782369761165667 0
20.38972827793636 1.268375176823727 0
0.420185583660893 7.245237487775037 0
2.064450830470391 6.175882306449317 0
37.02514714166687 5.594861684681047 0
5.335727991543735 6.431720922806261 0
8.526462785781668 6.710116787162871 0
39.90472776809033 9.771394434756727 0
39.771394434757 9.904727768090263 0
37.7835244512157 9.27153161649867 0
8.883994290397819 6.445210135598317 0
34.84327699037869 9.261229829069793 0
34.9055001152471 9.073981563732891 0
31.71574787308259 8.736827369024704 0
38.15277050224362 4.864734529394212 0
20.62066913887029 0.519835891108448 0
4.24191667655609 1.25438722017681 0
30.82775431369147 8.645784515128339 0
30.97774722484986 8.50641484069987 0
5.806463801110393 8.399217641597742 0
21.84929517877566 2.04285994155903 0
35.15927587050878 1.035086614706835 0
4.585024968035899 9.897883683512129 0
0.6137481196945985 9.904962793525543 0
27.90064729327395 7.830110339467661 0
8.550368079827868 5.704409882682097 0
29.44200245770823 0.7140350361270903 0
23.14871798311228 2.203180654316483 0
29.45835064382081 0.4982431062509003 0
23.76930027797225 0.4975096735953375 0
32.50403305221954 6.740359522859458 0
16.15586214300982 3.738490811180567 0
24.93066305434979 8.154618159012086 0
11.32041521352373 5.856425369515885 0
5.9339216932355 6.193069611905673 0
35.30477627138485 0.4205015896729065 0
35.21196368500463 0.2298189758196653 0
9.956007877771118 1.881199732923969 0
15.15807258717417 6.934538586566529 0
9.846348124888069 1.747978538664974 0
14.65431748386926 6.824903606223631 0
14.80905860537251 6.950133114254637 0
4.393132814070804 8.948315106033281 0
17.97635963635883 3.774463780972505 0
8.90236469281737 6.663134911011134 0
29.79955770792688 9.03779359941087 0
17.00052364802947 9.899889509923236 0
34.72668145261172 2.968649945940509 0
14.48314441789183 4.562184181421044 0
14.57789379805064 4.762796325351645 0
30.87256821459794 1.725700206232516 0
36.80856016793724 3.615657083961744 0
24.72112366586537 7.687695300066189 0
23.77917526555091 0.710095212759466 0
3.309760907771801 3.284045938894421 0
28.43151458438652 2.379980002318141 0
1.974402009845234 4.545261746520469 0
17.77366839154847 9.90458203849183 0
17.45697201020975 9.366654145431204 0
37.59831612031152 8.712274308291581 0
5.353123994149375 2.180762785410549 0
8.087031667068194 4.865636383718532 0
12.19957110620081 9.895525717686658 0
20.90906182942167 1.930271293103643 0
8.705944936590141 6.794436835884614 0
12.79265821253034 0.3850842196317197 0
31.5847598611136 1.077675622862966 0
22.64925663907941 8.559420605776118 0
38.2942388981921 3.755624834911102 0
0.4371752960614059 9.404743064000984 0
0.1136925210981589 7.410337173925863 0
27.79412838960688 8.526169743016318 0
7.646571240316568 2.947622364191253 0
13.5185191653249 4.954863641791789 0
8.70488917341693 5.571111000245719 0
8.155994418407603 6.101008964128222 0
13.65356887896576 5.067279803861966 0
31.31680588630503 7.87161002973269 0
37.20173502360127 5.261795303555825 0
8.326519867912523 6.004300012854215 0
29.27468444309106 7.981277758368239 0
20.67681131746878 7.277819475672469 0
4.826340158727093 1.610751190051398 0
2.421527376000498 5.090171033405795 0
11.49636988005516 8.383128996354374 0
12.31423443800835 5.985437829919256 0
4.35988356961083 9.14105289143272 0
13.39934111225454 8.154629995976991 0
5.686457327482707 2.176005331234387 0
15.80248410593222 3.654352379487923 0
15.73735407440853 7.116287562756477 0
15.67833812546452 7.30751495278691 0
25.70839939481463 0.5456759715134464 0
25.88397808926086 0.5143862461651159 0
6.765820364632829 9.788639552294212 0
6.223714280251177 8.531491738180735 0
31.03019606203831 3.996990402046916 0
11.68968432128626 0.6627646416924309 0
11.03431815000665 6.068128397209843 0
35.44063860531782 7.636907420305532 0
33.04354056526935 0.6896340600876365 0
12.50488573468084 5.896280406265638 0
34.47997442422288 3.715022213879017 0
19.57319066415576 1.019887584628439 0
19.38937301442621 1.040787991129965 0
11.10786886582304 6.221008297852602 0
2.52550601556111 1.543144630370328 0
14.43047227947815 0.4457168070507505 0
25.13397712100721 2.630534880368357 0
14.49635522031199 7.768862117887493 0
6.073574219213218 8.645922931854782 0
24.1049130566013 0.543853906215149 0
24.30761580490794 0.5360281602997264 0
30.5194371790785 8.316468885763577 0
9.536289036468885 1.207567300369188 0
5.112217343741222 9.040744601114655 0
13.17045977679446 4.494800834843687 0
21.11865617948406 6.555640495118202 0
31.65383628785441 1.490770439955365 0
31.55127181908686 1.686973188415549 0
38.7168145887907 1.419490835474251 0
38.56605065982119 1.342711090569863 0
16.21046006529985 0.7911939640117546 0
19.94500964119668 4.105378868942331 0
34.76844926128331 4.143590611066265 0
16.6115618968101 6.684462192062877 0
16.06003638321314 6.601663341939708 0
18.79216392422705 8.771620588879061 0
32.75792181873161 4.119375934424869 0
26.55803617748178 9.531543370661215 0
20.46712562283737 4.900669390661535 0
3.124701454366298 3.297345264505418 0
13.62054657507797 0.4016330693121426 0
23.91595804195267 8.096018947177404 0
23.81394820484368 8.286336702203046 0
21.84913179909758 9.414163883778363 0
6.446201520402989 1.994066394257889 0
4.888405503199081 1.410751190050872 0
22.62220412111317 3.003113729266807 0
33.87868624698958 9.570560480872192 0
33.96911714206879 9.774537337975064 0
13.59694476468035 0.2028893264033594 0
19.72195279155735 6.518662260356847 0
22.02104719533834 9.808729603915131 0
27.79968783234298 9.900837458988642 0
27.5975006172825 4.67421541742595 0
27.65817545032438 4.488023820043114 0
27.27130637404069 5.766404307935272 0
7.15071260067466 1.336407370959205 0
0.9336186807773389 2.513196539638344 0
37.28080316741237 4.099124208929694 0
37.03668280763571 4.126598213070205 0
37.11528151023121 4.488590701534317 0
36.96090861451737 4.317097256003067 0
8.147099899503017 0.8399934676378155 0
22.42055328846019 8.558197442137073 0
35.89952919997653 1.590671411465998 0
3.883995031901103 3.362954743538829 0
16.64347147919099 2.252359058544773 0
6.661868841822256 6.827146672101118 0
12.7795326338953 2.851367813616559 0
24.88217989183059 1.640021135898604 0
31.21350810639323 3.96054819649859 0
6.570004513226956 9.411844918426697 0
20.82939886487025 6.315885594532959 0
20.72175819516503 1.862906557906981 0
22.47344808097003 2.646461472278847 0
3.346655271648427 6.582998368202147 0
10.32453107059901 5.812751776774104 0
23.51673097451522 9.116902792746773 0
23.86207335606608 8.840673553244136 0
17.45098011572693 2.589168351330906 0
7.627387493894791 8.999908158713559 0
18.56904540906046 6.769289457674584 0
18.88849187828118 3.530591438099141 0
13.47437478420956 1.106755001431829 0
17.1368563022017 3.580894942528605 0
5.456346137963942 8.808242499019803 0
32.21269825795076 9.902242178887979 0
7.803698771934229 8.935016483121117 0
1.515535083385102 0.2114249766025157 0
13.6453961819079 1.181217841310461 0
7.368663674881759 9.903725369110214 0
33.7635773509033 6.814231466556151 0
17.427455440642 0.09030225657957759 0
27.09106238526425 8.305994837760798 0
22.60995428437199 1.152819980922035 0
22.78531965769963 1.202997770541096 0
29.81263322935008 0.512316405413118 0
11.60610401809061 8.721844877417322 0
0.9348572208722175 9.030529886131363 0
24.40129403426333 3.288627504523323 0
15.24165643777825 0.3654219938215297 0
33.44368049453468 6.694658132510916 0
14.17749525264847 9.905094580610703 0
36.96149928272524 0.972907404919738 0
19.65913962234464 4.470958467656098 0
8.892576249775045 8.282753026226507 0
30.10306376077705 2.031265074861503 0
29.99444212948957 1.848408279247773 0
10.65838219105421 8.318960690358457 0
28.44927345839112 2.20371535316134 0
1.444469697916164 0.3900751907257505 0
8.817452529707939 8.477196900132084 0
18.31677319766607 2.899137727275621 0
18.47800786816271 3.043953264752691 0
29.82317916928017 0.7268540863865137 0
9.109147321623769 9.650705530353383 0
34.70723275845091 1.667241869601977 0
37.96534858439963 4.963330856694796 0
4.451281176766336 7.626647720409338 0
15.5953941129842 4.180213677766742 0
0.09315515428973965 8.589263129681981 0
14.31966693224318 9.78289686830079 0
0.5353448308575041 8.272805205683005 0
7.085707037056 6.017399399391596 0
3.547834546342382 5.557346566083482 0
22.36182612203515 9.483246273983672 0
5.169823960101654 3.829898966758312 0
20.48293973022593 3.027711230734296 0
9.187183516349572 9.823788111011053 0
7.391787857399472 7.209196351879654 0
13.54996218524635 9.58306270726195 0
13.58792237600242 9.784557141950454 0
29.84548074706824 8.254631231884581 0
29.4302756776763 1.19060002448453 0
6.967659231089278 1.256408587127377 0
9.740623746109801 2.127585320059444 0
23.60087903827008 7.955819862824967 0
36.01969332886772 0.3665131779785571 0
17.18767805440278 0.9307683592097535 0
17.34863088475223 1.021577917880446 0
29.19891307496948 8.483181429914591 0
28.07222219479847 9.389778221475808 0
20.5054475969565 7.677994185374267 0
20.32235586645315 5.071319089239667 0
30.69048356538017 1.172181114474525 0
25.07740018437858 4.459190508568569 0
24.89974478289263 4.582442294697485 0
34.21760731104214 0.1106904154234886 0
38.99835700890703 6.716813458002417 0
31.10121314422125 9.558089000978772 0
4.537213652511546 1.999659286829984 0
27.70479349750734 2.954367347466835 0
9.908768114873917 2.074488779476273 0
10.74430805785201 8.122290021605586 0
30.56936103677431 1.598914139633798 0
30.68955665894795 1.724564475054431 0
16.5084805237171 6.210026114283582 0
16.39859984149581 6.383136844920069 0
27.74093069525385 1.421482789170192 0
7.801460241059629 9.571782272266576 0
20.154954186747 5.464423853556994 0
2.119533585631684 5.491750200849045 0
5.926702798990231 4.329233139491557 0
12.71887033502892 7.665986799349167 0
6.340152789289178 8.696094474006939 0
13.60000466869989 6.064905082645846 0
23.96011943732655 0.4036123287890462 0
23.9957694397752 0.2110625969410476 0
23.79043952095762 7.907734650454902 0
27.46264637739446 0.9682245224037404 0
27.61026204216789 0.8998041928879315 0
16.82228482102928 8.094174703921446 0
6.190012728251218 8.810525667680986 0
14.10368230348693 7.317760527557692 0
23.2237980057369 4.917425172221679 0
18.26130863097153 0.5435408388318649 0
18.42575985588068 0.6135637664792023 0
24.47258439154029 7.147835968026815 0
6.172847288955051 8.970019565238458 0
8.664394704883934 9.125716117686816 0
12.54011864626719 7.026448817892256 0
32.08855984988956 2.626358705210573 0
32.27141460353989 2.617870581639739 0
39.78299240717786 8.44096763078678 0
26.04893261368355 6.319160686038209 0
15.20546845715072 0.1745944588243871 0
36.60107309120811 3.66807669712996 0
18.39147838724591 1.28391572060272 0
36.32992708497732 1.685856669490902 0
34.30781707703672 3.821066907688431 0
34.12769155841445 3.751148010925585 0
19.23919629202156 8.384806496495633 0
0.4028707934996643 1.476902791234187 0
7.819387279176964 9.906141883755632 0
5.029999137291391 2.346386515950072 0
25.44286977859399 3.345177312098231 0
35.24587855921217 0.5678939227794749 0
15.59043154174678 0.9293342064262475 0
1.900497747984909 5.43173693863827 0
16.24517213134319 6.691965772550636 0
16.25828530560507 6.88424658143241 0
36.4060070255692 4.527284897517444 0
9.442170992189112 9.462111325700679 0
17.31545964656566 4.349728953237112 0
17.25530226607929 4.523776864849432 0
28.22605821825037 2.472746566464994 0
24.66458559669765 8.361960827855601 0
24.87026601011148 8.336250840914071 0
16.80821000197883 2.599382453222173 0
11.0391732100406 1.017894358184702 0
26.45350558479502 8.486780645832589 0
15.38325834086927 9.199144091534141 0
5.623351646248988 9.774978639760421 0
10.7498299151911 0.4189383861025922 0
3.636764117885541 4.896485390169901 0
3.205216954814701 8.722044026633585 0
27.86073876105636 1.701513158613096 0
19.0312888628321 3.143304427133414 0
18.83224342647472 3.167672645816519 0
21.65622579684141 8.668804038999268 0
4.217474111135906 0.2164216844133982 0
18.30453237805094 6.358891715275743 0
12.20038650098853 2.623358071351542 0
24.51075132291612 3.512675478663278 0
10.93960720408805 9.531791392359438 0
12.54024191645913 1.781994474065263 0
13.92805348854306 4.432892630224418 0
0.4676039499202695 5.066630700359355 0
23.77180489631011 1.15826051173758 0
17.71791933520652 2.822792492356105 0
10.78577905131129 0.22247161974215 0
13.96994845333371 9.789491019247102 0
13.28146197287847 0.5301550144273953 0
3.458695604900175 8.175547207439383 0
21.35076453897765 0.4736688606322713 0
13.47773558824411 0.5489402638261421 0
15.14149387290818 8.942173798906984 0
15.18204209232431 9.14819843652284 0
28.00710517555126 0.1728122605179426 0
34.34560653463066 6.6445419296263 0
24.81184660714889 1.967563812097249 0
24.95829704451491 1.823208728653759 0
22.11005060403452 4.068746369534742 0
21.98538333808736 4.233760905965993 0
2.999578010444612 8.814213711261347 0
33.97938816212497 6.778425217249878 0
1.190237588444799 8.553527814430128 0
18.78250508325692 5.707244561735241 0
32.01931172189524 9.637843203368583 0
38.21353298357349 8.045054545673187 0
5.099831882921673 6.264346966417018 0
33.49847611658632 9.454216544492191 0
32.00099025480456 5.432440688836427 0
37.59169241175217 1.491825744226621 0
37.43080072752997 1.50742015478168 0
35.77372056549861 2.361737898277444 0
35.5953781205159 2.435883525406284 0
31.83106156307047 1.471399326414925 0
11.35571873139169 8.220315071619952 0
38.36445623093082 8.122240612643623 0
0.2190317065290691 1.564376608771199 0
11.7608810989403 0.8248572111372215 0
20.74827892703675 8.131430894379285 0
20.6637458492253 8.309583674726248 0
19.13698622447416 7.013537604940747 0
19.00545670009355 7.170088391489717 0
17.60677893419501 5.875655807680386 0
17.80077144457133 5.930333821178994 0
4.395397236104887 0.086537032830185 0
36.09846471788889 3.373966931147918 0
17.71750794577628 0.5148424884693391 0
17.90130370041598 0.5107338122604195 0
14.51941292610289 7.442503807634384 0
38.88163338888631 2.417427411462416 0
19.37534946910219 7.84437279731982 0
19.56541959942745 7.848066076310736 0
15.21154905884934 2.530554625606818 0
5.05450581914122 4.457531455136273 0
17.295175515569 0.2332162662713269 0
34.21046946592318 5.346463606948618 0
28.07552230473448 7.744895571128271 0
3.43112908930858 8.39938941973961 0
18.99569253016729 5.730675675063348 0
30.66989593498021 8.644062097199209 0
3.583047308895186 2.248044820077129 0
24.83005526817058 2.151327784709409 0
21.47119065914416 8.699972423224304 0
30.20920346708606 8.864416889952546 0
23.82661083499579 1.747606230594535 0
21.89515267366063 5.161520646409778 0
22.74296176422046 8.728433257507747 0
4.833552272870507 1.965596240748043 0
4.535918022709057 0.3237986056696859 0
16.9777018350729 2.725344347560754 0
1.050816389938438 8.421619051026537 0
37.01567837273942 9.422491306974765 0
1.835745179007222 9.488731425355809 0
19.84465120858652 7.336604583547977 0
19.08543897709216 1.469387305142254 0
1.138668630275528 5.423681467307476 0
4.936175051941414 9.568278104792739 0
6.935218319130388 7.720192204992439 0
5.901099603309778 3.30375746722984 0
22.92742777036596 3.248765214669677 0
8.303928884933526 3.215298352813606 0
24.28573967361132 7.038662245343228 0
35.89630835512686 7.0195438248788 0
14.13893851828824 4.406920828919008 0
28.75058837950904 5.080399740549885 0
35.24152674323992 3.03420232712079 0
27.16336089784332 9.10501819170978 0
25.66401340598414 0.767415552236804 0
29.98311224529747 2.231890511214614 0
8.771721812368009 0.9682935943585428 0
2.959543951792611 0.8649096097451515 0
25.50295033005575 0.8126748418815571 0
14.23589177311336 1.629979605545233 0
12.13762114272584 2.824259231928861 0
14.05717339870839 1.746952592156924 0
14.2108060630123 5.639967766834886 0
27.97799368649995 8.432065476881563 0
22.90487869844111 2.888866190264237 0
32.65554439599492 3.44904516406762 0
0.8574503563932069 5.661205304123231 0
22.46182457000393 3.93215243937793 0
13.43684267147904 0.9072024161582695 0
27.58681093751497 9.618331700580562 0
27.60089071889825 9.805621737961259 0
1.048116349915539 5.597279889790105 0
13.07135335137854 1.595999214410805 0
13.48251845617615 6.975137261278578 0
13.53876838669549 7.140938039409069 0
13.56539815815792 0.7531642522935353 0
16.07308532387442 4.406374850358719 0
15.88738104382863 4.358658099599396 0
0.9710788061538747 3.189067777836297 0
7.456726160625596 2.955152475489689 0
0.4572108840316688 8.039176327016985 0
9.030535448696297 6.31136751273996 0
29.01502736826366 5.478683424889675 0
19.2403562558535 7.686954019080702 0
3.254647377486435 7.347020575368276 0
6.013980557681325 3.417918304685292 0
22.64447771639711 3.86746362300275 0
17.12635094640191 8.26243124185048 0
39.36308081906548 4.065593775486687 0
32.7302086532433 2.233667196395804 0
39.91516936415305 0.6095096377845683 0
30.5752410027107 5.838933211325744 0
20.4788298184723 2.820953049529494 0
39.4719234149691 1.128039010051886 0
2.419536429568189 0.7392404425366554 0
11.19209464283223 1.811801798511673 0
9.799716758880471 9.902338521019049 0
35.55830666334894 0.3873231923324421 0
35.59882741030383 0.1966405784792009 0
7.474818682834179 1.927864745297318 0
4.070758913926333 7.169715969543105 0
39.78823096706724 3.961317990174801 0
1.266360912648978 6.365696510932142 0
8.681414374602122 7.849951313864463 0
16.07189715045793 2.591215067386756 0
4.388131257863639 4.992186546416099 0
29.83764725740673 5.639015170341192 0
14.64192892880817 0.5516932574499717 0
16.82098692678454 1.802802758604914 0
31.44692131661374 0.8875514106766679 0
24.00331285885771 1.082103471088317 0
1.216170639967419 6.519821273367207 0
7.446341116435615 3.630209768801862 0
21.00204899357391 9.907259739544639 0
0.09329121077143497 4.582387540642653 0
3.046223070976802 5.419792767831459 0
27.99935634016606 0.3502063053690649 0
1.832344373590894 1.360577669928646 0
3.163136013670221 7.505443637919605 0
30.21961526989683 3.331435347678866 0
9.208936630485704 6.3315997332044 0
3.431834365324885 5.250752570105159 0
18.38791064958651 0.8410619996952188 0
21.01735120013705 5.817096416088577 0
0.08133082674288229 6.176413893775977 0
15.31650526387402 6.760729654205314 0
29.47981239255038 2.633796283629884 0
13.3384844812987 7.9716774548993 0
39.60444667151895 0.7436273401090029 0
39.79870377909389 0.8068435489203343 0
4.259138388061065 5.597540734426413 0
17.42644470983813 1.876693093234892 0
25.63910779365042 7.394359020412074 0
1.656636000351425 1.392918733238398 0
8.870526143864895 1.099091840396973 0
2.433986382319414 0.9246182804620117 0
7.183398749636204 9.300205376034322 0
3.496920580094331 0.2106312041285093 0
35.08119796337487 6.554736303430083 0
35.17490474363487 6.412387577169472 0
18.59641231009313 8.392848193111641 0
29.22661960108386 1.112594774977289 0
12.37106513732908 2.608051756398643 0
1.928915958774635 1.226434724779482 0
14.07519446861391 4.0419802221342 0
18.5745835354431 9.153020401062884 0
21.28609587574191 5.608776498769096 0
21.19565758487037 5.774112980413879 0
32.96086489598738 5.610727644387328 0
14.98672611416505 6.856541611125134 0
3.444056686783492 4.924993645430164 0
29.39845309280307 9.904109973419258 0
17.72128186324819 6.26831977383041 0
13.40989138599106 6.356099042602803 0
11.16593342360578 0.2193463408419943 0
34.11508420163417 2.426295928963528 0
19.72160784126533 6.842332976749666 0
3.579614313133071 0.3930941368250871 0
33.55449403297143 4.788798531724288 0
33.64146366485284 4.957641749559266 0
21.02554060458971 2.272299731706567 0
21.23112002113346 2.181272491222428 0
1.66453768155128 7.042134255396607 0
27.68358100228938 1.272495450184464 0
27.75922762009803 1.070995115689381 0
36.08611709257968 7.557875597287246 0
24.92956135985807 2.587381875044208 0
39.58539028185481 2.379439159780091 0
21.29499605754544 0.8494274526929283 0
29.87525451709127 3.559651761628801 0
12.53376897500715 7.521703960397942 0
12.55893813670472 7.349699519044342 0
11.95751352809664 2.83924883618811 0
16.99177840549815 1.892447021494674 0
32.29946629753336 3.396808851399225 0
32.33012981323213 3.579778126400932 0
21.62855332334366 7.938911605763304 0
34.43639744178977 5.332238568081415 0
34.48376771909599 5.507665931508786 0
35.69189816348003 6.161817992173833 0
1.301780322188114 8.887075544187043 0
0.8009835004062742 8.682995865646864 0
39.90820234639894 6.200395959435757 0
25.38008307896598 9.912658980305277 0
36.00608958088074 8.33137960459614 0
1.8214815041577 4.267558750352173 0
16.67336482012802 8.911778794541616 0
13.7110207944927 5.896755709105713 0
24.87265032354498 2.454308509141706 0
36.69559442408099 7.792158304247269 0
10.386880744574 3.177666824547741 0
35.66667814084908 3.986105221284319 0
23.70376938491464 7.228303875466114 0
3.919246881163269 7.027659632474427 0
10.26337322609071 3.297964985414764 0
11.13852479334543 6.809995849643701 0
18.23876250136643 6.696434852298257 0
15.65433763657375 1.248348255023866 0
20.05305520086179 7.31134602989983 0
24.12646813581344 3.915577628260592 0
7.938877035925738 6.929834933675548 0
25.26706247113119 2.542472163196443 0
25.30334887501439 2.361464153150668 0
8.492493394756766 6.030089385442969 0
12.16074547024585 7.438218822866014 0
12.32603705418546 7.586416831581936 0
34.86651727955558 1.76618995442951 0
7.324986002789626 3.472631887688744 0
9.212615622279939 9.494477175374433 0
33.46281235636862 8.587677993994781 0
11.59862075663172 3.542343310563651 0
28.89832111375079 5.360195486538196 0
38.37485912083616 3.218326173826364 0
38.39142424226412 3.425311138133772 0
7.139398982658985 8.330534645901848 0
14.43102923323914 3.972894199312892 0
29.65251822392657 5.509804441343523 0
5.128836773977921 8.862668544920389 0
24.24618991601166 4.610623176619737 0
4.076829229322739 1.905466973332278 0
21.40707857878104 8.910259002558158 0
14.20828747663416 8.183839096578431 0
28.60271786802166 2.090483540736931 0
28.77158257764152 2.124811308066757 0
12.96500929205318 9.310863068477657 0
26.65971059705432 7.810429794329323 0
39.11022133597216 0.9629825068777658 0
0.8485741472098929 4.990467458816663 0
16.43085091030271 6.573288103783823 0
22.33968524053969 8.760364140416256 0
36.59681153838509 4.155471701346521 0
3.080274665351672 8.218946151569146 0
17.34587617003262 3.638246348358186 0
22.70947561765601 2.411908776531555 0
35.87780015588152 7.252545224281971 0
4.911207840031105 0.2140557291772196 0
13.79999999996433 0.09062512820223184 0
8.569065760633535 2.888780914586519 0
21.87144440273413 6.078223051783103 0
22.02279594541002 6.176948929748463 0
4.636910324972517 5.941366813164468 0
30.47182276163612 3.635451003316698 0
30.64088967420466 3.527035960041756 0
39.53315645144045 4.217024363951436 0
39.47436252798854 4.355515950787296 0
28.01534553384013 5.154165946546876 0
0.2229694100876941 4.735167851990604 0
25.5012396435728 8.522235738293332 0
10.44951932962547 5.221237270019992 0
5.871986944225853 2.638199737009939 0
22.89702019774271 6.780483005291352 0
9.911217608817674 8.333460413671011 0
18.45578325585227 5.209774781512856 0
18.33628854257659 5.362202748295881 0
6.593425688604923 8.534324939239616 0
16.27951891085857 8.40878905013688 0
4.669729211861182 6.805382631253334 0
24.25256630899611 8.432115364111086 0
11.57779851335359 6.324350798656813 0
20.51492109293111 8.624336591673746 0
31.52945341315156 4.441713193729664 0
35.84851375026081 4.104001720625838 0
0.09733179466701364 6.619220264371044 0
36.07910787232979 6.927325639182039 0
37.04687129063736 6.030757244359251 0
20.16469004049972 5.657244183422299 0
19.88798048449126 8.764724050441879 0
10.06621728901948 8.410894798318944 0
31.58547076449833 8.410547164351255 0
17.13581101673637 8.046401453669697 0
22.95616396310371 9.465101481696026 0
13.39546917531718 9.900160703314056 0
21.32034978037753 5.081891853076425 0
24.12163256552544 4.730790990579119 0
30.72633823250263 5.697316846979895 0
35.92116255718771 3.088832304943831 0
12.38929693538884 3.681488770686261 0
10.63309696270443 2.907681883089577 0
30.59292123775796 9.914726269651142 0
32.42694638057739 9.780554993690471 0
0.1075527977637605 5.813940396407929 0
37.24952372775791 0.4148274515266921 0
34.93238562472812 4.024792264870662 0
23.47643002137123 5.738221216358151 0
34.0174964868275 0.1923044561085906 0
23.83332950170161 3.719938426149497 0
15.80885280276188 2.414543578811571 0
18.76489529455628 2.809350620021432 0
18.69327103478274 3.003681781031611 0
13.81137154728276 6.570292713300167 0
0.4649371279664233 9.787107118587052 0
16.32945400026514 3.723146513579704 0
36.23196248505808 4.361547723158733 0
3.007369368957912 5.219818976625311 0
3.867705190771751 4.335571757935353 0
34.42167149399737 0.1855063082300028 0
4.59188517865549 6.125243241761415 0
37.72565836279835 1.665410258068601 0
0.2030782240423563 6.292586244029192 0
17.28282667554194 1.700356797117407 0
34.48004543718017 2.66900865849446 0
38.46917639103926 5.984203128741402 0
29.83130257743905 3.364905036182295 0
31.8066947238752 9.910788890334572 0
32.38629985858224 2.804294776507248 0
14.86009761521666 6.342157427997374 0
4.511508958187139 6.896320001081606 0
36.59583356122383 6.505002884263408 0
33.70739117358845 1.030593744878148 0
33.52955267763239 0.96961150435913 0
26.13833102689103 8.389186048840374 0
27.5174492022132 6.957254878878231 0
24.05041127392342 8.717485453901917 0
38.46783549815755 9.781172580725274 0
33.80000000000002 9.910676025321973 0
33.58484555591957 5.703316581891612 0
3.384160353518006 0.7741057373053398 0
31.70772506679393 9.534409883620794 0
31.85564235107258 9.510130562166061 0
29.64149110919019 8.203120407987599 0
23.92685683472895 5.030292906329618 0
27.40120288655526 9.904784278972617 0
18.67379767582097 4.490290937121121 0
18.82906265725086 4.61478870775515 0
35.27748793311449 3.956965383780403 0
35.10864734196586 4.079731746760452 0
34.12418746608791 8.345954672517346 0
3.563075571601777 0.7015294610843185 0
1.767490378172463 4.576383315906098 0
37.66208655434952 7.351641235295028 0
16.91136088291508 9.157831899886675 0
34.77262199058512 1.921173704683737 0
28.57010060909631 5.858517344012981 0
28.71065094204451 5.736517632818497 0
33.10160635585913 0.3480168281818468 0
33.1832702322882 0.1772422335542464 0
1.689622981615528 4.412640067558439 0
9.285444246623506 3.894756021059605 0
23.74911195662199 1.91332371606375 0
20.1676677804816 7.413437059923882 0
10.39564242861451 9.569017357500602 0
10.59455343336265 9.468099495934352 0
33.45493823528597 7.128734273564583 0
33.63130336259479 7.114505726898827 0
34.12264900043615 2.789990804498277 0
15.98146349531871 2.279070389182936 0
3.189721014316612 6.514249392998398 0
22.56904909958537 3.689367243189218 0
33.74644071759403 6.990378503950081 0
11.17495155839897 0.4331459013721541 0
7.637764732748139 4.770321076060017 0
38.00991418409195 8.150811092657191 0
1.574300832426082 6.666987066564594 0
20.66799797849203 7.632459077815149 0
31.23474539895098 0.9098874106700517 0
4.883670230957889 3.424246544204962 0
5.267150213748054 7.124481836923635 0
11.31982403457729 2.838390602215516 0
34.89371531677531 8.099635883776255 0
35.40048033677811 9.910684167786011 0
28.6101977247188 1.141979320261292 0
35.40593034042612 2.718557919877816 0
4.679098123891317 1.896327818081599 0
4.750918745680231 4.383791297275478 0
35.79949580863525 2.161744401814625 0
22.38639595319218 3.754056059564398 0
38.35701782610956 0.1920707134929845 0
5.585933880509188 3.498504230002407 0
30.94411976144221 1.361709301415784 0
20.76250529202904 7.455706646726202 0
27.30220264722129 3.789538102135583 0
17.21331729123542 4.011968294276448 0
15.31074475043737 3.499310601190299 0
15.32856460301357 3.69239493655728 0
32.73924874688871 7.445503049293205 0
21.78766153747955 8.831867172814258 0
7.642536691526111 3.272125882050487 0
9.892474161398875 1.565664671270434 0
30.69565969287541 5.516891815249553 0
15.78631488829745 8.298471096179689 0
38.26204482815731 3.536364707614683 0
39.08235021073835 6.55553658619997 0
30.13554998791705 9.025298205303017 0
7.678659318412829 4.953737567328592 0
31.95964675097674 1.817377194787741 0
7.486808214601084 1.75261828090675 0
17.71215149391046 7.773171853658659 0
4.783002711825782 0.08072239584418107 0
27.13310084270965 7.454324002043127 0
22.53568882763931 2.430563765939361 0
20.45758868922536 7.259211453673683 0
32.14269900855881 7.290391714960221 0
32.0496905884549 7.124500805871506 0
23.94307984074794 3.909913085270285 0
0.5147319266204917 5.894199592322482 0
0.49439677279986 5.7194579824777 0
35.39999999997976 0.08756376563541719 0
36.04219855877218 4.035532646771785 0
12.980821051438 9.482587845716555 0
34.47585884961278 4.3251260031845 0
36.00304788003189 2.10322060848525 0
36.05621187388184 1.918833872175921 0
30.86522257962627 3.865415603422104 0
14.90859224817926 3.558124026480664 0
35.69156612893451 0.5554638607112292 0
35.89976938377573 0.5403871164700372 0
39.07025799244526 7.555486840941929 0
10.06034235652055 1.501177701657821 0
9.701996477270711 2.332559677000474 0
37.02887742094541 5.397813293562308 0
12.11625770749328 2.270836079083342 0
37.93028591009121 7.605370095081745 0
4.166587833698353 4.52665806189378 0
10.74646135435392 9.789207066345744 0
9.765645991226803 7.357886301571692 0
9.755122100855909 7.535568658786201 0
24.59999999991052 0.08698596336741381 0
14.2796139259899 8.011747362165586 0
10.11009441538448 5.838167597732441 0
13.99607158541331 9.591474417621699 0
5.933466795353882 3.870444833108003 0
13.89435907383473 8.682300445345268 0
6.117024990560416 5.05234093394269 0
38.12376229662715 1.872861072403045 0
38.0103503333263 2.001302563962973 0
8.854475345300315 7.946586697283858 0
5.445237139332555 7.422452250145438 0
4.03236111865317 1.728351556636201 0
34.07731150278955 6.965520460249176 0
17.10462145340284 7.635805649639422 0
39.25025733760253 7.339973751247389 0
39.06090756080237 7.363267110708352 0
5.32607363155152 2.620722118277655 0
11.75301417074079 6.366356646118216 0
23.80150360817888 4.057973100736537 0
24.47729940227474 7.368707969929901 0
24.31060658300308 7.488129778640729 0
21.65068770995572 7.725687109283103 0
11.92960340605127 6.242974358456006 0
28.60764917757554 1.754118795333653 0
15.35767977005551 8.219780775676471 0
36.2349150967075 7.032036356480183 0
21.22281854637371 5.428392862887939 0
21.04107355687742 5.316334529461888 0
28.51025445926125 8.874141740930217 0
28.69702276912197 8.931104397002546 0
3.401834969404978 3.483482035934506 0
30.36552252715011 9.276206746297865 0
30.1803777094354 9.183272700774504 0
8.301222681087195 5.526051919953652 0
23.79657719385835 0.09768040244061633 0
29.411696833124 0.1005896877147104 0
23.42065114231804 4.184104371223244 0
30.97485559712492 2.246949965079974 0
34.39213118710614 3.028609669034201 0
19.04502485013196 7.369042659984818 0
29.93846201168448 8.952521948198479 0
29.80496762635928 8.609896554215668 0
9.571085379360769 8.688227725376018 0
25.62576379192997 3.621756899625442 0
34.08678955700713 4.106882685246894 0
15.66238725581356 1.974977227546009 0
23.79783325344934 9.915841467956751 0
3.026648681113169 9.325512724426622 0
34.68510460527047 2.742350868629652 0
13.28554905021987 3.088759493044444 0
31.97000382187038 2.491829550584334 0
34.75092233024368 6.257251191107502 0
17.78652700385835 2.489227110843965 0
17.63325443354839 2.617650850644834 0
1.749544626481993 4.089764929546935 0
26.21654640938345 2.816279432168557 0
0.9379359368704435 7.571413735892489 0
0.2190791919664876 6.468725947957592 0
0.7335209616407612 8.286049627214242 0
6.320287903989345 5.047626466042462 0
5.619274534715033 7.491594778698267 0
38.41494880529716 8.327056382930396 0
10.64117129073845 9.26995803001666 0
1.398756505596349 9.913367039436862 0
1.812035275818106 4.870793351564294 0
13.32040241577708 1.267727473858712 0
18.46939233324299 1.832852521650394 0
22.32516476733261 5.09790282179836 0
34.13605838563103 9.082266844538713 0
33.0613468326709 3.676733966634721 0
20.48893619659324 7.909918665382171 0
20.6760475760257 7.978055693192168 0
12.81798820075533 3.567422255063661 0
36.4271312962504 8.433000924705992 0
36.3445613426872 8.270272837493478 0
6.202742064064833 9.906930891485771 0
5.185479418334078 2.580288733865072 0
5.304576918816499 8.743857463058616 0
26.65144534624388 8.063741665649932 0
36.50561564140934 8.122528986630737 0
17.54706057324679 9.15751026571756 0
17.8487425972393 6.146397855058054 0
27.36293676475531 8.027206843433481 0
27.54764951126946 7.959816187525728 0
11.63535087262435 8.896962007070305 0
8.392319779325289 5.684772763981127 0
10.61797093747894 1.696127197435393 0
33.05768462706278 4.579827627701563 0
6.083985381004848 1.400000000001387 0
12.23189792464627 7.211837451261711 0
12.42235867028346 7.188031018624032 0
20.12717397963908 0.8063849776567564 0
2.788986380671268 4.909936214525016 0
34.02962074456085 2.635669551243219 0
39.10165923567217 6.93111994002133 0
35.49477968718767 3.667064992308377 0
14.19824281959749 3.885616379541158 0
2.695207586389254 4.757491594231468 0
18.05909311194336 5.176894106247537 0
18.11801544801241 5.346473924453716 0
10.49132257038675 7.55412246693977 0
31.42322161593468 3.030940916114695 0
3.026026542557252 2.942201557244921 0
22.98305501260463 2.51480743995274 0
1.146745625776364 6.072278437819544 0
27.14837994136788 3.368831330771442 0
32.36054993157516 6.89077391352652 0
19.00176491967039 9.910977110370816 0
2.994735552080411 3.132123653862186 0
36.15593641727664 8.224072881560899 0
38.26412506642151 7.450796055223755 0
28.8516720320097 8.769539068521823 0
28.7818584894854 8.583038270349423 0
11.1295721623508 0.8191594633096352 0
39.92675143191874 3.8073316559878 0
5.166666666666667 2.072830164141383 0
1.039456456573043 5.916807659604977 0
21.65062071986073 5.501531956131552 0
24.4308140276124 2.902455671644372 0
32.70781440635869 2.035830890231259 0
39.20664062635645 9.789008253263299 0
39.29134611389483 9.606328839488235 0
31.82677515678296 7.091868147780661 0
31.69954256470663 7.25400411897533 0
33.16421361060522 1.634622198014513 0
22.86130514883874 6.347022825042622 0
23.04569067416297 6.35216067409754 0
35.20073516771155 0.8418426696724389 0
35.36288817632539 0.7378770201872222 0
16.98397422520837 2.938710413724142 0
34.55108807540454 5.202496126476995 0
4.748853603533207 9.805816054232002 0
19.97504959494021 8.144699070281218 0
35.67174426378292 3.797848371625264 0
35.82202763015433 3.664051638827114 0
24.17342727842801 3.302276405151532 0
2.733796441090387 3.349633926123511 0
17.03083547129301 3.892561488714961 0
13.9110922195709 8.352202242865246 0
3.665239129649656 0.08716313140138339 0
29.27475114195493 6.352414708546952 0
3.316132153837999 2.514259241139805 0
21.3749287752028 4.71742587329755 0
19.02310599409188 6.314146615389504 0
18.87732514556483 6.464968209490055 0
30.32719049453545 9.485980959078319 0
34.27655272595107 3.39160701172085 0
3.151612097430091 2.620945823545998 0
17.85245072527082 8.927755414991452 0
27.43299001384537 7.326404620566339 0
1.257946545476798 9.067659950037308 0
32.04340949435149 8.610178269061846 0
33.01435090707357 7.143965919179333 0
15.01532007679945 2.292084509519213 0
14.37745075484217 3.36190677526761 0
19.02767053156551 4.890813073942578 0
21.70588864198838 0.8840448294169724 0
18.22603992246088 7.680152599415359 0
9.527780184019788 2.387187510382368 0
15.39229621501358 7.519772277608031 0
15.22813484277726 7.619349690401648 0
11.60896754578767 4.352140969723461 0
7.954173885838251 5.335590712963948 0
3.316203094553067 9.140491502399888 0
34.276984712577 2.374669978696624 0
38.68208652286061 7.401641426061535 0
1.370077637752756 9.226233053222328 0
23.81521413021074 4.220183424846653 0
23.9541055118431 4.338013572582114 0
8.597117627956671 3.084423231729717 0
29.16531407793837 2.149293669723099 0
14.26548718478651 4.582648382837601 0
14.16201629420684 4.775858914626991 0
34.73531051814108 8.001312012583826 0
18.64304562925088 7.720259757572827 0
18.34544090676533 6.020486447678294 0
18.1520744979931 6.022187842847326 0
10.85587787934618 3.176795953829397 0
21.15482906442886 0.2081460973698801 0
32.83768745181777 6.479792391244872 0
31.33922872814486 4.453517890186077 0
17.12601922038334 1.69647289745019 0
23.9010920965396 9.642258276329008 0
37.03495047663767 0.4354882455223719 0
22.41475819756396 0.184399951498625 0
3.318913541220522 0.5939767522675556 0
10.98249938003577 3.038637852996949 0
10.83732734933249 5.206079854409526 0
4.540907424284486 2.216358333706671 0
19.9845627062205 1.649274021717924 0
30.99693454422027 7.967734294618193 0
33.75227796947306 6.478295793739488 0
33.68461221618869 6.30704556136051 0
32.35812216816583 5.400911851769216 0
18.79903328824787 0.6240762635995821 0
30.76012977841356 9.790647306844777 0
12.48844509100519 7.912664872677198 0
12.67875598256454 7.846332735312802 0
35.85721276602803 1.177988388022509 0
3.497828759304292 0.5214004760465343 0
28.19765713821532 0.09027098957017737 0
10.29520853500047 4.764206629206944 0
18.2974264972716 7.861960002470991 0
34.33459096196527 2.813960315052328 0
23.22611060946758 1.877198494771591 0
36.68296872811174 8.217578746044065 0
19.86240521676048 8.005242429872325 0
34.02742793001595 0.9126481356833059 0
32.16272602300418 2.190794719405128 0
32.35975956562454 2.490217451871647 0
30.28341737790025 8.271846992914105 0
7.398506320860037 0.0863534575558399 0
14.01591723178692 6.913436320326344 0
22.01719059391296 5.347474170410621 0
7.309715320980293 3.781850654877728 0
4.392436719615397 7.81951689368609 0
2.50059449986882 0.08452210736608939 0
0.08761298686010448 1.391766858731883 0
2.611623526142385 0.9105103457636846 0
16.24295887154329 4.063595488369892 0
33.83453057332236 4.984077286773341 0
7.775706097059693 4.647933791711808 0
35.09067708088153 8.379640748525921 0
34.8953191317582 8.319358260047432 0
25.49345675499067 7.281765872730045 0
25.28962965886813 7.288646456505568 0
16.80834597680633 5.510009752143894 0
16.64717988547821 5.52842400131563 0
27.8094480372567 0.08254127094776524 0
18.18693960428982 0.0801525814287863 0
27.3300164907247 4.327631132733296 0
30.9060447887777 2.974804455979307 0
31.09157485609687 2.941111727508196 0
34.18136550251717 0.7844029080308167 0
31.6462100265555 4.619836161920108 0
22.54746609726542 6.794944607673419 0
2.597173573391161 0.7251325078383282 0
1.950785146375078 2.185136107600481 0
3.329710612033331 4.037793971819534 0
7.760003022007194 7.020907909607985 0
19.00543431402989 0.5935056306349257 0
38.55156507200045 7.026018054926706 0
12.64900621125131 0.5578295908787969 0
32.41381158265767 7.537730948029989 0
10.32011066079298 2.975445583363993 0
20.99875587779419 0.5272567718019239 0
30.05960978516979 2.395546791402781 0
30.00143961371767 2.590330727980067 0
24.0986457962939 3.520881468047568 0
18.10294070905076 7.313471743649045 0
17.96321126452844 7.451340169755194 0
12.9555443675261 1.404064772218342 0
3.994285187238824 9.069877791040453 0
6.750900993445832 8.548358034720072 0
15.73181743821189 9.088819526443546 0
15.76874851404782 9.267131611620274 0
24.84038879959773 9.817710875797534 0
2.888053574419543 8.503327351972924 0
14.21531879403299 4.227211113026955 0
3.581445976596234 3.506653694493326 0
1.34396810684737 0.08171220223126097 0
39.91930331753361 1.399999999998513 0
33.49517077653161 3.457153296969615 0
1.13955955202409 8.744973154723196 0
4.158843654787211 9.202161506283401 0
10.85251336118389 4.136310736809222 0
39.91301526830967 8.609946847402641 0
29.89595826510923 8.428393453853646 0
39.18309806863499 4.149759386713477 0
39.25582683391674 4.330699136908451 0
1.849865628986445 1.990908107576249 0
18.74824828842986 6.04181729651595 0
19.971213902053 1.308481394665836 0
27.53632473551243 4.326089092522555 0
35.61286957070286 5.571061143904802 0
35.54662530811888 5.397507544067572 0
4.350612830357192 5.405488964013801 0
10.85957631816397 5.39060303806669 0
28.26520749178027 4.317434720663099 0
28.22075070329571 4.51933261008707 0
38.61965333105547 9.912225620048266 0
15.27107967619741 9.560785313057449 0
19.97867043909924 0.7373372168187599 0
2.829621838872013 8.682431191498635 0
21.15415966616096 0.4237817812925546 0
17.77480129879716 6.45607825567834 0
12.99773336685533 0.08475747506979407 0
14.00099413400117 8.181549720824407 0
22.19419100456831 9.358796742941777 0
14.21245673098945 9.584880266675389 0
1.45501360334296 7.065001339391531 0
0.08425672544781783 2.599111766022096 0
16.57636153721685 2.064533725675176 0
16.21475163809288 0.0818134784518641 0
36.76283991351139 0.8649002555499212 0
3.26486102003833 1.662266331274186 0
27.75554876070349 6.400114366558051 0
27.95927999062854 6.38824932776012 0
36.06184270070668 7.349305809918978 0
10.59462729109682 0.1007895955343474 0
21.61382186626095 5.825974558820397 0
36.18651674399784 0.08183049552272424 0
35.87476942926983 1.785830937820678 0
9.093134767442345 3.645123890494168 0
25.6653084747715 8.240169450232015 0
38.31920692742826 5.860009335210759 0
39.49481657959087 5.739779237635145 0
36.92453693162572 5.081976424121827 0
28.84346263001605 3.952082467374422 0
15.69620458057888 9.604175185732396 0
15.63527177064966 9.788462807776371 0
4.237634297607062 7.10547023285892 0
22.21211771647527 0.07835063720680974 0
28.79475969388774 7.544493430710094 0
28.84038114423207 7.712696118475189 0
10.92311344495804 2.831728481291597 0
2.719669434785683 9.064092416271942 0
34.24072894667825 7.365433230556988 0
34.34266844655338 7.221862408100573 0
39.79773249789357 6.02880595847671 0
11.11382051764873 5.614750860968184 0
10.99158184676973 5.758520096405724 0
15.36636135932871 2.217274842162861 0
5.833333333333333 2.068072709965221 0
12.40192771159506 8.231902826662795 0
9.49755415850165 9.266245540534898 0
28.59999999999998 9.921240165304182 0
17.98695129646874 0.1834956422410748 0
13.1550433020071 3.429463360723766 0
19.69193472925478 8.384788097183803 0
23.17773430491087 9.536170928008744 0
35.50931186666354 1.138513878428229 0
12.00956051522298 9.817721084131199 0
39.59693028621254 6.078564447141084 0
34.10841623673976 6.331376089341923 0
16.54851847494243 5.178113407120339 0
16.51586895487866 5.373476284926366 0
39.91871297521546 7.400259259124641 0
4.380207309403898 9.782775625100919 0
1.615957173950684 6.455112856360109 0
8.165739427934195 2.253545253516902 0
25.53590444486191 8.327260063003338 0
1.453038457263704 2.520819274351564 0
0.8471617009184892 8.467971628195146 0
11.96732403691956 9.642774393400446 0
13.7030067753151 8.67264825242551 0
11.74932232878185 3.697432720086925 0
28.07129141554454 2.346389525011442 0
18.03444677684716 6.680077907688357 0
11.80998940902217 9.922195366444541 0
9.239969758355835 3.72352305463028 0
6.82524946453911 6.739413638656198 0
23.51709700128573 8.1475516442451 0
23.60464764686429 8.289784186900677 0
7.401946778465148 0.8897307838657049 0
32.99982653177294 0.07527370447993399 0
25.78553835779529 3.294463932835432 0
25.94488457426424 3.350477414916316 0
29.95706335163881 8.057149644752544 0
35.98368288639529 3.692626156598937 0
29.09315435846446 1.590606768205233 0
28.89276027016484 1.593371027129066 0
24.11592946628238 1.584706248808222 0
24.31591937612352 1.583778759917111 0
0.4185958830383363 4.640170478601896 0
1.466136233425519 6.323912191298915 0
22.98807734220455 2.319544671176615 0
12.14319612084179 8.406100546730594 0
11.017999949905 5.101485183264883 0
12.78978623573577 8.024641894276728 0
7.733536568263578 3.103481276103544 0
25.14732254802431 1.465594101487675 0
25.25395246456708 1.317122006027868 0
26.46366834601947 7.770371823994824 0
29.64529511055715 2.348168322207166 0
7.39976011199699 0.7288132855164321 0
15.80927899338274 9.909810741252121 0
6.103431206906755 0.6127255971120288 0
6.599999999998679 0.07657350044751064 0
7.536969113657229 9.19209188907535 0
35.14278306776657 8.556867253768715 0
35.05575700206793 8.714162659141815 0
1.284185847837925 2.553304280394221 0
3.142989982950703 4.005442883258955 0
28.32923321663581 6.398788651387171 0
15.16113759055544 4.795816227554712 0
26.18556364173196 9.039136120485253 0
35.40283543776703 2.918746604246847 0
0.08037390252381293 0.6005319696726191 0
5.299131749789761 7.522648856943867 0
10.74443085435759 9.581730132290481 0
20.40167582765683 8.744962883926826 0
39.19431775113212 0.5691867941606469 0
38.99184232920697 0.5402497992541556 0
16.90452680160628 4.009800336057058 0
1.650205102913962 2.019418227708316 0
39.91690739987917 2.989944039020818 0
11.30249658290757 7.869945043996601 0
0.8656513558184294 1.366690846577266 0
33.9708266961703 7.957101541977249 0
34.15813576128951 7.99236820993567 0
0.07477162253683627 3.799999999999999 0
37.37659937519889 0.5489981294838765 0
25.25527795600375 1.652431544468286 0
29.36331254474709 2.147027033127652 0
23.38625969262649 6.385136146142666 0
20.09142650334803 0.4022188279411787 0
15.54411989318409 7.007317344009169 0
18.01688732109865 0.3522931725598781 0
32.57699920062517 4.376796334396186 0
22.36409451402378 0.3643830606268916 0
7.100624952038602 9.610382753962122 0
31.2000257089961 8.010734688505682 0
31.53449656612383 8.232514361589724 0
31.58958888457031 3.146716291797824 0
18.14098798311436 4.102997791024088 0
14.34579724636185 3.567413752947519 0
2.333069817970918 3.769756831494762 0
13.44878353788532 2.595326394288759 0
1.220335485564834 3.431305202742639 0
0.5807728360353654 0.08254796669134266 0
33.61913696566587 7.471637547416996 0
33.72213318425504 7.316731309573691 0
33.79988917574619 0.08161404068510193 0
23.85280923151234 2.101108491091915 0
24.04926509294868 2.101230860802751 0
13.65562478701736 2.557159702329904 0
2.257338072243031 5.201997848527818 0
16.19604291359535 9.429393104239514 0
22.87953132945935 8.008736749015911 0
38.51506517738367 5.617483796884582 0
38.50409199704531 5.429401185022471 0
0.7086007458837829 1.351959457411025 0
3.255048389765825 8.082038094166865 0
16.77059117896041 5.852329882337474 0
39.39907704728932 0.08264536145892556 0
39.91995059904868 9.40049334975688 0
39.39963647055419 9.921948598078734 0
21.36555350226264 1.057546465902769 0
18.74596268294371 0.8367214068050317 0
14.28946574946394 9.448652320333315 0
36.9624992210846 3.778967397244911 0
3.004167114316042 9.919974333903626 0
2.851978769380219 1.66588422156427 0
37.71161218633431 0.3534516858471299 0
37.62353378302564 0.1847963671692033 0
3.957157737111435 6.820129011196806 0
13.60392235991956 8.168401067761932 0
17.00117274250803 0.0736590151344429 0
28.45628635875265 8.683778625381565 0
28.57324112608907 8.554240483281495 0
39.43932133317356 5.937365670128671 0
2.270546756169173 5.369606199513492 0
15.39543145817038 0.07616074252829121 0
2.666581941785338 1.697223563659048 0
21.10649270284152 0.8529298259023186 0
3.730130298796141 1.772393796778525 0
7.256108507046238 9.493226991270069 0
29.60715524153956 7.987690399548581 0
25 9.927838042559594 0
1.670766626827518 1.602139900995032 0
4.537227528510472 5.403897690585062 0
5.340040108478449 2.341588251433849 0
3.566519662176632 8.521340643051174 0
7.427806823553031 9.542816632286778 0
33.00000000000006 9.928357036162433 0
16.60791600222275 6.89824734684047 0
16.44031818997723 6.97935406744319 0
14.99446640323944 2.104643102112738 0
25.83247081523551 7.287739361689501 0
25.98014127147989 7.383862661564421 0
12.20183713787908 0.0725769809197626 0
33.18514298169828 0.4914199078935068 0
14.81306776910598 1.994290036199855 0
4.568072254269254 3.286261325301277 0
7.47063821851667 2.600003895180266 0
5.702107395642732 4.096871973019587 0
10.85896820740601 9.19096314917131 0
37.80000000001129 0.0706985446617764 0
15.40087672017296 4.447374058073354 0
22.19936560280691 9.927243954298195 0
12.68793161987461 8.942860946479421 0
12.8176376724256 9.034818246583571 0
34.60406418292146 0.0748158928065142 0
36.31120618871733 7.600160455906142 0
28.82979898218288 4.301208828823465 0
10.19568954662596 4.938052842900421 0
28.82780951954872 1.098877272580508 0
9.980229145463575 4.680117552781867 0
13.89509902312905 7.999372903820141 0
19.91544732256375 2.565772261788111 0
9.80078069860908 0.0713901147639578 0
8.99951646032857 0.07768906424954007 0
9.594434193063897 3.362977630037934 0
19.89808365109882 8.350223623808986 0
8.999999999999991 9.932774346786376 0
2.794630442559181 3.173037677009265 0
8.344702307324638 7.441426230979126 0
38.72461413699396 2.560080040041087 0
38.56790303322315 2.45932392434215 0
19.26963075132653 4.434096671966517 0
39.8017388775524 0.4562734577188747 0
10.84080797931774 3.387736541415425 0
18.40120739997791 1.643400907325645 0
7.956053586592776 4.349646131445819 0
21.91604650941884 0.9056359100060515 0
19.09875242367728 2.961825691576593 0
16.96448406860716 7.945386387647029 0
21.31978551329841 7.80666245547954 0
33.25077182968226 4.893082965207801 0
9.735059371158883 3.43741558406396 0
3.605156379874929 2.046297270246038 0
29.86660019717042 6.631209682198471 0
1.508411043054942 9.608125563519815 0
2.529794691395268 9.56839696362492 0
8.399737837658305 7.633203211216032 0
26.80028799321717 3.574301430799153 0
26.67052869133185 3.427048153246857 0
0.9064250833128303 6.311166625950544 0
10.9933756526579 3.478811324315659 0
7.557956413983857 1.000543780109943 0
11.60955637393506 5.204214893992131 0
15.45649149873034 4.646914088204416 0
5.723318543736332 4.275788616341523 0
18.02557502535937 7.647364351386234 0
9.994834474691364 4.863257805637823 0
25.4397519651599 1.65002332705879 0
28.53078556869718 1.909915019000504 0
1.567294972500881 9.800628979142081 0
24.01306792753623 5.78496960047548 0
15.42949969146313 8.422646563399065 0
7.738821023377814 0.9483361207569313 0
35.58736706775287 2.6377591835834 0
37.96198972855784 1.293916486259447 0
37.86689580294959 1.415339306636045 0
13.33934554900488 5.064061017432715 0
12.25026546346788 8.230044046861893 0
12.10727761824083 8.088688901979246 0
30.01183630575843 3.258249318680639 0
22.7947322027925 9.027149815290251 0
22.9976698960991 8.14232120991346 0
20.85863774480509 6.784682875884447 0
33.3672003817389 1.598347936135016 0
5.994263558954749 9.062974857528479 0
8.301346831503173 0.5255516097614061 0
1.85984350658678 6.198010953524235 0
8.877330938945644 9.656572950157754 0
36.10590011799628 6.718584233202222 0
36.29217499754083 6.657666696305495 0
9.83000688142854 9.489678251126085 0
2.336861469663916 1.606431145707472 0
38.41970011636593 0.8507932091041038 0
38.45454178127752 1.045453558561936 0
13.79632910715418 2.670776277429638 0
6.217811488424861 9.306226014115548 0
38.05621383905488 2.581798386227734 0
34.27713455374693 5.994235907858834 0
34.3666964563937 5.826671392500235 0
8.822033800338113 9.829655530815428 0
34.44004912245828 2.485669938746975 0
10.05920151943116 9.170319552223729 0
22.93352313263831 9.291271847277846 0
27.24609507817291 4.128187080178868 0
25.70086043590092 8.025788289693098 0
6.78401067902588 5.908899598965888 0
6.944752132711336 5.896152131417689 0
1.049440059523995 5.252935978726523 0
32.50778242438903 3.135490949875002 0
19.76177046312336 1.976586427410999 0
7.003151482829398 5.724673664407558 0
12.17305960035745 4.718626598862909 0
18.16017077612 8.012170582026572 0
4.306052070133874 4.823838250701017 0
30.87080065610741 6.046320929748613 0
19.56564020264752 8.206929503844792 0
10.61518917327791 7.954841590833959 0
2.181563633107262 1.503184566174622 0
29.60514226576346 6.895973428146905 0
9.214132854292911 5.025012931169609 0
31.18381486720903 1.121390528586916 0
39.31131815807714 0.4002935213111247 0
31.22172646046607 8.21666902405221 0
6.034719754488729 9.253429796245976 0
36.73042952526658 2.794976832769264 0
31.34926411472215 8.293162665516544 0
17.45247098304204 6.041034218673501 0
17.51900275942725 6.217634150944463 0
16.38966911450095 3.925570317283016 0
16.90965098628585 5.699841599430319 0
35.42878095050216 2.315965137197887 0
12.77377660209126 0.7317992108126258 0
27.35364453464128 3.980569024504378 0
12.94702343151568 0.6542548580057909 0
34.03243439675864 7.607684185320718 0
13.4338083820373 7.310215466098398 0
13.25346299310086 7.382198845509552 0
27.17598566140292 2.783256897944812 0
14.83332072656702 2.416456687379426 0
3.85926937867619 1.66259057410925 0
30.67155659238074 9.597294643438774 0
0.8521653843642624 5.21921358018959 0
12.22046381719048 4.328511083359214 0
6.083332113960743 5.248813528263683 0
2.252054308158951 8.063385517106022 0
18.30083015493905 7.361430238756789 0
18.36156560751825 7.532086912892062 0
33.55379071112318 5.287574190465837 0
32.9319559414445 4.449733336678711 0
32.94100469812984 4.238401002765465 0
37.65687942258365 9.08575332364574 0
36.4029847425786 4.09870289253552 0
2.668351737895482 6.130222261921787 0
35.75186464906817 2.976890753472524 0
35.56511268010787 3.053437018259251 0
17.97210703601093 6.495180167340995 0
32.25822745160601 1.671999271092059 0
34.32670824623586 6.324379837212303 0
21.0811266435865 4.568624265779165 0
21.1694389755274 4.729673135596483 0
5.986408584506485 2.158110105676881 0
18.8700243950301 7.481869856482788 0
3.825376735980515 5.514255008901206 0
18.04276515100345 6.185496218338451 0
18.11261015422611 6.346520048773463 0
9.701185490412525 8.993245446606762 0
12.96107801849237 0.4526271085252904 0
31.28355006404543 3.778798035682707 0
31.20106705726188 3.605422005707586 0
36.87780168800027 5.281995064267761 0
19.95606314324222 0.5280660000166033 0
19.78523321993619 0.4898480707183563 0
23.23173485414802 5.495595078726083 0
3.769013771443287 8.511199596408726 0
1.100140924126855 6.224710784393277 0
5.594872196299452 8.682421649292451 0
8.77539857577996 8.150472929677626 0
16.59607740624371 7.773885486107761 0
16.43957981542415 7.63153642096838 0
13.80727034612107 1.079817190880436 0
11.33859844073245 0.8312478277222409 0
24.13234513712849 1.244352778653433 0
11.68455530713377 8.343660414308077 0
16.5423830774408 0.8276380300510171 0
15.25134965922211 7.837091098868675 0
26.52165165617596 9.169053206435475 0
8.364613117938291 8.817006410962065 0
10.66388121300748 7.616937315375157 0
23.22770866329814 4.18648056163063 0
10.78775312448732 7.329922936914625 0
27.87466869528344 4.435401435967526 0
28.00979607591738 4.584359153675151 0
13.84003917601596 6.966197718442942 0
13.75615579464977 7.131637436370407 0
14.70176924446513 6.16316211980903 0
4.629692383132513 5.590738078207525 0
22.59038501068682 9.240793849121507 0
32.58584364226906 2.325471432917376 0
32.54807769068267 2.506692568087992 0
36.88478217267706 3.968847383387351 0
38.88762845251109 2.858986566785017 0
8.303159258914219 7.758182622432955 0
17.13278434495639 2.647832770897754 0
34.527384300761 7.525873505193908 0
14.81364368267079 8.067888557045496 0
9.437483833972871 8.59463626632213 0
36.90605910459549 2.910568989874561 0
34.405747035541 6.162262911986666 0
24.32683020104984 1.896505986916706 0
24.57706015900773 2.747417563672555 0
4.118224564454315 2.466350252825447 0
33.97557965973676 1.714248400131336 0
15.50073654398031 8.105197852615861 0
34.29106128187281 4.040366217062742 0
38.1917282148373 0.8237897545183431 0
38.0925022222825 0.9887949850408092 0
3.565693820831216 1.667272053321706 0
3.042598277955626 3.496266826157491 0
7.646879658780395 2.60449630462942 0
9.681311166482109 9.185798716332622 0
23.1106268701092 2.021162436839058 0
11.95658377786541 0.827426082451136 0
25.62331307284311 3.431888114718333 0
21.9831486803629 1.109142801279685 0
10.03208026724959 5.645313989603316 0
24.82898399164796 1.315959501532983 0
25.42789678979089 3.175875654974268 0
26.50297181282471 3.780713464318065 0
12.08362909423566 0.6849980962307095 0
35.2293855272876 9.798364289460919 0
23.1978661759632 0.4512268520046142 0
33.35026736991762 4.773119998761893 0
33.95659351604667 4.617647874702379 0
29.07699510645361 1.963939244921871 0
26.65205163102997 0.8562040011653913 0
32.47926852670826 7.035107320849988 0
1.337474292237182 0.6932616096299379 0
10.73725626608429 7.78301724671208 0
11.74537546648691 1.675545613857154 0
36.11356580211342 2.980485849083954 0
22.65130511583949 8.893580058626471 0
22.47673194277793 8.926734105174026 0
19.42907329109622 2.059251852382452 0
20.79834740545415 0.7863947203884473 0
29.09632756829909 1.270273152639982 0
4.386212827513021 3.245744877452588 0
9.100725724779876 4.887784016980106 0
17.40798245222391 0.4061224727990498 0
18.97133124709344 2.791862749249518 0
24.48919979072609 2.575947418014189 0
12.66663946822368 2.707054270540654 0
1.328128463535644 0.8592246154583871 0
33.93860127589256 7.084684318962618 0
19.09072290875047 9.237843113226907 0
18.3332775538821 0.2046203425621454 0
20.58715637926167 2.048877412082232 0
37.07124529961653 9.212235769654249 0
11.89137011796121 1.499230488982891 0
23.94329916144033 5.376042217454224 0
23.85456636279732 5.201263025193895 0
36.3369630399259 0.2114991366118792 0
38.35237438778893 5.694273814876556 0
5.776979277134186 2.788214400741372 0
13.82215665978776 7.646165181538549 0
19.06296226706037 2.634276914839059 0
38.41139221102042 2.793031116132573 0
14.5457328363252 3.647319843808967 0
12.46212773478636 2.97062326898822 0
20.98602785528992 0.7065040989913088 0
17.64141083865472 6.744252065198826 0
26.11590571172365 9.221248161011763 0
31.51505265757457 4.82077403330013 0
38.72173157850877 2.764605197875676 0
25.74880682830306 3.086727273196303 0
25.8790596547575 2.924186868880714 0
17.13555948409971 0.2165730248261921 0
0.3804321626935332 6.177876299581275 0
3.676722156088268 3.686718180059066 0
3.592703610949358 1.472595443145018 0
17.18977134340956 9.002861014590836 0
17.11827336984041 9.173679653718994 0
5.353338458870556 3.757996212638274 0
35.06129894523344 7.089110694092642 0
9.58963315868624 5.213132851105762 0
5.727174319912502 5.090479365616557 0
1.618007977739014 9.472871175514426 0
29.18538809401173 1.771050995001361 0
32.58358977509447 0.4581437163980482 0
20.35551085963361 7.390873081917455 0
11.9422775438396 4.959241660959786 0
9.857331550318143 4.969411207840411 0
22.56492381674826 0.9589781294887509 0
22.70619925154499 0.7931597468526258 0
6.518917831980957 8.223486488971563 0
5.961909109562392 2.308376692860237 0
15.12019437233455 7.944502848554793 0
35.2762015986187 9.603048491902298 0
32.25819090457514 7.822539959815614 0
32.25995801505264 7.637970027491555 0
9.891140051863671 8.167090645912614 0
11.69758368648628 3.350513163810131 0
39.49138945311076 0.3995263059147862 0
18.14304353681239 1.874318922505385 0
18.30279761690723 1.968277610987632 0
34.24754132258666 3.175082188924472 0
34.06416519888575 3.133992420366935 0
10.0130685681031 8.019601725450256 0
28.9476432258731 9.373869591535533 0
28.92030406690957 1.265006716882523 0
38.24431949153839 2.260705419548118 0
38.07706993402486 2.194799079552945 0
6.474488751324365 8.36835785709013 0
14.95350453757604 8.896286247230037 0
16.05704765762594 6.422733977558003 0
16.25990473748309 8.616788219036886 0
21.4403444133457 7.974944710820886 0
11.98369228152519 8.370674956516988 0
7.994290275336496 2.277107521240657 0
31.59868025726131 4.976458588511322 0
31.79362947699884 5.007443714583723 0
28.66700161953392 4.921469227847225 0
28.73803844843783 4.730188775555356 0
34.460791809715 7.869512992497579 0
35.224356159819 9.236521187774676 0
19.65914474631183 8.032908390061085 0
17.683806400973 7.17938670806474 0
24.02779776352382 1.753034196701468 0
24.79725084736875 7.999790439692767 0
35.37166007597069 8.880789361108654 0
20.38597979766227 7.566166466243845 0
18.89638627403702 2.13790171161761 0
28.99339017089977 3.322729555675947 0
28.80320754922115 1.764675890677177 0
35.39336675497758 9.217884820811028 0
11.27315118787894 6.256407294594697 0
2.348911508157972 2.842118603972765 0
24.13808388790836 9.051278141965014 0
27.95496466433094 9.578704919294886 0
7.186771643174249 7.263287916248164 0
0.8266951255160585 8.096226930122169 0
5.434368481424005 7.835430748477598 0
9.858987478100708 3.681580914653551 0
22.77754192335574 9.190499710309105 0
26.17304008793785 5.96231805832084 0
26.24716664746215 5.802718985883849 0
3.422618696252 7.111254329756246 0
17.00586371273921 0.3682950756722145 0
11.52034138058115 4.56381953675723 0
10.81671315726895 7.489088229273517 0
9.912639305652782 3.826246755754384 0
35.83132935695699 4.312240269063389 0
11.1204498462641 5.911576958865712 0
2.595497389233568 8.079330106132135 0
27.19902732573394 1.577439991962809 0
39.1380885187051 8.636977843450516 0
39.29561732586986 8.652081894850921 0
11.84733799503764 8.920349512638046 0
29.27895333623129 0.3900251820922078 0
19.30244921921746 4.016473856990905 0
2.167493543962359 2.795714609872507 0
33.38737761872207 1.084558142173015 0
36.23615812432971 7.22101512781395 0
19.08615863544754 1.847805086855039 0
15.86838029697383 2.601674168750097 0
37.04282570160938 4.686296562621877 0
5.811100318347834 4.948899322641317 0
5.445155604191655 2.472659364156641 0
19.57255463299086 3.38340653975673 0
13.71708357882776 7.991262235425419 0
36.23797888114196 0.3871050062239285 0
24.34234901294911 5.768331458705577 0
24.18074340257471 5.647973002606395 0
16.78469508550023 3.605199386155123 0
16.63572937957018 3.69734890219428 0
18.55396271474055 6.556726301906131 0
1.161513186258506 7.533449410068227 0
3.766543700442626 1.96222392136899 0
4.390334378757488 3.054115300717029 0
3.438618646062887 1.739175508714302 0
0.5425373321775494 9.567165454341108 0
35.61187804280185 4.382314187171592 0
21.86940395958463 9.191156989576569 0
8.776056091655342 3.087377120887908 0
20.80378349453098 0.4255350990325835 0
18.66350360808553 5.874318948355858 0
30.91667655172149 6.853129078312569 0
31.08841344230571 6.870369876391314 0
15.53276358921154 9.04863301507781 0
11.00021110707095 7.571469184586256 0
14.9145188042527 7.895905745787592 0
9.370656479771148 2.266414291747102 0
1.533273832431919 3.524202377799087 0
36.8676727778214 3.434744959657127 0
38.6727511991272 5.707822055787084 0
38.84705903720572 5.625980434128716 0
11.15511929247066 7.453812656549968 0
12.61556492611993 9.489830198625203 0
11.65264944225894 9.809405725919119 0
36.63789940956386 8.40561277304978 0
26.84401875148162 2.817726549750246 0
26.99236613074589 2.706844948017524 0
3.940150890992244 2.029536115395792 0
28.03472924675313 6.203984554626396 0
35.77102413405408 2.761401603165705 0
29.37530549721448 1.779571720397967 0
37.00302408144544 7.598249012273371 0
11.00552576913466 4.915619119251944 0
2.126196725499123 5.094462233742938 0
32.88218215705304 0.3496736978052917 0
32.83051270014699 0.1788991031776913 0
32.68294344768784 8.199806759861955 0
32.55857256076849 8.373210512448329 0
24.02184717268657 1.419807752577145 0
35.43568684782483 2.125087735768593 0
8.006620648649481 2.59805195403315 0
4.325434613869242 7.459953670825771 0
12.64796938229938 3.044637856100285 0
29.25605757187443 8.166962742104346 0
3.029022039034124 1.181911394094046 0
26.78465591828907 8.936845331850449 0
26.73440798547129 9.145731087989473 0
36.25800822904813 3.268458991534084 0
20.98489290998828 1.040300033391995 0
1.352083663229388 3.543221011806091 0
28.58495706003882 4.576623211083282 0
32.49092646759616 3.301943821579626 0
11.77202608286422 8.16109205102094 0
20.53737091920486 9.257203326652339 0
20.60512683972061 9.43492083979794 0
24.39798058312854 6.350525757256185 0
27.67241082351685 3.142851205085762 0
22.66894236703473 6.960804080380869 0
22.05068108670144 0.1870128079478625 0
11.43103508567933 8.038376286073776 0
20.88164601738252 2.157532844350873 0
18.4743025600794 8.215814774775771 0
7.343561746933747 8.383242066487028 0
2.896307675282622 1.476945236050734 0
14.0046068702229 8.519853498087762 0
9.592887924251125 7.265649270163959 0
33.25940245299079 3.666247745438532 0
30.37631383691298 1.703658948148887 0
26.43114159664721 3.64628715055699 0
29.15340463744127 4.319986790801096 0
32.14178552267684 1.540959744895824 0
7.018958619754966 8.44648745131159 0
39.54871150385487 1.98820714890966 0
17.82470598792337 8.079871725385441 0
28.98922143006552 4.439817029643908 0
29.19000823738189 1.425501777007558 0
33.46328596157058 1.770839014794775 0
28.74783294677728 9.109190413159773 0
28.63077706214383 9.269075440451294 0
20.51588029445411 5.548825625913795 0
30.86492896873733 1.078255619686676 0
31.01803214489273 1.173496420187399 0
9.34428669105823 9.147234356352746 0
33.12262311080297 1.307417198050516 0
25.16033418216325 1.841410818831491 0
20.97792721099279 8.396964870450709 0
20.80782918134982 8.461707365833282 0
28.36768855722657 0.1977759019581608 0
7.397711502680505 8.064734440091032 0
24.86549442925971 7.813980419461444 0
27.68040118734261 8.13552296143844 0
11.94126545308015 8.752458681854476 0
7.034334556997998 8.624236849268833 0
7.922059808978346 2.772665051352806 0
36.69416145151693 3.992642319449915 0
38.78608131581684 1.077440484528506 0
38.60385141751691 1.130467667336822 0
17.63664006200644 6.560608465078926 0
20.67106426235069 5.196012636860593 0
23.01189606773046 0.5239097789048618 0
32.51060644893914 1.400305140146795 0
11.32383348166245 4.531115536050354 0
4.372059151676196 7.259636752223639 0
5.987430632808102 3.580713661910453 0
1.310832392130878 2.197054835047736 0
7.483026889326868 8.240619984543708 0
12.68168814704462 8.350130833028439 0
1.493625589870101 3.845832129951502 0
21.37552947848742 5.279976196066685 0
30.55252256364416 8.498534136084608 0
16.58857054709728 8.726092801709671 0
2.63360868336505 9.232475657667669 0
20.32421262533519 9.203967687736828 0
20.19273526297885 9.340749463965137 0
18.45829090703423 5.864523148693825 0
26.63445894028873 8.779880159847799 0
9.930875577245713 7.086649759006892 0
11.82883665621183 8.468622356361964 0
15.45604739918119 0.3871928035852992 0
15.5531927518867 0.1963652685881566 0
12.35308125486464 6.184563461129624 0
26.43466487601164 0.8648551517789925 0
18.22988024517967 0.3734178728809487 0
10.09830027455699 6.999336489569553 0
36.55253969875432 7.079990536298868 0
36.75806596898849 7.037307289430875 0
5.874643144209496 4.015708639780185 0
15.54977159866832 7.6288005004433 0
15.57291749054139 7.808048428172799 0
3.743363283868064 7.118487951248048 0
9.935417322399088 7.279085687296004 0
25.60392835449485 2.095573017791571 0
14.69371363559395 8.707980077655348 0
3.976842026007317 5.734630287910704 0
9.451688321724719 8.381656339991611 0
38.57319294521165 2.892769793064691 0
7.178104085880739 8.706821863698677 0
9.605194840739646 8.297541795505948 0
10.12538472918876 7.373044738271532 0
12.92074398579923 3.848375950776143 0
1.618306164073878 3.71212535794326 0
5.613320828278819 2.712568342121977 0
32.42062508055296 4.069927954503402 0
23.03303451862086 5.998667635731496 0
20.79404819975209 6.624802230455377 0
10.06209609976357 1.302704700720866 0
4.737435466534206 9.611636038803836 0
1.095904360935057 8.240324990973244 0
3.822531655886222 5.671383802608614 0
3.535061693676518 8.700514886998755 0
38.07261277809793 1.678222441167937 0
37.90471419903911 1.600928333349462 0
26.4873717424468 4.843774346837698 0
26.54470255604776 5.013538574484559 0
16.11084115189954 9.245850522119104 0
34.42984054773424 4.129979845255977 0
6.769715019370598 6.541466477602877 0
13.40304416204486 6.030387990102715 0
12.11301634272703 8.733491666081006 0
15.23186205311236 6.020481247396173 0
15.43850876037902 6.064886059560713 0
12.20745654082486 8.56691900554676 0
26.17174375863594 8.610379185591393 0
39.80379781959957 3.149254845918241 0
37.3649841790771 6.023955397664722 0
29.4649109764651 1.97019333372303 0
15.93125975655161 9.319863224790128 0
26.36954445023747 1.060942530561056 0
7.476512105748045 2.260110829787608 0
15.54590215010168 4.346659403841138 0
32.53031994177624 1.941723554123912 0
17.79269771884292 9.514183976900624 0
17.5888455948597 9.551237595902238 0
33.99681310187611 2.963550389922613 0
17.62746713281796 0.1936453173918661 0
17.60694073614053 0.366551523919589 0
8.860494944425778 0.3645979912293167 0
16.08016244025803 3.952996765454953 0
26.0831069577917 4.096147269280215 0
27.62453611115989 3.831549782230756 0
1.574544733199527 2.671199242521032 0
0.2111932272329281 7.231823684294896 0
1.530320898377522 2.84886224031243 0
12.31574477872458 9.229380067109835 0
14.89894775407879 8.731654880537087 0
2.314173490303468 8.249228396691912 0
19.22262139928612 2.33254125664684 0
8.816907438105307 0.175124460509806 0
5.128914308726617 7.230725028895558 0
10.91797366970146 7.187185896192337 0
20.15138676320725 8.930247825520508 0
20.29467032586513 9.028153851577002 0
10.83781458432202 4.828153990434391 0
10.2086025306068 1.223128193110272 0
17.30686497224521 2.73634728424247 0
28.29572935339067 2.101000513705438 0
28.12320367668024 2.150908121408686 0
11.74374629728885 9.634459035188366 0
20.57606983609785 3.446961197222972 0
15.6465370243661 8.452407238335597 0
9.872690644125933 8.899846557263704 0
39.60748176997746 0.5263905822407634 0
28.03172113961808 5.887537766793085 0
28.20951442963641 5.895832804776121 0
30.00040090104565 0.4071069660017235 0
16.94575406700576 7.75354814162858 0
12.48858849541855 9.181933719172513 0
17.80301292079339 8.610889835751914 0
14.00073151045377 1.347299103497123 0
38.84016329322211 6.019012886762273 0
38.66002987314348 5.9088058673097 0
14.21040517008709 1.420706796857218 0
8.736919378611672 2.793025705552239 0
35.44079389874341 8.380677723376971 0
35.64282885871165 8.375041143213023 0
32.42080549039931 3.898335439107818 0
33.80835673089354 2.661849287901686 0
9.735145038669971 8.595253745122918 0
4.100142535600697 5.598259450419232 0
7.487676713750338 8.872628975469002 0
7.318028334481798 4.807296743554626 0
7.651300532276823 2.269177123131114 0
7.816088660601994 7.226803751806503 0
28.3421605986453 1.921708879348954 0
28.21337724627422 1.781139748230929 0
8.850095843249504 2.9000575939686 0
15.89580265191861 3.992832718208233 0
15.81464973783316 4.160544163323021 0
21.09541238651073 6.770767901874277 0
15.72339370262878 4.475665148622961 0
15.6677873847203 4.649844121568967 0
7.452869168261259 4.696894376547492 0
12.68497817586597 8.757464766356813 0
35.34929864081388 8.551579949048168 0
35.45818902746356 8.702309349898902 0
12.86909587836205 8.658706776366367 0
22.36680655976328 9.815908561815901 0
22.29883184232449 9.648554464852614 0
27.74316386652215 9.512011151731199 0
25.15439232274698 9.675318290243132 0
25.18008307896599 9.840497022864872 0
32.22414915080524 2.002058189933369 0
32.40616692665253 2.035560649377893 0
4.991622719322343 7.49816311444189 0
10.06116907510865 8.979280481501103 0
23.22537212649774 0.8216655415369821 0
19.2865247025776 1.550097546205669 0
2.660488810715532 5.941318080376205 0
25.27463710332479 2.019698432052724 0
16.36563029488454 2.108518386156002 0
35.17574362362237 8.887355365631022 0
19.70646575555243 1.137589937604353 0
25.05556063998496 7.813898589397557 0
32.15589012174941 1.860469860672013 0
25.37369128584405 0.6895522455650215 0
23.14639952076151 5.845902599361878 0
0.7208346539278278 2.712800600513608 0
14.15300163675791 5.119234788477337 0
14.16431534348482 5.287772364938192 0
5.990721876833914 7.849346279275443 0
33.86852758170105 8.127049441064583 0
22.81483398511115 2.570719626576491 0
34.33490864518702 7.534217727829077 0
22.81939785196418 3.061365814521764 0
25.37764197458402 0.5070725281567898 0
22.93869399745923 1.093675302854852 0
39.2389085989874 0.1968430634560132 0
17.97368729863152 7.967970010759593 0
27.55243297017705 2.865574212497352 0
17.83401391652511 3.467908159194141 0
17.6787366613866 3.562605507498068 0
26.18074165697311 4.276853148004036 0
30.7721982052757 2.254700193837327 0
30.72976877351024 2.075517478389473 0
33.35813038859478 1.924342639952378 0
13.98112245701118 1.169318068917048 0
12.39054145796933 6.531178121604409 0
9.355321366957115 1.296919690838772 0
30.18474280944483 0.4987504526148057 0
11.83507369619969 2.301192790719016 0
34.94721956239835 3.290155326220392 0
2.604827161455933 3.658252587069558 0
2.851798374200946 3.507641464628505 0
24.40786312782843 1.729738642845544 0
11.95553990411837 2.166248024648703 0
28.10997284825432 4.213234881382557 0
27.53776668952494 3.99390721883643 0
15.00944777450197 6.656840810531129 0
4.912175462127199 2.490749459846173 0
28.77125949160629 3.548144733245355 0
8.07891162519349 5.199575402771845 0
33.70129141608836 8.117918229658747 0
2.776917794654267 3.665265621669195 0
16.38976798732257 8.755565971248183 0
9.376727793648012 8.968713257529124 0
9.549869585021847 8.895171171985416 0
25.57160855454777 3.054849797955241 0
32.5949427783523 7.595001266374108 0
10.68173661884746 3.105362873218393 0
14.78635373708036 9.009197238766511 0
0.9854238357904052 8.09685487104978 0
36.27369100294405 3.630593633080668 0
26.73475840011308 4.29331038856834 0
26.92253931603545 4.297880269317656 0
21.70269135957986 2.359577666993218 0
12.6327498917282 9.299413626505691 0
22.94547913396551 8.965538545241015 0
20.45855186222106 0.9720667283581274 0
20.30353720919134 1.091042191466608 0
24.14675474658636 1.918874051881519 0
23.78743056122569 5.504595674411338 0
2.918806543353714 9.632462972632659 0
38.10142435137339 5.894016825130723 0
5.660390526945533 7.982658190124355 0
28.81359064769275 1.422999600173932 0
10.47045286704423 7.327112453450329 0
35.47064575113375 9.03799215082808 0
0.9539601530055141 8.828088628771324 0
32.09267791465906 7.916751646092268 0
31.93231688232574 7.851209621862441 0
10.61405147688333 7.230762009526825 0
36.11396210787334 3.549086980592975 0
39.49493035874956 2.196307910481641 0
3.398156574859864 4.75972568668795 0
22.1333507364936 0.3669959170761292 0
2.840374024534466 9.803263777194474 0
34.48052401112593 5.022165416858453 0
11.06781184840205 5.452042287678149 0
25.19773438578946 0.7654687890696525 0
26.97389573336328 3.93378212324229 0
33.33031148768068 5.059125098544926 0
11.901847476967 3.337372454916203 0
26.18761986530818 3.924610979788257 0
7.384956216021462 2.430927699731405 0
17.65156062797924 7.959296453992383 0
4.157793080506434 7.498175693107604 0
1.342838008847295 5.785298704129288 0
10.16832919577762 4.612899489445822 0
37.0741308731425 2.61102381295533 0
25.47317740788473 1.982866847151093 0
1.076622843179478 9.1279988179335 0
3.050765366630788 3.828652531544465 0
4.69922398382076 2.289781990982225 0
29.18511294445616 7.609811826914085 0
29.04395705859186 7.742362343753068 0
7.119050689554606 2.587216696223067 0
18.548145594484 7.555553794464746 0
28.89520864996265 1.954799881673854 0
30.97194657360714 4.196137163084217 0
11.80524703022049 8.627099239724719 0
34.97736440567027 7.451693082462312 0
32.77785523854939 0.4764497406632677 0
24.58354418766741 1.73855200904342 0
24.62762874980387 1.905193147479963 0
4.74133824686963 2.474712191604824 0
20.1444525123225 1.026068847936083 0
4.223099101444147 2.161573855114318 0
19.95806366228411 1.998896197615872 0
20.08109787456167 1.827498781597183 0
24.26085319631146 2.599893703665095 0
25.46680655411179 2.883422668499545 0
1.150547186500739 5.754051604887581 0
25.55979335140255 1.164690534396595 0
25.74560616336554 1.125955590271239 0
20.4474113360802 0.7992197430688224 0
15.58988376384204 3.876862316802763 0
3.640118310193936 5.279475756572817 0
26.48518445865405 4.10728429454407 0
26.39777912606687 3.945318028324169 0
22.61309613349661 2.041888315507052 0
22.78520760208513 2.109378027450198 0
2.366194747010779 6.020130541586977 0
9.198810757413895 2.355133786795456 0
16.10940020672326 8.281059175865407 0
15.96271721271792 8.357278020660383 0
7.665671249835659 1.939459642203411 0
2.881505709616998 3.815707111304056 0
3.681060760940159 5.444865429705402 0
27.05178604827158 4.115485670233077 0
9.88543439804446 8.708798302389257 0
18.62564846421373 6.207701538847324 0
18.68774478904968 6.403244287904322 0
10.0603390518733 8.608526683497638 0
19.07116897415008 2.037011812987206 0
19.25310492112519 2.144606372588198 0
23.0708852357086 5.656227423652882 0
27.0091059155373 6.011550770780527 0
29.16032720657325 7.131610220207044 0
31.0785516677639 4.323691186835802 0
12.05548941570975 6.618382245174192 0
25.45871082351989 1.015081002566208 0
0.1888836245066428 5.990354290183909 0
11.1018418878828 7.228694660514942 0
20.26256339495667 3.537203722529048 0
2.536966750397928 3.793432923340024 0
12.22988097594691 8.896843848608734 0
22.88436287056317 1.837240184644068 0
22.92427749055527 1.99267350234221 0
22.43300211706202 9.110598000650207 0
25.80558671141127 0.9310867687960994 0
18.90550501549334 9.266179221506972 0
20.42697922221873 0.4227125159889225 0
20.26197796993303 0.503616402984555 0
8.603709529294818 5.863504513058416 0
20.21436890083687 8.749159176074658 0
26.78305463896406 3.930348120228608 0
29.24180058975913 0.1977383312415649 0
9.337402667776885 7.06755438620321 0
39.55231322735336 0.1960758480596747 0
21.56419913501382 2.23343372123475 0
12.74889335688392 7.275371653359209 0
12.91326006494055 7.375052029589818 0
9.269889811264699 7.253964156252697 0
6.955126623183292 4.352027957609661 0
25.17175861930868 0.44839597034524 0
10.74785228812541 2.772205591995228 0
4.03754223463266 7.362104511189655 0
12.79732928218706 9.583772530923794 0
36.91081629963934 3.10137645281498 0
7.798171771920263 5.252616314266971 0
36.16220574740536 9.507842513101506 0
35.96843283107305 9.549185503413618 0
29.36859576174751 2.475078800144695 0
29.44712387482967 2.312125544990343 0
7.226638407582588 2.42654059792797 0
11.61120453645063 1.306023949241553 0
37.08200004683578 2.807244932595168 0
11.80955507611088 1.311979186039191 0
32.75225049742797 1.703742931800665 0
2.487907001243197 8.248496737814996 0
22.63885381090393 5.341040280036137 0
29.79693993919532 6.977486476687235 0
34.64898304263605 4.916895195241525 0
2.194452308325739 6.353298704427075 0
6.867253545418329 8.696979601210261 0
32.00070820650379 5.24346450395763 0
31.95259280095419 1.620780304982342 0
0.3662375631578197 6.008977679069325 0
3.27230184701847 1.98247085020148 0
3.441667803460115 1.928370601048168 0
26.37265989707677 4.267283124731978 0
26.67316403794999 4.107481786470077 0
24.6916448923281 1.617735080905551 0
8.14964571727036 8.979943697226405 0
22.81091634073134 2.254230978807177 0
29.2800331309513 6.980533368885567 0
19.08161911690373 4.380009599394654 0
19.01005788207135 4.547887511991625 0
8.257080183118649 2.403942218075749 0
12.40363467677416 8.881837900323001 0
27.81606828655226 3.826361908108676 0
25.92883249665813 9.219640356245966 0
25.8544523076999 9.052273968794957 0
26.18568270920028 7.10285698128467 0
27.38056796302557 1.501181200341141 0
30.06287789293559 8.712434876763526 0
29.92349064139656 8.768115405626444 0
14.83091740165862 2.880136507470316 0
32.85567702092653 0.6730070232339523 0
34.09762718380586 6.009329347859414 0
37.63473665877142 1.179582915339498 0
19.27536330634531 2.696273466839816 0
12.12141296560759 4.887062307590116 0
14.73467914871044 2.718610324179848 0
19.70180544969167 3.228702946748905 0
0.358317760611735 0.4803570120934142 0
37.66704532669967 1.352544476449095 0
10.00234067827822 3.54772158108999 0
12.48346505548875 2.767827723743325 0
30.66026904136715 6.672182556534846 0
30.5582406739865 6.495495687334657 0
11.91495127061375 2.483369953912758 0
33.80276093619421 4.31491919774072 0
7.275525429637003 1.178193716666692 0
20.78729829346843 7.806729962089812 0
13.54334202182599 7.456546123612861 0
36.44396947900024 6.786342399525895 0
36.41350182383339 6.951970653720767 0
4.948592157589302 4.60794997129721 0
12.09056397310987 2.463566859614836 0
29.24160965217913 7.306570286636483 0
7.501379885203566 5.773065429930906 0
10.16922633671732 3.597813416859767 0
12.79870248841051 9.221631181565384 0
4.792044075131681 4.551994645563131 0
16.39139892125523 0.1705632253042335 0
30.8771533535846 4.549651937504852 0
27.93038867913582 4.266175053098904 0
17.91047812268161 7.784971183174886 0
31.64892699597009 9.17854058291501 0
31.5867608819446 9.368658866872552 0
31.17176750414225 6.210517875695224 0
31.20951591875199 6.041853099836501 0
36.38927072438756 3.90715631263704 0
28.90418042256911 4.127529490560736 0
12.50289347007109 8.09453177728882 0
26.84699707262719 5.855328565491758 0
5.872529069380288 7.691537197079211 0
7.537198039490618 5.935893145400056 0
2.579954644273284 8.391795076922627 0
35.68035314150004 5.24555031267756 0
36.26015228549598 3.808951475759525 0
10.31488797379675 3.493539150626593 0
23.13465937786587 6.169693153234403 0
9.197911926766842 6.015383144520578 0
10.5628229885765 3.236636348924387 0
0.899874115065369 7.771103729804996 0
30.97107850219972 6.50791662389279 0
28.9301693609565 7.412298207976924 0
29.11694669716514 7.447950378903037 0
20.27511815036705 0.6985113358979763 0
16.77443565252539 7.495801394487117 0
16.77112460673224 7.673007039897858 0
17.52431276445706 4.31278138579787 0
0.1754755751616361 0.4303388048027029 0
7.735986082813965 2.444486402524066 0
32.69990472781512 0.7854299203397209 0
19.32134409256188 1.223285624314682 0
19.43080171873273 1.414625298090778 0
18.20997084094334 3.29956757867501 0
9.291610414573254 6.158238060911688 0
31.71331319465991 5.287371014079312 0
31.82800542356442 5.188025048480866 0
9.850848764518021 9.283438897712191 0
17.17545664188329 4.197259916073922 0
26.70026774642597 3.765546064296498 0
22.74749023596005 8.380247449518244 0
22.94120399346868 8.358518617389789 0
17.69126312957411 4.423583974896427 0
17.57137619005842 4.126173117984325 0
6.381396119736597 0.480985257659991 0
6.477964912829402 0.3448331609971372 0
26.33871930727614 8.656971534883255 0
2.394603458206268 9.033303515816485 0
29.46868885028719 7.009904430424661 0
18.49677897560602 3.572387439633764 0
32.87437272883202 8.228202048367843 0
6.203729033079643 0.446356756617352 0
6.433631159505488 0.1768713266206101 0
33.72970759993169 2.004602599661846 0
36.26740219307717 3.082769890471918 0
2.443015756281661 9.214989893246637 0
33.51677665979744 5.108005349933998 0
34.46148757983291 6.479759824635035 0
18.17171587199463 3.492204696413708 0
32.72824900586541 4.516754670379413 0
11.80596819359632 0.4728900175640725 0
11.00291752804542 3.663441187241685 0
26.14540545845769 7.301174083031086 0
12.00421028762061 0.4925546007884367 0
10.87583015238546 3.795902459293519 0
18.76361005551357 3.360487310412355 0
33.96078003388795 5.881727460343 0
16.99493111279305 4.193162940682088 0
21.38509240937049 2.304255977753314 0
21.35594238559861 2.498667791236775 0
17.99382058218369 3.569783198774145 0
23.10310404776665 9.054760305381215 0
2.510948105498689 4.77987459725605 0
39.64271718801072 9.522541704072687 0
39.82467836713902 9.571887784514216 0
39.57103090531118 9.826676366168996 0
39.52240305951622 9.643996952393932 0
9.418357046029953 3.464494192082857 0
32.03861841183434 2.835792542610351 0
9.405097065183265 3.615109244926686 0
17.06579000862835 6.437625649223045 0
17.14998649088102 6.611098464871238 0
14.8581860265874 2.587654426546334 0
22.70690639209307 8.056098062411344 0
22.6313312012242 8.211411355437347 0
18.31189421099843 3.612481376497706 0
20.46994230763533 9.578799557744111 0
20.27070902476323 9.53786382082682 0
6.881158310715658 4.181173635124129 0
18.42805378360051 6.196166489671703 0
7.142746447783562 2.285953370583306 0
30.84969075717213 6.680717071055241 0
28.92086285161269 9.171747237839449 0
0.4194642522632369 0.1790214684880928 0
6.936625281093303 1.048361131045187 0
2.403575552288856 4.930365766480453 0
16.20993233694909 6.322885149305177 0
27.6365254778443 4.139983234300178 0
38.20314826582808 5.57289669827005 0
31.32836378604409 4.131336898937939 0
38.31650299349245 6.754928259989498 0
34.59334719811942 6.133739015846615 0
36.56439142319534 3.855181946475691 0
6.522914354534026 1.831956295897164 0
29.09312482277381 7.900669500978793 0
29.09103731100673 4.137297174235606 0
5.173659619047061 2.397123522616276 0
18.68447843385073 7.422701194751099 0
27.62653036625622 8.37083741356723 0
30.88401002485331 6.346057624211217 0
10.293838611515 7.244173409472084 0
0.4741013095083159 0.362373009112137 0
10.2712959020366 7.06290108905922 0
15.50819445373677 3.735119091677833 0
17.3879412890158 6.358167139064935 0
17.17998828002109 6.312378947484889 0
23.10833832587621 9.217143712399192 0
9.111724613410688 3.43925210930079 0
15.4386569233315 7.916761613804556 0
35.10571870362685 9.063194522314094 0
25.77248455804978 1.994942727603856 0
20.00432490471258 1.124245629867185 0
38.48879161075835 6.848756578829897 0
15.94710852996568 8.540913379470638 0
16.07417735059553 8.672693703575668 0
12.11154982698532 0.3448265456046433 0
9.271819585170867 3.367036220593073 0
12.0395693109387 0.1723219639472829 0
36.07935501398111 3.854824373249853 0
36.75427188713767 2.607730510380416 0
4.966021711011441 7.192341166521158 0
12.17823762202864 9.074646270351112 0
36.9220322927733 2.527101547845874 0
23.34865550566994 5.882341613372264 0
30.66059391244507 6.342171202173479 0
6.697274204454772 1.881288029739022 0
35.08344860037904 6.239585751400571 0
34.91095396396978 6.181665864357413 0
8.972149792171541 8.621945464322875 0
26.70196390007787 5.546556217437527 0
9.152314506509031 8.570246999876051 0
31.04836536538978 4.49192812425797 0
3.209173380058834 6.848123958271564 0
16.17125583250279 6.15432273644208 0
16.02603661836284 5.613152652462529 0
16.08239426952563 5.808313790366523 0
17.15714068089291 2.457770129331741 0
29.07676381670743 8.19360437789576 0
28.97959334034383 8.049855176078509 0
21.52615277704297 5.646118036352912 0
2.7698102614848 8.370007571633357 0
23.95492974964191 9.826720204281806 0
15.16444486251913 8.138756286551283 0
18.19590945423413 5.042372289826548 0
9.417285884330051 7.351500386007192 0
18.37432650357887 5.059524141249704 0
33.61901210081486 8.436694635539391 0
6.842444259919923 8.396470776520211 0
7.24118114745425 0.993659192742444 0
9.273311590587861 8.693503105598422 0
9.233771344601925 8.860636650196019 0
31.49396073839443 4.108293840243129 0
7.085334368495932 0.9438253909527679 0
6.973041477561434 2.309147065314174 0
14.06377057239034 0.8667835473327882 0
8.279687701947999 5.818078021768692 0
33.56858004253692 8.269004697388366 0
27.93393689400114 6.054758159585206 0
8.119984531873403 5.780736227209869 0
21.85378757354629 6.437303536449146 0
22.0008868029697 6.372192319062397 0
5.142699565480386 7.423620108223093 0
39.14192249113768 8.307791616404236 0
9.558294417772075 3.7128308346931 0
33.93883420809785 8.313750152231686 0
15.04171521800162 2.635037017757037 0
31.25165683584592 4.295333128237851 0
9.71217957671375 3.636653735875296 0
7.911930986024498 2.441784460786167 0
33.82203010076309 8.472308878976875 0
33.81857715907407 6.160549739161993 0
30.97914132352219 6.206053898169919 0
20.46106216963124 8.921954951883789 0
34.59918598562064 4.031657836656045 0
3.362017993944315 6.756133615314634 0
12.52483503954987 9.012193974128055 0
2.15244736584685 7.422866787229751 0
37.91919699491629 2.48764716585389 0
5.962565948292679 7.54882863233476 0
33.31278920641005 3.492503417772522 0
33.19744038468884 3.371337033599097 0
1.978321280230363 7.438124928202162 0
32.26431741593217 4.158484508880613 0
32.94675783479342 8.418430915541103 0
6.131176664095563 7.577966602617852 0
21.68009917340959 2.541203848101851 0
21.51245692507168 2.609471715826845 0
23.14458081279022 4.014304197300198 0
23.26143299087062 3.849119085337168 0
7.738263722319791 2.776407460211177 0
14.12378324801443 1.047736680012402 0
38.73012468458129 9.137574968555517 0
38.70767794250405 9.322237930118289 0
20.92139286263933 6.472824340468729 0
28.97298959690975 7.120487180059123 0
37.93796722282891 2.309632801791356 0
7.398625535689114 6.026796133748623 0
26.49867822836315 3.483866472983125 0
39.06229255057773 8.473752166543816 0
12.67574956241463 8.163715612596338 0
17.45205915604602 6.513382971351466 0
17.32830262930397 6.641067595419614 0
9.755050012297001 8.417547741583366 0
22.61126657411469 2.793029133957534 0
22.77886568823911 2.735942277662983 0
26.68244949626443 5.373885625318862 0
10.20376136675228 8.694524068712566 0
10.21733514390616 8.874229611841583 0
15.77193258845572 3.849888807233983 0
34.00794765610384 6.184352604116866 0
12.85074950090841 6.802152002230002 0
12.67213340074979 6.74605161421664 0
21.82936964036017 6.610776798953684 0
21.95295582201734 6.748762761656256 0
32.305243455519 2.311148928424883 0
32.43929638026074 2.221472222006813 0
28.86749470630699 7.25979507556245 0
27.81409617650864 4.132691578952116 0
27.90686956358165 3.981427689366287 0
25.54334849587934 1.802171016520363 0
9.89507235288022 1.20168958577836 0
10.95754657811314 3.967909923160848 0
30.36489937525497 8.579734814734243 0
11.11648849451601 4.017736489602253 0
35.87916774128537 5.228368498245839 0
8.180320693145934 2.583771979046486 0
32.10203757284221 4.079291877640284 0
11.94798874467939 8.180880294360437 0
31.60747847320297 4.260485373086627 0
12.73056778770967 7.093274479054624 0
12.8835258673777 6.9820052385673 0
33.8412555275085 0.8554270269266779 0
10.18452692442171 1.017508698221846 0
19.85603648155003 1.036763637172631 0
7.238015610296578 5.952652924364448 0
19.84766054862013 0.8695390944035326 0
11.87708253805833 3.018452524680226 0
33.7611927177799 0.6646509392652037 0
22.83622431027031 6.945132132683862 0
22.94750612100347 7.075016650212458 0
11.97946925636796 3.175131964993748 0
$EndNodes
$Elements
9 20418 1 20418
1 1 1 13
1 1 3 
2 3 4 
3 4 5 
4 5 6 
5 6 7 
6 7 8 
7 8 9 
8 9 10 
9 10 11 
10 11 12 
11 12 13 
12 13 14 
13 14 2 
1 2 1 5
14 2 16 
15 16 17 
16 17 18 
17 18 19 
18 19 15 
1 3 1 3
19 15 21 
20 21 22 
21 22 20 
1 4 1 5
22 20 24 
23 24 25 
24 25 26 
25 26 27 
26 27 23 
1 5 1 85
27 23 29 
28 29 30 
29 30 31 
30 31 32 
31 32 33 
32 33 34 
33 34 35 
34 35 36 
35 36 37 
36 37 38 
37 38 39 
38 39 40 
39 40 41 
40 41 42 
41 42 43 
42 43 44 
43 44 45 
44 45 46 
45 46 47 
46 47 48 
47 48 49 
48 49 50 
49 50 51 
50 51 52 
51 52 53 
52 53 54 
53 54 55 
54 55 56 
55 56 57 
56 57 58 
57 58 59 
58 59 60 
59 60 61 
60 61 62 
61 62 63 
62 63 64 
63 64 65 
64 65 66 
65 66 67 
66 67 68 
67 68 69 
68 69 70 
69 70 71 
70 71 72 
71 72 73 
72 73 74 
73 74 75 
74 75 76 
75 76 77 
76 77 78 
77 78 79 
78 79 80 
79 80 81 
80 81 82 
81 82 83 
82 83 84 
83 84 85 
84 85 86 
85 86 87 
86 87 88 
87 88 89 
88 89 90 
89 90 91 
90 91 92 
91 92 93 
92 93 94 
93 94 95 
94 95 96 
95 96 97 
96 97 98 
97 98 99 
98 99 100 
99 100 101 
100 101 102 
101 102 103 
102 103 104 
103 104 105 
104 105 106 
105 106 107 
106 107 108 
107 108 109 
108 109 110 
109 110 111 
110 111 112 
111 112 28 
1 6 1 25
112 28 114 
113 114 115 
114 115 116 
115 116 117 
116 117 118 
117 118 119 
118 119 120 
119 120 121 
120 121 122 
121 122 123 
122 123 124 
123 124 125 
124 125 126 
125 126 127 
126 127 128 
127 128 129 
128 129 130 
129 130 131 
130 131 132 
131 132 133 
132 133 134 
133 134 135 
134 135 136 
135 136 137 
136 137 113 
1 7 1 100
137 113 139 
138 139 140 
139 140 141 
140 141 142 
141 142 143 
142 143 144 
143 144 145 
144 145 146 
145 146 147 
146 147 148 
147 148 149 
148 149 150 
149 150 151 
150 151 152 
151 152 153 
152 153 154 
153 154 155 
154 155 156 
155 156 157 
156 157 158 
157 158 159 
158 159 160 
159 160 161 
160 161 162 
161 162 163 
162 163 164 
163 164 165 
164 165 166 
165 166 167 
166 167 168 
167 168 169 
168 169 170 
169 170 171 
170 171 172 
171 172 173 
172 173 174 
173 174 175 
174 175 176 
175 176 177 
176 177 178 
177 178 179 
178 179 180 
179 180 181 
180 181 182 
181 182 183 
182 183 184 
183 184 185 
184 185 186 
185 186 187 
186 187 188 
187 188 189 
188 189 190 
189 190 191 
190 191 192 
191 192 193 
192 193 194 
193 194 195 
194 195 196 
195 196 197 
196 197 198 
197 198 199 
198 199 200 
199 200 201 
200 201 202 
201 202 203 
202 203 204 
203 204 205 
204 205 206 
205 206 207 
206 207 208 
207 208 209 
208 209 210 
209 210 211 
210 211 212 
211 212 213 
212 213 214 
213 214 215 
214 215 216 
215 216 217 
216 217 218 
217 218 219 
218 219 220 
219 220 221 
220 221 222 
221 222 223 
222 223 224 
223 224 225 
224 225 226 
225 226 227 
226 227 228 
227 228 229 
228 229 230 
229 230 231 
230 231 232 
231 232 233 
232 233 234 
233 234 235 
234 235 236 
235 236 237 
236 237 138 
1 8 1 25
237 138 238 
238 238 239 
239 239 240 
240 240 241 
241 241 242 
242 242 243 
243 243 244 
244 244 245 
245 245 246 
246 246 247 
247 247 248 
248 248 249 
249 249 250 
250 250 251 
251 251 252 
252 252 253 
253 253 254 
254 254 255 
255 255 256 
256 256 257 
257 257 258 
258 258 259 
259 259 260 
260 260 261 
261 261 1 
2 1 2 20157
262 1805 968 3492 
263 968 1806 3492 
264 1806 1805 3492 
265 686 1805 3493 
266 1805 1806 3493 
267 1806 686 3493 
268 1246 728 3494 
269 728 1945 3494 
270 1945 1246 3494 
271 80 1807 3495 
272 1807 2226 3495 
273 2226 80 3495 
274 1200 530 3496 
275 530 1580 3496 
276 1580 1200 3496 
277 1403 731 3497 
278 731 1632 3497 
279 1632 1403 3497 
280 1229 493 3498 
281 493 1489 3498 
282 1489 1229 3498 
283 678 1229 3499 
284 1229 1489 3499 
285 1489 678 3499 
286 685 1084 3500 
287 1084 2682 3500 
288 2682 685 3500 
289 612 1030 3501 
290 1030 1656 3501 
291 1656 612 3501 
292 1087 666 3502 
293 666 1501 3502 
294 1501 1087 3502 
295 400 2118 3503 
296 2118 2674 3503 
297 2674 400 3503 
298 321 1106 3504 
299 1106 1602 3504 
300 1602 321 3504 
301 1204 815 3505 
302 815 1430 3505 
303 1430 1204 3505 
304 1428 890 3506 
305 890 1963 3506 
306 1963 1428 3506 
307 388 1403 3507 
308 1403 1632 3507 
309 1632 388 3507 
310 1050 448 3508 
311 448 1570 3508 
312 1570 1050 3508 
313 298 2362 3509 
314 2362 2765 3509 
315 2765 298 3509 
316 1039 2241 3510 
317 2241 2434 3510 
318 2434 1039 3510 
319 1121 343 3511 
320 343 1510 3511 
321 1510 1121 3511 
322 145 1033 3512 
323 1033 3025 3512 
324 3025 145 3512 
325 626 1029 3513 
326 1029 1771 3513 
327 1771 626 3513 
328 1029 351 3514 
329 351 1771 3514 
330 1771 1029 3514 
331 1333 381 3515 
332 381 2201 3515 
333 2201 1333 3515 
334 628 1134 3516 
335 1134 2623 3516 
336 2623 628 3516 
337 1288 539 3517 
338 539 3310 3517 
339 3310 1288 3517 
340 1225 1288 3518 
341 1288 3310 3518 
342 3310 1225 3518 
343 1387 736 3519 
344 736 2033 3519 
345 2033 1387 3519 
346 1268 529 3520 
347 529 2242 3520 
348 2242 1268 3520 
349 1353 2276 3521 
350 2276 2460 3521 
351 2460 1353 3521 
352 2362 1010 3522 
353 1010 2765 3522 
354 2765 2362 3522 
355 1397 656 3523 
356 656 1401 3523 
357 1401 1397 3523 
358 576 1397 3524 
359 1397 1401 3524 
360 1401 576 3524 
361 661 1121 3525 
362 1121 1510 3525 
363 1510 661 3525 
364 305 1021 3526 
365 1021 2209 3526 
366 2209 305 3526 
367 548 1156 3527 
368 1156 1551 3527 
369 1551 548 3527 
370 739 1218 3528 
371 1218 2152 3528 
372 2152 739 3528 
373 1812 92 3529 
374 92 2679 3529 
375 2679 1812 3529 
376 1021 305 3530 
377 305 3043 3530 
378 3043 1021 3530 
379 1333 2201 3531 
380 2201 2338 3531 
381 2338 1333 3531 
382 548 1255 3532 
383 1255 2883 3532 
384 2883 548 3532 
385 1218 518 3533 
386 518 1383 3533 
387 1383 1218 3533 
388 645 1439 3534 
389 1439 1726 3534 
390 1726 645 3534 
391 1071 290 3535 
392 290 2864 3535 
393 2864 1071 3535 
394 476 1673 3536 
395 1673 2278 3536 
396 2278 476 3536 
397 1438 491 3537 
398 491 2522 3537 
399 2522 1438 3537 
400 623 1163 3538 
401 1163 2717 3538 
402 2717 623 3538 
403 1441 844 3539 
404 844 2184 3539 
405 2184 1441 3539 
406 437 2447 3540 
407 2447 2753 3540 
408 2753 437 3540 
409 974 1586 3541 
410 1586 2753 3541 
411 2753 974 3541 
412 531 1339 3542 
413 1339 2095 3542 
414 2095 531 3542 
415 1023 684 3543 
416 684 2644 3543 
417 2644 1023 3543 
418 1033 145 3544 
419 145 1751 3544 
420 1751 1033 3544 
421 1223 729 3545 
422 729 1683 3545 
423 1683 1223 3545 
424 1041 670 3546 
425 670 3168 3546 
426 3168 1041 3546 
427 499 1256 3547 
428 1256 1454 3547 
429 1454 499 3547 
430 429 1360 3548 
431 1360 1399 3548 
432 1399 429 3548 
433 1673 1040 3549 
434 1040 2278 3549 
435 2278 1673 3549 
436 357 1330 3550 
437 1330 1467 3550 
438 1467 357 3550 
439 79 80 3551 
440 80 2226 3551 
441 2226 79 3551 
442 170 171 3552 
443 171 1385 3552 
444 1385 170 3552 
445 684 1023 3553 
446 1023 1792 3553 
447 1792 684 3553 
448 1376 656 3554 
449 656 1397 3554 
450 1397 1376 3554 
451 265 1376 3555 
452 1376 1397 3555 
453 1397 265 3555 
454 1030 612 3556 
455 612 2119 3556 
456 2119 1030 3556 
457 911 1182 3557 
458 1182 1976 3557 
459 1976 911 3557 
460 603 1516 3558 
461 1516 2114 3558 
462 2114 603 3558 
463 579 1067 3559 
464 1067 1645 3559 
465 1645 579 3559 
466 1198 349 3560 
467 349 1577 3560 
468 1577 1198 3560 
469 1305 582 3561 
470 582 1495 3561 
471 1495 1305 3561 
472 283 1291 3562 
473 1291 2195 3562 
474 2195 283 3562 
475 2184 844 3563 
476 844 2456 3563 
477 2456 2184 3563 
478 801 1499 3564 
479 1499 1768 3564 
480 1768 801 3564 
481 1499 662 3565 
482 662 1768 3565 
483 1768 1499 3565 
484 1029 626 3566 
485 626 1794 3566 
486 1794 1029 3566 
487 1266 304 3567 
488 304 1998 3567 
489 1998 1266 3567 
490 647 1552 3568 
491 1552 1793 3568 
492 1793 647 3568 
493 1552 835 3569 
494 835 1793 3569 
495 1793 1552 3569 
496 574 1095 3570 
497 1095 2390 3570 
498 2390 574 3570 
499 753 1346 3571 
500 1346 2066 3571 
501 2066 753 3571 
502 1440 2052 3572 
503 2052 2090 3572 
504 2090 1440 3572 
505 459 1150 3573 
506 1150 1659 3573 
507 1659 459 3573 
508 490 1131 3574 
509 1131 2283 3574 
510 2283 490 3574 
511 1255 1323 3575 
512 1323 2883 3575 
513 2883 1255 3575 
514 1365 578 3576 
515 578 1887 3576 
516 1887 1365 3576 
517 1963 890 3577 
518 890 2639 3577 
519 2639 1963 3577 
520 1804 61 3578 
521 61 2448 3578 
522 2448 1804 3578 
523 1188 330 3579 
524 330 1720 3579 
525 1720 1188 3579 
526 1088 443 3580 
527 443 2899 3580 
528 2899 1088 3580 
529 682 1301 3581 
530 1301 1409 3581 
531 1409 682 3581 
532 526 1654 3582 
533 1654 2171 3582 
534 2171 526 3582 
535 1112 475 3583 
536 475 2272 3583 
537 2272 1112 3583 
538 670 1041 3584 
539 1041 2351 3584 
540 2351 670 3584 
541 659 1029 3585 
542 1029 2337 3585 
543 2337 659 3585 
544 1081 503 3586 
545 503 2554 3586 
546 2554 1081 3586 
547 351 1029 3587 
548 1029 1900 3587 
549 1900 351 3587 
550 1029 659 3588 
551 659 1900 3588 
552 1900 1029 3588 
553 541 2207 3589 
554 2207 2407 3589 
555 2407 541 3589 
556 1378 1071 3590 
557 1071 2864 3590 
558 2864 1378 3590 
559 782 1933 3591 
560 1933 2456 3591 
561 2456 782 3591 
562 1085 455 3592 
563 455 1690 3592 
564 1690 1085 3592 
565 1231 766 3593 
566 766 3089 3593 
567 3089 1231 3593 
568 80 81 3594 
569 81 1807 3594 
570 1807 80 3594 
571 1807 81 3595 
572 81 2641 3595 
573 2641 1807 3595 
574 1067 579 3596 
575 579 2257 3596 
576 2257 1067 3596 
577 532 1314 3597 
578 1314 2289 3597 
579 2289 532 3597 
580 540 1197 3598 
581 1197 1703 3598 
582 1703 540 3598 
583 272 1471 3599 
584 1471 2496 3599 
585 2496 272 3599 
586 1471 1070 3600 
587 1070 2496 3600 
588 2496 1471 3600 
589 901 1266 3601 
590 1266 1998 3601 
591 1998 901 3601 
592 1301 513 3602 
593 513 1409 3602 
594 1409 1301 3602 
595 1526 2566 3603 
596 2566 3034 3603 
597 3034 1526 3603 
598 1436 377 3604 
599 377 1617 3604 
600 1617 1436 3604 
601 288 1487 3605 
602 1487 1704 3605 
603 1704 288 3605 
604 466 1227 3606 
605 1227 1843 3606 
606 1843 466 3606 
607 1329 2536 3607 
608 2536 2842 3607 
609 2842 1329 3607 
610 450 1072 3608 
611 1072 1619 3608 
612 1619 450 3608 
613 2095 1339 3609 
614 1339 2881 3609 
615 2881 2095 3609 
616 1144 716 3610 
617 716 2096 3610 
618 2096 1144 3610 
619 1463 696 3611 
620 696 1837 3611 
621 1837 1463 3611 
622 1612 933 3612 
623 933 1964 3612 
624 1964 1612 3612 
625 2239 1117 3613 
626 1117 3204 3613 
627 3204 2239 3613 
628 1786 603 3614 
629 603 2114 3614 
630 2114 1786 3614 
631 1156 548 3615 
632 548 1564 3615 
633 1564 1156 3615 
634 92 93 3616 
635 93 2679 3616 
636 2679 92 3616 
637 1095 574 3617 
638 574 1784 3617 
639 1784 1095 3617 
640 1387 2033 3618 
641 2033 2529 3618 
642 2529 1387 3618 
643 694 1612 3619 
644 1612 1964 3619 
645 1964 694 3619 
646 969 1199 3620 
647 1199 2869 3620 
648 2869 969 3620 
649 766 1266 3621 
650 1266 3089 3621 
651 3089 766 3621 
652 477 1204 3622 
653 1204 1430 3622 
654 1430 477 3622 
655 1199 335 3623 
656 335 2869 3623 
657 2869 1199 3623 
658 1139 593 3624 
659 593 1550 3624 
660 1550 1139 3624 
661 456 1087 3625 
662 1087 2907 3625 
663 2907 456 3625 
664 363 1228 3626 
665 1228 1402 3626 
666 1402 363 3626 
667 793 1271 3627 
668 1271 2163 3627 
669 2163 793 3627 
670 665 1325 3628 
671 1325 1671 3628 
672 1671 665 3628 
673 1072 718 3629 
674 718 2635 3629 
675 2635 1072 3629 
676 1086 151 3630 
677 151 2079 3630 
678 2079 1086 3630 
679 1067 289 3631 
680 289 1645 3631 
681 1645 1067 3631 
682 519 1526 3632 
683 1526 2409 3632 
684 2409 519 3632 
685 1526 1059 3633 
686 1059 2409 3633 
687 2409 1526 3633 
688 1528 1117 3634 
689 1117 2239 3634 
690 2239 1528 3634 
691 529 1268 3635 
692 1268 3263 3635 
693 3263 529 3635 
694 788 1178 3636 
695 1178 1478 3636 
696 1478 788 3636 
697 592 1321 3637 
698 1321 1424 3637 
699 1424 592 3637 
700 1329 885 3638 
701 885 2536 3638 
702 2536 1329 3638 
703 20 1163 3639 
704 1163 2472 3639 
705 2472 20 3639 
706 1188 708 3640 
707 708 1500 3640 
708 1500 1188 3640 
709 1367 573 3641 
710 573 2076 3641 
711 2076 1367 3641 
712 2289 1314 3642 
713 1314 2815 3642 
714 2815 2289 3642 
715 282 1802 3643 
716 1802 2697 3643 
717 2697 282 3643 
718 711 2281 3644 
719 2281 2628 3644 
720 2628 711 3644 
721 571 1344 3645 
722 1344 1583 3645 
723 1583 571 3645 
724 2997 594 3646 
725 594 3340 3646 
726 3340 2997 3646 
727 1671 1325 3647 
728 1325 2665 3647 
729 2665 1671 3647 
730 342 1079 3648 
731 1079 1772 3648 
732 1772 342 3648 
733 1713 532 3649 
734 532 2289 3649 
735 2289 1713 3649 
736 1552 376 3650 
737 376 2078 3650 
738 2078 1552 3650 
739 1476 201 3651 
740 201 1846 3651 
741 1846 1476 3651 
742 448 1050 3652 
743 1050 2073 3652 
744 2073 448 3652 
745 2947 265 3653 
746 265 3212 3653 
747 3212 2947 3653 
748 1079 616 3654 
749 616 1641 3654 
750 1641 1079 3654 
751 329 1083 3655 
752 1083 1630 3655 
753 1630 329 3655 
754 602 1378 3656 
755 1378 2864 3656 
756 2864 602 3656 
757 1368 671 3657 
758 671 1421 3657 
759 1421 1368 3657 
760 455 1085 3658 
761 1085 1628 3658 
762 1628 455 3658 
763 1404 2494 3659 
764 2494 3159 3659 
765 3159 1404 3659 
766 265 1397 3660 
767 1397 3212 3660 
768 3212 265 3660 
769 1012 1747 3661 
770 1747 1990 3661 
771 1990 1012 3661 
772 1747 461 3662 
773 461 1990 3662 
774 1990 1747 3662 
775 92 1812 3663 
776 1812 2188 3663 
777 2188 92 3663 
778 1521 1040 3664 
779 1040 2652 3664 
780 2652 1521 3664 
781 616 1079 3665 
782 1079 1714 3665 
783 1714 616 3665 
784 1079 342 3666 
785 342 1714 3666 
786 1714 1079 3666 
787 359 1127 3667 
788 1127 1739 3667 
789 1739 359 3667 
790 1127 644 3668 
791 644 1739 3668 
792 1739 1127 3668 
793 1298 588 3669 
794 588 1375 3669 
795 1375 1298 3669 
796 1298 266 3670 
797 266 3479 3670 
798 3479 1298 3670 
799 1236 2707 3671 
800 2707 2739 3671 
801 2739 1236 3671 
802 368 1308 3672 
803 1308 1819 3672 
804 1819 368 3672 
805 1456 409 3673 
806 409 2551 3673 
807 2551 1456 3673 
808 1510 1268 3674 
809 1268 2242 3674 
810 2242 1510 3674 
811 376 1741 3675 
812 1741 2078 3675 
813 2078 376 3675 
814 91 92 3676 
815 92 2188 3676 
816 2188 91 3676 
817 1380 1298 3677 
818 1298 3479 3677 
819 3479 1380 3677 
820 799 1166 3678 
821 1166 2491 3678 
822 2491 799 3678 
823 588 1298 3679 
824 1298 1380 3679 
825 1380 588 3679 
826 1456 2551 3680 
827 2551 2888 3680 
828 2888 1456 3680 
829 677 2519 3681 
830 2519 2637 3681 
831 2637 677 3681 
832 1236 512 3682 
833 512 2707 3682 
834 2707 1236 3682 
835 1463 1837 3683 
836 1837 2372 3683 
837 2372 1463 3683 
838 838 1332 3684 
839 1332 3011 3684 
840 3011 838 3684 
841 666 1087 3685 
842 1087 1876 3685 
843 1876 666 3685 
844 1887 578 3686 
845 578 1959 3686 
846 1959 1887 3686 
847 429 1399 3687 
848 1399 2045 3687 
849 2045 429 3687 
850 595 1241 3688 
851 1241 3402 3688 
852 3402 595 3688 
853 2241 466 3689 
854 466 2434 3689 
855 2434 2241 3689 
856 1440 733 3690 
857 733 2052 3690 
858 2052 1440 3690 
859 1304 359 3691 
860 359 1379 3691 
861 1379 1304 3691 
862 491 1438 3692 
863 1438 2160 3692 
864 2160 491 3692 
865 1802 1165 3693 
866 1165 2697 3693 
867 2697 1802 3693 
868 679 1275 3694 
869 1275 1400 3694 
870 1400 679 3694 
871 349 1198 3695 
872 1198 1728 3695 
873 1728 349 3695 
874 1198 667 3696 
875 667 1728 3696 
876 1728 1198 3696 
877 699 1173 3697 
878 1173 2785 3697 
879 2785 699 3697 
880 569 1304 3698 
881 1304 3059 3698 
882 3059 569 3698 
883 1389 541 3699 
884 541 2407 3699 
885 2407 1389 3699 
886 379 1232 3700 
887 1232 1735 3700 
888 1735 379 3700 
889 573 1450 3701 
890 1450 2076 3701 
891 2076 573 3701 
892 1087 361 3702 
893 361 1876 3702 
894 1876 1087 3702 
895 290 1064 3703 
896 1064 1988 3703 
897 1988 290 3703 
898 1131 490 3704 
899 490 3022 3704 
900 3022 1131 3704 
901 1625 297 3705 
902 297 1662 3705 
903 1662 1625 3705 
904 172 173 3706 
905 173 1744 3706 
906 1744 172 3706 
907 2406 838 3707 
908 838 3011 3707 
909 3011 2406 3707 
910 1282 577 3708 
911 577 1651 3708 
912 1651 1282 3708 
913 688 1351 3709 
914 1351 1603 3709 
915 1603 688 3709 
916 1351 284 3710 
917 284 1603 3710 
918 1603 1351 3710 
919 1628 1011 3711 
920 1011 2719 3711 
921 2719 1628 3711 
922 2066 1346 3712 
923 1346 2608 3712 
924 2608 2066 3712 
925 1744 173 3713 
926 173 2581 3713 
927 2581 1744 3713 
928 462 2688 3714 
929 2688 2862 3714 
930 2862 462 3714 
931 1173 275 3715 
932 275 1516 3715 
933 1516 1173 3715 
934 474 1159 3716 
935 1159 1616 3716 
936 1616 474 3716 
937 1159 609 3717 
938 609 1616 3717 
939 1616 1159 3717 
940 332 1196 3718 
941 1196 2699 3718 
942 2699 332 3718 
943 1196 906 3719 
944 906 2699 3719 
945 2699 1196 3719 
946 718 1072 3720 
947 1072 2133 3720 
948 2133 718 3720 
949 1353 315 3721 
950 315 2276 3721 
951 2276 1353 3721 
952 293 1288 3722 
953 1288 1508 3722 
954 1508 293 3722 
955 1083 329 3723 
956 329 2261 3723 
957 2261 1083 3723 
958 640 1577 3724 
959 1577 1673 3724 
960 1673 640 3724 
961 1218 1383 3725 
962 1383 2152 3725 
963 2152 1218 3725 
964 1232 684 3726 
965 684 1735 3726 
966 1735 1232 3726 
967 290 1071 3727 
968 1071 1740 3727 
969 1740 290 3727 
970 594 1403 3728 
971 1403 3340 3728 
972 3340 594 3728 
973 606 3174 3729 
974 3174 3374 3729 
975 3374 606 3729 
976 572 1359 3730 
977 1359 3114 3730 
978 3114 572 3730 
979 2899 602 3731 
980 602 3173 3731 
981 3173 2899 3731 
982 1658 353 3732 
983 353 1852 3732 
984 1852 1658 3732 
985 1601 400 3733 
986 400 2674 3733 
987 2674 1601 3733 
988 1140 1865 3734 
989 1865 2012 3734 
990 2012 1140 3734 
991 874 1658 3735 
992 1658 1852 3735 
993 1852 874 3735 
994 1141 825 3736 
995 825 2525 3736 
996 2525 1141 3736 
997 485 1141 3737 
998 1141 2525 3737 
999 2525 485 3737 
1000 642 1063 3738 
1001 1063 1780 3738 
1002 1780 642 3738 
1003 1271 495 3739 
1004 495 1850 3739 
1005 1850 1271 3739 
1006 407 2264 3740 
1007 2264 2299 3740 
1008 2299 407 3740 
1009 804 1505 3741 
1010 1505 2401 3741 
1011 2401 804 3741 
1012 1405 437 3742 
1013 437 2753 3742 
1014 2753 1405 3742 
1015 584 1123 3743 
1016 1123 2031 3743 
1017 2031 584 3743 
1018 330 1123 3744 
1019 1123 1892 3744 
1020 1892 330 3744 
1021 1394 606 3745 
1022 606 3374 3745 
1023 3374 1394 3745 
1024 530 1151 3746 
1025 1151 1597 3746 
1026 1597 530 3746 
1027 1147 283 3747 
1028 283 1953 3747 
1029 1953 1147 3747 
1030 1092 350 3748 
1031 350 1680 3748 
1032 1680 1092 3748 
1033 1304 1379 3749 
1034 1379 3059 3749 
1035 3059 1304 3749 
1036 644 1127 3750 
1037 1127 3315 3750 
1038 3315 644 3750 
1039 484 1246 3751 
1040 1246 1945 3751 
1041 1945 484 3751 
1042 1359 2918 3752 
1043 2918 3114 3752 
1044 3114 1359 3752 
1045 303 1204 3753 
1046 1204 1529 3753 
1047 1529 303 3753 
1048 712 1697 3754 
1049 1697 1864 3754 
1050 1864 712 3754 
1051 1227 702 3755 
1052 702 1843 3755 
1053 1843 1227 3755 
1054 1163 1347 3756 
1055 1347 2717 3756 
1056 2717 1163 3756 
1057 1244 300 3757 
1058 300 1848 3757 
1059 1848 1244 3757 
1060 1302 1206 3758 
1061 1206 3321 3758 
1062 3321 1302 3758 
1063 1181 519 3759 
1064 519 2843 3759 
1065 2843 1181 3759 
1066 1726 1439 3760 
1067 1439 2192 3760 
1068 2192 1726 3760 
1069 194 195 3761 
1070 195 1361 3761 
1071 1361 194 3761 
1072 1271 281 3762 
1073 281 2163 3762 
1074 2163 1271 3762 
1075 686 1214 3763 
1076 1214 1805 3763 
1077 1805 686 3763 
1078 1182 911 3764 
1079 911 2707 3764 
1080 2707 1182 3764 
1081 661 1201 3765 
1082 1201 1788 3765 
1083 1788 661 3765 
1084 463 1129 3766 
1085 1129 1594 3766 
1086 1594 463 3766 
1087 262 1135 3767 
1088 1135 3019 3767 
1089 3019 262 3767 
1090 1063 642 3768 
1091 642 2144 3768 
1092 2144 1063 3768 
1093 537 1302 3769 
1094 1302 3321 3769 
1095 3321 537 3769 
1096 350 1092 3770 
1097 1092 2088 3770 
1098 2088 350 3770 
1099 1404 932 3771 
1100 932 2494 3771 
1101 2494 1404 3771 
1102 1360 429 3772 
1103 429 2092 3772 
1104 2092 1360 3772 
1105 832 1360 3773 
1106 1360 2092 3773 
1107 2092 832 3773 
1108 482 1194 3774 
1109 1194 3013 3774 
1110 3013 482 3774 
1111 1323 1255 3775 
1112 1255 3459 3775 
1113 3459 1323 3775 
1114 925 1420 3776 
1115 1420 2277 3776 
1116 2277 925 3776 
1117 1454 595 3777 
1118 595 3402 3777 
1119 3402 1454 3777 
1120 1199 793 3778 
1121 793 1855 3778 
1122 1855 1199 3778 
1123 1122 482 3779 
1124 482 1932 3779 
1125 1932 1122 3779 
1126 283 2195 3780 
1127 2195 2501 3780 
1128 2501 283 3780 
1129 1108 361 3781 
1130 361 1987 3781 
1131 1987 1108 3781 
1132 1394 623 3782 
1133 623 1415 3782 
1134 1415 1394 3782 
1135 1916 1154 3783 
1136 1154 3098 3783 
1137 3098 1916 3783 
1138 602 1480 3784 
1139 1480 3173 3784 
1140 3173 602 3784 
1141 1235 538 3785 
1142 538 1783 3785 
1143 1783 1235 3785 
1144 1064 290 3786 
1145 290 2866 3786 
1146 2866 1064 3786 
1147 1420 435 3787 
1148 435 2277 3787 
1149 2277 1420 3787 
1150 100 1642 3788 
1151 1642 3322 3788 
1152 3322 100 3788 
1153 503 1081 3789 
1154 1081 2712 3789 
1155 2712 503 3789 
1156 289 1067 3790 
1157 1067 2047 3790 
1158 2047 289 3790 
1159 522 1410 3791 
1160 1410 2759 3791 
1161 2759 522 3791 
1162 1410 1093 3792 
1163 1093 2759 3792 
1164 2759 1410 3792 
1165 887 1246 3793 
1166 1246 1495 3793 
1167 1495 887 3793 
1168 1246 484 3794 
1169 484 1495 3794 
1170 1495 1246 3794 
1171 732 1370 3795 
1172 1370 2054 3795 
1173 2054 732 3795 
1174 435 1158 3796 
1175 1158 1553 3796 
1176 1553 435 3796 
1177 564 1177 3797 
1178 1177 1845 3797 
1179 1845 564 3797 
1180 1527 738 3798 
1181 738 1596 3798 
1182 1596 1527 3798 
1183 608 1527 3799 
1184 1527 1596 3799 
1185 1596 608 3799 
1186 1424 462 3800 
1187 462 2862 3800 
1188 2862 1424 3800 
1189 1574 319 3801 
1190 319 2333 3801 
1191 2333 1574 3801 
1192 1163 20 3802 
1193 20 1599 3802 
1194 1599 1163 3802 
1195 1433 590 3803 
1196 590 2153 3803 
1197 2153 1433 3803 
1198 667 1198 3804 
1199 1198 1753 3804 
1200 1753 667 3804 
1201 1198 475 3805 
1202 475 1753 3805 
1203 1753 1198 3805 
1204 568 1164 3806 
1205 1164 1560 3806 
1206 1560 568 3806 
1207 228 229 3807 
1208 229 1317 3807 
1209 1317 228 3807 
1210 1102 706 3808 
1211 706 2030 3808 
1212 2030 1102 3808 
1213 349 1521 3809 
1214 1521 2652 3809 
1215 2652 349 3809 
1216 657 1086 3810 
1217 1086 2079 3810 
1218 2079 657 3810 
1219 1290 688 3811 
1220 688 1603 3811 
1221 1603 1290 3811 
1222 1251 90 3812 
1223 90 2188 3812 
1224 2188 1251 3812 
1225 633 1260 3813 
1226 1260 3213 3813 
1227 3213 633 3813 
1228 1385 171 3814 
1229 171 2332 3814 
1230 2332 1385 3814 
1231 498 1228 3815 
1232 1228 2661 3815 
1233 2661 498 3815 
1234 1228 916 3816 
1235 916 2661 3816 
1236 2661 1228 3816 
1237 1179 352 3817 
1238 352 1921 3817 
1239 1921 1179 3817 
1240 1068 2364 3818 
1241 2364 2589 3818 
1242 2589 1068 3818 
1243 1172 757 3819 
1244 757 2198 3819 
1245 2198 1172 3819 
1246 1318 508 3820 
1247 508 2611 3820 
1248 2611 1318 3820 
1249 1251 744 3821 
1250 744 2070 3821 
1251 2070 1251 3821 
1252 1363 382 3822 
1253 382 1746 3822 
1254 1746 1363 3822 
1255 1072 450 3823 
1256 450 1940 3823 
1257 1940 1072 3823 
1258 1084 442 3824 
1259 442 2306 3824 
1260 2306 1084 3824 
1261 2054 1370 3825 
1262 1370 2302 3825 
1263 2302 2054 3825 
1264 728 1093 3826 
1265 1093 1930 3826 
1266 1930 728 3826 
1267 1206 2997 3827 
1268 2997 3340 3827 
1269 3340 1206 3827 
1270 679 1425 3828 
1271 1425 1530 3828 
1272 1530 679 3828 
1273 2519 1130 3829 
1274 1130 2637 3829 
1275 2637 2519 3829 
1276 1704 1487 3830 
1277 1487 2706 3830 
1278 2706 1704 3830 
1279 1347 1163 3831 
1280 1163 3418 3831 
1281 3418 1347 3831 
1282 609 1554 3832 
1283 1554 2038 3832 
1284 2038 609 3832 
1285 201 202 3833 
1286 202 1846 3833 
1287 1846 201 3833 
1288 595 2836 3834 
1289 2836 3298 3834 
1290 3298 595 3834 
1291 1505 804 3835 
1292 804 2476 3835 
1293 2476 1505 3835 
1294 730 1213 3836 
1295 1213 2073 3836 
1296 2073 730 3836 
1297 1634 966 3837 
1298 966 2084 3837 
1299 2084 1634 3837 
1300 577 1634 3838 
1301 1634 2084 3838 
1302 2084 577 3838 
1303 442 1084 3839 
1304 1084 1982 3839 
1305 1982 442 3839 
1306 1150 303 3840 
1307 303 3238 3840 
1308 3238 1150 3840 
1309 775 1242 3841 
1310 1242 3369 3841 
1311 3369 775 3841 
1312 591 1259 3842 
1313 1259 2954 3842 
1314 2954 591 3842 
1315 566 1391 3843 
1316 1391 1553 3843 
1317 1553 566 3843 
1318 1859 346 3844 
1319 346 1928 3844 
1320 1928 1859 3844 
1321 1780 397 3845 
1322 397 1869 3845 
1323 1869 1780 3845 
1324 1087 456 3846 
1325 456 1904 3846 
1326 1904 1087 3846 
1327 1307 556 3847 
1328 556 1512 3847 
1329 1512 1307 3847 
1330 2797 1430 3848 
1331 1430 3012 3848 
1332 3012 2797 3848 
1333 1093 728 3849 
1334 728 2164 3849 
1335 2164 1093 3849 
1336 1020 2267 3850 
1337 2267 2562 3850 
1338 2562 1020 3850 
1339 1287 633 3851 
1340 633 3213 3851 
1341 3213 1287 3851 
1342 1402 595 3852 
1343 595 3298 3852 
1344 3298 1402 3852 
1345 524 1705 3853 
1346 1705 2567 3853 
1347 2567 524 3853 
1348 757 1436 3854 
1349 1436 1617 3854 
1350 1617 757 3854 
1351 3055 1435 3855 
1352 1435 3175 3855 
1353 3175 3055 3855 
1354 1515 727 3856 
1355 727 2032 3856 
1356 2032 1515 3856 
1357 619 1221 3857 
1358 1221 3068 3857 
1359 3068 619 3857 
1360 60 61 3858 
1361 61 1804 3858 
1362 1804 60 3858 
1363 1865 358 3859 
1364 358 2012 3859 
1365 2012 1865 3859 
1366 455 1115 3860 
1367 1115 1690 3860 
1368 1690 455 3860 
1369 1288 293 3861 
1370 293 1575 3861 
1371 1575 1288 3861 
1372 1780 1869 3862 
1373 1869 2949 3862 
1374 2949 1780 3862 
1375 967 1725 3863 
1376 1725 2639 3863 
1377 2639 967 3863 
1378 2011 1018 3864 
1379 1018 3010 3864 
1380 3010 2011 3864 
1381 1278 746 3865 
1382 746 1584 3865 
1383 1584 1278 3865 
1384 434 1136 3866 
1385 1136 2711 3866 
1386 2711 434 3866 
1387 469 1083 3867 
1388 1083 1836 3867 
1389 1836 469 3867 
1390 1207 1672 3868 
1391 1672 3198 3868 
1392 3198 1207 3868 
1393 151 1086 3869 
1394 1086 2251 3869 
1395 2251 151 3869 
1396 538 1235 3870 
1397 1235 1947 3870 
1398 1947 538 3870 
1399 1084 685 3871 
1400 685 1982 3871 
1401 1982 1084 3871 
1402 1326 836 3872 
1403 836 2195 3872 
1404 2195 1326 3872 
1405 560 1326 3873 
1406 1326 2195 3873 
1407 2195 560 3873 
1408 367 1973 3874 
1409 1973 2138 3874 
1410 2138 367 3874 
1411 1712 67 3875 
1412 67 2141 3875 
1413 2141 1712 3875 
1414 1138 1449 3876 
1415 1449 3018 3876 
1416 3018 1138 3876 
1417 687 1167 3877 
1418 1167 1936 3877 
1419 1936 687 3877 
1420 590 1211 3878 
1421 1211 1581 3878 
1422 1581 590 3878 
1423 872 1217 3879 
1424 1217 1993 3879 
1425 1993 872 3879 
1426 2038 1554 3880 
1427 1554 2925 3880 
1428 2925 2038 3880 
1429 1360 650 3881 
1430 650 1399 3881 
1431 1399 1360 3881 
1432 291 1095 3882 
1433 1095 1784 3882 
1434 1784 291 3882 
1435 651 1312 3883 
1436 1312 2469 3883 
1437 2469 651 3883 
1438 1654 875 3884 
1439 875 2171 3884 
1440 2171 1654 3884 
1441 1361 195 3885 
1442 195 2165 3885 
1443 2165 1361 3885 
1444 1100 506 3886 
1445 506 1763 3886 
1446 1763 1100 3886 
1447 937 2059 3887 
1448 2059 2371 3887 
1449 2371 937 3887 
1450 1154 623 3888 
1451 623 1745 3888 
1452 1745 1154 3888 
1453 1294 698 3889 
1454 698 1464 3889 
1455 1464 1294 3889 
1456 715 1136 3890 
1457 1136 2059 3890 
1458 2059 715 3890 
1459 1136 434 3891 
1460 434 2059 3891 
1461 2059 1136 3891 
1462 1125 348 3892 
1463 348 2197 3892 
1464 2197 1125 3892 
1465 606 1394 3893 
1466 1394 1415 3893 
1467 1415 606 3893 
1468 1286 288 3894 
1469 288 1704 3894 
1470 1704 1286 3894 
1471 867 1557 3895 
1472 1557 2307 3895 
1473 2307 867 3895 
1474 1264 644 3896 
1475 644 1606 3896 
1476 1606 1264 3896 
1477 917 1248 3897 
1478 1248 2646 3897 
1479 2646 917 3897 
1480 1248 339 3898 
1481 339 2646 3898 
1482 2646 1248 3898 
1483 2592 1588 3899 
1484 1588 2710 3899 
1485 2710 2592 3899 
1486 474 1111 3900 
1487 1111 2356 3900 
1488 2356 474 3900 
1489 240 1332 3901 
1490 1332 2613 3901 
1491 2613 240 3901 
1492 2149 1082 3902 
1493 1082 2552 3902 
1494 2552 2149 3902 
1495 1242 775 3903 
1496 775 2263 3903 
1497 2263 1242 3903 
1498 1086 657 3904 
1499 657 1939 3904 
1500 1939 1086 3904 
1501 1210 569 3905 
1502 569 1639 3905 
1503 1639 1210 3905 
1504 1459 579 3906 
1505 579 1570 3906 
1506 1570 1459 3906 
1507 593 1139 3907 
1508 1139 1910 3907 
1509 1910 593 3907 
1510 759 1734 3908 
1511 1734 2577 3908 
1512 2577 759 3908 
1513 361 1087 3909 
1514 1087 1987 3909 
1515 1987 361 3909 
1516 1083 469 3910 
1517 469 1956 3910 
1518 1956 1083 3910 
1519 516 1354 3911 
1520 1354 3078 3911 
1521 3078 516 3911 
1522 504 1155 3912 
1523 1155 1631 3912 
1524 1631 504 3912 
1525 1350 637 3913 
1526 637 2545 3913 
1527 2545 1350 3913 
1528 443 1088 3914 
1529 1088 1875 3914 
1530 1875 443 3914 
1531 610 1588 3915 
1532 1588 2592 3915 
1533 2592 610 3915 
1534 1734 1080 3916 
1535 1080 2577 3916 
1536 2577 1734 3916 
1537 1435 1118 3917 
1538 1118 3175 3917 
1539 3175 1435 3917 
1540 1132 628 3918 
1541 628 2248 3918 
1542 2248 1132 3918 
1543 417 1311 3919 
1544 1311 2244 3919 
1545 2244 417 3919 
1546 1140 657 3920 
1547 657 1865 3920 
1548 1865 1140 3920 
1549 477 1430 3921 
1550 1430 2797 3921 
1551 2797 477 3921 
1552 475 1112 3922 
1553 1112 1753 3922 
1554 1753 475 3922 
1555 1175 110 3923 
1556 110 2155 3923 
1557 2155 1175 3923 
1558 1196 332 3924 
1559 332 1695 3924 
1560 1695 1196 3924 
1561 591 2954 3925 
1562 2954 3074 3925 
1563 3074 591 3925 
1564 1291 985 3926 
1565 985 2825 3926 
1566 2825 1291 3926 
1567 560 1291 3927 
1568 1291 2825 3927 
1569 2825 560 3927 
1570 1817 141 3928 
1571 141 2878 3928 
1572 2878 1817 3928 
1573 2437 1129 3929 
1574 1129 2502 3929 
1575 2502 2437 3929 
1576 130 1520 3930 
1577 1520 1633 3930 
1578 1633 130 3930 
1579 1059 1526 3931 
1580 1526 3034 3931 
1581 3034 1059 3931 
1582 366 1407 3932 
1583 1407 2137 3932 
1584 2137 366 3932 
1585 2250 1007 3933 
1586 1007 2808 3933 
1587 2808 2250 3933 
1588 1237 78 3934 
1589 78 2226 3934 
1590 2226 1237 3934 
1591 1115 455 3935 
1592 455 2235 3935 
1593 2235 1115 3935 
1594 1642 1242 3936 
1595 1242 3322 3936 
1596 3322 1642 3936 
1597 300 1592 3937 
1598 1592 1607 3937 
1599 1607 300 3937 
1600 1930 1398 3938 
1601 1398 2754 3938 
1602 2754 1930 3938 
1603 2487 528 3939 
1604 528 3225 3939 
1605 3225 2487 3939 
1606 569 1210 3940 
1607 1210 1817 3940 
1608 1817 569 3940 
1609 348 1125 3941 
1610 1125 2893 3941 
1611 2893 348 3941 
1612 584 1274 3942 
1613 1274 1935 3942 
1614 1935 584 3942 
1615 508 1184 3943 
1616 1184 2611 3943 
1617 2611 508 3943 
1618 1572 270 3944 
1619 270 2415 3944 
1620 2415 1572 3944 
1621 652 1283 3945 
1622 1283 2597 3945 
1623 2597 652 3945 
1624 503 1211 3946 
1625 1211 2554 3946 
1626 2554 503 3946 
1627 2411 516 3947 
1628 516 3078 3947 
1629 3078 2411 3947 
1630 1802 282 3948 
1631 282 3014 3948 
1632 3014 1802 3948 
1633 1115 834 3949 
1634 834 2465 3949 
1635 2465 1115 3949 
1636 361 1108 3950 
1637 1108 2795 3950 
1638 2795 361 3950 
1639 601 1236 3951 
1640 1236 3127 3951 
1641 3127 601 3951 
1642 272 1220 3952 
1643 1220 2723 3952 
1644 2723 272 3952 
1645 1220 907 3953 
1646 907 2723 3953 
1647 2723 1220 3953 
1648 362 1314 3954 
1649 1314 1523 3954 
1650 1523 362 3954 
1651 1035 1693 3955 
1652 1693 2176 3955 
1653 2176 1035 3955 
1654 1693 733 3956 
1655 733 2176 3956 
1656 2176 1693 3956 
1657 594 1382 3957 
1658 1382 3091 3957 
1659 3091 594 3957 
1660 1235 312 3958 
1661 312 1947 3958 
1662 1947 1235 3958 
1663 1401 656 3959 
1664 656 1479 3959 
1665 1479 1401 3959 
1666 374 1401 3960 
1667 1401 1479 3960 
1668 1479 374 3960 
1669 1311 829 3961 
1670 829 2244 3961 
1671 2244 1311 3961 
1672 1095 291 3962 
1673 291 2080 3962 
1674 2080 1095 3962 
1675 1106 321 3963 
1676 321 1809 3963 
1677 1809 1106 3963 
1678 590 1849 3964 
1679 1849 2153 3964 
1680 2153 590 3964 
1681 1449 269 3965 
1682 269 3018 3965 
1683 3018 1449 3965 
1684 1556 1780 3966 
1685 1780 3191 3966 
1686 3191 1556 3966 
1687 1284 612 3967 
1688 612 2017 3967 
1689 2017 1284 3967 
1690 1281 619 3968 
1691 619 3068 3968 
1692 3068 1281 3968 
1693 583 1368 3969 
1694 1368 1421 3969 
1695 1421 583 3969 
1696 2566 354 3970 
1697 354 3034 3970 
1698 3034 2566 3970 
1699 1166 614 3971 
1700 614 1646 3971 
1701 1646 1166 3971 
1702 1586 974 3972 
1703 974 2594 3972 
1704 2594 1586 3972 
1705 1286 1704 3973 
1706 1704 2582 3973 
1707 2582 1286 3973 
1708 1179 449 3974 
1709 449 3255 3974 
1710 3255 1179 3974 
1711 611 1265 3975 
1712 1265 1894 3975 
1713 1894 611 3975 
1714 442 1108 3976 
1715 1108 2817 3976 
1716 2817 442 3976 
1717 1198 1577 3977 
1718 1577 2629 3977 
1719 2629 1198 3977 
1720 1289 482 3978 
1721 482 3013 3978 
1722 3013 1289 3978 
1723 650 1360 3979 
1724 1360 1808 3979 
1725 1808 650 3979 
1726 1556 397 3980 
1727 397 1780 3980 
1728 1780 1556 3980 
1729 1697 822 3981 
1730 822 1864 3981 
1731 1864 1697 3981 
1732 1654 526 3982 
1733 526 2140 3982 
1734 2140 1654 3982 
1735 1278 587 3983 
1736 587 2004 3983 
1737 2004 1278 3983 
1738 2046 125 3984 
1739 125 2564 3984 
1740 2564 2046 3984 
1741 2281 981 3985 
1742 981 2628 3985 
1743 2628 2281 3985 
1744 1405 914 3986 
1745 914 2340 3986 
1746 2340 1405 3986 
1747 437 1405 3987 
1748 1405 2340 3987 
1749 2340 437 3987 
1750 1164 568 3988 
1751 568 2742 3988 
1752 2742 1164 3988 
1753 1637 628 3989 
1754 628 2623 3989 
1755 2623 1637 3989 
1756 540 1347 3990 
1757 1347 3418 3990 
1758 3418 540 3990 
1759 1358 248 3991 
1760 248 2300 3991 
1761 2300 1358 3991 
1762 1389 775 3992 
1763 775 3369 3992 
1764 3369 1389 3992 
1765 594 3091 3993 
1766 3091 3324 3993 
1767 3324 594 3993 
1768 1170 295 3994 
1769 295 2007 3994 
1770 2007 1170 3994 
1771 1414 424 3995 
1772 424 1486 3995 
1773 1486 1414 3995 
1774 663 1414 3996 
1775 1414 1486 3996 
1776 1486 663 3996 
1777 1113 638 3997 
1778 638 1886 3997 
1779 1886 1113 3997 
1780 528 2487 3998 
1781 2487 3246 3998 
1782 3246 528 3998 
1783 925 1318 3999 
1784 1318 2611 3999 
1785 2611 925 3999 
1786 1819 1308 4000 
1787 1308 2404 4000 
1788 2404 1819 4000 
1789 1249 832 4001 
1790 832 2092 4001 
1791 2092 1249 4001 
1792 1580 530 4002 
1793 530 2441 4002 
1794 2441 1580 4002 
1795 834 1115 4003 
1796 1115 3364 4003 
1797 3364 834 4003 
1798 1417 651 4004 
1799 651 2469 4004 
1800 2469 1417 4004 
1801 1134 628 4005 
1802 628 2310 4005 
1803 2310 1134 4005 
1804 343 1121 4006 
1805 1121 2713 4006 
1806 2713 343 4006 
1807 1125 600 4007 
1808 600 1710 4007 
1809 1710 1125 4007 
1810 2091 1077 4008 
1811 1077 2722 4008 
1812 2722 2091 4008 
1813 506 1100 4009 
1814 1100 1972 4009 
1815 1972 506 4009 
1816 3146 2263 4010 
1817 2263 3382 4010 
1818 3382 3146 4010 
1819 1058 1572 4011 
1820 1572 2415 4011 
1821 2415 1058 4011 
1822 1515 2032 4012 
1823 2032 2346 4012 
1824 2346 1515 4012 
1825 1163 623 4013 
1826 623 2472 4013 
1827 2472 1163 4013 
1828 279 1256 4014 
1829 1256 1666 4014 
1830 1666 279 4014 
1831 1265 721 4015 
1832 721 1894 4015 
1833 1894 1265 4015 
1834 1089 2191 4016 
1835 2191 2660 4016 
1836 2660 1089 4016 
1837 609 1159 4017 
1838 1159 2492 4017 
1839 2492 609 4017 
1840 1449 1138 4018 
1841 1138 3424 4018 
1842 3424 1449 4018 
1843 1826 851 4019 
1844 851 2518 4019 
1845 2518 1826 4019 
1846 630 1219 4020 
1847 1219 2043 4020 
1848 2043 630 4020 
1849 1211 329 4021 
1850 329 1581 4021 
1851 1581 1211 4021 
1852 482 1122 4022 
1853 1122 1782 4022 
1854 1782 482 4022 
1855 1503 1052 4023 
1856 1052 2756 4023 
1857 2756 1503 4023 
1858 816 2437 4024 
1859 2437 2502 4024 
1860 2502 816 4024 
1861 1052 1503 4025 
1862 1503 2758 4025 
1863 2758 1052 4025 
1864 2777 1549 4026 
1865 1549 3056 4026 
1866 3056 2777 4026 
1867 1308 368 4027 
1868 368 3349 4027 
1869 3349 1308 4027 
1870 1226 613 4028 
1871 613 1847 4028 
1872 1847 1226 4028 
1873 1078 1588 4029 
1874 1588 1882 4029 
1875 1882 1078 4029 
1876 343 1268 4030 
1877 1268 1510 4030 
1878 1510 343 4030 
1879 791 1950 4031 
1880 1950 2599 4031 
1881 2599 791 4031 
1882 1375 372 4032 
1883 372 1468 4032 
1884 1468 1375 4032 
1885 1009 1682 4033 
1886 1682 3128 4033 
1887 3128 1009 4033 
1888 648 1186 4034 
1889 1186 2001 4034 
1890 2001 648 4034 
1891 1219 630 4035 
1892 630 3337 4035 
1893 3337 1219 4035 
1894 1519 10 4036 
1895 10 1777 4036 
1896 1777 1519 4036 
1897 434 1267 4037 
1898 1267 2063 4037 
1899 2063 434 4037 
1900 1267 763 4038 
1901 763 2063 4038 
1902 2063 1267 4038 
1903 1197 540 4039 
1904 540 2595 4039 
1905 2595 1197 4039 
1906 706 1102 4040 
1907 1102 2879 4040 
1908 2879 706 4040 
1909 1217 365 4041 
1910 365 1993 4041 
1911 1993 1217 4041 
1912 1501 2539 4042 
1913 2539 3229 4042 
1914 3229 1501 4042 
1915 544 1595 4043 
1916 1595 2037 4043 
1917 2037 544 4043 
1918 1912 1127 4044 
1919 1127 2113 4044 
1920 2113 1912 4044 
1921 1399 786 4045 
1922 786 2045 4045 
1923 2045 1399 4045 
1924 623 1154 4046 
1925 1154 2472 4046 
1926 2472 623 4046 
1927 518 1218 4047 
1928 1218 2870 4047 
1929 2870 518 4047 
1930 766 1231 4048 
1931 1231 2168 4048 
1932 2168 766 4048 
1933 239 240 4049 
1934 240 2613 4049 
1935 2613 239 4049 
1936 672 1310 4050 
1937 1310 3005 4050 
1938 3005 672 4050 
1939 2494 436 4051 
1940 436 3159 4051 
1941 3159 2494 4051 
1942 1070 1827 4052 
1943 1827 3274 4052 
1944 3274 1070 4052 
1945 638 1113 4053 
1946 1113 2089 4053 
1947 2089 638 4053 
1948 621 1989 4054 
1949 1989 3449 4054 
1950 3449 621 4054 
1951 1673 1577 4055 
1952 1577 2652 4055 
1953 2652 1673 4055 
1954 1607 1592 4056 
1955 1592 2583 4056 
1956 2583 1607 4056 
1957 1281 534 4057 
1958 534 1541 4057 
1959 1541 1281 4057 
1960 619 1281 4058 
1961 1281 1541 4058 
1962 1541 619 4058 
1963 637 1469 4059 
1964 1469 2545 4059 
1965 2545 637 4059 
1966 2778 288 4060 
1967 288 2943 4060 
1968 2943 2778 4060 
1969 2159 1015 4061 
1970 1015 2755 4061 
1971 2755 2159 4061 
1972 660 1119 4062 
1973 1119 2607 4062 
1974 2607 660 4062 
1975 1167 727 4063 
1976 727 2896 4063 
1977 2896 1167 4063 
1978 1154 1916 4064 
1979 1916 2890 4064 
1980 2890 1154 4064 
1981 465 1183 4065 
1982 1183 2727 4065 
1983 2727 465 4065 
1984 452 1147 4066 
1985 1147 3062 4066 
1986 3062 452 4066 
1987 932 1713 4067 
1988 1713 2289 4067 
1989 2289 932 4067 
1990 836 1326 4068 
1991 1326 2142 4068 
1992 2142 836 4068 
1993 2364 273 4069 
1994 273 2589 4069 
1995 2589 2364 4069 
1996 1111 474 4070 
1997 474 2173 4070 
1998 2173 1111 4070 
1999 1330 583 4071 
2000 583 1467 4071 
2001 1467 1330 4071 
2002 1534 1110 4072 
2003 1110 2534 4072 
2004 2534 1534 4072 
2005 467 1534 4073 
2006 1534 2534 4073 
2007 2534 467 4073 
2008 414 2510 4074 
2009 2510 2647 4074 
2010 2647 414 4074 
2011 618 1212 4075 
2012 1212 1676 4075 
2013 1676 618 4075 
2014 1231 382 4076 
2015 382 2168 4076 
2016 2168 1231 4076 
2017 1911 672 4077 
2018 672 3005 4077 
2019 3005 1911 4077 
2020 352 1269 4078 
2021 1269 1921 4078 
2022 1921 352 4078 
2023 1548 621 4079 
2024 621 2646 4079 
2025 2646 1548 4079 
2026 1991 762 4080 
2027 762 2347 4080 
2028 2347 1991 4080 
2029 318 2250 4081 
2030 2250 2808 4081 
2031 2808 318 4081 
2032 386 1174 4082 
2033 1174 1770 4082 
2034 1770 386 4082 
2035 1179 768 4083 
2036 768 2366 4083 
2037 2366 1179 4083 
2038 2398 1423 4084 
2039 1423 3320 4084 
2040 3320 2398 4084 
2041 1527 608 4085 
2042 608 2433 4085 
2043 2433 1527 4085 
2044 2646 621 4086 
2045 621 2674 4086 
2046 2674 2646 4086 
2047 727 1167 4087 
2048 1167 2135 4087 
2049 2135 727 4087 
2050 1032 1501 4088 
2051 1501 3229 4088 
2052 3229 1032 4088 
2053 415 1549 4089 
2054 1549 2777 4089 
2055 2777 415 4089 
2056 125 126 4090 
2057 126 2564 4090 
2058 2564 125 4090 
2059 2298 1042 4091 
2060 1042 2932 4091 
2061 2932 2298 4091 
2062 628 1132 4092 
2063 1132 2310 4092 
2064 2310 628 4092 
2065 1303 292 4093 
2066 292 2191 4093 
2067 2191 1303 4093 
2068 1147 452 4094 
2069 452 3156 4094 
2070 3156 1147 4094 
2071 210 1697 4095 
2072 1697 2082 4095 
2073 2082 210 4095 
2074 1909 524 4096 
2075 524 2042 4096 
2076 2042 1909 4096 
2077 604 1481 4097 
2078 1481 2424 4097 
2079 2424 604 4097 
2080 242 243 4098 
2081 243 1297 4098 
2082 1297 242 4098 
2083 1050 2268 4099 
2084 2268 2357 4099 
2085 2357 1050 4099 
2086 1915 589 4100 
2087 589 2418 4100 
2088 2418 1915 4100 
2089 427 1140 4101 
2090 1140 1980 4101 
2091 1980 427 4101 
2092 1140 689 4102 
2093 689 1980 4102 
2094 1980 1140 4102 
2095 1167 309 4103 
2096 309 2135 4103 
2097 2135 1167 4103 
2098 309 1167 4104 
2099 1167 1920 4104 
2100 1920 309 4104 
2101 871 2360 4105 
2102 2360 2604 4105 
2103 2604 871 4105 
2104 716 1144 4106 
2105 1144 2111 4106 
2106 2111 716 4106 
2107 449 1179 4107 
2108 1179 2366 4107 
2109 2366 449 4107 
2110 1336 584 4108 
2111 584 1935 4108 
2112 1935 1336 4108 
2113 3174 1225 4109 
2114 1225 3374 4109 
2115 3374 3174 4109 
2116 335 1199 4110 
2117 1199 2651 4110 
2118 2651 335 4110 
2119 1725 494 4111 
2120 494 2639 4111 
2121 2639 1725 4111 
2122 1672 342 4112 
2123 342 3198 4112 
2124 3198 1672 4112 
2125 1129 463 4113 
2126 463 2247 4113 
2127 2247 1129 4113 
2128 480 1208 4114 
2129 1208 2126 4114 
2130 2126 480 4114 
2131 287 1589 4115 
2132 1589 1715 4115 
2133 1715 287 4115 
2134 1578 2429 4116 
2135 2429 3177 4116 
2136 3177 1578 4116 
2137 1121 453 4117 
2138 453 1877 4117 
2139 1877 1121 4117 
2140 1432 257 4118 
2141 257 1717 4118 
2142 1717 1432 4118 
2143 672 1160 4119 
2144 1160 1880 4119 
2145 1880 672 4119 
2146 1144 391 4120 
2147 391 2111 4120 
2148 2111 1144 4120 
2149 306 2011 4121 
2150 2011 3010 4121 
2151 3010 306 4121 
2152 2191 854 4122 
2153 854 2660 4122 
2154 2660 2191 4122 
2155 307 1183 4123 
2156 1183 2203 4123 
2157 2203 307 4123 
2158 1314 532 4124 
2159 532 3121 4124 
2160 3121 1314 4124 
2161 1090 1314 4125 
2162 1314 3121 4125 
2163 3121 1090 4125 
2164 1119 660 4126 
2165 660 1907 4126 
2166 1907 1119 4126 
2167 1317 229 4127 
2168 229 1700 4127 
2169 1700 1317 4127 
2170 1205 2778 4128 
2171 2778 2943 4128 
2172 2943 1205 4128 
2173 1311 876 4129 
2174 876 1711 4129 
2175 1711 1311 4129 
2176 1178 788 4130 
2177 788 2521 4130 
2178 2521 1178 4130 
2179 475 1198 4131 
2180 1198 2629 4131 
2181 2629 475 4131 
2182 1884 1527 4132 
2183 1527 2433 4132 
2184 2433 1884 4132 
2185 453 1121 4133 
2186 1121 2006 4133 
2187 2006 453 4133 
2188 1215 1802 4134 
2189 1802 3014 4134 
2190 3014 1215 4134 
2191 728 1246 4135 
2192 1246 2164 4135 
2193 2164 728 4135 
2194 1108 442 4136 
2195 442 1982 4136 
2196 1982 1108 4136 
2197 1170 622 4137 
2198 622 1750 4137 
2199 1750 1170 4137 
2200 684 1232 4138 
2201 1232 1575 4138 
2202 1575 684 4138 
2203 1123 584 4139 
2204 584 1892 4139 
2205 1892 1123 4139 
2206 647 1216 4140 
2207 1216 3434 4140 
2208 3434 647 4140 
2209 1589 778 4141 
2210 778 1715 4141 
2211 1715 1589 4141 
2212 1165 637 4142 
2213 637 2697 4142 
2214 2697 1165 4142 
2215 614 1166 4143 
2216 1166 2103 4143 
2217 2103 614 4143 
2218 1746 751 4144 
2219 751 1891 4144 
2220 1891 1746 4144 
2221 2037 1595 4145 
2222 1595 2766 4145 
2223 2766 2037 4145 
2224 923 1574 4146 
2225 1574 2333 4146 
2226 2333 923 4146 
2227 597 1233 4147 
2228 1233 1592 4147 
2229 1592 597 4147 
2230 460 1331 4148 
2231 1331 2471 4148 
2232 2471 460 4148 
2233 1331 881 4149 
2234 881 2471 4149 
2235 2471 1331 4149 
2236 908 1746 4150 
2237 1746 1891 4150 
2238 1891 908 4150 
2239 534 1275 4151 
2240 1275 1541 4151 
2241 1541 534 4151 
2242 1886 370 4152 
2243 370 2124 4152 
2244 2124 1886 4152 
2245 1113 1886 4153 
2246 1886 2124 4153 
2247 2124 1113 4153 
2248 1608 1222 4154 
2249 1222 2961 4154 
2250 2961 1608 4154 
2251 274 1608 4155 
2252 1608 2961 4155 
2253 2961 274 4155 
2254 1189 712 4156 
2255 712 2074 4156 
2256 2074 1189 4156 
2257 533 2398 4157 
2258 2398 3320 4157 
2259 3320 533 4157 
2260 740 1222 4158 
2261 1222 2560 4158 
2262 2560 740 4158 
2263 455 1628 4159 
2264 1628 2719 4159 
2265 2719 455 4159 
2266 732 1733 4160 
2267 1733 2148 4160 
2268 2148 732 4160 
2269 1733 1015 4161 
2270 1015 2148 4161 
2271 2148 1733 4161 
2272 1316 682 4162 
2273 682 1707 4162 
2274 1707 1316 4162 
2275 561 1376 4163 
2276 1376 2558 4163 
2277 2558 561 4163 
2278 815 1204 4164 
2279 1204 2666 4164 
2280 2666 815 4164 
2281 865 1309 4165 
2282 1309 2531 4165 
2283 2531 865 4165 
2284 1918 181 4166 
2285 181 2323 4166 
2286 2323 1918 4166 
2287 407 1530 4167 
2288 1530 2264 4167 
2289 2264 407 4167 
2290 576 1503 4168 
2291 1503 2756 4168 
2292 2756 576 4168 
2293 1503 341 4169 
2294 341 2758 4169 
2295 2758 1503 4169 
2296 483 1671 4170 
2297 1671 2665 4170 
2298 2665 483 4170 
2299 1123 330 4171 
2300 330 3033 4171 
2301 3033 1123 4171 
2302 1076 1975 4172 
2303 1975 2076 4172 
2304 2076 1076 4172 
2305 601 3127 4173 
2306 3127 3387 4173 
2307 3387 601 4173 
2308 1127 359 4174 
2309 359 2113 4174 
2310 2113 1127 4174 
2311 1121 661 4175 
2312 661 2006 4175 
2313 2006 1121 4175 
2314 1159 474 4176 
2315 474 1769 4176 
2316 1769 1159 4176 
2317 1906 685 4177 
2318 685 2682 4177 
2319 2682 1906 4177 
2320 786 1322 4178 
2321 1322 2045 4178 
2322 2045 786 4178 
2323 312 1235 4179 
2324 1235 2889 4179 
2325 2889 312 4179 
2326 1404 668 4180 
2327 668 1870 4180 
2328 1870 1404 4180 
2329 1034 1909 4181 
2330 1909 2042 4181 
2331 2042 1034 4181 
2332 2531 1309 4182 
2333 1309 3016 4182 
2334 3016 2531 4182 
2335 311 1325 4183 
2336 1325 1615 4183 
2337 1615 311 4183 
2338 1465 384 4184 
2339 384 1749 4184 
2340 1749 1465 4184 
2341 1275 534 4185 
2342 534 3196 4185 
2343 3196 1275 4185 
2344 1827 546 4186 
2345 546 3274 4186 
2346 3274 1827 4186 
2347 1368 583 4187 
2348 583 2838 4187 
2349 2838 1368 4187 
2350 1251 2070 4188 
2351 2070 2770 4188 
2352 2770 1251 4188 
2353 396 1398 4189 
2354 1398 1930 4189 
2355 1930 396 4189 
2356 1167 687 4190 
2357 687 1920 4190 
2358 1920 1167 4190 
2359 1169 368 4191 
2360 368 1954 4191 
2361 1954 1169 4191 
2362 295 1170 4192 
2363 1170 1750 4192 
2364 1750 295 4192 
2365 1202 3146 4193 
2366 3146 3382 4193 
2367 3382 1202 4193 
2368 1975 326 4194 
2369 326 2076 4194 
2370 2076 1975 4194 
2371 1141 485 4195 
2372 485 1996 4195 
2373 1996 1141 4195 
2374 1175 722 4196 
2375 722 2455 4196 
2376 2455 1175 4196 
2377 1020 1413 4197 
2378 1413 2267 4197 
2379 2267 1020 4197 
2380 600 1125 4198 
2381 1125 2197 4198 
2382 2197 600 4198 
2383 1682 1009 4199 
2384 1009 2429 4199 
2385 2429 1682 4199 
2386 1452 910 4200 
2387 910 2517 4200 
2388 2517 1452 4200 
2389 495 1528 4201 
2390 1528 1850 4201 
2391 1850 495 4201 
2392 864 1423 4202 
2393 1423 2398 4202 
2394 2398 864 4202 
2395 1146 1817 4203 
2396 1817 2878 4203 
2397 2878 1146 4203 
2398 1180 620 4204 
2399 620 2170 4204 
2400 2170 1180 4204 
2401 60 1804 4205 
2402 1804 2039 4205 
2403 2039 60 4205 
2404 987 1592 4206 
2405 1592 3048 4206 
2406 3048 987 4206 
2407 2276 803 4207 
2408 803 2460 4207 
2409 2460 2276 4207 
2410 1862 604 4208 
2411 604 2424 4208 
2412 2424 1862 4208 
2413 1035 2187 4209 
2414 2187 2698 4209 
2415 2698 1035 4209 
2416 304 1266 4210 
2417 1266 2125 4210 
2418 2125 304 4210 
2419 486 1665 4211 
2420 1665 1759 4211 
2421 1759 486 4211 
2422 1078 1882 4212 
2423 1882 3286 4212 
2424 3286 1078 4212 
2425 1266 766 4213 
2426 766 2125 4213 
2427 2125 1266 4213 
2428 558 1306 4214 
2429 1306 1840 4214 
2430 1840 558 4214 
2431 664 1200 4215 
2432 1200 2105 4215 
2433 2105 664 4215 
2434 517 1260 4216 
2435 1260 1643 4216 
2436 1643 517 4216 
2437 1260 633 4217 
2438 633 1643 4217 
2439 1643 1260 4217 
2440 1272 314 4218 
2441 314 2504 4218 
2442 2504 1272 4218 
2443 859 1272 4219 
2444 1272 2504 4219 
2445 2504 859 4219 
2446 1185 287 4220 
2447 287 1715 4220 
2448 1715 1185 4220 
2449 1678 707 4221 
2450 707 1873 4221 
2451 1873 1678 4221 
2452 1592 987 4222 
2453 987 3056 4222 
2454 3056 1592 4222 
2455 1304 569 4223 
2456 569 3281 4223 
2457 3281 1304 4223 
2458 1598 553 4224 
2459 553 3100 4224 
2460 3100 1598 4224 
2461 1066 1826 4225 
2462 1826 2518 4225 
2463 2518 1066 4225 
2464 609 2492 4226 
2465 2492 2571 4226 
2466 2571 609 4226 
2467 1184 508 4227 
2468 508 2508 4227 
2469 2508 1184 4227 
2470 1272 1598 4228 
2471 1598 3100 4228 
2472 3100 1272 4228 
2473 605 1411 4229 
2474 1411 1835 4229 
2475 1835 605 4229 
2476 613 1226 4230 
2477 1226 1638 4230 
2478 1638 613 4230 
2479 1241 595 4231 
2480 595 2516 4231 
2481 2516 1241 4231 
2482 1055 2342 4232 
2483 2342 2865 4232 
2484 2865 1055 4232 
2485 701 1479 4233 
2486 1479 2463 4233 
2487 2463 701 4233 
2488 620 1180 4234 
2489 1180 1949 4234 
2490 1949 620 4234 
2491 1174 608 4235 
2492 608 1770 4235 
2493 1770 1174 4235 
2494 443 1378 4236 
2495 1378 2899 4236 
2496 2899 443 4236 
2497 1193 705 4237 
2498 705 2515 4237 
2499 2515 1193 4237 
2500 514 1316 4238 
2501 1316 1707 4238 
2502 1707 514 4238 
2503 1204 477 4239 
2504 477 2626 4239 
2505 2626 1204 4239 
2506 1445 641 4240 
2507 641 1457 4240 
2508 1457 1445 4240 
2509 1158 435 4241 
2510 435 2382 4241 
2511 2382 1158 4241 
2512 657 1140 4242 
2513 1140 1939 4242 
2514 1939 657 4242 
2515 365 1217 4243 
2516 1217 1652 4243 
2517 1652 365 4243 
2518 301 1837 4244 
2519 1837 2705 4244 
2520 2705 301 4244 
2521 587 1492 4245 
2522 1492 1594 4245 
2523 1594 587 4245 
2524 1194 482 4246 
2525 482 2573 4246 
2526 2573 1194 4246 
2527 1315 596 4247 
2528 596 2786 4247 
2529 2786 1315 4247 
2530 432 2159 4248 
2531 2159 2755 4248 
2532 2755 432 4248 
2533 290 1384 4249 
2534 1384 2864 4249 
2535 2864 290 4249 
2536 608 1174 4250 
2537 1174 2433 4250 
2538 2433 608 4250 
2539 1407 1840 4251 
2540 1840 2137 4251 
2541 2137 1407 4251 
2542 556 1188 4252 
2543 1188 1720 4252 
2544 1720 556 4252 
2545 1514 933 4253 
2546 933 2174 4253 
2547 2174 1514 4253 
2548 1586 589 4254 
2549 589 2753 4254 
2550 2753 1586 4254 
2551 125 2046 4255 
2552 2046 3081 4255 
2553 3081 125 4255 
2554 1236 601 4256 
2555 601 2526 4256 
2556 2526 1236 4256 
2557 1136 715 4257 
2558 715 2816 4257 
2559 2816 1136 4257 
2560 1226 381 4258 
2561 381 1638 4258 
2562 1638 1226 4258 
2563 911 1976 4259 
2564 1976 2596 4259 
2565 2596 911 4259 
2566 1255 548 4260 
2567 548 2985 4260 
2568 2985 1255 4260 
2569 1395 615 4261 
2570 615 1618 4261 
2571 1618 1395 4261 
2572 745 1465 4262 
2573 1465 1749 4262 
2574 1749 745 4262 
2575 1288 1225 4263 
2576 1225 3174 4263 
2577 3174 1288 4263 
2578 762 1756 4264 
2579 1756 2347 4264 
2580 2347 762 4264 
2581 1135 1981 4265 
2582 1981 3019 4265 
2583 3019 1135 4265 
2584 620 1507 4266 
2585 1507 1819 4266 
2586 1819 620 4266 
2587 830 1558 4267 
2588 1558 2453 4267 
2589 2453 830 4267 
2590 1074 1915 4268 
2591 1915 2418 4268 
2592 2418 1074 4268 
2593 440 1811 4269 
2594 1811 2698 4269 
2595 2698 440 4269 
2596 714 1625 4270 
2597 1625 1662 4270 
2598 1662 714 4270 
2599 1173 1516 4271 
2600 1516 2785 4271 
2601 2785 1173 4271 
2602 1300 684 4272 
2603 684 1792 4272 
2604 1792 1300 4272 
2605 288 1286 4273 
2606 1286 2943 4273 
2607 2943 288 4273 
2608 1140 427 4274 
2609 427 1939 4274 
2610 1939 1140 4274 
2611 1513 907 4275 
2612 907 1737 4275 
2613 1737 1513 4275 
2614 1040 1521 4276 
2615 1521 2960 4276 
2616 2960 1040 4276 
2617 124 125 4277 
2618 125 3081 4277 
2619 3081 124 4277 
2620 517 1643 4278 
2621 1643 1885 4278 
2622 1885 517 4278 
2623 1643 845 4279 
2624 845 1885 4279 
2625 1885 1643 4279 
2626 1212 618 4280 
2627 618 1687 4280 
2628 1687 1212 4280 
2629 596 1315 4281 
2630 1315 1636 4281 
2631 1636 596 4281 
2632 1677 414 4282 
2633 414 2647 4282 
2634 2647 1677 4282 
2635 259 1564 4283 
2636 1564 2807 4283 
2637 2807 259 4283 
2638 1282 986 4284 
2639 986 2998 4284 
2640 2998 1282 4284 
2641 577 1282 4285 
2642 1282 2998 4285 
2643 2998 577 4285 
2644 1227 742 4286 
2645 742 2093 4286 
2646 2093 1227 4286 
2647 601 1250 4287 
2648 1250 2526 4287 
2649 2526 601 4287 
2650 625 1233 4288 
2651 1233 2967 4288 
2652 2967 625 4288 
2653 1155 725 4289 
2654 725 1862 4289 
2655 1862 1155 4289 
2656 401 1701 4290 
2657 1701 1925 4290 
2658 1925 401 4290 
2659 1151 530 4291 
2660 530 2324 4291 
2661 2324 1151 4291 
2662 294 1578 4292 
2663 1578 3177 4292 
2664 3177 294 4292 
2665 1898 871 4293 
2666 871 2604 4293 
2667 2604 1898 4293 
2668 357 1467 4294 
2669 1467 2130 4294 
2670 2130 357 4294 
2671 2116 343 4295 
2672 343 2577 4295 
2673 2577 2116 4295 
2674 1528 495 4296 
2675 495 2761 4296 
2676 2761 1528 4296 
2677 1249 2092 4297 
2678 2092 2996 4297 
2679 2996 1249 4297 
2680 2959 1595 4298 
2681 1595 3358 4298 
2682 3358 2959 4298 
2683 622 1170 4299 
2684 1170 2356 4299 
2685 2356 622 4299 
2686 1393 562 4300 
2687 562 1531 4300 
2688 1531 1393 4300 
2689 689 1140 4301 
2690 1140 2012 4301 
2691 2012 689 4301 
2692 132 133 4302 
2693 133 1443 4302 
2694 1443 132 4302 
2695 1386 663 4303 
2696 663 2196 4303 
2697 2196 1386 4303 
2698 869 1341 4304 
2699 1341 2769 4304 
2700 2769 869 4304 
2701 212 213 4305 
2702 213 1335 4305 
2703 1335 212 4305 
2704 621 1548 4306 
2705 1548 1989 4306 
2706 1989 621 4306 
2707 1177 564 4307 
2708 564 2421 4307 
2709 2421 1177 4307 
2710 640 1445 4308 
2711 1445 1457 4308 
2712 1457 640 4308 
2713 1300 392 4309 
2714 392 1547 4309 
2715 1547 1300 4309 
2716 1135 262 4310 
2717 262 2452 4310 
2718 2452 1135 4310 
2719 825 1141 4311 
2720 1141 2291 4311 
2721 2291 825 4311 
2722 2142 1326 4312 
2723 1326 3008 4312 
2724 3008 2142 4312 
2725 1450 965 4313 
2726 965 2770 4313 
2727 2770 1450 4313 
2728 1216 647 4314 
2729 647 1856 4314 
2730 1856 1216 4314 
2731 1408 538 4315 
2732 538 1947 4315 
2733 1947 1408 4315 
2734 1665 787 4316 
2735 787 1759 4316 
2736 1759 1665 4316 
2737 634 1498 4317 
2738 1498 2022 4317 
2739 2022 634 4317 
2740 1367 326 4318 
2741 326 2524 4318 
2742 2524 1367 4318 
2743 915 1367 4319 
2744 1367 2524 4319 
2745 2524 915 4319 
2746 1264 1606 4320 
2747 1606 3342 4320 
2748 3342 1264 4320 
2749 1117 1528 4321 
2750 1528 2761 4321 
2751 2761 1117 4321 
2752 878 1328 4322 
2753 1328 3037 4322 
2754 3037 878 4322 
2755 1268 343 4323 
2756 343 2116 4323 
2757 2116 1268 4323 
2758 345 1413 4324 
2759 1413 2774 4324 
2760 2774 345 4324 
2761 1413 1020 4325 
2762 1020 2774 4325 
2763 2774 1413 4325 
2764 1622 464 4326 
2765 464 2474 4326 
2766 2474 1622 4326 
2767 1184 312 4327 
2768 312 2096 4327 
2769 2096 1184 4327 
2770 1577 924 4328 
2771 924 2629 4328 
2772 2629 1577 4328 
2773 703 1916 4329 
2774 1916 3098 4329 
2775 3098 703 4329 
2776 918 1650 4330 
2777 1650 2056 4330 
2778 2056 918 4330 
2779 1650 734 4331 
2780 734 2056 4331 
2781 2056 1650 4331 
2782 1237 761 4332 
2783 761 2247 4332 
2784 2247 1237 4332 
2785 1660 643 4333 
2786 643 2231 4333 
2787 2231 1660 4333 
2788 3220 1561 4334 
2789 1561 3265 4334 
2790 3265 3220 4334 
2791 392 1300 4335 
2792 1300 1792 4335 
2793 1792 392 4335 
2794 1437 704 4336 
2795 704 1618 4336 
2796 1618 1437 4336 
2797 1165 1802 4337 
2798 1802 2432 4337 
2799 2432 1165 4337 
2800 283 1147 4338 
2801 1147 2094 4338 
2802 2094 283 4338 
2803 325 1459 4339 
2804 1459 2918 4339 
2805 2918 325 4339 
2806 67 68 4340 
2807 68 2141 4340 
2808 2141 67 4340 
2809 962 1660 4341 
2810 1660 2231 4341 
2811 2231 962 4341 
2812 810 1698 4342 
2813 1698 1985 4342 
2814 1985 810 4342 
2815 904 1212 4343 
2816 1212 2749 4343 
2817 2749 904 4343 
2818 2187 440 4344 
2819 440 2698 4344 
2820 2698 2187 4344 
2821 297 1472 4345 
2822 1472 1662 4345 
2823 1662 297 4345 
2824 1622 2474 4346 
2825 2474 2945 4346 
2826 2945 1622 4346 
2827 275 1173 4347 
2828 1173 3189 4347 
2829 3189 275 4347 
2830 1569 826 4348 
2831 826 2140 4348 
2832 2140 1569 4348 
2833 391 1144 4349 
2834 1144 2024 4349 
2835 2024 391 4349 
2836 1171 724 4350 
2837 724 2156 4350 
2838 2156 1171 4350 
2839 1300 2989 4351 
2840 2989 3261 4351 
2841 3261 1300 4351 
2842 256 257 4352 
2843 257 1432 4352 
2844 1432 256 4352 
2845 1989 1292 4353 
2846 1292 3449 4353 
2847 3449 1989 4353 
2848 731 1403 4354 
2849 1403 1582 4354 
2850 1582 731 4354 
2851 303 1150 4355 
2852 1150 2157 4355 
2853 2157 303 4355 
2854 1199 969 4356 
2855 969 3245 4356 
2856 3245 1199 4356 
2857 1267 434 4357 
2858 434 2711 4357 
2859 2711 1267 4357 
2860 722 1175 4358 
2861 1175 2132 4358 
2862 2132 722 4358 
2863 284 1351 4359 
2864 1351 2321 4359 
2865 2321 284 4359 
2866 1160 672 4360 
2867 672 1911 4360 
2868 1911 1160 4360 
2869 1273 404 4361 
2870 404 1610 4361 
2871 1610 1273 4361 
2872 708 1307 4362 
2873 1307 1978 4362 
2874 1978 708 4362 
2875 1252 636 4363 
2876 636 1653 4363 
2877 1653 1252 4363 
2878 2075 147 4364 
2879 147 2570 4364 
2880 2570 2075 4364 
2881 1685 652 4365 
2882 652 2597 4365 
2883 2597 1685 4365 
2884 1802 570 4366 
2885 570 2432 4366 
2886 2432 1802 4366 
2887 59 60 4367 
2888 60 2039 4367 
2889 2039 59 4367 
2890 1670 1181 4368 
2891 1181 2843 4368 
2892 2843 1670 4368 
2893 725 1155 4369 
2894 1155 2189 4369 
2895 2189 725 4369 
2896 1155 504 4370 
2897 504 2189 4370 
2898 2189 1155 4370 
2899 48 49 4371 
2900 49 1349 4371 
2901 1349 48 4371 
2902 1011 1628 4372 
2903 1628 3083 4372 
2904 3083 1011 4372 
2905 615 1437 4373 
2906 1437 1618 4373 
2907 1618 615 4373 
2908 1459 325 4374 
2909 325 3279 4374 
2910 3279 1459 4374 
2911 2476 1591 4375 
2912 1591 2627 4375 
2913 2627 2476 4375 
2914 135 1639 4376 
2915 1639 2859 4376 
2916 2859 135 4376 
2917 2464 383 4377 
2918 383 2967 4377 
2919 2967 2464 4377 
2920 1227 2093 4378 
2921 2093 2837 4378 
2922 2837 1227 4378 
2923 1194 356 4379 
2924 356 3176 4379 
2925 3176 1194 4379 
2926 1829 701 4380 
2927 701 2463 4380 
2928 2463 1829 4380 
2929 1150 459 4381 
2930 459 2634 4381 
2931 2634 1150 4381 
2932 2174 933 4382 
2933 933 2704 4382 
2934 2704 2174 4382 
2935 1925 1701 4383 
2936 1701 2796 4383 
2937 2796 1925 4383 
2938 1419 643 4384 
2939 643 1660 4384 
2940 1660 1419 4384 
2941 864 1197 4385 
2942 1197 2595 4385 
2943 2595 864 4385 
2944 397 1176 4386 
2945 1176 1869 4386 
2946 1869 397 4386 
2947 1709 1368 4387 
2948 1368 2838 4387 
2949 2838 1709 4387 
2950 1258 423 4388 
2951 423 3420 4388 
2952 3420 1258 4388 
2953 2707 911 4389 
2954 911 2739 4389 
2955 2739 2707 4389 
2956 1612 267 4390 
2957 267 2607 4390 
2958 2607 1612 4390 
2959 248 249 4391 
2960 249 2300 4391 
2961 2300 248 4391 
2962 1704 653 4392 
2963 653 2582 4392 
2964 2582 1704 4392 
2965 2492 1157 4393 
2966 1157 2571 4393 
2967 2571 2492 4393 
2968 1473 335 4394 
2969 335 2651 4394 
2970 2651 1473 4394 
2971 1310 672 4395 
2972 672 1796 4395 
2973 1796 1310 4395 
2974 583 1421 4396 
2975 1421 3337 4396 
2976 3337 583 4396 
2977 1220 502 4397 
2978 502 1967 4397 
2979 1967 1220 4397 
2980 2453 1558 4398 
2981 1558 2792 4398 
2982 2792 2453 4398 
2983 793 1199 4399 
2984 1199 2466 4399 
2985 2466 793 4399 
2986 1376 1576 4400 
2987 1576 2558 4400 
2988 2558 1376 4400 
2989 1925 1097 4401 
2990 1097 2213 4401 
2991 2213 1925 4401 
2992 1039 1810 4402 
2993 1810 2241 4402 
2994 2241 1039 4402 
2995 1227 466 4403 
2996 466 2241 4403 
2997 2241 1227 4403 
2998 1144 1561 4404 
2999 1561 3220 4404 
3000 3220 1144 4404 
3001 2045 1322 4405 
3002 1322 3183 4405 
3003 3183 2045 4405 
3004 519 1181 4406 
3005 1181 3009 4406 
3006 3009 519 4406 
3007 502 1221 4407 
3008 1221 1967 4407 
3009 1967 502 4407 
3010 501 1262 4408 
3011 1262 2637 4408 
3012 2637 501 4408 
3013 1261 680 4409 
3014 680 1665 4409 
3015 1665 1261 4409 
3016 1022 1957 4410 
3017 1957 2308 4410 
3018 2308 1022 4410 
3019 1271 793 4411 
3020 793 2466 4411 
3021 2466 1271 4411 
3022 1421 1219 4412 
3023 1219 3337 4412 
3024 3337 1421 4412 
3025 677 1830 4413 
3026 1830 2519 4413 
3027 2519 677 4413 
3028 1162 324 4414 
3029 324 2762 4414 
3030 2762 1162 4414 
3031 100 101 4415 
3032 101 1642 4415 
3033 1642 100 4415 
3034 2786 596 4416 
3035 596 2941 4416 
3036 2941 2786 4416 
3037 186 187 4417 
3038 187 1356 4417 
3039 1356 186 4417 
3040 249 250 4418 
3041 250 1891 4418 
3042 1891 249 4418 
3043 1354 516 4419 
3044 516 3443 4419 
3045 3443 1354 4419 
3046 1722 384 4420 
3047 384 1752 4420 
3048 1752 1722 4420 
3049 465 1329 4421 
3050 1329 1692 4421 
3051 1692 465 4421 
3052 1329 760 4422 
3053 760 1692 4422 
3054 1692 1329 4422 
3055 1400 1275 4423 
3056 1275 3196 4423 
3057 3196 1400 4423 
3058 1082 2149 4424 
3059 2149 3233 4424 
3060 3233 1082 4424 
3061 1119 1612 4425 
3062 1612 2607 4425 
3063 2607 1119 4425 
3064 790 1310 4426 
3065 1310 1796 4426 
3066 1796 790 4426 
3067 1475 709 4427 
3068 709 3112 4427 
3069 3112 1475 4427 
3070 368 1169 4428 
3071 1169 1943 4428 
3072 1943 368 4428 
3073 335 1582 4429 
3074 1582 2869 4429 
3075 2869 335 4429 
3076 324 1162 4430 
3077 1162 2027 4430 
3078 2027 324 4430 
3079 2093 269 4431 
3080 269 2837 4431 
3081 2837 2093 4431 
3082 1493 1077 4432 
3083 1077 2091 4432 
3084 2091 1493 4432 
3085 723 1925 4433 
3086 1925 2213 4433 
3087 2213 723 4433 
3088 1186 648 4434 
3089 648 2343 4434 
3090 2343 1186 4434 
3091 728 1930 4435 
3092 1930 2754 4435 
3093 2754 728 4435 
3094 251 252 4436 
3095 252 1580 4436 
3096 1580 251 4436 
3097 1433 407 4437 
3098 407 2299 4437 
3099 2299 1433 4437 
3100 870 1433 4438 
3101 1433 2299 4438 
3102 2299 870 4438 
3103 1256 715 4439 
3104 715 1666 4439 
3105 1666 1256 4439 
3106 1619 644 4440 
3107 644 3315 4440 
3108 3315 1619 4440 
3109 1183 307 4441 
3110 307 2349 4441 
3111 2349 1183 4441 
3112 1166 799 4442 
3113 799 2014 4442 
3114 2014 1166 4442 
3115 1338 554 4443 
3116 554 1623 4443 
3117 1623 1338 4443 
3118 975 2258 4444 
3119 2258 2309 4444 
3120 2309 975 4444 
3121 1582 1192 4445 
3122 1192 2869 4445 
3123 2869 1582 4445 
3124 1109 1881 4446 
3125 1881 2408 4446 
3126 2408 1109 4446 
3127 994 1473 4447 
3128 1473 2651 4447 
3129 2651 994 4447 
3130 862 1438 4448 
3131 1438 2522 4448 
3132 2522 862 4448 
3133 590 1581 4449 
3134 1581 1849 4449 
3135 1849 590 4449 
3136 287 1185 4450 
3137 1185 3172 4450 
3138 3172 287 4450 
3139 861 2050 4451 
3140 2050 2098 4451 
3141 2098 861 4451 
3142 561 1203 4452 
3143 1203 2885 4452 
3144 2885 561 4452 
3145 1458 928 4453 
3146 928 1677 4453 
3147 1677 1458 4453 
3148 1606 286 4454 
3149 286 3342 4454 
3150 3342 1606 4454 
3151 249 1891 4455 
3152 1891 2300 4455 
3153 2300 249 4455 
3154 1484 617 4456 
3155 617 3106 4456 
3156 3106 1484 4456 
3157 1774 1484 4457 
3158 1484 3106 4457 
3159 3106 1774 4457 
3160 2268 788 4458 
3161 788 2357 4458 
3162 2357 2268 4458 
3163 1174 386 4459 
3164 386 2951 4459 
3165 2951 1174 4459 
3166 1415 367 4460 
3167 367 2138 4460 
3168 2138 1415 4460 
3169 1416 419 4461 
3170 419 2318 4461 
3171 2318 1416 4461 
3172 768 1179 4462 
3173 1179 1921 4462 
3174 1921 768 4462 
3175 624 1458 4463 
3176 1458 1677 4463 
3177 1677 624 4463 
3178 1837 696 4464 
3179 696 2616 4464 
3180 2616 1837 4464 
3181 1166 1646 4465 
3182 1646 2491 4465 
3183 2491 1166 4465 
3184 1204 303 4466 
3185 303 2666 4466 
3186 2666 1204 4466 
3187 2073 1213 4467 
3188 1213 2620 4467 
3189 2620 2073 4467 
3190 1345 605 4468 
3191 605 2101 4468 
3192 2101 1345 4468 
3193 630 1467 4469 
3194 1467 3337 4469 
3195 3337 630 4469 
3196 7 8 4470 
3197 8 1458 4470 
3198 1458 7 4470 
3199 1816 782 4471 
3200 782 2456 4471 
3201 2456 1816 4471 
3202 708 1188 4472 
3203 1188 2397 4472 
3204 2397 708 4472 
3205 724 1171 4473 
3206 1171 2086 4473 
3207 2086 724 4473 
3208 1172 2198 4474 
3209 2198 3105 4474 
3210 3105 1172 4474 
3211 872 1993 4475 
3212 1993 2977 4475 
3213 2977 872 4475 
3214 1678 1873 4476 
3215 1873 2619 4476 
3216 2619 1678 4476 
3217 1363 530 4477 
3218 530 1597 4477 
3219 1597 1363 4477 
3220 1611 1475 4478 
3221 1475 3112 4478 
3222 3112 1611 4478 
3223 585 1869 4479 
3224 1869 2913 4479 
3225 2913 585 4479 
3226 720 1370 4480 
3227 1370 1736 4480 
3228 1736 720 4480 
3229 1370 372 4481 
3230 372 1736 4481 
3231 1736 1370 4481 
3232 1815 432 4482 
3233 432 2755 4482 
3234 2755 1815 4482 
3235 2022 1498 4483 
3236 1498 2840 4483 
3237 2840 2022 4483 
3238 937 1666 4484 
3239 1666 2059 4484 
3240 2059 937 4484 
3241 1642 541 4485 
3242 541 3369 4485 
3243 3369 1642 4485 
3244 312 1184 4486 
3245 1184 2689 4486 
3246 2689 312 4486 
3247 377 1436 4487 
3248 1436 3093 4487 
3249 3093 377 4487 
3250 1928 346 4488 
3251 346 3230 4488 
3252 3230 1928 4488 
3253 284 1302 4489 
3254 1302 1603 4489 
3255 1603 284 4489 
3256 1720 330 4490 
3257 330 2841 4490 
3258 2841 1720 4490 
3259 1407 366 4491 
3260 366 1941 4491 
3261 1941 1407 4491 
3262 1173 699 4492 
3263 699 2127 4492 
3264 2127 1173 4492 
3265 1557 563 4493 
3266 563 2307 4493 
3267 2307 1557 4493 
3268 1042 2298 4494 
3269 2298 2891 4494 
3270 2891 1042 4494 
3271 1343 555 4495 
3272 555 1605 4495 
3273 1605 1343 4495 
3274 637 1165 4496 
3275 1165 3031 4496 
3276 3031 637 4496 
3277 558 1452 4497 
3278 1452 2517 4497 
3279 2517 558 4497 
3280 1214 686 4498 
3281 686 2154 4498 
3282 2154 1214 4498 
3283 1211 590 4499 
3284 590 2554 4499 
3285 2554 1211 4499 
3286 1421 373 4500 
3287 373 3363 4500 
3288 3363 1421 4500 
3289 1219 1421 4501 
3290 1421 3363 4501 
3291 3363 1219 4501 
3292 2283 1131 4502 
3293 1131 3464 4502 
3294 3464 2283 4502 
3295 440 1535 4503 
3296 1535 3195 4503 
3297 3195 440 4503 
3298 1385 755 4504 
3299 755 2235 4504 
3300 2235 1385 4504 
3301 1590 452 4505 
3302 452 1927 4505 
3303 1927 1590 4505 
3304 820 1590 4506 
3305 1590 1927 4506 
3306 1927 820 4506 
3307 663 1486 4507 
3308 1486 2196 4507 
3309 2196 663 4507 
3310 363 1208 4508 
3311 1208 1929 4508 
3312 1929 363 4508 
3313 1208 676 4509 
3314 676 1929 4509 
3315 1929 1208 4509 
3316 90 91 4510 
3317 91 2188 4510 
3318 2188 90 4510 
3319 1305 1041 4511 
3320 1041 3168 4511 
3321 3168 1305 4511 
3322 551 1373 4512 
3323 1373 3247 4512 
3324 3247 551 4512 
3325 722 1187 4513 
3326 1187 1901 4513 
3327 1901 722 4513 
3328 1341 571 4514 
3329 571 1583 4514 
3330 1583 1341 4514 
3331 1672 1207 4515 
3332 1207 2026 4515 
3333 2026 1672 4515 
3334 1805 1214 4516 
3335 1214 3301 4516 
3336 3301 1805 4516 
3337 1217 872 4517 
3338 872 3158 4517 
3339 3158 1217 4517 
3340 2388 440 4518 
3341 440 3195 4518 
3342 3195 2388 4518 
3343 110 1175 4519 
3344 1175 2455 4519 
3345 2455 110 4519 
3346 2989 694 4520 
3347 694 3261 4520 
3348 3261 2989 4520 
3349 1489 674 4521 
3350 674 1546 4521 
3351 1546 1489 4521 
3352 678 1489 4522 
3353 1489 1546 4522 
3354 1546 678 4522 
3355 1561 1144 4523 
3356 1144 2096 4523 
3357 2096 1561 4523 
3358 1493 2949 4524 
3359 2949 3214 4524 
3360 3214 1493 4524 
3361 1748 458 4525 
3362 458 2390 4525 
3363 2390 1748 4525 
3364 1095 1748 4526 
3365 1748 2390 4526 
3366 2390 1095 4526 
3367 1260 517 4527 
3368 517 3219 4527 
3369 3219 1260 4527 
3370 1208 363 4528 
3371 363 2806 4528 
3372 2806 1208 4528 
3373 1180 281 4529 
3374 281 1949 4529 
3375 1949 1180 4529 
3376 1881 408 4530 
3377 408 2408 4530 
3378 2408 1881 4530 
3379 1176 397 4531 
3380 397 2100 4531 
3381 2100 1176 4531 
3382 1477 566 4532 
3383 566 3015 4532 
3384 3015 1477 4532 
3385 892 1417 4533 
3386 1417 3019 4533 
3387 3019 892 4533 
3388 1148 2298 4534 
3389 2298 2932 4534 
3390 2932 1148 4534 
3391 1591 868 4535 
3392 868 2627 4535 
3393 2627 1591 4535 
3394 1233 2464 4536 
3395 2464 2967 4536 
3396 2967 1233 4536 
3397 567 1462 4537 
3398 1462 1942 4537 
3399 1942 567 4537 
3400 303 1529 4538 
3401 1529 3238 4538 
3402 3238 303 4538 
3403 1567 398 4539 
3404 398 2015 4539 
3405 2015 1567 4539 
3406 848 1567 4540 
3407 1567 2015 4540 
3408 2015 848 4540 
3409 2044 1766 4541 
3410 1766 3365 4541 
3411 3365 2044 4541 
3412 1508 1288 4542 
3413 1288 3174 4542 
3414 3174 1508 4542 
3415 2321 774 4543 
3416 774 2654 4543 
3417 2654 2321 4543 
3418 1848 300 4544 
3419 300 2098 4544 
3420 2098 1848 4544 
3421 281 1180 4545 
3422 1180 3236 4545 
3423 3236 281 4545 
3424 25 26 4546 
3425 26 1423 4546 
3426 1423 25 4546 
3427 127 1348 4547 
3428 1348 2564 4547 
3429 2564 127 4547 
3430 360 1265 4548 
3431 1265 2668 4548 
3432 2668 360 4548 
3433 1200 664 4549 
3434 664 2324 4549 
3435 2324 1200 4549 
3436 1494 197 4550 
3437 197 1821 4550 
3438 1821 1494 4550 
3439 984 2485 4551 
3440 2485 2545 4551 
3441 2545 984 4551 
3442 3127 1298 4552 
3443 1298 3387 4552 
3444 3387 3127 4552 
3445 634 1364 4553 
3446 1364 1621 4553 
3447 1621 634 4553 
3448 1635 1216 4554 
3449 1216 2934 4554 
3450 2934 1635 4554 
3451 613 1331 4555 
3452 1331 2009 4555 
3453 2009 613 4555 
3454 886 1762 4556 
3455 1762 2071 4556 
3456 2071 886 4556 
3457 1267 659 4557 
3458 659 1889 4557 
3459 1889 1267 4557 
3460 1687 2344 4558 
3461 2344 2937 4558 
3462 2937 1687 4558 
3463 747 1649 4559 
3464 1649 1899 4559 
3465 1899 747 4559 
3466 1649 833 4560 
3467 833 1899 4560 
3468 1899 1649 4560 
3469 1246 887 4561 
3470 887 2801 4561 
3471 2801 1246 4561 
3472 1617 377 4562 
3473 377 2231 4562 
3474 2231 1617 4562 
3475 266 1298 4563 
3476 1298 3127 4563 
3477 3127 266 4563 
3478 614 1635 4564 
3479 1635 2934 4564 
3480 2934 614 4564 
3481 1328 1873 4565 
3482 1873 3037 4565 
3483 3037 1328 4565 
3484 2186 1975 4566 
3485 1975 3477 4566 
3486 3477 2186 4566 
3487 1303 2191 4567 
3488 2191 3070 4567 
3489 3070 1303 4567 
3490 1186 188 4568 
3491 188 2001 4568 
3492 2001 1186 4568 
3493 1373 1114 4569 
3494 1114 3247 4569 
3495 3247 1373 4569 
3496 259 260 4570 
3497 260 1564 4570 
3498 1564 259 4570 
3499 1325 665 4571 
3500 665 1615 4571 
3501 1615 1325 4571 
3502 132 1443 4572 
3503 1443 2966 4572 
3504 2966 132 4572 
3505 1183 465 4573 
3506 465 2675 4573 
3507 2675 1183 4573 
3508 530 1200 4574 
3509 1200 2324 4574 
3510 2324 530 4574 
3511 196 197 4575 
3512 197 1494 4575 
3513 1494 196 4575 
3514 356 1194 4576 
3515 1194 3395 4576 
3516 3395 356 4576 
3517 1425 616 4577 
3518 616 1530 4577 
3519 1530 1425 4577 
3520 1840 1306 4578 
3521 1306 3000 4578 
3522 3000 1840 4578 
3523 1324 447 4579 
3524 447 2210 4579 
3525 2210 1324 4579 
3526 188 1186 4580 
3527 1186 3130 4580 
3528 3130 188 4580 
3529 1837 980 4581 
3530 980 2705 4581 
3531 2705 1837 4581 
3532 209 210 4582 
3533 210 2082 4582 
3534 2082 209 4582 
3535 1107 1595 4583 
3536 1595 2959 4583 
3537 2959 1107 4583 
3538 1569 2140 4584 
3539 2140 2868 4584 
3540 2868 1569 4584 
3541 693 1273 4585 
3542 1273 3164 4585 
3543 3164 693 4585 
3544 1459 1031 4586 
3545 1031 2918 4586 
3546 2918 1459 4586 
3547 1874 791 4587 
3548 791 2599 4587 
3549 2599 1874 4587 
3550 1148 2200 4588 
3551 2200 2298 4588 
3552 2298 1148 4588 
3553 1201 661 4589 
3554 661 2242 4589 
3555 2242 1201 4589 
3556 1957 819 4590 
3557 819 2308 4590 
3558 2308 1957 4590 
3559 129 130 4591 
3560 130 1633 4591 
3561 1633 129 4591 
3562 330 1188 4592 
3563 1188 2260 4592 
3564 2260 330 4592 
3565 810 1859 4593 
3566 1859 1928 4593 
3567 1928 810 4593 
3568 748 1363 4594 
3569 1363 1597 4594 
3570 1597 748 4594 
3571 623 1394 4595 
3572 1394 1745 4595 
3573 1745 623 4595 
3574 933 1612 4596 
3575 1612 2704 4596 
3576 2704 933 4596 
3577 792 1324 4597 
3578 1324 2210 4597 
3579 2210 792 4597 
3580 1376 265 4598 
3581 265 1576 4598 
3582 1576 1376 4598 
3583 486 1759 4599 
3584 1759 1898 4599 
3585 1898 486 4599 
3586 1705 524 4600 
3587 524 2460 4600 
3588 2460 1705 4600 
3589 422 1682 4601 
3590 1682 2297 4601 
3591 2297 422 4601 
3592 1682 997 4602 
3593 997 2297 4602 
3594 2297 1682 4602 
3595 2200 378 4603 
3596 378 2298 4603 
3597 2298 2200 4603 
3598 626 1426 4604 
3599 1426 1674 4604 
3600 1674 626 4604 
3601 767 1361 4605 
3602 1361 2165 4605 
3603 2165 767 4605 
3604 1612 1119 4606 
3605 1119 2704 4606 
3606 2704 1612 4606 
3607 1000 1579 4607 
3608 1579 2862 4607 
3609 2862 1000 4607 
3610 612 1628 4608 
3611 1628 2017 4608 
3612 2017 612 4608 
3613 906 1196 4609 
3614 1196 3036 4609 
3615 3036 906 4609 
3616 449 1878 4610 
3617 1878 3255 4610 
3618 3255 449 4610 
3619 1187 722 4611 
3620 722 2194 4611 
3621 2194 1187 4611 
3622 1203 561 4612 
3623 561 3372 4612 
3624 3372 1203 4612 
3625 1245 2507 4613 
3626 2507 2533 4613 
3627 2533 1245 4613 
3628 1396 360 4614 
3629 360 1887 4614 
3630 1887 1396 4614 
3631 1581 772 4615 
3632 772 1849 4615 
3633 1849 1581 4615 
3634 1363 1746 4616 
3635 1746 2441 4616 
3636 2441 1363 4616 
3637 1341 1583 4617 
3638 1583 2769 4617 
3639 2769 1341 4617 
3640 550 1860 4618 
3641 1860 2454 4618 
3642 2454 550 4618 
3643 1860 1195 4619 
3644 1195 2454 4619 
3645 2454 1860 4619 
3646 1665 486 4620 
3647 486 3099 4620 
3648 3099 1665 4620 
3649 1536 344 4621 
3650 344 2922 4621 
3651 2922 1536 4621 
3652 908 1580 4622 
3653 1580 2441 4622 
3654 2441 908 4622 
3655 379 1514 4623 
3656 1514 2238 4623 
3657 2238 379 4623 
3658 322 1390 4624 
3659 1390 2563 4624 
3660 2563 322 4624 
3661 1390 912 4625 
3662 912 2563 4625 
3663 2563 1390 4625 
3664 1261 1665 4626 
3665 1665 3099 4626 
3666 3099 1261 4626 
3667 2000 703 4627 
3668 703 2200 4627 
3669 2200 2000 4627 
3670 603 1240 4628 
3671 1240 1772 4628 
3672 1772 603 4628 
3673 616 1425 4629 
3674 1425 2047 4629 
3675 2047 616 4629 
3676 17 18 4630 
3677 18 1466 4630 
3678 1466 17 4630 
3679 1759 871 4631 
3680 871 1898 4631 
3681 1898 1759 4631 
3682 1188 556 4632 
3683 556 2397 4632 
3684 2397 1188 4632 
3685 1511 267 4633 
3686 267 1612 4633 
3687 1612 1511 4633 
3688 1729 796 4634 
3689 796 1731 4634 
3690 1731 1729 4634 
3691 639 1729 4635 
3692 1729 1731 4635 
3693 1731 639 4635 
3694 566 2380 4636 
3695 2380 3015 4636 
3696 3015 566 4636 
3697 1215 710 4637 
3698 710 2440 4637 
3699 2440 1215 4637 
3700 1277 740 4638 
3701 740 2234 4638 
3702 2234 1277 4638 
3703 256 1432 4639 
3704 1432 2906 4639 
3705 2906 256 4639 
3706 1305 1495 4640 
3707 1495 2593 4640 
3708 2593 1305 4640 
3709 1291 283 4641 
3710 283 3039 4641 
3711 3039 1291 4641 
3712 712 1189 4642 
3713 1189 2082 4642 
3714 2082 712 4642 
3715 377 1706 4643 
3716 1706 2231 4643 
3717 2231 377 4643 
3718 644 1264 4644 
3719 1264 2880 4644 
3720 2880 644 4644 
3721 625 2967 4645 
3722 2967 3211 4645 
3723 3211 625 4645 
3724 1085 1690 4646 
3725 1690 2744 4646 
3726 2744 1085 4646 
3727 765 1632 4647 
3728 1632 2452 4647 
3729 2452 765 4647 
3730 574 1352 4648 
3731 1352 1747 4648 
3732 1747 574 4648 
3733 352 1179 4649 
3734 1179 1979 4649 
3735 1979 352 4649 
3736 767 1494 4650 
3737 1494 1742 4650 
3738 1742 767 4650 
3739 1494 706 4651 
3740 706 1742 4651 
3741 1742 1494 4651 
3742 635 1535 4652 
3743 1535 1536 4652 
3744 1536 635 4652 
3745 1535 701 4653 
3746 701 1536 4653 
3747 1536 1535 4653 
3748 654 1610 4654 
3749 1610 1893 4654 
3750 1893 654 4654 
3751 152 153 4655 
3752 153 1679 4655 
3753 1679 152 4655 
3754 1334 699 4656 
3755 699 2122 4656 
3756 2122 1334 4656 
3757 620 1819 4657 
3758 1819 2383 4657 
3759 2383 620 4657 
3760 965 1450 4658 
3761 1450 2903 4658 
3762 2903 965 4658 
3763 1240 603 4659 
3764 603 1786 4659 
3765 1786 1240 4659 
3766 1114 2650 4660 
3767 2650 3247 4660 
3768 3247 1114 4660 
3769 1359 572 4661 
3770 572 1800 4661 
3771 1800 1359 4661 
3772 2008 676 4662 
3773 676 2167 4662 
3774 2167 2008 4662 
3775 886 2071 4663 
3776 2071 2752 4663 
3777 2752 886 4663 
3778 604 2445 4664 
3779 2445 2784 4664 
3780 2784 604 4664 
3781 694 1511 4665 
3782 1511 1612 4665 
3783 1612 694 4665 
3784 696 1904 4666 
3785 1904 2616 4666 
3786 2616 696 4666 
3787 605 1835 4667 
3788 1835 2123 4667 
3789 2123 605 4667 
3790 251 1580 4668 
3791 1580 2787 4668 
3792 2787 251 4668 
3793 339 1248 4669 
3794 1248 2763 4669 
3795 2763 339 4669 
3796 1913 34 4670 
3797 34 2417 4670 
3798 2417 1913 4670 
3799 1604 654 4671 
3800 654 1893 4671 
3801 1893 1604 4671 
3802 839 1416 4672 
3803 1416 2318 4672 
3804 2318 839 4672 
3805 554 1476 4673 
3806 1476 3086 4673 
3807 3086 554 4673 
3808 2922 344 4674 
3809 344 2996 4674 
3810 2996 2922 4674 
3811 476 1445 4675 
3812 1445 1673 4675 
3813 1673 476 4675 
3814 1305 3168 4676 
3815 3168 3339 4676 
3816 3339 1305 4676 
3817 295 1274 4677 
3818 1274 3049 4677 
3819 3049 295 4677 
3820 1364 267 4678 
3821 267 1621 4678 
3822 1621 1364 4678 
3823 193 1214 4679 
3824 1214 2154 4679 
3825 2154 193 4679 
3826 705 1193 4680 
3827 1193 2320 4680 
3828 2320 705 4680 
3829 1596 3072 4681 
3830 3072 3417 4681 
3831 3417 1596 4681 
3832 582 1305 4682 
3833 1305 1765 4682 
3834 1765 582 4682 
3835 1417 2469 4683 
3836 2469 3019 4683 
3837 3019 1417 4683 
3838 1120 2008 4684 
3839 2008 2167 4684 
3840 2167 1120 4684 
3841 1371 781 4685 
3842 781 1602 4685 
3843 1602 1371 4685 
3844 753 1196 4686 
3845 1196 2036 4686 
3846 2036 753 4686 
3847 105 1803 4687 
3848 1803 2008 4687 
3849 2008 105 4687 
3850 454 1450 4688 
3851 1450 2770 4688 
3852 2770 454 4688 
3853 1242 2263 4689 
3854 2263 3322 4689 
3855 3322 1242 4689 
3856 1071 1378 4690 
3857 1378 2186 4690 
3858 2186 1071 4690 
3859 1300 1547 4691 
3860 1547 2989 4691 
3861 2989 1300 4691 
3862 2267 473 4692 
3863 473 2562 4692 
3864 2562 2267 4692 
3865 1184 1420 4693 
3866 1420 2611 4693 
3867 2611 1184 4693 
3868 2107 379 4694 
3869 379 2238 4694 
3870 2238 2107 4694 
3871 992 1797 4695 
3872 1797 2146 4695 
3873 2146 992 4695 
3874 1797 776 4696 
3875 776 2146 4696 
3876 2146 1797 4696 
3877 1196 753 4697 
3878 753 2066 4697 
3879 2066 1196 4697 
3880 1313 285 4698 
3881 285 2351 4698 
3882 2351 1313 4698 
3883 1521 588 4699 
3884 588 2960 4699 
3885 2960 1521 4699 
3886 1455 667 4700 
3887 667 2199 4700 
3888 2199 1455 4700 
3889 573 1367 4701 
3890 1367 1790 4701 
3891 1790 573 4701 
3892 1101 1791 4702 
3893 1791 2400 4702 
3894 2400 1101 4702 
3895 1791 308 4703 
3896 308 2400 4703 
3897 2400 1791 4703 
3898 1664 923 4704 
3899 923 2333 4704 
3900 2333 1664 4704 
3901 281 1271 4705 
3902 1271 2871 4705 
3903 2871 281 4705 
3904 1491 737 4706 
3905 737 1822 4706 
3906 1822 1491 4706 
3907 663 1386 4707 
3908 1386 1875 4707 
3909 1875 663 4707 
3910 1683 459 4708 
3911 459 2462 4708 
3912 2462 1683 4708 
3913 1057 1683 4709 
3914 1683 2462 4709 
3915 2462 1057 4709 
3916 1705 803 4710 
3917 803 1795 4710 
3918 1795 1705 4710 
3919 2447 974 4711 
3920 974 2753 4711 
3921 2753 2447 4711 
3922 481 2091 4712 
3923 2091 2722 4712 
3924 2722 481 4712 
3925 1028 2075 4713 
3926 2075 2570 4713 
3927 2570 1028 4713 
3928 1587 400 4714 
3929 400 1946 4714 
3930 1946 1587 4714 
3931 812 1587 4715 
3932 1587 1946 4715 
3933 1946 812 4715 
3934 1659 1150 4716 
3935 1150 3238 4716 
3936 3238 1659 4716 
3937 1041 1313 4717 
3938 1313 2351 4717 
3939 2351 1041 4717 
3940 1552 647 4718 
3941 647 3434 4718 
3942 3434 1552 4718 
3943 1836 2984 4719 
3944 2984 3432 4719 
3945 3432 1836 4719 
3946 1337 1059 4720 
3947 1059 3217 4720 
3948 3217 1337 4720 
3949 560 1337 4721 
3950 1337 3217 4721 
3951 3217 560 4721 
3952 1258 615 4722 
3953 615 1776 4722 
3954 1776 1258 4722 
3955 104 105 4723 
3956 105 2008 4723 
3957 2008 104 4723 
3958 1212 904 4724 
3959 904 2417 4724 
3960 2417 1212 4724 
3961 465 2727 4725 
3962 2727 3124 4725 
3963 3124 465 4725 
3964 670 1727 4726 
3965 1727 3168 4726 
3966 3168 670 4726 
3967 1276 837 4727 
3968 837 1833 4727 
3969 1833 1276 4727 
3970 1801 2512 4728 
3971 2512 3389 4728 
3972 3389 1801 4728 
3973 1069 2430 4729 
3974 2430 3396 4729 
3975 3396 1069 4729 
3976 1274 584 4730 
3977 584 2894 4730 
3978 2894 1274 4730 
3979 1583 1344 4731 
3980 1344 2044 4731 
3981 2044 1583 4731 
3982 612 1284 4732 
3983 1284 2119 4732 
3984 2119 612 4732 
3985 2507 802 4733 
3986 802 2533 4733 
3987 2533 2507 4733 
3988 1374 675 4734 
3989 675 1706 4734 
3990 1706 1374 4734 
3991 1295 637 4735 
3992 637 2874 4735 
3993 2874 1295 4735 
3994 574 2390 4736 
3995 2390 3268 4736 
3996 3268 574 4736 
3997 135 136 4737 
3998 136 1639 4737 
3999 1639 135 4737 
4000 1242 1642 4738 
4001 1642 3369 4738 
4002 3369 1242 4738 
4003 1245 674 4739 
4004 674 3216 4739 
4005 3216 1245 4739 
4006 2132 1175 4740 
4007 1175 2475 4740 
4008 2475 2132 4740 
4009 1382 594 4741 
4010 594 2431 4741 
4011 2431 1382 4741 
4012 1259 1928 4742 
4013 1928 3230 4742 
4014 3230 1259 4742 
4015 735 1396 4743 
4016 1396 1887 4743 
4017 1887 735 4743 
4018 1417 441 4744 
4019 441 1569 4744 
4020 1569 1417 4744 
4021 385 1705 4745 
4022 1705 1795 4745 
4023 1795 385 4745 
4024 377 1374 4746 
4025 1374 1706 4746 
4026 1706 377 4746 
4027 1836 683 4747 
4028 683 2984 4747 
4029 2984 1836 4747 
4030 2452 1632 4748 
4031 1632 3218 4748 
4032 3218 2452 4748 
4033 1087 1501 4749 
4034 1501 2907 4749 
4035 2907 1087 4749 
4036 651 1417 4750 
4037 1417 1569 4750 
4038 1569 651 4750 
4039 1171 2156 4751 
4040 2156 2638 4751 
4041 2638 1171 4751 
4042 30 31 4752 
4043 31 1504 4752 
4044 1504 30 4752 
4045 1315 266 4753 
4046 266 2739 4753 
4047 2739 1315 4753 
4048 911 1315 4754 
4049 1315 2739 4754 
4050 2739 911 4754 
4051 1190 2676 4755 
4052 2676 2821 4755 
4053 2821 1190 4755 
4054 1705 951 4756 
4055 951 2567 4756 
4056 2567 1705 4756 
4057 636 1252 4757 
4058 1252 2818 4757 
4059 2818 636 4757 
4060 1208 480 4758 
4061 480 2167 4758 
4062 2167 1208 4758 
4063 1254 835 4759 
4064 835 3472 4759 
4065 3472 1254 4759 
4066 1729 290 4760 
4067 290 1740 4760 
4068 1740 1729 4760 
4069 796 1729 4761 
4070 1729 1740 4761 
4071 1740 796 4761 
4072 493 1229 4762 
4073 1229 1842 4762 
4074 1842 493 4762 
4075 1834 1038 4763 
4076 1038 3008 4763 
4077 3008 1834 4763 
4078 264 1910 4764 
4079 1910 2683 4764 
4080 2683 264 4764 
4081 299 2489 4765 
4082 2489 2891 4765 
4083 2891 299 4765 
4084 700 1453 4766 
4085 1453 1698 4766 
4086 1698 700 4766 
4087 1963 494 4767 
4088 494 3221 4767 
4089 3221 1963 4767 
4090 632 1317 4768 
4091 1317 1700 4768 
4092 1700 632 4768 
4093 1148 2000 4769 
4094 2000 2200 4769 
4095 2200 1148 4769 
4096 1453 415 4770 
4097 415 1698 4770 
4098 1698 1453 4770 
4099 1476 1846 4771 
4100 1846 3086 4771 
4101 3086 1476 4771 
4102 1205 1963 4772 
4103 1963 3221 4772 
4104 3221 1205 4772 
4105 875 1316 4773 
4106 1316 2676 4773 
4107 2676 875 4773 
4108 1080 2116 4774 
4109 2116 2577 4774 
4110 2577 1080 4774 
4111 637 1295 4775 
4112 1295 2697 4775 
4113 2697 637 4775 
4114 1721 334 4776 
4115 334 2413 4776 
4116 2413 1721 4776 
4117 1053 1721 4777 
4118 1721 2413 4777 
4119 2413 1053 4777 
4120 1364 634 4778 
4121 634 1626 4778 
4122 1626 1364 4778 
4123 1388 586 4779 
4124 586 1995 4779 
4125 1995 1388 4779 
4126 1493 642 4780 
4127 642 2949 4780 
4128 2949 1493 4780 
4129 1711 876 4781 
4130 876 3284 4781 
4131 3284 1711 4781 
4132 472 2959 4782 
4133 2959 3358 4782 
4134 3358 472 4782 
4135 2322 1049 4783 
4136 1049 2387 4783 
4137 2387 2322 4783 
4138 1220 272 4784 
4139 272 3361 4784 
4140 3361 1220 4784 
4141 1072 1941 4785 
4142 1941 2133 4785 
4143 2133 1072 4785 
4144 1941 366 4786 
4145 366 2133 4786 
4146 2133 1941 4786 
4147 673 1912 4787 
4148 1912 2113 4787 
4149 2113 673 4787 
4150 1321 592 4788 
4151 592 1681 4788 
4152 1681 1321 4788 
4153 817 1708 4789 
4154 1708 2444 4789 
4155 2444 817 4789 
4156 1708 1062 4790 
4157 1062 2444 4790 
4158 2444 1708 4790 
4159 1223 1683 4791 
4160 1683 2282 4791 
4161 2282 1223 4791 
4162 384 1498 4792 
4163 1498 1752 4792 
4164 1752 384 4792 
4165 1698 415 4793 
4166 415 1985 4793 
4167 1985 1698 4793 
4168 826 1654 4794 
4169 1654 2140 4794 
4170 2140 826 4794 
4171 2170 620 4795 
4172 620 2383 4795 
4173 2383 2170 4795 
4174 2222 738 4796 
4175 738 2326 4796 
4176 2326 2222 4796 
4177 605 1345 4797 
4178 1345 3354 4797 
4179 3354 605 4797 
4180 432 1395 4798 
4181 1395 1618 4798 
4182 1618 432 4798 
4183 1509 931 4799 
4184 931 2995 4799 
4185 2995 1509 4799 
4186 508 1318 4800 
4187 1318 2025 4800 
4188 2025 508 4800 
4189 1869 1176 4801 
4190 1176 2913 4801 
4191 2913 1869 4801 
4192 1146 1896 4802 
4193 1896 3280 4802 
4194 3280 1146 4802 
4195 1687 618 4803 
4196 618 2344 4803 
4197 2344 1687 4803 
4198 1354 380 4804 
4199 380 3078 4804 
4200 3078 1354 4804 
4201 834 1336 4805 
4202 1336 3104 4805 
4203 3104 834 4805 
4204 383 1491 4806 
4205 1491 1822 4806 
4206 1822 383 4806 
4207 144 145 4807 
4208 145 3025 4807 
4209 3025 144 4807 
4210 1211 503 4808 
4211 503 2018 4808 
4212 2018 1211 4808 
4213 1124 1624 4809 
4214 1624 2763 4809 
4215 2763 1124 4809 
4216 1624 339 4810 
4217 339 2763 4810 
4218 2763 1624 4810 
4219 809 1766 4811 
4220 1766 2044 4811 
4221 2044 809 4811 
4222 160 161 4812 
4223 161 1966 4812 
4224 1966 160 4812 
4225 1375 588 4813 
4226 588 3134 4813 
4227 3134 1375 4813 
4228 301 1343 4814 
4229 1343 2372 4814 
4230 2372 301 4814 
4231 742 1227 4815 
4232 1227 2241 4815 
4233 2241 742 4815 
4234 1112 2272 4816 
4235 2272 3487 4816 
4236 3487 1112 4816 
4237 593 1910 4817 
4238 1910 2120 4817 
4239 2120 593 4817 
4240 1269 352 4818 
4241 352 2844 4818 
4242 2844 1269 4818 
4243 676 1208 4819 
4244 1208 2167 4819 
4245 2167 676 4819 
4246 495 1271 4820 
4247 1271 2466 4820 
4248 2466 495 4820 
4249 1664 2333 4821 
4250 2333 2981 4821 
4251 2981 1664 4821 
4252 1187 2194 4822 
4253 2194 2661 4822 
4254 2661 1187 4822 
4255 1808 1360 4823 
4256 1360 2293 4823 
4257 2293 1808 4823 
4258 400 1601 4824 
4259 1601 1946 4824 
4260 1946 400 4824 
4261 1601 813 4825 
4262 813 1946 4825 
4263 1946 1601 4825 
4264 1905 1258 4826 
4265 1258 3420 4826 
4266 3420 1905 4826 
4267 1814 345 4827 
4268 345 2445 4827 
4269 2445 1814 4827 
4270 1128 1814 4828 
4271 1814 2445 4828 
4272 2445 1128 4828 
4273 1910 1139 4829 
4274 1139 2683 4829 
4275 2683 1910 4829 
4276 2954 1185 4830 
4277 1185 3074 4830 
4278 3074 2954 4830 
4279 299 1669 4831 
4280 1669 1999 4831 
4281 1999 299 4831 
4282 462 2132 4832 
4283 2132 2475 4832 
4284 2475 462 4832 
4285 303 1283 4833 
4286 1283 1779 4833 
4287 1779 303 4833 
4288 1283 652 4834 
4289 652 1779 4834 
4290 1779 1283 4834 
4291 900 1918 4835 
4292 1918 2323 4835 
4293 2323 900 4835 
4294 2224 1767 4836 
4295 1767 2690 4836 
4296 2690 2224 4836 
4297 1743 380 4837 
4298 380 2058 4837 
4299 2058 1743 4837 
4300 2342 320 4838 
4301 320 2865 4838 
4302 2865 2342 4838 
4303 927 1743 4839 
4304 1743 2058 4839 
4305 2058 927 4839 
4306 778 1444 4840 
4307 1444 1715 4840 
4308 1715 778 4840 
4309 809 1562 4841 
4310 1562 2145 4841 
4311 2145 809 4841 
4312 1818 700 4842 
4313 700 1971 4842 
4314 1971 1818 4842 
4315 1671 759 4843 
4316 759 1696 4843 
4317 1696 1671 4843 
4318 920 1818 4844 
4319 1818 1971 4844 
4320 1971 920 4844 
4321 971 1443 4845 
4322 1443 1726 4845 
4323 1726 971 4845 
4324 684 1300 4846 
4325 1300 1735 4846 
4326 1735 684 4846 
4327 578 1778 4847 
4328 1778 1959 4847 
4329 1959 578 4847 
4330 329 1211 4848 
4331 1211 2498 4848 
4332 2498 329 4848 
4333 1396 735 4849 
4334 735 2115 4849 
4335 2115 1396 4849 
4336 902 2314 4850 
4337 2314 2827 4850 
4338 2827 902 4850 
4339 1882 610 4851 
4340 610 2451 4851 
4341 2451 1882 4851 
4342 618 1676 4852 
4343 1676 2742 4852 
4344 2742 618 4852 
4345 531 1435 4853 
4346 1435 2104 4853 
4347 2104 531 4853 
4348 1504 533 4854 
4349 533 3320 4854 
4350 3320 1504 4854 
4351 189 190 4855 
4352 190 1482 4855 
4353 1482 189 4855 
4354 1737 907 4856 
4355 907 2718 4856 
4356 2718 1737 4856 
4357 1366 874 4857 
4358 874 2975 4857 
4359 2975 1366 4857 
4360 1827 469 4858 
4361 469 2399 4858 
4362 2399 1827 4858 
4363 319 1369 4859 
4364 1369 2319 4859 
4365 2319 319 4859 
4366 752 1244 4860 
4367 1244 2253 4860 
4368 2253 752 4860 
4369 64 65 4861 
4370 65 1429 4861 
4371 1429 64 4861 
4372 665 1671 4862 
4373 1671 1696 4862 
4374 1696 665 4862 
4375 1214 193 4863 
4376 193 2916 4863 
4377 2916 1214 4863 
4378 2354 1825 4864 
4379 1825 3199 4864 
4380 3199 2354 4864 
4381 1564 979 4865 
4382 979 2807 4865 
4383 2807 1564 4865 
4384 878 1804 4866 
4385 1804 2448 4866 
4386 2448 878 4866 
4387 1520 646 4867 
4388 646 1633 4867 
4389 1633 1520 4867 
4390 1520 971 4868 
4391 971 1757 4868 
4392 1757 1520 4868 
4393 646 1520 4869 
4394 1520 1757 4869 
4395 1757 646 4869 
4396 1279 642 4870 
4397 642 2091 4870 
4398 2091 1279 4870 
4399 78 79 4871 
4400 79 2226 4871 
4401 2226 78 4871 
4402 779 1287 4872 
4403 1287 2317 4872 
4404 2317 779 4872 
4405 1280 895 4873 
4406 895 2843 4873 
4407 2843 1280 4873 
4408 519 1280 4874 
4409 1280 2843 4874 
4410 2843 519 4874 
4411 789 1767 4875 
4412 1767 2224 4875 
4413 2224 789 4875 
4414 386 1755 4876 
4415 1755 2064 4876 
4416 2064 386 4876 
4417 1755 936 4877 
4418 936 2064 4877 
4419 2064 1755 4877 
4420 1213 730 4878 
4421 730 2141 4878 
4422 2141 1213 4878 
4423 1676 1164 4879 
4424 1164 2742 4879 
4425 2742 1676 4879 
4426 1469 984 4880 
4427 984 2545 4880 
4428 2545 1469 4880 
4429 1221 619 4881 
4430 619 1967 4881 
4431 1967 1221 4881 
4432 2156 496 4882 
4433 496 2638 4882 
4434 2638 2156 4882 
4435 658 1269 4883 
4436 1269 2844 4883 
4437 2844 658 4883 
4438 1596 268 4884 
4439 268 3072 4884 
4440 3072 1596 4884 
4441 1352 574 4885 
4442 574 3268 4885 
4443 3268 1352 4885 
4444 1228 363 4886 
4445 363 1929 4886 
4446 1929 1228 4886 
4447 2194 498 4887 
4448 498 2661 4887 
4449 2661 2194 4887 
4450 2536 271 4888 
4451 271 2842 4888 
4452 2842 2536 4888 
4453 637 1350 4889 
4454 1350 2874 4889 
4455 2874 637 4889 
4456 736 1387 4890 
4457 1387 2178 4890 
4458 2178 736 4890 
4459 469 1827 4891 
4460 1827 3367 4891 
4461 3367 469 4891 
4462 501 1311 4892 
4463 1311 1711 4892 
4464 1711 501 4892 
4465 354 1262 4893 
4466 1262 1834 4893 
4467 1834 354 4893 
4468 1702 977 4894 
4469 977 2266 4894 
4470 2266 1702 4894 
4471 305 1543 4895 
4472 1543 2814 4895 
4473 2814 305 4895 
4474 1458 8 4896 
4475 8 2793 4896 
4476 2793 1458 4896 
4477 1690 622 4897 
4478 622 2744 4897 
4479 2744 1690 4897 
4480 508 2025 4898 
4481 2025 3327 4898 
4482 3327 508 4898 
4483 2727 678 4899 
4484 678 2974 4899 
4485 2974 2727 4899 
4486 4 5 4900 
4487 5 1551 4900 
4488 1551 4 4900 
4489 322 1338 4901 
4490 1338 2541 4901 
4491 2541 322 4901 
4492 1338 858 4902 
4493 858 2541 4902 
4494 2541 1338 4902 
4495 1620 1509 4903 
4496 1509 2995 4903 
4497 2995 1620 4903 
4498 715 1256 4904 
4499 1256 2071 4904 
4500 2071 715 4904 
4501 1256 499 4905 
4502 499 2071 4905 
4503 2071 1256 4905 
4504 140 141 4906 
4505 141 1817 4906 
4506 1817 140 4906 
4507 956 1432 4907 
4508 1432 1657 4907 
4509 1657 956 4907 
4510 1331 613 4908 
4511 613 1719 4908 
4512 1719 1331 4908 
4513 1324 631 4909 
4514 631 2174 4909 
4515 2174 1324 4909 
4516 1838 97 4910 
4517 97 3146 4910 
4518 3146 1838 4910 
4519 1343 823 4911 
4520 823 2372 4911 
4521 2372 1343 4911 
4522 362 1523 4912 
4523 1523 1863 4912 
4524 1863 362 4912 
4525 1523 758 4913 
4526 758 1863 4913 
4527 1863 1523 4913 
4528 1276 1833 4914 
4529 1833 2677 4914 
4530 2677 1276 4914 
4531 1276 658 4915 
4532 658 2844 4915 
4533 2844 1276 4915 
4534 769 1257 4916 
4535 1257 1848 4916 
4536 1848 769 4916 
4537 2374 1223 4917 
4538 1223 2813 4917 
4539 2813 2374 4917 
4540 515 2531 4918 
4541 2531 3016 4918 
4542 3016 515 4918 
4543 783 2374 4919 
4544 2374 2813 4919 
4545 2813 783 4919 
4546 323 1761 4920 
4547 1761 2232 4920 
4548 2232 323 4920 
4549 1778 897 4921 
4550 897 1959 4921 
4551 1959 1778 4921 
4552 1218 739 4922 
4553 739 2262 4922 
4554 2262 1218 4922 
4555 1312 651 4923 
4556 651 3170 4923 
4557 3170 1312 4923 
4558 1471 581 4924 
4559 581 1956 4924 
4560 1956 1471 4924 
4561 713 1563 4925 
4562 1563 2102 4925 
4563 2102 713 4925 
4564 697 1702 4926 
4565 1702 2266 4926 
4566 2266 697 4926 
4567 163 164 4927 
4568 164 1484 4927 
4569 1484 163 4927 
4570 757 1172 4928 
4571 1172 2523 4928 
4572 2523 757 4928 
4573 2092 1026 4929 
4574 1026 2996 4929 
4575 2996 2092 4929 
4576 2510 414 4930 
4577 414 3228 4930 
4578 3228 2510 4930 
4579 832 1249 4931 
4580 1249 2612 4931 
4581 2612 832 4931 
4582 1421 671 4932 
4583 671 1970 4932 
4584 1970 1421 4932 
4585 550 1505 4933 
4586 1505 1860 4933 
4587 1860 550 4933 
4588 1505 802 4934 
4589 802 1860 4934 
4590 1860 1505 4934 
4591 1316 514 4935 
4592 514 2676 4935 
4593 2676 1316 4935 
4594 540 1703 4936 
4595 1703 2782 4936 
4596 2782 540 4936 
4597 7 1458 4937 
4598 1458 1758 4937 
4599 1758 7 4937 
4600 1411 649 4938 
4601 649 2080 4938 
4602 2080 1411 4938 
4603 1405 589 4939 
4604 589 1915 4939 
4605 1915 1405 4939 
4606 143 1355 4940 
4607 1355 1896 4940 
4608 1896 143 4940 
4609 502 1220 4941 
4610 1220 2328 4941 
4611 2328 502 4941 
4612 1824 443 4942 
4613 443 2443 4942 
4614 2443 1824 4942 
4615 1407 1028 4943 
4616 1028 3007 4943 
4617 3007 1407 4943 
4618 558 1407 4944 
4619 1407 3007 4944 
4620 3007 558 4944 
4621 2025 1239 4945 
4622 1239 3327 4945 
4623 3327 2025 4945 
4624 512 1236 4946 
4625 1236 2526 4946 
4626 2526 512 4946 
4627 710 1215 4947 
4628 1215 2691 4947 
4629 2691 710 4947 
4630 233 1422 4948 
4631 1422 2618 4948 
4632 2618 233 4948 
4633 2197 348 4949 
4634 348 2986 4949 
4635 2986 2197 4949 
4636 907 1220 4950 
4637 1220 2718 4950 
4638 2718 907 4950 
4639 985 1291 4951 
4640 1291 2193 4951 
4641 2193 985 4951 
4642 1984 1631 4952 
4643 1631 3487 4952 
4644 3487 1984 4952 
4645 1298 1375 4953 
4646 1375 3387 4953 
4647 3387 1298 4953 
4648 606 1508 4954 
4649 1508 3174 4954 
4650 3174 606 4954 
4651 165 166 4955 
4652 166 1506 4955 
4653 1506 165 4955 
4654 880 1975 4956 
4655 1975 2186 4956 
4656 2186 880 4956 
4657 1229 678 4957 
4658 678 2349 4957 
4659 2349 1229 4957 
4660 1329 465 4958 
4661 465 1914 4958 
4662 1914 1329 4958 
4663 885 1329 4959 
4664 1329 1914 4959 
4665 1914 885 4959 
4666 1443 133 4960 
4667 133 1789 4960 
4668 1789 1443 4960 
4669 205 206 4961 
4670 206 1446 4961 
4671 1446 205 4961 
4672 1388 1078 4962 
4673 1078 3208 4962 
4674 3208 1388 4962 
4675 586 1388 4963 
4676 1388 3208 4963 
4677 3208 586 4963 
4678 414 2021 4964 
4679 2021 3228 4964 
4680 3228 414 4964 
4681 1778 426 4965 
4682 426 2150 4965 
4683 2150 1778 4965 
4684 130 131 4966 
4685 131 1520 4966 
4686 1520 130 4966 
4687 729 1223 4967 
4688 1223 2041 4967 
4689 2041 729 4967 
4690 1355 143 4968 
4691 143 3025 4968 
4692 3025 1355 4968 
4693 1244 752 4969 
4694 752 2584 4969 
4695 2584 1244 4969 
4696 629 1432 4970 
4697 1432 1717 4970 
4698 1717 629 4970 
4699 702 1227 4971 
4700 1227 2837 4971 
4701 2837 702 4971 
4702 1780 1063 4972 
4703 1063 3191 4972 
4704 3191 1780 4972 
4705 533 1504 4973 
4706 1504 2832 4973 
4707 2832 533 4973 
4708 1458 624 4974 
4709 624 1758 4974 
4710 1758 1458 4974 
4711 986 1282 4975 
4712 1282 2836 4975 
4713 2836 986 4975 
4714 1824 2443 4976 
4715 2443 3107 4976 
4716 3107 1824 4976 
4717 148 149 4977 
4718 149 1452 4977 
4719 1452 148 4977 
4720 1811 1016 4978 
4721 1016 2698 4978 
4722 2698 1811 4978 
4723 704 1437 4979 
4724 1437 1764 4979 
4725 1764 704 4979 
4726 1437 336 4980 
4727 336 1764 4980 
4728 1764 1437 4980 
4729 1411 605 4981 
4730 605 3354 4981 
4731 3354 1411 4981 
4732 1375 1468 4982 
4733 1468 3387 4982 
4734 3387 1375 4982 
4735 1237 2247 4983 
4736 2247 2811 4983 
4737 2811 1237 4983 
4738 753 1393 4984 
4739 1393 2920 4984 
4740 2920 753 4984 
4741 403 1533 4985 
4742 1533 1968 4985 
4743 1968 403 4985 
4744 1496 393 4986 
4745 393 1899 4986 
4746 1899 1496 4986 
4747 833 1496 4987 
4748 1496 1899 4987 
4749 1899 833 4987 
4750 1377 635 4988 
4751 635 2557 4988 
4752 2557 1377 4988 
4753 1850 913 4989 
4754 913 2871 4989 
4755 2871 1850 4989 
4756 320 1321 4990 
4757 1321 2901 4990 
4758 2901 320 4990 
4759 1321 943 4991 
4760 943 2901 4991 
4761 2901 1321 4991 
4762 481 1469 4992 
4763 1469 1890 4992 
4764 1890 481 4992 
4765 674 1245 4993 
4766 1245 2359 4993 
4767 2359 674 4993 
4768 1653 408 4994 
4769 408 3154 4994 
4770 3154 1653 4994 
4771 1243 2727 4995 
4772 2727 2974 4995 
4773 2974 1243 4995 
4774 675 1519 4996 
4775 1519 1777 4996 
4776 1777 675 4996 
4777 1271 1850 4997 
4778 1850 2871 4997 
4779 2871 1271 4997 
4780 1622 1068 4998 
4781 1068 2589 4998 
4782 2589 1622 4998 
4783 1222 740 4999 
4784 740 2270 4999 
4785 2270 1222 4999 
4786 1469 481 5000 
4787 481 2722 5000 
4788 2722 1469 5000 
4789 984 1469 5001 
4790 1469 2722 5001 
4791 2722 984 5001 
4792 1105 2222 5002 
4793 2222 2326 5002 
4794 2326 1105 5002 
4795 1221 502 5003 
4796 502 2208 5003 
4797 2208 1221 5003 
4798 1252 1653 5004 
4799 1653 3154 5004 
4800 3154 1252 5004 
4801 520 1351 5005 
4802 1351 1839 5005 
4803 1839 520 5005 
4804 1351 688 5006 
4805 688 1839 5006 
4806 1839 1351 5006 
4807 1233 597 5007 
4808 597 2464 5007 
4809 2464 1233 5007 
4810 1108 1987 5008 
4811 1987 2817 5008 
4812 2817 1108 5008 
4813 642 1279 5009 
4814 1279 2144 5009 
4815 2144 642 5009 
4816 1290 1603 5010 
4817 1603 2929 5010 
4818 2929 1290 5010 
4819 167 1656 5011 
4820 1656 2936 5011 
4821 2936 167 5011 
4822 479 2101 5012 
4823 2101 3377 5012 
4824 3377 479 5012 
4825 1534 467 5013 
4826 467 1591 5013 
4827 1591 1534 5013 
4828 542 1371 5014 
4829 1371 3273 5014 
4830 3273 542 5014 
4831 615 1258 5015 
4832 1258 1905 5015 
4833 1905 615 5015 
4834 1578 294 5016 
4835 294 2004 5016 
4836 2004 1578 5016 
4837 816 1578 5017 
4838 1578 2004 5017 
4839 2004 816 5017 
4840 9 10 5018 
4841 10 1519 5018 
4842 1519 9 5018 
4843 653 1544 5019 
4844 1544 1948 5019 
4845 1948 653 5019 
4846 1557 867 5020 
4847 867 2520 5020 
4848 2520 1557 5020 
4849 1269 658 5021 
4850 658 1986 5021 
4851 1986 1269 5021 
4852 1811 440 5022 
4853 440 2388 5022 
4854 2388 1811 5022 
4855 311 1615 5023 
4856 1615 2750 5023 
4857 2750 311 5023 
4858 1639 1017 5024 
4859 1017 2859 5024 
4860 2859 1639 5024 
4861 837 1276 5025 
4862 1276 2590 5025 
4863 2590 837 5025 
4864 680 1261 5026 
4865 1261 1979 5026 
4866 1979 680 5026 
4867 1451 815 5027 
4868 815 3178 5027 
4869 3178 1451 5027 
4870 1065 1882 5028 
4871 1882 2451 5028 
4872 2451 1065 5028 
4873 607 1963 5029 
4874 1963 2943 5029 
4875 2943 607 5029 
4876 1459 1570 5030 
4877 1570 2479 5030 
4878 2479 1459 5030 
4879 1023 1381 5031 
4880 1381 1792 5031 
4881 1792 1023 5031 
4882 1619 1072 5032 
4883 1072 2635 5032 
4884 2635 1619 5032 
4885 177 1327 5033 
4886 1327 1978 5033 
4887 1978 177 5033 
4888 1419 1660 5034 
4889 1660 3311 5034 
4890 3311 1419 5034 
4891 1572 3325 5035 
4892 3325 3366 5035 
4893 3366 1572 5035 
4894 2503 506 5036 
4895 506 2702 5036 
4896 2702 2503 5036 
4897 1297 2177 5037 
4898 2177 2500 5037 
4899 2500 1297 5037 
4900 577 1447 5038 
4901 1447 1634 5038 
4902 1634 577 5038 
4903 1460 523 5039 
4904 523 2873 5039 
4905 2873 1460 5039 
4906 2598 1852 5040 
4907 1852 3085 5040 
4908 3085 2598 5040 
4909 1197 864 5041 
4910 864 2398 5041 
4911 2398 1197 5041 
4912 1232 539 5042 
4913 539 2779 5042 
4914 2779 1232 5042 
4915 2059 434 5043 
4916 434 2371 5043 
4917 2371 2059 5043 
4918 1206 1302 5044 
4919 1302 2997 5044 
4920 2997 1206 5044 
4921 53 1540 5045 
4922 1540 2103 5045 
4923 2103 53 5045 
4924 365 1555 5046 
4925 1555 1993 5046 
4926 1993 365 5046 
4927 396 1646 5047 
4928 1646 1856 5047 
4929 1856 396 5047 
4930 179 180 5048 
4931 180 1461 5048 
4932 1461 179 5048 
4933 1381 392 5049 
4934 392 1792 5049 
4935 1792 1381 5049 
4936 160 1966 5050 
4937 1966 2574 5050 
4938 2574 160 5050 
4939 85 1346 5051 
4940 1346 2161 5051 
4941 2161 85 5051 
4942 2004 587 5052 
4943 587 2437 5052 
4944 2437 2004 5052 
4945 381 1226 5053 
4946 1226 2201 5053 
4947 2201 381 5053 
4948 271 1464 5054 
4949 1464 1732 5054 
4950 1732 271 5054 
4951 1464 698 5055 
4952 698 1732 5055 
4953 1732 1464 5055 
4954 351 1320 5056 
4955 1320 1771 5056 
4956 1771 351 5056 
4957 659 1267 5057 
4958 1267 2711 5057 
4959 2711 659 5057 
4960 810 2653 5058 
4961 2653 3232 5058 
4962 3232 810 5058 
4963 633 1475 5059 
4964 1475 1611 5059 
4965 1611 633 5059 
4966 1265 611 5060 
4967 611 2668 5060 
4968 2668 1265 5060 
4969 2650 1296 5061 
4970 1296 3247 5061 
4971 3247 2650 5061 
4972 1480 903 5062 
4973 903 2053 5062 
4974 2053 1480 5062 
4975 539 1232 5063 
4976 1232 3184 5063 
4977 3184 539 5063 
4978 235 236 5064 
4979 236 1490 5064 
4980 1490 235 5064 
4981 1259 591 5065 
4982 591 1928 5065 
4983 1928 1259 5065 
4984 1266 901 5066 
4985 901 2794 5066 
4986 2794 1266 5066 
4987 1275 679 5067 
4988 679 1922 5067 
4989 1922 1275 5067 
4990 1233 625 5068 
4991 625 2583 5068 
4992 2583 1233 5068 
4993 488 1675 5069 
4994 1675 1797 5069 
4995 1797 488 5069 
4996 1675 776 5070 
4997 776 1797 5070 
4998 1797 1675 5070 
4999 1641 616 5071 
5000 616 2047 5071 
5001 2047 1641 5071 
5002 1380 1091 5072 
5003 1091 2278 5072 
5004 2278 1380 5072 
5005 2321 1351 5073 
5006 1351 2980 5073 
5007 2980 2321 5073 
5008 122 1426 5074 
5009 1426 2178 5074 
5010 2178 122 5074 
5011 647 1398 5075 
5012 1398 1856 5075 
5013 1856 647 5075 
5014 1254 713 5076 
5015 713 2334 5076 
5016 2334 1254 5076 
5017 1316 875 5077 
5018 875 2839 5077 
5019 2839 1316 5077 
5020 1293 671 5078 
5021 671 3058 5078 
5022 3058 1293 5078 
5023 1114 1373 5079 
5024 1373 3345 5079 
5025 3345 1114 5079 
5026 679 1530 5080 
5027 1530 2048 5080 
5028 2048 679 5080 
5029 1347 367 5081 
5030 367 2717 5081 
5031 2717 1347 5081 
5032 828 1554 5082 
5033 1554 2571 5082 
5034 2571 828 5082 
5035 1973 827 5083 
5036 827 2138 5083 
5037 2138 1973 5083 
5038 1529 1204 5084 
5039 1204 2626 5084 
5040 2626 1529 5084 
5041 1702 1381 5085 
5042 1381 3053 5085 
5043 3053 1702 5085 
5044 916 1228 5086 
5045 1228 2614 5086 
5046 2614 916 5086 
5047 1228 498 5087 
5048 498 2287 5087 
5049 2287 1228 5087 
5050 1432 629 5088 
5051 629 1657 5088 
5052 1657 1432 5088 
5053 1833 854 5089 
5054 854 2677 5089 
5055 2677 1833 5089 
5056 1427 348 5090 
5057 348 2893 5090 
5058 2893 1427 5090 
5059 1222 1608 5091 
5060 1608 2560 5091 
5061 2560 1222 5091 
5062 1801 952 5092 
5063 952 2512 5092 
5064 2512 1801 5092 
5065 295 1457 5093 
5066 1457 2007 5093 
5067 2007 295 5093 
5068 605 1624 5094 
5069 1624 2101 5094 
5070 2101 605 5094 
5071 2035 743 5095 
5072 743 2536 5095 
5073 2536 2035 5095 
5074 286 1368 5096 
5075 1368 1709 5096 
5076 1709 286 5096 
5077 691 2075 5097 
5078 2075 2721 5097 
5079 2721 691 5097 
5080 1303 655 5098 
5081 655 1997 5098 
5082 1997 1303 5098 
5083 1232 379 5099 
5084 379 2107 5099 
5085 2107 1232 5099 
5086 1342 687 5100 
5087 687 1888 5100 
5088 1888 1342 5100 
5089 1248 917 5101 
5090 917 2514 5101 
5091 2514 1248 5101 
5092 324 1277 5102 
5093 1277 2234 5102 
5094 2234 324 5102 
5095 1831 1303 5103 
5096 1303 3070 5103 
5097 3070 1831 5103 
5098 392 1381 5104 
5099 1381 1702 5104 
5100 1702 392 5104 
5101 257 258 5105 
5102 258 1717 5105 
5103 1717 257 5105 
5104 518 1805 5106 
5105 1805 3301 5106 
5106 3301 518 5106 
5107 799 1410 5107 
5108 1410 2330 5107 
5109 2330 799 5107 
5110 2742 568 5108 
5111 568 3483 5108 
5112 3483 2742 5108 
5113 562 1393 5109 
5114 1393 2036 5109 
5115 2036 562 5109 
5116 1393 753 5110 
5117 753 2036 5110 
5118 2036 1393 5110 
5119 78 1237 5111 
5120 1237 2355 5111 
5121 2355 78 5111 
5122 1504 31 5112 
5123 31 2791 5112 
5124 2791 1504 5112 
5125 1468 601 5113 
5126 601 3387 5113 
5127 3387 1468 5113 
5128 672 1568 5114 
5129 1568 1796 5114 
5130 1796 672 5114 
5131 641 1445 5115 
5132 1445 2233 5115 
5133 2233 641 5115 
5134 10 11 5116 
5135 11 1777 5116 
5136 1777 10 5116 
5137 242 1297 5117 
5138 1297 1832 5117 
5139 1832 242 5117 
5140 804 1534 5118 
5141 1534 1591 5118 
5142 1591 804 5118 
5143 38 39 5119 
5144 39 1560 5119 
5145 1560 38 5119 
5146 1250 601 5120 
5147 601 2773 5120 
5148 2773 1250 5120 
5149 721 1722 5121 
5150 1722 1752 5121 
5151 1752 721 5121 
5152 2967 1285 5122 
5153 1285 3211 5122 
5154 3211 2967 5122 
5155 1482 648 5123 
5156 648 2001 5123 
5157 2001 1482 5123 
5158 1651 577 5124 
5159 577 2084 5124 
5160 2084 1651 5124 
5161 1025 2045 5125 
5162 2045 3183 5125 
5163 3183 1025 5125 
5164 1061 2321 5126 
5165 2321 2654 5126 
5166 2654 1061 5126 
5167 382 1231 5127 
5168 1231 2681 5127 
5169 2681 382 5127 
5170 2349 307 5128 
5171 307 3003 5128 
5172 3003 2349 5128 
5173 374 2097 5129 
5174 2097 2176 5129 
5175 2176 374 5129 
5176 651 1373 5130 
5177 1373 3170 5130 
5178 3170 651 5130 
5179 385 1626 5131 
5180 1626 2591 5131 
5181 2591 385 5131 
5182 527 1831 5132 
5183 1831 3070 5132 
5184 3070 527 5132 
5185 457 2149 5133 
5186 2149 2552 5133 
5187 2552 457 5133 
5188 1658 1323 5134 
5189 1323 3459 5134 
5190 3459 1658 5134 
5191 1199 1855 5135 
5192 1855 2651 5135 
5193 2651 1199 5135 
5194 353 1658 5136 
5195 1658 3459 5136 
5196 3459 353 5136 
5197 1379 359 5137 
5198 359 3256 5137 
5199 3256 1379 5137 
5200 1224 2503 5138 
5201 2503 2702 5138 
5202 2702 1224 5138 
5203 167 168 5139 
5204 168 1656 5139 
5205 1656 167 5139 
5206 977 1702 5140 
5207 1702 3053 5140 
5208 3053 977 5140 
5209 1662 630 5141 
5210 630 2043 5141 
5211 2043 1662 5141 
5212 1373 551 5142 
5213 551 3170 5142 
5214 3170 1373 5142 
5215 413 1825 5143 
5216 1825 2354 5143 
5217 2354 413 5143 
5218 1578 816 5144 
5219 816 1593 5144 
5220 1593 1578 5144 
5221 727 1515 5145 
5222 1515 2896 5145 
5223 2896 727 5145 
5224 1404 1870 5146 
5225 1870 2394 5146 
5226 2394 1404 5146 
5227 1262 354 5147 
5228 354 2566 5147 
5229 2566 1262 5147 
5230 2264 909 5148 
5231 909 2299 5148 
5232 2299 2264 5148 
5233 300 1244 5149 
5234 1244 3048 5149 
5235 3048 300 5149 
5236 1508 606 5150 
5237 606 2138 5150 
5238 2138 1508 5150 
5239 1229 2349 5151 
5240 2349 3003 5151 
5241 3003 1229 5151 
5242 813 1601 5152 
5243 1601 1640 5152 
5244 1640 813 5152 
5245 2270 507 5153 
5246 507 2412 5153 
5247 2412 2270 5153 
5248 692 1840 5154 
5249 1840 3000 5154 
5250 3000 692 5154 
5251 1685 418 5155 
5252 418 3077 5155 
5253 3077 1685 5155 
5254 1254 1685 5156 
5255 1685 3077 5156 
5256 3077 1254 5156 
5257 1594 1129 5157 
5258 1129 2437 5157 
5259 2437 1594 5157 
5260 478 2115 5158 
5261 2115 2170 5158 
5262 2170 478 5158 
5263 761 1237 5159 
5264 1237 2226 5159 
5265 2226 761 5159 
5266 25 1423 5160 
5267 1423 2659 5160 
5268 2659 25 5160 
5269 2949 1013 5161 
5270 1013 3214 5161 
5271 3214 2949 5161 
5272 1553 1158 5162 
5273 1158 2380 5162 
5274 2380 1553 5162 
5275 1193 2515 5163 
5276 2515 3443 5163 
5277 3443 1193 5163 
5278 1311 417 5164 
5279 417 2851 5164 
5280 2851 1311 5164 
5281 1468 704 5165 
5282 704 2773 5165 
5283 2773 1468 5165 
5284 1274 295 5166 
5285 295 1935 5166 
5286 1935 1274 5166 
5287 2590 1276 5167 
5288 1276 2844 5167 
5289 2844 2590 5167 
5290 1754 316 5168 
5291 316 1767 5168 
5292 1767 1754 5168 
5293 789 1754 5169 
5294 1754 1767 5169 
5295 1767 789 5169 
5296 595 1454 5170 
5297 1454 2836 5170 
5298 2836 595 5170 
5299 1454 986 5171 
5300 986 2836 5171 
5301 2836 1454 5171 
5302 1432 956 5172 
5303 956 2906 5172 
5304 2906 1432 5172 
5305 1757 2976 5173 
5306 2976 3079 5173 
5307 3079 1757 5173 
5308 1647 997 5174 
5309 997 1682 5174 
5310 1682 1647 5174 
5311 599 1647 5175 
5312 1647 1682 5175 
5313 1682 599 5175 
5314 1222 2270 5176 
5315 2270 2412 5176 
5316 2412 1222 5176 
5317 713 1254 5177 
5318 1254 3077 5177 
5319 3077 713 5177 
5320 580 1509 5178 
5321 1509 1620 5178 
5322 1620 580 5178 
5323 372 1375 5179 
5324 1375 1736 5179 
5325 1736 372 5179 
5326 3168 371 5180 
5327 371 3339 5180 
5328 3339 3168 5180 
5329 1547 392 5181 
5330 392 2040 5181 
5331 2040 1547 5181 
5332 350 2088 5182 
5333 2088 2783 5182 
5334 2783 350 5182 
5335 655 1303 5183 
5336 1303 1831 5183 
5337 1831 655 5183 
5338 1143 1572 5184 
5339 1572 3366 5184 
5340 3366 1143 5184 
5341 2292 1871 5185 
5342 1871 3126 5185 
5343 3126 2292 5185 
5344 1297 243 5186 
5345 243 2177 5186 
5346 2177 1297 5186 
5347 1373 651 5187 
5348 651 2748 5187 
5349 2748 1373 5187 
5350 770 1984 5188 
5351 1984 3487 5188 
5352 3487 770 5188 
5353 532 1713 5189 
5354 1713 2612 5189 
5355 2612 532 5189 
5356 1443 971 5190 
5357 971 2966 5190 
5358 2966 1443 5190 
5359 607 1428 5191 
5360 1428 1963 5191 
5361 1963 607 5191 
5362 1384 290 5192 
5363 290 1988 5192 
5364 1988 1384 5192 
5365 1449 582 5193 
5366 582 1765 5193 
5367 1765 1449 5193 
5368 1313 1041 5194 
5369 1041 3041 5194 
5370 3041 1313 5194 
5371 1240 2678 5195 
5372 2678 3244 5195 
5373 3244 1240 5195 
5374 539 1288 5196 
5375 1288 2779 5196 
5376 2779 539 5196 
5377 545 1342 5197 
5378 1342 1888 5197 
5379 1888 545 5197 
5380 1450 573 5198 
5381 573 2903 5198 
5382 2903 1450 5198 
5383 1445 640 5199 
5384 640 1673 5199 
5385 1673 1445 5199 
5386 2115 1180 5200 
5387 1180 2170 5200 
5388 2170 2115 5200 
5389 1348 127 5201 
5390 127 2077 5201 
5391 2077 1348 5201 
5392 667 1753 5202 
5393 1753 2199 5202 
5394 2199 667 5202 
5395 1703 1197 5203 
5396 1197 2986 5203 
5397 2986 1703 5203 
5398 706 1494 5204 
5399 1494 1821 5204 
5400 1821 706 5204 
5401 1378 880 5205 
5402 880 2186 5205 
5403 2186 1378 5205 
5404 1543 999 5206 
5405 999 2814 5206 
5406 2814 1543 5206 
5407 1252 792 5207 
5408 792 2065 5207 
5409 2065 1252 5207 
5410 792 1252 5208 
5411 1252 3154 5208 
5412 3154 792 5208 
5413 1437 615 5209 
5414 615 2212 5209 
5415 2212 1437 5209 
5416 2101 1124 5210 
5417 1124 3377 5210 
5418 3377 2101 5210 
5419 2229 238 5211 
5420 238 2613 5211 
5421 2613 2229 5211 
5422 1579 592 5212 
5423 592 2862 5212 
5424 2862 1579 5212 
5425 317 2239 5213 
5426 2239 3204 5213 
5427 3204 317 5213 
5428 1936 1167 5214 
5429 1167 2896 5214 
5430 2896 1936 5214 
5431 1551 5 5215 
5432 5 2850 5215 
5433 2850 1551 5215 
5434 2430 552 5216 
5435 552 3396 5216 
5436 3396 2430 5216 
5437 3246 1202 5217 
5438 1202 3323 5217 
5439 3323 3246 5217 
5440 12 13 5218 
5441 13 1660 5218 
5442 1660 12 5218 
5443 1272 859 5219 
5444 859 2414 5219 
5445 2414 1272 5219 
5446 237 138 5220 
5447 138 2229 5220 
5448 2229 237 5220 
5449 138 238 5221 
5450 238 2229 5221 
5451 2229 138 5221 
5452 1533 857 5222 
5453 857 2151 5222 
5454 2151 1533 5222 
5455 2177 790 5223 
5456 790 2500 5223 
5457 2500 2177 5223 
5458 352 2590 5224 
5459 2590 2844 5224 
5460 2844 352 5224 
5461 90 1251 5225 
5462 1251 2365 5225 
5463 2365 90 5225 
5464 152 1679 5226 
5465 1679 2079 5226 
5466 2079 152 5226 
5467 1319 292 5227 
5468 292 1992 5227 
5469 1992 1319 5227 
5470 790 1796 5228 
5471 1796 2024 5228 
5472 2024 790 5228 
5473 713 1613 5229 
5474 1613 1614 5229 
5475 1614 713 5229 
5476 1613 670 5230 
5477 670 1614 5230 
5478 1614 1613 5230 
5479 835 1254 5231 
5480 1254 2669 5231 
5481 2669 835 5231 
5482 2650 1114 5232 
5483 1114 3215 5232 
5484 3215 2650 5232 
5485 2380 1158 5233 
5486 1158 3165 5233 
5487 3165 2380 5233 
5488 1293 506 5234 
5489 506 2503 5234 
5490 2503 1293 5234 
5491 1376 561 5235 
5492 561 2885 5235 
5493 2885 1376 5235 
5494 534 1281 5236 
5495 1281 3065 5236 
5496 3065 534 5236 
5497 599 1578 5237 
5498 1578 1593 5237 
5499 1593 599 5237 
5500 1285 698 5238 
5501 698 3211 5238 
5502 3211 1285 5238 
5503 527 1366 5239 
5504 1366 1831 5239 
5505 1831 527 5239 
5506 785 2019 5240 
5507 2019 2067 5240 
5508 2067 785 5240 
5509 1853 218 5241 
5510 218 2735 5241 
5511 2735 1853 5241 
5512 12 1660 5242 
5513 1660 2720 5242 
5514 2720 12 5242 
5515 1342 426 5243 
5516 426 3412 5243 
5517 3412 1342 5243 
5518 482 1289 5244 
5519 1289 2953 5244 
5520 2953 482 5244 
5521 341 3113 5245 
5522 3113 3173 5245 
5523 3173 341 5245 
5524 827 1508 5246 
5525 1508 2138 5246 
5526 2138 827 5246 
5527 374 1440 5247 
5528 1440 1868 5247 
5529 1868 374 5247 
5530 1440 719 5248 
5531 719 1868 5248 
5532 1868 1440 5248 
5533 1472 630 5249 
5534 630 1662 5249 
5535 1662 1472 5249 
5536 541 1642 5250 
5537 1642 3163 5250 
5538 3163 541 5250 
5539 954 1529 5251 
5540 1529 2626 5251 
5541 2626 954 5251 
5542 658 1854 5252 
5543 1854 2968 5252 
5544 2968 658 5252 
5545 744 1251 5253 
5546 1251 2188 5253 
5547 2188 744 5253 
5548 541 1389 5254 
5549 1389 3369 5254 
5550 3369 541 5254 
5551 348 1703 5255 
5552 1703 2986 5255 
5553 2986 348 5255 
5554 126 127 5256 
5555 127 2564 5256 
5556 2564 126 5256 
5557 336 3055 5257 
5558 3055 3175 5257 
5559 3175 336 5257 
5560 840 1481 5258 
5561 1481 1903 5258 
5562 1903 840 5258 
5563 1038 1834 5259 
5564 1834 3302 5259 
5565 3302 1038 5259 
5566 1557 394 5260 
5567 394 1937 5260 
5568 1937 1557 5260 
5569 863 1557 5261 
5570 1557 1937 5261 
5571 1937 863 5261 
5572 1783 538 5262 
5573 538 2799 5262 
5574 2799 1783 5262 
5575 2566 677 5263 
5576 677 2637 5263 
5577 2637 2566 5263 
5578 217 218 5264 
5579 218 1853 5264 
5580 1853 217 5264 
5581 423 1258 5265 
5582 1258 2867 5265 
5583 2867 423 5265 
5584 1433 870 5266 
5585 870 1923 5266 
5586 1923 1433 5266 
5587 887 1325 5267 
5588 1325 2801 5267 
5589 2801 887 5267 
5590 1280 519 5268 
5591 519 2409 5268 
5592 2409 1280 5268 
5593 821 1712 5269 
5594 1712 1908 5269 
5595 1908 821 5269 
5596 1712 730 5270 
5597 730 1908 5270 
5598 1908 1712 5270 
5599 1325 311 5271 
5600 311 2801 5271 
5601 2801 1325 5271 
5602 682 1409 5272 
5603 1409 1851 5272 
5604 1851 682 5272 
5605 341 1828 5273 
5606 1828 3113 5273 
5607 3113 341 5273 
5608 2263 775 5274 
5609 775 3382 5274 
5610 3382 2263 5274 
5611 321 1602 5275 
5612 1602 2147 5275 
5613 2147 321 5275 
5614 1457 295 5276 
5615 295 3049 5276 
5616 3049 1457 5276 
5617 738 1273 5277 
5618 1273 1994 5277 
5619 1994 738 5277 
5620 1256 279 5278 
5621 279 2368 5278 
5622 2368 1256 5278 
5623 584 1336 5279 
5624 1336 3076 5279 
5625 3076 584 5279 
5626 367 1415 5280 
5627 1415 2717 5280 
5628 2717 367 5280 
5629 698 1285 5281 
5630 1285 2687 5281 
5631 2687 698 5281 
5632 1652 669 5282 
5633 669 2955 5282 
5634 2955 1652 5282 
5635 362 1863 5283 
5636 1863 1919 5283 
5637 1919 362 5283 
5638 567 1942 5284 
5639 1942 3012 5284 
5640 3012 567 5284 
5641 666 1318 5285 
5642 1318 2539 5285 
5643 2539 666 5285 
5644 404 1273 5286 
5645 1273 2222 5286 
5646 2222 404 5286 
5647 1273 738 5287 
5648 738 2222 5287 
5649 2222 1273 5287 
5650 638 1659 5288 
5651 1659 3238 5288 
5652 3238 638 5288 
5653 1607 861 5289 
5654 861 2098 5289 
5655 2098 1607 5289 
5656 1736 1375 5290 
5657 1375 3134 5290 
5658 3134 1736 5290 
5659 228 1317 5291 
5660 1317 1906 5291 
5661 1906 228 5291 
5662 717 1319 5292 
5663 1319 1992 5292 
5664 1992 717 5292 
5665 1838 1202 5293 
5666 1202 3246 5293 
5667 3246 1838 5293 
5668 1454 1256 5294 
5669 1256 2368 5294 
5670 2368 1454 5294 
5671 897 1778 5295 
5672 1778 2150 5295 
5673 2150 897 5295 
5674 1476 554 5296 
5675 554 2205 5296 
5676 2205 1476 5296 
5677 814 1476 5297 
5678 1476 2205 5297 
5679 2205 814 5297 
5680 2145 1562 5298 
5681 1562 3129 5298 
5682 3129 2145 5298 
5683 292 1319 5299 
5684 1319 1854 5299 
5685 1854 292 5299 
5686 975 1558 5300 
5687 1558 2258 5300 
5688 2258 975 5300 
5689 912 1390 5301 
5690 1390 2049 5301 
5691 2049 912 5301 
5692 983 2797 5302 
5693 2797 3012 5302 
5694 3012 983 5302 
5695 1283 303 5303 
5696 303 2157 5303 
5697 2157 1283 5303 
5698 1761 323 5304 
5699 323 2532 5304 
5700 2532 1761 5304 
5701 1483 406 5305 
5702 406 2937 5305 
5703 2937 1483 5305 
5704 1301 682 5306 
5705 682 2804 5306 
5706 2804 1301 5306 
5707 359 1439 5307 
5708 1439 3256 5307 
5709 3256 359 5307 
5710 1257 769 5308 
5711 769 3450 5308 
5712 3450 1257 5308 
5713 1538 1055 5309 
5714 1055 2865 5309 
5715 2865 1538 5309 
5716 1317 632 5310 
5717 632 3314 5310 
5718 3314 1317 5310 
5719 615 1395 5311 
5720 1395 1776 5311 
5721 1776 615 5311 
5722 779 2095 5312 
5723 2095 2881 5312 
5724 2881 779 5312 
5725 2516 595 5313 
5726 595 3264 5313 
5727 3264 2516 5313 
5728 359 1304 5314 
5729 1304 2113 5314 
5730 2113 359 5314 
5731 2067 2019 5315 
5732 2019 3310 5315 
5733 3310 2067 5315 
5734 1888 687 5316 
5735 687 1936 5316 
5736 1936 1888 5316 
5737 551 1799 5317 
5738 1799 2166 5317 
5739 2166 551 5317 
5740 1218 2262 5318 
5741 2262 2392 5318 
5742 2392 1218 5318 
5743 294 1278 5319 
5744 1278 2004 5319 
5745 2004 294 5319 
5746 1896 1146 5320 
5747 1146 2878 5320 
5748 2878 1896 5320 
5749 1202 1838 5321 
5750 1838 3146 5321 
5751 3146 1202 5321 
5752 1963 1205 5322 
5753 1205 2943 5322 
5754 2943 1963 5322 
5755 1320 736 5323 
5756 736 2139 5323 
5757 2139 1320 5323 
5758 2097 1035 5324 
5759 1035 2176 5324 
5760 2176 2097 5324 
5761 1262 501 5325 
5762 501 2740 5325 
5763 2740 1262 5325 
5764 744 1812 5326 
5765 1812 1937 5326 
5766 1937 744 5326 
5767 1812 863 5327 
5768 863 1937 5327 
5769 1937 1812 5327 
5770 1741 1451 5328 
5771 1451 3178 5328 
5772 3178 1741 5328 
5773 1626 2022 5329 
5774 2022 2591 5329 
5775 2591 1626 5329 
5776 1385 2235 5330 
5777 2235 2719 5330 
5778 2719 1385 5330 
5779 548 1551 5331 
5780 1551 2985 5331 
5781 2985 548 5331 
5782 698 1294 5332 
5783 1294 3137 5332 
5784 3137 698 5332 
5785 1093 1410 5333 
5786 1410 1930 5333 
5787 1930 1093 5333 
5788 631 1324 5334 
5789 1324 2950 5334 
5790 2950 631 5334 
5791 1127 1912 5335 
5792 1912 3315 5335 
5793 3315 1127 5335 
5794 1761 898 5336 
5795 898 2232 5336 
5796 2232 1761 5336 
5797 928 1519 5337 
5798 1519 1785 5337 
5799 1785 928 5337 
5800 1273 1610 5338 
5801 1610 3164 5338 
5802 3164 1273 5338 
5803 1262 2566 5339 
5804 2566 2637 5339 
5805 2637 1262 5339 
5806 1519 675 5340 
5807 675 1785 5340 
5808 1785 1519 5340 
5809 2824 1483 5341 
5810 1483 2937 5341 
5811 2937 2824 5341 
5812 1362 659 5342 
5813 659 2337 5342 
5814 2337 1362 5342 
5815 1282 1651 5343 
5816 1651 3298 5343 
5817 3298 1282 5343 
5818 1651 363 5344 
5819 363 3298 5344 
5820 3298 1651 5344 
5821 772 1581 5345 
5822 1581 1630 5345 
5823 1630 772 5345 
5824 1581 329 5346 
5825 329 1630 5346 
5826 1630 1581 5346 
5827 504 1631 5347 
5828 1631 1984 5347 
5829 1984 504 5347 
5830 1854 1319 5348 
5831 1319 2968 5348 
5832 2968 1854 5348 
5833 2258 807 5349 
5834 807 2309 5349 
5835 2309 2258 5349 
5836 796 2322 5350 
5837 2322 2387 5350 
5838 2387 796 5350 
5839 889 1598 5351 
5840 1598 2301 5351 
5841 2301 889 5351 
5842 344 1829 5352 
5843 1829 2747 5352 
5844 2747 344 5352 
5845 1598 416 5353 
5846 416 2301 5353 
5847 2301 1598 5353 
5848 634 1621 5354 
5849 1621 1752 5354 
5850 1752 634 5354 
5851 154 155 5355 
5852 155 1670 5355 
5853 1670 154 5355 
5854 1353 524 5356 
5855 524 1909 5356 
5856 1909 1353 5356 
5857 2445 1153 5357 
5858 1153 2784 5357 
5859 2784 2445 5357 
5860 904 1913 5358 
5861 1913 2417 5358 
5862 2417 904 5358 
5863 372 2148 5359 
5864 2148 2158 5359 
5865 2158 372 5359 
5866 501 2637 5360 
5867 2637 3231 5360 
5868 3231 501 5360 
5869 1327 891 5361 
5870 891 2908 5361 
5871 2908 1327 5361 
5872 1553 1391 5362 
5873 1391 2277 5362 
5874 2277 1553 5362 
5875 2262 313 5363 
5876 313 2392 5363 
5877 2392 2262 5363 
5878 1050 1570 5364 
5879 1570 2268 5364 
5880 2268 1050 5364 
5881 1328 370 5365 
5882 370 1873 5365 
5883 1873 1328 5365 
5884 1947 312 5366 
5885 312 2689 5366 
5886 2689 1947 5366 
5887 1474 159 5367 
5888 159 2574 5367 
5889 2574 1474 5367 
5890 2727 1243 5368 
5891 1243 3124 5368 
5892 3124 2727 5368 
5893 1829 1203 5369 
5894 1203 2747 5369 
5895 2747 1829 5369 
5896 1754 2370 5370 
5897 2370 3111 5370 
5898 3111 1754 5370 
5899 658 1276 5371 
5900 1276 2677 5371 
5901 2677 658 5371 
5902 1999 1669 5372 
5903 1669 2833 5372 
5904 2833 1999 5372 
5905 254 255 5373 
5906 255 1542 5373 
5907 1542 254 5373 
5908 163 1484 5374 
5909 1484 1774 5374 
5910 1774 163 5374 
5911 1422 233 5375 
5912 233 2069 5375 
5913 2069 1422 5375 
5914 273 1640 5376 
5915 1640 2286 5376 
5916 2286 273 5376 
5917 71 72 5377 
5918 72 1524 5377 
5919 1524 71 5377 
5920 87 88 5378 
5921 88 1525 5378 
5922 1525 87 5378 
5923 1381 1023 5379 
5924 1023 3272 5379 
5925 3272 1381 5379 
5926 2104 1435 5380 
5927 1435 2958 5380 
5928 2958 2104 5380 
5929 1318 925 5381 
5930 925 2965 5381 
5931 2965 1318 5381 
5932 1176 2621 5382 
5933 2621 3263 5382 
5934 3263 1176 5382 
5935 1813 902 5383 
5936 902 2827 5383 
5937 2827 1813 5383 
5938 1358 751 5384 
5939 751 2259 5384 
5940 2259 1358 5384 
5941 2955 669 5385 
5942 669 3144 5385 
5943 3144 2955 5385 
5944 1485 361 5386 
5945 361 2795 5386 
5946 2795 1485 5386 
5947 432 1815 5387 
5948 1815 2764 5387 
5949 2764 432 5387 
5950 671 1368 5388 
5951 1368 3058 5388 
5952 3058 671 5388 
5953 1698 810 5389 
5954 810 3232 5389 
5955 3232 1698 5389 
5956 380 1864 5390 
5957 1864 3078 5390 
5958 3078 380 5390 
5959 378 1745 5391 
5960 1745 3374 5391 
5961 3374 378 5391 
5962 1733 732 5392 
5963 732 2055 5392 
5964 2055 1733 5392 
5965 1155 2424 5393 
5966 2424 2845 5393 
5967 2845 1155 5393 
5968 892 1888 5394 
5969 1888 1936 5394 
5970 1936 892 5394 
5971 1324 792 5395 
5972 792 1881 5395 
5973 1881 1324 5395 
5974 2357 390 5396 
5975 390 2726 5396 
5976 2726 2357 5396 
5977 2143 828 5397 
5978 828 2571 5397 
5979 2571 2143 5397 
5980 38 1560 5398 
5981 1560 3446 5398 
5982 3446 38 5398 
5983 1343 301 5399 
5984 301 3371 5399 
5985 3371 1343 5399 
5986 1745 1394 5400 
5987 1394 3374 5400 
5988 3374 1745 5400 
5989 2748 651 5401 
5990 651 2868 5401 
5991 2868 2748 5401 
5992 154 1670 5402 
5993 1670 2530 5402 
5994 2530 154 5402 
5995 754 2038 5403 
5996 2038 2296 5403 
5997 2296 754 5403 
5998 2038 1161 5404 
5999 1161 2296 5404 
6000 2296 2038 5404 
6001 1505 550 5405 
6002 550 2401 5405 
6003 2401 1505 5405 
6004 380 1354 5406 
6005 1354 2515 5406 
6006 2515 380 5406 
6007 1410 522 5407 
6008 522 2330 5407 
6009 2330 1410 5407 
6010 721 1265 5408 
6011 1265 2982 5408 
6012 2982 721 5408 
6013 1423 864 5409 
6014 864 2659 5409 
6015 2659 1423 5409 
6016 746 1278 5410 
6017 1278 2288 5410 
6018 2288 746 5410 
6019 1278 294 5411 
6020 294 2288 5411 
6021 2288 1278 5411 
6022 1356 187 5412 
6023 187 3130 5412 
6024 3130 1356 5412 
6025 643 1419 5413 
6026 1419 2642 5413 
6027 2642 643 5413 
6028 978 2289 5414 
6029 2289 2815 5414 
6030 2815 978 5414 
6031 1443 645 5415 
6032 645 1726 5415 
6033 1726 1443 5415 
6034 2676 514 5416 
6035 514 2821 5416 
6036 2821 2676 5416 
6037 2118 917 5417 
6038 917 2674 5417 
6039 2674 2118 5417 
6040 717 1374 5418 
6041 1374 1983 5418 
6042 1983 717 5418 
6043 569 1817 5419 
6044 1817 3281 5419 
6045 3281 569 5419 
6046 587 1278 5420 
6047 1278 2470 5420 
6048 2470 587 5420 
6049 763 1267 5421 
6050 1267 2230 5421 
6051 2230 763 5421 
6052 840 1871 5422 
6053 1871 2292 5422 
6054 2292 840 5422 
6055 2256 1675 5423 
6056 1675 2663 5423 
6057 2663 2256 5423 
6058 1784 574 5424 
6059 574 2206 5424 
6060 2206 1784 5424 
6061 1037 1974 5425 
6062 1974 2544 5425 
6063 2544 1037 5425 
6064 1007 2170 5426 
6065 2170 2383 5426 
6066 2383 1007 5426 
6067 1615 665 5427 
6068 665 1877 5427 
6069 1877 1615 5427 
6070 1499 371 5428 
6071 371 2185 5428 
6072 2185 1499 5428 
6073 403 1968 5429 
6074 1968 3029 5429 
6075 3029 403 5429 
6076 1757 421 5430 
6077 421 2976 5430 
6078 2976 1757 5430 
6079 2203 1183 5431 
6080 1183 2675 5431 
6081 2675 2203 5431 
6082 1681 970 5432 
6083 970 2529 5432 
6084 2529 1681 5432 
6085 1615 988 5433 
6086 988 2750 5433 
6087 2750 1615 5433 
6088 999 1815 5434 
6089 1815 2755 5434 
6090 2755 999 5434 
6091 1408 882 5435 
6092 882 2657 5435 
6093 2657 1408 5435 
6094 2102 1563 5436 
6095 1563 3224 5436 
6096 3224 2102 5436 
6097 655 1852 5437 
6098 1852 2598 5437 
6099 2598 655 5437 
6100 2020 814 5438 
6101 814 2757 5438 
6102 2757 2020 5438 
6103 1349 49 5439 
6104 49 1872 5439 
6105 1872 1349 5439 
6106 426 1342 5440 
6107 1342 3023 5440 
6108 3023 426 5440 
6109 2278 1091 5441 
6110 1091 2812 5441 
6111 2812 2278 5441 
6112 1686 636 5442 
6113 636 1701 5442 
6114 1701 1686 5442 
6115 314 1272 5443 
6116 1272 2245 5443 
6117 2245 314 5443 
6118 2224 973 5444 
6119 973 2269 5444 
6120 2269 2224 5444 
6121 1356 833 5445 
6122 833 2393 5445 
6123 2393 1356 5445 
6124 776 1675 5446 
6125 1675 2256 5446 
6126 2256 776 5446 
6127 777 2013 5447 
6128 2013 3142 5447 
6129 3142 777 5447 
6130 1831 1366 5448 
6131 1366 2975 5448 
6132 2975 1831 5448 
6133 895 1280 5449 
6134 1280 2586 5449 
6135 2586 895 5449 
6136 1273 693 5450 
6137 693 2553 5450 
6138 2553 1273 5450 
6139 1542 664 5451 
6140 664 2105 5451 
6141 2105 1542 5451 
6142 405 1408 5452 
6143 1408 2657 5452 
6144 2657 405 5452 
6145 567 1451 5453 
6146 1451 2624 5453 
6147 2624 567 5453 
6148 1374 377 5454 
6149 377 1983 5454 
6150 1983 1374 5454 
6151 452 1590 5455 
6152 1590 3156 5455 
6153 3156 452 5455 
6154 1277 324 5456 
6155 324 2895 5456 
6156 2895 1277 5456 
6157 1335 213 5457 
6158 213 2378 5457 
6159 2378 1335 5457 
6160 513 1301 5458 
6161 1301 2767 5458 
6162 2767 513 5458 
6163 1330 357 5459 
6164 357 3024 5459 
6165 3024 1330 5459 
6166 1088 2899 5460 
6167 2899 3173 5460 
6168 3173 1088 5460 
6169 1463 442 5461 
6170 442 2817 5461 
6171 2817 1463 5461 
6172 517 1885 5462 
6173 1885 2085 5462 
6174 2085 517 5462 
6175 1885 959 5463 
6176 959 2085 5463 
6177 2085 1885 5463 
6178 1799 926 5464 
6179 926 2166 5464 
6180 2166 1799 5464 
6181 1371 1602 5465 
6182 1602 3273 5465 
6183 3273 1371 5465 
6184 151 152 5466 
6185 152 2079 5466 
6186 2079 151 5466 
6187 740 1277 5467 
6188 1277 2270 5467 
6189 2270 740 5467 
6190 928 1458 5468 
6191 1458 2793 5468 
6192 2793 928 5468 
6193 1587 683 5469 
6194 683 1723 5469 
6195 1723 1587 5469 
6196 383 2464 5470 
6197 2464 3404 5470 
6198 3404 383 5470 
6199 1336 1935 5471 
6200 1935 3104 5471 
6201 3104 1336 5471 
6202 943 1321 5472 
6203 1321 2745 5472 
6204 2745 943 5472 
6205 1419 16 5473 
6206 16 2642 5473 
6207 2642 1419 5473 
6208 32 33 5474 
6209 33 1545 5474 
6210 1545 32 5474 
6211 876 1311 5475 
6212 1311 2851 5475 
6213 2851 876 5475 
6214 1424 1321 5476 
6215 1321 2342 5476 
6216 2342 1424 5476 
6217 364 1301 5477 
6218 1301 2804 5477 
6219 2804 364 5477 
6220 292 1303 5478 
6221 1303 1997 5478 
6222 1997 292 5478 
6223 285 1614 5479 
6224 1614 2351 5479 
6225 2351 285 5479 
6226 308 1791 5480 
6227 1791 1857 5480 
6228 1857 308 5480 
6229 1791 812 5481 
6230 812 1857 5481 
6231 1857 1791 5481 
6232 2156 1169 5482 
6233 1169 3148 5482 
6234 3148 2156 5482 
6235 384 1722 5483 
6236 1722 1749 5483 
6237 1749 384 5483 
6238 998 2245 5484 
6239 2245 3180 5484 
6240 3180 998 5484 
6241 910 1452 5485 
6242 1452 2601 5485 
6243 2601 910 5485 
6244 376 1451 5486 
6245 1451 1741 5486 
6246 1741 376 5486 
6247 1823 817 5487 
6248 817 2444 5487 
6249 2444 1823 5487 
6250 2255 777 5488 
6251 777 3142 5488 
6252 3142 2255 5488 
6253 633 1287 5489 
6254 1287 2789 5489 
6255 2789 633 5489 
6256 576 1401 5490 
6257 1401 2971 5490 
6258 2971 576 5490 
6259 1722 764 5491 
6260 764 1749 5491 
6261 1749 1722 5491 
6262 285 1313 5492 
6263 1313 2852 5492 
6264 2852 285 5492 
6265 1323 1658 5493 
6266 1658 2914 5493 
6267 2914 1323 5493 
6268 660 2607 5494 
6269 2607 3313 5494 
6270 3313 660 5494 
6271 1320 351 5495 
6272 351 2887 5495 
6273 2887 1320 5495 
6274 2382 773 5496 
6275 773 2728 5496 
6276 2728 2382 5496 
6277 856 1518 5497 
6278 1518 1720 5497 
6279 1720 856 5497 
6280 1518 556 5498 
6281 556 1720 5498 
6282 1720 1518 5498 
6283 1601 621 5499 
6284 621 1640 5499 
6285 1640 1601 5499 
6286 2515 1354 5500 
6287 1354 3443 5500 
6288 3443 2515 5500 
6289 1823 2444 5501 
6290 2444 2667 5501 
6291 2667 1823 5501 
6292 52 53 5502 
6293 53 2103 5502 
6294 2103 52 5502 
6295 475 2031 5503 
6296 2031 2272 5503 
6297 2272 475 5503 
6298 2031 1123 5504 
6299 1123 2272 5504 
6300 2272 2031 5504 
6301 2164 1246 5505 
6302 1246 2801 5505 
6303 2801 2164 5505 
6304 1096 1573 5506 
6305 1573 1770 5506 
6306 1770 1096 5506 
6307 1933 409 5507 
6308 409 2456 5507 
6309 2456 1933 5507 
6310 1099 1504 5508 
6311 1504 3320 5508 
6312 3320 1099 5508 
6313 1522 720 5509 
6314 720 3160 5509 
6315 3160 1522 5509 
6316 2052 424 5510 
6317 424 2090 5510 
6318 2090 2052 5510 
6319 110 111 5511 
6320 111 2155 5511 
6321 2155 110 5511 
6322 830 1686 5512 
6323 1686 1701 5512 
6324 1701 830 5512 
6325 232 233 5513 
6326 233 2618 5513 
6327 2618 232 5513 
6328 238 239 5514 
6329 239 2613 5514 
6330 2613 238 5514 
6331 506 1293 5515 
6332 1293 2760 5515 
6333 2760 506 5515 
6334 682 1316 5516 
6335 1316 2804 5516 
6336 2804 682 5516 
6337 2317 1287 5517 
6338 1287 3213 5517 
6339 3213 2317 5517 
6340 319 1574 5518 
6341 1574 2578 5518 
6342 2578 319 5518 
6343 912 2049 5519 
6344 2049 2220 5519 
6345 2220 912 5519 
6346 1910 870 5520 
6347 870 2120 5520 
6348 2120 1910 5520 
6349 708 1327 5521 
6350 1327 2057 5521 
6351 2057 708 5521 
6352 1520 131 5522 
6353 131 2966 5522 
6354 2966 1520 5522 
6355 926 1799 5523 
6356 1799 3131 5523 
6357 3131 926 5523 
6358 2245 1357 5524 
6359 1357 3180 5524 
6360 3180 2245 5524 
6361 1564 548 5525 
6362 548 2883 5525 
6363 2883 1564 5525 
6364 1573 571 5526 
6365 571 2480 5526 
6366 2480 1573 5526 
6367 1799 1299 5527 
6368 1299 3131 5527 
6369 3131 1799 5527 
6370 1302 537 5528 
6371 537 2929 5528 
6372 2929 1302 5528 
6373 1508 827 5529 
6374 827 2919 5529 
6375 2919 1508 5529 
6376 1326 560 5530 
6377 560 3217 5530 
6378 3217 1326 5530 
6379 635 1377 5531 
6380 1377 3195 5531 
6381 3195 635 5531 
6382 1847 613 5532 
6383 613 3153 5532 
6384 3153 1847 5532 
6385 1392 689 5533 
6386 689 2012 5533 
6387 2012 1392 5533 
6388 679 1400 5534 
6389 1400 3399 5534 
6390 3399 679 5534 
6391 1029 1794 5535 
6392 1794 2337 5535 
6393 2337 1029 5535 
6394 1403 594 5536 
6395 594 3324 5536 
6396 3324 1403 5536 
6397 702 1449 5537 
6398 1449 1765 5537 
6399 1765 702 5537 
6400 1355 673 5538 
6401 673 1896 5538 
6402 1896 1355 5538 
6403 791 1413 5539 
6404 1413 1950 5539 
6405 1950 791 5539 
6406 1482 190 5540 
6407 190 2684 5540 
6408 2684 1482 5540 
6409 1592 300 5541 
6410 300 3048 5541 
6411 3048 1592 5541 
6412 1265 360 5542 
6413 360 2216 5542 
6414 2216 1265 5542 
6415 613 2009 5543 
6416 2009 3153 5543 
6417 3153 613 5543 
6418 631 1514 5544 
6419 1514 2174 5544 
6420 2174 631 5544 
6421 369 1513 5545 
6422 1513 1737 5545 
6423 1737 369 5545 
6424 48 1349 5546 
6425 1349 2481 5546 
6426 2481 48 5546 
6427 659 1362 5547 
6428 1362 1889 5547 
6429 1889 659 5547 
6430 17 1466 5548 
6431 1466 2642 5548 
6432 2642 17 5548 
6433 1209 2197 5549 
6434 2197 2986 5549 
6435 2986 1209 5549 
6436 1944 769 5550 
6437 769 2050 5550 
6438 2050 1944 5550 
6439 165 1506 5551 
6440 1506 2427 5551 
6441 2427 165 5551 
6442 1931 478 5552 
6443 478 2170 5552 
6444 2170 1931 5552 
6445 2070 454 5553 
6446 454 2770 5553 
6447 2770 2070 5553 
6448 381 1389 5554 
6449 1389 2407 5554 
6450 2407 381 5554 
6451 1787 452 5555 
6452 452 3062 5555 
6453 3062 1787 5555 
6454 1628 612 5556 
6455 612 3083 5556 
6456 3083 1628 5556 
6457 876 1667 5557 
6458 1667 3271 5557 
6459 3271 876 5557 
6460 1190 1691 5558 
6461 1691 2676 5558 
6462 2676 1190 5558 
6463 2489 1042 5559 
6464 1042 2891 5559 
6465 2891 2489 5559 
6466 1484 825 5560 
6467 825 2291 5560 
6468 2291 1484 5560 
6469 617 1484 5561 
6470 1484 2291 5561 
6471 2291 617 5561 
6472 115 116 5562 
6473 116 1699 5562 
6474 1699 115 5562 
6475 2050 769 5563 
6476 769 2098 5563 
6477 2098 2050 5563 
6478 1799 551 5564 
6479 551 3247 5564 
6480 3247 1799 5564 
6481 597 1592 5565 
6482 1592 3056 5565 
6483 3056 597 5565 
6484 1342 545 5566 
6485 545 3051 5566 
6486 3051 1342 5566 
6487 1448 805 5567 
6488 805 1972 5567 
6489 1972 1448 5567 
6490 1314 362 5568 
6491 362 2815 5568 
6492 2815 1314 5568 
6493 1287 779 5569 
6494 779 2223 5569 
6495 2223 1287 5569 
6496 2161 753 5570 
6497 753 2920 5570 
6498 2920 2161 5570 
6499 94 1502 5571 
6500 1502 2679 5571 
6501 2679 94 5571 
6502 2431 594 5572 
6503 594 2997 5572 
6504 2997 2431 5572 
6505 410 2044 5573 
6506 2044 3365 5573 
6507 3365 410 5573 
6508 628 1648 5574 
6509 1648 2248 5574 
6510 2248 628 5574 
6511 673 1355 5575 
6512 1355 1912 5575 
6513 1912 673 5575 
6514 691 1751 5576 
6515 1751 2075 5576 
6516 2075 691 5576 
6517 186 1356 5577 
6518 1356 2393 5577 
6519 2393 186 5577 
6520 1316 364 5578 
6521 364 2804 5578 
6522 2804 1316 5578 
6523 1517 603 5579 
6524 603 2473 5579 
6525 2473 1517 5579 
6526 723 1353 5580 
6527 1353 1909 5580 
6528 1909 723 5580 
6529 1291 560 5581 
6530 560 2195 5581 
6531 2195 1291 5581 
6532 1328 878 5582 
6533 878 2872 5582 
6534 2872 1328 5582 
6535 704 1764 5583 
6536 1764 2773 5583 
6537 2773 704 5583 
6538 1579 1000 5584 
6539 1000 2855 5584 
6540 2855 1579 5584 
6541 2270 1277 5585 
6542 1277 2419 5585 
6543 2419 2270 5585 
6544 1091 1380 5586 
6545 1380 3479 5586 
6546 3479 1091 5586 
6547 346 1299 5587 
6548 1299 3471 5587 
6549 3471 346 5587 
6550 507 2270 5588 
6551 2270 2419 5588 
6552 2419 507 5588 
6553 2875 797 5589 
6554 797 2880 5589 
6555 2880 2875 5589 
6556 1162 2487 5590 
6557 2487 3225 5590 
6558 3225 1162 5590 
6559 1699 116 5591 
6560 116 2855 5591 
6561 2855 1699 5591 
6562 96 97 5592 
6563 97 1838 5592 
6564 1838 96 5592 
6565 3072 1096 5593 
6566 1096 3417 5593 
6567 3417 3072 5593 
6568 645 1443 5594 
6569 1443 1789 5594 
6570 1789 645 5594 
6571 1407 1941 5595 
6572 1941 2721 5595 
6573 2721 1407 5595 
6574 1339 2288 5596 
6575 2288 3177 5596 
6576 3177 1339 5596 
6577 1702 697 5597 
6578 697 2040 5597 
6579 2040 1702 5597 
6580 1466 643 5598 
6581 643 2642 5598 
6582 2642 1466 5598 
6583 20 24 5599 
6584 24 1599 5599 
6585 1599 20 5599 
6586 431 1681 5600 
6587 1681 2529 5600 
6588 2529 431 5600 
6589 360 2668 5601 
6590 2668 3388 5601 
6591 3388 360 5601 
6592 1691 1190 5602 
6593 1190 3014 5602 
6594 3014 1691 5602 
6595 1794 419 5603 
6596 419 2337 5603 
6597 2337 1794 5603 
6598 2003 582 5604 
6599 582 3424 5604 
6600 3424 2003 5604 
6601 683 1644 5605 
6602 1644 1723 5605 
6603 1723 683 5605 
6604 1327 708 5606 
6605 708 1978 5606 
6606 1978 1327 5606 
6607 674 1489 5607 
6608 1489 3216 5607 
6609 3216 674 5607 
6610 1007 1931 5608 
6611 1931 2170 5608 
6612 2170 1007 5608 
6613 356 1546 5609 
6614 1546 3176 5609 
6615 3176 356 5609 
6616 1296 1799 5610 
6617 1799 3247 5610 
6618 3247 1296 5610 
6619 671 1293 5611 
6620 1293 2503 5611 
6621 2503 671 5611 
6622 430 1522 5612 
6623 1522 2790 5612 
6624 2790 430 5612 
6625 688 1290 5613 
6626 1290 2313 5613 
6627 2313 688 5613 
6628 282 1691 5614 
6629 1691 3014 5614 
6630 3014 282 5614 
6631 1038 2142 5615 
6632 2142 3008 5615 
6633 3008 1038 5615 
6634 1414 663 5616 
6635 663 1828 5616 
6636 1828 1414 5616 
6637 452 1816 5617 
6638 1816 1927 5617 
6639 1927 452 5617 
6640 1816 844 5618 
6641 844 1927 5618 
6642 1927 1816 5618 
6643 2148 1015 5619 
6644 1015 2158 5619 
6645 2158 2148 5619 
6646 1636 1315 5620 
6647 1315 2596 5620 
6648 2596 1636 5620 
6649 1023 1409 5621 
6650 1409 3272 5621 
6651 3272 1023 5621 
6652 1680 641 5622 
6653 641 2233 5622 
6654 2233 1680 5622 
6655 266 1315 5623 
6656 1315 2786 5623 
6657 2786 266 5623 
6658 1311 501 5624 
6659 501 2648 5624 
6660 2648 1311 5624 
6661 829 1311 5625 
6662 1311 2648 5625 
6663 2648 829 5625 
6664 1425 679 5626 
6665 679 3399 5626 
6666 3399 1425 5626 
6667 557 2186 5627 
6668 2186 3477 5627 
6669 3477 557 5627 
6670 1147 1953 5628 
6671 1953 3062 5628 
6672 3062 1147 5628 
6673 939 1504 5629 
6674 1504 2791 5629 
6675 2791 939 5629 
6676 1987 696 5630 
6677 696 2817 5630 
6678 2817 1987 5630 
6679 2040 697 5631 
6680 697 3235 5631 
6681 3235 2040 5631 
6682 1398 396 5632 
6683 396 1856 5632 
6684 1856 1398 5632 
6685 1240 1786 5633 
6686 1786 2678 5633 
6687 2678 1240 5633 
6688 1656 1030 5634 
6689 1030 2936 5634 
6690 2936 1656 5634 
6691 2607 1364 5635 
6692 1364 3313 5635 
6693 3313 2607 5635 
6694 82 1531 5636 
6695 1531 2641 5636 
6696 2641 82 5636 
6697 1407 558 5637 
6698 558 1840 5637 
6699 1840 1407 5637 
6700 1301 364 5638 
6701 364 2032 5638 
6702 2032 1301 5638 
6703 1573 386 5639 
6704 386 1770 5639 
6705 1770 1573 5639 
6706 1299 346 5640 
6707 346 2831 5640 
6708 2831 1299 5640 
6709 1667 1808 5641 
6710 1808 3271 5641 
6711 3271 1667 5641 
6712 1623 921 5642 
6713 921 2301 5642 
6714 2301 1623 5642 
6715 416 1623 5643 
6716 1623 2301 5643 
6717 2301 416 5643 
6718 1403 388 5644 
6719 388 3340 5644 
6720 3340 1403 5644 
6721 1189 2074 5645 
6722 2074 2670 5645 
6723 2670 1189 5645 
6724 940 1460 5646 
6725 1460 2873 5646 
6726 2873 940 5646 
6727 342 1772 5647 
6728 1772 3198 5647 
6729 3198 342 5647 
6730 1351 520 5648 
6731 520 2980 5648 
6732 2980 1351 5648 
6733 1498 634 5649 
6734 634 1752 5649 
6735 1752 1498 5649 
6736 1573 2480 5650 
6737 2480 2732 5650 
6738 2732 1573 5650 
6739 1372 62 5651 
6740 62 2694 5651 
6741 2694 1372 5651 
6742 1411 291 5652 
6743 291 1835 5652 
6744 1835 1411 5652 
6745 725 1431 5653 
6746 1431 2081 5653 
6747 2081 725 5653 
6748 1077 1493 5654 
6749 1493 3172 5654 
6750 3172 1077 5654 
6751 1310 790 5655 
6752 790 3032 5655 
6753 3032 1310 5655 
6754 311 2164 5656 
6755 2164 2801 5656 
6756 2801 311 5656 
6757 597 1810 5657 
6758 1810 2464 5657 
6759 2464 597 5657 
6760 453 2006 5658 
6761 2006 2361 5658 
6762 2361 453 5658 
6763 556 1307 5659 
6764 1307 2397 5659 
6765 2397 556 5659 
6766 1810 1039 5660 
6767 1039 2464 5660 
6768 2464 1810 5660 
6769 583 1330 5661 
6770 1330 2838 5661 
6771 2838 583 5661 
6772 1081 1923 5662 
6773 1923 2381 5662 
6774 2381 1081 5662 
6775 1923 264 5663 
6776 264 2381 5663 
6777 2381 1923 5663 
6778 1887 360 5664 
6779 360 3388 5664 
6780 3388 1887 5664 
6781 1493 287 5665 
6782 287 3172 5665 
6783 3172 1493 5665 
6784 3190 1509 5666 
6785 1509 3249 5666 
6786 3249 3190 5666 
6787 1428 607 5667 
6788 607 3460 5667 
6789 3460 1428 5667 
6790 870 1910 5668 
6791 1910 1923 5668 
6792 1923 870 5668 
6793 1910 264 5669 
6794 264 1923 5669 
6795 1923 1910 5669 
6796 667 1522 5670 
6797 1522 1728 5670 
6798 1728 667 5670 
6799 1176 2100 5671 
6800 2100 2621 5671 
6801 2621 1176 5671 
6802 523 1460 5672 
6803 1460 2296 5672 
6804 2296 523 5672 
6805 1331 460 5673 
6806 460 2009 5673 
6807 2009 1331 5673 
6808 1788 1201 5674 
6809 1201 3267 5674 
6810 3267 1788 5674 
6811 391 1568 5675 
6812 1568 2396 5675 
6813 2396 391 5675 
6814 1365 1887 5676 
6815 1887 3388 5676 
6816 3388 1365 5676 
6817 649 1748 5677 
6818 1748 2080 5677 
6819 2080 649 5677 
6820 736 1320 5678 
6821 1320 2033 5678 
6822 2033 736 5678 
6823 1410 799 5679 
6824 799 2491 5679 
6825 2491 1410 5679 
6826 1773 298 5680 
6827 298 2765 5680 
6828 2765 1773 5680 
6829 2126 1208 5681 
6830 1208 2806 5681 
6831 2806 2126 5681 
6832 1173 2127 5682 
6833 2127 2283 5682 
6834 2283 1173 5682 
6835 2127 490 5683 
6836 490 2283 5683 
6837 2283 2127 5683 
6838 1399 650 5684 
6839 650 1867 5684 
6840 1867 1399 5684 
6841 1309 865 5685 
6842 865 2556 5685 
6843 2556 1309 5685 
6844 824 1819 5686 
6845 1819 2404 5686 
6846 2404 824 5686 
6847 1841 357 5687 
6848 357 3117 5687 
6849 3117 1841 5687 
6850 1309 1841 5688 
6851 1841 3117 5688 
6852 3117 1309 5688 
6853 1307 1512 5689 
6854 1512 2926 5689 
6855 2926 1307 5689 
6856 510 2310 5690 
6857 2310 2927 5690 
6858 2927 510 5690 
6859 1212 1687 5691 
6860 1687 2749 5691 
6861 2749 1212 5691 
6862 1658 629 5692 
6863 629 2914 5692 
6864 2914 1658 5692 
6865 1401 374 5693 
6866 374 1868 5693 
6867 1868 1401 5693 
6868 1540 614 5694 
6869 614 2103 5694 
6870 2103 1540 5694 
6871 117 118 5695 
6872 118 1579 5695 
6873 1579 117 5695 
6874 2207 849 5696 
6875 849 2407 5696 
6876 2407 2207 5696 
6877 143 144 5697 
6878 144 3025 5697 
6879 3025 143 5697 
6880 1897 711 5698 
6881 711 2628 5698 
6882 2628 1897 5698 
6883 1665 680 5699 
6884 680 1718 5699 
6885 1718 1665 5699 
6886 1626 385 5700 
6887 385 1795 5700 
6888 1795 1626 5700 
6889 1621 721 5701 
6890 721 1752 5701 
6891 1752 1621 5701 
6892 649 1411 5702 
6893 1411 3354 5702 
6894 3354 649 5702 
6895 191 192 5703 
6896 192 1629 5703 
6897 1629 191 5703 
6898 1995 586 5704 
6899 586 2888 5704 
6900 2888 1995 5704 
6901 1587 812 5705 
6902 812 1791 5705 
6903 1791 1587 5705 
6904 327 1509 5706 
6905 1509 3190 5706 
6906 3190 327 5706 
6907 1682 422 5707 
6908 422 3128 5707 
6909 3128 1682 5707 
6910 627 1528 5708 
6911 1528 2239 5708 
6912 2239 627 5708 
6913 1594 1492 5709 
6914 1492 2537 5709 
6915 2537 1594 5709 
6916 75 76 5710 
6917 76 1586 5710 
6918 1586 75 5710 
6919 212 1335 5711 
6920 1335 2010 5711 
6921 2010 212 5711 
6922 1318 666 5712 
6923 666 2025 5712 
6924 2025 1318 5712 
6925 1409 513 5713 
6926 513 3272 5713 
6927 3272 1409 5713 
6928 627 2239 5714 
6929 2239 3234 5714 
6930 3234 627 5714 
6931 201 1476 5715 
6932 1476 2546 5715 
6933 2546 201 5715 
6934 2151 323 5716 
6935 323 2232 5716 
6936 2232 2151 5716 
6937 1152 2151 5717 
6938 2151 2232 5717 
6939 2232 1152 5717 
6940 759 1671 5718 
6941 1671 1688 5718 
6942 1688 759 5718 
6943 1041 1305 5719 
6944 1305 2593 5719 
6945 2593 1041 5719 
6946 1139 1550 5720 
6947 1550 3406 5720 
6948 3406 1139 5720 
6949 360 1396 5721 
6950 1396 2216 5721 
6951 2216 360 5721 
6952 9 1519 5722 
6953 1519 2793 5722 
6954 2793 9 5722 
6955 325 1359 5723 
6956 1359 2933 5723 
6957 2933 325 5723 
6958 1359 905 5724 
6959 905 2933 5724 
6960 2933 1359 5724 
6961 368 1507 5725 
6962 1507 1954 5725 
6963 1954 368 5725 
6964 1288 1575 5726 
6965 1575 2779 5726 
6966 2779 1288 5726 
6967 642 1493 5727 
6968 1493 2091 5727 
6969 2091 642 5727 
6970 787 1665 5728 
6971 1665 1718 5728 
6972 1718 787 5728 
6973 1264 2875 5729 
6974 2875 2880 5729 
6975 2880 1264 5729 
6976 723 1477 5730 
6977 1477 1925 5730 
6978 1925 723 5730 
6979 363 1402 5731 
6980 1402 3298 5731 
6981 3298 363 5731 
6982 2288 294 5732 
6983 294 3177 5732 
6984 3177 2288 5732 
6985 6 7 5733 
6986 7 1758 5733 
6987 1758 6 5733 
6988 1940 3061 5734 
6989 3061 3155 5734 
6990 3155 1940 5734 
6991 668 1404 5735 
6992 1404 3302 5735 
6993 3302 668 5735 
6994 1671 483 5736 
6995 483 1688 5736 
6996 1688 1671 5736 
6997 1504 939 5737 
6998 939 2832 5737 
6999 2832 1504 5737 
7000 1798 695 5738 
7001 695 2976 5738 
7002 2976 1798 5738 
7003 1974 1014 5739 
7004 1014 2179 5739 
7005 2179 1974 5739 
7006 439 1974 5740 
7007 1974 2179 5740 
7008 2179 439 5740 
7009 350 2492 5741 
7010 2492 2715 5741 
7011 2715 350 5741 
7012 364 1316 5742 
7013 1316 2839 5742 
7014 2839 364 5742 
7015 1477 401 5743 
7016 401 1925 5743 
7017 1925 1477 5743 
7018 1341 869 5744 
7019 869 2858 5744 
7020 2858 1341 5744 
7021 1344 571 5745 
7022 571 3343 5745 
7023 3343 1344 5745 
7024 2688 1000 5746 
7025 1000 2862 5746 
7026 2862 2688 5746 
7027 2976 695 5747 
7028 695 2990 5747 
7029 2990 2976 5747 
7030 1337 560 5748 
7031 560 2825 5748 
7032 2825 1337 5748 
7033 963 1761 5749 
7034 1761 2532 5749 
7035 2532 963 5749 
7036 582 2003 5750 
7037 2003 3004 5750 
7038 3004 582 5750 
7039 1545 600 5751 
7040 600 2587 5751 
7041 2587 1545 5751 
7042 2512 480 5752 
7043 480 3389 5752 
7044 3389 2512 5752 
7045 633 1611 5753 
7046 1611 2112 5753 
7047 2112 633 5753 
7048 106 107 5754 
7049 107 1952 5754 
7050 1952 106 5754 
7051 699 1334 5755 
7052 1334 2127 5755 
7053 2127 699 5755 
7054 1368 286 5756 
7055 286 3058 5756 
7056 3058 1368 5756 
7057 1118 1435 5757 
7058 1435 3454 5757 
7059 3454 1118 5757 
7060 1435 531 5758 
7061 531 3454 5758 
7062 3454 1435 5758 
7063 447 1907 5759 
7064 1907 2210 5759 
7065 2210 447 5759 
7066 1344 809 5760 
7067 809 2044 5760 
7068 2044 1344 5760 
7069 1396 764 5761 
7070 764 2216 5761 
7071 2216 1396 5761 
7072 1560 1164 5762 
7073 1164 3446 5762 
7074 3446 1560 5762 
7075 619 1541 5763 
7076 1541 1737 5763 
7077 1737 619 5763 
7078 452 1787 5764 
7079 1787 1816 5764 
7080 1816 452 5764 
7081 1787 782 5765 
7082 782 1816 5765 
7083 1816 1787 5765 
7084 578 1365 5766 
7085 1365 3250 5766 
7086 3250 578 5766 
7087 270 1572 5767 
7088 1572 2604 5767 
7089 2604 270 5767 
7090 939 1545 5768 
7091 1545 2587 5768 
7092 2587 939 5768 
7093 1775 417 5769 
7094 417 2244 5769 
7095 2244 1775 5769 
7096 934 1775 5770 
7097 1775 2244 5770 
7098 2244 934 5770 
7099 935 1849 5771 
7100 1849 2129 5771 
7101 2129 935 5771 
7102 1849 772 5772 
7103 772 2129 5772 
7104 2129 1849 5772 
7105 733 1693 5773 
7106 1693 2051 5773 
7107 2051 733 5773 
7108 1306 558 5774 
7109 558 2517 5774 
7110 2517 1306 5774 
7111 1728 1522 5775 
7112 1522 3160 5775 
7113 3160 1728 5775 
7114 1122 1932 5776 
7115 1932 2656 5776 
7116 2656 1122 5776 
7117 1302 284 5777 
7118 284 2431 5777 
7119 2431 1302 5777 
7120 1644 741 5778 
7121 741 1723 5778 
7122 1723 1644 5778 
7123 398 2502 5779 
7124 2502 2928 5779 
7125 2928 398 5779 
7126 595 1402 5780 
7127 1402 3264 5780 
7128 3264 595 5780 
7129 745 1749 5781 
7130 1749 1965 5781 
7131 1965 745 5781 
7132 133 134 5782 
7133 134 1789 5782 
7134 1789 133 5782 
7135 833 1356 5783 
7136 1356 2703 5783 
7137 2703 833 5783 
7138 1685 1254 5784 
7139 1254 3472 5784 
7140 3472 1685 5784 
7141 1585 598 5785 
7142 598 2005 5785 
7143 2005 1585 5785 
7144 574 1747 5786 
7145 1747 2206 5786 
7146 2206 574 5786 
7147 521 3220 5787 
7148 3220 3265 5787 
7149 3265 521 5787 
7150 112 28 5788 
7151 28 2373 5788 
7152 2373 112 5788 
7153 28 114 5789 
7154 114 2373 5789 
7155 2373 28 5789 
7156 1267 1889 5790 
7157 1889 2230 5790 
7158 2230 1267 5790 
7159 1907 990 5791 
7160 990 2210 5791 
7161 2210 1907 5791 
7162 1922 679 5792 
7163 679 2048 5792 
7164 2048 1922 5792 
7165 935 1922 5793 
7166 1922 2048 5793 
7167 2048 935 5793 
7168 1325 887 5794 
7169 887 2665 5794 
7170 2665 1325 5794 
7171 2122 325 5795 
7172 325 2933 5795 
7173 2933 2122 5795 
7174 699 1879 5796 
7175 1879 2122 5796 
7176 2122 699 5796 
7177 964 1551 5797 
7178 1551 2850 5797 
7179 2850 964 5797 
7180 1315 911 5798 
7181 911 2596 5798 
7182 2596 1315 5798 
7183 737 1692 5799 
7184 1692 1822 5799 
7185 1822 737 5799 
7186 1692 760 5800 
7187 760 1822 5800 
7188 1822 1692 5800 
7189 1931 745 5801 
7190 745 1965 5801 
7191 1965 1931 5801 
7192 1307 708 5802 
7193 708 2397 5802 
7194 2397 1307 5802 
7195 1257 3240 5803 
7196 3240 3308 5803 
7197 3308 1257 5803 
7198 412 1657 5804 
7199 1657 2350 5804 
7200 2350 412 5804 
7201 1627 362 5805 
7202 362 1919 5805 
7203 1919 1627 5805 
7204 1158 2382 5806 
7205 2382 2728 5806 
7206 2728 1158 5806 
7207 1643 633 5807 
7208 633 2112 5807 
7209 2112 1643 5807 
7210 877 1699 5808 
7211 1699 2688 5808 
7212 2688 877 5808 
7213 400 1587 5809 
7214 1587 1723 5809 
7215 1723 400 5809 
7216 842 1332 5810 
7217 1332 2243 5810 
7218 2243 842 5810 
7219 2006 1047 5811 
7220 1047 2361 5811 
7221 2361 2006 5811 
7222 1412 555 5812 
7223 555 3416 5812 
7224 3416 1412 5812 
7225 2475 877 5813 
7226 877 2688 5813 
7227 2688 2475 5813 
7228 15 2671 5814 
7229 2671 3453 5814 
7230 3453 15 5814 
7231 1927 844 5815 
7232 844 2389 5815 
7233 2389 1927 5815 
7234 2445 604 5816 
7235 604 3467 5816 
7236 3467 2445 5816 
7237 681 1441 5817 
7238 1441 2184 5817 
7239 2184 681 5817 
7240 625 1537 5818 
7241 1537 2917 5818 
7242 2917 625 5818 
7243 1334 2122 5819 
7244 2122 2933 5819 
7245 2933 1334 5819 
7246 1944 2050 5820 
7247 2050 3321 5820 
7248 3321 1944 5820 
7249 2201 798 5821 
7250 798 2338 5821 
7251 2338 2201 5821 
7252 1361 767 5822 
7253 767 2386 5822 
7254 2386 1361 5822 
7255 430 2054 5823 
7256 2054 2302 5823 
7257 2302 430 5823 
7258 731 1582 5824 
7259 1582 3295 5824 
7260 3295 731 5824 
7261 1321 320 5825 
7262 320 2342 5825 
7263 2342 1321 5825 
7264 1584 746 5826 
7265 746 2175 5826 
7266 2175 1584 5826 
7267 1391 566 5827 
7268 566 3082 5827 
7269 3082 1391 5827 
7270 1292 1989 5828 
7271 1989 2802 5828 
7272 2802 1292 5828 
7273 1989 428 5829 
7274 428 2802 5829 
7275 2802 1989 5829 
7276 1332 842 5830 
7277 842 3011 5830 
7278 3011 1332 5830 
7279 474 2356 5831 
7280 2356 3182 5831 
7281 3182 474 5831 
7282 1078 1388 5832 
7283 1388 3133 5832 
7284 3133 1078 5832 
7285 1359 325 5833 
7286 325 2918 5833 
7287 2918 1359 5833 
7288 1339 531 5834 
7289 531 2104 5834 
7290 2104 1339 5834 
7291 1907 660 5835 
7292 660 2271 5835 
7293 2271 1907 5835 
7294 447 1324 5836 
7295 1324 2174 5836 
7296 2174 447 5836 
7297 2178 1387 5837 
7298 1387 3069 5837 
7299 3069 2178 5837 
7300 1332 240 5838 
7301 240 2243 5838 
7302 2243 1332 5838 
7303 2088 1116 5839 
7304 1116 2783 5839 
7305 2783 2088 5839 
7306 2424 277 5840 
7307 277 2845 5840 
7308 2845 2424 5840 
7309 1837 301 5841 
7310 301 2372 5841 
7311 2372 1837 5841 
7312 2286 1640 5842 
7313 1640 3449 5842 
7314 3449 2286 5842 
7315 1366 527 5843 
7316 527 2905 5843 
7317 2905 1366 5843 
7318 263 1505 5844 
7319 1505 2476 5844 
7320 2476 263 5844 
7321 1931 1007 5845 
7322 1007 2250 5845 
7323 2250 1931 5845 
7324 1588 610 5846 
7325 610 1882 5846 
7326 1882 1588 5846 
7327 1406 439 5847 
7328 439 2823 5847 
7329 2823 1406 5847 
7330 902 1406 5848 
7331 1406 2823 5848 
7332 2823 902 5848 
7333 1644 683 5849 
7334 683 2261 5849 
7335 2261 1644 5849 
7336 1456 681 5850 
7337 681 2184 5850 
7338 2184 1456 5850 
7339 1841 1004 5851 
7340 1004 3024 5851 
7341 3024 1841 5851 
7342 525 1871 5852 
7343 1871 1903 5852 
7344 1903 525 5852 
7345 1871 840 5853 
7346 840 1903 5853 
7347 1903 1871 5853 
7348 1539 780 5854 
7349 780 1835 5854 
7350 1835 1539 5854 
7351 291 1539 5855 
7352 1539 1835 5855 
7353 1835 291 5855 
7354 597 1549 5856 
7355 1549 1810 5856 
7356 1810 597 5856 
7357 1549 742 5857 
7358 742 1810 5857 
7359 1810 1549 5857 
7360 229 230 5858 
7361 230 1700 5858 
7362 1700 229 5858 
7363 370 1328 5859 
7364 1328 3282 5859 
7365 3282 370 5859 
7366 55 1462 5860 
7367 1462 2379 5860 
7368 2379 55 5860 
7369 1327 177 5861 
7370 177 3351 5861 
7371 3351 1327 5861 
7372 1374 717 5862 
7373 717 2021 5862 
7374 2021 1374 5862 
7375 121 122 5863 
7376 122 2178 5863 
7377 2178 121 5863 
7378 1758 624 5864 
7379 624 2729 5864 
7380 2729 1758 5864 
7381 586 1442 5865 
7382 1442 2483 5865 
7383 2483 586 5865 
7384 990 1907 5866 
7385 1907 2271 5866 
7386 2271 990 5866 
7387 719 1414 5867 
7388 1414 2528 5867 
7389 2528 719 5867 
7390 194 1361 5868 
7391 1361 2916 5868 
7392 2916 194 5868 
7393 1639 569 5869 
7394 569 3059 5869 
7395 3059 1639 5869 
7396 1369 2037 5870 
7397 2037 2319 5870 
7398 2319 1369 5870 
7399 419 1416 5871 
7400 1416 2602 5871 
7401 2602 419 5871 
7402 1526 519 5872 
7403 519 3009 5872 
7404 3009 1526 5872 
7405 855 2029 5873 
7406 2029 2067 5873 
7407 2067 855 5873 
7408 1314 1090 5874 
7409 1090 2457 5874 
7410 2457 1314 5874 
7411 823 1343 5875 
7412 1343 2847 5875 
7413 2847 823 5875 
7414 1410 396 5876 
7415 396 1930 5876 
7416 1930 1410 5876 
7417 1391 280 5877 
7418 280 2965 5877 
7419 2965 1391 5877 
7420 1473 994 5878 
7421 994 3051 5878 
7422 3051 1473 5878 
7423 1978 1307 5879 
7424 1307 3223 5879 
7425 3223 1978 5879 
7426 467 1826 5880 
7427 1826 2543 5880 
7428 2543 467 5880 
7429 1826 1060 5881 
7430 1060 2543 5881 
7431 2543 1826 5881 
7432 584 2031 5882 
7433 2031 2894 5882 
7434 2894 584 5882 
7435 695 2875 5883 
7436 2875 3342 5883 
7437 3342 695 5883 
7438 678 1546 5884 
7439 1546 2974 5884 
7440 2974 678 5884 
7441 760 1329 5885 
7442 1329 2842 5885 
7443 2842 760 5885 
7444 1974 439 5886 
7445 439 2544 5886 
7446 2544 1974 5886 
7447 1332 838 5887 
7448 838 2613 5887 
7449 2613 1332 5887 
7450 1369 544 5888 
7451 544 2037 5888 
7452 2037 1369 5888 
7453 763 1625 5889 
7454 1625 2951 5889 
7455 2951 763 5889 
7456 878 1372 5890 
7457 1372 2872 5890 
7458 2872 878 5890 
7459 1346 85 5891 
7460 85 2900 5891 
7461 2900 1346 5891 
7462 1548 945 5892 
7463 945 1989 5892 
7464 1989 1548 5892 
7465 1956 581 5893 
7466 581 3303 5893 
7467 3303 1956 5893 
7468 1370 732 5894 
7469 732 2148 5894 
7470 2148 1370 5894 
7471 372 1370 5895 
7472 1370 2148 5895 
7473 2148 372 5895 
7474 462 1424 5896 
7475 1424 3348 5896 
7476 3348 462 5896 
7477 3240 505 5897 
7478 505 3308 5897 
7479 3308 3240 5897 
7480 1363 748 5898 
7481 748 2285 5898 
7482 2285 1363 5898 
7483 1861 926 5899 
7484 926 2134 5899 
7485 2134 1861 5899 
7486 1851 1508 5900 
7487 1508 2919 5900 
7488 2919 1851 5900 
7489 1660 962 5901 
7490 962 2720 5901 
7491 2720 1660 5901 
7492 755 1385 5902 
7493 1385 2332 5902 
7494 2332 755 5902 
7495 632 1485 5903 
7496 1485 3314 5903 
7497 3314 632 5903 
7498 62 1372 5904 
7499 1372 2448 5904 
7500 2448 62 5904 
7501 231 232 5905 
7502 232 2274 5905 
7503 2274 231 5905 
7504 800 1809 5906 
7505 1809 2911 5906 
7506 2911 800 5906 
7507 882 1408 5907 
7508 1408 1947 5907 
7509 1947 882 5907 
7510 883 1482 5908 
7511 1482 2684 5908 
7512 2684 883 5908 
7513 1456 586 5909 
7514 586 2483 5909 
7515 2483 1456 5909 
7516 1430 815 5910 
7517 815 2631 5910 
7518 2631 1430 5910 
7519 2335 1073 5911 
7520 1073 2434 5911 
7521 2434 2335 5911 
7522 695 2838 5912 
7523 2838 2990 5912 
7524 2990 695 5912 
7525 891 1327 5913 
7526 1327 3351 5913 
7527 3351 891 5913 
7528 545 1473 5914 
7529 1473 3051 5914 
7530 3051 545 5914 
7531 1764 336 5915 
7532 336 3175 5915 
7533 3175 1764 5915 
7534 1250 1764 5916 
7535 1764 3175 5916 
7536 3175 1250 5916 
7537 1322 786 5917 
7538 786 2442 5917 
7539 2442 1322 5917 
7540 1495 484 5918 
7541 484 2593 5918 
7542 2593 1495 5918 
7543 554 1338 5919 
7544 1338 3226 5919 
7545 3226 554 5919 
7546 371 1727 5920 
7547 1727 2185 5920 
7548 2185 371 5920 
7549 765 1861 5921 
7550 1861 2134 5921 
7551 2134 765 5921 
7552 1580 908 5922 
7553 908 2787 5922 
7554 2787 1580 5922 
7555 687 1342 5923 
7556 1342 2246 5923 
7557 2246 687 5923 
7558 2247 463 5924 
7559 463 2811 5924 
7560 2811 2247 5924 
7561 448 2073 5925 
7562 2073 2620 5925 
7563 2620 448 5925 
7564 1559 604 5926 
7565 604 1862 5926 
7566 1862 1559 5926 
7567 725 1559 5927 
7568 1559 1862 5927 
7569 1862 725 5927 
7570 1754 1008 5928 
7571 1008 2370 5928 
7572 2370 1754 5928 
7573 1661 413 5929 
7574 413 2354 5929 
7575 2354 1661 5929 
7576 894 1661 5930 
7577 1661 2354 5930 
7578 2354 894 5930 
7579 674 2359 5931 
7580 2359 3013 5931 
7581 3013 674 5931 
7582 1478 1178 5932 
7583 1178 2062 5932 
7584 2062 1478 5932 
7585 925 1391 5933 
7586 1391 2965 5933 
7587 2965 925 5933 
7588 221 222 5934 
7589 222 1637 5934 
7590 1637 221 5934 
7591 971 1520 5935 
7592 1520 2966 5935 
7593 2966 971 5935 
7594 1501 666 5936 
7595 666 2539 5936 
7596 2539 1501 5936 
7597 419 1794 5937 
7598 1794 2318 5937 
7599 2318 419 5937 
7600 1794 955 5938 
7601 955 2318 5938 
7602 2318 1794 5938 
7603 1733 2055 5939 
7604 2055 2814 5939 
7605 2814 1733 5939 
7606 653 1948 5940 
7607 1948 2582 5940 
7608 2582 653 5940 
7609 1346 753 5941 
7610 753 2161 5941 
7611 2161 1346 5941 
7612 337 2317 5942 
7613 2317 3213 5942 
7614 3213 337 5942 
7615 1997 655 5943 
7616 655 2598 5943 
7617 2598 1997 5943 
7618 654 1604 5944 
7619 1604 2977 5944 
7620 2977 654 5944 
7621 851 1826 5945 
7622 1826 2534 5945 
7623 2534 851 5945 
7624 1707 827 5946 
7625 827 3017 5946 
7626 3017 1707 5946 
7627 2208 800 5947 
7628 800 2911 5947 
7629 2911 2208 5947 
7630 1370 720 5948 
7631 720 2302 5948 
7632 2302 1370 5948 
7633 1396 2115 5949 
7634 2115 3149 5949 
7635 3149 1396 5949 
7636 1772 1240 5950 
7637 1240 3198 5950 
7638 3198 1772 5950 
7639 1506 825 5951 
7640 825 2427 5951 
7641 2427 1506 5951 
7642 2507 1245 5952 
7643 1245 3216 5952 
7644 3216 2507 5952 
7645 159 160 5953 
7646 160 2574 5953 
7647 2574 159 5953 
7648 1398 647 5954 
7649 647 2798 5954 
7650 2798 1398 5954 
7651 873 1398 5955 
7652 1398 2798 5955 
7653 2798 873 5955 
7654 641 1769 5956 
7655 1769 2007 5956 
7656 2007 641 5956 
7657 1336 2746 5957 
7658 2746 3076 5957 
7659 3076 1336 5957 
7660 1168 1971 5958 
7661 1971 3232 5958 
7662 3232 1168 5958 
7663 382 1363 5959 
7664 1363 2285 5959 
7665 2285 382 5959 
7666 1507 368 5960 
7667 368 1819 5960 
7668 1819 1507 5960 
7669 881 1331 5961 
7670 1331 2736 5961 
7671 2736 881 5961 
7672 1863 782 5962 
7673 782 1919 5962 
7674 1919 1863 5962 
7675 1743 712 5963 
7676 712 1864 5963 
7677 1864 1743 5963 
7678 1582 1403 5964 
7679 1403 3324 5964 
7680 3324 1582 5964 
7681 914 1405 5965 
7682 1405 3209 5965 
7683 3209 914 5965 
7684 864 1599 5966 
7685 1599 2659 5966 
7686 2659 864 5966 
7687 1353 723 5967 
7688 723 2213 5967 
7689 2213 1353 5967 
7690 381 1333 5968 
7691 1333 2484 5968 
7692 2484 381 5968 
7693 1294 1464 5969 
7694 1464 2569 5969 
7695 2569 1294 5969 
7696 1669 855 5970 
7697 855 2238 5970 
7698 2238 1669 5970 
7699 326 1367 5971 
7700 1367 2076 5971 
7701 2076 326 5971 
7702 2746 856 5972 
7703 856 3076 5972 
7704 3076 2746 5972 
7705 315 1353 5973 
7706 1353 2213 5973 
7707 2213 315 5973 
7708 1469 637 5974 
7709 637 1890 5974 
7710 1890 1469 5974 
7711 1362 756 5975 
7712 756 2183 5975 
7713 2183 1362 5975 
7714 184 185 5976 
7715 185 1649 5976 
7716 1649 184 5976 
7717 1434 1117 5977 
7718 1117 2336 5977 
7719 2336 1434 5977 
7720 1550 473 5978 
7721 473 3406 5978 
7722 3406 1550 5978 
7723 1709 695 5979 
7724 695 3342 5979 
7725 3342 1709 5979 
7726 1338 322 5980 
7727 322 2563 5980 
7728 2563 1338 5980 
7729 344 1536 5981 
7730 1536 1829 5981 
7731 1829 344 5981 
7732 1602 781 5982 
7733 781 2147 5982 
7734 2147 1602 5982 
7735 354 1834 5983 
7736 1834 3008 5983 
7737 3008 354 5983 
7738 979 1564 5984 
7739 1564 2883 5984 
7740 2883 979 5984 
7741 1696 343 5985 
7742 343 2713 5985 
7743 2713 1696 5985 
7744 1319 717 5986 
7745 717 3300 5986 
7746 3300 1319 5986 
7747 1896 673 5987 
7748 673 3280 5987 
7749 3280 1896 5987 
7750 293 1508 5988 
7751 1508 1851 5988 
7752 1851 293 5988 
7753 1611 276 5989 
7754 276 2112 5989 
7755 2112 1611 5989 
7756 1482 883 5990 
7757 883 1968 5990 
7758 1968 1482 5990 
7759 648 1482 5991 
7760 1482 1968 5991 
7761 1968 648 5991 
7762 2389 844 5992 
7763 844 2600 5992 
7764 2600 2389 5992 
7765 280 1391 5993 
7766 1391 3171 5993 
7767 3171 280 5993 
7768 809 1344 5994 
7769 1344 2673 5994 
7770 2673 809 5994 
7771 1275 1922 5995 
7772 1922 3050 5995 
7773 3050 1275 5995 
7774 631 1669 5996 
7775 1669 2238 5996 
7776 2238 631 5996 
7777 1336 834 5997 
7778 834 2422 5997 
7779 2422 1336 5997 
7780 874 1366 5998 
7781 1366 2909 5998 
7782 2909 874 5998 
7783 500 1434 5999 
7784 1434 2336 5999 
7785 2336 500 5999 
7786 1661 894 6000 
7787 894 2236 6000 
7788 2236 1661 6000 
7789 1940 450 6001 
7790 450 3061 6001 
7791 3061 1940 6001 
7792 858 1338 6002 
7793 1338 2672 6002 
7794 2672 858 6002 
7795 1568 391 6003 
7796 391 1796 6003 
7797 1796 1568 6003 
7798 555 1465 6004 
7799 1465 3416 6004 
7800 3416 555 6004 
7801 223 224 6005 
7802 224 1689 6005 
7803 1689 223 6005 
7804 1517 445 6006 
7805 445 1879 6006 
7806 1879 1517 6006 
7807 1943 1169 6007 
7808 1169 2156 6007 
7809 2156 1943 6007 
7810 1856 1646 6008 
7811 1646 2934 6008 
7812 2934 1856 6008 
7813 846 2083 6009 
7814 2083 2274 6009 
7815 2274 846 6009 
7816 1608 274 6010 
7817 274 2314 6010 
7818 2314 1608 6010 
7819 1059 1337 6011 
7820 1337 2409 6011 
7821 2409 1059 6011 
7822 1188 1500 6012 
7823 1500 2260 6012 
7824 2260 1188 6012 
7825 1806 968 6013 
7826 968 2256 6013 
7827 2256 1806 6013 
7828 2083 1098 6014 
7829 1098 2274 6014 
7830 2274 2083 6014 
7831 516 2411 6015 
7832 2411 3312 6015 
7833 3312 516 6015 
7834 42 1418 6016 
7835 1418 2410 6016 
7836 2410 42 6016 
7837 2557 635 6017 
7838 635 3262 6017 
7839 3262 2557 6017 
7840 477 2797 6018 
7841 2797 3064 6018 
7842 3064 477 6018 
7843 1416 515 6019 
7844 515 2204 6019 
7845 2204 1416 6019 
7846 756 1416 6020 
7847 1416 2204 6020 
7848 2204 756 6020 
7849 458 1961 6021 
7850 1961 2390 6021 
7851 2390 458 6021 
7852 1961 1075 6022 
7853 1075 2390 6022 
7854 2390 1961 6022 
7855 1670 895 6023 
7856 895 2530 6023 
7857 2530 1670 6023 
7858 436 2254 6024 
7859 2254 3368 6024 
7860 3368 436 6024 
7861 2403 1663 6025 
7862 1663 3227 6025 
7863 3227 2403 6025 
7864 564 1845 6026 
7865 1845 2716 6026 
7866 2716 564 6026 
7867 588 1380 6027 
7868 1380 2960 6027 
7869 2960 588 6027 
7870 600 1545 6028 
7871 1545 2978 6028 
7872 2978 600 6028 
7873 1679 657 6029 
7874 657 2079 6029 
7875 2079 1679 6029 
7876 593 1672 6030 
7877 1672 2026 6030 
7878 2026 593 6030 
7879 389 1650 6031 
7880 1650 2152 6031 
7881 2152 389 6031 
7882 787 1999 6032 
7883 1999 2408 6032 
7884 2408 787 6032 
7885 781 1478 6033 
7886 1478 2062 6033 
7887 2062 781 6033 
7888 774 1684 6034 
7889 1684 2654 6034 
7890 2654 774 6034 
7891 555 1343 6035 
7892 1343 2384 6035 
7893 2384 555 6035 
7894 1690 1115 6036 
7895 1115 2465 6036 
7896 2465 1690 6036 
7897 1618 704 6037 
7898 704 2159 6037 
7899 2159 1618 6037 
7900 1999 1109 6038 
7901 1109 2408 6038 
7902 2408 1999 6038 
7903 582 1449 6039 
7904 1449 3424 6039 
7905 3424 582 6039 
7906 1605 411 6040 
7907 411 2847 6040 
7908 2847 1605 6040 
7909 2481 1349 6041 
7910 1349 2848 6041 
7911 2848 2481 6041 
7912 1172 2329 6042 
7913 2329 2523 6042 
7914 2523 1172 6042 
7915 1089 2013 6043 
7916 2013 2352 6043 
7917 2352 1089 6043 
7918 571 1341 6044 
7919 1341 2480 6044 
7920 2480 571 6044 
7921 545 1981 6045 
7922 1981 2478 6045 
7923 2478 545 6045 
7924 2411 1335 6046 
7925 1335 3312 6046 
7926 3312 2411 6046 
7927 2227 890 6047 
7928 890 2474 6047 
7929 2474 2227 6047 
7930 1551 964 6048 
7931 964 2985 6048 
7932 2985 1551 6048 
7933 441 1417 6049 
7934 1417 3201 6049 
7935 3201 441 6049 
7936 1922 369 6050 
7937 369 3050 6050 
7938 3050 1922 6050 
7939 966 1634 6051 
7940 1634 2305 6051 
7941 2305 966 6051 
7942 2191 1089 6052 
7943 1089 3070 6052 
7944 3070 2191 6052 
7945 1536 701 6053 
7946 701 1829 6053 
7947 1829 1536 6053 
7948 1634 433 6054 
7949 433 2305 6054 
7950 2305 1634 6054 
7951 3091 1192 6055 
7952 1192 3324 6055 
7953 3324 3091 6055 
7954 1255 1730 6056 
7955 1730 3459 6056 
7956 3459 1255 6056 
7957 761 1807 6057 
7958 1807 2015 6057 
7959 2015 761 6057 
7960 1807 848 6058 
7961 848 2015 6058 
7962 2015 1807 6058 
7963 1796 391 6059 
7964 391 2024 6059 
7965 2024 1796 6059 
7966 1216 1635 6060 
7967 1635 3434 6060 
7968 3434 1216 6060 
7969 373 1421 6061 
7970 1421 1970 6061 
7971 1970 373 6061 
7972 603 1772 6062 
7973 1772 2473 6062 
7974 2473 603 6062 
7975 207 2182 6063 
7976 2182 2275 6063 
7977 2275 207 6063 
7978 1378 443 6064 
7979 443 2921 6064 
7980 2921 1378 6064 
7981 880 1378 6065 
7982 1378 2921 6065 
7983 2921 880 6065 
7984 656 1376 6066 
7985 1376 2885 6066 
7986 2885 656 6066 
7987 735 1887 6067 
7988 1887 1959 6067 
7989 1959 735 6067 
7990 1533 2151 6068 
7991 2151 3052 6068 
7992 3052 1533 6068 
7993 267 1364 6069 
7994 1364 2607 6069 
7995 2607 267 6069 
7996 684 1575 6070 
7997 1575 2644 6070 
7998 2644 684 6070 
7999 2485 355 6071 
8000 355 2545 6071 
8001 2545 2485 6071 
8002 2013 777 6072 
8003 777 2352 6072 
8004 2352 2013 6072 
8005 2167 480 6073 
8006 480 2512 6073 
8007 2512 2167 6073 
8008 1544 653 6074 
8009 653 1825 6074 
8010 1825 1544 6074 
8011 1003 2020 6075 
8012 2020 2757 6075 
8013 2757 1003 6075 
8014 471 1636 6076 
8015 1636 2596 6076 
8016 2596 471 6076 
8017 1461 180 6077 
8018 180 1918 6077 
8019 1918 1461 6077 
8020 987 2777 6078 
8021 2777 3056 6078 
8022 3056 987 6078 
8023 347 1738 6079 
8024 1738 2946 6079 
8025 2946 347 6079 
8026 1738 1141 6080 
8027 1141 2946 6080 
8028 2946 1738 6080 
8029 1347 540 6081 
8030 540 2782 6081 
8031 2782 1347 6081 
8032 1981 1135 6082 
8033 1135 2478 6082 
8034 2478 1981 6082 
8035 1378 602 6083 
8036 602 2899 6083 
8037 2899 1378 6083 
8038 1674 123 6084 
8039 123 3081 6084 
8040 3081 1674 6084 
8041 396 1410 6085 
8042 1410 2491 6085 
8043 2491 396 6085 
8044 1450 454 6086 
8045 454 3411 6086 
8046 3411 1450 6086 
8047 2048 407 6087 
8048 407 2153 6087 
8049 2153 2048 6087 
8050 363 1651 6088 
8051 1651 2806 6088 
8052 2806 363 6088 
8053 2939 1177 6089 
8054 1177 3269 6089 
8055 3269 2939 6089 
8056 751 1358 6090 
8057 1358 2300 6090 
8058 2300 751 6090 
8059 1519 928 6091 
8060 928 2793 6091 
8061 2793 1519 6091 
8062 2185 1006 6092 
8063 1006 2331 6092 
8064 2331 2185 6092 
8065 1528 627 6093 
8066 627 1850 6093 
8067 1850 1528 6093 
8068 205 1446 6094 
8069 1446 2497 6094 
8070 2497 205 6094 
8071 2246 1342 6095 
8072 1342 3412 6095 
8073 3412 2246 6095 
8074 1497 711 6096 
8075 711 2068 6096 
8076 2068 1497 6096 
8077 296 1713 6097 
8078 1713 2394 6097 
8079 2394 296 6097 
8080 1713 932 6098 
8081 932 2394 6098 
8082 2394 1713 6098 
8083 2091 481 6099 
8084 481 2685 6099 
8085 2685 2091 6099 
8086 1462 55 6100 
8087 55 3476 6100 
8088 3476 1462 6100 
8089 298 1448 6101 
8090 1448 2362 6101 
8091 2362 298 6101 
8092 1439 359 6102 
8093 359 3344 6102 
8094 3344 1439 6102 
8095 1635 376 6103 
8096 376 3434 6103 
8097 3434 1635 6103 
8098 494 1963 6104 
8099 1963 2639 6104 
8100 2639 494 6104 
8101 686 1629 6105 
8102 1629 2154 6105 
8103 2154 686 6105 
8104 1759 787 6106 
8105 787 2408 6106 
8106 2408 1759 6106 
8107 737 1491 6107 
8108 1491 3438 6107 
8109 3438 737 6107 
8110 2273 310 6108 
8111 310 2630 6108 
8112 2630 2273 6108 
8113 1279 2091 6109 
8114 2091 2685 6109 
8115 2685 1279 6109 
8116 361 1485 6110 
8117 1485 3392 6110 
8118 3392 361 6110 
8119 871 1653 6111 
8120 1653 2360 6111 
8121 2360 871 6111 
8122 1875 1386 6112 
8123 1386 2443 6112 
8124 2443 1875 6112 
8125 615 1905 6113 
8126 1905 2212 6113 
8127 2212 615 6113 
8128 1413 345 6114 
8129 345 3185 6114 
8130 3185 1413 6114 
8131 1034 2042 6115 
8132 2042 3171 6115 
8133 3171 1034 6115 
8134 2838 1330 6116 
8135 1330 2990 6116 
8136 2990 2838 6116 
8137 174 1512 6117 
8138 1512 2581 6117 
8139 2581 174 6117 
8140 2329 768 6118 
8141 768 3021 6118 
8142 3021 2329 6118 
8143 1320 2887 6119 
8144 2887 3157 6119 
8145 3157 1320 6119 
8146 1051 2947 6120 
8147 2947 3212 6120 
8148 3212 1051 6120 
8149 661 1510 6121 
8150 1510 2242 6121 
8151 2242 661 6121 
8152 81 82 6122 
8153 82 2641 6122 
8154 2641 81 6122 
8155 943 2752 6123 
8156 2752 2822 6123 
8157 2822 943 6123 
8158 93 94 6124 
8159 94 2679 6124 
8160 2679 93 6124 
8161 1429 65 6125 
8162 65 1977 6125 
8163 1977 1429 6125 
8164 1369 777 6126 
8165 777 2255 6126 
8166 2255 1369 6126 
8167 1420 1184 6127 
8168 1184 3289 6127 
8169 3289 1420 6127 
8170 1434 500 6128 
8171 500 2131 6128 
8172 2131 1434 6128 
8173 1989 945 6129 
8174 945 2435 6129 
8175 2435 1989 6129 
8176 827 1973 6130 
8177 1973 3017 6130 
8178 3017 827 6130 
8179 1502 94 6131 
8180 94 2304 6131 
8181 2304 1502 6131 
8182 1924 1045 6132 
8183 1045 2126 6132 
8184 2126 1924 6132 
8185 3171 2042 6133 
8186 2042 3229 6133 
8187 3229 3171 6133 
8188 1457 641 6134 
8189 641 2007 6134 
8190 2007 1457 6134 
8191 1708 963 6135 
8192 963 2532 6135 
8193 2532 1708 6135 
8194 1360 832 6136 
8195 832 2293 6136 
8196 2293 1360 6136 
8197 872 1773 6137 
8198 1773 3393 6137 
8199 3393 872 6137 
8200 1547 2040 6138 
8201 2040 2655 6138 
8202 2655 1547 6138 
8203 795 1540 6139 
8204 1540 3346 6139 
8205 3346 795 6139 
8206 764 1396 6140 
8207 1396 3149 6140 
8208 3149 764 6140 
8209 2392 313 6141 
8210 313 2897 6141 
8211 2897 2392 6141 
8212 1000 1699 6142 
8213 1699 2855 6142 
8214 2855 1000 6142 
8215 415 1453 6143 
8216 1453 3398 6143 
8217 3398 415 6143 
8218 1441 681 6144 
8219 681 3334 6144 
8220 3334 1441 6144 
8221 1383 389 6145 
8222 389 2152 6145 
8223 2152 1383 6145 
8224 789 2224 6146 
8225 2224 2269 6146 
8226 2269 789 6146 
8227 699 1517 6147 
8228 1517 1879 6147 
8229 1879 699 6147 
8230 36 37 6148 
8231 37 1676 6148 
8232 1676 36 6148 
8233 943 2087 6149 
8234 2087 2752 6149 
8235 2752 943 6149 
8236 1397 576 6150 
8237 576 3212 6150 
8238 3212 1397 6150 
8239 1018 2085 6151 
8240 2085 3010 6151 
8241 3010 1018 6151 
8242 905 1359 6152 
8243 1359 2662 6152 
8244 2662 905 6152 
8245 142 143 6153 
8246 143 1896 6153 
8247 1896 142 6153 
8248 1542 255 6154 
8249 255 2906 6154 
8250 2906 1542 6154 
8251 1711 668 6155 
8252 668 2740 6155 
8253 2740 1711 6155 
8254 291 1411 6156 
8255 1411 2080 6156 
8256 2080 291 6156 
8257 852 1744 6157 
8258 1744 2581 6157 
8259 2581 852 6157 
8260 1136 1900 6158 
8261 1900 2711 6158 
8262 2711 1136 6158 
8263 2202 872 6159 
8264 872 3393 6159 
8265 3393 2202 6159 
8266 1543 305 6160 
8267 305 2209 6160 
8268 2209 1543 6160 
8269 1451 376 6161 
8270 376 2181 6161 
8271 2181 1451 6161 
8272 2075 1028 6162 
8273 1028 2721 6162 
8274 2721 2075 6162 
8275 367 1347 6163 
8276 1347 3296 6163 
8277 3296 367 6163 
8278 1460 331 6164 
8279 331 2023 6164 
8280 2023 1460 6164 
8281 524 1353 6165 
8282 1353 2460 6165 
8283 2460 524 6165 
8284 1979 1261 6166 
8285 1261 2590 6166 
8286 2590 1979 6166 
8287 722 1901 6167 
8288 1901 2455 6167 
8289 2455 722 6167 
8290 1461 891 6168 
8291 891 2617 6168 
8292 2617 1461 6168 
8293 991 1704 6169 
8294 1704 2706 6169 
8295 2706 991 6169 
8296 279 1666 6170 
8297 1666 2923 6170 
8298 2923 279 6170 
8299 756 1362 6171 
8300 1362 2602 6171 
8301 2602 756 6171 
8302 1700 230 6172 
8303 230 3192 6172 
8304 3192 1700 6172 
8305 16 1419 6173 
8306 1419 3253 6173 
8307 3253 16 6173 
8308 2370 949 6174 
8309 949 3111 6174 
8310 3111 2370 6174 
8311 373 1527 6175 
8312 1527 1884 6175 
8313 1884 373 6175 
8314 768 1921 6176 
8315 1921 3021 6176 
8316 3021 768 6176 
8317 1724 1049 6177 
8318 1049 2322 6177 
8319 2322 1724 6177 
8320 1470 578 6178 
8321 578 3250 6178 
8322 3250 1470 6178 
8323 1730 1255 6179 
8324 1255 2729 6179 
8325 2729 1730 6179 
8326 544 1369 6180 
8327 1369 3366 6180 
8328 3366 544 6180 
8329 750 2022 6181 
8330 2022 2840 6181 
8331 2840 750 6181 
8332 1449 702 6182 
8333 702 2837 6182 
8334 2837 1449 6182 
8335 336 1437 6183 
8336 1437 2212 6183 
8337 2212 336 6183 
8338 374 1479 6184 
8339 1479 2097 6184 
8340 2097 374 6184 
8341 1599 864 6185 
8342 864 2595 6185 
8343 2595 1599 6185 
8344 968 1805 6186 
8345 1805 2870 6186 
8346 2870 968 6186 
8347 1468 372 6187 
8348 372 2158 6187 
8349 2158 1468 6187 
8350 2359 1289 6188 
8351 1289 3013 6188 
8352 3013 2359 6188 
8353 248 1358 6189 
8354 1358 2550 6189 
8355 2550 248 6189 
8356 986 1454 6190 
8357 1454 2368 6190 
8358 2368 986 6190 
8359 179 1461 6191 
8360 1461 2617 6191 
8361 2617 179 6191 
8362 683 1836 6192 
8363 1836 2261 6192 
8364 2261 683 6192 
8365 1111 2023 6193 
8366 2023 3118 6193 
8367 3118 1111 6193 
8368 1438 276 6194 
8369 276 3112 6194 
8370 3112 1438 6194 
8371 2013 1089 6195 
8372 1089 2660 6195 
8373 2660 2013 6195 
8374 1480 2053 6196 
8375 2053 2758 6196 
8376 2758 1480 6196 
8377 654 1555 6197 
8378 1555 3164 6197 
8379 3164 654 6197 
8380 2349 678 6198 
8381 678 2727 6198 
8382 2727 2349 6198 
8383 1511 611 6199 
8384 611 1894 6199 
8385 1894 1511 6199 
8386 1871 525 6200 
8387 525 2325 6200 
8388 2325 1871 6200 
8389 972 1871 6201 
8390 1871 2325 6201 
8391 2325 972 6201 
8392 470 1588 6202 
8393 1588 3133 6202 
8394 3133 470 6202 
8395 1588 1078 6203 
8396 1078 3133 6203 
8397 3133 1588 6203 
8398 276 1386 6204 
8399 1386 2196 6204 
8400 2196 276 6204 
8401 1021 1895 6205 
8402 1895 2209 6205 
8403 2209 1021 6205 
8404 352 1979 6206 
8405 1979 2590 6206 
8406 2590 352 6206 
8407 1900 659 6207 
8408 659 2711 6207 
8409 2711 1900 6207 
8410 1069 2413 6208 
8411 2413 3293 6208 
8412 3293 1069 6208 
8413 1882 340 6209 
8414 340 3286 6209 
8415 3286 1882 6209 
8416 1460 940 6210 
8417 940 2944 6210 
8418 2944 1460 6210 
8419 331 1460 6211 
8420 1460 2944 6211 
8421 2944 331 6211 
8422 1744 852 6212 
8423 852 1969 6212 
8424 1969 1744 6212 
8425 755 1744 6213 
8426 1744 1969 6213 
8427 1969 755 6213 
8428 1367 915 6214 
8429 915 2701 6214 
8430 2701 1367 6214 
8431 2337 419 6215 
8432 419 2602 6215 
8433 2602 2337 6215 
8434 1362 2337 6216 
8435 2337 2602 6216 
8436 2602 1362 6216 
8437 740 1951 6217 
8438 1951 2234 6217 
8439 2234 740 6217 
8440 1486 845 6218 
8441 845 3473 6218 
8442 3473 1486 6218 
8443 1386 276 6219 
8444 276 2826 6219 
8445 2826 1386 6219 
8446 1076 2076 6220 
8447 2076 3411 6220 
8448 3411 1076 6220 
8449 1427 710 6221 
8450 710 2691 6221 
8451 2691 1427 6221 
8452 2026 1207 6222 
8453 1207 2615 6222 
8454 2615 2026 6222 
8455 749 2026 6223 
8456 2026 2615 6223 
8457 2615 749 6223 
8458 1422 538 6224 
8459 538 2640 6224 
8460 2640 1422 6224 
8461 2951 1625 6225 
8462 1625 3328 6225 
8463 3328 2951 6225 
8464 435 1420 6226 
8465 1420 2930 6226 
8466 2930 435 6226 
8467 2872 1372 6227 
8468 1372 3116 6227 
8469 3116 2872 6227 
8470 1730 353 6228 
8471 353 3459 6228 
8472 3459 1730 6228 
8473 846 1422 6229 
8474 1422 2640 6229 
8475 2640 846 6229 
8476 2076 1450 6230 
8477 1450 3411 6230 
8478 3411 2076 6230 
8479 290 1729 6231 
8480 1729 2866 6231 
8481 2866 290 6231 
8482 1452 149 6232 
8483 149 2601 6232 
8484 2601 1452 6232 
8485 1391 925 6233 
8486 925 2277 6233 
8487 2277 1391 6233 
8488 777 1369 6234 
8489 1369 2578 6234 
8490 2578 777 6234 
8491 2292 430 6235 
8492 430 2790 6235 
8493 2790 2292 6235 
8494 1523 1314 6236 
8495 1314 2457 6236 
8496 2457 1523 6236 
8497 772 1630 6237 
8498 1630 2249 6237 
8499 2249 772 6237 
8500 1050 2357 6238 
8501 2357 2726 6238 
8502 2726 1050 6238 
8503 389 1383 6239 
8504 1383 2829 6239 
8505 2829 389 6239 
8506 1973 367 6240 
8507 367 2509 6240 
8508 2509 1973 6240 
8509 1414 719 6241 
8510 719 2090 6241 
8511 2090 1414 6241 
8512 1270 2853 6242 
8513 2853 2994 6242 
8514 2994 1270 6242 
8515 2492 1159 6243 
8516 1159 2715 6243 
8517 2715 2492 6243 
8518 309 1470 6244 
8519 1470 2266 6244 
8520 2266 309 6244 
8521 1371 542 6245 
8522 542 2416 6245 
8523 2416 1371 6245 
8524 156 157 6246 
8525 157 1830 6246 
8526 1830 156 6246 
8527 424 1414 6247 
8528 1414 2090 6247 
8529 2090 424 6247 
8530 172 1744 6248 
8531 1744 2332 6248 
8532 2332 172 6248 
8533 736 1426 6249 
8534 1426 2139 6249 
8535 2139 736 6249 
8536 1426 626 6250 
8537 626 2139 6250 
8538 2139 1426 6250 
8539 1555 365 6251 
8540 365 2898 6251 
8541 2898 1555 6251 
8542 2396 1568 6252 
8543 1568 2636 6252 
8544 2636 2396 6252 
8545 781 1371 6253 
8546 1371 2695 6253 
8547 2695 781 6253 
8548 1418 42 6254 
8549 42 2915 6254 
8550 2915 1418 6254 
8551 1562 268 6255 
8552 268 2553 6255 
8553 2553 1562 6255 
8554 1372 878 6256 
8555 878 2448 6256 
8556 2448 1372 6256 
8557 698 1537 6257 
8558 1537 3211 6257 
8559 3211 698 6257 
8560 2049 425 6258 
8561 425 2220 6258 
8562 2220 2049 6258 
8563 123 124 6259 
8564 124 3081 6259 
8565 3081 123 6259 
8566 730 1712 6260 
8567 1712 2141 6260 
8568 2141 730 6260 
8569 1585 444 6261 
8570 444 1951 6261 
8571 1951 1585 6261 
8572 740 1585 6262 
8573 1585 1951 6262 
8574 1951 740 6262 
8575 855 1669 6263 
8576 1669 2029 6263 
8577 2029 855 6263 
8578 1884 714 6264 
8579 714 2043 6264 
8580 2043 1884 6264 
8581 1406 2068 6265 
8582 2068 3429 6265 
8583 3429 1406 6265 
8584 2678 547 6266 
8585 547 3244 6266 
8586 3244 2678 6266 
8587 2298 785 6267 
8588 785 2891 6267 
8589 2891 2298 6267 
8590 1817 1146 6268 
8591 1146 3281 6268 
8592 3281 1817 6268 
8593 499 1454 6269 
8594 1454 3402 6269 
8595 3402 499 6269 
8596 555 1412 6270 
8597 1412 3080 6270 
8598 3080 555 6270 
8599 473 1550 6271 
8600 1550 1895 6271 
8601 1895 473 6271 
8602 1550 749 6272 
8603 749 1895 6272 
8604 1895 1550 6272 
8605 1545 33 6273 
8606 33 1913 6273 
8607 1913 1545 6273 
8608 2068 711 6274 
8609 711 3429 6274 
8610 3429 2068 6274 
8611 2497 1446 6275 
8612 1446 2882 6275 
8613 2882 2497 6275 
8614 579 1459 6276 
8615 1459 3376 6276 
8616 3376 579 6276 
8617 1869 585 6277 
8618 585 3403 6277 
8619 3403 1869 6277 
8620 1500 708 6278 
8621 708 2057 6278 
8622 2057 1500 6278 
8623 1117 1434 6279 
8624 1434 3204 6279 
8625 3204 1117 6279 
8626 1530 407 6280 
8627 407 2048 6280 
8628 2048 1530 6280 
8629 1537 698 6281 
8630 698 3137 6281 
8631 3137 1537 6281 
8632 84 85 6282 
8633 85 2161 6282 
8634 2161 84 6282 
8635 466 2335 6283 
8636 2335 2434 6283 
8637 2434 466 6283 
8638 1976 471 6284 
8639 471 2596 6284 
8640 2596 1976 6284 
8641 675 1374 6285 
8642 1374 3187 6285 
8643 3187 675 6285 
8644 2254 1238 6286 
8645 1238 3368 6286 
8646 3368 2254 6286 
8647 1070 1471 6287 
8648 1471 3367 6287 
8649 3367 1070 6287 
8650 2274 232 6288 
8651 232 2618 6288 
8652 2618 2274 6288 
8653 863 1812 6289 
8654 1812 2679 6289 
8655 2679 863 6289 
8656 530 1363 6290 
8657 1363 2441 6290 
8658 2441 530 6290 
8659 2514 741 6291 
8660 741 3318 6291 
8661 3318 2514 6291 
8662 1667 650 6292 
8663 650 1808 6292 
8664 1808 1667 6292 
8665 1107 2168 6293 
8666 2168 2285 6293 
8667 2285 1107 6293 
8668 1565 980 6294 
8669 980 2450 6294 
8670 2450 1565 6294 
8671 1814 1137 6295 
8672 1137 3185 6295 
8673 3185 1814 6295 
8674 1423 26 6296 
8675 26 3026 6296 
8676 3026 1423 6296 
8677 310 1924 6297 
8678 1924 2630 6297 
8679 2630 310 6297 
8680 956 1542 6298 
8681 1542 2906 6298 
8682 2906 956 6298 
8683 335 1473 6299 
8684 1473 3295 6299 
8685 3295 335 6299 
8686 1610 654 6300 
8687 654 3164 6300 
8688 3164 1610 6300 
8689 2256 968 6301 
8690 968 2897 6301 
8691 2897 2256 6301 
8692 668 1834 6302 
8693 1834 2740 6302 
8694 2740 668 6302 
8695 1434 705 6303 
8696 705 2320 6303 
8697 2320 1434 6303 
8698 1402 1228 6304 
8699 1228 2287 6304 
8700 2287 1402 6304 
8701 348 1427 6305 
8702 1427 3355 6305 
8703 3355 348 6305 
8704 2239 1263 6306 
8705 1263 3234 6306 
8706 3234 2239 6306 
8707 1550 593 6307 
8708 593 2026 6307 
8709 2026 1550 6307 
8710 749 1550 6308 
8711 1550 2026 6308 
8712 2026 749 6308 
8713 16 17 6309 
8714 17 2642 6309 
8715 2642 16 6309 
8716 460 2471 6310 
8717 2471 3088 6310 
8718 3088 460 6310 
8719 1409 1023 6311 
8720 1023 3152 6311 
8721 3152 1409 6311 
8722 170 1385 6312 
8723 1385 2535 6312 
8724 2535 170 6312 
8725 1094 2000 6313 
8726 2000 2366 6313 
8727 2366 1094 6313 
8728 611 1511 6314 
8729 1511 2989 6314 
8730 2989 611 6314 
8731 1477 723 6315 
8732 723 2034 6315 
8733 2034 1477 6315 
8734 401 1477 6316 
8735 1477 3015 6316 
8736 3015 401 6316 
8737 1349 2330 6317 
8738 2330 2848 6317 
8739 2848 1349 6317 
8740 1516 603 6318 
8741 603 2785 6318 
8742 2785 1516 6318 
8743 603 1517 6319 
8744 1517 2785 6319 
8745 2785 603 6319 
8746 156 1830 6320 
8747 1830 3241 6320 
8748 3241 156 6320 
8749 1383 518 6321 
8750 518 2386 6321 
8751 2386 1383 6321 
8752 1526 677 6322 
8753 677 2566 6322 
8754 2566 1526 6322 
8755 1091 2786 6323 
8756 2786 2941 6323 
8757 2941 1091 6323 
8758 738 1527 6324 
8759 1527 2326 6324 
8760 2326 738 6324 
8761 1431 327 6325 
8762 327 2081 6325 
8763 2081 1431 6325 
8764 1369 319 6326 
8765 319 2578 6326 
8766 2578 1369 6326 
8767 1102 2030 6327 
8768 2030 3307 6327 
8769 3307 1102 6327 
8770 899 1490 6328 
8771 1490 3042 6328 
8772 3042 899 6328 
8773 885 2035 6329 
8774 2035 2536 6329 
8775 2536 885 6329 
8776 1120 2167 6330 
8777 2167 2512 6330 
8778 2512 1120 6330 
8779 162 163 6331 
8780 163 1774 6331 
8781 1774 162 6331 
8782 754 1460 6332 
8783 1460 2023 6332 
8784 2023 754 6332 
8785 318 1412 6333 
8786 1412 2250 6333 
8787 2250 318 6333 
8788 1126 1973 6334 
8789 1973 2509 6334 
8790 2509 1126 6334 
8791 233 234 6335 
8792 234 2069 6335 
8793 2069 233 6335 
8794 1600 306 6336 
8795 306 2992 6336 
8796 2992 1600 6336 
8797 1016 1600 6337 
8798 1600 2992 6337 
8799 2992 1016 6337 
8800 2344 922 6338 
8801 922 2937 6338 
8802 2937 2344 6338 
8803 1710 904 6339 
8804 904 2749 6339 
8805 2749 1710 6339 
8806 1638 381 6340 
8807 381 2407 6340 
8808 2407 1638 6340 
8809 1657 629 6341 
8810 629 2350 6341 
8811 2350 1657 6341 
8812 741 2018 6342 
8813 2018 3318 6342 
8814 3318 741 6342 
8815 1483 710 6343 
8816 710 2028 6343 
8817 2028 1483 6343 
8818 1789 1017 6344 
8819 1017 3066 6344 
8820 3066 1789 6344 
8821 920 2565 6345 
8822 2565 3018 6345 
8823 3018 920 6345 
8824 1689 762 6346 
8825 762 1991 6346 
8826 1991 1689 6346 
8827 1395 432 6347 
8828 432 2764 6347 
8829 2764 1395 6347 
8830 330 1892 6348 
8831 1892 2841 6348 
8832 2841 330 6348 
8833 1703 946 6349 
8834 946 2782 6349 
8835 2782 1703 6349 
8836 670 1613 6350 
8837 1613 3468 6350 
8838 3468 670 6350 
8839 1668 1084 6351 
8840 1084 2306 6351 
8841 2306 1668 6351 
8842 888 1984 6352 
8843 1984 2108 6352 
8844 2108 888 6352 
8845 286 2240 6353 
8846 2240 3058 6353 
8847 3058 286 6353 
8848 813 1640 6354 
8849 1640 2364 6354 
8850 2364 813 6354 
8851 1017 1639 6355 
8852 1639 3059 6355 
8853 3059 1017 6355 
8854 1902 1248 6356 
8855 1248 3318 6356 
8856 3318 1902 6356 
8857 2330 522 6357 
8858 522 2848 6357 
8859 2848 2330 6357 
8860 1604 2459 6358 
8861 2459 2977 6358 
8862 2977 1604 6358 
8863 629 1658 6359 
8864 1658 2350 6359 
8865 2350 629 6359 
8866 464 1622 6360 
8867 1622 2438 6360 
8868 2438 464 6360 
8869 1622 866 6361 
8870 866 2438 6361 
8871 2438 1622 6361 
8872 919 1689 6362 
8873 1689 1991 6362 
8874 1991 919 6362 
8875 1591 467 6363 
8876 467 2543 6363 
8877 2543 1591 6363 
8878 709 1475 6364 
8879 1475 2297 6364 
8880 2297 709 6364 
8881 1004 1841 6365 
8882 1841 3079 6365 
8883 3079 1004 6365 
8884 2168 382 6366 
8885 382 2285 6366 
8886 2285 2168 6366 
8887 1853 948 6367 
8888 948 2303 6367 
8889 2303 1853 6367 
8890 2887 886 6368 
8891 886 3157 6368 
8892 3157 2887 6368 
8893 818 1784 6369 
8894 1784 2206 6369 
8895 2206 818 6369 
8896 724 1853 6370 
8897 1853 2303 6370 
8898 2303 724 6370 
8899 606 1415 6371 
8900 1415 2138 6371 
8901 2138 606 6371 
8902 689 1392 6372 
8903 1392 3393 6372 
8904 3393 689 6372 
8905 766 2168 6373 
8906 2168 2959 6373 
8907 2959 766 6373 
8908 1500 888 6374 
8909 888 2260 6374 
8910 2260 1500 6374 
8911 405 1760 6375 
8912 1760 2083 6375 
8913 2083 405 6375 
8914 445 1517 6376 
8915 1517 2473 6376 
8916 2473 445 6376 
8917 1747 1012 6377 
8918 1012 2206 6377 
8919 2206 1747 6377 
8920 1472 297 6378 
8921 297 2183 6378 
8922 2183 1472 6378 
8923 756 1472 6379 
8924 1472 2183 6379 
8925 2183 756 6379 
8926 719 1440 6380 
8927 1440 2090 6380 
8928 2090 719 6380 
8929 2360 1653 6381 
8930 1653 3469 6381 
8931 3469 2360 6381 
8932 1835 780 6382 
8933 780 2123 6382 
8934 2123 1835 6382 
8935 1487 288 6383 
8936 288 2056 6383 
8937 2056 1487 6383 
8938 734 1487 6384 
8939 1487 2056 6384 
8940 2056 734 6384 
8941 1924 310 6385 
8942 310 2493 6385 
8943 2493 1924 6385 
8944 1045 1924 6386 
8945 1924 2493 6386 
8946 2493 1045 6386 
8947 1465 745 6387 
8948 745 3416 6387 
8949 3416 1465 6387 
8950 1412 318 6388 
8951 318 3102 6388 
8952 3102 1412 6388 
8953 1880 1160 6389 
8954 1160 3132 6389 
8955 3132 1880 6389 
8956 1697 712 6390 
8957 712 2082 6390 
8958 2082 1697 6390 
8959 486 1898 6391 
8960 1898 1962 6391 
8961 1962 486 6391 
8962 1971 1168 6392 
8963 1168 3431 6392 
8964 3431 1971 6392 
8965 3325 544 6393 
8966 544 3366 6393 
8967 3366 3325 6393 
8968 1401 1868 6394 
8969 1868 2971 6394 
8970 2971 1401 6394 
8971 2329 497 6395 
8972 497 2523 6395 
8973 2523 2329 6395 
8974 1438 709 6396 
8975 709 2160 6396 
8976 2160 1438 6396 
8977 1507 913 6397 
8978 913 2952 6397 
8979 2952 1507 6397 
8980 2392 968 6398 
8981 968 2870 6398 
8982 2870 2392 6398 
8983 441 1936 6399 
8984 1936 2896 6399 
8985 2896 441 6399 
8986 2535 1385 6400 
8987 1385 2719 6400 
8988 2719 2535 6400 
8989 538 1422 6401 
8990 1422 2799 6401 
8991 2799 538 6401 
8992 566 1477 6402 
8993 1477 2034 6402 
8994 2034 566 6402 
8995 798 2201 6403 
8996 2201 3386 6403 
8997 3386 798 6403 
8998 171 172 6404 
8999 172 2332 6404 
9000 2332 171 6404 
9001 1962 847 6405 
9002 847 2426 6405 
9003 2426 1962 6405 
9004 775 1389 6406 
9005 1389 2484 6406 
9006 2484 775 6406 
9007 1011 2535 6407 
9008 2535 2719 6407 
9009 2719 1011 6407 
9010 483 2003 6408 
9011 2003 2565 6408 
9012 2565 483 6408 
9013 1398 873 6409 
9014 873 2754 6409 
9015 2754 1398 6409 
9016 189 1482 6410 
9017 1482 2001 6410 
9018 2001 189 6410 
9019 1451 2181 6411 
9020 2181 2624 6411 
9021 2624 1451 6411 
9022 1415 623 6412 
9023 623 2717 6412 
9024 2717 1415 6412 
9025 1684 380 6413 
9026 380 2515 6413 
9027 2515 1684 6413 
9028 1389 381 6414 
9029 381 2484 6414 
9030 2484 1389 6414 
9031 820 1663 6415 
9032 1663 2403 6415 
9033 2403 820 6415 
9034 2343 648 6416 
9035 648 3052 6416 
9036 3052 2343 6416 
9037 421 1726 6417 
9038 1726 2192 6417 
9039 2192 421 6417 
9040 1442 586 6418 
9041 586 3208 6418 
9042 3208 1442 6418 
9043 1014 1532 6419 
9044 1532 2179 6419 
9045 2179 1014 6419 
9046 2003 1138 6420 
9047 1138 2565 6420 
9048 2565 2003 6420 
9049 1390 322 6421 
9050 322 2741 6421 
9051 2741 1390 6421 
9052 1535 440 6422 
9053 440 2187 6422 
9054 2187 1535 6422 
9055 2604 1572 6423 
9056 1572 3181 6423 
9057 3181 2604 6423 
9058 1483 570 6424 
9059 570 2440 6424 
9060 2440 1483 6424 
9061 1044 1997 6425 
9062 1997 2598 6425 
9063 2598 1044 6425 
9064 176 177 6426 
9065 177 1978 6426 
9066 1978 176 6426 
9067 935 2048 6427 
9068 2048 2153 6427 
9069 2153 935 6427 
9070 1478 390 6428 
9071 390 2357 6428 
9072 2357 1478 6428 
9073 788 1478 6429 
9074 1478 2357 6429 
9075 2357 788 6429 
9076 1807 761 6430 
9077 761 2226 6430 
9078 2226 1807 6430 
9079 624 1730 6431 
9080 1730 2729 6431 
9081 2729 624 6431 
9082 511 2872 6432 
9083 2872 3116 6432 
9084 3116 511 6432 
9085 1759 2408 6433 
9086 2408 2686 6433 
9087 2686 1759 6433 
9088 200 201 6434 
9089 201 2546 6434 
9090 2546 200 6434 
9091 705 1434 6435 
9092 1434 2131 6435 
9093 2131 705 6435 
9094 1547 611 6436 
9095 611 2989 6436 
9096 2989 1547 6436 
9097 1534 804 6437 
9098 804 2402 6437 
9099 2402 1534 6437 
9100 711 1497 6438 
9101 1497 2281 6438 
9102 2281 711 6438 
9103 1297 2500 6439 
9104 2500 2725 6439 
9105 2725 1297 6439 
9106 1800 960 6440 
9107 960 2447 6440 
9108 2447 1800 6440 
9109 437 1800 6441 
9110 1800 2447 6441 
9111 2447 437 6441 
9112 1674 1426 6442 
9113 1426 3138 6442 
9114 3138 1674 6442 
9115 997 1647 6443 
9116 1647 2860 6443 
9117 2860 997 6443 
9118 1647 332 6444 
9119 332 2860 6444 
9120 2860 1647 6444 
9121 817 2286 6445 
9122 2286 2802 6445 
9123 2802 817 6445 
9124 1627 978 6446 
9125 978 2815 6446 
9126 2815 1627 6446 
9127 362 1627 6447 
9128 1627 2815 6447 
9129 2815 362 6447 
9130 742 1453 6448 
9131 1453 2093 6448 
9132 2093 742 6448 
9133 407 1433 6449 
9134 1433 2153 6449 
9135 2153 407 6449 
9136 412 2350 6450 
9137 2350 2909 6450 
9138 2909 412 6450 
9139 1610 404 6451 
9140 404 1893 6451 
9141 1893 1610 6451 
9142 922 1609 6452 
9143 1609 2824 6452 
9144 2824 922 6452 
9145 371 1499 6453 
9146 1499 2002 6453 
9147 2002 371 6453 
9148 769 1848 6454 
9149 1848 2098 6454 
9150 2098 769 6454 
9151 2922 1026 6455 
9152 1026 3262 6455 
9153 3262 2922 6455 
9154 1426 736 6456 
9155 736 2178 6456 
9156 2178 1426 6456 
9157 1467 583 6457 
9158 583 3337 6457 
9159 3337 1467 6457 
9160 2023 331 6458 
9161 331 3118 6458 
9162 3118 2023 6458 
9163 1898 847 6459 
9164 847 1962 6459 
9165 1962 1898 6459 
9166 2324 664 6460 
9167 664 2981 6460 
9168 2981 2324 6460 
9169 1431 725 6461 
9170 725 2189 6461 
9171 2189 1431 6461 
9172 1270 2742 6462 
9173 2742 3483 6462 
9174 3483 1270 6462 
9175 1883 897 6463 
9176 897 2163 6463 
9177 2163 1883 6463 
9178 1119 1907 6464 
9179 1907 2704 6464 
9180 2704 1119 6464 
9181 1125 1710 6465 
9182 1710 2028 6465 
9183 2028 1125 6465 
9184 2051 1693 6466 
9185 1693 2992 6466 
9186 2992 2051 6466 
9187 1062 1708 6467 
9188 1708 2532 6467 
9189 2532 1062 6467 
9190 1490 899 6468 
9191 899 2632 6468 
9192 2632 1490 6468 
9193 948 1655 6469 
9194 1655 2999 6469 
9195 2999 948 6469 
9196 1544 356 6470 
9197 356 1948 6470 
9198 1948 1544 6470 
9199 1950 479 6471 
9200 479 2599 6471 
9201 2599 1950 6471 
9202 1413 791 6472 
9203 791 2267 6472 
9204 2267 1413 6472 
9205 1284 2017 6473 
9206 2017 2944 6473 
9207 2944 1284 6473 
9208 2017 331 6474 
9209 331 2944 6474 
9210 2944 2017 6474 
9211 1802 1215 6475 
9212 1215 2440 6475 
9213 2440 1802 6475 
9214 106 1952 6476 
9215 1952 2948 6476 
9216 2948 106 6476 
9217 1648 628 6477 
9218 628 3040 6477 
9219 3040 1648 6477 
9220 2198 757 6478 
9221 757 3379 6478 
9222 3379 2198 6478 
9223 1184 2096 6479 
9224 2096 3289 6479 
9225 3289 1184 6479 
9226 145 146 6480 
9227 146 1751 6480 
9228 1751 145 6480 
9229 1716 2861 6481 
9230 2861 2995 6481 
9231 2995 1716 6481 
9232 1524 72 6482 
9233 72 2609 6482 
9234 2609 1524 6482 
9235 87 1525 6483 
9236 1525 2610 6483 
9237 2610 87 6483 
9238 941 2598 6484 
9239 2598 3085 6484 
9240 3085 941 6484 
9241 610 1988 6485 
9242 1988 2451 6485 
9243 2451 610 6485 
9244 1988 1064 6486 
9245 1064 2451 6486 
9246 2451 1988 6486 
9247 520 1839 6487 
9248 1839 1844 6487 
9249 1844 520 6487 
9250 1839 860 6488 
9251 860 1844 6488 
9252 1844 1839 6488 
9253 619 1737 6489 
9254 1737 2718 6489 
9255 2718 619 6489 
9256 991 2354 6490 
9257 2354 3199 6490 
9258 3199 991 6490 
9259 1533 648 6491 
9260 648 1968 6491 
9261 1968 1533 6491 
9262 805 1604 6492 
9263 1604 1893 6492 
9264 1893 805 6492 
9265 1013 1589 6493 
9266 1589 3214 6493 
9267 3214 1013 6493 
9268 2000 449 6494 
9269 449 2366 6494 
9270 2366 2000 6494 
9271 1406 902 6495 
9272 902 2714 6495 
9273 2714 1406 6495 
9274 1907 447 6496 
9275 447 2704 6496 
9276 2704 1907 6496 
9277 235 1490 6497 
9278 1490 2632 6497 
9279 2632 235 6497 
9280 1427 565 6498 
9281 565 2294 6498 
9282 2294 1427 6498 
9283 868 1591 6499 
9284 1591 2543 6499 
9285 2543 868 6499 
9286 641 1680 6500 
9287 1680 2715 6500 
9288 2715 641 6500 
9289 184 1649 6501 
9290 1649 1958 6501 
9291 1958 184 6501 
9292 1537 2237 6502 
9293 2237 2917 6502 
9294 2917 1537 6502 
9295 411 2347 6503 
9296 2347 2847 6503 
9297 2847 411 6503 
9298 1710 406 6504 
9299 406 2028 6504 
9300 2028 1710 6504 
9301 1661 2236 6505 
9302 2236 3233 6505 
9303 3233 1661 6505 
9304 825 1484 6506 
9305 1484 2427 6506 
9306 2427 825 6506 
9307 1484 164 6507 
9308 164 2427 6507 
9309 2427 1484 6507 
9310 327 1431 6508 
9311 1431 3075 6508 
9312 3075 327 6508 
9313 422 1475 6509 
9314 1475 2789 6509 
9315 2789 422 6509 
9316 1678 477 6510 
9317 477 3064 6510 
9318 3064 1678 6510 
9319 1440 374 6511 
9320 374 2176 6511 
9321 2176 1440 6511 
9322 1571 806 6512 
9323 806 2400 6512 
9324 2400 1571 6512 
9325 2510 941 6513 
9326 941 2647 6513 
9327 2647 2510 6513 
9328 1098 1700 6514 
9329 1700 3192 6514 
9330 3192 1098 6514 
9331 1416 839 6515 
9332 839 2731 6515 
9333 2731 1416 6515 
9334 515 1416 6516 
9335 1416 2731 6516 
9336 2731 515 6516 
9337 438 2066 6517 
9338 2066 2608 6517 
9339 2608 438 6517 
9340 1423 3026 6518 
9341 3026 3320 6518 
9342 3320 1423 6518 
9343 2572 120 6519 
9344 120 3069 6519 
9345 3069 2572 6519 
9346 2836 1282 6520 
9347 1282 3298 6520 
9348 3298 2836 6520 
9349 709 1438 6521 
9350 1438 3112 6521 
9351 3112 709 6521 
9352 476 2278 6522 
9353 2278 2812 6522 
9354 2812 476 6522 
9355 662 2185 6523 
9356 2185 2331 6523 
9357 2331 662 6523 
9358 1073 1491 6524 
9359 1491 2434 6524 
9360 2434 1073 6524 
9361 932 1404 6525 
9362 1404 2394 6525 
9363 2394 932 6525 
9364 281 1883 6526 
9365 1883 2163 6526 
9366 2163 281 6526 
9367 2286 1292 6527 
9368 1292 2802 6527 
9369 2802 2286 6527 
9370 1252 2065 6528 
9371 2065 2818 6528 
9372 2818 1252 6528 
9373 496 2156 6529 
9374 2156 3148 6529 
9375 3148 496 6529 
9376 535 2403 6530 
9377 2403 3227 6530 
9378 3227 535 6530 
9379 1439 645 6531 
9380 645 3256 6531 
9381 3256 1439 6531 
9382 786 1399 6532 
9383 1399 2856 6532 
9384 2856 786 6532 
9385 223 1689 6533 
9386 1689 2643 6533 
9387 2643 223 6533 
9388 733 1440 6534 
9389 1440 2176 6534 
9390 2176 733 6534 
9391 1488 435 6535 
9392 435 2930 6535 
9393 2930 1488 6535 
9394 477 1678 6536 
9395 1678 2626 6536 
9396 2626 477 6536 
9397 1678 954 6537 
9398 954 2626 6537 
9399 2626 1678 6537 
9400 406 1483 6538 
9401 1483 2028 6538 
9402 2028 406 6538 
9403 931 1716 6539 
9404 1716 2995 6539 
9405 2995 931 6539 
9406 267 1511 6540 
9407 1511 3278 6540 
9408 3278 267 6540 
9409 589 1405 6541 
9410 1405 2753 6541 
9411 2753 589 6541 
9412 1932 868 6542 
9413 868 2543 6542 
9414 2543 1932 6542 
9415 1060 1932 6543 
9416 1932 2543 6543 
9417 2543 1060 6543 
9418 798 2027 6544 
9419 2027 2338 6544 
9420 2338 798 6544 
9421 1830 677 6545 
9422 677 3009 6545 
9423 3009 1830 6545 
9424 1181 1830 6546 
9425 1830 3009 6546 
9426 3009 1181 6546 
9427 1855 994 6547 
9428 994 2651 6547 
9429 2651 1855 6547 
9430 1649 747 6548 
9431 747 1958 6548 
9432 1958 1649 6548 
9433 964 1758 6549 
9434 1758 2729 6549 
9435 2729 964 6549 
9436 2500 521 6550 
9437 521 2725 6550 
9438 2725 2500 6550 
9439 819 1418 6551 
9440 1418 2621 6551 
9441 2621 819 6551 
9442 357 2130 6552 
9443 2130 3117 6552 
9444 3117 357 6552 
9445 1600 771 6553 
9446 771 2011 6553 
9447 2011 1600 6553 
9448 306 1600 6554 
9449 1600 2011 6554 
9450 2011 306 6554 
9451 1439 797 6555 
9452 797 2192 6555 
9453 2192 1439 6555 
9454 1475 633 6556 
9455 633 2789 6556 
9456 2789 1475 6556 
9457 2818 2065 6557 
9458 2065 3380 6557 
9459 3380 2818 6557 
9460 1889 297 6558 
9461 297 2230 6558 
9462 2230 1889 6558 
9463 127 128 6559 
9464 128 2077 6559 
9465 2077 127 6559 
9466 1417 892 6560 
9467 892 3201 6560 
9468 3201 1417 6560 
9469 1453 742 6561 
9470 742 3398 6561 
9471 3398 1453 6561 
9472 458 1559 6562 
9473 1559 1961 6562 
9474 1961 458 6562 
9475 1559 725 6563 
9476 725 1961 6563 
9477 1961 1559 6563 
9478 2219 70 6564 
9479 70 2252 6564 
9480 2252 2219 6564 
9481 458 1748 6565 
9482 1748 2938 6565 
9483 2938 458 6565 
9484 1718 299 6566 
9485 299 1999 6566 
9486 1999 1718 6566 
9487 1028 1407 6567 
9488 1407 2721 6567 
9489 2721 1028 6567 
9490 1015 1733 6568 
9491 1733 2755 6568 
9492 2755 1015 6568 
9493 1516 275 6569 
9494 275 2114 6569 
9495 2114 1516 6569 
9496 2099 15 6570 
9497 15 3453 6570 
9498 3453 2099 6570 
9499 1464 271 6571 
9500 271 3257 6571 
9501 3257 1464 6571 
9502 1416 756 6572 
9503 756 2602 6572 
9504 2602 1416 6572 
9505 2029 785 6573 
9506 785 2067 6573 
9507 2067 2029 6573 
9508 387 1613 6574 
9509 1613 2102 6574 
9510 2102 387 6574 
9511 199 200 6575 
9512 200 2020 6575 
9513 2020 199 6575 
9514 1818 920 6576 
9515 920 3018 6576 
9516 3018 1818 6576 
9517 1556 1022 6577 
9518 1022 2308 6577 
9519 2308 1556 6577 
9520 948 1853 6578 
9521 1853 2735 6578 
9522 2735 948 6578 
9523 1859 810 6579 
9524 810 1985 6579 
9525 1985 1859 6579 
9526 1548 339 6580 
9527 339 2863 6580 
9528 2863 1548 6580 
9529 945 1548 6581 
9530 1548 2863 6581 
9531 2863 945 6581 
9532 2502 1129 6582 
9533 1129 2928 6582 
9534 2928 2502 6582 
9535 1715 1444 6583 
9536 1444 3074 6583 
9537 3074 1715 6583 
9538 2310 510 6584 
9539 510 3356 6584 
9540 3356 2310 6584 
9541 971 1726 6585 
9542 1726 3290 6585 
9543 3290 971 6585 
9544 2240 1293 6586 
9545 1293 3058 6586 
9546 3058 2240 6586 
9547 579 1645 6587 
9548 1645 2268 6587 
9549 2268 579 6587 
9550 439 1406 6588 
9551 1406 2544 6588 
9552 2544 439 6588 
9553 1637 2643 6589 
9554 2643 3040 6589 
9555 3040 1637 6589 
9556 598 1532 6590 
9557 1532 2005 6590 
9558 2005 598 6590 
9559 1467 630 6591 
9560 630 2130 6591 
9561 2130 1467 6591 
9562 1031 1459 6592 
9563 1459 2479 6592 
9564 2479 1031 6592 
9565 481 1890 6593 
9566 1890 2685 6593 
9567 2685 481 6593 
9568 2724 1065 6594 
9569 1065 3370 6594 
9570 3370 2724 6594 
9571 181 182 6595 
9572 182 2323 6595 
9573 2323 181 6595 
9574 1355 3025 6596 
9575 3025 3061 6596 
9576 3061 1355 6596 
9577 409 1456 6597 
9578 1456 2184 6597 
9579 2184 409 6597 
9580 420 1500 6598 
9581 1500 2057 6598 
9582 2057 420 6598 
9583 2529 970 6599 
9584 970 2572 6599 
9585 2572 2529 6599 
9586 1387 2529 6600 
9587 2529 2572 6600 
9588 2572 1387 6600 
9589 1418 819 6601 
9590 819 2410 6601 
9591 2410 1418 6601 
9592 1479 701 6602 
9593 701 2097 6602 
9594 2097 1479 6602 
9595 1408 405 6603 
9596 405 3109 6603 
9597 3109 1408 6603 
9598 989 1955 6604 
9599 1955 2149 6604 
9600 2149 989 6604 
9601 2419 798 6605 
9602 798 3386 6605 
9603 3386 2419 6605 
9604 685 1906 6606 
9605 1906 3314 6606 
9606 3314 685 6606 
9607 1624 1124 6607 
9608 1124 2101 6607 
9609 2101 1624 6607 
9610 869 1497 6608 
9611 1497 3423 6608 
9612 3423 869 6608 
9613 394 1557 6609 
9614 1557 2520 6609 
9615 2520 394 6609 
9616 946 1703 6610 
9617 1703 2294 6610 
9618 2294 946 6610 
9619 1984 770 6611 
9620 770 2108 6611 
9621 2108 1984 6611 
9622 1659 638 6612 
9623 638 2089 6612 
9624 2089 1659 6612 
9625 924 1577 6613 
9626 1577 2743 6613 
9627 2743 924 6613 
9628 1577 640 6614 
9629 640 2743 6614 
9630 2743 1577 6614 
9631 44 45 6615 
9632 45 1788 6615 
9633 1788 44 6615 
9634 1491 1073 6616 
9635 1073 3438 6616 
9636 3438 1491 6616 
9637 787 1718 6617 
9638 1718 1999 6617 
9639 1999 787 6617 
9640 690 1627 6618 
9641 1627 1919 6618 
9642 1919 690 6618 
9643 214 215 6619 
9644 215 1866 6619 
9645 1866 214 6619 
9646 277 1455 6620 
9647 1455 2199 6620 
9648 2199 277 6620 
9649 1996 940 6621 
9650 940 2873 6621 
9651 2873 1996 6621 
9652 1230 1996 6622 
9653 1996 2873 6622 
9654 2873 1230 6622 
9655 1869 1013 6623 
9656 1013 2949 6623 
9657 2949 1869 6623 
9658 1466 18 6624 
9659 18 2198 6624 
9660 2198 1466 6624 
9661 1628 1085 6625 
9662 1085 2017 6625 
9663 2017 1628 6625 
9664 1445 476 6626 
9665 476 2233 6626 
9666 2233 1445 6626 
9667 1819 824 6627 
9668 824 2383 6627 
9669 2383 1819 6627 
9670 1387 2572 6628 
9671 2572 3069 6628 
9672 3069 1387 6628 
9673 1133 2748 6629 
9674 2748 2868 6629 
9675 2868 1133 6629 
9676 1573 1096 6630 
9677 1096 3343 6630 
9678 3343 1573 6630 
9679 571 1573 6631 
9680 1573 3343 6631 
9681 3343 571 6631 
9682 2310 1132 6632 
9683 1132 2927 6632 
9684 2927 2310 6632 
9685 2143 1157 6633 
9686 1157 3277 6633 
9687 3277 2143 6633 
9688 2126 1045 6634 
9689 1045 3389 6634 
9690 3389 2126 6634 
9691 1598 1272 6635 
9692 1272 2414 6635 
9693 2414 1598 6635 
9694 828 2388 6636 
9695 2388 2700 6636 
9696 2700 828 6636 
9697 2388 1377 6637 
9698 1377 2700 6637 
9699 2700 2388 6637 
9700 1466 2198 6638 
9701 2198 3379 6638 
9702 3379 1466 6638 
9703 503 1902 6639 
9704 1902 3318 6639 
9705 3318 503 6639 
9706 1026 2327 6640 
9707 2327 3262 6640 
9708 3262 1026 6640 
9709 1436 757 6641 
9710 757 2523 6641 
9711 2523 1436 6641 
9712 412 1664 6642 
9713 1664 3169 6642 
9714 3169 412 6642 
9715 2253 1244 6643 
9716 1244 3308 6643 
9717 3308 2253 6643 
9718 896 2481 6644 
9719 2481 2848 6644 
9720 2848 896 6644 
9721 1018 2265 6645 
9722 2265 2603 6645 
9723 2603 1018 6645 
9724 806 1571 6646 
9725 1571 2430 6646 
9726 2430 806 6646 
9727 1906 1317 6647 
9728 1317 3314 6647 
9729 3314 1906 6647 
9730 704 1468 6648 
9731 1468 2158 6648 
9732 2158 704 6648 
9733 1545 1913 6649 
9734 1913 2978 6649 
9735 2978 1545 6649 
9736 150 151 6650 
9737 151 2251 6650 
9738 2251 150 6650 
9739 843 2449 6651 
9740 2449 2764 6651 
9741 2764 843 6651 
9742 1914 808 6652 
9743 808 2128 6652 
9744 2128 1914 6652 
9745 885 1914 6653 
9746 1914 2128 6653 
9747 2128 885 6653 
9748 241 242 6654 
9749 242 1832 6654 
9750 1832 241 6654 
9751 565 1427 6655 
9752 1427 2691 6655 
9753 2691 565 6655 
9754 268 1596 6656 
9755 1596 1994 6656 
9756 1994 268 6656 
9757 1596 738 6657 
9758 738 1994 6657 
9759 1994 1596 6657 
9760 719 1503 6658 
9761 1503 2971 6658 
9762 2971 719 6658 
9763 2449 1395 6659 
9764 1395 2764 6659 
9765 2764 2449 6659 
9766 592 1424 6660 
9767 1424 2862 6660 
9768 2862 592 6660 
9769 1498 384 6661 
9770 384 3030 6661 
9771 3030 1498 6661 
9772 216 217 6662 
9773 217 2086 6662 
9774 2086 216 6662 
9775 1534 2402 6663 
9776 2402 3475 6663 
9777 3475 1534 6663 
9778 409 2184 6664 
9779 2184 2456 6664 
9780 2456 409 6664 
9781 1948 356 6665 
9782 356 3395 6665 
9783 3395 1948 6665 
9784 538 1408 6666 
9785 1408 2640 6666 
9786 2640 538 6666 
9787 1912 450 6667 
9788 450 3315 6667 
9789 3315 1912 6667 
9790 341 1503 6668 
9791 1503 2528 6668 
9792 2528 341 6668 
9793 1769 641 6669 
9794 641 2715 6669 
9795 2715 1769 6669 
9796 1589 1013 6670 
9797 1013 3403 6670 
9798 3403 1589 6670 
9799 1494 767 6671 
9800 767 2165 6671 
9801 2165 1494 6671 
9802 196 1494 6672 
9803 1494 2165 6672 
9804 2165 196 6672 
9805 1527 373 6673 
9806 373 2326 6673 
9807 2326 1527 6673 
9808 720 1522 6674 
9809 1522 2302 6674 
9810 2302 720 6674 
9811 1460 754 6675 
9812 754 2296 6675 
9813 2296 1460 6675 
9814 929 2819 6676 
9815 2819 3114 6676 
9816 3114 929 6676 
9817 1521 349 6677 
9818 349 3160 6677 
9819 3160 1521 6677 
9820 1183 2349 6678 
9821 2349 2727 6678 
9822 2727 1183 6678 
9823 731 1473 6679 
9824 1473 2478 6679 
9825 2478 731 6679 
9826 2228 929 6680 
9827 929 3114 6680 
9828 3114 2228 6680 
9829 1446 206 6681 
9830 206 2275 6681 
9831 2275 1446 6681 
9832 379 1735 6682 
9833 1735 1964 6682 
9834 1964 379 6682 
9835 1521 720 6683 
9836 720 3134 6683 
9837 3134 1521 6683 
9838 1938 953 6684 
9839 953 2384 6684 
9840 2384 1938 6684 
9841 953 1498 6685 
9842 1498 3030 6685 
9843 3030 953 6685 
9844 410 1497 6686 
9845 1497 2769 6686 
9846 2769 410 6686 
9847 1497 869 6687 
9848 869 2769 6687 
9849 2769 1497 6687 
9850 727 1858 6688 
9851 1858 2767 6688 
9852 2767 727 6688 
9853 276 1438 6689 
9854 1438 2826 6689 
9855 2826 276 6689 
9856 1438 862 6690 
9857 862 2826 6690 
9858 2826 1438 6690 
9859 1555 654 6691 
9860 654 1993 6691 
9861 1993 1555 6691 
9862 1491 383 6692 
9863 383 3404 6692 
9864 3404 1491 6692 
9865 217 1853 6693 
9866 1853 2086 6693 
9867 2086 217 6693 
9868 2182 957 6694 
9869 957 2275 6694 
9870 2275 2182 6694 
9871 713 1614 6695 
9872 1614 2334 6695 
9873 2334 713 6695 
9874 1448 298 6696 
9875 298 3063 6696 
9876 3063 1448 6696 
9877 1567 938 6697 
9878 938 2575 6697 
9879 2575 1567 6697 
9880 1577 349 6698 
9881 349 2652 6698 
9882 2652 1577 6698 
9883 1420 925 6699 
9884 925 2611 6699 
9885 2611 1420 6699 
9886 1813 973 6700 
9887 973 2224 6700 
9888 2224 1813 6700 
9889 1137 1814 6701 
9890 1814 3319 6701 
9891 3319 1137 6701 
9892 289 2047 6702 
9893 2047 3399 6702 
9894 3399 289 6702 
9895 1563 713 6703 
9896 713 3077 6703 
9897 3077 1563 6703 
9898 710 1427 6704 
9899 1427 2893 6704 
9900 2893 710 6704 
9901 1506 166 6705 
9902 166 2936 6705 
9903 2936 1506 6705 
9904 1030 1506 6706 
9905 1506 2936 6706 
9906 2936 1030 6706 
9907 1545 939 6707 
9908 939 2791 6707 
9909 2791 1545 6707 
9910 1566 818 6708 
9911 818 2391 6708 
9912 2391 1566 6708 
9913 393 1566 6709 
9914 1566 2391 6709 
9915 2391 393 6709 
9916 2450 980 6710 
9917 980 2616 6710 
9918 2616 2450 6710 
9919 461 3067 6711 
9920 3067 3207 6711 
9921 3207 461 6711 
9922 1321 1681 6712 
9923 1681 2745 6712 
9924 2745 1321 6712 
9925 383 2477 6713 
9926 2477 2967 6713 
9927 2967 383 6713 
9928 828 1811 6714 
9929 1811 2388 6714 
9930 2388 828 6714 
9931 737 2203 6715 
9932 2203 2675 6715 
9933 2675 737 6715 
9934 1830 1181 6716 
9935 1181 3241 6716 
9936 3241 1830 6716 
9937 345 1814 6717 
9938 1814 3185 6717 
9939 3185 345 6717 
9940 432 1618 6718 
9941 1618 2159 6718 
9942 2159 432 6718 
9943 2047 1425 6719 
9944 1425 3399 6719 
9945 3399 2047 6719 
9946 394 2387 6720 
9947 2387 2605 6720 
9948 2605 394 6720 
9949 1488 716 6721 
9950 716 2111 6721 
9951 2111 1488 6721 
9952 2360 270 6722 
9953 270 2604 6722 
9954 2604 2360 6722 
9955 890 1428 6723 
9956 1428 3150 6723 
9957 3150 890 6723 
9958 2045 1025 6724 
9959 1025 2327 6724 
9960 2327 2045 6724 
9961 429 2045 6725 
9962 2045 2327 6725 
9963 2327 429 6725 
9964 920 1688 6726 
9965 1688 2565 6726 
9966 2565 920 6726 
9967 1676 1212 6727 
9968 1212 3491 6727 
9969 3491 1676 6727 
9970 2426 847 6728 
9971 847 2585 6728 
9972 2585 2426 6728 
9973 791 2683 6729 
9974 2683 3406 6729 
9975 3406 791 6729 
9976 1473 731 6730 
9977 731 3295 6730 
9978 3295 1473 6730 
9979 1688 483 6731 
9980 483 2565 6731 
9981 2565 1688 6731 
9982 1422 846 6732 
9983 846 2618 6732 
9984 2618 1422 6732 
9985 489 2193 6733 
9986 2193 2339 6733 
9987 2339 489 6733 
9988 2193 1103 6734 
9989 1103 2339 6734 
9990 2339 2193 6734 
9991 1492 587 6735 
9992 587 3463 6735 
9993 3463 1492 6735 
9994 32 1545 6736 
9995 1545 2791 6736 
9996 2791 32 6736 
9997 1455 840 6737 
9998 840 2292 6737 
9999 2292 1455 6737 
10000 2379 795 6738 
10001 795 3346 6738 
10002 3346 2379 6738 
10003 1426 122 6739 
10004 122 3138 6739 
10005 3138 1426 6739 
10006 64 1429 6740 
10007 1429 2781 6740 
10008 2781 64 6740 
10009 1490 236 6741 
10010 236 2738 6741 
10011 2738 1490 6741 
10012 1149 2040 6742 
10013 2040 3235 6742 
10014 3235 1149 6742 
10015 2551 1001 6743 
10016 1001 2888 6743 
10017 2888 2551 6743 
10018 1631 1155 6744 
10019 1155 2845 6744 
10020 2845 1631 6744 
10021 380 1743 6745 
10022 1743 1864 6745 
10023 1864 380 6745 
10024 75 1586 6746 
10025 1586 2594 6746 
10026 2594 75 6746 
10027 3026 1099 6747 
10028 1099 3320 6747 
10029 3320 3026 6747 
10030 754 1616 6748 
10031 1616 2038 6748 
10032 2038 754 6748 
10033 1616 609 6749 
10034 609 2038 6749 
10035 2038 1616 6749 
10036 715 1762 6750 
10037 1762 2816 6750 
10038 2816 715 6750 
10039 1447 577 6751 
10040 577 2998 6751 
10041 2998 1447 6751 
10042 1872 50 6752 
10043 50 2014 6752 
10044 2014 1872 6752 
10045 1452 558 6753 
10046 558 3007 6753 
10047 3007 1452 6753 
10048 1697 210 6754 
10049 210 3119 6754 
10050 3119 1697 6754 
10051 286 1606 6755 
10052 1606 2240 6755 
10053 2240 286 6755 
10054 49 50 6756 
10055 50 1872 6756 
10056 1872 49 6756 
10057 384 1465 6757 
10058 1465 3030 6757 
10059 3030 384 6757 
10060 375 2313 6758 
10061 2313 3147 6758 
10062 3147 375 6758 
10063 2152 1650 6759 
10064 1650 2776 6759 
10065 2776 2152 6759 
10066 245 3005 6760 
10067 3005 3032 6760 
10068 3032 245 6760 
10069 1938 2384 6761 
10070 2384 3371 6761 
10071 3371 1938 6761 
10072 1675 488 6762 
10073 488 2405 6762 
10074 2405 1675 6762 
10075 857 1675 6763 
10076 1675 2405 6763 
10077 2405 857 6763 
10078 1689 919 6764 
10079 919 2643 6764 
10080 2643 1689 6764 
10081 1603 1302 6765 
10082 1302 2929 6765 
10083 2929 1603 6765 
10084 2149 743 6766 
10085 743 3233 6766 
10086 3233 2149 6766 
10087 1571 2400 6767 
10088 2400 3461 6767 
10089 3461 1571 6767 
10090 473 1895 6768 
10091 1895 2562 6768 
10092 2562 473 6768 
10093 1895 1021 6769 
10094 1021 2562 6769 
10095 2562 1895 6769 
10096 2032 727 6770 
10097 727 2767 6770 
10098 2767 2032 6770 
10099 1613 2803 6771 
10100 2803 3468 6771 
10101 3468 1613 6771 
10102 1771 1320 6772 
10103 1320 2139 6772 
10104 2139 1771 6772 
10105 492 1880 6773 
10106 1880 3132 6773 
10107 3132 492 6773 
10108 1561 312 6774 
10109 312 2889 6774 
10110 2889 1561 6774 
10111 2853 338 6775 
10112 338 2994 6775 
10113 2994 2853 6775 
10114 773 1488 6776 
10115 1488 2396 6776 
10116 2396 773 6776 
10117 807 2380 6777 
10118 2380 3165 6777 
10119 3165 807 6777 
10120 117 1579 6778 
10121 1579 2855 6778 
10122 2855 117 6778 
10123 197 198 6779 
10124 198 1821 6779 
10125 1821 197 6779 
10126 559 1487 6780 
10127 1487 2935 6780 
10128 2935 559 6780 
10129 570 1609 6781 
10130 1609 2432 6781 
10131 2432 570 6781 
10132 743 1955 6782 
10133 1955 2536 6782 
10134 2536 743 6782 
10135 2249 1630 6783 
10136 1630 3303 6783 
10137 3303 2249 6783 
10138 1620 2908 6784 
10139 2908 2991 6784 
10140 2991 1620 6784 
10141 2898 365 6785 
10142 365 3186 6785 
10143 3186 2898 6785 
10144 214 1866 6786 
10145 1866 2378 6786 
10146 2378 214 6786 
10147 1800 572 6787 
10148 572 3046 6787 
10149 3046 1800 6787 
10150 888 1500 6788 
10151 1500 2861 6788 
10152 2861 888 6788 
10153 1500 420 6789 
10154 420 2861 6789 
10155 2861 1500 6789 
10156 1986 497 6790 
10157 497 3021 6790 
10158 3021 1986 6790 
10159 89 2365 6791 
10160 2365 2425 6791 
10161 2425 89 6791 
10162 1693 1035 6792 
10163 1035 2698 6792 
10164 2698 1693 6792 
10165 590 1433 6793 
10166 1433 2645 6793 
10167 2645 590 6793 
10168 2074 451 6794 
10169 451 2670 6794 
10170 2670 2074 6794 
10171 1589 287 6795 
10172 287 3214 6795 
10173 3214 1589 6795 
10174 2820 1648 6796 
10175 1648 3040 6796 
10176 3040 2820 6796 
10177 1821 3020 6797 
10178 3020 3447 6797 
10179 3447 1821 6797 
10180 203 204 6798 
10181 204 1917 6798 
10182 1917 203 6798 
10183 276 1611 6799 
10184 1611 3112 6799 
10185 3112 276 6799 
10186 1971 700 6800 
10187 700 3232 6800 
10188 3232 1971 6800 
10189 947 1561 6801 
10190 1561 2889 6801 
10191 2889 947 6801 
10192 369 1922 6802 
10193 1922 2129 6802 
10194 2129 369 6802 
10195 1922 935 6803 
10196 935 2129 6803 
10197 2129 1922 6803 
10198 1809 800 6804 
10199 800 2513 6804 
10200 2513 1809 6804 
10201 1609 841 6805 
10202 841 2432 6805 
10203 2432 1609 6805 
10204 1177 2421 6806 
10205 2421 3269 6806 
10206 3269 1177 6806 
10207 1946 813 6807 
10208 813 2211 6807 
10209 2211 1946 6807 
10210 376 1635 6808 
10211 1635 2181 6808 
10212 2181 376 6808 
10213 782 1863 6809 
10214 1863 1933 6809 
10215 1933 782 6809 
10216 848 1807 6810 
10217 1807 2641 6810 
10218 2641 848 6810 
10219 1269 1986 6811 
10220 1986 3021 6811 
10221 3021 1269 6811 
10222 428 1989 6812 
10223 1989 2435 6812 
10224 2435 428 6812 
10225 54 55 6813 
10226 55 2379 6813 
10227 2379 54 6813 
10228 573 1790 6814 
10229 1790 3047 6814 
10230 3047 573 6814 
10231 797 1439 6815 
10232 1439 3344 6815 
10233 3344 797 6815 
10234 1787 690 6816 
10235 690 1919 6816 
10236 1919 1787 6816 
10237 782 1787 6817 
10238 1787 1919 6817 
10239 1919 782 6817 
10240 904 1710 6818 
10241 1710 2978 6818 
10242 2978 904 6818 
10243 1087 1904 6819 
10244 1904 1987 6819 
10245 1987 1087 6819 
10246 1504 1099 6820 
10247 1099 3027 6820 
10248 3027 1504 6820 
10249 33 34 6821 
10250 34 1913 6821 
10251 1913 33 6821 
10252 891 1461 6822 
10253 1461 2991 6822 
10254 2991 891 6822 
10255 1092 1680 6823 
10256 1680 2233 6823 
10257 2233 1092 6823 
10258 779 2881 6824 
10259 2881 3128 6824 
10260 3128 779 6824 
10261 2203 1073 6825 
10262 1073 2284 6825 
10263 2284 2203 6825 
10264 307 2203 6826 
10265 2203 2284 6826 
10266 2284 307 6826 
10267 662 1499 6827 
10268 1499 2185 6827 
10269 2185 662 6827 
10270 1640 273 6828 
10271 273 2364 6828 
10272 2364 1640 6828 
10273 1897 1037 6829 
10274 1037 2544 6829 
10275 2544 1897 6829 
10276 643 1466 6830 
10277 1466 3379 6830 
10278 3379 643 6830 
10279 493 2507 6831 
10280 2507 3216 6831 
10281 3216 493 6831 
10282 30 1504 6832 
10283 1504 3027 6832 
10284 3027 30 6832 
10285 1019 3190 6833 
10286 3190 3249 6833 
10287 3249 1019 6833 
10288 1609 922 6834 
10289 922 2994 6834 
10290 2994 1609 6834 
10291 1485 632 6835 
10292 632 2214 6835 
10293 2214 1485 6835 
10294 888 1716 6836 
10295 1716 1984 6836 
10296 1984 888 6836 
10297 1531 562 6837 
10298 562 2857 6837 
10299 2857 1531 6837 
10300 844 1441 6838 
10301 1441 2600 6838 
10302 2600 844 6838 
10303 414 1785 6839 
10304 1785 3187 6839 
10305 3187 414 6839 
10306 380 1684 6840 
10307 1684 2058 6840 
10308 2058 380 6840 
10309 2123 780 6841 
10310 780 2435 6841 
10311 2435 2123 6841 
10312 1480 602 6842 
10313 602 2969 6842 
10314 2969 1480 6842 
10315 903 1480 6843 
10316 1480 2969 6843 
10317 2969 903 6843 
10318 721 1621 6844 
10319 1621 3278 6844 
10320 3278 721 6844 
10321 1444 778 6845 
10322 778 2737 6845 
10323 2737 1444 6845 
10324 1684 774 6846 
10325 774 2058 6846 
10326 2058 1684 6846 
10327 1609 570 6847 
10328 570 2824 6847 
10329 2824 1609 6847 
10330 269 1449 6848 
10331 1449 2837 6848 
10332 2837 269 6848 
10333 1461 580 6849 
10334 580 2991 6849 
10335 2991 1461 6849 
10336 227 228 6850 
10337 228 1906 6850 
10338 1906 227 6850 
10339 1746 908 6851 
10340 908 2441 6851 
10341 2441 1746 6851 
10342 173 174 6852 
10343 174 2581 6852 
10344 2581 173 6852 
10345 1606 644 6853 
10346 644 2635 6853 
10347 2635 1606 6853 
10348 1560 2910 6854 
10349 2910 3397 6854 
10350 3397 1560 6854 
10351 1462 795 6855 
10352 795 2379 6855 
10353 2379 1462 6855 
10354 749 1543 6856 
10355 1543 2209 6856 
10356 2209 749 6856 
10357 586 1456 6857 
10358 1456 2888 6857 
10359 2888 586 6857 
10360 1793 285 6858 
10361 285 2852 6858 
10362 2852 1793 6858 
10363 2007 1769 6859 
10364 1769 3182 6859 
10365 3182 2007 6859 
10366 488 1797 6860 
10367 1797 2667 6860 
10368 2667 488 6860 
10369 2910 1022 6861 
10370 1022 3397 6861 
10371 3397 2910 6861 
10372 299 1718 6862 
10373 1718 2489 6862 
10374 2489 299 6862 
10375 1475 422 6863 
10376 422 2297 6863 
10377 2297 1475 6863 
10378 1451 567 6864 
10379 567 2631 6864 
10380 2631 1451 6864 
10381 815 1451 6865 
10382 1451 2631 6865 
10383 2631 815 6865 
10384 2338 2027 6866 
10385 2027 3225 6866 
10386 3225 2338 6866 
10387 835 1552 6867 
10388 1552 2078 6867 
10389 2078 835 6867 
10390 1827 1070 6868 
10391 1070 3367 6868 
10392 3367 1827 6868 
10393 340 1532 6869 
10394 1532 3304 6869 
10395 3304 340 6869 
10396 1532 1014 6870 
10397 1014 3304 6870 
10398 3304 1532 6870 
10399 1742 706 6871 
10400 706 2879 6871 
10401 2879 1742 6871 
10402 889 2497 6872 
10403 2497 2882 6872 
10404 2882 889 6872 
10405 397 1556 6873 
10406 1556 2308 6873 
10407 2308 397 6873 
10408 1818 269 6874 
10409 269 3151 6874 
10410 3151 1818 6874 
10411 410 1583 6875 
10412 1583 2044 6875 
10413 2044 410 6875 
10414 681 1456 6876 
10415 1456 2483 6876 
10416 2483 681 6876 
10417 701 1535 6877 
10418 1535 2187 6877 
10419 2187 701 6877 
10420 1575 1232 6878 
10421 1232 2779 6878 
10422 2779 1575 6878 
10423 746 2104 6879 
10424 2104 2958 6879 
10425 2958 746 6879 
10426 2999 1655 6880 
10427 1655 3356 6880 
10428 3356 2999 6880 
10429 794 2089 6881 
10430 2089 2849 6881 
10431 2849 794 6881 
10432 640 1457 6882 
10433 1457 3049 6882 
10434 3049 640 6882 
10435 3074 1444 6883 
10436 1444 3385 6883 
10437 3385 3074 6883 
10438 644 1619 6884 
10439 1619 2635 6884 
10440 2635 644 6884 
10441 552 1571 6885 
10442 1571 3475 6885 
10443 3475 552 6885 
10444 1571 1110 6886 
10445 1110 3475 6886 
10446 3475 1571 6886 
10447 1615 1877 6887 
10448 1877 2561 6887 
10449 2561 1615 6887 
10450 857 1533 6888 
10451 1533 2663 6888 
10452 2663 857 6888 
10453 1533 403 6889 
10454 403 2663 6889 
10455 2663 1533 6889 
10456 805 1448 6890 
10457 1448 3063 6890 
10458 3063 805 6890 
10459 180 181 6891 
10460 181 1918 6891 
10461 1918 180 6891 
10462 1845 1177 6892 
10463 1177 2504 6892 
10464 2504 1845 6892 
10465 314 1845 6893 
10466 1845 2504 6893 
10467 2504 314 6893 
10468 148 1452 6894 
10469 1452 2570 6894 
10470 2570 148 6894 
10471 942 1694 6895 
10472 1694 2290 6895 
10473 2290 942 6895 
10474 2499 808 6896 
10475 808 3124 6896 
10476 3124 2499 6896 
10477 423 1584 6897 
10478 1584 2175 6897 
10479 2175 423 6897 
10480 2322 1740 6898 
10481 1740 3465 6898 
10482 3465 2322 6898 
10483 2110 766 6899 
10484 766 2959 6899 
10485 2959 2110 6899 
10486 108 109 6900 
10487 109 1901 6900 
10488 1901 108 6900 
10489 2413 1069 6901 
10490 1069 3396 6901 
10491 3396 2413 6901 
10492 664 1542 6902 
10493 1542 2180 6902 
10494 2180 664 6902 
10495 1453 700 6903 
10496 700 3151 6903 
10497 3151 1453 6903 
10498 1294 2569 6904 
10499 2569 3414 6904 
10500 3414 1294 6904 
10501 1897 2544 6905 
10502 2544 3429 6905 
10503 3429 1897 6905 
10504 2057 1327 6906 
10505 1327 2908 6906 
10506 2908 2057 6906 
10507 1647 3028 6907 
10508 3028 3110 6907 
10509 3110 1647 6907 
10510 840 1455 6908 
10511 1455 2775 6908 
10512 2775 840 6908 
10513 1455 277 6909 
10514 277 2775 6909 
10515 2775 1455 6909 
10516 2429 1009 6910 
10517 1009 3177 6910 
10518 3177 2429 6910 
10519 1961 725 6911 
10520 725 2081 6911 
10521 2081 1961 6911 
10522 1058 1595 6912 
10523 1595 3325 6912 
10524 3325 1058 6912 
10525 430 2292 6913 
10526 2292 3126 6913 
10527 3126 430 6913 
10528 46 47 6914 
10529 47 1926 6914 
10530 1926 46 6914 
10531 1637 222 6915 
10532 222 2643 6915 
10533 2643 1637 6915 
10534 2171 1295 6916 
10535 1295 2874 6916 
10536 2874 2171 6916 
10537 393 1496 6917 
10538 1496 2505 6917 
10539 2505 393 6917 
10540 961 2608 6918 
10541 2608 2900 6918 
10542 2900 961 6918 
10543 667 1455 6919 
10544 1455 2790 6919 
10545 2790 667 6919 
10546 630 1472 6920 
10547 1472 3448 6920 
10548 3448 630 6920 
10549 526 2171 6921 
10550 2171 2874 6921 
10551 2874 526 6921 
10552 909 1672 6922 
10553 1672 2120 6922 
10554 2120 909 6922 
10555 1672 593 6923 
10556 593 2120 6923 
10557 2120 1672 6923 
10558 263 2359 6924 
10559 2359 2533 6924 
10560 2533 263 6924 
10561 2359 1245 6925 
10562 1245 2533 6925 
10563 2533 2359 6925 
10564 3025 1033 6926 
10565 1033 3061 6926 
10566 3061 3025 6926 
10567 254 1542 6927 
10568 1542 2105 6927 
10569 2105 254 6927 
10570 211 212 6928 
10571 212 2010 6928 
10572 2010 211 6928 
10573 3020 1003 6929 
10574 1003 3447 6929 
10575 3447 3020 6929 
10576 1542 956 6930 
10577 956 2180 6930 
10578 2180 1542 6930 
10579 1448 1972 6931 
10580 1972 3143 6931 
10581 3143 1448 6931 
10582 632 1700 6932 
10583 1700 3167 6932 
10584 3167 632 6932 
10585 1026 2092 6933 
10586 2092 2327 6933 
10587 2327 1026 6933 
10588 2092 429 6934 
10589 429 2327 6934 
10590 2327 2092 6934 
10591 1806 403 6935 
10592 403 3029 6935 
10593 3029 1806 6935 
10594 312 1561 6936 
10595 1561 2096 6936 
10596 2096 312 6936 
10597 1723 741 6937 
10598 741 2118 6937 
10599 2118 1723 6937 
10600 364 1654 6938 
10601 1654 2346 6938 
10602 2346 364 6938 
10603 851 1857 6939 
10604 1857 2768 6939 
10605 2768 851 6939 
10606 1851 1409 6940 
10607 1409 3152 6940 
10608 3152 1851 6940 
10609 1990 461 6941 
10610 461 3207 6941 
10611 3207 1990 6941 
10612 1626 634 6942 
10613 634 2022 6942 
10614 2022 1626 6942 
10615 62 63 6943 
10616 63 2694 6943 
10617 2694 62 6943 
10618 296 1808 6944 
10619 1808 2293 6944 
10620 2293 296 6944 
10621 1595 544 6945 
10622 544 3325 6945 
10623 3325 1595 6945 
10624 938 1567 6946 
10625 1567 3136 6946 
10626 3136 938 6946 
10627 1514 379 6947 
10628 379 3357 6947 
10629 3357 1514 6947 
10630 2610 1525 6948 
10631 1525 3047 6948 
10632 3047 2610 6948 
10633 1524 2609 6949 
10634 2609 3046 6949 
10635 3046 1524 6949 
10636 696 1463 6950 
10637 1463 2817 6950 
10638 2817 696 6950 
10639 1497 410 6951 
10640 410 2281 6951 
10641 2281 1497 6951 
10642 833 1649 6952 
10643 1649 2393 6952 
10644 2393 833 6952 
10645 1649 185 6953 
10646 185 2393 6953 
10647 2393 1649 6953 
10648 67 1712 6954 
10649 1712 3141 6954 
10650 3141 67 6954 
10651 77 2355 6955 
10652 2355 2436 6955 
10653 2436 77 6955 
10654 2539 280 6956 
10655 280 3229 6956 
10656 3229 2539 6956 
10657 1700 1098 6957 
10658 1098 3167 6957 
10659 3167 1700 6957 
10660 435 1488 6958 
10661 1488 2382 6958 
10662 2382 435 6958 
10663 1633 646 6959 
10664 646 2556 6959 
10665 2556 1633 6959 
10666 865 1633 6960 
10667 1633 2556 6960 
10668 2556 865 6960 
10669 978 1627 6961 
10670 1627 2254 6961 
10671 2254 978 6961 
10672 241 1832 6962 
10673 1832 2243 6962 
10674 2243 241 6962 
10675 1695 332 6963 
10676 332 3110 6963 
10677 3110 1695 6963 
10678 1499 801 6964 
10679 801 2805 6964 
10680 2805 1499 6964 
10681 1489 493 6965 
10682 493 3216 6965 
10683 3216 1489 6965 
10684 1645 788 6966 
10685 788 2268 6966 
10686 2268 1645 6966 
10687 799 1872 6967 
10688 1872 2014 6967 
10689 2014 799 6967 
10690 210 211 6968 
10691 211 3119 6968 
10692 3119 210 6968 
10693 1514 631 6969 
10694 631 2238 6969 
10695 2238 1514 6969 
10696 1582 335 6970 
10697 335 3295 6970 
10698 3295 1582 6970 
10699 1538 498 6971 
10700 498 2194 6971 
10701 2194 1538 6971 
10702 1465 555 6972 
10703 555 3391 6972 
10704 3391 1465 6972 
10705 65 66 6973 
10706 66 1977 6973 
10707 1977 65 6973 
10708 1680 350 6974 
10709 350 2715 6974 
10710 2715 1680 6974 
10711 1724 3411 6975 
10712 3411 3439 6975 
10713 3439 1724 6975 
10714 2798 1793 6976 
10715 1793 2852 6976 
10716 2852 2798 6976 
10717 578 1470 6977 
10718 1470 3101 6977 
10719 3101 578 6977 
10720 581 1513 6978 
10721 1513 2249 6978 
10722 2249 581 6978 
10723 1608 2314 6979 
10724 2314 3373 6979 
10725 3373 1608 6979 
10726 907 1513 6980 
10727 1513 2962 6980 
10728 2962 907 6980 
10729 1513 581 6981 
10730 581 2962 6981 
10731 2962 1513 6981 
10732 458 2938 6982 
10733 2938 3466 6982 
10734 3466 458 6982 
10735 1488 773 6983 
10736 773 2382 6983 
10737 2382 1488 6983 
10738 2918 1031 6984 
10739 1031 3114 6984 
10740 3114 2918 6984 
10741 94 95 6985 
10742 95 2304 6985 
10743 2304 94 6985 
10744 970 1681 6986 
10745 1681 3001 6986 
10746 3001 970 6986 
10747 2328 794 6987 
10748 794 2849 6987 
10749 2849 2328 6987 
10750 447 2174 6988 
10751 2174 2704 6988 
10752 2704 447 6988 
10753 1470 309 6989 
10754 309 3084 6989 
10755 3084 1470 6989 
10756 1811 828 6990 
10757 828 2143 6990 
10758 2143 1811 6990 
10759 549 1811 6991 
10760 1811 2143 6991 
10761 2143 549 6991 
10762 1629 192 6992 
10763 192 2154 6992 
10764 2154 1629 6992 
10765 795 1462 6993 
10766 1462 2624 6993 
10767 2624 795 6993 
10768 390 1908 6994 
10769 1908 2726 6994 
10770 2726 390 6994 
10771 2402 552 6995 
10772 552 3475 6995 
10773 3475 2402 6995 
10774 1727 1006 6996 
10775 1006 2185 6996 
10776 2185 1727 6996 
10777 2584 752 6997 
10778 752 2777 6997 
10779 2777 2584 6997 
10780 292 1854 6998 
10781 1854 2191 6998 
10782 2191 292 6998 
10783 575 1539 6999 
10784 1539 2358 6999 
10785 2358 575 6999 
10786 287 1493 7000 
10787 1493 3214 7000 
10788 3214 287 7000 
10789 1110 1534 7001 
10790 1534 3475 7001 
10791 3475 1110 7001 
10792 742 1549 7002 
10793 1549 3398 7002 
10794 3398 742 7002 
10795 875 1691 7003 
10796 1691 2171 7003 
10797 2171 875 7003 
10798 1092 2233 7004 
10799 2233 2812 7004 
10800 2812 1092 7004 
10801 1278 1584 7005 
10802 1584 2470 7005 
10803 2470 1278 7005 
10804 1854 854 7006 
10805 854 2191 7006 
10806 2191 1854 7006 
10807 1804 707 7007 
10808 707 2039 7007 
10809 2039 1804 7007 
10810 1865 1280 7008 
10811 1280 3408 7008 
10812 3408 1865 7008 
10813 358 1865 7009 
10814 1865 3408 7009 
10815 3408 358 7009 
10816 1462 567 7010 
10817 567 2624 7010 
10818 2624 1462 7010 
10819 580 1461 7011 
10820 1461 3338 7011 
10821 3338 580 7011 
10822 695 1709 7012 
10823 1709 2838 7012 
10824 2838 695 7012 
10825 852 1512 7013 
10826 1512 2730 7013 
10827 2730 852 7013 
10828 1512 556 7014 
10829 556 2730 7014 
10830 2730 1512 7014 
10831 1679 895 7015 
10832 895 2586 7015 
10833 2586 1679 7015 
10834 657 1679 7016 
10835 1679 2586 7016 
10836 2586 657 7016 
10837 718 1763 7017 
10838 1763 2760 7017 
10839 2760 718 7017 
10840 1725 739 7018 
10841 739 2117 7018 
10842 2117 1725 7018 
10843 581 1471 7019 
10844 1471 2962 7019 
10845 2962 581 7019 
10846 1096 1770 7020 
10847 1770 3417 7020 
10848 3417 1096 7020 
10849 796 1740 7021 
10850 1740 2322 7021 
10851 2322 796 7021 
10852 1485 2214 7022 
10853 2214 3392 7022 
10854 3392 1485 7022 
10855 1661 743 7023 
10856 743 2035 7023 
10857 2035 1661 7023 
10858 2477 1285 7024 
10859 1285 2967 7024 
10860 2967 2477 7024 
10861 1654 826 7025 
10862 826 2346 7025 
10863 2346 1654 7025 
10864 192 193 7026 
10865 193 2154 7026 
10866 2154 192 7026 
10867 1481 277 7027 
10868 277 2424 7027 
10869 2424 1481 7027 
10870 71 1524 7028 
10871 1524 2252 7028 
10872 2252 71 7028 
10873 1017 1789 7029 
10874 1789 2859 7029 
10875 2859 1017 7029 
10876 1943 724 7030 
10877 724 2303 7030 
10878 2303 1943 7030 
10879 800 2208 7031 
10880 2208 2834 7031 
10881 2834 800 7031 
10882 1970 671 7032 
10883 671 3002 7032 
10884 3002 1970 7032 
10885 752 1985 7033 
10886 1985 2777 7033 
10887 2777 752 7033 
10888 890 2061 7034 
10889 2061 2474 7034 
10890 2474 890 7034 
10891 399 1518 7035 
10892 1518 2746 7035 
10893 2746 399 7035 
10894 1518 856 7036 
10895 856 2746 7036 
10896 2746 1518 7036 
10897 726 1651 7037 
10898 1651 2084 7037 
10899 2084 726 7037 
10900 1766 809 7038 
10901 809 2145 7038 
10902 2145 1766 7038 
10903 535 1766 7039 
10904 1766 2145 7039 
10905 2145 535 7039 
10906 1571 552 7040 
10907 552 2430 7040 
10908 2430 1571 7040 
10909 1414 1828 7041 
10910 1828 2528 7041 
10911 2528 1414 7041 
10912 601 1468 7042 
10913 1468 2773 7042 
10914 2773 601 7042 
10915 1473 545 7043 
10916 545 2478 7043 
10917 2478 1473 7043 
10918 561 1523 7044 
10919 1523 2457 7044 
10920 2457 561 7044 
10921 710 1483 7045 
10922 1483 2440 7045 
10923 2440 710 7045 
10924 702 1765 7046 
10925 1765 2002 7046 
10926 2002 702 7046 
10927 1532 340 7047 
10928 340 3258 7047 
10929 3258 1532 7047 
10930 1476 814 7048 
10931 814 2546 7048 
10932 2546 1476 7048 
10933 442 1463 7049 
10934 1463 3248 7049 
10935 3248 442 7049 
10936 263 2476 7050 
10937 2476 2627 7050 
10938 2627 263 7050 
10939 778 1589 7051 
10940 1589 2279 7051 
10941 2279 778 7051 
10942 187 188 7052 
10943 188 3130 7052 
10944 3130 187 7052 
10945 1479 656 7053 
10946 656 2463 7053 
10947 2463 1479 7053 
10948 1505 263 7054 
10949 263 2533 7054 
10950 2533 1505 7054 
10951 802 1505 7055 
10952 1505 2533 7055 
10953 2533 802 7055 
10954 1589 585 7056 
10955 585 2279 7056 
10956 2279 1589 7056 
10957 2276 315 7057 
10958 315 2548 7057 
10959 2548 2276 7057 
10960 1713 296 7058 
10961 296 2293 7058 
10962 2293 1713 7058 
10963 832 1713 7059 
10964 1713 2293 7059 
10965 2293 832 7059 
10966 459 1683 7060 
10967 1683 2634 7060 
10968 2634 459 7060 
10969 1486 424 7061 
10970 424 2751 7061 
10971 2751 1486 7061 
10972 845 1486 7062 
10973 1486 2751 7062 
10974 2751 845 7062 
10975 2608 1346 7063 
10976 1346 2900 7063 
10977 2900 2608 7063 
10978 159 1474 7064 
10979 1474 2696 7064 
10980 2696 159 7064 
10981 1490 838 7065 
10982 838 2406 7065 
10983 2406 1490 7065 
10984 1629 686 7066 
10985 686 2482 7066 
10986 2482 1629 7066 
10987 883 1629 7067 
10988 1629 2482 7067 
10989 2482 883 7067 
10990 2984 1101 7068 
10991 1101 3432 7068 
10992 3432 2984 7068 
10993 1884 2043 7069 
10994 2043 3363 7069 
10995 3363 1884 7069 
10996 1917 889 7070 
10997 889 2301 7070 
10998 2301 1917 7070 
10999 921 1917 7071 
11000 1917 2301 7071 
11001 2301 921 7071 
11002 1478 781 7072 
11003 781 2695 7072 
11004 2695 1478 7072 
11005 398 1567 7073 
11006 1567 2575 7073 
11007 2575 398 7073 
11008 1768 662 7074 
11009 662 3003 7074 
11010 3003 1768 7074 
11011 838 1490 7075 
11012 1490 2738 7075 
11013 2738 838 7075 
11014 553 1598 7076 
11015 1598 2882 7076 
11016 2882 553 7076 
11017 1537 375 7077 
11018 375 2237 7077 
11019 2237 1537 7077 
11020 1509 327 7078 
11021 327 3075 7078 
11022 3075 1509 7078 
11023 931 1509 7079 
11024 1509 3075 7079 
11025 3075 931 7079 
11026 1593 816 7080 
11027 816 2502 7080 
11028 2502 1593 7080 
11029 1001 1995 7081 
11030 1995 2888 7081 
11031 2888 1001 7081 
11032 498 1538 7082 
11033 1538 3490 7082 
11034 3490 498 7082 
11035 36 1676 7083 
11036 1676 3491 7083 
11037 3491 36 7083 
11038 2223 779 7084 
11039 779 3128 7084 
11040 3128 2223 7084 
11041 1883 735 7085 
11042 735 1959 7085 
11043 1959 1883 7085 
11044 1530 616 7086 
11045 616 2264 7086 
11046 2264 1530 7086 
11047 1629 883 7087 
11048 883 2684 7087 
11049 2684 1629 7087 
11050 191 1629 7088 
11051 1629 2684 7088 
11052 2684 191 7088 
11053 411 1991 7089 
11054 1991 2347 7089 
11055 2347 411 7089 
11056 357 1841 7090 
11057 1841 3024 7090 
11058 3024 357 7090 
11059 1669 299 7091 
11060 299 2029 7091 
11061 2029 1669 7091 
11062 1812 744 7092 
11063 744 2188 7092 
11064 2188 1812 7092 
11065 829 1474 7093 
11066 1474 2574 7093 
11067 2574 829 7093 
11068 1866 879 7094 
11069 879 2378 7094 
11070 2378 1866 7094 
11071 2976 1004 7095 
11072 1004 3079 7095 
11073 3079 2976 7095 
11074 1067 1641 7096 
11075 1641 2047 7096 
11076 2047 1067 7096 
11077 1903 1481 7097 
11078 1481 2784 7097 
11079 2784 1903 7097 
11080 2313 1290 7098 
11081 1290 3147 7098 
11082 3147 2313 7098 
11083 268 1994 7099 
11084 1994 2553 7099 
11085 2553 268 7099 
11086 1116 2280 7100 
11087 2280 2353 7100 
11088 2353 1116 7100 
11089 2280 771 7101 
11090 771 2353 7101 
11091 2353 2280 7101 
11092 21 22 7102 
11093 22 1916 7102 
11094 1916 21 7102 
11095 1471 272 7103 
11096 272 2723 7103 
11097 2723 1471 7103 
11098 1522 430 7104 
11099 430 2302 7104 
11100 2302 1522 7104 
11101 1472 756 7105 
11102 756 2771 7105 
11103 2771 1472 7105 
11104 40 41 7106 
11105 41 1957 7106 
11106 1957 40 7106 
11107 1666 937 7107 
11108 937 2923 7107 
11109 2923 1666 7107 
11110 300 1607 7108 
11111 1607 2098 7108 
11112 2098 300 7108 
11113 645 1789 7109 
11114 1789 3066 7109 
11115 3066 645 7109 
11116 1509 580 7110 
11117 580 3249 7110 
11118 3249 1509 7110 
11119 1763 718 7111 
11120 718 2133 7111 
11121 2133 1763 7111 
11122 73 74 7112 
11123 74 1960 7112 
11124 1960 73 7112 
11125 413 1661 7113 
11126 1661 2035 7113 
11127 2035 413 7113 
11128 826 1515 7114 
11129 1515 2346 7114 
11130 2346 826 7114 
11131 758 1523 7115 
11132 1523 2558 7115 
11133 2558 758 7115 
11134 1481 604 7116 
11135 604 2784 7116 
11136 2784 1481 7116 
11137 1474 829 7117 
11138 829 2648 7117 
11139 2648 1474 7117 
11140 897 1883 7118 
11141 1883 1959 7118 
11142 1959 897 7118 
11143 734 1650 7119 
11144 1650 2467 7119 
11145 2467 734 7119 
11146 2196 1486 7120 
11147 1486 3473 7120 
11148 3473 2196 7120 
11149 1213 2219 7121 
11150 2219 2620 7121 
11151 2620 1213 7121 
11152 2219 929 7122 
11153 929 2620 7122 
11154 2620 2219 7122 
11155 1348 2531 7123 
11156 2531 2731 7123 
11157 2731 1348 7123 
11158 1358 2259 7124 
11159 2259 3132 7124 
11160 3132 1358 7124 
11161 903 2592 7125 
11162 2592 2710 7125 
11163 2710 903 7125 
11164 1749 764 7126 
11165 764 1965 7126 
11166 1965 1749 7126 
11167 1790 438 7127 
11168 438 2608 7127 
11169 2608 1790 7127 
11170 961 1790 7128 
11171 1790 2608 7128 
11172 2608 961 7128 
11173 1613 713 7129 
11174 713 2102 7129 
11175 2102 1613 7129 
11176 598 1585 7130 
11177 1585 2560 7130 
11178 2560 598 7130 
11179 599 1682 7131 
11180 1682 2429 7131 
11181 2429 599 7131 
11182 1164 1676 7132 
11183 1676 3446 7132 
11184 3446 1164 7132 
11185 977 1858 7133 
11186 1858 3383 7133 
11187 3383 977 7133 
11188 1832 842 7134 
11189 842 2243 7134 
11190 2243 1832 7134 
11191 1496 833 7135 
11192 833 2703 7135 
11193 2703 1496 7135 
11194 543 1496 7136 
11195 1496 2703 7136 
11196 2703 543 7136 
11197 714 1662 7137 
11198 1662 2043 7137 
11199 2043 714 7137 
11200 4 1551 7138 
11201 1551 3096 7138 
11202 3096 4 7138 
11203 2021 414 7139 
11204 414 3187 7139 
11205 3187 2021 7139 
11206 1560 39 7140 
11207 39 2910 7140 
11208 2910 1560 7140 
11209 747 1899 7141 
11210 1899 2375 7141 
11211 2375 747 7141 
11212 390 1478 7142 
11213 1478 2695 7142 
11214 2695 390 7142 
11215 1652 1217 7143 
11216 1217 2339 7143 
11217 2339 1652 7143 
11218 356 1544 7144 
11219 1544 2499 7144 
11220 2499 356 7144 
11221 1544 808 7145 
11222 808 2499 7145 
11223 2499 1544 7145 
11224 1566 575 7146 
11225 575 2358 7146 
11226 2358 1566 7146 
11227 1764 1250 7147 
11228 1250 2773 7147 
11229 2773 1764 7147 
11230 549 2143 7148 
11231 2143 3277 7148 
11232 3277 549 7148 
11233 2643 919 7149 
11234 919 3040 7149 
11235 3040 2643 7149 
11236 2443 1386 7150 
11237 1386 2826 7150 
11238 2826 2443 7150 
11239 862 2443 7151 
11240 2443 2826 7151 
11241 2826 862 7151 
11242 547 1543 7152 
11243 1543 2615 7152 
11244 2615 547 7152 
11245 1724 1076 7153 
11246 1076 3411 7153 
11247 3411 1724 7153 
11248 1481 840 7154 
11249 840 2775 7154 
11250 2775 1481 7154 
11251 277 1481 7155 
11252 1481 2775 7155 
11253 2775 277 7155 
11254 1339 2104 7156 
11255 2104 2288 7156 
11256 2288 1339 7156 
11257 1716 504 7157 
11258 504 1984 7157 
11259 1984 1716 7157 
11260 2124 800 7158 
11261 800 2834 7158 
11262 2834 2124 7158 
11263 1676 37 7159 
11264 37 3446 7159 
11265 3446 1676 7159 
11266 2253 505 7160 
11267 505 3131 7160 
11268 3131 2253 7160 
11269 2531 515 7161 
11270 515 2731 7161 
11271 2731 2531 7161 
11272 1932 1060 7162 
11273 1060 2656 7162 
11274 2656 1932 7162 
11275 697 2266 7163 
11276 2266 3250 7163 
11277 3250 697 7163 
11278 269 2093 7164 
11279 2093 3151 7164 
11280 3151 269 7164 
11281 1501 1032 7165 
11282 1032 2907 7165 
11283 2907 1501 7165 
11284 1950 1413 7166 
11285 1413 3185 7166 
11286 3185 1950 7166 
11287 66 67 7167 
11288 67 3141 7167 
11289 3141 66 7167 
11290 1666 715 7168 
11291 715 2059 7168 
11292 2059 1666 7168 
11293 780 1539 7169 
11294 1539 2420 7169 
11295 2420 780 7169 
11296 1539 575 7170 
11297 575 2420 7170 
11298 2420 1539 7170 
11299 570 1483 7171 
11300 1483 2824 7171 
11301 2824 570 7171 
11302 803 1705 7172 
11303 1705 2460 7172 
11304 2460 803 7172 
11305 1803 105 7173 
11306 105 2948 7173 
11307 2948 1803 7173 
11308 1814 649 7174 
11309 649 3319 7174 
11310 3319 1814 7174 
11311 887 1495 7175 
11312 1495 3004 7175 
11313 3004 887 7175 
11314 591 3074 7176 
11315 3074 3385 7176 
11316 3385 591 7176 
11317 1495 582 7177 
11318 582 3004 7177 
11319 3004 1495 7177 
11320 1881 1109 7178 
11321 1109 2950 7178 
11322 2950 1881 7178 
11323 806 1827 7179 
11324 1827 2399 7179 
11325 2399 806 7179 
11326 733 2051 7180 
11327 2051 2052 7180 
11328 2052 733 7180 
11329 2051 959 7181 
11330 959 2052 7181 
11331 2052 2051 7181 
11332 1888 892 7182 
11333 892 1981 7182 
11334 1981 1888 7182 
11335 253 2105 7183 
11336 2105 3094 7183 
11337 3094 253 7183 
11338 1487 734 7184 
11339 734 2935 7184 
11340 2935 1487 7184 
11341 527 1574 7185 
11342 1574 2905 7185 
11343 2905 527 7185 
11344 1513 369 7186 
11345 369 3326 7186 
11346 3326 1513 7186 
11347 760 1732 7187 
11348 1732 2687 7187 
11349 2687 760 7187 
11350 2269 460 7188 
11351 460 3088 7188 
11352 3088 2269 7188 
11353 2908 891 7189 
11354 891 2991 7189 
11355 2991 2908 7189 
11356 386 2064 7190 
11357 2064 2951 7190 
11358 2951 386 7190 
11359 2356 1170 7191 
11360 1170 3182 7191 
11361 3182 2356 7191 
11362 1104 1958 7192 
11363 1958 3207 7192 
11364 3207 1104 7192 
11365 1507 620 7193 
11366 620 3073 7193 
11367 3073 1507 7193 
11368 3005 1310 7194 
11369 1310 3032 7194 
11370 3032 3005 7194 
11371 102 103 7195 
11372 103 2016 7195 
11373 2016 102 7195 
11374 1803 676 7196 
11375 676 2008 7196 
11376 2008 1803 7196 
11377 1663 820 7197 
11378 820 2389 7197 
11379 2389 1663 7197 
11380 302 1663 7198 
11381 1663 2389 7198 
11382 2389 302 7198 
11383 1729 639 7199 
11384 639 2866 7199 
11385 2866 1729 7199 
11386 545 1888 7200 
11387 1888 1981 7200 
11388 1981 545 7200 
11389 478 1931 7201 
11390 1931 1965 7201 
11391 1965 478 7201 
11392 439 2179 7202 
11393 2179 2823 7202 
11394 2823 439 7202 
11395 2179 1247 7203 
11396 1247 2823 7203 
11397 2823 2179 7203 
11398 1496 543 7204 
11399 543 2964 7204 
11400 2964 1496 7204 
11401 1958 1104 7205 
11402 1104 3309 7205 
11403 3309 1958 7205 
11404 1695 562 7206 
11405 562 2036 7206 
11406 2036 1695 7206 
11407 1196 1695 7207 
11408 1695 2036 7207 
11409 2036 1196 7207 
11410 1512 174 7208 
11411 174 2926 7208 
11412 2926 1512 7208 
11413 1563 418 7209 
11414 418 2374 7209 
11415 2374 1563 7209 
11416 783 1563 7210 
11417 1563 2374 7210 
11418 2374 783 7210 
11419 662 1842 7211 
11420 1842 3003 7211 
11421 3003 662 7211 
11422 1608 598 7212 
11423 598 2560 7212 
11424 2560 1608 7212 
11425 146 147 7213 
11426 147 2075 7213 
11427 2075 146 7213 
11428 1620 420 7214 
11429 420 2908 7214 
11430 2908 1620 7214 
11431 1616 754 7215 
11432 754 2173 7215 
11433 2173 1616 7215 
11434 741 1644 7216 
11435 1644 2498 7216 
11436 2498 741 7216 
11437 206 207 7217 
11438 207 2275 7217 
11439 2275 206 7217 
11440 1558 401 7218 
11441 401 2258 7218 
11442 2258 1558 7218 
11443 2266 1470 7219 
11444 1470 3250 7219 
11445 3250 2266 7219 
11446 398 1593 7220 
11447 1593 2502 7220 
11448 2502 398 7220 
11449 913 1507 7221 
11450 1507 3073 7221 
11451 3073 913 7221 
11452 1487 559 7222 
11453 559 2706 7222 
11454 2706 1487 7222 
11455 929 2219 7223 
11456 2219 2252 7223 
11457 2252 929 7223 
11458 1503 719 7224 
11459 719 2528 7224 
11460 2528 1503 7224 
11461 313 2146 7225 
11462 2146 2897 7225 
11463 2897 313 7225 
11464 1551 1156 7226 
11465 1156 3096 7226 
11466 3096 1551 7226 
11467 794 1659 7227 
11468 1659 2089 7227 
11469 2089 794 7227 
11470 1883 281 7228 
11471 281 3236 7228 
11472 3236 1883 7228 
11473 1942 983 7229 
11474 983 3012 7229 
11475 3012 1942 7229 
11476 1506 1030 7230 
11477 1030 3275 7230 
11478 3275 1506 7230 
11479 1525 88 7231 
11480 88 2425 7231 
11481 2425 1525 7231 
11482 406 1710 7232 
11483 1710 2749 7232 
11484 2749 406 7232 
11485 771 1600 7233 
11486 1600 2353 7233 
11487 2353 771 7233 
11488 34 35 7234 
11489 35 2417 7234 
11490 2417 34 7234 
11491 1834 668 7235 
11492 668 3302 7235 
11493 3302 1834 7235 
11494 825 1506 7236 
11495 1506 2525 7236 
11496 2525 825 7236 
11497 2202 1392 7237 
11498 1392 3188 7237 
11499 3188 2202 7237 
11500 489 2202 7238 
11501 2202 3188 7238 
11502 3188 489 7238 
11503 716 1488 7239 
11504 1488 2930 7239 
11505 2930 716 7239 
11506 1151 2324 7240 
11507 2324 2981 7240 
11508 2981 1151 7240 
11509 1574 923 7241 
11510 923 2905 7241 
11511 2905 1574 7241 
11512 1909 1034 7242 
11513 1034 2034 7242 
11514 2034 1909 7242 
11515 1540 795 7243 
11516 795 3360 7243 
11517 3360 1540 7243 
11518 2314 274 7244 
11519 274 2827 7244 
11520 2827 2314 7244 
11521 845 1643 7245 
11522 1643 2112 7245 
11523 2112 845 7245 
11524 392 1702 7246 
11525 1702 2040 7246 
11526 2040 392 7246 
11527 105 106 7247 
11528 106 2948 7247 
11529 2948 105 7247 
11530 1863 758 7248 
11531 758 1933 7248 
11532 1933 1863 7248 
11533 855 2107 7249 
11534 2107 2238 7249 
11535 2238 855 7249 
11536 762 1668 7250 
11537 1668 2306 7250 
11538 2306 762 7250 
11539 1299 2253 7251 
11540 2253 3131 7251 
11541 3131 1299 7251 
11542 839 2046 7252 
11543 2046 2564 7252 
11544 2564 839 7252 
11545 899 1783 7253 
11546 1783 2799 7253 
11547 2799 899 7253 
11548 41 42 7254 
11549 42 2410 7254 
11550 2410 41 7254 
11551 563 1502 7255 
11552 1502 3237 7255 
11553 3237 563 7255 
11554 435 1553 7256 
11555 1553 2277 7256 
11556 2277 435 7256 
11557 2032 364 7257 
11558 364 2346 7257 
11559 2346 2032 7257 
11560 1664 2180 7258 
11561 2180 3169 7258 
11562 3169 1664 7258 
11563 298 1773 7259 
11564 1773 2459 7259 
11565 2459 298 7259 
11566 1773 872 7260 
11567 872 2459 7260 
11568 2459 1773 7260 
11569 1138 2003 7261 
11570 2003 3424 7261 
11571 3424 1138 7261 
11572 70 71 7262 
11573 71 2252 7262 
11574 2252 70 7262 
11575 465 1692 7263 
11576 1692 2675 7263 
11577 2675 465 7263 
11578 1503 576 7264 
11579 576 2971 7264 
11580 2971 1503 7264 
11581 46 1926 7265 
11582 1926 2892 7265 
11583 2892 46 7265 
11584 720 1521 7266 
11585 1521 3160 7266 
11586 3160 720 7266 
11587 2060 896 7267 
11588 896 2848 7267 
11589 2848 2060 7267 
11590 1141 1738 7268 
11591 1738 2291 7268 
11592 2291 1141 7268 
11593 1623 554 7269 
11594 554 3086 7269 
11595 3086 1623 7269 
11596 2211 813 7270 
11597 813 2363 7270 
11598 2363 2211 7270 
11599 2250 1412 7271 
11600 1412 3416 7271 
11601 3416 2250 7271 
11602 474 1616 7272 
11603 1616 2173 7272 
11604 2173 474 7272 
11605 926 1861 7273 
11606 1861 2166 7273 
11607 2166 926 7273 
11608 1539 291 7274 
11609 291 2828 7274 
11610 2828 1539 7274 
11611 1570 579 7275 
11612 579 2268 7275 
11613 2268 1570 7275 
11614 1502 563 7276 
11615 563 2877 7276 
11616 2877 1502 7276 
11617 1969 399 7277 
11618 399 2902 7277 
11619 2902 1969 7277 
11620 2400 308 7278 
11621 308 3461 7278 
11622 3461 2400 7278 
11623 349 1728 7279 
11624 1728 3160 7279 
11625 3160 349 7279 
11626 643 1617 7280 
11627 1617 2231 7280 
11628 2231 643 7280 
11629 1990 747 7281 
11630 747 2375 7281 
11631 2375 1990 7281 
11632 588 1521 7282 
11633 1521 3134 7282 
11634 3134 588 7282 
11635 1681 592 7283 
11636 592 3001 7283 
11637 3001 1681 7283 
11638 1847 507 7284 
11639 507 3386 7284 
11640 3386 1847 7284 
11641 1226 1847 7285 
11642 1847 3386 7285 
11643 3386 1226 7285 
11644 1543 547 7286 
11645 547 3353 7286 
11646 3353 1543 7286 
11647 999 1543 7287 
11648 1543 3353 7287 
11649 3353 999 7287 
11650 777 1574 7288 
11651 1574 2352 7288 
11652 2352 777 7288 
11653 1623 416 7289 
11654 416 2672 7289 
11655 2672 1623 7289 
11656 183 184 7290 
11657 184 1958 7290 
11658 1958 183 7290 
11659 403 2256 7291 
11660 2256 2663 7291 
11661 2663 403 7291 
11662 639 1781 7292 
11663 1781 2866 7292 
11664 2866 639 7292 
11665 63 64 7293 
11666 64 2781 7293 
11667 2781 63 7293 
11668 2000 1148 7294 
11669 1148 2932 7294 
11670 2932 2000 7294 
11671 2376 1054 7295 
11672 1054 2524 7295 
11673 2524 2376 7295 
11674 1512 852 7296 
11675 852 2581 7296 
11676 2581 1512 7296 
11677 1529 954 7297 
11678 954 3206 7297 
11679 3206 1529 7297 
11680 225 1668 7298 
11681 1668 2547 7298 
11682 2547 225 7298 
11683 1471 1956 7299 
11684 1956 3367 7299 
11685 3367 1471 7299 
11686 1511 694 7300 
11687 694 2989 7300 
11688 2989 1511 7300 
11689 2557 278 7301 
11690 278 2700 7301 
11691 2700 2557 7301 
11692 1377 2557 7302 
11693 2557 2700 7302 
11694 2700 1377 7302 
11695 1498 953 7303 
11696 953 2840 7303 
11697 2840 1498 7303 
11698 1668 225 7304 
11699 225 3205 7304 
11700 3205 1668 7304 
11701 692 2362 7305 
11702 2362 3143 7305 
11703 3143 692 7305 
11704 2362 1448 7306 
11705 1448 3143 7306 
11706 3143 2362 7306 
11707 2049 1340 7307 
11708 1340 3307 7307 
11709 3307 2049 7307 
11710 425 2049 7308 
11711 2049 3307 7308 
11712 3307 425 7308 
11713 1072 1940 7309 
11714 1940 1941 7309 
11715 1941 1072 7309 
11716 1940 691 7310 
11717 691 1941 7310 
11718 1941 1940 7310 
11719 1243 2499 7311 
11720 2499 3124 7311 
11721 3124 1243 7311 
11722 1647 599 7312 
11723 599 3028 7312 
11724 3028 1647 7312 
11725 720 1736 7313 
11726 1736 3134 7313 
11727 3134 720 7313 
11728 784 2283 7314 
11729 2283 3464 7314 
11730 3464 784 7314 
11731 2182 1189 7315 
11732 1189 2670 7315 
11733 2670 2182 7315 
11734 957 2182 7316 
11735 2182 2670 7316 
11736 2670 957 7316 
11737 1659 794 7317 
11738 794 2312 7317 
11739 2312 1659 7317 
11740 459 1659 7318 
11741 1659 2312 7318 
11742 2312 459 7318 
11743 933 1514 7319 
11744 1514 3357 7319 
11745 3357 933 7319 
11746 147 148 7320 
11747 148 2570 7320 
11748 2570 147 7320 
11749 2621 529 7321 
11750 529 3263 7321 
11751 3263 2621 7321 
11752 566 1553 7322 
11753 1553 2380 7322 
11754 2380 566 7322 
11755 949 2370 7323 
11756 2370 2708 7323 
11757 2708 949 7323 
11758 1018 2011 7324 
11759 2011 2265 7324 
11760 2265 1018 7324 
11761 2083 1760 7325 
11762 1760 3167 7325 
11763 3167 2083 7325 
11764 1556 568 7326 
11765 568 3397 7326 
11766 3397 1556 7326 
11767 1065 2451 7327 
11768 2451 3370 7327 
11769 3370 1065 7327 
11770 1776 275 7328 
11771 275 2225 7328 
11772 2225 1776 7328 
11773 1258 1776 7329 
11774 1776 2225 7329 
11775 2225 1258 7329 
11776 841 1609 7330 
11777 1609 2580 7330 
11778 2580 841 7330 
11779 188 189 7331 
11780 189 2001 7331 
11781 2001 188 7331 
11782 1574 527 7332 
11783 527 2352 7332 
11784 2352 1574 7332 
11785 388 1632 7333 
11786 1632 2218 7333 
11787 2218 388 7333 
11788 1635 795 7334 
11789 795 2181 7334 
11790 2181 1635 7334 
11791 1156 1564 7335 
11792 1564 3090 7335 
11793 3090 1156 7335 
11794 376 1552 7336 
11795 1552 3434 7336 
11796 3434 376 7336 
11797 1722 721 7337 
11798 721 2982 7337 
11799 2982 1722 7337 
11800 1632 765 7338 
11801 765 2218 7338 
11802 2218 1632 7338 
11803 1523 561 7339 
11804 561 2558 7339 
11805 2558 1523 7339 
11806 989 2149 7340 
11807 2149 3269 7340 
11808 3269 989 7340 
11809 1022 1556 7341 
11810 1556 3397 7341 
11811 3397 1022 7341 
11812 863 2679 7342 
11813 2679 2877 7342 
11814 2877 863 7342 
11815 2679 1502 7343 
11816 1502 2877 7343 
11817 2877 2679 7343 
11818 1549 415 7344 
11819 415 3398 7344 
11820 3398 1549 7344 
11821 88 89 7345 
11822 89 2425 7345 
11823 2425 88 7345 
11824 1894 721 7346 
11825 721 3278 7346 
11826 3278 1894 7346 
11827 253 254 7347 
11828 254 2105 7347 
11829 2105 253 7347 
11830 2518 851 7348 
11831 851 2768 7348 
11832 2768 2518 7348 
11833 1558 830 7349 
11834 830 3400 7349 
11835 3400 1558 7349 
11836 505 2253 7350 
11837 2253 3308 7350 
11838 3308 505 7350 
11839 1760 884 7351 
11840 884 2214 7351 
11841 2214 1760 7351 
11842 745 2250 7352 
11843 2250 3416 7352 
11844 3416 745 7352 
11845 1524 572 7353 
11846 572 2819 7353 
11847 2819 1524 7353 
11848 1748 649 7354 
11849 649 2938 7354 
11850 2938 1748 7354 
11851 1599 24 7355 
11852 24 2659 7355 
11853 2659 1599 7355 
11854 1559 458 7356 
11855 458 3466 7356 
11856 3466 1559 7356 
11857 604 1559 7357 
11858 1559 3467 7357 
11859 3467 604 7357 
11860 1518 399 7358 
11861 399 3035 7358 
11862 3035 1518 7358 
11863 1609 338 7359 
11864 338 2580 7359 
11865 2580 1609 7359 
11866 3028 938 7360 
11867 938 3110 7360 
11868 3110 3028 7360 
11869 2054 972 7361 
11870 972 2055 7361 
11871 2055 2054 7361 
11872 732 2054 7362 
11873 2054 2055 7362 
11874 2055 732 7362 
11875 2060 2848 7363 
11876 2848 3435 7363 
11877 3435 2060 7363 
11878 1605 555 7364 
11879 555 3080 7364 
11880 3080 1605 7364 
11881 557 2322 7365 
11882 2322 3465 7365 
11883 3465 557 7365 
11884 1239 2576 7366 
11885 2576 2800 7366 
11886 2800 1239 7366 
11887 1299 1799 7367 
11888 1799 3471 7367 
11889 3471 1299 7367 
11890 1775 1005 7368 
11891 1005 2972 7368 
11892 2972 1775 7368 
11893 1515 826 7369 
11894 826 2979 7369 
11895 2979 1515 7369 
11896 307 1768 7370 
11897 1768 3003 7370 
11898 3003 307 7370 
11899 1537 625 7371 
11900 625 3211 7371 
11901 3211 1537 7371 
11902 572 1524 7372 
11903 1524 3046 7372 
11904 3046 572 7372 
11905 629 1717 7373 
11906 1717 2914 7373 
11907 2914 629 7373 
11908 1636 471 7374 
11909 471 2265 7374 
11910 2265 1636 7374 
11911 771 1636 7375 
11912 1636 2265 7375 
11913 2265 771 7375 
11914 1576 758 7376 
11915 758 2558 7376 
11916 2558 1576 7376 
11917 1331 1719 7377 
11918 1719 2736 7377 
11919 2736 1331 7377 
11920 1535 635 7378 
11921 635 3195 7378 
11922 3195 1535 7378 
11923 1606 718 7379 
11924 718 2240 7379 
11925 2240 1606 7379 
11926 2307 563 7380 
11927 563 2487 7380 
11928 2487 2307 7380 
11929 1162 2307 7381 
11930 2307 2487 7381 
11931 2487 1162 7381 
11932 118 119 7382 
11933 119 2385 7382 
11934 2385 118 7382 
11935 748 1597 7383 
11936 1597 2319 7383 
11937 2319 748 7383 
11938 23 29 7384 
11939 29 2788 7384 
11940 2788 23 7384 
11941 27 23 7385 
11942 23 2788 7385 
11943 2788 27 7385 
11944 570 1802 7386 
11945 1802 2440 7386 
11946 2440 570 7386 
11947 2797 1145 7387 
11948 1145 3064 7387 
11949 3064 2797 7387 
11950 1598 889 7388 
11951 889 2882 7388 
11952 2882 1598 7388 
11953 2325 1021 7389 
11954 1021 3043 7389 
11955 3043 2325 7389 
11956 1517 699 7390 
11957 699 2785 7390 
11958 2785 1517 7390 
11959 808 1544 7391 
11960 1544 3401 7391 
11961 3401 808 7391 
11962 607 1782 7392 
11963 1782 3460 7392 
11964 3460 607 7392 
11965 1826 467 7393 
11966 467 2534 7393 
11967 2534 1826 7393 
11968 985 2193 7394 
11969 2193 3188 7394 
11970 3188 985 7394 
11971 1717 979 7395 
11972 979 2914 7395 
11973 2914 1717 7395 
11974 338 1609 7396 
11975 1609 2994 7396 
11976 2994 338 7396 
11977 520 2109 7397 
11978 2109 2980 7397 
11979 2980 520 7397 
11980 556 1518 7398 
11981 1518 2730 7398 
11982 2730 556 7398 
11983 677 1526 7399 
11984 1526 3009 7399 
11985 3009 677 7399 
11986 297 1625 7400 
11987 1625 2230 7400 
11988 2230 297 7400 
11989 1625 763 7401 
11990 763 2230 7401 
11991 2230 1625 7401 
11992 1718 680 7402 
11993 680 2489 7402 
11994 2489 1718 7402 
11995 264 1874 7403 
11996 1874 2381 7403 
11997 2381 264 7403 
11998 1874 893 7404 
11999 893 2381 7404 
12000 2381 1874 7404 
12001 1270 2344 7405 
12002 2344 2742 7405 
12003 2742 1270 7405 
12004 2667 1797 7406 
12005 1797 3470 7406 
12006 3470 2667 7406 
12007 2145 1142 7407 
12008 1142 2622 7407 
12009 2622 2145 7407 
12010 535 2145 7408 
12011 2145 2622 7408 
12012 2622 535 7408 
12013 1954 1507 7409 
12014 1507 2952 7409 
12015 2952 1954 7409 
12016 1933 758 7410 
12017 758 2551 7410 
12018 2551 1933 7410 
12019 108 1901 7411 
12020 1901 3292 7411 
12021 3292 108 7411 
12022 76 77 7412 
12023 77 2436 7412 
12024 2436 76 7412 
12025 1433 1923 7413 
12026 1923 2645 7413 
12027 2645 1433 7413 
12028 632 1760 7414 
12029 1760 2214 7414 
12030 2214 632 7414 
12031 1105 1970 7415 
12032 1970 3002 7415 
12033 3002 1105 7415 
12034 1858 2135 7416 
12035 2135 3383 7416 
12036 3383 1858 7416 
12037 1235 2559 7417 
12038 2559 2889 7417 
12039 2889 1235 7417 
12040 2694 63 7418 
12041 63 2781 7418 
12042 2781 2694 7418 
12043 1966 934 7419 
12044 934 2244 7419 
12045 2244 1966 7419 
12046 829 1966 7420 
12047 1966 2244 7420 
12048 2244 829 7420 
12049 818 1566 7421 
12050 1566 2358 7421 
12051 2358 818 7421 
12052 270 1686 7422 
12053 1686 2415 7422 
12054 2415 270 7422 
12055 1960 74 7423 
12056 74 2594 7423 
12057 2594 1960 7423 
12058 2387 1049 7424 
12059 1049 2605 7424 
12060 2605 2387 7424 
12061 2344 618 7425 
12062 618 2742 7425 
12063 2742 2344 7425 
12064 2105 1200 7426 
12065 1200 3094 7426 
12066 3094 2105 7426 
12067 1522 667 7427 
12068 667 2790 7427 
12069 2790 1522 7427 
12070 525 1903 7428 
12071 1903 3092 7428 
12072 3092 525 7428 
12073 1903 1153 7429 
12074 1153 3092 7429 
12075 3092 1903 7429 
12076 945 2123 7430 
12077 2123 2435 7430 
12078 2435 945 7430 
12079 1532 598 7431 
12080 598 3095 7431 
12081 3095 1532 7431 
12082 2482 1806 7432 
12083 1806 3029 7432 
12084 3029 2482 7432 
12085 2121 867 7433 
12086 867 2762 7433 
12087 2762 2121 7433 
12088 614 1540 7434 
12089 1540 3360 7434 
12090 3360 614 7434 
12091 786 2136 7435 
12092 2136 2442 7435 
12093 2442 786 7435 
12094 375 1537 7436 
12095 1537 3137 7436 
12096 3137 375 7436 
12097 2096 716 7437 
12098 716 3289 7437 
12099 3289 2096 7437 
12100 568 1560 7438 
12101 1560 3397 7438 
12102 3397 568 7438 
12103 1746 382 7439 
12104 382 2681 7439 
12105 2681 1746 7439 
12106 2267 791 7440 
12107 791 3406 7440 
12108 3406 2267 7440 
12109 1741 652 7441 
12110 652 2078 7441 
12111 2078 1741 7441 
12112 1585 2005 7442 
12113 2005 2724 7442 
12114 2724 1585 7442 
12115 487 2224 7443 
12116 2224 2690 7443 
12117 2690 487 7443 
12118 1384 2592 7444 
12119 2592 2969 7444 
12120 2969 1384 7444 
12121 683 1587 7445 
12122 1587 2984 7445 
12123 2984 683 7445 
12124 2195 836 7446 
12125 836 2501 7446 
12126 2501 2195 7446 
12127 2033 431 7447 
12128 431 2529 7447 
12129 2529 2033 7447 
12130 2896 1515 7448 
12131 1515 2979 7448 
12132 2979 2896 7448 
12133 408 1653 7449 
12134 1653 2686 7449 
12135 2686 408 7449 
12136 293 1851 7450 
12137 1851 3152 7450 
12138 3152 293 7450 
12139 648 1533 7451 
12140 1533 3052 7451 
12141 3052 648 7451 
12142 596 1636 7452 
12143 1636 2280 7452 
12144 2280 596 7452 
12145 1636 771 7453 
12146 771 2280 7453 
12147 2280 1636 7453 
12148 1626 1795 7454 
12149 1795 3313 7454 
12150 3313 1626 7454 
12151 1152 2343 7455 
12152 2343 3052 7455 
12153 3052 1152 7455 
12154 1055 1538 7456 
12155 1538 3103 7456 
12156 3103 1055 7456 
12157 2015 398 7457 
12158 398 2928 7457 
12159 2928 2015 7457 
12160 1531 848 7458 
12161 848 2641 7458 
12162 2641 1531 7458 
12163 1141 1996 7459 
12164 1996 2946 7459 
12165 2946 1141 7459 
12166 1653 871 7460 
12167 871 2686 7460 
12168 2686 1653 7460 
12169 963 1708 7461 
12170 1708 3426 7461 
12171 3426 963 7461 
12172 1258 2225 7462 
12173 2225 2867 7462 
12174 2867 1258 7462 
12175 2225 784 7463 
12176 784 2867 7463 
12177 2867 2225 7463 
12178 449 2000 7464 
12179 2000 2932 7464 
12180 2932 449 7464 
12181 712 1743 7465 
12182 1743 2074 7465 
12183 2074 712 7465 
12184 900 2323 7466 
12185 2323 3067 7466 
12186 3067 900 7466 
12187 1110 1571 7467 
12188 1571 3461 7467 
12189 3461 1110 7467 
12190 1564 260 7468 
12191 260 3090 7468 
12192 3090 1564 7468 
12193 426 1778 7469 
12194 1778 3412 7469 
12195 3412 426 7469 
12196 1579 118 7470 
12197 118 2385 7470 
12198 2385 1579 7470 
12199 2385 119 7471 
12200 119 2572 7471 
12201 2572 2385 7471 
12202 1938 301 7472 
12203 301 2705 7472 
12204 2705 1938 7472 
12205 2265 471 7473 
12206 471 2603 7473 
12207 2603 2265 7473 
12208 1719 310 7474 
12209 310 2736 7474 
12210 2736 1719 7474 
12211 1393 1531 7475 
12212 1531 2956 7475 
12213 2956 1393 7475 
12214 1531 82 7476 
12215 82 2956 7476 
12216 2956 1531 7476 
12217 752 1859 7477 
12218 1859 1985 7477 
12219 1985 752 7477 
12220 1751 146 7478 
12221 146 2075 7478 
12222 2075 1751 7478 
12223 2653 1168 7479 
12224 1168 3232 7479 
12225 3232 2653 7479 
12226 1656 168 7480 
12227 168 2217 7480 
12228 2217 1656 7480 
12229 1664 664 7481 
12230 664 2180 7481 
12231 2180 1664 7481 
12232 1686 830 7482 
12233 830 2415 7482 
12234 2415 1686 7482 
12235 1083 1956 7483 
12236 1956 3303 7483 
12237 3303 1083 7483 
12238 2028 710 7484 
12239 710 2893 7484 
12240 2893 2028 7484 
12241 2413 334 7485 
12242 334 3293 7485 
12243 3293 2413 7485 
12244 1748 1095 7486 
12245 1095 2080 7486 
12246 2080 1748 7486 
12247 464 2227 7487 
12248 2227 2474 7487 
12249 2474 464 7487 
12250 220 221 7488 
12251 221 2623 7488 
12252 2623 220 7488 
12253 2505 1496 7489 
12254 1496 2964 7489 
12255 2964 2505 7489 
12256 2112 276 7490 
12257 276 3473 7490 
12258 3473 2112 7490 
12259 1762 715 7491 
12260 715 2071 7491 
12261 2071 1762 7491 
12262 1511 1894 7492 
12263 1894 3278 7492 
12264 3278 1511 7492 
12265 848 1531 7493 
12266 1531 2857 7493 
12267 2857 848 7493 
12268 649 1814 7494 
12269 1814 2938 7494 
12270 2938 649 7494 
12271 1926 1047 7495 
12272 1047 2892 7495 
12273 2892 1926 7495 
12274 2290 1694 7496 
12275 1694 3464 7496 
12276 3464 2290 7496 
12277 395 1971 7497 
12278 1971 3431 7497 
12279 3431 395 7497 
12280 441 2896 7498 
12281 2896 2979 7498 
12282 2979 441 7498 
12283 1853 724 7499 
12284 724 2086 7499 
12285 2086 1853 7499 
12286 1648 944 7500 
12287 944 2248 7500 
12288 2248 1648 7500 
12289 1788 45 7501 
12290 45 2892 7501 
12291 2892 1788 7501 
12292 1974 1037 7502 
12293 1037 3334 7502 
12294 3334 1974 7502 
12295 2125 975 7503 
12296 975 2309 7503 
12297 2309 2125 7503 
12298 50 51 7504 
12299 51 2014 7504 
12300 2014 50 7504 
12301 635 1536 7505 
12302 1536 2922 7505 
12303 2922 635 7505 
12304 1745 378 7506 
12305 378 2200 7506 
12306 2200 1745 7506 
12307 44 1788 7507 
12308 1788 3267 7507 
12309 3267 44 7507 
12310 1873 370 7508 
12311 370 2619 7508 
12312 2619 1873 7508 
12313 1036 2317 7509 
12314 2317 2957 7509 
12315 2957 1036 7509 
12316 1578 599 7510 
12317 599 2429 7510 
12318 2429 1578 7510 
12319 386 1573 7511 
12320 1573 2732 7511 
12321 2732 386 7511 
12322 400 1723 7512 
12323 1723 2118 7512 
12324 2118 400 7512 
12325 61 62 7513 
12326 62 2448 7513 
12327 2448 61 7513 
12328 494 1725 7514 
12329 1725 2117 7514 
12330 2117 494 7514 
12331 1116 2088 7515 
12332 2088 2280 7515 
12333 2280 1116 7515 
12334 2088 596 7516 
12335 596 2280 7516 
12336 2280 2088 7516 
12337 3054 1447 7517 
12338 1447 3135 7517 
12339 3135 3054 7517 
12340 443 1875 7518 
12341 1875 2443 7518 
12342 2443 443 7518 
12343 861 2237 7519 
12344 2237 3147 7519 
12345 3147 861 7519 
12346 882 1947 7520 
12347 1947 2689 7520 
12348 2689 882 7520 
12349 1617 643 7521 
12350 643 3379 7521 
12351 3379 1617 7521 
12352 1592 1233 7522 
12353 1233 2583 7522 
12354 2583 1592 7522 
12355 1230 2136 7523 
12356 2136 2946 7523 
12357 2946 1230 7523 
12358 2136 347 7524 
12359 347 2946 7524 
12360 2946 2136 7524 
12361 951 1565 7525 
12362 1565 2450 7525 
12363 2450 951 7525 
12364 759 1688 7526 
12365 1688 2625 7526 
12366 2625 759 7526 
12367 546 2172 7527 
12368 2172 2486 7527 
12369 2486 546 7527 
12370 2172 1069 7528 
12371 1069 2486 7528 
12372 2486 2172 7528 
12373 981 1663 7529 
12374 1663 2628 7529 
12375 2628 981 7529 
12376 1663 302 7530 
12377 302 2628 7530 
12378 2628 1663 7530 
12379 1546 674 7531 
12380 674 3176 7531 
12381 3176 1546 7531 
12382 1713 832 7532 
12383 832 2612 7532 
12384 2612 1713 7532 
12385 261 1 7533 
12386 1 2884 7533 
12387 2884 261 7533 
12388 329 1644 7534 
12389 1644 2261 7534 
12390 2261 329 7534 
12391 1541 1275 7535 
12392 1275 3050 7535 
12393 3050 1541 7535 
12394 1543 749 7536 
12395 749 2615 7536 
12396 2615 1543 7536 
12397 1953 690 7537 
12398 690 3062 7537 
12399 3062 1953 7537 
12400 2537 1492 7538 
12401 1492 3455 7538 
12402 3455 2537 7538 
12403 2592 903 7539 
12404 903 2969 7539 
12405 2969 2592 7539 
12406 1614 285 7540 
12407 285 2334 7540 
12408 2334 1614 7540 
12409 1586 76 7541 
12410 76 2436 7541 
12411 2436 1586 7541 
12412 1036 2095 7542 
12413 2095 2317 7542 
12414 2317 1036 7542 
12415 2902 399 7543 
12416 399 3364 7543 
12417 3364 2902 7543 
12418 2106 950 7544 
12419 950 3135 7544 
12420 3135 2106 7544 
12421 1200 1580 7545 
12422 1580 3094 7545 
12423 3094 1200 7545 
12424 1655 219 7546 
12425 219 3193 7546 
12426 3193 1655 7546 
12427 1 3 7547 
12428 3 2884 7547 
12429 2884 1 7547 
12430 1540 53 7548 
12431 53 3346 7548 
12432 3346 1540 7548 
12433 1840 692 7549 
12434 692 2137 7549 
12435 2137 1840 7549 
12436 2313 375 7550 
12437 375 3341 7550 
12438 3341 2313 7550 
12439 1901 1187 7551 
12440 1187 3292 7551 
12441 3292 1901 7551 
12442 321 2147 7552 
12443 2147 3068 7552 
12444 3068 321 7552 
12445 2147 1281 7553 
12446 1281 3068 7553 
12447 3068 2147 7553 
12448 304 2125 7554 
12449 2125 2309 7554 
12450 2309 304 7554 
12451 1719 849 7555 
12452 849 2493 7555 
12453 2493 1719 7555 
12454 310 1719 7556 
12455 1719 2493 7556 
12456 2493 310 7556 
12457 1280 2409 7557 
12458 2409 3408 7557 
12459 3408 1280 7557 
12460 1756 762 7558 
12461 762 2306 7558 
12462 2306 1756 7558 
12463 3254 542 7559 
12464 542 3336 7559 
12465 3336 3254 7559 
12466 1570 448 7560 
12467 448 2479 7560 
12468 2479 1570 7560 
12469 2695 1371 7561 
12470 1371 2810 7561 
12471 2810 2695 7561 
12472 528 3246 7562 
12473 3246 3323 7562 
12474 3323 528 7562 
12475 1614 670 7563 
12476 670 2351 7563 
12477 2351 1614 7563 
12478 726 2126 7564 
12479 2126 2806 7564 
12480 2806 726 7564 
12481 416 1598 7565 
12482 1598 2414 7565 
12483 2414 416 7565 
12484 1668 762 7566 
12485 762 2547 7566 
12486 2547 1668 7566 
12487 2345 861 7567 
12488 861 3147 7567 
12489 3147 2345 7567 
12490 1798 421 7568 
12491 421 2192 7568 
12492 2192 1798 7568 
12493 797 1798 7569 
12494 1798 2192 7569 
12495 2192 797 7569 
12496 1904 696 7570 
12497 696 1987 7570 
12498 1987 1904 7570 
12499 1587 1791 7571 
12500 1791 2984 7571 
12501 2984 1587 7571 
12502 587 1594 7572 
12503 1594 2437 7572 
12504 2437 587 7572 
12505 1566 393 7573 
12506 393 2505 7573 
12507 2505 1566 7573 
12508 42 43 7574 
12509 43 2915 7574 
12510 2915 42 7574 
12511 956 1657 7575 
12512 1657 3169 7575 
12513 3169 956 7575 
12514 1554 609 7576 
12515 609 2571 7576 
12516 2571 1554 7576 
12517 339 1548 7577 
12518 1548 2646 7577 
12519 2646 339 7577 
12520 669 2094 7578 
12521 2094 3156 7578 
12522 3156 669 7578 
12523 568 1556 7579 
12524 1556 3191 7579 
12525 3191 568 7579 
12526 1338 1623 7580 
12527 1623 2672 7580 
12528 2672 1338 7580 
12529 1584 942 7581 
12530 942 2470 7581 
12531 2470 1584 7581 
12532 162 1774 7582 
12533 1774 2846 7582 
12534 2846 162 7582 
12535 2046 839 7583 
12536 839 2318 7583 
12537 2318 2046 7583 
12538 955 2046 7584 
12539 2046 2318 7584 
12540 2318 955 7584 
12541 1992 292 7585 
12542 292 1997 7585 
12543 1997 1992 7585 
12544 1750 622 7586 
12545 622 2465 7586 
12546 2465 1750 7586 
12547 859 2072 7587 
12548 2072 2348 7587 
12549 2348 859 7587 
12550 693 1562 7588 
12551 1562 2553 7588 
12552 2553 693 7588 
12553 3285 1442 7589 
12554 1442 3304 7589 
12555 3304 3285 7589 
12556 1565 385 7590 
12557 385 2591 7590 
12558 2591 1565 7590 
12559 1580 252 7591 
12560 252 3094 7591 
12561 3094 1580 7591 
12562 551 2166 7592 
12563 2166 3170 7592 
12564 3170 551 7592 
12565 2166 1312 7593 
12566 1312 3170 7593 
12567 3170 2166 7593 
12568 923 1664 7594 
12569 1664 2942 7594 
12570 2942 923 7594 
12571 1770 608 7595 
12572 608 3417 7595 
12573 3417 1770 7595 
12574 974 1960 7596 
12575 1960 2594 7596 
12576 2594 974 7596 
12577 944 1605 7597 
12578 1605 3080 7597 
12579 3080 944 7597 
12580 1696 759 7598 
12581 759 2577 7598 
12582 2577 1696 7598 
12583 385 1565 7599 
12584 1565 3197 7599 
12585 3197 385 7599 
12586 1546 356 7600 
12587 356 2974 7600 
12588 2974 1546 7600 
12589 804 1591 7601 
12590 1591 2476 7601 
12591 2476 804 7601 
12592 839 2564 7602 
12593 2564 2731 7602 
12594 2731 839 7602 
12595 2564 1348 7603 
12596 1348 2731 7603 
12597 2731 2564 7603 
12598 417 1775 7604 
12599 1775 2972 7604 
12600 2972 417 7604 
12601 1798 797 7605 
12602 797 2875 7605 
12603 2875 1798 7605 
12604 1809 2513 7606 
12605 2513 3045 7606 
12606 3045 1809 7606 
12607 611 1547 7607 
12608 1547 2655 7607 
12609 2655 611 7607 
12610 546 1827 7608 
12611 1827 2172 7608 
12612 2172 546 7608 
12613 1827 806 7609 
12614 806 2172 7609 
12615 2172 1827 7609 
12616 383 1822 7610 
12617 1822 2477 7610 
12618 2477 383 7610 
12619 1463 2372 7611 
12620 2372 3248 7611 
12621 3248 1463 7611 
12622 2372 823 7612 
12623 823 3248 7612 
12624 3248 2372 7612 
12625 1683 1057 7613 
12626 1057 2282 7613 
12627 2282 1683 7613 
12628 324 2234 7614 
12629 2234 3122 7614 
12630 3122 324 7614 
12631 1074 2537 7615 
12632 2537 3455 7615 
12633 3455 1074 7615 
12634 1753 1112 7616 
12635 1112 2199 7616 
12636 2199 1753 7616 
12637 1574 777 7617 
12638 777 2578 7617 
12639 2578 1574 7617 
12640 1554 828 7618 
12641 828 2700 7618 
12642 2700 1554 7618 
12643 278 1554 7619 
12644 1554 2700 7619 
12645 2700 278 7619 
12646 624 1677 7620 
12647 1677 2647 7620 
12648 2647 624 7620 
12649 1821 198 7621 
12650 198 3020 7621 
12651 3020 1821 7621 
12652 1549 597 7622 
12653 597 3056 7622 
12654 3056 1549 7622 
12655 2240 718 7623 
12656 718 2760 7623 
12657 2760 2240 7623 
12658 2331 1006 7624 
12659 1006 3482 7624 
12660 3482 2331 7624 
12661 219 1655 7625 
12662 1655 2735 7625 
12663 2735 219 7625 
12664 2215 824 7626 
12665 824 2927 7626 
12666 2927 2215 7626 
12667 1308 2303 7627 
12668 2303 2999 7627 
12669 2999 1308 7627 
12670 1915 333 7628 
12671 333 3209 7628 
12672 3209 1915 7628 
12673 1562 809 7629 
12674 809 2673 7629 
12675 2673 1562 7629 
12676 990 2276 7630 
12677 2276 2548 7630 
12678 2548 990 7630 
12679 1828 341 7631 
12680 341 2528 7631 
12681 2528 1828 7631 
12682 390 2695 7632 
12683 2695 2810 7632 
12684 2810 390 7632 
12685 1125 2028 7633 
12686 2028 2893 7633 
12687 2893 1125 7633 
12688 1563 783 7634 
12689 783 3224 7634 
12690 3224 1563 7634 
12691 1841 1309 7635 
12692 1309 2556 7635 
12693 2556 1841 7635 
12694 843 1786 7636 
12695 1786 2114 7636 
12696 2114 843 7636 
12697 77 78 7637 
12698 78 2355 7637 
12699 2355 77 7637 
12700 401 1558 7638 
12701 1558 3400 7638 
12702 3400 401 7638 
12703 1664 412 7639 
12704 412 2942 7639 
12705 2942 1664 7639 
12706 2269 973 7640 
12707 973 2369 7640 
12708 2369 2269 7640 
12709 2101 479 7641 
12710 479 3350 7641 
12711 3350 2101 7641 
12712 1345 2101 7642 
12713 2101 3350 7642 
12714 3350 1345 7642 
12715 1734 759 7643 
12716 759 2625 7643 
12717 2625 1734 7643 
12718 585 1589 7644 
12719 1589 3403 7644 
12720 3403 585 7644 
12721 378 2019 7645 
12722 2019 2298 7645 
12723 2298 378 7645 
12724 1868 719 7646 
12725 719 2971 7646 
12726 2971 1868 7646 
12727 2480 811 7647 
12728 811 2732 7647 
12729 2732 2480 7647 
12730 1181 1670 7648 
12731 1670 3241 7648 
12732 3241 1181 7648 
12733 1670 155 7649 
12734 155 3241 7649 
12735 3241 1670 7649 
12736 1972 1100 7650 
12737 1100 3143 7650 
12738 3143 1972 7650 
12739 1595 1058 7651 
12740 1058 3358 7651 
12741 3358 1595 7651 
12742 599 1593 7652 
12743 1593 3028 7652 
12744 3028 599 7652 
12745 2303 948 7653 
12746 948 2999 7653 
12747 2999 2303 7653 
12748 2233 476 7654 
12749 476 2812 7654 
12750 2812 2233 7654 
12751 2637 1130 7655 
12752 1130 3231 7655 
12753 3231 2637 7655 
12754 1576 265 7656 
12755 265 3305 7656 
12756 3305 1576 7656 
12757 758 1576 7657 
12758 1576 3306 7657 
12759 3306 758 7657 
12760 1565 951 7658 
12761 951 3197 7658 
12762 3197 1565 7658 
12763 608 1596 7659 
12764 1596 3417 7659 
12765 3417 608 7659 
12766 1283 2157 7660 
12767 2157 3456 7660 
12768 3456 1283 7660 
12769 1044 1992 7661 
12770 1992 1997 7661 
12771 1997 1044 7661 
12772 837 2590 7662 
12773 2590 3099 7662 
12774 3099 837 7662 
12775 1490 2406 7663 
12776 2406 3042 7663 
12777 3042 1490 7663 
12778 2365 965 7664 
12779 965 2425 7664 
12780 2425 2365 7664 
12781 457 2939 7665 
12782 2939 3269 7665 
12783 3269 457 7665 
12784 1803 916 7666 
12785 916 2614 7666 
12786 2614 1803 7666 
12787 676 1803 7667 
12788 1803 2614 7667 
12789 2614 676 7667 
12790 14 3253 7668 
12791 3253 3311 7668 
12792 3311 14 7668 
12793 2923 2106 7669 
12794 2106 3135 7669 
12795 3135 2923 7669 
12796 1585 740 7670 
12797 740 2560 7670 
12798 2560 1585 7670 
12799 2207 1045 7671 
12800 1045 2493 7671 
12801 2493 2207 7671 
12802 1192 1582 7672 
12803 1582 3324 7672 
12804 3324 1192 7672 
12805 1604 298 7673 
12806 298 2459 7673 
12807 2459 1604 7673 
12808 268 1562 7674 
12809 1562 2673 7674 
12810 2673 268 7674 
12811 922 2824 7675 
12812 2824 2937 7675 
12813 2937 922 7675 
12814 433 1634 7676 
12815 1634 3054 7676 
12816 3054 433 7676 
12817 626 1771 7677 
12818 1771 2139 7677 
12819 2139 626 7677 
12820 910 2251 7678 
12821 2251 2488 7678 
12822 2488 910 7678 
12823 2251 1086 7679 
12824 1086 2488 7679 
12825 2488 2251 7679 
12826 1562 693 7680 
12827 693 3129 7680 
12828 3129 1562 7680 
12829 463 1594 7681 
12830 1594 2537 7681 
12831 2537 463 7681 
12832 824 2404 7682 
12833 2404 2927 7682 
12834 2927 824 7682 
12835 2390 1075 7683 
12836 1075 3268 7683 
12837 3268 2390 7683 
12838 2258 401 7684 
12839 401 3015 7684 
12840 3015 2258 7684 
12841 2353 1600 7685 
12842 1600 3332 7685 
12843 3332 2353 7685 
12844 762 1689 7686 
12845 1689 2547 7686 
12846 2547 762 7686 
12847 2722 1077 7687 
12848 1077 2988 7687 
12849 2988 2722 7687 
12850 826 1569 7688 
12851 1569 2979 7688 
12852 2979 826 7688 
12853 1554 278 7689 
12854 278 2925 7689 
12855 2925 1554 7689 
12856 1137 1950 7690 
12857 1950 3185 7690 
12858 3185 1137 7690 
12859 1557 863 7691 
12860 863 2877 7691 
12861 2877 1557 7691 
12862 563 1557 7692 
12863 1557 2877 7692 
12864 2877 563 7692 
12865 316 2549 7693 
12866 2549 2858 7693 
12867 2858 316 7693 
12868 1857 812 7694 
12869 812 2768 7694 
12870 2768 1857 7694 
12871 585 2116 7695 
12872 2116 2279 7695 
12873 2279 585 7695 
12874 917 2646 7696 
12875 2646 2674 7696 
12876 2674 917 7696 
12877 2129 772 7697 
12878 772 3326 7697 
12879 3326 2129 7697 
12880 1732 760 7698 
12881 760 2842 7698 
12882 2842 1732 7698 
12883 950 3054 7699 
12884 3054 3135 7699 
12885 3135 950 7699 
12886 1658 874 7700 
12887 874 2350 7700 
12888 2350 1658 7700 
12889 1842 662 7701 
12890 662 2331 7701 
12891 2331 1842 7701 
12892 1755 811 7702 
12893 811 2606 7702 
12894 2606 1755 7702 
12895 1135 2452 7703 
12896 2452 3218 7703 
12897 3218 1135 7703 
12898 262 1861 7704 
12899 1861 2452 7704 
12900 2452 262 7704 
12901 2116 1080 7705 
12902 1080 2279 7705 
12903 2279 2116 7705 
12904 129 1633 7706 
12905 1633 2458 7706 
12906 2458 129 7706 
12907 1633 865 7707 
12908 865 2458 7707 
12909 2458 1633 7707 
12910 1593 398 7708 
12911 398 2575 7708 
12912 2575 1593 7708 
12913 2307 1162 7709 
12914 1162 2762 7709 
12915 2762 2307 7709 
12916 1248 1902 7710 
12917 1902 2763 7710 
12918 2763 1248 7710 
12919 1572 1058 7711 
12920 1058 3325 7711 
12921 3325 1572 7711 
12922 2121 2762 7712 
12923 2762 3122 7712 
12924 3122 2121 7712 
12925 418 1563 7713 
12926 1563 3077 7713 
12927 3077 418 7713 
12928 849 1638 7714 
12929 1638 2407 7714 
12930 2407 849 7714 
12931 109 110 7715 
12932 110 2455 7715 
12933 2455 109 7715 
12934 85 86 7716 
12935 86 2900 7716 
12936 2900 85 7716 
12937 2576 884 7717 
12938 884 2800 7717 
12939 2800 2576 7717 
12940 1220 1967 7718 
12941 1967 2718 7718 
12942 2718 1220 7718 
12943 1335 2378 7719 
12944 2378 3312 7719 
12945 3312 1335 7719 
12946 773 1998 7720 
12947 1998 2728 7720 
12948 2728 773 7720 
12949 723 1909 7721 
12950 1909 2034 7721 
12951 2034 723 7721 
12952 225 226 7722 
12953 226 3205 7722 
12954 3205 225 7722 
12955 1572 1143 7723 
12956 1143 3181 7723 
12957 3181 1572 7723 
12958 1575 293 7724 
12959 293 2644 7724 
12960 2644 1575 7724 
12961 1754 789 7725 
12962 789 3088 7725 
12963 3088 1754 7725 
12964 1008 1754 7726 
12965 1754 3088 7726 
12966 3088 1008 7726 
12967 898 2505 7727 
12968 2505 2964 7727 
12969 2964 898 7727 
12970 1878 449 7728 
12971 449 2932 7728 
12972 2932 1878 7728 
12973 2041 1223 7729 
12974 1223 2374 7729 
12975 2374 2041 7729 
12976 651 1569 7730 
12977 1569 2868 7730 
12978 2868 651 7730 
12979 1324 1881 7731 
12980 1881 2950 7731 
12981 2950 1324 7731 
12982 1569 441 7732 
12983 441 2979 7732 
12984 2979 1569 7732 
12985 818 2206 7733 
12986 2206 2391 7733 
12987 2391 818 7733 
12988 2206 1012 7734 
12989 1012 2391 7734 
12990 2391 2206 7734 
12991 1706 962 7735 
12992 962 2231 7735 
12993 2231 1706 7735 
12994 536 2650 7736 
12995 2650 3215 7736 
12996 3215 536 7736 
12997 980 1837 7737 
12998 1837 2616 7737 
12999 2616 980 7737 
13000 616 1714 7738 
13001 1714 2264 7738 
13002 2264 616 7738 
13003 1714 909 7739 
13004 909 2264 7739 
13005 2264 1714 7739 
13006 1782 1122 7740 
13007 1122 3460 7740 
13008 3460 1782 7740 
13009 1634 1447 7741 
13010 1447 3054 7741 
13011 3054 1634 7741 
13012 849 2207 7742 
13013 2207 2493 7742 
13014 2493 849 7742 
13015 620 1949 7743 
13016 1949 3073 7743 
13017 3073 620 7743 
13018 444 1585 7744 
13019 1585 2724 7744 
13020 2724 444 7744 
13021 2020 200 7745 
13022 200 2546 7745 
13023 2546 2020 7745 
13024 980 1565 7746 
13025 1565 3359 7746 
13026 3359 980 7746 
13027 326 2376 7747 
13028 2376 2524 7747 
13029 2524 326 7747 
13030 2945 850 7748 
13031 850 3287 7748 
13032 3287 2945 7748 
13033 1005 1867 7749 
13034 1867 3407 7749 
13035 3407 1005 7749 
13036 592 1579 7750 
13037 1579 3001 7750 
13038 3001 592 7750 
13039 1042 1878 7751 
13040 1878 2932 7751 
13041 2932 1042 7751 
13042 834 1750 7752 
13043 1750 2465 7752 
13044 2465 834 7752 
13045 2106 509 7753 
13046 509 2295 7753 
13047 2295 2106 7753 
13048 950 2106 7754 
13049 2106 2295 7754 
13050 2295 950 7754 
13051 1392 2012 7755 
13052 2012 2734 7755 
13053 2734 1392 7755 
13054 1824 1054 7756 
13055 1054 2376 7756 
13056 2376 1824 7756 
13057 673 2113 7757 
13058 2113 3280 7757 
13059 3280 673 7757 
13060 2113 1304 7758 
13061 1304 3280 7758 
13062 3280 2113 7758 
13063 2549 1341 7759 
13064 1341 2858 7759 
13065 2858 2549 7759 
13066 859 2348 7760 
13067 2348 2414 7760 
13068 2414 859 7760 
13069 1567 848 7761 
13070 848 2857 7761 
13071 2857 1567 7761 
13072 575 1566 7762 
13073 1566 2830 7762 
13074 2830 575 7762 
13075 1561 947 7763 
13076 947 3265 7763 
13077 3265 1561 7763 
13078 1886 954 7764 
13079 954 2619 7764 
13080 2619 1886 7764 
13081 370 1886 7765 
13082 1886 2619 7765 
13083 2619 370 7765 
13084 224 225 7766 
13085 225 2547 7766 
13086 2547 224 7766 
13087 89 90 7767 
13088 90 2365 7767 
13089 2365 89 7767 
13090 244 245 7768 
13091 245 3032 7768 
13092 3032 244 7768 
13093 1867 1005 7769 
13094 1005 3422 7769 
13095 3422 1867 7769 
13096 2314 902 7770 
13097 902 2823 7770 
13098 2823 2314 7770 
13099 1247 2314 7771 
13100 2314 2823 7771 
13101 2823 1247 7771 
13102 2030 425 7772 
13103 425 3307 7772 
13104 3307 2030 7772 
13105 680 1878 7773 
13106 1878 2489 7773 
13107 2489 680 7773 
13108 1238 1953 7774 
13109 1953 2501 7774 
13110 2501 1238 7774 
13111 772 2249 7775 
13112 2249 3326 7775 
13113 3326 772 7775 
13114 2365 1251 7776 
13115 1251 2770 7776 
13116 2770 2365 7776 
13117 965 2365 7777 
13118 2365 2770 7777 
13119 2770 965 7777 
13120 1848 1257 7778 
13121 1257 3308 7778 
13122 3308 1848 7778 
13123 1195 2102 7779 
13124 2102 3224 7779 
13125 3224 1195 7779 
13126 1033 1751 7780 
13127 1751 3155 7780 
13128 3155 1033 7780 
13129 1584 423 7781 
13130 423 3179 7781 
13131 3179 1584 7781 
13132 942 1584 7782 
13133 1584 3179 7782 
13134 3179 942 7782 
13135 119 120 7783 
13136 120 2572 7783 
13137 2572 119 7783 
13138 2569 564 7784 
13139 564 3414 7784 
13140 3414 2569 7784 
13141 2519 158 7785 
13142 158 2696 7785 
13143 2696 2519 7785 
13144 1965 764 7786 
13145 764 3149 7786 
13146 3149 1965 7786 
13147 1568 672 7787 
13148 672 3425 7787 
13149 3425 1568 7787 
13150 2227 967 7788 
13151 967 2639 7788 
13152 2639 2227 7788 
13153 346 1859 7789 
13154 1859 2831 7789 
13155 2831 346 7789 
13156 2071 499 7790 
13157 499 2752 7790 
13158 2752 2071 7790 
13159 1588 470 7791 
13160 470 2710 7791 
13161 2710 1588 7791 
13162 1056 3274 7792 
13163 3274 3316 7792 
13164 3316 1056 7792 
13165 1558 975 7793 
13166 975 2792 7793 
13167 2792 1558 7793 
13168 1860 802 7794 
13169 802 2506 7794 
13170 2506 1860 7794 
13171 2462 1056 7795 
13172 1056 3316 7795 
13173 3316 2462 7795 
13174 1583 410 7796 
13175 410 2769 7796 
13176 2769 1583 7796 
13177 2033 1320 7797 
13178 1320 3157 7797 
13179 3157 2033 7797 
13180 1890 637 7798 
13181 637 3031 7798 
13182 3031 1890 7798 
13183 660 1795 7799 
13184 1795 2271 7799 
13185 2271 660 7799 
13186 988 1615 7800 
13187 1615 2561 7800 
13188 2561 988 7800 
13189 1210 1639 7801 
13190 1639 3161 7801 
13191 3161 1210 7801 
13192 1639 136 7802 
13193 136 3161 7802 
13194 3161 1639 7802 
13195 1730 624 7803 
13196 624 2647 7803 
13197 2647 1730 7803 
13198 1600 1016 7804 
13199 1016 3332 7804 
13200 3332 1600 7804 
13201 1597 1151 7805 
13202 1151 3252 7805 
13203 3252 1597 7805 
13204 816 2004 7806 
13205 2004 2437 7806 
13206 2437 816 7806 
13207 1645 289 7807 
13208 289 2521 7807 
13209 2521 1645 7807 
13210 1238 2501 7808 
13211 2501 3368 7808 
13212 3368 1238 7808 
13213 559 2935 7809 
13214 2935 3444 7809 
13215 3444 559 7809 
13216 968 2392 7810 
13217 2392 2897 7810 
13218 2897 968 7810 
13219 19 15 7811 
13220 15 3105 7811 
13221 3105 19 7811 
13222 1604 805 7812 
13223 805 3063 7812 
13224 3063 1604 7812 
13225 2559 947 7813 
13226 947 2889 7813 
13227 2889 2559 7813 
13228 739 1725 7814 
13229 1725 2262 7814 
13230 2262 739 7814 
13231 2016 103 7815 
13232 103 3120 7815 
13233 3120 2016 7815 
13234 1223 2282 7816 
13235 2282 2813 7816 
13236 2813 1223 7816 
13237 2282 334 7817 
13238 334 2813 7817 
13239 2813 2282 7817 
13240 790 2024 7818 
13241 2024 2500 7818 
13242 2500 790 7818 
13243 69 70 7819 
13244 70 2219 7819 
13245 2219 69 7819 
13246 1235 1783 7820 
13247 1783 2559 7820 
13248 2559 1235 7820 
13249 1590 820 7821 
13250 820 3433 7821 
13251 3433 1590 7821 
13252 625 1607 7822 
13253 1607 2583 7822 
13254 2583 625 7822 
13255 613 1638 7823 
13256 1638 3474 7823 
13257 3474 613 7823 
13258 921 1623 7824 
13259 1623 3086 7824 
13260 3086 921 7824 
13261 1941 691 7825 
13262 691 2721 7825 
13263 2721 1941 7825 
13264 2172 806 7826 
13265 806 2430 7826 
13266 2430 2172 7826 
13267 589 1586 7827 
13268 1586 3097 7827 
13269 3097 589 7827 
13270 1801 1045 7828 
13271 1045 2207 7828 
13272 2207 1801 7828 
13273 2245 998 7829 
13274 998 3331 7829 
13275 3331 2245 7829 
13276 1635 614 7830 
13277 614 3360 7830 
13278 3360 1635 7830 
13279 581 2249 7831 
13280 2249 3303 7831 
13281 3303 581 7831 
13282 57 58 7832 
13283 58 2162 7832 
13284 2162 57 7832 
13285 1742 389 7833 
13286 389 2829 7833 
13287 2829 1742 7833 
13288 1900 1136 7834 
13289 1136 2816 7834 
13290 2816 1900 7834 
13291 177 178 7835 
13292 178 3351 7835 
13293 3351 177 7835 
13294 665 1696 7836 
13295 1696 2713 7836 
13296 2713 665 7836 
13297 537 2345 7837 
13298 2345 2929 7837 
13299 2929 537 7837 
13300 1686 270 7838 
13301 270 2360 7838 
13302 2360 1686 7838 
13303 2088 1092 7839 
13304 1092 2941 7839 
13305 2941 2088 7839 
13306 1823 273 7840 
13307 273 2286 7840 
13308 2286 1823 7840 
13309 817 1823 7841 
13310 1823 2286 7841 
13311 2286 817 7841 
13312 3061 1033 7842 
13313 1033 3155 7842 
13314 3155 3061 7842 
13315 873 2852 7843 
13316 2852 3139 7843 
13317 3139 873 7843 
13318 2345 1290 7844 
13319 1290 2929 7844 
13320 2929 2345 7844 
13321 304 2309 7845 
13322 2309 3165 7845 
13323 3165 304 7845 
13324 598 1608 7846 
13325 1608 3373 7846 
13326 3373 598 7846 
13327 1021 2325 7847 
13328 2325 2904 7847 
13329 2904 1021 7847 
13330 1654 364 7848 
13331 364 2839 7848 
13332 2839 1654 7848 
13333 1953 1238 7849 
13334 1238 3413 7849 
13335 3413 1953 7849 
13336 690 1953 7850 
13337 1953 3413 7850 
13338 3413 690 7850 
13339 1795 803 7851 
13340 803 2271 7851 
13341 2271 1795 7851 
13342 220 2623 7852 
13343 2623 3193 7852 
13344 3193 220 7852 
13345 1952 1187 7853 
13346 1187 2661 7853 
13347 2661 1952 7853 
13348 1142 2145 7854 
13349 2145 3129 7854 
13350 3129 1142 7854 
13351 621 1601 7855 
13352 1601 2674 7855 
13353 2674 621 7855 
13354 1943 2303 7856 
13355 2303 3349 7856 
13356 3349 1943 7856 
13357 2046 955 7857 
13358 955 3081 7857 
13359 3081 2046 7857 
13360 1161 2038 7858 
13361 2038 2925 7858 
13362 2925 1161 7858 
13363 1774 934 7859 
13364 934 2846 7859 
13365 2846 1774 7859 
13366 875 1654 7860 
13367 1654 2839 7860 
13368 2839 875 7860 
13369 1026 2922 7861 
13370 2922 2996 7861 
13371 2996 1026 7861 
13372 1849 935 7862 
13373 935 2153 7862 
13374 2153 1849 7862 
13375 2355 958 7863 
13376 958 2436 7863 
13377 2436 2355 7863 
13378 783 1721 7864 
13379 1721 2454 7864 
13380 2454 783 7864 
13381 1280 1865 7865 
13382 1865 2586 7865 
13383 2586 1280 7865 
13384 1650 389 7866 
13385 389 2467 7866 
13386 2467 1650 7866 
13387 373 1970 7867 
13388 1970 2326 7867 
13389 2326 373 7867 
13390 1082 2236 7868 
13391 2236 2541 7868 
13392 2541 1082 7868 
13393 2236 322 7869 
13394 322 2541 7869 
13395 2541 2236 7869 
13396 1646 396 7870 
13397 396 2491 7870 
13398 2491 1646 7870 
13399 507 1847 7871 
13400 1847 2412 7871 
13401 2412 507 7871 
13402 718 1606 7872 
13403 1606 2635 7872 
13404 2635 718 7872 
13405 866 1622 7873 
13406 1622 2589 7873 
13407 2589 866 7873 
13408 1075 1961 7874 
13409 1961 2081 7874 
13410 2081 1075 7874 
13411 549 2353 7875 
13412 2353 3332 7875 
13413 3332 549 7875 
13414 1644 329 7876 
13415 329 2498 7876 
13416 2498 1644 7876 
13417 1602 1106 7877 
13418 1106 3273 7877 
13419 3273 1602 7877 
13420 790 2177 7878 
13421 2177 3032 7878 
13422 3032 790 7878 
13423 2728 304 7879 
13424 304 3165 7879 
13425 3165 2728 7879 
13426 714 1884 7880 
13427 1884 2433 7880 
13428 2433 714 7880 
13429 1364 1626 7881 
13430 1626 3313 7881 
13431 3313 1364 7881 
13432 897 2150 7882 
13433 2150 2163 7882 
13434 2163 897 7882 
13435 137 113 7883 
13436 113 2983 7883 
13437 2983 137 7883 
13438 113 139 7884 
13439 139 2983 7884 
13440 2983 113 7884 
13441 1912 1355 7885 
13442 1355 3061 7885 
13443 3061 1912 7885 
13444 426 1855 7886 
13445 1855 2150 7886 
13446 2150 426 7886 
13447 1086 1939 7887 
13448 1939 2488 7887 
13449 2488 1086 7887 
13450 1939 427 7888 
13451 427 2488 7888 
13452 2488 1939 7888 
13453 501 1711 7889 
13454 1711 2740 7889 
13455 2740 501 7889 
13456 1889 1362 7890 
13457 1362 2183 7890 
13458 2183 1889 7890 
13459 1429 3254 7891 
13460 3254 3336 7891 
13461 3336 1429 7891 
13462 757 1617 7892 
13463 1617 3379 7892 
13464 3379 757 7892 
13465 417 1667 7893 
13466 1667 2851 7893 
13467 2851 417 7893 
13468 1667 876 7894 
13469 876 2851 7894 
13470 2851 1667 7894 
13471 1343 1605 7895 
13472 1605 2847 7895 
13473 2847 1343 7895 
13474 788 1645 7896 
13475 1645 2521 7896 
13476 2521 788 7896 
13477 541 1801 7897 
13478 1801 2207 7897 
13479 2207 541 7897 
13480 226 227 7898 
13481 227 2682 7898 
13482 2682 226 7898 
13483 236 237 7899 
13484 237 2738 7899 
13485 2738 236 7899 
13486 2023 1111 7900 
13487 1111 2173 7900 
13488 2173 2023 7900 
13489 996 1920 7901 
13490 1920 2246 7901 
13491 2246 996 7901 
13492 1790 961 7902 
13493 961 3047 7902 
13494 3047 1790 7902 
13495 1879 1043 7903 
13496 1043 2122 7903 
13497 2122 1879 7903 
13498 961 2610 7904 
13499 2610 3047 7904 
13500 3047 961 7904 
13501 2609 960 7905 
13502 960 3046 7905 
13503 3046 2609 7905 
13504 1627 690 7906 
13505 690 3413 7906 
13506 3413 1627 7906 
13507 387 2102 7907 
13508 2102 3478 7907 
13509 3478 387 7907 
13510 330 2108 7908 
13511 2108 3033 7908 
13512 3033 330 7908 
13513 769 1944 7909 
13514 1944 3450 7909 
13515 3450 769 7909 
13516 1621 267 7910 
13517 267 3278 7910 
13518 3278 1621 7910 
13519 952 1642 7911 
13520 1642 2579 7911 
13521 2579 952 7911 
13522 1642 101 7912 
13523 101 2579 7912 
13524 2579 1642 7912 
13525 2144 1279 7913 
13526 1279 2580 7913 
13527 2580 2144 7913 
13528 1825 413 7914 
13529 413 3401 7914 
13530 3401 1825 7914 
13531 338 2144 7915 
13532 2144 2580 7915 
13533 2580 338 7915 
13534 2035 885 7916 
13535 885 2128 7916 
13536 2128 2035 7916 
13537 413 2035 7917 
13538 2035 2128 7917 
13539 2128 413 7917 
13540 1108 1982 7918 
13541 1982 2795 7918 
13542 2795 1108 7918 
13543 2486 1069 7919 
13544 1069 3293 7919 
13545 3293 2486 7919 
13546 1855 793 7920 
13547 793 2150 7920 
13548 2150 1855 7920 
13549 1738 617 7921 
13550 617 2291 7921 
13551 2291 1738 7921 
13552 195 196 7922 
13553 196 2165 7922 
13554 2165 195 7922 
13555 460 2269 7923 
13556 2269 2369 7923 
13557 2369 460 7923 
13558 801 1768 7924 
13559 1768 2284 7924 
13560 2284 801 7924 
13561 1768 307 7925 
13562 307 2284 7925 
13563 2284 1768 7925 
13564 557 1724 7926 
13565 1724 2322 7926 
13566 2322 557 7926 
13567 2106 937 7927 
13568 937 2461 7927 
13569 2461 2106 7927 
13570 2272 770 7928 
13571 770 3487 7928 
13572 3487 2272 7928 
13573 960 1800 7929 
13574 1800 3046 7929 
13575 3046 960 7929 
13576 1833 837 7930 
13577 837 2426 7930 
13578 2426 1833 7930 
13579 2160 709 7931 
13580 709 2876 7931 
13581 2876 2160 7931 
13582 1595 1107 7932 
13583 1107 2766 7932 
13584 2766 1595 7932 
13585 193 194 7933 
13586 194 2916 7933 
13587 2916 193 7933 
13588 1361 2386 7934 
13589 2386 3301 7934 
13590 3301 1361 7934 
13591 450 1619 7935 
13592 1619 3315 7935 
13593 3315 450 7935 
13594 21 1916 7936 
13595 1916 2671 7936 
13596 2671 21 7936 
13597 1858 727 7937 
13598 727 2135 7937 
13599 2135 1858 7937 
13600 207 208 7938 
13601 208 2182 7938 
13602 2182 207 7938 
13603 781 2062 7939 
13604 2062 3065 7939 
13605 3065 781 7939 
13606 2150 793 7940 
13607 793 2163 7940 
13608 2163 2150 7940 
13609 1788 2892 7941 
13610 2892 3317 7941 
13611 3317 1788 7941 
13612 1937 394 7942 
13613 394 2605 7942 
13614 2605 1937 7942 
13615 2692 1352 7943 
13616 1352 3190 7943 
13617 3190 2692 7943 
13618 351 1900 7944 
13619 1900 2816 7944 
13620 2816 351 7944 
13621 838 2229 7945 
13622 2229 2613 7945 
13623 2613 838 7945 
13624 243 244 7946 
13625 244 2177 7946 
13626 2177 243 7946 
13627 2017 1085 7947 
13628 1085 3118 7947 
13629 3118 2017 7947 
13630 1126 2821 7948 
13631 2821 3017 7948 
13632 3017 1126 7948 
13633 1039 2434 7949 
13634 2434 3404 7949 
13635 3404 1039 7949 
13636 1920 687 7950 
13637 687 2246 7950 
13638 2246 1920 7950 
13639 1778 578 7951 
13640 578 3101 7951 
13641 3101 1778 7951 
13642 2434 1491 7952 
13643 1491 3404 7952 
13644 3404 2434 7952 
13645 1870 296 7953 
13646 296 2394 7953 
13647 2394 1870 7953 
13648 1625 714 7954 
13649 714 3328 7954 
13650 3328 1625 7954 
13651 996 1778 7955 
13652 1778 3101 7955 
13653 3101 996 7955 
13654 2442 2136 7956 
13655 2136 3452 7956 
13656 3452 2442 7956 
13657 780 1934 7957 
13658 1934 2435 7957 
13659 2435 780 7957 
13660 2198 19 7958 
13661 19 3105 7958 
13662 3105 2198 7958 
13663 472 2453 7959 
13664 2453 2792 7959 
13665 2792 472 7959 
13666 927 2058 7960 
13667 2058 2109 7960 
13668 2109 927 7960 
13669 861 1607 7961 
13670 1607 2917 7961 
13671 2917 861 7961 
13672 1982 685 7962 
13673 685 2795 7962 
13674 2795 1982 7962 
13675 859 2504 7963 
13676 2504 2939 7963 
13677 2939 859 7963 
13678 1916 22 7964 
13679 22 2890 7964 
13680 2890 1916 7964 
13681 1613 387 7965 
13682 387 2803 7965 
13683 2803 1613 7965 
13684 653 1704 7966 
13685 1704 3199 7966 
13686 3199 653 7966 
13687 1704 991 7967 
13688 991 3199 7967 
13689 3199 1704 7967 
13690 958 2355 7968 
13691 2355 2811 7968 
13692 2811 958 7968 
13693 2355 1237 7969 
13694 1237 2811 7969 
13695 2811 2355 7969 
13696 221 1637 7970 
13697 1637 2623 7970 
13698 2623 221 7970 
13699 1605 944 7971 
13700 944 3210 7971 
13701 3210 1605 7971 
13702 1052 2053 7972 
13703 2053 2780 7972 
13704 2780 1052 7972 
13705 2621 1418 7973 
13706 1418 3430 7973 
13707 3430 2621 7973 
13708 388 1944 7974 
13709 1944 3340 7974 
13710 3340 388 7974 
13711 298 1604 7975 
13712 1604 3063 7975 
13713 3063 298 7975 
13714 2487 1027 7976 
13715 1027 3246 7976 
13716 3246 2487 7976 
13717 1607 625 7977 
13718 625 2917 7977 
13719 2917 1607 7977 
13720 487 1813 7978 
13721 1813 2224 7978 
13722 2224 487 7978 
13723 511 2513 7979 
13724 2513 2872 7979 
13725 2872 511 7979 
13726 2513 1328 7980 
13727 1328 2872 7980 
13728 2872 2513 7980 
13729 1944 1206 7981 
13730 1206 3340 7981 
13731 3340 1944 7981 
13732 1044 2510 7982 
13733 2510 3228 7982 
13734 3228 1044 7982 
13735 1349 1872 7983 
13736 1872 2330 7983 
13737 2330 1349 7983 
13738 1694 423 7984 
13739 423 2867 7984 
13740 2867 1694 7984 
13741 2236 1082 7985 
13742 1082 3233 7985 
13743 3233 2236 7985 
13744 411 1605 7986 
13745 1605 3210 7986 
13746 3210 411 7986 
13747 960 1960 7987 
13748 1960 2447 7987 
13749 2447 960 7987 
13750 1960 974 7988 
13751 974 2447 7988 
13752 2447 1960 7988 
13753 650 1667 7989 
13754 1667 3407 7989 
13755 3407 650 7989 
13756 2344 1270 7990 
13757 1270 2994 7990 
13758 2994 2344 7990 
13759 442 1756 7991 
13760 1756 2306 7991 
13761 2306 442 7991 
13762 1810 742 7992 
13763 742 2241 7992 
13764 2241 1810 7992 
13765 1624 605 7993 
13766 605 3347 7993 
13767 3347 1624 7993 
13768 394 1731 7994 
13769 1731 2387 7994 
13770 2387 394 7994 
13771 1731 796 7995 
13772 796 2387 7995 
13773 2387 1731 7995 
13774 1424 2342 7996 
13775 2342 3348 7996 
13776 3348 1424 7996 
13777 2342 1055 7997 
13778 1055 3348 7997 
13779 3348 2342 7997 
13780 795 1635 7998 
13781 1635 3360 7998 
13782 3360 795 7998 
13783 1630 1083 7999 
13784 1083 3303 7999 
13785 3303 1630 7999 
13786 2690 869 8000 
13787 869 3423 8000 
13788 3423 2690 8000 
13789 1782 607 8001 
13790 607 2733 8001 
13791 2733 1782 8001 
13792 1948 853 8002 
13793 853 2582 8002 
13794 2582 1948 8002 
13795 403 1806 8003 
13796 1806 2256 8003 
13797 2256 403 8003 
13798 1014 3285 8004 
13799 3285 3304 8004 
13800 3304 1014 8004 
13801 1744 755 8005 
13802 755 2332 8005 
13803 2332 1744 8005 
13804 1211 2018 8006 
13805 2018 2498 8006 
13806 2498 1211 8006 
13807 402 1833 8007 
13808 1833 2426 8007 
13809 2426 402 8007 
13810 896 1926 8008 
13811 1926 2481 8008 
13812 2481 896 8008 
13813 504 1716 8009 
13814 1716 2931 8009 
13815 2931 504 8009 
13816 1716 931 8010 
13817 931 2931 8010 
13818 2931 1716 8010 
13819 1958 747 8011 
13820 747 3207 8011 
13821 3207 1958 8011 
13822 1163 1599 8012 
13823 1599 3418 8012 
13824 3418 1163 8012 
13825 18 19 8013 
13826 19 2198 8013 
13827 2198 18 8013 
13828 1079 1641 8014 
13829 1641 3485 8014 
13830 3485 1079 8014 
13831 895 1679 8015 
13832 1679 2530 8015 
13833 2530 895 8015 
13834 1679 153 8016 
13835 153 2530 8016 
13836 2530 1679 8016 
13837 1926 47 8017 
13838 47 2481 8017 
13839 2481 1926 8017 
13840 1640 621 8018 
13841 621 3449 8018 
13842 3449 1640 8018 
13843 183 1958 8019 
13844 1958 3309 8019 
13845 3309 183 8019 
13846 168 169 8020 
13847 169 2217 8020 
13848 2217 168 8020 
13849 471 1976 8021 
13850 1976 2603 8021 
13851 2603 471 8021 
13852 1976 976 8022 
13853 976 2603 8022 
13854 2603 1976 8022 
13855 596 2088 8023 
13856 2088 2941 8023 
13857 2941 596 8023 
13858 2986 1197 8024 
13859 1197 3445 8024 
13860 3445 2986 8024 
13861 1657 412 8025 
13862 412 3169 8025 
13863 3169 1657 8025 
13864 434 2063 8026 
13865 2063 2371 8026 
13866 2371 434 8026 
13867 2063 936 8027 
13868 936 2371 8027 
13869 2371 2063 8027 
13870 2063 763 8028 
13871 763 2064 8028 
13872 2064 2063 8028 
13873 936 2063 8029 
13874 2063 2064 8029 
13875 2064 936 8029 
13876 1710 600 8030 
13877 600 2978 8030 
13878 2978 1710 8030 
13879 1747 1352 8031 
13880 1352 2692 8031 
13881 2692 1747 8031 
13882 726 1924 8032 
13883 1924 2126 8032 
13884 2126 726 8032 
13885 2590 1261 8033 
13886 1261 3099 8033 
13887 3099 2590 8033 
13888 652 1685 8034 
13889 1685 3472 8034 
13890 3472 652 8034 
13891 764 1722 8035 
13892 1722 2982 8035 
13893 2982 764 8035 
13894 1688 920 8036 
13895 920 3457 8036 
13896 3457 1688 8036 
13897 333 2693 8037 
13898 2693 3209 8037 
13899 3209 333 8037 
13900 2053 470 8038 
13901 470 2780 8038 
13902 2780 2053 8038 
13903 628 1637 8039 
13904 1637 3040 8039 
13905 3040 628 8039 
13906 339 1624 8040 
13907 1624 2863 8040 
13908 2863 339 8040 
13909 2147 781 8041 
13910 781 3065 8041 
13911 3065 2147 8041 
13912 1641 1067 8042 
13913 1067 3462 8042 
13914 3462 1641 8042 
13915 2034 1034 8043 
13916 1034 3082 8043 
13917 3082 2034 8043 
13918 1632 731 8044 
13919 731 3218 8044 
13920 3218 1632 8044 
13921 580 1620 8045 
13922 1620 2991 8045 
13923 2991 580 8045 
13924 420 1620 8046 
13925 1620 2995 8046 
13926 2995 420 8046 
13927 2157 729 8047 
13928 729 3456 8047 
13929 3456 2157 8047 
13930 510 2404 8048 
13931 2404 2999 8048 
13932 2999 510 8048 
13933 1068 1622 8049 
13934 1622 2945 8049 
13935 2945 1068 8049 
13936 2496 1070 8050 
13937 1070 3274 8050 
13938 3274 2496 8050 
13939 453 2060 8051 
13940 2060 2561 8051 
13941 2561 453 8051 
13942 1721 783 8052 
13943 783 2813 8052 
13944 2813 1721 8052 
13945 1756 823 8053 
13946 823 2347 8053 
13947 2347 1756 8053 
13948 157 158 8054 
13949 158 2519 8054 
13950 2519 157 8054 
13951 2404 1308 8055 
13952 1308 2999 8055 
13953 2999 2404 8055 
13954 6 1758 8056 
13955 1758 2850 8056 
13956 2850 6 8056 
13957 2060 988 8057 
13958 988 2561 8057 
13959 2561 2060 8057 
13960 219 220 8058 
13961 220 3193 8058 
13962 3193 219 8058 
13963 2094 669 8059 
13964 669 3222 8059 
13965 3222 2094 8059 
13966 56 57 8060 
13967 57 3125 8060 
13968 3125 56 8060 
13969 622 1690 8061 
13970 1690 2465 8061 
13971 2465 622 8061 
13972 448 2228 8062 
13973 2228 2479 8062 
13974 2479 448 8062 
13975 2228 1031 8063 
13976 1031 2479 8063 
13977 2479 2228 8063 
13978 1525 2903 8064 
13979 2903 3047 8064 
13980 3047 1525 8064 
13981 1743 927 8065 
13982 927 3410 8065 
13983 3410 1743 8065 
13984 446 2406 8066 
13985 2406 3011 8066 
13986 3011 446 8066 
13987 275 1776 8067 
13988 1776 2449 8067 
13989 2449 275 8067 
13990 1166 2014 8068 
13991 2014 3200 8068 
13992 3200 1166 8068 
13993 2094 1147 8069 
13994 1147 3156 8069 
13995 3156 2094 8069 
13996 202 203 8070 
13997 203 2854 8070 
13998 2854 202 8070 
13999 1228 1929 8071 
14000 1929 2614 8071 
14001 2614 1228 8071 
14002 1836 1083 8072 
14003 1083 2261 8072 
14004 2261 1836 8072 
14005 1954 627 8073 
14006 627 3234 8073 
14007 3234 1954 8073 
14008 1975 880 8074 
14009 880 2376 8074 
14010 2376 1975 8074 
14011 326 1975 8075 
14012 1975 2376 8075 
14013 2376 326 8075 
14014 705 1684 8076 
14015 1684 2515 8076 
14016 2515 705 8076 
14017 1191 2160 8077 
14018 2160 2876 8077 
14019 2876 1191 8077 
14020 1758 964 8078 
14021 964 2850 8078 
14022 2850 1758 8078 
14023 1169 1954 8079 
14024 1954 3234 8079 
14025 3234 1169 8079 
14026 459 2312 8080 
14027 2312 2462 8080 
14028 2462 459 8080 
14029 2312 1056 8081 
14030 1056 2462 8081 
14031 2462 2312 8081 
14032 2903 573 8082 
14033 573 3047 8082 
14034 3047 2903 8082 
14035 1171 1866 8083 
14036 1866 3451 8083 
14037 3451 1171 8083 
14038 1638 849 8084 
14039 849 3474 8084 
14040 3474 1638 8084 
14041 297 1889 8085 
14042 1889 2183 8085 
14043 2183 297 8085 
14044 456 2450 8086 
14045 2450 2616 8086 
14046 2616 456 8086 
14047 1234 2331 8087 
14048 2331 3482 8087 
14049 3482 1234 8087 
14050 240 241 8088 
14051 241 2243 8088 
14052 2243 240 8088 
14053 1846 202 8089 
14054 202 2854 8089 
14055 2854 1846 8089 
14056 842 1832 8090 
14057 1832 2725 8090 
14058 2725 842 8090 
14059 2668 1149 8091 
14060 1149 3388 8091 
14061 3388 2668 8091 
14062 1097 1925 8092 
14063 1925 2796 8092 
14064 2796 1097 8092 
14065 2323 1104 8093 
14066 1104 3067 8093 
14067 3067 2323 8093 
14068 2029 299 8094 
14069 299 2891 8094 
14070 2891 2029 8094 
14071 369 1737 8095 
14072 1737 3050 8095 
14073 3050 369 8095 
14074 1866 215 8096 
14075 215 3451 8096 
14076 3451 1866 8096 
14077 2115 478 8097 
14078 478 3149 8097 
14079 3149 2115 8097 
14080 889 1917 8098 
14081 1917 2497 8098 
14082 2497 889 8098 
14083 1917 204 8099 
14084 204 2497 8099 
14085 2497 1917 8099 
14086 1867 347 8100 
14087 347 2856 8100 
14088 2856 1867 8100 
14089 1790 1367 8101 
14090 1367 2701 8101 
14091 2701 1790 8101 
14092 1197 2398 8102 
14093 2398 3445 8102 
14094 3445 1197 8102 
14095 841 2580 8103 
14096 2580 2685 8103 
14097 2685 841 8103 
14098 1431 2189 8104 
14099 2189 2931 8104 
14100 2931 1431 8104 
14101 1120 2016 8105 
14102 2016 3120 8105 
14103 3120 1120 8105 
14104 2631 567 8106 
14105 567 3012 8106 
14106 3012 2631 8106 
14107 1430 2631 8107 
14108 2631 3012 8107 
14109 3012 1430 8107 
14110 1996 1230 8108 
14111 1230 2946 8108 
14112 2946 1996 8108 
14113 612 1656 8109 
14114 1656 3083 8109 
14115 3083 612 8109 
14116 963 1934 8110 
14117 1934 3270 8110 
14118 3270 963 8110 
14119 2018 741 8111 
14120 741 2498 8111 
14121 2498 2018 8111 
14122 3411 454 8112 
14123 454 3439 8112 
14124 3439 3411 8112 
14125 704 2158 8113 
14126 2158 2159 8113 
14127 2159 704 8113 
14128 2158 1015 8114 
14129 1015 2159 8114 
14130 2159 2158 8114 
14131 98 99 8115 
14132 99 2263 8115 
14133 2263 98 8115 
14134 1841 646 8116 
14135 646 3079 8116 
14136 3079 1841 8116 
14137 1966 829 8117 
14138 829 2574 8117 
14139 2574 1966 8117 
14140 1172 2099 8118 
14141 2099 2329 8118 
14142 2329 1172 8118 
14143 2223 422 8119 
14144 422 2789 8119 
14145 2789 2223 8119 
14146 2580 1279 8120 
14147 1279 2685 8120 
14148 2685 2580 8120 
14149 1684 705 8121 
14150 705 2654 8121 
14151 2654 1684 8121 
14152 1076 1724 8122 
14153 1724 3477 8122 
14154 3477 1076 8122 
14155 1724 557 8123 
14156 557 3477 8123 
14157 3477 1724 8123 
14158 482 1782 8124 
14159 1782 2573 8124 
14160 2573 482 8124 
14161 1782 853 8125 
14162 853 2573 8125 
14163 2573 1782 8125 
14164 938 1695 8126 
14165 1695 3110 8126 
14166 3110 938 8126 
14167 1655 948 8127 
14168 948 2735 8127 
14169 2735 1655 8127 
14170 2118 741 8128 
14171 741 2514 8128 
14172 2514 2118 8128 
14173 2110 975 8129 
14174 975 2125 8129 
14175 2125 2110 8129 
14176 1232 2107 8130 
14177 2107 3184 8130 
14178 3184 1232 8130 
14179 1845 860 8131 
14180 860 2716 8131 
14181 2716 1845 8131 
14182 944 1648 8132 
14183 1648 3210 8132 
14184 3210 944 8132 
14185 2477 760 8133 
14186 760 2687 8133 
14187 2687 2477 8133 
14188 1960 960 8134 
14189 960 2609 8134 
14190 2609 1960 8134 
14191 73 1960 8135 
14192 1960 2609 8135 
14193 2609 73 8135 
14194 2189 504 8136 
14195 504 2931 8136 
14196 2931 2189 8136 
14197 1567 2857 8137 
14198 2857 3136 8137 
14199 3136 1567 8137 
14200 2857 562 8138 
14201 562 3136 8138 
14202 3136 2857 8138 
14203 1650 918 8139 
14204 918 2776 8139 
14205 2776 1650 8139 
14206 1648 411 8140 
14207 411 3210 8140 
14208 3210 1648 8140 
14209 1955 743 8141 
14210 743 2149 8141 
14211 2149 1955 8141 
14212 1895 749 8142 
14213 749 2209 8142 
14214 2209 1895 8142 
14215 1145 2039 8143 
14216 2039 3064 8143 
14217 3064 1145 8143 
14218 2039 707 8144 
14219 707 3064 8144 
14220 3064 2039 8144 
14221 2199 1112 8145 
14222 1112 2845 8145 
14223 2845 2199 8145 
14224 411 1648 8146 
14225 1648 2820 8146 
14226 2820 411 8146 
14227 724 1943 8147 
14228 1943 2156 8147 
14229 2156 724 8147 
14230 1253 2313 8148 
14231 2313 3341 8148 
14232 3341 1253 8148 
14233 1064 1781 8149 
14234 1781 3370 8149 
14235 3370 1064 8149 
14236 1781 444 8150 
14237 444 3370 8150 
14238 3370 1781 8150 
14239 1789 134 8151 
14240 134 2859 8151 
14241 2859 1789 8151 
14242 1040 1673 8152 
14243 1673 2652 8152 
14244 2652 1040 8152 
14245 2014 51 8153 
14246 51 3200 8153 
14247 3200 2014 8153 
14248 509 2106 8154 
14249 2106 2461 8154 
14250 2461 509 8154 
14251 954 1678 8155 
14252 1678 2619 8155 
14253 2619 954 8155 
14254 1651 726 8156 
14255 726 2806 8156 
14256 2806 1651 8156 
14257 1813 487 8157 
14258 487 2714 8157 
14259 2714 1813 8157 
14260 902 1813 8158 
14261 1813 2714 8158 
14262 2714 902 8158 
14263 1675 857 8159 
14264 857 2663 8159 
14265 2663 1675 8159 
14266 979 1717 8160 
14267 1717 2807 8160 
14268 2807 979 8160 
14269 218 219 8161 
14270 219 2735 8161 
14271 2735 218 8161 
14272 2671 1094 8162 
14273 1094 3453 8162 
14274 3453 2671 8162 
14275 1905 993 8163 
14276 993 2212 8163 
14277 2212 1905 8163 
14278 1642 952 8164 
14279 952 3163 8164 
14280 3163 1642 8164 
14281 1646 614 8165 
14282 614 2934 8165 
14283 2934 1646 8165 
14284 766 2110 8166 
14285 2110 2125 8166 
14286 2125 766 8166 
14287 2582 853 8167 
14288 853 2733 8167 
14289 2733 2582 8167 
14290 1286 2582 8168 
14291 2582 2733 8168 
14292 2733 1286 8168 
14293 1755 386 8169 
14294 386 2732 8169 
14295 2732 1755 8169 
14296 879 1866 8170 
14297 1866 2638 8170 
14298 2638 879 8170 
14299 2401 1053 8171 
14300 1053 2402 8171 
14301 2402 2401 8171 
14302 804 2401 8172 
14303 2401 2402 8172 
14304 2402 804 8172 
14305 709 2297 8173 
14306 2297 2876 8173 
14307 2876 709 8173 
14308 888 2108 8174 
14309 2108 2260 8174 
14310 2260 888 8174 
14311 2108 330 8175 
14312 330 2260 8175 
14313 2260 2108 8175 
14314 418 1685 8176 
14315 1685 2597 8176 
14316 2597 418 8176 
14317 2100 397 8177 
14318 397 2308 8177 
14319 2308 2100 8177 
14320 2422 834 8178 
14321 834 3364 8178 
14322 3364 2422 8178 
14323 814 2220 8179 
14324 2220 2757 8179 
14325 2757 814 8179 
14326 1689 224 8180 
14327 224 2547 8180 
14328 2547 1689 8180 
14329 1957 1022 8181 
14330 1022 2910 8181 
14331 2910 1957 8181 
14332 1653 636 8182 
14333 636 3469 8182 
14334 3469 1653 8182 
14335 884 1760 8183 
14336 1760 2800 8183 
14337 2800 884 8183 
14338 332 1647 8184 
14339 1647 3110 8184 
14340 3110 332 8184 
14341 2311 272 8185 
14342 272 2496 8185 
14343 2496 2311 8185 
14344 1056 2311 8186 
14345 2311 2496 8186 
14346 2496 1056 8186 
14347 1012 2375 8187 
14348 2375 2391 8187 
14349 2391 1012 8187 
14350 1660 13 8188 
14351 13 3311 8188 
14352 3311 1660 8188 
14353 850 2511 8189 
14354 2511 3287 8189 
14355 3287 850 8189 
14356 1734 395 8190 
14357 395 2737 8190 
14358 2737 1734 8190 
14359 1776 1395 8191 
14360 1395 2449 8191 
14361 2449 1776 8191 
14362 822 1697 8192 
14363 1697 3119 8192 
14364 3119 822 8192 
14365 343 1696 8193 
14366 1696 2577 8193 
14367 2577 343 8193 
14368 466 1843 8194 
14369 1843 2335 8194 
14370 2335 466 8194 
14371 1891 751 8195 
14372 751 2300 8195 
14373 2300 1891 8195 
14374 1359 1800 8196 
14375 1800 2662 8196 
14376 2662 1359 8196 
14377 1683 729 8197 
14378 729 2634 8197 
14379 2634 1683 8197 
14380 40 1957 8198 
14381 1957 2910 8198 
14382 2910 40 8198 
14383 203 1917 8199 
14384 1917 2854 8199 
14385 2854 203 8199 
14386 1047 1926 8200 
14387 1926 2361 8200 
14388 2361 1047 8200 
14389 666 1876 8201 
14390 1876 2576 8201 
14391 2576 666 8201 
14392 1712 821 8202 
14393 821 3141 8202 
14394 3141 1712 8202 
14395 1926 896 8203 
14396 896 2361 8203 
14397 2361 1926 8203 
14398 2205 912 8204 
14399 912 2220 8204 
14400 2220 2205 8204 
14401 814 2205 8205 
14402 2205 2220 8205 
14403 2220 814 8205 
14404 83 2920 8206 
14405 2920 2956 8206 
14406 2956 83 8206 
14407 365 1652 8207 
14408 1652 2955 8207 
14409 2955 365 8207 
14410 2290 1131 8208 
14411 1131 2693 8208 
14412 2693 2290 8208 
14413 333 2290 8209 
14414 2290 2693 8209 
14415 2693 333 8209 
14416 909 2120 8210 
14417 2120 2299 8210 
14418 2299 909 8210 
14419 2120 870 8211 
14420 870 2299 8211 
14421 2299 2120 8211 
14422 1760 405 8212 
14423 405 2800 8212 
14424 2800 1760 8212 
14425 669 1652 8213 
14426 1652 3222 8213 
14427 3222 669 8213 
14428 2367 947 8214 
14429 947 2559 8214 
14430 2559 2367 8214 
14431 812 2211 8215 
14432 2211 2768 8215 
14433 2768 812 8215 
14434 1130 2519 8216 
14435 2519 2696 8216 
14436 2696 1130 8216 
14437 797 1739 8217 
14438 1739 2880 8217 
14439 2880 797 8217 
14440 1795 660 8218 
14441 660 3313 8218 
14442 3313 1795 8218 
14443 895 1670 8219 
14444 1670 2843 8219 
14445 2843 895 8219 
14446 2551 758 8220 
14447 758 3306 8220 
14448 3306 2551 8220 
14449 2287 1046 8221 
14450 1046 3264 8221 
14451 3264 2287 8221 
14452 1402 2287 8222 
14453 2287 3264 8222 
14454 3264 1402 8222 
14455 2273 966 8223 
14456 966 2305 8223 
14457 2305 2273 8223 
14458 881 2273 8224 
14459 2273 2305 8224 
14460 2305 881 8224 
14461 1731 394 8225 
14462 394 2520 8225 
14463 2520 1731 8225 
14464 2058 774 8226 
14465 774 2109 8226 
14466 2109 2058 8226 
14467 1739 797 8227 
14468 797 3344 8227 
14469 3344 1739 8227 
14470 1717 258 8228 
14471 258 2807 8228 
14472 2807 1717 8228 
14473 529 2621 8229 
14474 2621 3430 8229 
14475 3430 529 8229 
14476 1761 575 8230 
14477 575 2830 8230 
14478 2830 1761 8230 
14479 898 1761 8231 
14480 1761 2830 8231 
14481 2830 898 8231 
14482 273 1823 8232 
14483 1823 2589 8232 
14484 2589 273 8232 
14485 1823 866 8233 
14486 866 2589 8233 
14487 2589 1823 8233 
14488 1060 1826 8234 
14489 1826 2495 8234 
14490 2495 1060 8234 
14491 1826 1066 8235 
14492 1066 2495 8235 
14493 2495 1826 8235 
14494 13 14 8236 
14495 14 3311 8236 
14496 3311 13 8236 
14497 2295 949 8237 
14498 949 2708 8237 
14499 2708 2295 8237 
14500 983 2162 8238 
14501 2162 2797 8238 
14502 2797 983 8238 
14503 2162 1145 8239 
14504 1145 2797 8239 
14505 2797 2162 8239 
14506 743 1661 8240 
14507 1661 3233 8240 
14508 3233 743 8240 
14509 1681 431 8241 
14510 431 2745 8241 
14511 2745 1681 8241 
14512 2405 488 8242 
14513 488 2444 8242 
14514 2444 2405 8242 
14515 1062 2405 8243 
14516 2405 2444 8243 
14517 2444 1062 8243 
14518 2852 1313 8244 
14519 1313 3139 8244 
14520 3139 2852 8244 
14521 1669 631 8245 
14522 631 2833 8245 
14523 2833 1669 8245 
14524 1942 56 8246 
14525 56 3125 8246 
14526 3125 1942 8246 
14527 1663 981 8247 
14528 981 3227 8247 
14529 3227 1663 8247 
14530 754 2023 8248 
14531 2023 2173 8248 
14532 2173 754 8248 
14533 1876 884 8249 
14534 884 2576 8249 
14535 2576 1876 8249 
14536 812 1946 8250 
14537 1946 2211 8250 
14538 2211 812 8250 
14539 1667 417 8251 
14540 417 2972 8251 
14541 2972 1667 8251 
14542 1986 658 8252 
14543 658 2968 8252 
14544 2968 1986 8252 
14545 1131 2290 8253 
14546 2290 3464 8253 
14547 3464 1131 8253 
14548 2375 393 8254 
14549 393 2391 8254 
14550 2391 2375 8254 
14551 1005 1775 8255 
14552 1775 3421 8255 
14553 3421 1005 8255 
14554 2933 905 8256 
14555 905 3057 8256 
14556 3057 2933 8256 
14557 1874 264 8257 
14558 264 2683 8257 
14559 2683 1874 8257 
14560 1019 2692 8258 
14561 2692 3190 8258 
14562 3190 1019 8258 
14563 15 2099 8259 
14564 2099 3105 8259 
14565 3105 15 8259 
14566 3253 1419 8260 
14567 1419 3311 8260 
14568 3311 3253 8260 
14569 2041 418 8261 
14570 418 2597 8261 
14571 2597 2041 8261 
14572 2190 947 8262 
14573 947 2367 8262 
14574 2367 2190 8262 
14575 1751 691 8263 
14576 691 3155 8263 
14577 3155 1751 8263 
14578 1422 2069 8264 
14579 2069 2799 8264 
14580 2799 1422 8264 
14581 1708 817 8265 
14582 817 2802 8265 
14583 2802 1708 8265 
14584 2124 370 8266 
14585 370 3282 8266 
14586 3282 2124 8266 
14587 2259 1231 8267 
14588 1231 3089 8267 
14589 3089 2259 8267 
14590 1084 1668 8268 
14591 1668 3205 8268 
14592 3205 1084 8268 
14593 745 1931 8269 
14594 1931 2250 8269 
14595 2250 745 8269 
14596 2019 378 8270 
14597 378 3374 8270 
14598 3374 2019 8270 
14599 1772 1079 8271 
14600 1079 2473 8271 
14601 2473 1772 8271 
14602 1691 875 8272 
14603 875 2676 8272 
14604 2676 1691 8272 
14605 277 2199 8273 
14606 2199 2845 8273 
14607 2845 277 8273 
14608 1893 404 8274 
14609 404 2395 8274 
14610 2395 1893 8274 
14611 1843 801 8275 
14612 801 2335 8275 
14613 2335 1843 8275 
14614 306 2051 8276 
14615 2051 2992 8276 
14616 2992 306 8276 
14617 2471 1008 8277 
14618 1008 3088 8277 
14619 3088 2471 8277 
14620 2235 455 8278 
14621 455 2719 8278 
14622 2719 2235 8278 
14623 958 2811 8279 
14624 2811 3071 8279 
14625 3071 958 8279 
14626 880 1824 8280 
14627 1824 2376 8280 
14628 2376 880 8280 
14629 1687 406 8281 
14630 406 2749 8281 
14631 2749 1687 8281 
14632 1785 675 8282 
14633 675 3187 8282 
14634 3187 1785 8282 
14635 2418 958 8283 
14636 958 3071 8283 
14637 3071 2418 8283 
14638 1093 2164 8284 
14639 2164 2750 8284 
14640 2750 1093 8284 
14641 2737 395 8285 
14642 395 3431 8285 
14643 3431 2737 8285 
14644 2164 311 8286 
14645 311 2750 8286 
14646 2750 2164 8286 
14647 1692 737 8287 
14648 737 2675 8287 
14649 2675 1692 8287 
14650 331 2017 8288 
14651 2017 3118 8288 
14652 3118 331 8288 
14653 445 2473 8289 
14654 2473 3485 8289 
14655 3485 445 8289 
14656 2005 1532 8290 
14657 1532 3258 8290 
14658 3258 2005 8290 
14659 2259 492 8291 
14660 492 3132 8291 
14661 3132 2259 8291 
14662 1672 909 8292 
14663 909 3276 8292 
14664 3276 1672 8292 
14665 2060 453 8293 
14666 453 2361 8293 
14667 2361 2060 8293 
14668 1011 2217 8294 
14669 2217 2535 8294 
14670 2535 1011 8294 
14671 2217 169 8295 
14672 169 2535 8295 
14673 2535 2217 8295 
14674 492 2259 8296 
14675 2259 3089 8296 
14676 3089 492 8296 
14677 1877 665 8297 
14678 665 2713 8297 
14679 2713 1877 8297 
14680 2569 1464 8298 
14681 1464 3257 8298 
14682 3257 2569 8298 
14683 989 2569 8299 
14684 2569 3257 8299 
14685 3257 989 8299 
14686 896 2060 8300 
14687 2060 2361 8300 
14688 2361 896 8300 
14689 2506 802 8301 
14690 802 2507 8301 
14691 2507 2506 8301 
14692 1234 2506 8302 
14693 2506 2507 8302 
14694 2507 1234 8302 
14695 664 1664 8303 
14696 1664 2981 8303 
14697 2981 664 8303 
14698 1973 1126 8304 
14699 1126 3017 8304 
14700 3017 1973 8304 
14701 1832 1297 8305 
14702 1297 2725 8305 
14703 2725 1832 8305 
14704 1855 426 8306 
14705 426 3023 8306 
14706 3023 1855 8306 
14707 1016 1693 8307 
14708 1693 2698 8307 
14709 2698 1016 8307 
14710 2444 488 8308 
14711 488 2667 8308 
14712 2667 2444 8308 
14713 280 2539 8309 
14714 2539 2965 8309 
14715 2965 280 8309 
14716 1225 2019 8310 
14717 2019 3374 8310 
14718 3374 1225 8310 
14719 342 1672 8311 
14720 1672 3276 8311 
14721 3276 342 8311 
14722 739 2152 8312 
14723 2152 2776 8312 
14724 2776 739 8312 
14725 626 1674 8313 
14726 1674 3242 8313 
14727 3242 626 8313 
14728 1951 1048 8314 
14729 1048 2234 8314 
14730 2234 1951 8314 
14731 114 115 8315 
14732 115 2835 8315 
14733 2835 114 8315 
14734 1203 1829 8316 
14735 1829 2463 8316 
14736 2463 1203 8316 
14737 1737 1541 8317 
14738 1541 3050 8317 
14739 3050 1737 8317 
14740 1699 1000 8318 
14741 1000 2688 8318 
14742 2688 1699 8318 
14743 1677 928 8319 
14744 928 3333 8319 
14745 3333 1677 8319 
14746 1013 1869 8320 
14747 1869 3403 8320 
14748 3403 1013 8320 
14749 213 214 8321 
14750 214 2378 8321 
14751 2378 213 8321 
14752 2016 952 8322 
14753 952 2579 8322 
14754 2579 2016 8322 
14755 102 2016 8323 
14756 2016 2579 8323 
14757 2579 102 8323 
14758 2294 1703 8324 
14759 1703 3355 8324 
14760 3355 2294 8324 
14761 1032 2567 8325 
14762 2567 2649 8325 
14763 2649 1032 8325 
14764 123 1674 8326 
14765 1674 3138 8326 
14766 3138 123 8326 
14767 901 2636 8327 
14768 2636 3425 8327 
14769 3425 901 8327 
14770 913 1850 8328 
14771 1850 2952 8328 
14772 2952 913 8328 
14773 1254 2334 8329 
14774 2334 2669 8329 
14775 2669 1254 8329 
14776 1881 792 8330 
14777 792 3154 8330 
14778 3154 1881 8330 
14779 2097 701 8331 
14780 701 2187 8331 
14781 2187 2097 8331 
14782 1872 799 8332 
14783 799 2330 8332 
14784 2330 1872 8332 
14785 652 1741 8333 
14786 1741 3178 8333 
14787 3178 652 8333 
14788 744 1937 8334 
14789 1937 2605 8334 
14790 2605 744 8334 
14791 1800 437 8335 
14792 437 2662 8335 
14793 2662 1800 8335 
14794 2636 1568 8336 
14795 1568 3425 8336 
14796 3425 2636 8336 
14797 1707 682 8337 
14798 682 2919 8337 
14799 2919 1707 8337 
14800 185 186 8338 
14801 186 2393 8338 
14802 2393 185 8338 
14803 250 251 8339 
14804 251 2787 8339 
14805 2787 250 8339 
14806 1701 401 8340 
14807 401 3400 8340 
14808 3400 1701 8340 
14809 2920 1393 8341 
14810 1393 2956 8341 
14811 2956 2920 8341 
14812 1730 941 8342 
14813 941 3085 8342 
14814 3085 1730 8342 
14815 2539 1318 8343 
14816 1318 2965 8343 
14817 2965 2539 8343 
14818 3113 1088 8344 
14819 1088 3173 8344 
14820 3173 3113 8344 
14821 994 1855 8345 
14822 1855 3023 8345 
14823 3023 994 8345 
14824 1701 636 8346 
14825 636 2796 8346 
14826 2796 1701 8346 
14827 707 1678 8347 
14828 1678 3064 8347 
14829 3064 707 8347 
14830 1902 1124 8348 
14831 1124 2763 8348 
14832 2763 1902 8348 
14833 246 247 8349 
14834 247 3427 8349 
14835 3427 246 8349 
14836 1544 1825 8350 
14837 1825 3401 8350 
14838 3401 1544 8350 
14839 2443 862 8351 
14840 862 3107 8351 
14841 3107 2443 8351 
14842 2504 1177 8352 
14843 1177 2939 8352 
14844 2939 2504 8352 
14845 1699 877 8353 
14846 877 2835 8353 
14847 2835 1699 8353 
14848 115 1699 8354 
14849 1699 2835 8354 
14850 2835 115 8354 
14851 315 2065 8355 
14852 2065 2548 8355 
14853 2548 315 8355 
14854 303 1779 8356 
14855 1779 2666 8356 
14856 2666 303 8356 
14857 2031 924 8357 
14858 924 2894 8357 
14859 2894 2031 8357 
14860 353 1730 8358 
14861 1730 3085 8358 
14862 3085 353 8358 
14863 406 1687 8359 
14864 1687 2937 8359 
14865 2937 406 8359 
14866 414 1677 8360 
14867 1677 3333 8360 
14868 3333 414 8360 
14869 1134 2310 8361 
14870 2310 3356 8361 
14871 3356 1134 8361 
14872 1777 11 8362 
14873 11 2720 8362 
14874 2720 1777 8362 
14875 1555 2898 8363 
14876 2898 3164 8363 
14877 3164 1555 8363 
14878 2898 693 8364 
14879 693 3164 8364 
14880 3164 2898 8364 
14881 776 2256 8365 
14882 2256 2897 8365 
14883 2897 776 8365 
14884 438 1790 8366 
14885 1790 2701 8366 
14886 2701 438 8366 
14887 395 1734 8367 
14888 1734 2625 8367 
14889 2625 395 8367 
14890 941 1730 8368 
14891 1730 2647 8368 
14892 2647 941 8368 
14893 1843 702 8369 
14894 702 2805 8369 
14895 2805 1843 8369 
14896 686 1806 8370 
14897 1806 2482 8370 
14898 2482 686 8370 
14899 1902 893 8371 
14900 893 3377 8371 
14901 3377 1902 8371 
14902 1124 1902 8372 
14903 1902 3377 8372 
14904 3377 1124 8372 
14905 844 1816 8373 
14906 1816 2456 8373 
14907 2456 844 8373 
14908 413 2128 8374 
14909 2128 3401 8374 
14910 3401 413 8374 
14911 636 1686 8375 
14912 1686 3469 8375 
14913 3469 636 8375 
14914 164 165 8376 
14915 165 2427 8376 
14916 2427 164 8376 
14917 328 2495 8377 
14918 2495 2664 8377 
14919 2664 328 8377 
14920 1732 698 8378 
14921 698 2687 8378 
14922 2687 1732 8378 
14923 1957 41 8379 
14924 41 2410 8379 
14925 2410 1957 8379 
14926 1847 831 8380 
14927 831 2412 8380 
14928 2412 1847 8380 
14929 1292 2286 8381 
14930 2286 3449 8381 
14931 3449 1292 8381 
14932 962 1777 8382 
14933 1777 2720 8382 
14934 2720 962 8382 
14935 1037 1897 8383 
14936 1897 3140 8383 
14937 3140 1037 8383 
14938 1897 302 8384 
14939 302 3140 8384 
14940 3140 1897 8384 
14941 534 2062 8385 
14942 2062 3196 8385 
14943 3196 534 8385 
14944 2062 1178 8386 
14945 1178 3196 8386 
14946 3196 2062 8386 
14947 1488 2111 8387 
14948 2111 2396 8387 
14949 2396 1488 8387 
14950 1695 938 8388 
14951 938 3136 8388 
14952 3136 1695 8388 
14953 562 1695 8389 
14954 1695 3136 8389 
14955 3136 562 8389 
14956 1972 805 8390 
14957 805 2702 8390 
14958 2702 1972 8390 
14959 784 1694 8391 
14960 1694 2867 8391 
14961 2867 784 8391 
14962 970 2385 8392 
14963 2385 2572 8392 
14964 2572 970 8392 
14965 821 1908 8393 
14966 1908 2810 8393 
14967 2810 821 8393 
14968 1828 663 8394 
14969 663 3113 8394 
14970 3113 1828 8394 
14971 860 2588 8395 
14972 2588 2716 8395 
14973 2716 860 8395 
14974 2588 1253 8396 
14975 1253 2716 8396 
14976 2716 2588 8396 
14977 1444 2737 8397 
14978 2737 3431 8397 
14979 3431 1444 8397 
14980 1779 652 8398 
14981 652 3178 8398 
14982 3178 1779 8398 
14983 1882 1065 8399 
14984 1065 3258 8399 
14985 3258 1882 8399 
14986 340 1882 8400 
14987 1882 3258 8400 
14988 3258 340 8400 
14989 1784 818 8401 
14990 818 2828 8401 
14991 2828 1784 8401 
14992 981 1766 8402 
14993 1766 3227 8402 
14994 3227 981 8402 
14995 1766 535 8403 
14996 535 3227 8403 
14997 3227 1766 8403 
14998 1994 1273 8404 
14999 1273 2553 8404 
15000 2553 1994 8404 
15001 1783 446 8405 
15002 446 2559 8405 
15003 2559 1783 8405 
15004 842 2367 8406 
15005 2367 3011 8406 
15006 3011 842 8406 
15007 128 129 8407 
15008 129 2458 8407 
15009 2458 128 8407 
15010 174 175 8408 
15011 175 2926 8408 
15012 2926 174 8408 
15013 2137 692 8409 
15014 692 3143 8409 
15015 3143 2137 8409 
15016 748 2037 8410 
15017 2037 2766 8410 
15018 2766 748 8410 
15019 389 1742 8411 
15020 1742 2879 8411 
15021 2879 389 8411 
15022 1822 760 8412 
15023 760 2477 8412 
15024 2477 1822 8412 
15025 1694 784 8413 
15026 784 3464 8413 
15027 3464 1694 8413 
15028 1763 506 8414 
15029 506 2760 8414 
15030 2760 1763 8414 
15031 984 2988 8415 
15032 2988 3215 8415 
15033 3215 984 8415 
15034 316 1820 8416 
15035 1820 2549 8416 
15036 2549 316 8416 
15037 1155 1862 8417 
15038 1862 2424 8417 
15039 2424 1155 8417 
15040 1032 2042 8418 
15041 2042 2567 8418 
15042 2567 1032 8418 
15043 2485 984 8419 
15044 984 3215 8419 
15045 3215 2485 8419 
15046 1302 2431 8420 
15047 2431 2997 8420 
15048 2997 1302 8420 
15049 2474 850 8421 
15050 850 2945 8421 
15051 2945 2474 8421 
15052 1216 1856 8422 
15053 1856 2934 8422 
15054 2934 1216 8422 
15055 428 1708 8423 
15056 1708 2802 8423 
15057 2802 428 8423 
15058 1815 843 8424 
15059 843 2764 8424 
15060 2764 1815 8424 
15061 735 1883 8425 
15062 1883 3236 8425 
15063 3236 735 8425 
15064 423 1694 8426 
15065 1694 3179 8426 
15066 3179 423 8426 
15067 1694 942 8427 
15068 942 3179 8427 
15069 3179 1694 8427 
15070 1778 996 8428 
15071 996 3412 8428 
15072 3412 1778 8428 
15073 1839 688 8429 
15074 688 2588 8429 
15075 2588 1839 8429 
15076 860 1839 8430 
15077 1839 2588 8430 
15078 2588 860 8430 
15079 849 1719 8431 
15080 1719 3474 8431 
15081 3474 849 8431 
15082 827 1707 8432 
15083 1707 2919 8432 
15084 2919 827 8432 
15085 1866 1171 8433 
15086 1171 2638 8433 
15087 2638 1866 8433 
15088 2409 1337 8434 
15089 1337 3408 8434 
15090 3408 2409 8434 
15091 1928 591 8435 
15092 591 2653 8435 
15093 2653 1928 8435 
15094 1693 1016 8436 
15095 1016 2992 8436 
15096 2992 1693 8436 
15097 1762 886 8437 
15098 886 2887 8437 
15099 2887 1762 8437 
15100 351 1762 8438 
15101 1762 2887 8438 
15102 2887 351 8438 
15103 2215 318 8439 
15104 318 2808 8439 
15105 2808 2215 8439 
15106 2002 1499 8440 
15107 1499 2805 8440 
15108 2805 2002 8440 
15109 1035 2097 8441 
15110 2097 2187 8441 
15111 2187 1035 8441 
15112 1756 442 8442 
15113 442 3248 8442 
15114 3248 1756 8442 
15115 1733 999 8443 
15116 999 2755 8443 
15117 2755 1733 8443 
15118 2523 497 8444 
15119 497 3239 8444 
15120 3239 2523 8444 
15121 1899 393 8445 
15122 393 2375 8445 
15123 2375 1899 8445 
15124 2541 858 8446 
15125 858 2552 8446 
15126 2552 2541 8446 
15127 2160 1191 8447 
15128 1191 3108 8447 
15129 3108 2160 8447 
15130 491 2160 8448 
15131 2160 3108 8448 
15132 3108 491 8448 
15133 553 2882 8449 
15134 2882 3329 8449 
15135 3329 553 8449 
15136 295 1750 8450 
15137 1750 3104 8450 
15138 3104 295 8450 
15139 462 2475 8451 
15140 2475 2688 8451 
15141 2688 462 8451 
15142 751 1746 8452 
15143 1746 2681 8452 
15144 2681 751 8452 
15145 853 1782 8453 
15146 1782 2733 8453 
15147 2733 853 8453 
15148 461 1747 8454 
15149 1747 2692 8454 
15150 2692 461 8454 
15151 936 1755 8455 
15152 1755 3419 8455 
15153 3419 936 8455 
15154 1239 2025 8456 
15155 2025 2576 8456 
15156 2576 1239 8456 
15157 334 1721 8457 
15158 1721 2813 8457 
15159 2813 334 8457 
15160 3462 2257 8458 
15161 2257 3489 8458 
15162 3489 3462 8458 
15163 805 1893 8459 
15164 1893 2395 8459 
15165 2395 805 8459 
15166 2 16 8460 
15167 16 3253 8460 
15168 3253 2 8460 
15169 47 48 8461 
15170 48 2481 8461 
15171 2481 47 8461 
15172 1691 282 8462 
15173 282 3390 8462 
15174 3390 1691 8462 
15175 479 1950 8463 
15176 1950 3350 8463 
15177 3350 479 8463 
15178 1950 1137 8464 
15179 1137 3350 8464 
15180 3350 1950 8464 
15181 990 2271 8465 
15182 2271 2276 8465 
15183 2276 990 8465 
15184 2758 341 8466 
15185 341 3173 8466 
15186 3173 2758 8466 
15187 1480 2758 8467 
15188 2758 3173 8467 
15189 3173 1480 8467 
15190 1674 3081 8468 
15191 3081 3242 8468 
15192 3242 1674 8468 
15193 3081 955 8469 
15194 955 3242 8469 
15195 3242 3081 8469 
15196 2011 771 8470 
15197 771 2265 8470 
15198 2265 2011 8470 
15199 1891 250 8471 
15200 250 2787 8471 
15201 2787 1891 8471 
15202 856 1720 8472 
15203 1720 2841 8472 
15204 2841 856 8472 
15205 1861 765 8473 
15206 765 2452 8473 
15207 2452 1861 8473 
15208 1154 1745 8474 
15209 1745 3098 8474 
15210 3098 1154 8474 
15211 1128 2445 8475 
15212 2445 3467 8475 
15213 3467 1128 8475 
15214 317 2320 8476 
15215 2320 2912 8476 
15216 2912 317 8476 
15217 308 1857 8477 
15218 1857 2555 8477 
15219 2555 308 8477 
15220 1857 851 8478 
15221 851 2555 8478 
15222 2555 1857 8478 
15223 2248 944 8479 
15224 944 3102 8479 
15225 3102 2248 8479 
15226 734 2467 8480 
15227 2467 3266 8480 
15228 3266 734 8480 
15229 1705 385 8481 
15230 385 3197 8481 
15231 3197 1705 8481 
15232 1716 888 8482 
15233 888 2861 8482 
15234 2861 1716 8482 
15235 2050 537 8483 
15236 537 3321 8483 
15237 3321 2050 8483 
15238 2232 898 8484 
15239 898 2964 8484 
15240 2964 2232 8484 
15241 1388 2947 8485 
15242 2947 3381 8485 
15243 3381 1388 8485 
15244 1820 811 8486 
15245 811 2549 8486 
15246 2549 1820 8486 
15247 245 246 8487 
15248 246 3005 8487 
15249 3005 245 8487 
15250 2395 404 8488 
15251 404 3115 8488 
15252 3115 2395 8488 
15253 373 1884 8489 
15254 1884 3363 8489 
15255 3363 373 8489 
15256 917 2118 8490 
15257 2118 2514 8490 
15258 2514 917 8490 
15259 2151 1152 8491 
15260 1152 3052 8491 
15261 3052 2151 8491 
15262 2320 1193 8492 
15263 1193 2912 8492 
15264 2912 2320 8492 
15265 668 1711 8493 
15266 1711 3284 8493 
15267 3284 668 8493 
15268 2117 739 8494 
15269 739 2776 8494 
15270 2776 2117 8494 
15271 1918 900 8495 
15272 900 3338 8495 
15273 3338 1918 8495 
15274 204 205 8496 
15275 205 2497 8496 
15276 2497 204 8496 
15277 1081 2381 8497 
15278 2381 2712 8497 
15279 2712 1081 8497 
15280 999 1733 8498 
15281 1733 2814 8498 
15282 2814 999 8498 
15283 1203 2463 8499 
15284 2463 2885 8499 
15285 2885 1203 8499 
15286 2370 433 8500 
15287 433 2708 8500 
15288 2708 2370 8500 
15289 700 1698 8501 
15290 1698 3232 8501 
15291 3232 700 8501 
15292 1077 2377 8502 
15293 2377 2988 8502 
15294 2988 1077 8502 
15295 161 162 8503 
15296 162 2846 8503 
15297 2846 161 8503 
15298 1830 157 8504 
15299 157 2519 8504 
15300 2519 1830 8504 
15301 247 248 8505 
15302 248 2550 8505 
15303 2550 247 8505 
15304 1952 916 8506 
15305 916 2948 8506 
15306 2948 1952 8506 
15307 1767 869 8507 
15308 869 2690 8507 
15309 2690 1767 8507 
15310 2325 525 8508 
15311 525 2904 8508 
15312 2904 2325 8508 
15313 98 2263 8509 
15314 2263 3146 8509 
15315 3146 98 8509 
15316 1786 843 8510 
15317 843 2678 8510 
15318 2678 1786 8510 
15319 285 1793 8511 
15320 1793 2669 8511 
15321 2669 285 8511 
15322 794 2311 8512 
15323 2311 2312 8512 
15324 2312 794 8512 
15325 2311 1056 8513 
15326 1056 2312 8513 
15327 2312 2311 8513 
15328 271 1732 8514 
15329 1732 2842 8514 
15330 2842 271 8514 
15331 237 2229 8515 
15332 2229 2738 8515 
15333 2738 237 8515 
15334 2102 1195 8516 
15335 1195 3478 8516 
15336 3478 2102 8516 
15337 811 1755 8517 
15338 1755 2732 8517 
15339 2732 811 8517 
15340 830 1701 8518 
15341 1701 3400 8518 
15342 3400 830 8518 
15343 871 1759 8519 
15344 1759 2686 8519 
15345 2686 871 8519 
15346 2263 99 8520 
15347 99 3322 8520 
15348 3322 2263 8520 
15349 2271 803 8521 
15350 803 2276 8521 
15351 2276 2271 8521 
15352 1046 2516 8522 
15353 2516 3264 8522 
15354 3264 1046 8522 
15355 1911 246 8523 
15356 246 3427 8523 
15357 3427 1911 8523 
15358 1779 815 8524 
15359 815 2666 8524 
15360 2666 1779 8524 
15361 831 2009 8525 
15362 2009 2369 8525 
15363 2369 831 8525 
15364 2130 995 8526 
15365 995 3117 8526 
15366 3117 2130 8526 
15367 663 1875 8527 
15368 1875 3113 8527 
15369 3113 663 8527 
15370 158 159 8528 
15371 159 2696 8528 
15372 2696 158 8528 
15373 444 2724 8529 
15374 2724 3370 8529 
15375 3370 444 8529 
15376 808 1914 8530 
15377 1914 3124 8530 
15378 3124 808 8530 
15379 951 1705 8531 
15380 1705 3197 8531 
15381 3197 951 8531 
15382 1970 1105 8532 
15383 1105 2326 8532 
15384 2326 1970 8532 
15385 1333 2338 8533 
15386 2338 3323 8533 
15387 3323 1333 8533 
15388 2338 528 8534 
15389 528 3323 8534 
15390 3323 2338 8534 
15391 1336 2422 8535 
15392 2422 2746 8535 
15393 2746 1336 8535 
15394 1159 1769 8536 
15395 1769 2715 8536 
15396 2715 1159 8536 
15397 2861 420 8537 
15398 420 2995 8537 
15399 2995 2861 8537 
15400 142 1896 8538 
15401 1896 2878 8538 
15402 2878 142 8538 
15403 153 154 8539 
15404 154 2530 8539 
15405 2530 153 8539 
15406 820 1927 8540 
15407 1927 2389 8540 
15408 2389 820 8540 
15409 1706 675 8541 
15410 675 3288 8541 
15411 3288 1706 8541 
15412 2696 1474 8542 
15413 1474 3231 8542 
15414 3231 2696 8542 
15415 1130 2696 8543 
15416 2696 3231 8543 
15417 3231 1130 8543 
15418 347 2136 8544 
15419 2136 2856 8544 
15420 2856 347 8544 
15421 2055 305 8545 
15422 305 2814 8545 
15423 2814 2055 8545 
15424 169 170 8546 
15425 170 2535 8546 
15426 2535 169 8546 
15427 806 2399 8547 
15428 2399 2400 8547 
15429 2400 806 8547 
15430 2399 1101 8548 
15431 1101 2400 8548 
15432 2400 2399 8548 
15433 1767 316 8549 
15434 316 2858 8549 
15435 2858 1767 8549 
15436 869 1767 8550 
15437 1767 2858 8550 
15438 2858 869 8550 
15439 2012 358 8551 
15440 358 2734 8551 
15441 2734 2012 8551 
15442 962 1706 8552 
15443 1706 3288 8552 
15444 3288 962 8552 
15445 1107 2285 8553 
15446 2285 2766 8553 
15447 2766 1107 8553 
15448 286 1709 8554 
15449 1709 3342 8554 
15450 3342 286 8554 
15451 767 1742 8555 
15452 1742 2829 8555 
15453 2829 767 8555 
15454 1719 613 8556 
15455 613 3474 8556 
15456 3474 1719 8556 
15457 1811 549 8557 
15458 549 3332 8557 
15459 3332 1811 8557 
15460 1016 1811 8558 
15461 1811 3332 8558 
15462 3332 1016 8558 
15463 1838 1027 8559 
15464 1027 2987 8559 
15465 2987 1838 8559 
15466 96 1838 8560 
15467 1838 2987 8560 
15468 2987 96 8560 
15469 2285 748 8561 
15470 748 2766 8561 
15471 2766 2285 8561 
15472 2140 1133 8562 
15473 1133 2868 8562 
15474 2868 2140 8562 
15475 1334 2933 8563 
15476 2933 3057 8563 
15477 3057 1334 8563 
15478 1708 428 8564 
15479 428 3426 8564 
15480 3426 1708 8564 
15481 2010 1335 8565 
15482 1335 2411 8565 
15483 2411 2010 8565 
15484 822 2010 8566 
15485 2010 2411 8566 
15486 2411 822 8566 
15487 283 2094 8567 
15488 2094 3039 8567 
15489 3039 283 8567 
15490 2094 1103 8568 
15491 1103 3039 8568 
15492 3039 2094 8568 
15493 831 2221 8569 
15494 2221 2961 8569 
15495 2961 831 8569 
15496 1793 835 8570 
15497 835 2669 8570 
15498 2669 1793 8570 
15499 566 2034 8571 
15500 2034 3082 8571 
15501 3082 566 8571 
15502 1714 342 8572 
15503 342 3276 8572 
15504 3276 1714 8572 
15505 1103 2094 8573 
15506 2094 3222 8573 
15507 3222 1103 8573 
15508 819 1957 8574 
15509 1957 2410 8574 
15510 2410 819 8574 
15511 513 1858 8575 
15512 1858 3053 8575 
15513 3053 513 8575 
15514 1739 644 8576 
15515 644 2880 8576 
15516 2880 1739 8576 
15517 773 2396 8577 
15518 2396 2636 8577 
15519 2636 773 8577 
15520 1934 2420 8578 
15521 2420 3270 8578 
15522 3270 1934 8578 
15523 2070 744 8579 
15524 744 2605 8579 
15525 2605 2070 8579 
15526 1878 1042 8580 
15527 1042 2489 8580 
15528 2489 1878 8580 
15529 2022 750 8581 
15530 750 2591 8581 
15531 2591 2022 8581 
15532 1185 1715 8582 
15533 1715 3074 8582 
15534 3074 1185 8582 
15535 689 1773 8583 
15536 1773 2765 8583 
15537 2765 689 8583 
15538 149 150 8584 
15539 150 2601 8584 
15540 2601 149 8584 
15541 1196 2066 8585 
15542 2066 3036 8585 
15543 3036 1196 8585 
15544 2471 881 8586 
15545 881 2680 8586 
15546 2680 2471 8586 
15547 2099 1172 8587 
15548 1172 3105 8587 
15549 3105 2099 8587 
15550 1109 1999 8588 
15551 1999 2833 8588 
15552 2833 1109 8588 
15553 966 2273 8589 
15554 2273 2630 8589 
15555 2630 966 8589 
15556 909 1714 8590 
15557 1714 3276 8590 
15558 3276 909 8590 
15559 1901 109 8591 
15560 109 2455 8591 
15561 2455 1901 8591 
15562 2019 785 8592 
15563 785 2298 8592 
15564 2298 2019 8592 
15565 1049 1724 8593 
15566 1724 3439 8593 
15567 3439 1049 8593 
15568 1934 780 8594 
15569 780 2420 8594 
15570 2420 1934 8594 
15571 2317 337 8595 
15572 337 2957 8595 
15573 2957 2317 8595 
15574 1721 1053 8596 
15575 1053 3436 8596 
15576 3436 1721 8596 
15577 1727 670 8597 
15578 670 3468 8597 
15579 3468 1727 8597 
15580 1006 1727 8598 
15581 1727 3468 8598 
15582 3468 1006 8598 
15583 2501 836 8599 
15584 836 3368 8599 
15585 3368 2501 8599 
15586 1012 1990 8600 
15587 1990 2375 8600 
15588 2375 1012 8600 
15589 514 1707 8601 
15590 1707 3017 8601 
15591 3017 514 8601 
15592 2144 338 8602 
15593 338 2853 8602 
15594 2853 2144 8602 
15595 2463 656 8603 
15596 656 2885 8603 
15597 2885 2463 8603 
15598 2935 1340 8604 
15599 1340 3444 8604 
15600 3444 2935 8604 
15601 1762 351 8605 
15602 351 2816 8605 
15603 2816 1762 8605 
15604 646 1841 8606 
15605 1841 2556 8606 
15606 2556 646 8606 
15607 1775 617 8607 
15608 617 3421 8607 
15609 3421 1775 8607 
15610 1858 977 8608 
15611 977 3053 8608 
15612 3053 1858 8608 
15613 639 1731 8609 
15614 1731 3330 8609 
15615 3330 639 8609 
15616 1703 348 8610 
15617 348 3355 8610 
15618 3355 1703 8610 
15619 1725 967 8611 
15620 967 3194 8611 
15621 3194 1725 8611 
15622 14 2 8612 
15623 2 3253 8612 
15624 3253 14 8612 
15625 1170 2007 8613 
15626 2007 3182 8613 
15627 3182 1170 8613 
15628 1067 2257 8614 
15629 2257 3462 8614 
15630 3462 1067 8614 
15631 1934 428 8615 
15632 428 2435 8615 
15633 2435 1934 8615 
15634 2254 436 8616 
15635 436 2494 8616 
15636 2494 2254 8616 
15637 978 2254 8617 
15638 2254 2494 8617 
15639 2494 978 8617 
15640 843 1815 8618 
15641 1815 2678 8618 
15642 2678 843 8618 
15643 1160 2550 8619 
15644 2550 3132 8619 
15645 3132 1160 8619 
15646 2550 1358 8620 
15647 1358 3132 8620 
15648 3132 2550 8620 
15649 101 102 8621 
15650 102 2579 8621 
15651 2579 101 8621 
15652 811 1820 8622 
15653 1820 2606 8622 
15654 2606 811 8622 
15655 2882 1446 8623 
15656 1446 3329 8623 
15657 3329 2882 8623 
15658 1497 2068 8624 
15659 2068 3423 8624 
15660 3423 1497 8624 
15661 2084 966 8625 
15662 966 2630 8625 
15663 2630 2084 8625 
15664 726 2084 8626 
15665 2084 2630 8626 
15666 2630 726 8626 
15667 2053 1052 8627 
15668 1052 2758 8627 
15669 2758 2053 8627 
15670 1727 371 8628 
15671 371 3168 8628 
15672 3168 1727 8628 
15673 952 2016 8629 
15674 2016 2512 8629 
15675 2512 952 8629 
15676 2016 1120 8630 
15677 1120 2512 8630 
15678 2512 2016 8630 
15679 1726 421 8631 
15680 421 3290 8631 
15681 3290 1726 8631 
15682 1063 2144 8632 
15683 2144 2853 8632 
15684 2853 1063 8632 
15685 1890 841 8633 
15686 841 2685 8633 
15687 2685 1890 8633 
15688 714 2433 8634 
15689 2433 3328 8634 
15690 3328 714 8634 
15691 1080 1734 8635 
15692 1734 3362 8635 
15693 3362 1080 8635 
15694 2875 1264 8636 
15695 1264 3342 8636 
15696 3342 2875 8636 
15697 2408 408 8637 
15698 408 2686 8637 
15699 2686 2408 8637 
15700 211 2010 8638 
15701 2010 3119 8638 
15702 3119 211 8638 
15703 969 2336 8639 
15704 2336 2761 8639 
15705 2761 969 8639 
15706 2336 1117 8640 
15707 1117 2761 8640 
15708 2761 2336 8640 
15709 74 75 8641 
15710 75 2594 8641 
15711 2594 74 8641 
15712 1082 2541 8642 
15713 2541 2552 8642 
15714 2552 1082 8642 
15715 731 2478 8643 
15716 2478 3218 8643 
15717 3218 731 8643 
15718 1917 921 8644 
15719 921 2854 8644 
15720 2854 1917 8644 
15721 539 2067 8645 
15722 2067 3310 8645 
15723 3310 539 8645 
15724 416 2348 8646 
15725 2348 2672 8646 
15726 2672 416 8646 
15727 1964 1735 8647 
15728 1735 3261 8647 
15729 3261 1964 8647 
15730 2516 320 8648 
15731 320 2901 8648 
15732 2901 2516 8648 
15733 1241 2516 8649 
15734 2516 2901 8649 
15735 2901 1241 8649 
15736 1850 627 8650 
15737 627 2952 8650 
15738 2952 1850 8650 
15739 1938 750 8651 
15740 750 2840 8651 
15741 2840 1938 8651 
15742 1436 2523 8652 
15743 2523 3239 8652 
15744 3239 1436 8652 
15745 1652 2339 8653 
15746 2339 3222 8653 
15747 3222 1652 8653 
15748 494 2117 8654 
15749 2117 3221 8654 
15750 3221 494 8654 
15751 1757 971 8655 
15752 971 3290 8655 
15753 3290 1757 8655 
15754 421 1757 8656 
15755 1757 3290 8656 
15756 3290 421 8656 
15757 703 2000 8657 
15758 2000 3243 8657 
15759 3243 703 8657 
15760 537 2050 8658 
15761 2050 2345 8658 
15762 2345 537 8658 
15763 1815 547 8659 
15764 547 2678 8659 
15765 2678 1815 8659 
15766 2845 1112 8660 
15767 1112 3487 8660 
15768 3487 2845 8660 
15769 1631 2845 8661 
15770 2845 3487 8661 
15771 3487 1631 8661 
15772 291 1784 8662 
15773 1784 2828 8662 
15774 2828 291 8662 
15775 2050 861 8663 
15776 861 2345 8663 
15777 2345 2050 8663 
15778 2699 906 8664 
15779 906 3108 8664 
15780 3108 2699 8664 
15781 1390 3437 8665 
15782 3437 3444 8665 
15783 3444 1390 8665 
15784 1224 2395 8666 
15785 2395 3115 8666 
15786 3115 1224 8666 
15787 893 1902 8667 
15788 1902 2712 8667 
15789 2712 893 8667 
15790 1902 503 8668 
15791 503 2712 8668 
15792 2712 1902 8668 
15793 2119 1284 8669 
15794 1284 2709 8669 
15795 2709 2119 8669 
15796 485 2119 8670 
15797 2119 2709 8670 
15798 2709 485 8670 
15799 837 1962 8671 
15800 1962 2426 8671 
15801 2426 837 8671 
15802 1775 934 8672 
15803 934 3106 8672 
15804 3106 1775 8672 
15805 617 1775 8673 
15806 1775 3106 8673 
15807 3106 617 8673 
15808 309 1920 8674 
15809 1920 3084 8674 
15810 3084 309 8674 
15811 72 73 8675 
15812 73 2609 8675 
15813 2609 72 8675 
15814 86 87 8676 
15815 87 2610 8676 
15816 2610 86 8676 
15817 547 2615 8677 
15818 2615 3244 8677 
15819 3244 547 8677 
15820 1740 1071 8678 
15821 1071 3465 8678 
15822 3465 1740 8678 
15823 973 2221 8679 
15824 2221 2369 8679 
15825 2369 973 8679 
15826 866 1823 8680 
15827 1823 2667 8680 
15828 2667 866 8680 
15829 617 1738 8681 
15830 1738 3421 8681 
15831 3421 617 8681 
15832 1738 347 8682 
15833 347 3422 8682 
15834 3422 1738 8682 
15835 1002 2973 8683 
15836 2973 3378 8683 
15837 3378 1002 8683 
15838 336 2212 8684 
15839 2212 3055 8684 
15840 3055 336 8684 
15841 2068 1406 8685 
15842 1406 2714 8685 
15843 2714 2068 8685 
15844 647 1793 8686 
15845 1793 2798 8686 
15846 2798 647 8686 
15847 178 179 8687 
15848 179 2617 8687 
15849 2617 178 8687 
15850 1098 2083 8688 
15851 2083 3167 8688 
15852 3167 1098 8688 
15853 2009 460 8689 
15854 460 2369 8689 
15855 2369 2009 8689 
15856 2565 1138 8690 
15857 1138 3018 8690 
15858 3018 2565 8690 
15859 1781 1064 8691 
15860 1064 2866 8691 
15861 2866 1781 8691 
15862 1142 2898 8692 
15863 2898 3186 8692 
15864 3186 1142 8692 
15865 2157 1150 8693 
15866 1150 2634 8693 
15867 2634 2157 8693 
15868 729 2157 8694 
15869 2157 2634 8694 
15870 2634 729 8694 
15871 2037 748 8695 
15872 748 2319 8695 
15873 2319 2037 8695 
15874 2104 746 8696 
15875 746 2288 8696 
15876 2288 2104 8696 
15877 2500 2024 8697 
15878 2024 3220 8697 
15879 3220 2500 8697 
15880 246 1911 8698 
15881 1911 3005 8698 
15882 3005 246 8698 
15883 2190 842 8699 
15884 842 2725 8699 
15885 2725 2190 8699 
15886 1735 1300 8700 
15887 1300 3261 8700 
15888 3261 1735 8700 
15889 953 1938 8701 
15890 1938 2840 8701 
15891 2840 953 8701 
15892 359 1739 8702 
15893 1739 3344 8702 
15894 3344 359 8702 
15895 822 2411 8703 
15896 2411 3078 8703 
15897 3078 822 8703 
15898 234 235 8704 
15899 235 2632 8704 
15900 2632 234 8704 
15901 2168 1107 8705 
15902 1107 2959 8705 
15903 2959 2168 8705 
15904 1877 453 8706 
15905 453 2561 8706 
15906 2561 1877 8706 
15907 1886 638 8707 
15908 638 3206 8707 
15909 3206 1886 8707 
15910 2683 1139 8708 
15911 1139 3406 8708 
15912 3406 2683 8708 
15913 1865 657 8709 
15914 657 2586 8709 
15915 2586 1865 8709 
15916 2179 1532 8710 
15917 1532 3095 8710 
15918 3095 2179 8710 
15919 1761 963 8711 
15920 963 3270 8711 
15921 3270 1761 8711 
15922 575 1761 8712 
15923 1761 3270 8712 
15924 3270 575 8712 
15925 700 1818 8713 
15926 1818 3151 8713 
15927 3151 700 8713 
15928 366 2137 8714 
15929 2137 3006 8714 
15930 3006 366 8714 
15931 2137 1100 8715 
15932 1100 3006 8715 
15933 3006 2137 8715 
15934 222 223 8716 
15935 223 2643 8716 
15936 2643 222 8716 
15937 2000 1094 8717 
15938 1094 3243 8717 
15939 3243 2000 8717 
15940 823 1756 8718 
15941 1756 3248 8718 
15942 3248 823 8718 
15943 1750 834 8719 
15944 834 3104 8719 
15945 3104 1750 8719 
15946 1100 1763 8720 
15947 1763 3006 8720 
15948 3006 1100 8720 
15949 2386 518 8721 
15950 518 3301 8721 
15951 3301 2386 8721 
15952 2495 1066 8722 
15953 1066 2664 8722 
15954 2664 2495 8722 
15955 622 2356 8723 
15956 2356 2744 8723 
15957 2744 622 8723 
15958 2356 1111 8724 
15959 1111 2744 8724 
15960 2744 2356 8724 
15961 2074 1743 8725 
15962 1743 3410 8725 
15963 3410 2074 8725 
15964 1920 996 8726 
15965 996 3084 8726 
15966 3084 1920 8726 
15967 642 1780 8727 
15968 1780 2949 8727 
15969 2949 642 8727 
15970 681 1974 8728 
15971 1974 3334 8728 
15972 3334 681 8728 
15973 24 25 8729 
15974 25 2659 8729 
15975 2659 24 8729 
15976 688 2313 8730 
15977 2313 2588 8730 
15978 2588 688 8730 
15979 2313 1253 8731 
15980 1253 2588 8731 
15981 2588 2313 8731 
15982 982 2423 8732 
15983 2423 3488 8732 
15984 3488 982 8732 
15985 2415 830 8733 
15986 830 2453 8733 
15987 2453 2415 8733 
15988 2412 831 8734 
15989 831 2961 8734 
15990 2961 2412 8734 
15991 646 1757 8735 
15992 1757 3079 8735 
15993 3079 646 8735 
15994 316 1754 8736 
15995 1754 3111 8736 
15996 3111 316 8736 
15997 702 2002 8737 
15998 2002 2805 8737 
15999 2805 702 8737 
16000 1058 2415 8738 
16001 2415 2453 8738 
16002 2453 1058 8738 
16003 2534 1110 8739 
16004 1110 2555 8739 
16005 2555 2534 8739 
16006 851 2534 8740 
16007 2534 2555 8740 
16008 2555 851 8740 
16009 2131 500 8741 
16010 500 3299 8741 
16011 3299 2131 8741 
16012 1384 1988 8742 
16013 1988 2592 8742 
16014 2592 1384 8742 
16015 854 1833 8743 
16016 1833 2660 8743 
16017 2660 854 8743 
16018 1879 445 8744 
16019 445 3489 8744 
16020 3489 1879 8744 
16021 901 1880 8745 
16022 1880 2794 8745 
16023 2794 901 8745 
16024 2095 779 8746 
16025 779 2317 8746 
16026 2317 2095 8746 
16027 2254 1627 8747 
16028 1627 3413 8747 
16029 3413 2254 8747 
16030 190 191 8748 
16031 191 2684 8748 
16032 2684 190 8748 
16033 1833 402 8749 
16034 402 2660 8749 
16035 2660 1833 8749 
16036 1100 2137 8750 
16037 2137 3143 8750 
16038 3143 1100 8750 
16039 695 1798 8751 
16040 1798 2875 8751 
16041 2875 695 8751 
16042 1996 485 8752 
16043 485 2709 8752 
16044 2709 1996 8752 
16045 940 1996 8753 
16046 1996 2709 8753 
16047 2709 940 8753 
16048 819 2100 8754 
16049 2100 2308 8754 
16050 2308 819 8754 
16051 122 123 8755 
16052 123 3138 8755 
16053 3138 122 8755 
16054 15 21 8756 
16055 21 2671 8756 
16056 2671 15 8756 
16057 1880 492 8757 
16058 492 2794 8757 
16059 2794 1880 8757 
16060 893 1874 8758 
16061 1874 2599 8758 
16062 2599 893 8758 
16063 2225 275 8759 
16064 275 3189 8759 
16065 3189 2225 8759 
16066 2234 1048 8760 
16067 1048 3122 8760 
16068 3122 2234 8760 
16069 140 1817 8761 
16070 1817 3162 8761 
16071 3162 140 8761 
16072 1817 1210 8762 
16073 1210 3162 8762 
16074 3162 1817 8762 
16075 2289 978 8763 
16076 978 2494 8763 
16077 2494 2289 8763 
16078 932 2289 8764 
16079 2289 2494 8764 
16080 2494 932 8764 
16081 324 2027 8765 
16082 2027 2895 8765 
16083 2895 324 8765 
16084 2445 345 8766 
16085 345 2774 8766 
16086 2774 2445 8766 
16087 1153 2445 8767 
16088 2445 2774 8767 
16089 2774 1153 8767 
16090 1801 541 8768 
16091 541 3163 8768 
16092 3163 1801 8768 
16093 952 1801 8769 
16094 1801 3163 8769 
16095 3163 952 8769 
16096 418 2041 8770 
16097 2041 2374 8770 
16098 2374 418 8770 
16099 1766 981 8771 
16100 981 3365 8771 
16101 3365 1766 8771 
16102 226 2682 8772 
16103 2682 3205 8772 
16104 3205 226 8772 
16105 2532 323 8773 
16106 323 2538 8773 
16107 2538 2532 8773 
16108 1820 316 8774 
16109 316 3111 8774 
16110 3111 1820 8774 
16111 949 1820 8775 
16112 1820 3111 8775 
16113 3111 949 8775 
16114 2114 275 8776 
16115 275 2449 8776 
16116 2449 2114 8776 
16117 2013 402 8777 
16118 402 3142 8777 
16119 3142 2013 8777 
16120 2454 1721 8778 
16121 1721 3436 8778 
16122 3436 2454 8778 
16123 2072 858 8779 
16124 858 2348 8779 
16125 2348 2072 8779 
16126 11 12 8780 
16127 12 2720 8780 
16128 2720 11 8780 
16129 1377 2388 8781 
16130 2388 3195 8781 
16131 3195 1377 8781 
16132 1854 658 8782 
16133 658 2677 8782 
16134 2677 1854 8782 
16135 1923 1081 8783 
16136 1081 2645 8783 
16137 2645 1923 8783 
16138 2363 813 8784 
16139 813 2364 8784 
16140 2364 2363 8784 
16141 1068 2363 8785 
16142 2363 2364 8785 
16143 2364 1068 8785 
16144 934 1774 8786 
16145 1774 3106 8786 
16146 3106 934 8786 
16147 973 1813 8787 
16148 1813 2827 8787 
16149 2827 973 8787 
16150 854 1854 8788 
16151 1854 2677 8788 
16152 2677 854 8788 
16153 1805 518 8789 
16154 518 2870 8789 
16155 2870 1805 8789 
16156 1769 474 8790 
16157 474 3182 8790 
16158 3182 1769 8790 
16159 446 1783 8791 
16160 1783 3042 8791 
16161 3042 446 8791 
16162 1834 1262 8792 
16163 1262 2740 8792 
16164 2740 1834 8792 
16165 1953 283 8793 
16166 283 2501 8793 
16167 2501 1953 8793 
16168 1945 873 8794 
16169 873 3139 8794 
16170 3139 1945 8794 
16171 1765 1305 8795 
16172 1305 3339 8795 
16173 3339 1765 8795 
16174 1791 1101 8796 
16175 1101 2984 8796 
16176 2984 1791 8796 
16177 1908 730 8797 
16178 730 2726 8797 
16179 2726 1908 8797 
16180 992 2542 8798 
16181 2542 2568 8798 
16182 2568 992 8798 
16183 841 1890 8799 
16184 1890 3031 8799 
16185 3031 841 8799 
16186 2354 991 8800 
16187 991 2490 8800 
16188 2490 2354 8800 
16189 894 2354 8801 
16190 2354 2490 8801 
16191 2490 894 8801 
16192 1859 752 8802 
16193 752 2831 8802 
16194 2831 1859 8802 
16195 309 2266 8803 
16196 2266 3383 8803 
16197 3383 309 8803 
16198 1760 632 8804 
16199 632 3167 8804 
16200 3167 1760 8804 
16201 831 1847 8805 
16202 1847 3153 8805 
16203 3153 831 8805 
16204 421 1798 8806 
16205 1798 2976 8806 
16206 2976 421 8806 
16207 1783 899 8807 
16208 899 3042 8807 
16209 3042 1783 8807 
16210 547 1815 8808 
16211 1815 3353 8808 
16212 3353 547 8808 
16213 1815 999 8809 
16214 999 3353 8809 
16215 3353 1815 8809 
16216 2171 1691 8810 
16217 1691 3390 8810 
16218 3390 2171 8810 
16219 2522 491 8811 
16220 491 2658 8811 
16221 2658 2522 8811 
16222 801 2284 8812 
16223 2284 2335 8812 
16224 2335 801 8812 
16225 2284 1073 8813 
16226 1073 2335 8813 
16227 2335 2284 8813 
16228 1773 689 8814 
16229 689 3393 8814 
16230 3393 1773 8814 
16231 1797 992 8815 
16232 992 3470 8815 
16233 3470 1797 8815 
16234 468 2511 8816 
16235 2511 2518 8816 
16236 2518 468 8816 
16237 2511 1066 8817 
16238 1066 2518 8817 
16239 2518 2511 8817 
16240 536 2377 8818 
16241 2377 2954 8818 
16242 2954 536 8818 
16243 1977 66 8819 
16244 66 3141 8819 
16245 3141 1977 8819 
16246 690 1787 8820 
16247 1787 3062 8820 
16248 3062 690 8820 
16249 2947 1051 8821 
16250 1051 3381 8821 
16251 3381 2947 8821 
16252 815 1779 8822 
16253 1779 3178 8822 
16254 3178 815 8822 
16255 2617 891 8823 
16256 891 3351 8823 
16257 3351 2617 8823 
16258 916 1803 8824 
16259 1803 2948 8824 
16260 2948 916 8824 
16261 69 2219 8825 
16262 2219 3442 8825 
16263 3442 69 8825 
16264 675 1777 8826 
16265 1777 3288 8826 
16266 3288 675 8826 
16267 2377 1185 8827 
16268 1185 2954 8827 
16269 2954 2377 8827 
16270 765 2134 8828 
16271 2134 3240 8828 
16272 3240 765 8828 
16273 2099 768 8829 
16274 768 2329 8829 
16275 2329 2099 8829 
16276 1809 321 8830 
16277 321 2911 8830 
16278 2911 1809 8830 
16279 1808 296 8831 
16280 296 3271 8831 
16281 3271 1808 8831 
16282 3144 669 8832 
16283 669 3156 8832 
16284 3156 3144 8832 
16285 1590 3144 8833 
16286 3144 3156 8833 
16287 3156 1590 8833 
16288 409 1933 8834 
16289 1933 2551 8834 
16290 2551 409 8834 
16291 707 1804 8835 
16292 1804 3037 8835 
16293 3037 707 8835 
16294 1966 161 8836 
16295 161 2846 8836 
16296 2846 1966 8836 
16297 1844 860 8837 
16298 860 2963 8837 
16299 2963 1844 8837 
16300 860 1845 8838 
16301 1845 2963 8838 
16302 2963 860 8838 
16303 480 2126 8839 
16304 2126 3389 8839 
16305 3389 480 8839 
16306 1777 962 8840 
16307 962 3288 8840 
16308 3288 1777 8840 
16309 83 84 8841 
16310 84 2920 8841 
16311 2920 83 8841 
16312 2166 1861 8842 
16313 1861 3394 8842 
16314 3394 2166 8842 
16315 992 2146 8843 
16316 2146 2542 8843 
16317 2542 992 8843 
16318 2221 831 8844 
16319 831 2369 8844 
16320 2369 2221 8844 
16321 325 2122 8845 
16322 2122 3279 8845 
16323 3279 325 8845 
16324 1763 2133 8846 
16325 2133 3006 8846 
16326 3006 1763 8846 
16327 1062 2532 8847 
16328 2532 2538 8847 
16329 2538 1062 8847 
16330 2484 1333 8848 
16331 1333 3382 8848 
16332 3382 2484 8848 
16333 1781 639 8849 
16334 639 3480 8849 
16335 3480 1781 8849 
16336 444 1781 8850 
16337 1781 3481 8850 
16338 3481 444 8850 
16339 1867 650 8851 
16340 650 3407 8851 
16341 3407 1867 8851 
16342 31 32 8852 
16343 32 2791 8852 
16344 2791 31 8852 
16345 1955 271 8853 
16346 271 2536 8853 
16347 2536 1955 8853 
16348 791 1874 8854 
16349 1874 2683 8854 
16350 2683 791 8854 
16351 682 1851 8855 
16352 1851 2919 8855 
16353 2919 682 8855 
16354 1904 456 8856 
16355 456 2616 8856 
16356 2616 1904 8856 
16357 8 9 8857 
16358 9 2793 8857 
16359 2793 8 8857 
16360 258 259 8858 
16361 259 2807 8858 
16362 2807 258 8858 
16363 1785 414 8859 
16364 414 3333 8859 
16365 3333 1785 8859 
16366 1860 2506 8860 
16367 2506 3478 8860 
16368 3478 1860 8860 
16369 302 1897 8861 
16370 1897 2628 8861 
16371 2628 302 8861 
16372 1858 513 8862 
16373 513 2767 8862 
16374 2767 1858 8862 
16375 1010 1980 8863 
16376 1980 2765 8863 
16377 2765 1010 8863 
16378 1980 689 8864 
16379 689 2765 8864 
16380 2765 1980 8864 
16381 924 2031 8865 
16382 2031 2629 8865 
16383 2629 924 8865 
16384 2031 475 8866 
16385 475 2629 8866 
16386 2629 2031 8866 
16387 2627 868 8867 
16388 868 2953 8867 
16389 2953 2627 8867 
16390 1289 2627 8868 
16391 2627 2953 8868 
16392 2953 1289 8868 
16393 82 83 8869 
16394 83 2956 8869 
16395 2956 82 8869 
16396 58 59 8870 
16397 59 3259 8870 
16398 3259 58 8870 
16399 1976 1182 8871 
16400 1182 2527 8871 
16401 2527 1976 8871 
16402 602 2864 8872 
16403 2864 2969 8872 
16404 2969 602 8872 
16405 2864 1384 8873 
16406 1384 2969 8873 
16407 2969 2864 8873 
16408 775 2484 8874 
16409 2484 3382 8874 
16410 3382 775 8874 
16411 1388 1995 8875 
16412 1995 2947 8875 
16413 2947 1388 8875 
16414 1814 1128 8876 
16415 1128 2938 8876 
16416 2938 1814 8876 
16417 928 1785 8877 
16418 1785 3333 8877 
16419 3333 928 8877 
16420 655 1831 8878 
16421 1831 2975 8878 
16422 2975 655 8878 
16423 847 1898 8879 
16424 1898 2604 8879 
16425 2604 847 8879 
16426 2115 735 8880 
16427 735 3236 8880 
16428 3236 2115 8880 
16429 1804 878 8881 
16430 878 3037 8881 
16431 3037 1804 8881 
16432 1004 2976 8882 
16433 2976 2990 8882 
16434 2990 1004 8882 
16435 661 1788 8883 
16436 1788 3317 8883 
16437 3317 661 8883 
16438 2142 436 8884 
16439 436 3368 8884 
16440 3368 2142 8884 
16441 984 2722 8885 
16442 2722 2988 8885 
16443 2988 984 8885 
16444 1977 821 8886 
16445 821 3254 8886 
16446 3254 1977 8886 
16447 1824 880 8887 
16448 880 2921 8887 
16449 2921 1824 8887 
16450 443 1824 8888 
16451 1824 2921 8888 
16452 2921 443 8888 
16453 843 2114 8889 
16454 2114 2449 8889 
16455 2449 843 8889 
16456 2227 464 8890 
16457 464 2568 8890 
16458 2568 2227 8890 
16459 967 2227 8891 
16460 2227 2568 8891 
16461 2568 967 8891 
16462 1121 1877 8892 
16463 1877 2713 8892 
16464 2713 1121 8892 
16465 1485 2795 8893 
16466 2795 3314 8893 
16467 3314 1485 8893 
16468 2248 3102 8894 
16469 3102 3441 8894 
16470 3441 2248 8894 
16471 425 2030 8895 
16472 2030 2757 8895 
16473 2757 425 8895 
16474 2030 1003 8896 
16475 1003 2757 8896 
16476 2757 2030 8896 
16477 176 1978 8897 
16478 1978 3223 8897 
16479 3223 176 8897 
16480 2657 1239 8898 
16481 1239 2800 8898 
16482 2800 2657 8898 
16483 801 1843 8899 
16484 1843 2805 8899 
16485 2805 801 8899 
16486 1962 837 8900 
16487 837 3099 8900 
16488 3099 1962 8900 
16489 5 6 8901 
16490 6 2850 8901 
16491 2850 5 8901 
16492 116 117 8902 
16493 117 2855 8902 
16494 2855 116 8902 
16495 2314 1247 8903 
16496 1247 3373 8903 
16497 3373 2314 8903 
16498 446 2367 8904 
16499 2367 2559 8904 
16500 2559 446 8904 
16501 2795 685 8905 
16502 685 3314 8905 
16503 3314 2795 8905 
16504 1799 1296 8906 
16505 1296 3471 8906 
16506 3471 1799 8906 
16507 134 135 8907 
16508 135 2859 8907 
16509 2859 134 8907 
16510 347 1867 8908 
16511 1867 3422 8908 
16512 3422 347 8908 
16513 1794 626 8909 
16514 626 3242 8909 
16515 3242 1794 8909 
16516 955 1794 8910 
16517 1794 3242 8910 
16518 3242 955 8910 
16519 1852 655 8911 
16520 655 2975 8911 
16521 2975 1852 8911 
16522 468 2211 8912 
16523 2211 2363 8912 
16524 2363 468 8912 
16525 1106 1809 8913 
16526 1809 3045 8913 
16527 3045 1106 8913 
16528 976 1976 8914 
16529 1976 2527 8914 
16530 2527 976 8914 
16531 268 2673 8915 
16532 2673 3072 8915 
16533 3072 268 8915 
16534 2673 1344 8916 
16535 1344 3072 8916 
16536 3072 2673 8916 
16537 2065 792 8917 
16538 792 2548 8917 
16539 2548 2065 8917 
16540 2218 765 8918 
16541 765 3240 8918 
16542 3240 2218 8918 
16543 517 2085 8919 
16544 2085 2468 8919 
16545 2468 517 8919 
16546 2085 1018 8920 
16547 1018 2468 8920 
16548 2468 2085 8920 
16549 141 142 8921 
16550 142 2878 8921 
16551 2878 141 8921 
16552 814 2020 8922 
16553 2020 2546 8922 
16554 2546 814 8922 
16555 3116 982 8923 
16556 982 3488 8923 
16557 3488 3116 8923 
16558 405 2657 8924 
16559 2657 2800 8924 
16560 2800 405 8924 
16561 821 1977 8925 
16562 1977 3141 8925 
16563 3141 821 8925 
16564 2061 328 8926 
16565 328 2664 8926 
16566 2664 2061 8926 
16567 45 46 8927 
16568 46 2892 8927 
16569 2892 45 8927 
16570 858 2072 8928 
16571 2072 2552 8928 
16572 2552 858 8928 
16573 3067 1104 8929 
16574 1104 3207 8929 
16575 3207 3067 8929 
16576 921 1846 8930 
16577 1846 2854 8930 
16578 2854 921 8930 
16579 2111 391 8931 
16580 391 2396 8931 
16581 2396 2111 8931 
16582 255 256 8932 
16583 256 2906 8932 
16584 2906 255 8932 
16585 2078 652 8933 
16586 652 3472 8933 
16587 3472 2078 8933 
16588 53 54 8934 
16589 54 3346 8934 
16590 3346 53 8934 
16591 1929 676 8935 
16592 676 2614 8935 
16593 2614 1929 8935 
16594 717 1983 8936 
16595 1983 3300 8936 
16596 3300 717 8936 
16597 2492 350 8937 
16598 350 2783 8937 
16599 2783 2492 8937 
16600 1157 2492 8938 
16601 2492 2783 8938 
16602 2783 1157 8938 
16603 805 2395 8939 
16604 2395 2702 8939 
16605 2702 805 8939 
16606 39 40 8940 
16607 40 2910 8940 
16608 2910 39 8940 
16609 2599 479 8941 
16610 479 3377 8941 
16611 3377 2599 8941 
16612 103 104 8942 
16613 104 3120 8942 
16614 3120 103 8942 
16615 1924 726 8943 
16616 726 2630 8943 
16617 2630 1924 8943 
16618 2140 526 8944 
16619 526 3166 8944 
16620 3166 2140 8944 
16621 856 1892 8945 
16622 1892 3076 8945 
16623 3076 856 8945 
16624 995 2130 8946 
16625 2130 3448 8946 
16626 3448 995 8946 
16627 1348 2077 8947 
16628 2077 2531 8947 
16629 2531 1348 8947 
16630 1174 2951 8948 
16631 2951 3328 8948 
16632 3328 1174 8948 
16633 1885 845 8949 
16634 845 2751 8949 
16635 2751 1885 8949 
16636 2020 1003 8950 
16637 1003 3020 8950 
16638 3020 2020 8950 
16639 199 2020 8951 
16640 2020 3020 8951 
16641 3020 199 8951 
16642 2567 951 8952 
16643 951 2649 8952 
16644 2649 2567 8952 
16645 68 69 8953 
16646 69 3442 8953 
16647 3442 68 8953 
16648 2296 1161 8954 
16649 1161 3038 8954 
16650 3038 2296 8954 
16651 523 2296 8955 
16652 2296 3038 8955 
16653 3038 523 8955 
16654 1185 2377 8956 
16655 2377 3172 8956 
16656 3172 1185 8956 
16657 405 2083 8957 
16658 2083 3109 8957 
16659 3109 405 8957 
16660 489 2339 8958 
16661 2339 3158 8958 
16662 3158 489 8958 
16663 2339 1217 8959 
16664 1217 3158 8959 
16665 3158 2339 8959 
16666 2077 128 8960 
16667 128 2458 8960 
16668 2458 2077 8960 
16669 2218 1257 8961 
16670 1257 3450 8961 
16671 3450 2218 8961 
16672 388 2218 8962 
16673 2218 3450 8962 
16674 3450 388 8962 
16675 873 2798 8963 
16676 2798 2852 8963 
16677 2852 873 8963 
16678 22 20 8964 
16679 20 2890 8964 
16680 2890 22 8964 
16681 998 1844 8965 
16682 1844 3331 8965 
16683 3331 998 8965 
16684 2428 879 8966 
16685 879 2638 8966 
16686 2638 2428 8966 
16687 166 167 8967 
16688 167 2936 8967 
16689 2936 166 8967 
16690 2162 58 8968 
16691 58 3259 8968 
16692 3259 2162 8968 
16693 269 1818 8969 
16694 1818 3018 8969 
16695 3018 269 8969 
16696 2151 857 8970 
16697 857 2538 8970 
16698 2538 2151 8970 
16699 1461 1918 8971 
16700 1918 3338 8971 
16701 3338 1461 8971 
16702 1045 1801 8972 
16703 1801 3389 8972 
16704 3389 1045 8972 
16705 2182 208 8973 
16706 208 3297 8973 
16707 3297 2182 8973 
16708 865 2077 8974 
16709 2077 2458 8974 
16710 2458 865 8974 
16711 1024 2955 8975 
16712 2955 3144 8975 
16713 3144 1024 8975 
16714 2359 263 8976 
16715 263 2627 8976 
16716 2627 2359 8976 
16717 1289 2359 8977 
16718 2359 2627 8977 
16719 2627 1289 8977 
16720 131 132 8978 
16721 132 2966 8978 
16722 2966 131 8978 
16723 227 1906 8979 
16724 1906 2682 8979 
16725 2682 227 8979 
16726 1998 773 8980 
16727 773 2636 8980 
16728 2636 1998 8980 
16729 2691 1215 8981 
16730 1215 3409 8981 
16731 3409 2691 8981 
16732 1892 856 8982 
16733 856 2841 8982 
16734 2841 1892 8982 
16735 2909 1366 8983 
16736 1366 2942 8983 
16737 2942 2909 8983 
16738 842 2190 8984 
16739 2190 2367 8984 
16740 2367 842 8984 
16741 1189 2182 8985 
16742 2182 3297 8985 
16743 3297 1189 8985 
16744 2348 416 8986 
16745 416 2414 8986 
16746 2414 2348 8986 
16747 810 1928 8987 
16748 1928 2653 8987 
16749 2653 810 8987 
16750 2297 997 8988 
16751 997 2876 8988 
16752 2876 2297 8988 
16753 2061 850 8989 
16754 850 2474 8989 
16755 2474 2061 8989 
16756 208 209 8990 
16757 209 3297 8990 
16758 3297 208 8990 
16759 1133 2140 8991 
16760 2140 3166 8991 
16761 3166 1133 8991 
16762 2216 764 8992 
16763 764 2982 8992 
16764 2982 2216 8992 
16765 1431 2931 8993 
16766 2931 3075 8993 
16767 3075 1431 8993 
16768 2931 931 8994 
16769 931 3075 8994 
16770 3075 2931 8994 
16771 2587 1209 8995 
16772 1209 2832 8995 
16773 2832 2587 8995 
16774 95 96 8996 
16775 96 2987 8996 
16776 2987 95 8996 
16777 993 2958 8997 
16778 2958 3055 8997 
16779 3055 993 8997 
16780 2958 1435 8998 
16781 1435 3055 8998 
16782 3055 2958 8998 
16783 1399 1867 8999 
16784 1867 2856 8999 
16785 2856 1399 8999 
16786 1820 949 9000 
16787 949 3283 9000 
16788 3283 1820 9000 
16789 915 2315 9001 
16790 2315 2341 9001 
16791 2341 915 9001 
16792 2315 906 9002 
16793 906 2341 9002 
16794 2341 2315 9002 
16795 2316 905 9003 
16796 905 2340 9003 
16797 2340 2316 9003 
16798 914 2316 9004 
16799 2316 2340 9004 
16800 2340 914 9004 
16801 908 1891 9005 
16802 1891 2787 9005 
16803 2787 908 9005 
16804 901 1998 9006 
16805 1998 2636 9006 
16806 2636 901 9006 
16807 1043 1879 9007 
16808 1879 3489 9007 
16809 3489 1043 9007 
16810 998 2169 9008 
16811 2169 3458 9008 
16812 3458 998 9008 
16813 2134 505 9009 
16814 505 3240 9009 
16815 3240 2134 9009 
16816 1845 314 9010 
16817 314 2963 9010 
16818 2963 1845 9010 
16819 2821 514 9011 
16820 514 3017 9011 
16821 3017 2821 9011 
16822 333 1915 9012 
16823 1915 3455 9012 
16824 3455 333 9012 
16825 1915 1074 9013 
16826 1074 3455 9013 
16827 3455 1915 9013 
16828 1935 295 9014 
16829 295 3104 9014 
16830 3104 1935 9014 
16831 1054 1824 9015 
16832 1824 3107 9015 
16833 3107 1054 9015 
16834 939 2587 9016 
16835 2587 2832 9016 
16836 2832 939 9016 
16837 198 199 9017 
16838 199 3020 9017 
16839 3020 198 9017 
16840 26 27 9018 
16841 27 3026 9018 
16842 3026 26 9018 
16843 29 30 9019 
16844 30 3027 9019 
16845 3027 29 9019 
16846 510 2999 9020 
16847 2999 3356 9020 
16848 3356 510 9020 
16849 1980 1010 9021 
16850 1010 3145 9021 
16851 3145 1980 9021 
16852 427 1980 9022 
16853 1980 3145 9022 
16854 3145 427 9022 
16855 412 2909 9023 
16856 2909 2942 9023 
16857 2942 412 9023 
16858 847 2604 9024 
16859 2604 3181 9024 
16860 3181 847 9024 
16861 1157 2143 9025 
16862 2143 2571 9025 
16863 2571 1157 9025 
16864 1842 1229 9026 
16865 1229 3003 9026 
16866 3003 1842 9026 
16867 399 1969 9027 
16868 1969 3035 9027 
16869 3035 399 9027 
16870 1008 2471 9028 
16871 2471 2680 9028 
16872 2680 1008 9028 
16873 260 261 9029 
16874 261 3090 9029 
16875 3090 260 9029 
16876 750 1938 9030 
16877 1938 2705 9030 
16878 2705 750 9030 
16879 2010 822 9031 
16880 822 3119 9031 
16881 3119 2010 9031 
16882 2232 2964 9032 
16883 2964 3405 9032 
16884 3405 2232 9032 
16885 2155 877 9033 
16886 877 2475 9033 
16887 2475 2155 9033 
16888 1175 2155 9034 
16889 2155 2475 9034 
16890 2475 1175 9034 
16891 550 2454 9035 
16892 2454 3436 9035 
16893 3436 550 9035 
16894 874 1852 9036 
16895 1852 2975 9036 
16896 2975 874 9036 
16897 120 121 9037 
16898 121 3069 9037 
16899 3069 120 9037 
16900 774 2321 9038 
16901 2321 2980 9038 
16902 2980 774 9038 
16903 2883 1323 9039 
16904 1323 2914 9039 
16905 2914 2883 9039 
16906 2734 985 9040 
16907 985 3188 9040 
16908 3188 2734 9040 
16909 1392 2734 9041 
16910 2734 3188 9041 
16911 3188 1392 9041 
16912 252 253 9042 
16913 253 3094 9042 
16914 3094 252 9042 
16915 916 1952 9043 
16916 1952 2661 9043 
16917 2661 916 9043 
16918 2993 333 9044 
16919 333 3455 9044 
16920 3455 2993 9044 
16921 1054 2522 9045 
16922 2522 2658 9045 
16923 2658 1054 9045 
16924 1153 1903 9046 
16925 1903 2784 9046 
16926 2784 1153 9046 
16927 982 2694 9047 
16928 2694 2781 9047 
16929 2781 982 9047 
16930 1825 653 9048 
16931 653 3199 9048 
16932 3199 1825 9048 
16933 1145 2162 9049 
16934 2162 3259 9049 
16935 3259 1145 9049 
16936 2483 1442 9050 
16937 1442 3285 9050 
16938 3285 2483 9050 
16939 2219 1213 9051 
16940 1213 3442 9051 
16941 3442 2219 9051 
16942 2623 1134 9052 
16943 1134 3193 9052 
16944 3193 2623 9052 
16945 296 1870 9053 
16946 1870 3271 9053 
16947 3271 296 9053 
16948 1870 668 9054 
16949 668 3284 9054 
16950 3284 1870 9054 
16951 1988 610 9055 
16952 610 2592 9055 
16953 2592 1988 9055 
16954 1069 2172 9056 
16955 2172 2430 9056 
16956 2430 1069 9056 
16957 2002 1765 9057 
16958 1765 3339 9057 
16959 3339 2002 9057 
16960 1369 2255 9058 
16961 2255 3366 9058 
16962 3366 1369 9058 
16963 2003 483 9059 
16964 483 2665 9059 
16965 2665 2003 9059 
16966 2333 1151 9060 
16967 1151 2981 9060 
16968 2981 2333 9060 
16969 3 4 9061 
16970 4 3096 9061 
16971 3096 3 9061 
16972 2193 1291 9062 
16973 1291 3039 9062 
16974 3039 2193 9062 
16975 1103 2193 9063 
16976 2193 3039 9063 
16977 3039 1103 9063 
16978 97 98 9064 
16979 98 3146 9064 
16980 3146 97 9064 
16981 2127 1334 9065 
16982 1334 3057 9065 
16983 3057 2127 9065 
16984 490 2127 9066 
16985 2127 3057 9066 
16986 3057 490 9066 
16987 887 2003 9067 
16988 2003 2665 9067 
16989 2665 887 9067 
16990 2110 472 9068 
16991 472 2792 9068 
16992 2792 2110 9068 
16993 706 1821 9069 
16994 1821 3447 9069 
16995 3447 706 9069 
16996 1075 2081 9070 
16997 2081 3251 9070 
16998 3251 1075 9070 
16999 2204 995 9071 
17000 995 2771 9071 
17001 2771 2204 9071 
17002 756 2204 9072 
17003 2204 2771 9072 
17004 2771 756 9072 
17005 979 2883 9073 
17006 2883 2914 9073 
17007 2914 979 9073 
17008 2025 666 9074 
17009 666 2576 9074 
17010 2576 2025 9074 
17011 1932 482 9075 
17012 482 2953 9075 
17013 2953 1932 9075 
17014 111 112 9076 
17015 112 3260 9076 
17016 3260 111 9076 
17017 136 137 9077 
17018 137 3161 9077 
17019 3161 136 9077 
17020 139 140 9078 
17021 140 3162 9078 
17022 3162 139 9078 
17023 1908 390 9079 
17024 390 2810 9079 
17025 2810 1908 9079 
17026 1873 707 9080 
17027 707 3037 9080 
17028 3037 1873 9080 
17029 1846 921 9081 
17030 921 3086 9081 
17031 3086 1846 9081 
17032 937 2371 9082 
17033 2371 2461 9082 
17034 2461 937 9082 
17035 230 231 9083 
17036 231 3192 9083 
17037 3192 230 9083 
17038 717 1992 9084 
17039 1992 3228 9084 
17040 3228 717 9084 
17041 1187 1952 9085 
17042 1952 3292 9085 
17043 3292 1187 9085 
17044 1952 107 9086 
17045 107 3292 9086 
17046 3292 1952 9086 
17047 2042 524 9087 
17048 524 2567 9087 
17049 2567 2042 9087 
17050 2072 859 9088 
17051 859 2939 9088 
17052 2939 2072 9088 
17053 55 56 9089 
17054 56 3476 9089 
17055 3476 55 9089 
17056 2709 1284 9090 
17057 1284 2944 9090 
17058 2944 2709 9090 
17059 940 2709 9091 
17060 2709 2944 9091 
17061 2944 940 9091 
17062 2077 865 9092 
17063 865 2531 9092 
17064 2531 2077 9092 
17065 975 2110 9093 
17066 2110 2792 9093 
17067 2792 975 9093 
17068 51 52 9094 
17069 52 3200 9094 
17070 3200 51 9094 
17071 1992 1044 9095 
17072 1044 3228 9095 
17073 3228 1992 9095 
17074 2416 821 9096 
17075 821 2810 9096 
17076 2810 2416 9096 
17077 930 3093 9097 
17078 3093 3239 9097 
17079 3239 930 9097 
17080 3193 1134 9098 
17081 1134 3356 9098 
17082 3356 3193 9098 
17083 2136 786 9099 
17084 786 2856 9099 
17085 2856 2136 9099 
17086 175 176 9100 
17087 176 3223 9100 
17088 3223 175 9100 
17089 1852 353 9101 
17090 353 3085 9101 
17091 3085 1852 9101 
17092 792 2210 9102 
17093 2210 2548 9102 
17094 2548 792 9102 
17095 2671 1916 9103 
17096 1916 3243 9103 
17097 3243 2671 9103 
17098 884 1876 9104 
17099 1876 3392 9104 
17100 3392 884 9104 
17101 1655 3193 9105 
17102 3193 3356 9105 
17103 3356 1655 9105 
17104 155 156 9106 
17105 156 3241 9106 
17106 3241 155 9106 
17107 2733 607 9107 
17108 607 2943 9107 
17109 2943 2733 9107 
17110 1286 2733 9108 
17111 2733 2943 9108 
17112 2943 1286 9108 
17113 873 1945 9109 
17114 1945 2754 9109 
17115 2754 873 9109 
17116 924 2743 9110 
17117 2743 2894 9110 
17118 2894 924 9110 
17119 2743 1274 9111 
17120 1274 2894 9111 
17121 2894 2743 9111 
17122 43 44 9112 
17123 44 3267 9112 
17124 3267 43 9112 
17125 1027 1838 9113 
17126 1838 3246 9113 
17127 3246 1027 9113 
17128 1945 728 9114 
17129 728 2754 9114 
17130 2754 1945 9114 
17131 1878 680 9115 
17132 680 3255 9115 
17133 3255 1878 9115 
17134 1126 2509 9116 
17135 2509 2886 9116 
17136 2886 1126 9116 
17137 855 2067 9117 
17138 2067 3184 9117 
17139 3184 855 9117 
17140 1864 822 9118 
17141 822 3078 9118 
17142 3078 1864 9118 
17143 107 108 9119 
17144 108 3292 9119 
17145 3292 107 9119 
17146 1842 2331 9120 
17147 2331 3484 9120 
17148 3484 1842 9120 
17149 182 183 9121 
17150 183 3309 9121 
17151 3309 182 9121 
17152 2772 1357 9122 
17153 1357 3100 9122 
17154 3100 2772 9122 
17155 553 2772 9123 
17156 2772 3100 9123 
17157 3100 553 9123 
17158 99 100 9124 
17159 100 3322 9124 
17160 3322 99 9124 
17161 506 1972 9125 
17162 1972 2702 9125 
17163 2702 506 9125 
17164 959 1885 9126 
17165 1885 3123 9126 
17166 3123 959 9126 
17167 1861 262 9127 
17168 262 3394 9127 
17169 3394 1861 9127 
17170 2066 438 9128 
17171 438 3036 9128 
17172 3036 2066 9128 
17173 2469 1312 9129 
17174 1312 3394 9129 
17175 3394 2469 9129 
17176 2072 457 9130 
17177 457 2552 9130 
17178 2552 2072 9130 
17179 1967 619 9131 
17180 619 2718 9131 
17181 2718 1967 9131 
17182 37 38 9132 
17183 38 3446 9132 
17184 3446 37 9132 
17185 35 36 9133 
17186 36 3491 9133 
17187 3491 35 9133 
17188 1350 2545 9134 
17189 2545 3352 9134 
17190 3352 1350 9134 
17191 323 2151 9135 
17192 2151 2538 9135 
17193 2538 323 9135 
17194 215 216 9136 
17195 216 3451 9136 
17196 3451 215 9136 
17197 402 2013 9137 
17198 2013 2660 9137 
17199 2660 402 9137 
17200 1949 281 9138 
17201 281 2871 9138 
17202 2871 1949 9138 
17203 431 2087 9139 
17204 2087 2745 9139 
17205 2745 431 9139 
17206 2087 943 9140 
17207 943 2745 9140 
17208 2745 2087 9140 
17209 469 1836 9141 
17210 1836 3432 9141 
17211 3432 469 9141 
17212 2373 114 9142 
17213 114 2835 9142 
17214 2835 2373 9142 
17215 2650 536 9143 
17216 536 2954 9143 
17217 2954 2650 9143 
17218 954 1886 9144 
17219 1886 3206 9144 
17220 3206 954 9144 
17221 1301 2032 9145 
17222 2032 2767 9145 
17223 2767 1301 9145 
17224 730 2073 9146 
17225 2073 2726 9146 
17226 2726 730 9146 
17227 272 2311 9147 
17228 2311 3361 9147 
17229 3361 272 9147 
17230 918 2117 9148 
17231 2117 2776 9148 
17232 2776 918 9148 
17233 2358 1539 9149 
17234 1539 2828 9149 
17235 2828 2358 9149 
17236 3140 1441 9150 
17237 1441 3334 9150 
17238 3334 3140 9150 
17239 2545 355 9151 
17240 355 3352 9151 
17241 3352 2545 9151 
17242 930 1986 9152 
17243 1986 2968 9152 
17244 2968 930 9152 
17245 635 2922 9153 
17246 2922 3262 9153 
17247 3262 635 9153 
17248 899 2069 9154 
17249 2069 2632 9154 
17250 2632 899 9154 
17251 846 2274 9155 
17252 2274 2618 9155 
17253 2618 846 9155 
17254 913 1949 9156 
17255 1949 2871 9156 
17256 2871 913 9156 
17257 2095 1036 9157 
17258 1036 3087 9157 
17259 3087 2095 9157 
17260 531 2095 9158 
17261 2095 3087 9158 
17262 3087 531 9158 
17263 672 1880 9159 
17264 1880 3425 9159 
17265 3425 672 9159 
17266 1259 2650 9160 
17267 2650 2954 9160 
17268 2954 1259 9160 
17269 2197 1209 9161 
17270 1209 2587 9161 
17271 2587 2197 9161 
17272 1244 1848 9162 
17273 1848 3308 9162 
17274 3308 1244 9162 
17275 493 1842 9163 
17276 1842 3484 9163 
17277 3484 493 9163 
17278 2107 855 9164 
17279 855 3184 9164 
17280 3184 2107 9164 
17281 2542 967 9165 
17282 967 2568 9165 
17283 2568 2542 9165 
17284 262 2469 9166 
17285 2469 3394 9166 
17286 3394 262 9166 
17287 1492 2993 9167 
17288 2993 3455 9167 
17289 3455 1492 9167 
17290 1191 2699 9168 
17291 2699 3108 9168 
17292 3108 1191 9168 
17293 2069 234 9169 
17294 234 2632 9169 
17295 2632 2069 9169 
17296 1871 972 9170 
17297 972 3126 9170 
17298 3126 1871 9170 
17299 2049 1390 9171 
17300 1390 3444 9171 
17301 3444 2049 9171 
17302 600 2197 9172 
17303 2197 2587 9172 
17304 2587 600 9172 
17305 881 2305 9173 
17306 2305 2680 9173 
17307 2680 881 9173 
17308 1538 2865 9174 
17309 2865 3490 9174 
17310 3490 1538 9174 
17311 2865 1046 9175 
17312 1046 3490 9175 
17313 3490 2865 9175 
17314 2464 1039 9176 
17315 1039 3404 9176 
17316 3404 2464 9176 
17317 1844 998 9177 
17318 998 3458 9177 
17319 3458 1844 9177 
17320 520 1844 9178 
17321 1844 3458 9178 
17322 3458 520 9178 
17323 1875 1088 9179 
17324 1088 3113 9179 
17325 3113 1875 9179 
17326 2439 1019 9180 
17327 1019 2540 9180 
17328 2540 2439 9180 
17329 2081 327 9181 
17330 327 3251 9181 
17331 3251 2081 9181 
17332 2123 945 9182 
17333 945 3347 9182 
17334 3347 2123 9182 
17335 2027 798 9183 
17336 798 2895 9183 
17337 2895 2027 9183 
17338 1991 411 9184 
17339 411 2820 9184 
17340 2820 1991 9184 
17341 1913 904 9185 
17342 904 2978 9185 
17343 2978 1913 9185 
17344 1998 304 9186 
17345 304 2728 9186 
17346 2728 1998 9186 
17347 2086 1171 9187 
17348 1171 3451 9187 
17349 3451 2086 9187 
17350 404 2222 9188 
17351 2222 3115 9188 
17352 3115 404 9188 
17353 2222 1105 9189 
17354 1105 3115 9189 
17355 3115 2222 9189 
17356 2378 879 9190 
17357 879 3312 9190 
17358 3312 2378 9190 
17359 2510 1044 9191 
17360 1044 2598 9191 
17361 2598 2510 9191 
17362 722 2132 9192 
17363 2132 3103 9192 
17364 3103 722 9192 
17365 2132 1055 9193 
17366 1055 3103 9193 
17367 3103 2132 9193 
17368 2003 887 9194 
17369 887 3004 9194 
17370 3004 2003 9194 
17371 919 2820 9195 
17372 2820 3040 9195 
17373 3040 919 9195 
17374 2752 499 9196 
17375 499 2822 9196 
17376 2822 2752 9196 
17377 1024 2403 9197 
17378 2403 2622 9197 
17379 2622 1024 9197 
17380 2403 535 9198 
17381 535 2622 9198 
17382 2622 2403 9198 
17383 216 2086 9199 
17384 2086 3451 9199 
17385 3451 216 9199 
17386 2009 831 9200 
17387 831 3153 9200 
17388 3153 2009 9200 
17389 2446 516 9201 
17390 516 3312 9201 
17391 3312 2446 9201 
17392 900 2540 9202 
17393 2540 3338 9202 
17394 3338 900 9202 
17395 2527 1182 9203 
17396 1182 2957 9203 
17397 2957 2527 9203 
17398 1892 584 9204 
17399 584 3076 9204 
17400 3076 1892 9204 
17401 611 2655 9205 
17402 2655 2668 9205 
17403 2668 611 9205 
17404 2655 1149 9206 
17405 1149 2668 9206 
17406 2668 2655 9206 
17407 1231 2259 9207 
17408 2259 2681 9207 
17409 2681 1231 9207 
17410 2005 1065 9208 
17411 1065 2724 9208 
17412 2724 2005 9208 
17413 1221 2208 9209 
17414 2208 2911 9209 
17415 2911 1221 9209 
17416 2040 1149 9210 
17417 1149 2655 9210 
17418 2655 2040 9210 
17419 987 2584 9211 
17420 2584 2777 9211 
17421 2777 987 9211 
17422 2146 313 9212 
17423 313 2542 9212 
17424 2542 2146 9212 
17425 408 1881 9213 
17426 1881 3154 9213 
17427 3154 408 9213 
17428 2747 1203 9214 
17429 1203 3372 9214 
17430 3372 2747 9214 
17431 857 2405 9215 
17432 2405 2538 9215 
17433 2538 857 9215 
17434 705 2131 9216 
17435 2131 2654 9216 
17436 2654 705 9216 
17437 941 2510 9217 
17438 2510 2598 9217 
17439 2598 941 9217 
17440 1025 2557 9218 
17441 2557 3262 9218 
17442 3262 1025 9218 
17443 892 1936 9219 
17444 1936 3201 9219 
17445 3201 892 9219 
17446 1049 2070 9220 
17447 2070 2605 9220 
17448 2605 1049 9220 
17449 877 2155 9221 
17450 2155 3260 9221 
17451 3260 877 9221 
17452 1870 876 9222 
17453 876 3271 9222 
17454 3271 1870 9222 
17455 919 1991 9223 
17456 1991 2820 9223 
17457 2820 919 9223 
17458 3135 1447 9224 
17459 1447 3203 9224 
17460 3203 3135 9224 
17461 876 1870 9225 
17462 1870 3284 9225 
17463 3284 876 9225 
17464 1060 2495 9226 
17465 2495 2656 9226 
17466 2656 1060 9226 
17467 2495 328 9227 
17468 328 2656 9227 
17469 2656 2495 9227 
17470 1195 1860 9228 
17471 1860 3478 9228 
17472 3478 1195 9228 
17473 868 1932 9229 
17474 1932 2953 9229 
17475 2953 868 9229 
17476 2273 881 9230 
17477 881 2736 9230 
17478 2736 2273 9230 
17479 2006 661 9231 
17480 661 3317 9231 
17481 3317 2006 9231 
17482 337 2527 9232 
17483 2527 2957 9232 
17484 2957 337 9232 
17485 1047 2006 9233 
17486 2006 3317 9233 
17487 3317 1047 9233 
17488 2193 489 9234 
17489 489 3188 9234 
17490 3188 2193 9234 
17491 989 2421 9235 
17492 2421 2569 9235 
17493 2569 989 9235 
17494 2421 564 9236 
17495 564 2569 9236 
17496 2569 2421 9236 
17497 2881 1009 9237 
17498 1009 3128 9237 
17499 3128 2881 9237 
17500 484 1945 9238 
17501 1945 3139 9238 
17502 3139 484 9238 
17503 3093 1436 9239 
17504 1436 3239 9239 
17505 3239 3093 9239 
17506 934 1966 9240 
17507 1966 2846 9240 
17508 2846 934 9240 
17509 2259 751 9241 
17510 751 2681 9241 
17511 2681 2259 9241 
17512 1985 415 9242 
17513 415 2777 9242 
17514 2777 1985 9242 
17515 694 1964 9243 
17516 1964 3261 9243 
17517 3261 694 9243 
17518 1184 2508 9244 
17519 2508 2689 9244 
17520 2689 1184 9244 
17521 464 2438 9245 
17522 2438 2568 9245 
17523 2568 464 9245 
17524 2438 992 9246 
17525 992 2568 9246 
17526 2568 2438 9246 
17527 302 2389 9247 
17528 2389 2600 9247 
17529 2600 302 9247 
17530 1974 681 9248 
17531 681 3285 9248 
17532 3285 1974 9248 
17533 1014 1974 9249 
17534 1974 3285 9249 
17535 3285 1014 9249 
17536 450 1912 9250 
17537 1912 3061 9250 
17538 3061 450 9250 
17539 1755 2606 9251 
17540 2606 3419 9251 
17541 3419 1755 9251 
17542 2380 807 9252 
17543 807 3015 9252 
17544 3015 2380 9252 
17545 433 2370 9253 
17546 2370 2680 9253 
17547 2680 433 9253 
17548 2370 1008 9254 
17549 1008 2680 9254 
17550 2680 2370 9254 
17551 850 2061 9255 
17552 2061 2664 9255 
17553 2664 850 9255 
17554 867 2121 9256 
17555 2121 3330 9256 
17556 3330 867 9256 
17557 2955 1024 9257 
17558 1024 3186 9257 
17559 3186 2955 9257 
17560 2554 590 9258 
17561 590 2645 9258 
17562 2645 2554 9258 
17563 1081 2554 9259 
17564 2554 2645 9259 
17565 2645 1081 9259 
17566 20 2472 9260 
17567 2472 2890 9260 
17568 2890 20 9260 
17569 866 2667 9261 
17570 2667 3470 9261 
17571 3470 866 9261 
17572 1097 2818 9262 
17573 2818 3380 9262 
17574 3380 1097 9262 
17575 1066 2511 9263 
17576 2511 2664 9263 
17577 2664 1066 9263 
17578 2511 850 9264 
17579 850 2664 9264 
17580 2664 2511 9264 
17581 2428 1002 9265 
17582 1002 2446 9265 
17583 2446 2428 9265 
17584 2892 1047 9266 
17585 1047 3317 9266 
17586 3317 2892 9266 
17587 470 2053 9267 
17588 2053 2710 9267 
17589 2710 470 9267 
17590 2053 903 9268 
17591 903 2710 9268 
17592 2710 2053 9268 
17593 2433 1174 9269 
17594 1174 3328 9269 
17595 3328 2433 9269 
17596 2694 982 9270 
17597 982 3116 9270 
17598 3116 2694 9270 
17599 1372 2694 9271 
17600 2694 3116 9271 
17601 3116 1372 9271 
17602 2562 1021 9272 
17603 1021 2904 9272 
17604 2904 2562 9272 
17605 1876 361 9273 
17606 361 3392 9273 
17607 3392 1876 9273 
17608 1880 901 9274 
17609 901 3425 9274 
17610 3425 1880 9274 
17611 2347 823 9275 
17612 823 2847 9275 
17613 2847 2347 9275 
17614 627 1954 9276 
17615 1954 2952 9276 
17616 2952 627 9276 
17617 918 2056 9277 
17618 2056 2778 9277 
17619 2778 918 9277 
17620 2056 288 9278 
17621 288 2778 9278 
17622 2778 2056 9278 
17623 988 2060 9279 
17624 2060 3435 9279 
17625 3435 988 9279 
17626 2100 819 9280 
17627 819 2621 9280 
17628 2621 2100 9280 
17629 437 2340 9281 
17630 2340 2662 9281 
17631 2662 437 9281 
17632 927 2109 9282 
17633 2109 2970 9282 
17634 2970 927 9282 
17635 2181 795 9283 
17636 795 2624 9283 
17637 2624 2181 9283 
17638 894 2490 9284 
17639 2490 3437 9284 
17640 3437 894 9284 
17641 755 1969 9285 
17642 1969 2902 9285 
17643 2902 755 9285 
17644 368 1943 9286 
17645 1943 3349 9286 
17646 3349 368 9286 
17647 1061 2131 9287 
17648 2131 3299 9287 
17649 3299 1061 9287 
17650 2615 1207 9288 
17651 1207 3244 9288 
17652 3244 2615 9288 
17653 1382 3060 9289 
17654 3060 3299 9289 
17655 3299 1382 9289 
17656 976 2468 9290 
17657 2468 2603 9290 
17658 2603 976 9290 
17659 2468 1018 9291 
17660 1018 2603 9291 
17661 2603 2468 9291 
17662 271 1955 9292 
17663 1955 3257 9292 
17664 3257 271 9292 
17665 1955 989 9293 
17666 989 3257 9293 
17667 3257 1955 9293 
17668 1914 465 9294 
17669 465 3124 9294 
17670 3124 1914 9294 
17671 2210 990 9295 
17672 990 2548 9295 
17673 2548 2210 9295 
17674 2439 900 9296 
17675 900 3067 9296 
17676 3067 2439 9296 
17677 1048 1951 9297 
17678 1951 3481 9297 
17679 3481 1048 9297 
17680 1951 444 9298 
17681 444 3481 9298 
17682 3481 1951 9298 
17683 2371 936 9299 
17684 936 2461 9299 
17685 2461 2371 9299 
17686 431 2033 9300 
17687 2033 3157 9300 
17688 3157 431 9300 
17689 1949 913 9301 
17690 913 3073 9301 
17691 3073 1949 9301 
17692 2041 2597 9302 
17693 2597 3456 9302 
17694 3456 2041 9302 
17695 872 2202 9303 
17696 2202 3158 9303 
17697 3158 872 9303 
17698 322 2236 9304 
17699 2236 2741 9304 
17700 2741 322 9304 
17701 2973 1263 9305 
17702 1263 3378 9305 
17703 3378 2973 9305 
17704 279 3135 9306 
17705 3135 3203 9306 
17706 3203 279 9306 
17707 1024 2622 9307 
17708 2622 3186 9307 
17709 3186 1024 9307 
17710 490 2316 9308 
17711 2316 3022 9308 
17712 3022 490 9308 
17713 784 2225 9309 
17714 2225 3189 9309 
17715 3189 784 9309 
17716 1921 1269 9310 
17717 1269 3021 9310 
17718 3021 1921 9310 
17719 2201 1226 9311 
17720 1226 3386 9311 
17721 3386 2201 9311 
17722 3437 559 9312 
17723 559 3444 9312 
17724 3444 3437 9312 
17725 487 2068 9313 
17726 2068 2714 9313 
17727 2714 487 9313 
17728 2194 722 9314 
17729 722 3103 9314 
17730 3103 2194 9314 
17731 1538 2194 9315 
17732 2194 3103 9315 
17733 3103 1538 9315 
17734 930 1983 9316 
17735 1983 3093 9316 
17736 3093 930 9316 
17737 402 2426 9317 
17738 2426 2585 9317 
17739 2585 402 9317 
17740 1126 2886 9318 
17741 2886 3384 9318 
17742 3384 1126 9318 
17743 879 2428 9319 
17744 2428 2446 9319 
17745 2446 879 9319 
17746 2122 1043 9320 
17747 1043 3279 9320 
17748 3279 2122 9320 
17749 2242 529 9321 
17750 529 3430 9321 
17751 3430 2242 9321 
17752 2212 993 9322 
17753 993 3055 9322 
17754 3055 2212 9322 
17755 2073 1050 9323 
17756 1050 2726 9323 
17757 2726 2073 9323 
17758 2478 1135 9324 
17759 1135 3218 9324 
17760 3218 2478 9324 
17761 1405 1915 9325 
17762 1915 3209 9325 
17763 3209 1405 9325 
17764 993 1905 9326 
17765 1905 3420 9326 
17766 3420 993 9326 
17767 2633 1118 9327 
17768 1118 3087 9327 
17769 3087 2633 9327 
17770 1201 2242 9328 
17771 2242 3430 9328 
17772 3430 1201 9328 
17773 150 2251 9329 
17774 2251 2601 9329 
17775 2601 150 9329 
17776 2252 1524 9330 
17777 1524 2819 9330 
17778 2819 2252 9330 
17779 1037 3140 9331 
17780 3140 3334 9331 
17781 3334 1037 9331 
17782 711 1897 9332 
17783 1897 3429 9332 
17784 3429 711 9332 
17785 491 2315 9333 
17786 2315 2658 9333 
17787 2658 491 9333 
17788 761 2015 9334 
17789 2015 2928 9334 
17790 2928 761 9334 
17791 1238 2254 9335 
17792 2254 3413 9335 
17793 3413 1238 9335 
17794 964 2729 9336 
17795 2729 2985 9336 
17796 2985 964 9336 
17797 2131 1061 9337 
17798 1061 2654 9337 
17799 2654 2131 9337 
17800 2116 585 9338 
17801 585 2913 9338 
17802 2913 2116 9338 
17803 2708 433 9339 
17804 433 3054 9339 
17805 3054 2708 9339 
17806 1019 2439 9340 
17807 2439 2692 9340 
17808 2692 1019 9340 
17809 2439 461 9341 
17810 461 2692 9341 
17811 2692 2439 9341 
17812 2208 502 9342 
17813 502 2834 9342 
17814 2834 2208 9342 
17815 2416 542 9343 
17816 542 3254 9343 
17817 3254 2416 9343 
17818 2341 438 9344 
17819 438 2701 9344 
17820 2701 2341 9344 
17821 680 1979 9345 
17822 1979 3255 9345 
17823 3255 680 9345 
17824 1936 441 9346 
17825 441 3201 9346 
17826 3201 1936 9346 
17827 983 1942 9347 
17828 1942 3125 9347 
17829 3125 983 9347 
17830 2311 794 9348 
17831 794 3361 9348 
17832 3361 2311 9348 
17833 2283 784 9349 
17834 784 3189 9349 
17835 3189 2283 9349 
17836 2625 1688 9350 
17837 1688 3457 9350 
17838 3457 2625 9350 
17839 2729 1255 9351 
17840 1255 2985 9351 
17841 2985 2729 9351 
17842 2339 1103 9352 
17843 1103 3222 9352 
17844 3222 2339 9352 
17845 1968 883 9353 
17846 883 3029 9353 
17847 3029 1968 9353 
17848 59 2039 9354 
17849 2039 3259 9354 
17850 3259 59 9354 
17851 1281 2147 9355 
17852 2147 3065 9355 
17853 3065 1281 9355 
17854 691 1940 9356 
17855 1940 3155 9356 
17856 3155 691 9356 
17857 1268 2116 9357 
17858 2116 2913 9357 
17859 2913 1268 9357 
17860 2055 972 9358 
17861 972 3043 9358 
17862 3043 2055 9358 
17863 305 2055 9359 
17864 2055 3043 9359 
17865 3043 305 9359 
17866 104 2008 9360 
17867 2008 3120 9360 
17868 3120 104 9360 
17869 2771 995 9361 
17870 995 3448 9361 
17871 3448 2771 9361 
17872 1745 2200 9362 
17873 2200 3098 9362 
17874 3098 1745 9362 
17875 2149 457 9363 
17876 457 3269 9363 
17877 3269 2149 9363 
17878 794 2328 9364 
17879 2328 3361 9364 
17880 3361 794 9364 
17881 2087 886 9365 
17882 886 2752 9365 
17883 2752 2087 9365 
17884 371 2002 9366 
17885 2002 3339 9366 
17886 3339 371 9366 
17887 1971 395 9367 
17888 395 3457 9367 
17889 3457 1971 9367 
17890 821 2416 9368 
17891 2416 3254 9368 
17892 3254 821 9368 
17893 2061 890 9369 
17894 890 3150 9369 
17895 3150 2061 9369 
17896 1969 852 9370 
17897 852 3035 9370 
17898 3035 1969 9370 
17899 1995 265 9371 
17900 265 2947 9371 
17901 2947 1995 9371 
17902 2087 431 9372 
17903 431 3157 9372 
17904 3157 2087 9372 
17905 993 2175 9373 
17906 2175 2958 9373 
17907 2958 993 9373 
17908 2175 746 9374 
17909 746 2958 9374 
17910 2958 2175 9374 
17911 56 1942 9375 
17912 1942 3476 9375 
17913 3476 56 9375 
17914 1160 1911 9376 
17915 1911 3427 9376 
17916 3427 1160 9376 
17917 486 1962 9377 
17918 1962 3099 9377 
17919 3099 486 9377 
17920 1983 377 9378 
17921 377 3093 9378 
17922 3093 1983 9378 
17923 1383 2386 9379 
17924 2386 2829 9379 
17925 2829 1383 9379 
17926 2386 767 9380 
17927 767 2829 9380 
17928 2829 2386 9380 
17929 785 2029 9381 
17930 2029 2891 9381 
17931 2891 785 9381 
17932 1993 654 9382 
17933 654 2977 9382 
17934 2977 1993 9382 
17935 1981 892 9383 
17936 892 3019 9383 
17937 3019 1981 9383 
17938 1964 933 9384 
17939 933 3357 9384 
17940 3357 1964 9384 
17941 2069 899 9385 
17942 899 2799 9385 
17943 2799 2069 9385 
17944 2315 915 9386 
17945 915 2658 9386 
17946 2658 2315 9386 
17947 1502 2304 9387 
17948 2304 3237 9387 
17949 3237 1502 9387 
17950 428 1934 9388 
17951 1934 3426 9388 
17952 3426 428 9388 
17953 1244 2584 9389 
17954 2584 3048 9389 
17955 3048 1244 9389 
17956 2469 262 9390 
17957 262 3019 9390 
17958 3019 2469 9390 
17959 2228 448 9391 
17960 448 2620 9391 
17961 2620 2228 9391 
17962 929 2228 9392 
17963 2228 2620 9392 
17964 2620 929 9392 
17965 3080 1412 9393 
17966 1412 3102 9393 
17967 3102 3080 9393 
17968 2472 1154 9394 
17969 1154 2890 9394 
17970 2890 2472 9394 
17971 2741 894 9395 
17972 894 3437 9395 
17973 3437 2741 9395 
17974 2251 910 9396 
17975 910 2601 9396 
17976 2601 2251 9396 
17977 2142 1038 9397 
17978 1038 3159 9397 
17979 3159 2142 9397 
17980 436 2142 9398 
17981 2142 3159 9398 
17982 3159 436 9398 
17983 2320 317 9399 
17984 317 3204 9399 
17985 3204 2320 9399 
17986 2653 591 9400 
17987 591 3385 9400 
17988 3385 2653 9400 
17989 2373 877 9401 
17990 877 3260 9401 
17991 3260 2373 9401 
17992 1529 3206 9402 
17993 3206 3238 9402 
17994 3238 1529 9402 
17995 3206 638 9403 
17996 638 3238 9403 
17997 3238 3206 9403 
17998 2221 973 9404 
17999 973 2827 9404 
18000 2827 2221 9404 
18001 274 2221 9405 
18002 2221 2827 9405 
18003 2827 274 9405 
18004 1434 2320 9406 
18005 2320 3204 9406 
18006 3204 1434 9406 
18007 2525 1506 9407 
18008 1506 3275 9407 
18009 3275 2525 9407 
18010 438 2341 9408 
18011 2341 3036 9408 
18012 3036 438 9408 
18013 943 2822 9409 
18014 2822 2901 9409 
18015 2901 943 9409 
18016 2822 1241 9410 
18017 1241 2901 9410 
18018 2901 2822 9410 
18019 944 3080 9411 
18020 3080 3102 9411 
18021 3102 944 9411 
18022 912 2205 9412 
18023 2205 3226 9412 
18024 3226 912 9412 
18025 853 1948 9413 
18026 1948 3395 9413 
18027 3395 853 9413 
18028 2467 1102 9414 
18029 1102 3266 9414 
18030 3266 2467 9414 
18031 818 2358 9415 
18032 2358 2828 9415 
18033 2828 818 9415 
18034 2169 2970 9416 
18035 2970 3458 9416 
18036 3458 2169 9416 
18037 565 2691 9417 
18038 2691 3409 9417 
18039 3409 565 9417 
18040 265 1995 9418 
18041 1995 3305 9418 
18042 3305 265 9418 
18043 1995 1001 9419 
18044 1001 3305 9419 
18045 3305 1995 9419 
18046 2051 306 9420 
18047 306 3010 9420 
18048 3010 2051 9420 
18049 959 2051 9421 
18050 2051 3010 9421 
18051 3010 959 9421 
18052 1392 2202 9422 
18053 2202 3393 9422 
18054 3393 1392 9422 
18055 910 2488 9423 
18056 2488 3440 9423 
18057 3440 910 9423 
18058 2405 1062 9424 
18059 1062 2538 9424 
18060 2538 2405 9424 
18061 890 2227 9425 
18062 2227 2639 9425 
18063 2639 890 9425 
18064 905 2316 9426 
18065 2316 3057 9426 
18066 3057 905 9426 
18067 2108 770 9427 
18068 770 3033 9427 
18069 3033 2108 9427 
18070 3145 1306 9428 
18071 1306 3440 9428 
18072 3440 3145 9428 
18073 1934 963 9429 
18074 963 3426 9429 
18075 3426 1934 9429 
18076 2089 1113 9430 
18077 1113 2849 9430 
18078 2849 2089 9430 
18079 276 2196 9431 
18080 2196 3473 9431 
18081 3473 276 9431 
18082 906 2315 9432 
18083 2315 3108 9432 
18084 3108 906 9432 
18085 2517 910 9433 
18086 910 3440 9433 
18087 3440 2517 9433 
18088 1206 1944 9434 
18089 1944 3321 9434 
18090 3321 1206 9434 
18091 1089 2352 9435 
18092 2352 3070 9435 
18093 3070 1089 9435 
18094 420 2057 9436 
18095 2057 2908 9436 
18096 2908 420 9436 
18097 1656 2217 9437 
18098 2217 3083 9437 
18099 3083 1656 9437 
18100 478 1965 9438 
18101 1965 3149 9438 
18102 3149 478 9438 
18103 521 2190 9439 
18104 2190 2725 9439 
18105 2725 521 9439 
18106 301 1938 9440 
18107 1938 3371 9440 
18108 3371 301 9440 
18109 2748 355 9441 
18110 355 3345 9441 
18111 3345 2748 9441 
18112 900 2439 9442 
18113 2439 2540 9442 
18114 2540 900 9442 
18115 2278 1040 9443 
18116 1040 2960 9443 
18117 2960 2278 9443 
18118 1380 2278 9444 
18119 2278 2960 9444 
18120 2960 1380 9444 
18121 280 3171 9445 
18122 3171 3229 9445 
18123 3229 280 9445 
18124 1942 1462 9446 
18125 1462 3476 9446 
18126 3476 1942 9446 
18127 752 2253 9447 
18128 2253 2831 9447 
18129 2831 752 9447 
18130 3060 1061 9448 
18131 1061 3299 9448 
18132 3299 3060 9448 
18133 1373 2748 9449 
18134 2748 3345 9449 
18135 3345 1373 9449 
18136 811 2480 9450 
18137 2480 2549 9450 
18138 2549 811 9450 
18139 1944 388 9451 
18140 388 3450 9451 
18141 3450 1944 9451 
18142 2508 508 9452 
18143 508 3327 9452 
18144 3327 2508 9452 
18145 1593 2575 9453 
18146 2575 3028 9453 
18147 3028 1593 9453 
18148 3059 1379 9454 
18149 1379 3066 9454 
18150 3066 3059 9454 
18151 1017 3059 9455 
18152 3059 3066 9455 
18153 3066 1017 9455 
18154 451 2074 9456 
18155 2074 3410 9456 
18156 3410 451 9456 
18157 2610 961 9457 
18158 961 2900 9457 
18159 2900 2610 9457 
18160 1956 469 9458 
18161 469 3367 9458 
18162 3367 1956 9458 
18163 2352 527 9459 
18164 527 3070 9459 
18165 3070 2352 9459 
18166 528 2338 9460 
18167 2338 3225 9460 
18168 3225 528 9460 
18169 2395 1224 9461 
18170 1224 2702 9461 
18171 2702 2395 9461 
18172 1113 2124 9462 
18173 2124 2834 9462 
18174 2834 1113 9462 
18175 2334 285 9463 
18176 285 2669 9463 
18177 2669 2334 9463 
18178 2064 763 9464 
18179 763 2951 9464 
18180 2951 2064 9464 
18181 379 1964 9465 
18182 1964 3357 9465 
18183 3357 379 9465 
18184 1916 703 9466 
18185 703 3243 9466 
18186 3243 1916 9466 
18187 1471 2723 9467 
18188 2723 2962 9467 
18189 2962 1471 9467 
18190 457 2072 9468 
18191 2072 2939 9468 
18192 2939 457 9468 
18193 2008 1120 9469 
18194 1120 3120 9469 
18195 3120 2008 9469 
18196 2054 430 9470 
18197 430 3126 9470 
18198 3126 2054 9470 
18199 972 2054 9471 
18200 2054 3126 9471 
18201 3126 972 9471 
18202 783 2454 9472 
18203 2454 3224 9472 
18204 3224 783 9472 
18205 2454 1195 9473 
18206 1195 3224 9473 
18207 3224 2454 9473 
18208 1068 2945 9474 
18209 2945 3287 9474 
18210 3287 1068 9474 
18211 2024 1144 9475 
18212 1144 3220 9475 
18213 3220 2024 9475 
18214 1986 930 9476 
18215 930 3239 9476 
18216 3239 1986 9476 
18217 1979 1179 9477 
18218 1179 3255 9477 
18219 3255 1979 9477 
18220 1983 930 9478 
18221 930 3300 9478 
18222 3300 1983 9478 
18223 2229 838 9479 
18224 838 2738 9479 
18225 2738 2229 9479 
18226 2480 1341 9480 
18227 1341 2549 9480 
18228 2549 2480 9480 
18229 747 1990 9481 
18230 1990 3207 9481 
18231 3207 747 9481 
18232 1295 2171 9482 
18233 2171 3390 9482 
18234 3390 1295 9482 
18235 1429 1977 9483 
18236 1977 3254 9483 
18237 3254 1429 9483 
18238 2211 468 9484 
18239 468 2768 9484 
18240 2768 2211 9484 
18241 2612 1249 9485 
18242 1249 3121 9485 
18243 3121 2612 9485 
18244 532 2612 9486 
18245 2612 3121 9486 
18246 3121 532 9486 
18247 2220 425 9487 
18248 425 2757 9487 
18249 2757 2220 9487 
18250 2321 1061 9488 
18251 1061 3060 9488 
18252 3060 2321 9488 
18253 2236 894 9489 
18254 894 2741 9489 
18255 2741 2236 9489 
18256 2432 841 9490 
18257 841 3031 9490 
18258 3031 2432 9490 
18259 2333 319 9491 
18260 319 3252 9491 
18261 3252 2333 9491 
18262 937 2106 9492 
18263 2106 2923 9492 
18264 2923 937 9492 
18265 995 2204 9493 
18266 2204 3016 9493 
18267 3016 995 9493 
18268 2204 515 9494 
18269 515 3016 9494 
18270 3016 2204 9494 
18271 284 2321 9495 
18272 2321 3060 9495 
18273 3060 284 9495 
18274 2275 957 9496 
18275 957 3329 9496 
18276 3329 2275 9496 
18277 209 2082 9497 
18278 2082 3297 9497 
18279 3297 209 9497 
18280 2133 366 9498 
18281 366 3006 9498 
18282 3006 2133 9498 
18283 2881 1339 9499 
18284 1339 3177 9499 
18285 3177 2881 9499 
18286 1009 2881 9500 
18287 2881 3177 9500 
18288 3177 1009 9500 
18289 497 1986 9501 
18290 1986 3239 9501 
18291 3239 497 9501 
18292 1157 2783 9502 
18293 2783 3277 9502 
18294 3277 1157 9502 
18295 2305 433 9503 
18296 433 2680 9503 
18297 2680 2305 9503 
18298 915 2524 9504 
18299 2524 2658 9504 
18300 2658 915 9504 
18301 1293 2240 9505 
18302 2240 2760 9505 
18303 2760 1293 9505 
18304 505 2134 9506 
18305 2134 3131 9506 
18306 3131 505 9506 
18307 472 2110 9507 
18308 2110 2959 9507 
18309 2959 472 9507 
18310 1027 2304 9508 
18311 2304 2987 9508 
18312 2987 1027 9508 
18313 2304 95 9509 
18314 95 2987 9509 
18315 2987 2304 9509 
18316 3008 1326 9510 
18317 1326 3034 9510 
18318 3034 3008 9510 
18319 354 3008 9511 
18320 3008 3034 9511 
18321 3034 354 9511 
18322 2340 905 9512 
18323 905 2662 9512 
18324 2662 2340 9512 
18325 310 2273 9513 
18326 2273 2736 9513 
18327 2736 310 9513 
18328 1190 3384 9514 
18329 3384 3409 9514 
18330 3409 1190 9514 
18331 2450 456 9515 
18332 456 2649 9515 
18333 2649 2450 9515 
18334 920 1971 9516 
18335 1971 3457 9516 
18336 3457 920 9516 
18337 2136 1230 9517 
18338 1230 3452 9517 
18339 3452 2136 9517 
18340 1374 2021 9518 
18341 2021 3187 9518 
18342 3187 1374 9518 
18343 1115 2235 9519 
18344 2235 2902 9519 
18345 2902 1115 9519 
18346 2235 755 9520 
18347 755 2902 9520 
18348 2902 2235 9520 
18349 950 2295 9521 
18350 2295 2708 9521 
18351 2708 950 9521 
18352 1371 2416 9522 
18353 2416 2810 9522 
18354 2810 1371 9522 
18355 1151 2333 9523 
18356 2333 3252 9523 
18357 3252 1151 9523 
18358 2085 959 9524 
18359 959 3010 9524 
18360 3010 2085 9524 
18361 1065 2005 9525 
18362 2005 3258 9525 
18363 3258 1065 9525 
18364 2109 520 9526 
18365 520 2970 9526 
18366 2970 2109 9526 
18367 543 2703 9527 
18368 2703 3428 9527 
18369 3428 543 9527 
18370 2703 1356 9528 
18371 1356 3428 9528 
18372 3428 2703 9528 
18373 1455 2292 9529 
18374 2292 2790 9529 
18375 2790 1455 9529 
18376 1287 2223 9530 
18377 2223 2789 9530 
18378 2789 1287 9530 
18379 2938 1128 9531 
18380 1128 3466 9531 
18381 3466 2938 9531 
18382 2141 68 9532 
18383 68 3442 9532 
18384 3442 2141 9532 
18385 2109 774 9533 
18386 774 2980 9533 
18387 2980 2109 9533 
18388 2062 534 9534 
18389 534 3065 9534 
18390 3065 2062 9534 
18391 2146 776 9535 
18392 776 2897 9535 
18393 2897 2146 9535 
18394 824 2215 9536 
18395 2215 2808 9536 
18396 2808 824 9536 
18397 2021 717 9537 
18398 717 3228 9537 
18399 3228 2021 9537 
18400 2348 858 9538 
18401 858 2672 9538 
18402 2672 2348 9538 
18403 969 2761 9539 
18404 2761 3245 9539 
18405 3245 969 9539 
18406 1247 2179 9540 
18407 2179 3095 9540 
18408 3095 1247 9540 
18409 1975 1076 9541 
18410 1076 3477 9541 
18411 3477 1975 9541 
18412 3087 1118 9542 
18413 1118 3454 9542 
18414 3454 3087 9542 
18415 424 2052 9543 
18416 2052 3123 9543 
18417 3123 424 9543 
18418 2520 867 9544 
18419 867 3330 9544 
18420 3330 2520 9544 
18421 318 2215 9545 
18422 2215 3441 9545 
18423 3441 318 9545 
18424 1579 2385 9546 
18425 2385 3001 9546 
18426 3001 1579 9546 
18427 313 2262 9547 
18428 2262 3194 9547 
18429 3194 313 9547 
18430 2052 959 9548 
18431 959 3123 9548 
18432 3123 2052 9548 
18433 915 2341 9549 
18434 2341 2701 9549 
18435 2701 915 9549 
18436 798 2419 9550 
18437 2419 2895 9550 
18438 2895 798 9550 
18439 2119 485 9551 
18440 485 3275 9551 
18441 3275 2119 9551 
18442 1030 2119 9552 
18443 2119 3275 9552 
18444 3275 1030 9552 
18445 1248 2514 9553 
18446 2514 3318 9553 
18447 3318 1248 9553 
18448 454 2070 9554 
18449 2070 3439 9554 
18450 3439 454 9554 
18451 2070 1049 9555 
18452 1049 3439 9555 
18453 3439 2070 9555 
18454 496 2428 9556 
18455 2428 2638 9556 
18456 2638 496 9556 
18457 2027 1162 9557 
18458 1162 3225 9557 
18459 3225 2027 9557 
18460 2290 333 9558 
18461 333 2993 9558 
18462 2993 2290 9558 
18463 1566 2505 9559 
18464 2505 2830 9559 
18465 2830 1566 9559 
18466 2505 898 9560 
18467 898 2830 9560 
18468 2830 2505 9560 
18469 84 2161 9561 
18470 2161 2920 9561 
18471 2920 84 9561 
18472 1007 2383 9562 
18473 2383 2808 9562 
18474 2808 1007 9562 
18475 770 2272 9563 
18476 2272 3033 9563 
18477 3033 770 9563 
18478 2744 1111 9564 
18479 1111 3118 9564 
18480 3118 2744 9564 
18481 2169 451 9565 
18482 451 3410 9565 
18483 3410 2169 9565 
18484 2215 1132 9566 
18485 1132 3441 9566 
18486 3441 2215 9566 
18487 1190 2821 9567 
18488 2821 3384 9567 
18489 3384 1190 9567 
18490 2461 936 9568 
18491 936 3419 9568 
18492 3419 2461 9568 
18493 2132 462 9569 
18494 462 3348 9569 
18495 3348 2132 9569 
18496 1055 2132 9570 
18497 2132 3348 9570 
18498 3348 1055 9570 
18499 328 2061 9571 
18500 2061 3150 9571 
18501 3150 328 9571 
18502 2018 503 9572 
18503 503 3318 9572 
18504 3318 2018 9572 
18505 929 2252 9573 
18506 2252 2819 9573 
18507 2819 929 9573 
18508 867 2307 9574 
18509 2307 2762 9574 
18510 2762 867 9574 
18511 2253 1299 9575 
18512 1299 2831 9575 
18513 2831 2253 9575 
18514 951 2450 9576 
18515 2450 2649 9576 
18516 2649 951 9576 
18517 2019 1225 9577 
18518 1225 3310 9577 
18519 3310 2019 9577 
18520 2350 874 9578 
18521 874 2909 9578 
18522 2909 2350 9578 
18523 2383 824 9579 
18524 824 2808 9579 
18525 2808 2383 9579 
18526 314 2245 9580 
18527 2245 3331 9580 
18528 3331 314 9580 
18529 2319 1597 9581 
18530 1597 3252 9581 
18531 3252 2319 9581 
18532 2381 893 9582 
18533 893 2712 9582 
18534 2712 2381 9582 
18535 1667 2972 9583 
18536 2972 3407 9583 
18537 3407 1667 9583 
18538 2467 389 9584 
18539 389 2879 9584 
18540 2879 2467 9584 
18541 2083 846 9585 
18542 846 3109 9585 
18543 3109 2083 9585 
18544 2343 543 9586 
18545 543 3428 9586 
18546 3428 2343 9586 
18547 1186 2343 9587 
18548 2343 3428 9587 
18549 3428 1186 9587 
18550 468 2518 9588 
18551 2518 2768 9588 
18552 2768 468 9588 
18553 1115 2902 9589 
18554 2902 3364 9589 
18555 3364 1115 9589 
18556 2809 969 9590 
18557 969 2869 9590 
18558 2869 2809 9590 
18559 2169 927 9591 
18560 927 2970 9591 
18561 2970 2169 9591 
18562 2103 1166 9592 
18563 1166 3200 9592 
18564 3200 2103 9592 
18565 52 2103 9593 
18566 2103 3200 9593 
18567 3200 52 9593 
18568 2237 861 9594 
18569 861 2917 9594 
18570 2917 2237 9594 
18571 2247 761 9595 
18572 761 2928 9595 
18573 2928 2247 9595 
18574 2039 1145 9596 
18575 1145 3259 9596 
18576 3259 2039 9596 
18577 1192 2809 9597 
18578 2809 2869 9597 
18579 2869 1192 9597 
18580 2503 1224 9598 
18581 1224 3002 9598 
18582 3002 2503 9598 
18583 671 2503 9599 
18584 2503 3002 9599 
18585 3002 671 9599 
18586 2067 539 9600 
18587 539 3184 9600 
18588 3184 2067 9600 
18589 2490 991 9601 
18590 991 2706 9601 
18591 2706 2490 9601 
18592 559 2490 9602 
18593 2490 2706 9602 
18594 2706 559 9602 
18595 2042 1032 9603 
18596 1032 3229 9603 
18597 3229 2042 9603 
18598 2336 969 9604 
18599 969 2809 9604 
18600 2809 2336 9604 
18601 2470 942 9605 
18602 942 3463 9605 
18603 3463 2470 9605 
18604 1338 2563 9606 
18605 2563 3226 9606 
18606 3226 1338 9606 
18607 315 2213 9607 
18608 2213 3380 9607 
18609 3380 315 9607 
18610 1263 2239 9608 
18611 2239 3378 9608 
18612 3378 1263 9608 
18613 886 2087 9609 
18614 2087 3157 9609 
18615 3157 886 9609 
18616 1132 2215 9610 
18617 2215 2927 9610 
18618 2927 1132 9610 
18619 2239 317 9611 
18620 317 3378 9611 
18621 3378 2239 9611 
18622 500 2336 9612 
18623 2336 2809 9612 
18624 2809 500 9612 
18625 2093 1453 9613 
18626 1453 3151 9613 
18627 3151 2093 9613 
18628 319 2319 9614 
18629 2319 3252 9614 
18630 3252 319 9614 
18631 2200 703 9615 
18632 703 3098 9615 
18633 3098 2200 9615 
18634 1442 3286 9616 
18635 3286 3304 9616 
18636 3304 1442 9616 
18637 2774 1020 9617 
18638 1020 3092 9617 
18639 3092 2774 9617 
18640 945 2863 9618 
18641 2863 3347 9618 
18642 3347 945 9618 
18643 1063 2853 9619 
18644 2853 3483 9619 
18645 3483 1063 9619 
18646 2682 1084 9620 
18647 1084 3205 9620 
18648 3205 2682 9620 
18649 947 2190 9621 
18650 2190 3265 9621 
18651 3265 947 9621 
18652 2213 1097 9622 
18653 1097 3380 9622 
18654 3380 2213 9622 
18655 2214 884 9623 
18656 884 3392 9623 
18657 3392 2214 9623 
18658 320 2516 9624 
18659 2516 2865 9624 
18660 2865 320 9624 
18661 2516 1046 9625 
18662 1046 2865 9625 
18663 2865 2516 9625 
18664 1236 2739 9626 
18665 2739 3127 9626 
18666 3127 1236 9626 
18667 2739 266 9627 
18668 266 3127 9627 
18669 3127 2739 9627 
18670 2030 706 9628 
18671 706 3447 9628 
18672 3447 2030 9628 
18673 2068 487 9629 
18674 487 3423 9629 
18675 3423 2068 9629 
18676 1265 2216 9630 
18677 2216 2982 9630 
18678 2982 1265 9630 
18679 1285 2477 9631 
18680 2477 2687 9631 
18681 2687 1285 9631 
18682 451 2169 9632 
18683 2169 3180 9632 
18684 3180 451 9632 
18685 2499 1243 9633 
18686 1243 2974 9633 
18687 2974 2499 9633 
18688 356 2499 9634 
18689 2499 2974 9634 
18690 2974 356 9634 
18691 2169 998 9635 
18692 998 3180 9635 
18693 3180 2169 9635 
18694 2422 399 9636 
18695 399 2746 9636 
18696 2746 2422 9636 
18697 121 2178 9637 
18698 2178 3069 9637 
18699 3069 121 9637 
18700 2043 1219 9638 
18701 1219 3363 9638 
18702 3363 2043 9638 
18703 2524 1054 9639 
18704 1054 2658 9639 
18705 2658 2524 9639 
18706 1003 2030 9640 
18707 2030 3447 9640 
18708 3447 1003 9640 
18709 1129 2247 9641 
18710 2247 2928 9641 
18711 2928 1129 9641 
18712 946 2294 9642 
18713 2294 2886 9642 
18714 2886 946 9642 
18715 2331 1234 9643 
18716 1234 3484 9643 
18717 3484 2331 9643 
18718 1048 2121 9644 
18719 2121 3122 9644 
18720 3122 1048 9644 
18721 1214 2916 9645 
18722 2916 3301 9645 
18723 3301 1214 9645 
18724 2916 1361 9646 
18725 1361 3301 9646 
18726 3301 2916 9646 
18727 2221 274 9647 
18728 274 2961 9647 
18729 2961 2221 9647 
18730 57 2162 9648 
18731 2162 3125 9648 
18732 3125 57 9648 
18733 2162 983 9649 
18734 983 3125 9649 
18735 3125 2162 9649 
18736 1212 2417 9650 
18737 2417 3491 9650 
18738 3491 1212 9650 
18739 2506 387 9651 
18740 387 3478 9651 
18741 3478 2506 9651 
18742 3044 1250 9652 
18743 1250 3175 9652 
18744 3175 3044 9652 
18745 337 3213 9653 
18746 3213 3294 9653 
18747 3294 337 9653 
18748 1366 2905 9654 
18749 2905 2942 9654 
18750 2942 1366 9654 
18751 2177 244 9655 
18752 244 3032 9655 
18753 3032 2177 9655 
18754 2905 923 9656 
18755 923 2942 9656 
18756 2942 2905 9656 
18757 957 2670 9657 
18758 2670 3375 9657 
18759 3375 957 9657 
18760 2563 912 9658 
18761 912 3226 9658 
18762 3226 2563 9658 
18763 2508 882 9659 
18764 882 2689 9659 
18765 2689 2508 9659 
18766 502 2328 9660 
18767 2328 2849 9660 
18768 2849 502 9660 
18769 2417 35 9661 
18770 35 3491 9661 
18771 3491 2417 9661 
18772 2591 750 9662 
18773 750 3359 9662 
18774 3359 2591 9662 
18775 1382 2431 9663 
18776 2431 3060 9663 
18777 3060 1382 9663 
18778 2343 1152 9664 
18779 1152 3405 9664 
18780 3405 2343 9664 
18781 543 2343 9665 
18782 2343 3405 9665 
18783 3405 543 9665 
18784 2134 926 9666 
18785 926 3131 9666 
18786 3131 2134 9666 
18787 3191 1063 9667 
18788 1063 3483 9667 
18789 3483 3191 9667 
18790 729 2041 9668 
18791 2041 3456 9668 
18792 3456 729 9668 
18793 2860 1191 9669 
18794 1191 2876 9669 
18795 2876 2860 9669 
18796 997 2860 9670 
18797 2860 2876 9670 
18798 2876 997 9670 
18799 2082 1189 9671 
18800 1189 3297 9671 
18801 3297 2082 9671 
18802 369 2129 9672 
18803 2129 3326 9672 
18804 3326 369 9672 
18805 1340 2049 9673 
18806 2049 3444 9673 
18807 3444 1340 9673 
18808 2446 1002 9674 
18809 1002 2924 9674 
18810 2924 2446 9674 
18811 877 2373 9675 
18812 2373 2835 9675 
18813 2835 877 9675 
18814 1116 2353 9676 
18815 2353 3277 9676 
18816 3277 1116 9676 
18817 2353 549 9677 
18818 549 3277 9677 
18819 3277 2353 9677 
18820 1525 2425 9678 
18821 2425 2903 9678 
18822 2903 1525 9678 
18823 2117 918 9679 
18824 918 3221 9679 
18825 3221 2117 9679 
18826 2772 957 9680 
18827 957 3375 9680 
18828 3375 2772 9680 
18829 1218 2392 9681 
18830 2392 2870 9681 
18831 2870 1218 9681 
18832 2750 988 9682 
18833 988 2759 9682 
18834 2759 2750 9682 
18835 3016 1309 9683 
18836 1309 3117 9683 
18837 3117 3016 9683 
18838 995 3016 9684 
18839 3016 3117 9684 
18840 3117 995 9684 
18841 1093 2750 9685 
18842 2750 2759 9685 
18843 2759 1093 9685 
18844 282 2697 9686 
18845 2697 3390 9686 
18846 3390 282 9686 
18847 1010 2362 9687 
18848 2362 3000 9687 
18849 3000 1010 9687 
18850 2362 692 9688 
18851 692 3000 9688 
18852 3000 2362 9688 
18853 3286 340 9689 
18854 340 3304 9689 
18855 3304 3286 9689 
18856 1222 2412 9690 
18857 2412 2961 9690 
18858 2961 1222 9690 
18859 2912 1002 9691 
18860 1002 3378 9691 
18861 3378 2912 9691 
18862 2065 315 9692 
18863 315 3380 9692 
18864 3380 2065 9692 
18865 2404 510 9693 
18866 510 2927 9693 
18867 2927 2404 9693 
18868 3053 1381 9694 
18869 1381 3272 9694 
18870 3272 3053 9694 
18871 2294 565 9695 
18872 565 2886 9695 
18873 2886 2294 9695 
18874 1180 2115 9696 
18875 2115 3236 9696 
18876 3236 1180 9696 
18877 2699 1191 9697 
18878 1191 2860 9697 
18879 2860 2699 9697 
18880 332 2699 9698 
18881 2699 2860 9698 
18882 2860 332 9698 
18883 2697 1295 9699 
18884 1295 3390 9699 
18885 3390 2697 9699 
18886 387 2506 9700 
18887 2506 3482 9700 
18888 3482 387 9700 
18889 2506 1234 9701 
18890 1234 3482 9701 
18891 3482 2506 9701 
18892 605 2123 9702 
18893 2123 3347 9702 
18894 3347 605 9702 
18895 1234 2507 9703 
18896 2507 3484 9703 
18897 3484 1234 9703 
18898 2507 493 9704 
18899 493 3484 9704 
18900 3484 2507 9704 
18901 513 3053 9705 
18902 3053 3272 9705 
18903 3272 513 9705 
18904 1357 2245 9706 
18905 2245 3100 9706 
18906 3100 1357 9706 
18907 1010 3000 9707 
18908 3000 3145 9707 
18909 3145 1010 9707 
18910 3000 1306 9708 
18911 1306 3145 9708 
18912 3145 3000 9708 
18913 2245 1272 9709 
18914 1272 3100 9709 
18915 3100 2245 9709 
18916 2323 182 9710 
18917 182 3309 9710 
18918 3309 2323 9710 
18919 1104 2323 9711 
18920 2323 3309 9711 
18921 3309 1104 9711 
18922 2217 1011 9712 
18923 1011 3083 9712 
18924 3083 2217 9712 
18925 1307 2926 9713 
18926 2926 3223 9713 
18927 3223 1307 9713 
18928 2926 175 9714 
18929 175 3223 9714 
18930 3223 2926 9714 
18931 639 2121 9715 
18932 2121 3480 9715 
18933 3480 639 9715 
18934 2121 1048 9716 
18935 1048 3480 9716 
18936 3480 2121 9716 
18937 2705 980 9717 
18938 980 3359 9717 
18939 3359 2705 9717 
18940 516 2446 9718 
18941 2446 2924 9718 
18942 2924 516 9718 
18943 2819 572 9719 
18944 572 3114 9719 
18945 3114 2819 9719 
18946 800 2124 9720 
18947 2124 3282 9720 
18948 3282 800 9720 
18949 807 2258 9721 
18950 2258 3015 9721 
18951 3015 807 9721 
18952 942 2290 9722 
18953 2290 2993 9722 
18954 2993 942 9722 
18955 835 2078 9723 
18956 2078 3472 9723 
18957 3472 835 9723 
18958 427 3145 9724 
18959 3145 3440 9724 
18960 3440 427 9724 
18961 2513 511 9725 
18962 511 3045 9725 
18963 3045 2513 9725 
18964 2272 1123 9726 
18965 1123 3033 9726 
18966 3033 2272 9726 
18967 2121 639 9727 
18968 639 3330 9727 
18969 3330 2121 9727 
18970 958 2418 9728 
18971 2418 3097 9728 
18972 3097 958 9728 
18973 1020 2904 9729 
18974 2904 3092 9729 
18975 3092 1020 9729 
18976 2180 956 9730 
18977 956 3169 9730 
18978 3169 2180 9730 
18979 1073 2203 9731 
18980 2203 3438 9731 
18981 3438 1073 9731 
18982 2203 737 9732 
18983 737 3438 9732 
18984 3438 2203 9732 
18985 555 2384 9733 
18986 2384 3391 9733 
18987 3391 555 9733 
18988 985 2734 9734 
18989 2734 3335 9734 
18990 3335 985 9734 
18991 445 3462 9735 
18992 3462 3489 9735 
18993 3489 445 9735 
18994 2202 489 9736 
18995 489 3158 9736 
18996 3158 2202 9736 
18997 2473 1079 9737 
18998 1079 3485 9737 
18999 3485 2473 9737 
19000 2436 958 9738 
19001 958 3097 9738 
19002 3097 2436 9738 
19003 1031 2228 9739 
19004 2228 3114 9739 
19005 3114 1031 9739 
19006 2155 111 9740 
19007 111 3260 9740 
19008 3260 2155 9740 
19009 2542 313 9741 
19010 313 3194 9741 
19011 3194 2542 9741 
19012 422 2223 9742 
19013 2223 3128 9742 
19014 3128 422 9742 
19015 2282 1057 9743 
19016 1057 3293 9743 
19017 3293 2282 9743 
19018 334 2282 9744 
19019 2282 3293 9744 
19020 3293 334 9744 
19021 2526 1250 9745 
19022 1250 3044 9745 
19023 3044 2526 9745 
19024 1071 2186 9746 
19025 2186 3465 9746 
19026 3465 1071 9746 
19027 2186 557 9747 
19028 557 3465 9747 
19029 3465 2186 9747 
19030 2419 1277 9748 
19031 1277 2895 9748 
19032 2895 2419 9748 
19033 2759 988 9749 
19034 988 3435 9749 
19035 3435 2759 9749 
19036 2237 375 9750 
19037 375 3147 9750 
19038 3147 2237 9750 
19039 922 2344 9751 
19040 2344 2994 9751 
19041 2994 922 9751 
19042 2425 965 9752 
19043 965 2903 9752 
19044 2903 2425 9752 
19045 778 2279 9753 
19046 2279 3362 9753 
19047 3362 778 9753 
19048 789 2269 9754 
19049 2269 3088 9754 
19050 3088 789 9754 
19051 1143 2255 9755 
19052 2255 3142 9755 
19053 3142 1143 9755 
19054 402 2585 9756 
19055 2585 3142 9756 
19056 3142 402 9756 
19057 2316 914 9757 
19058 914 3022 9757 
19059 3022 2316 9757 
19060 2279 1080 9758 
19061 1080 3362 9758 
19062 3362 2279 9758 
19063 517 2468 9759 
19064 2468 3219 9759 
19065 3219 517 9759 
19066 2527 337 9760 
19067 337 3294 9760 
19068 3294 2527 9760 
19069 2128 808 9761 
19070 808 3401 9761 
19071 3401 2128 9761 
19072 1094 2366 9762 
19073 2366 3453 9762 
19074 3453 1094 9762 
19075 845 2112 9763 
19076 2112 3473 9763 
19077 3473 845 9763 
19078 2135 309 9764 
19079 309 3383 9764 
19080 3383 2135 9764 
19081 2825 985 9765 
19082 985 3335 9765 
19083 3335 2825 9765 
19084 2585 1143 9766 
19085 1143 3142 9766 
19086 3142 2585 9766 
19087 1102 2467 9767 
19088 2467 2879 9767 
19089 2879 1102 9767 
19090 2428 496 9768 
19091 496 2973 9768 
19092 2973 2428 9768 
19093 1002 2428 9769 
19094 2428 2973 9769 
19095 2973 1002 9769 
19096 2175 993 9770 
19097 993 3420 9770 
19098 3420 2175 9770 
19099 836 2142 9771 
19100 2142 3368 9771 
19101 3368 836 9771 
19102 2377 536 9772 
19103 536 2988 9772 
19104 2988 2377 9772 
19105 2205 554 9773 
19106 554 3226 9773 
19107 3226 2205 9773 
19108 2190 521 9774 
19109 521 3265 9774 
19110 3265 2190 9774 
19111 2295 509 9775 
19112 509 3283 9775 
19113 3283 2295 9775 
19114 2707 512 9776 
19115 512 2940 9776 
19116 2940 2707 9776 
19117 1182 2707 9777 
19118 2707 2940 9777 
19119 2940 1182 9777 
19120 2521 289 9778 
19121 289 3486 9778 
19122 3486 2521 9778 
19123 957 2772 9779 
19124 2772 3329 9779 
19125 3329 957 9779 
19126 2540 1019 9780 
19127 1019 3249 9780 
19128 3249 2540 9780 
19129 2423 542 9781 
19130 542 3273 9781 
19131 3273 2423 9781 
19132 1106 2423 9782 
19133 2423 3273 9782 
19134 3273 1106 9782 
19135 2316 490 9783 
19136 490 3057 9783 
19137 3057 2316 9783 
19138 972 2325 9784 
19139 2325 3043 9784 
19140 3043 972 9784 
19141 2274 1098 9785 
19142 1098 3192 9785 
19143 3192 2274 9785 
19144 2130 630 9786 
19145 630 3448 9786 
19146 3448 2130 9786 
19147 2384 1343 9787 
19148 1343 3371 9787 
19149 3371 2384 9787 
19150 2341 906 9788 
19151 906 3036 9788 
19152 3036 2341 9788 
19153 500 3091 9789 
19154 3091 3299 9789 
19155 3299 500 9789 
19156 1306 2517 9790 
19157 2517 3440 9790 
19158 3440 1306 9790 
19159 2367 446 9791 
19160 446 3011 9791 
19161 3011 2367 9791 
19162 3159 1038 9792 
19163 1038 3302 9792 
19164 3302 3159 9792 
19165 1404 3159 9793 
19166 3159 3302 9793 
19167 3302 1404 9793 
19168 3091 1382 9794 
19169 1382 3299 9794 
19170 3299 3091 9794 
19171 949 2295 9795 
19172 2295 3283 9795 
19173 3283 949 9795 
19174 2385 970 9796 
19175 970 3001 9796 
19176 3001 2385 9796 
19177 1686 2360 9797 
19178 2360 3469 9797 
19179 3469 1686 9797 
19180 1213 2141 9798 
19181 2141 3442 9798 
19182 3442 1213 9798 
19183 231 2274 9799 
19184 2274 3192 9799 
19185 3192 231 9799 
19186 981 2281 9800 
19187 2281 3365 9800 
19188 3365 981 9800 
19189 1257 2218 9801 
19190 2218 3240 9801 
19191 3240 1257 9801 
19192 2418 589 9802 
19193 589 3097 9802 
19194 3097 2418 9802 
19195 2940 1036 9803 
19196 1036 2957 9803 
19197 2957 2940 9803 
19198 2600 1441 9804 
19199 1441 3140 9804 
19200 3140 2600 9804 
19201 1168 2653 9805 
19202 2653 3385 9805 
19203 3385 1168 9805 
19204 1118 3044 9806 
19205 3044 3175 9806 
19206 3175 1118 9806 
19207 2509 946 9807 
19208 946 2886 9807 
19209 2886 2509 9807 
19210 2262 1725 9808 
19211 1725 3194 9808 
19212 3194 2262 9808 
19213 2649 456 9809 
19214 456 2907 9809 
19215 2907 2649 9809 
19216 1266 2794 9810 
19217 2794 3089 9810 
19218 3089 1266 9810 
19219 1312 2166 9811 
19220 2166 3394 9811 
19221 3394 1312 9811 
19222 986 2368 9812 
19223 2368 3203 9812 
19224 3203 986 9812 
19225 942 2993 9813 
19226 2993 3463 9813 
19227 3463 942 9813 
19228 2406 446 9814 
19229 446 3042 9814 
19230 3042 2406 9814 
19231 2585 847 9815 
19232 847 3181 9815 
19233 3181 2585 9815 
19234 768 2099 9816 
19235 2099 3453 9816 
19236 3453 768 9816 
19237 1322 2442 9817 
19238 2442 3038 9817 
19239 3038 1322 9817 
19240 2442 523 9818 
19241 523 3038 9818 
19242 3038 2442 9818 
19243 2509 367 9819 
19244 367 3296 9819 
19245 3296 2509 9819 
19246 992 2438 9820 
19247 2438 3470 9820 
19248 3470 992 9820 
19249 2315 491 9821 
19250 491 3108 9821 
19251 3108 2315 9821 
19252 2756 1052 9822 
19253 1052 2780 9822 
19254 2780 2756 9822 
19255 927 2169 9823 
19256 2169 3410 9823 
19257 3410 927 9823 
19258 2459 872 9824 
19259 872 2977 9824 
19260 2977 2459 9824 
19261 2304 1027 9825 
19262 1027 3237 9825 
19263 3237 2304 9825 
19264 914 2693 9826 
19265 2693 3022 9826 
19266 3022 914 9826 
19267 2693 1131 9827 
19268 1131 3022 9827 
19269 3022 2693 9827 
19270 2366 768 9828 
19271 768 3453 9828 
19272 3453 2366 9828 
19273 2423 1106 9829 
19274 1106 3488 9829 
19275 3488 2423 9829 
19276 497 2329 9830 
19277 2329 3021 9830 
19278 3021 497 9830 
19279 1221 2911 9831 
19280 2911 3068 9831 
19281 3068 1221 9831 
19282 2911 321 9832 
19283 321 3068 9832 
19284 3068 2911 9832 
19285 1173 2283 9833 
19286 2283 3189 9833 
19287 3189 1173 9833 
19288 423 2175 9834 
19289 2175 3420 9834 
19290 3420 423 9834 
19291 2794 492 9835 
19292 492 3089 9835 
19293 3089 2794 9835 
19294 2537 1074 9836 
19295 1074 3071 9836 
19296 3071 2537 9836 
19297 463 2537 9837 
19298 2537 3071 9837 
19299 3071 463 9837 
19300 542 2423 9838 
19301 2423 3336 9838 
19302 3336 542 9838 
19303 1006 2803 9839 
19304 2803 3482 9839 
19305 3482 1006 9839 
19306 2796 636 9840 
19307 636 2818 9840 
19308 2818 2796 9840 
19309 2633 512 9841 
19310 512 3044 9841 
19311 3044 2633 9841 
19312 1118 2633 9842 
19313 2633 3044 9842 
19314 3044 1118 9842 
19315 2257 579 9843 
19316 579 3376 9843 
19317 3376 2257 9843 
19318 1043 2257 9844 
19319 2257 3376 9844 
19320 3376 1043 9844 
19321 2309 807 9845 
19322 807 3165 9845 
19323 3165 2309 9845 
19324 1165 2432 9846 
19325 2432 3031 9846 
19326 3031 1165 9846 
19327 2935 734 9847 
19328 734 3266 9847 
19329 3266 2935 9847 
19330 1340 2935 9848 
19331 2935 3266 9848 
19332 3266 1340 9848 
19333 1427 2294 9849 
19334 2294 3355 9849 
19335 3355 1427 9849 
19336 1143 2585 9850 
19337 2585 3181 9850 
19338 3181 1143 9850 
19339 1097 2796 9851 
19340 2796 2818 9851 
19341 2818 1097 9851 
19342 1182 2940 9852 
19343 2940 2957 9852 
19344 2957 1182 9852 
19345 1002 2912 9853 
19346 2912 2924 9853 
19347 2924 1002 9853 
19348 468 2363 9854 
19349 2363 3287 9854 
19350 3287 468 9854 
19351 2363 1068 9855 
19352 1068 3287 9855 
19353 3287 2363 9855 
19354 2912 1193 9856 
19355 1193 2924 9856 
19356 2924 2912 9856 
19357 1113 2834 9857 
19358 2834 2849 9857 
19359 2849 1113 9857 
19360 2834 502 9858 
19361 502 2849 9858 
19362 2849 2834 9858 
19363 1020 2562 9859 
19364 2562 2904 9859 
19365 2904 1020 9859 
19366 1092 2812 9860 
19367 2812 2941 9860 
19368 2941 1092 9860 
19369 278 3183 9861 
19370 3183 3415 9861 
19371 3415 278 9861 
19372 1051 2756 9862 
19373 2756 2780 9862 
19374 2780 1051 9862 
19375 1290 2345 9863 
19376 2345 3147 9863 
19377 3147 1290 9863 
19378 1074 2418 9864 
19379 2418 3071 9864 
19380 3071 1074 9864 
19381 247 2550 9865 
19382 2550 3427 9865 
19383 3427 247 9865 
19384 2431 284 9866 
19385 284 3060 9866 
19386 3060 2431 9866 
19387 2249 1513 9867 
19388 1513 3326 9867 
19389 3326 2249 9867 
19390 2255 1143 9868 
19391 1143 3366 9868 
19392 3366 2255 9868 
19393 451 3180 9869 
19394 3180 3375 9869 
19395 3375 451 9869 
19396 1459 3279 9870 
19397 3279 3376 9870 
19398 3376 1459 9870 
19399 3279 1043 9871 
19400 1043 3376 9871 
19401 3376 3279 9871 
19402 461 2439 9872 
19403 2439 3067 9872 
19404 3067 461 9872 
19405 2811 463 9873 
19406 463 3071 9873 
19407 3071 2811 9873 
19408 883 2482 9874 
19409 2482 3029 9874 
19410 3029 883 9874 
19411 2781 1429 9875 
19412 1429 3336 9875 
19413 3336 2781 9875 
19414 982 2781 9876 
19415 2781 3336 9876 
19416 3336 982 9876 
19417 996 2246 9877 
19418 2246 3412 9877 
19419 3412 996 9877 
19420 1152 2232 9878 
19421 2232 3405 9878 
19422 3405 1152 9878 
19423 2633 1036 9879 
19424 1036 2940 9879 
19425 2940 2633 9879 
19426 86 2610 9880 
19427 2610 2900 9880 
19428 2900 86 9880 
19429 2466 1199 9881 
19430 1199 3245 9881 
19431 3245 2466 9881 
19432 112 2373 9882 
19433 2373 3260 9882 
19434 3260 112 9882 
19435 1178 2521 9883 
19436 2521 3486 9883 
19437 3486 1178 9883 
19438 2716 1253 9884 
19439 1253 3414 9884 
19440 3414 2716 9884 
19441 564 2716 9885 
19442 2716 3414 9885 
19443 3414 564 9885 
19444 495 2466 9886 
19445 2466 3245 9886 
19446 3245 495 9886 
19447 1023 2644 9887 
19448 2644 3152 9887 
19449 3152 1023 9887 
19450 1586 2436 9888 
19451 2436 3097 9888 
19452 3097 1586 9888 
19453 2377 1077 9889 
19454 1077 3172 9889 
19455 3172 2377 9889 
19456 1032 2649 9890 
19457 2649 2907 9890 
19458 2907 1032 9890 
19459 1446 2275 9891 
19460 2275 3329 9891 
19461 3329 1446 9891 
19462 279 2923 9892 
19463 2923 3135 9892 
19464 3135 279 9892 
19465 2266 977 9893 
19466 977 3383 9893 
19467 3383 2266 9893 
19468 1028 2570 9894 
19469 2570 3007 9894 
19470 3007 1028 9894 
19471 2570 1452 9895 
19472 1452 3007 9895 
19473 3007 2570 9895 
19474 862 2522 9896 
19475 2522 3107 9896 
19476 3107 862 9896 
19477 2522 1054 9897 
19478 1054 3107 9897 
19479 3107 2522 9897 
19480 946 2509 9898 
19481 2509 3296 9898 
19482 3296 946 9898 
19483 2913 1176 9899 
19484 1176 3263 9899 
19485 3263 2913 9899 
19486 2368 279 9900 
19487 279 3203 9900 
19488 3203 2368 9900 
19489 1268 2913 9901 
19490 2913 3263 9901 
19491 3263 1268 9901 
19492 2762 324 9902 
19493 324 3122 9902 
19494 3122 2762 9902 
19495 882 2508 9903 
19496 2508 3327 9903 
19497 3327 882 9903 
19498 473 2267 9904 
19499 2267 3406 9904 
19500 3406 473 9904 
19501 2327 1025 9905 
19502 1025 3262 9905 
19503 3262 2327 9905 
19504 2281 410 9906 
19505 410 3365 9906 
19506 3365 2281 9906 
19507 1158 2728 9907 
19508 2728 3165 9907 
19509 3165 1158 9907 
19510 1132 2248 9908 
19511 2248 3441 9908 
19512 3441 1132 9908 
19513 1001 2551 9909 
19514 2551 3306 9909 
19515 3306 1001 9909 
19516 1731 2520 9910 
19517 2520 3330 9910 
19518 3330 1731 9910 
19519 2550 1160 9911 
19520 1160 3427 9911 
19521 3427 2550 9911 
19522 2968 1319 9912 
19523 1319 3300 9912 
19524 3300 2968 9912 
19525 930 2968 9913 
19526 2968 3300 9913 
19527 3300 930 9913 
19528 512 2526 9914 
19529 2526 3044 9914 
19530 3044 512 9914 
19531 512 2633 9915 
19532 2633 2940 9915 
19533 2940 512 9915 
19534 2693 914 9916 
19535 914 3209 9916 
19536 3209 2693 9916 
19537 2303 1308 9917 
19538 1308 3349 9917 
19539 3349 2303 9917 
19540 2257 1043 9918 
19541 1043 3489 9918 
19542 3489 2257 9918 
19543 278 2557 9919 
19544 2557 3183 9919 
19545 3183 278 9919 
19546 2399 469 9920 
19547 469 3432 9920 
19548 3432 2399 9920 
19549 1101 2399 9921 
19550 2399 3432 9921 
19551 3432 1101 9921 
19552 1215 3014 9922 
19553 3014 3409 9922 
19554 3409 1215 9922 
19555 3180 1357 9923 
19556 1357 3375 9923 
19557 3375 3180 9923 
19558 3213 1260 9924 
19559 1260 3294 9924 
19560 3294 3213 9924 
19561 852 2730 9925 
19562 2730 3035 9925 
19563 3035 852 9925 
19564 2730 1518 9926 
19565 1518 3035 9926 
19566 3035 2730 9926 
19567 2743 640 9927 
19568 640 3049 9927 
19569 3049 2743 9927 
19570 2575 938 9928 
19571 938 3028 9928 
19572 3028 2575 9928 
19573 1005 3421 9929 
19574 3421 3422 9929 
19575 3422 1005 9929 
19576 3421 1738 9930 
19577 1738 3422 9930 
19578 3422 3421 9930 
19579 1041 2593 9931 
19580 2593 3041 9931 
19581 3041 1041 9931 
19582 1027 2487 9932 
19583 2487 3237 9932 
19584 3237 1027 9932 
19585 2403 1024 9933 
19586 1024 3433 9933 
19587 3433 2403 9933 
19588 2287 498 9934 
19589 498 3490 9934 
19590 3490 2287 9934 
19591 2328 1220 9935 
19592 1220 3361 9935 
19593 3361 2328 9935 
19594 2584 987 9936 
19595 987 3048 9936 
19596 3048 2584 9936 
19597 2593 484 9937 
19598 484 3041 9937 
19599 3041 2593 9937 
19600 2723 907 9938 
19601 907 2962 9938 
19602 2962 2723 9938 
19603 2884 1156 9939 
19604 1156 3090 9939 
19605 3090 2884 9939 
19606 1046 2287 9940 
19607 2287 3490 9940 
19608 3490 1046 9940 
19609 355 2485 9941 
19610 2485 3345 9941 
19611 3345 355 9941 
19612 395 2625 9942 
19613 2625 3457 9942 
19614 3457 395 9942 
19615 1249 2996 9943 
19616 2996 3202 9943 
19617 3202 1249 9943 
19618 2996 344 9944 
19619 344 3202 9944 
19620 3202 2996 9944 
19621 2737 778 9945 
19622 778 3362 9945 
19623 3362 2737 9945 
19624 2544 1406 9946 
19625 1406 3429 9946 
19626 3429 2544 9946 
19627 1209 2986 9947 
19628 2986 3445 9947 
19629 3445 1209 9947 
19630 2420 575 9948 
19631 575 3270 9948 
19632 3270 2420 9948 
19633 2421 989 9949 
19634 989 3269 9949 
19635 3269 2421 9949 
19636 1105 3002 9950 
19637 3002 3115 9950 
19638 3115 1105 9950 
19639 3002 1224 9951 
19640 1224 3115 9951 
19641 3115 3002 9951 
19642 2833 631 9952 
19643 631 2950 9952 
19644 2950 2833 9952 
19645 1734 2737 9953 
19646 2737 3362 9953 
19647 3362 1734 9953 
19648 3183 1322 9954 
19649 1322 3415 9954 
19650 3415 3183 9954 
19651 3235 697 9955 
19652 697 3250 9955 
19653 3250 3235 9955 
19654 2485 1114 9956 
19655 1114 3345 9956 
19656 3345 2485 9956 
19657 2772 553 9957 
19658 553 3329 9957 
19659 3329 2772 9957 
19660 1109 2833 9958 
19661 2833 2950 9958 
19662 2950 1109 9958 
19663 54 2379 9959 
19664 2379 3346 9959 
19665 3346 54 9959 
19666 576 2756 9960 
19667 2756 3212 9960 
19668 3212 576 9960 
19669 2468 976 9961 
19670 976 3219 9961 
19671 3219 2468 9961 
19672 967 2542 9962 
19673 2542 3194 9962 
19674 3194 967 9962 
19675 2648 501 9963 
19676 501 3231 9963 
19677 3231 2648 9963 
19678 1474 2648 9964 
19679 2648 3231 9964 
19680 3231 1474 9964 
19681 2457 1090 9965 
19682 1090 3372 9965 
19683 3372 2457 9965 
19684 561 2457 9966 
19685 2457 3372 9966 
19686 3372 561 9966 
19687 2606 509 9967 
19688 509 3419 9967 
19689 3419 2606 9967 
19690 1885 2751 9968 
19691 2751 3123 9968 
19692 3123 1885 9968 
19693 1844 2963 9969 
19694 2963 3331 9969 
19695 3331 1844 9969 
19696 2812 1091 9970 
19697 1091 2941 9970 
19698 2941 2812 9970 
19699 2384 953 9971 
19700 953 3391 9971 
19701 3391 2384 9971 
19702 1365 3235 9972 
19703 3235 3250 9972 
19704 3250 1365 9972 
19705 2657 882 9973 
19706 882 3327 9973 
19707 3327 2657 9973 
19708 3072 1344 9974 
19709 1344 3343 9974 
19710 3343 3072 9974 
19711 509 2606 9975 
19712 2606 3283 9975 
19713 3283 509 9975 
19714 1114 2485 9976 
19715 2485 3215 9976 
19716 3215 1114 9976 
19717 1153 2774 9977 
19718 2774 3092 9977 
19719 3092 1153 9977 
19720 3023 1342 9978 
19721 1342 3051 9978 
19722 3051 3023 9978 
19723 2988 536 9979 
19724 536 3215 9979 
19725 3215 2988 9979 
19726 521 2500 9980 
19727 2500 3220 9980 
19728 3220 521 9980 
19729 1090 3121 9981 
19730 3121 3202 9981 
19731 3202 1090 9981 
19732 3038 1161 9982 
19733 1161 3415 9982 
19734 3415 3038 9982 
19735 1322 3038 9983 
19736 3038 3415 9983 
19737 3415 1322 9983 
19738 2423 982 9984 
19739 982 3336 9984 
19740 3336 2423 9984 
19741 2778 1205 9985 
19742 1205 3221 9985 
19743 3221 2778 9985 
19744 918 2778 9986 
19745 2778 3221 9986 
19746 3221 918 9986 
19747 2402 1053 9987 
19748 1053 3396 9987 
19749 3396 2402 9987 
19750 261 2884 9988 
19751 2884 3090 9988 
19752 3090 261 9988 
19753 2886 565 9989 
19754 565 3384 9989 
19755 3384 2886 9989 
19756 2487 563 9990 
19757 563 3237 9990 
19758 3237 2487 9990 
19759 1328 2513 9991 
19760 2513 3282 9991 
19761 3282 1328 9991 
19762 2513 800 9992 
19763 800 3282 9992 
19764 3282 2513 9992 
19765 1057 2462 9993 
19766 2462 3316 9993 
19767 3316 1057 9993 
19768 994 3023 9994 
19769 3023 3051 9994 
19770 3051 994 9994 
19771 1576 3305 9995 
19772 3305 3306 9995 
19773 3306 1576 9995 
19774 3305 1001 9996 
19775 1001 3306 9996 
19776 3306 3305 9996 
19777 879 2446 9997 
19778 2446 3312 9997 
19779 3312 879 9997 
19780 1053 2401 9998 
19781 2401 3436 9998 
19782 3436 1053 9998 
19783 1036 2633 9999 
19784 2633 3087 9999 
19785 3087 1036 9999 
19786 3190 1352 10000 
19787 1352 3251 10000 
19788 3251 3190 10000 
19789 327 3190 10001 
19790 3190 3251 10001 
19791 3251 327 10001 
19792 552 2402 10002 
19793 2402 3396 10002 
19794 3396 552 10002 
19795 1053 2413 10003 
19796 2413 3396 10003 
19797 3396 1053 10003 
19798 2788 1099 10004 
19799 1099 3026 10004 
19800 3026 2788 10004 
19801 1099 2788 10005 
19802 2788 3027 10005 
19803 3027 1099 10005 
19804 399 2422 10006 
19805 2422 3364 10006 
19806 3364 399 10006 
19807 2640 1408 10007 
19808 1408 3109 10007 
19809 3109 2640 10007 
19810 2557 1025 10008 
19811 1025 3183 10008 
19812 3183 2557 10008 
19813 3274 546 10009 
19814 546 3316 10009 
19815 3316 3274 10009 
19816 3034 1326 10010 
19817 1326 3217 10010 
19818 3217 3034 10010 
19819 27 2788 10011 
19820 2788 3026 10011 
19821 3026 27 10011 
19822 2788 29 10012 
19823 29 3027 10012 
19824 3027 2788 10012 
19825 507 2419 10013 
19826 2419 3386 10013 
19827 3386 507 10013 
19828 950 2708 10014 
19829 2708 3054 10014 
19830 3054 950 10014 
19831 846 2640 10015 
19832 2640 3109 10015 
19833 3109 846 10015 
19834 302 2600 10016 
19835 2600 3140 10016 
19836 3140 302 10016 
19837 365 2955 10017 
19838 2955 3186 10017 
19839 3186 365 10017 
19840 2486 1057 10018 
19841 1057 3316 10018 
19842 3316 2486 10018 
19843 681 2483 10019 
19844 2483 3285 10019 
19845 3285 681 10019 
19846 1418 2915 10020 
19847 2915 3430 10020 
19848 3430 1418 10020 
19849 2650 1259 10021 
19850 1259 3230 10021 
19851 3230 2650 10021 
19852 1274 2743 10022 
19853 2743 3049 10022 
19854 3049 1274 10022 
19855 2915 1201 10023 
19856 1201 3430 10023 
19857 3430 2915 10023 
19858 1296 2650 10024 
19859 2650 3230 10024 
19860 3230 1296 10024 
19861 1056 2496 10025 
19862 2496 3274 10025 
19863 3274 1056 10025 
19864 820 2403 10026 
19865 2403 3433 10026 
19866 3433 820 10026 
19867 2401 550 10027 
19868 550 3436 10027 
19869 3436 2401 10027 
19870 3196 1178 10028 
19871 1178 3486 10028 
19872 3486 3196 10028 
19873 1400 3196 10029 
19874 3196 3486 10029 
19875 3486 1400 10029 
19876 1057 2486 10030 
19877 2486 3293 10030 
19878 3293 1057 10030 
19879 580 2540 10031 
19880 2540 3249 10031 
19881 3249 580 10031 
19882 1058 2453 10032 
19883 2453 3358 10032 
19884 3358 1058 10032 
19885 2983 1210 10033 
19886 1210 3161 10033 
19887 3161 2983 10033 
19888 137 2983 10034 
19889 2983 3161 10034 
19890 3161 137 10034 
19891 2983 139 10035 
19892 139 3162 10035 
19893 3162 2983 10035 
19894 1210 2983 10036 
19895 2983 3162 10036 
19896 3162 1210 10036 
19897 3166 1350 10037 
19898 1350 3352 10037 
19899 3352 3166 10037 
19900 2451 1064 10038 
19901 1064 3370 10038 
19902 3370 2451 10038 
19903 1133 3166 10039 
19904 3166 3352 10039 
19905 3352 1133 10039 
19906 1122 3291 10040 
19907 3291 3460 10040 
19908 3460 1122 10040 
19909 3291 1428 10041 
19910 1428 3460 10041 
19911 3460 3291 10041 
19912 3041 484 10042 
19913 484 3139 10042 
19914 3139 3041 10042 
19915 1075 3251 10043 
19916 3251 3268 10043 
19917 3268 1075 10043 
19918 3251 1352 10044 
19919 1352 3268 10044 
19920 3268 3251 10044 
19921 546 2486 10045 
19922 2486 3316 10045 
19923 3316 546 10045 
19924 1356 3130 10046 
19925 3130 3428 10046 
19926 3428 1356 10046 
19927 3130 1186 10047 
19928 1186 3428 10047 
19929 3428 3130 10047 
19930 2644 293 10048 
19931 293 3152 10048 
19932 3152 2644 10048 
19933 2511 468 10049 
19934 468 3287 10049 
19935 3287 2511 10049 
19936 2782 946 10050 
19937 946 3296 10050 
19938 3296 2782 10050 
19939 3121 1249 10051 
19940 1249 3202 10051 
19941 3202 3121 10051 
19942 485 2525 10052 
19943 2525 3275 10052 
19944 3275 485 10052 
19945 2884 3 10053 
19946 3 3096 10053 
19947 3096 2884 10053 
19948 2398 533 10054 
19949 533 3445 10054 
19950 3445 2398 10054 
19951 2453 472 10055 
19952 472 3358 10055 
19953 3358 2453 10055 
19954 2573 853 10056 
19955 853 3395 10056 
19956 3395 2573 10056 
19957 976 2527 10057 
19958 2527 3294 10057 
19959 3294 976 10057 
19960 1472 2771 10058 
19961 2771 3448 10058 
19962 3448 1472 10058 
19963 2780 470 10059 
19964 470 3381 10059 
19965 3381 2780 10059 
19966 2990 1330 10060 
19967 1330 3024 10060 
19968 3024 2990 10060 
19969 2622 1142 10061 
19970 1142 3186 10061 
19971 3186 2622 10061 
19972 509 2461 10062 
19973 2461 3419 10062 
19974 3419 509 10062 
19975 1599 2595 10063 
19976 2595 3418 10063 
19977 3418 1599 10063 
19978 523 2442 10064 
19979 2442 3452 10064 
19980 3452 523 10064 
19981 2751 424 10065 
19982 424 3123 10065 
19983 3123 2751 10065 
19984 1094 2671 10066 
19985 2671 3243 10066 
19986 3243 1094 10066 
19987 2438 866 10067 
19988 866 3470 10067 
19989 3470 2438 10067 
19990 1085 2744 10068 
19991 2744 3118 10068 
19992 3118 1085 10068 
19993 2747 1090 10069 
19994 1090 3202 10069 
19995 3202 2747 10069 
19996 500 2809 10070 
19997 2809 3091 10070 
19998 3091 500 10070 
19999 1156 2884 10071 
20000 2884 3096 10071 
20001 3096 1156 10071 
20002 2809 1192 10072 
20003 1192 3091 10072 
20004 3091 2809 10072 
20005 2803 1006 10073 
20006 1006 3468 10073 
20007 3468 2803 10073 
20008 2656 328 10074 
20009 328 3291 10074 
20010 3291 2656 10074 
20011 1122 2656 10075 
20012 2656 3291 10075 
20013 3291 1122 10075 
20014 2540 580 10076 
20015 580 3338 10076 
20016 3338 2540 10076 
20017 526 2874 10077 
20018 2874 3166 10077 
20019 3166 526 10077 
20020 2490 559 10078 
20021 559 3437 10078 
20022 3437 2490 10078 
20023 2488 427 10079 
20024 427 3440 10079 
20025 3440 2488 10079 
20026 587 2470 10080 
20027 2470 3463 10080 
20028 3463 587 10080 
20029 1106 3045 10081 
20030 3045 3488 10081 
20031 3488 1106 10081 
20032 1004 2990 10082 
20033 2990 3024 10082 
20034 3024 1004 10082 
20035 1340 3266 10083 
20036 3266 3307 10083 
20037 3307 1340 10083 
20038 3266 1102 10084 
20039 1102 3307 10084 
20040 3307 3266 10084 
20041 1201 2915 10085 
20042 2915 3267 10085 
20043 3267 1201 10085 
20044 2874 1350 10086 
20045 1350 3166 10086 
20046 3166 2874 10086 
20047 2915 43 10087 
20048 43 3267 10087 
20049 3267 2915 10087 
20050 2606 1820 10088 
20051 1820 3283 10088 
20052 3283 2606 10088 
20053 1447 2998 10089 
20054 2998 3203 10089 
20055 3203 1447 10089 
20056 1565 2591 10090 
20057 2591 3359 10090 
20058 3359 1565 10090 
20059 2670 451 10091 
20060 451 3375 10091 
20061 3375 2670 10091 
20062 2998 986 10092 
20063 986 3203 10092 
20064 3203 2998 10092 
20065 2904 525 10093 
20066 525 3092 10093 
20067 3092 2904 10093 
20068 344 2747 10094 
20069 2747 3202 10094 
20070 3202 344 10094 
20071 2595 540 10095 
20072 540 3418 10095 
20073 3418 2595 10095 
20074 693 2898 10096 
20075 2898 3129 10096 
20076 3129 693 10096 
20077 2898 1142 10097 
20078 1142 3129 10097 
20079 3129 2898 10097 
20080 3148 1169 10098 
20081 1169 3234 10098 
20082 3234 3148 10098 
20083 2786 1091 10099 
20084 1091 3479 10099 
20085 3479 2786 10099 
20086 1263 3148 10100 
20087 3148 3234 10100 
20088 3234 1263 10100 
20089 2756 1051 10101 
20090 1051 3212 10101 
20091 3212 2756 10101 
20092 1391 3082 10102 
20093 3082 3171 10102 
20094 3171 1391 10102 
20095 1194 2573 10103 
20096 2573 3395 10103 
20097 3395 1194 10103 
20098 674 3013 10104 
20099 3013 3176 10104 
20100 3176 674 10104 
20101 3013 1194 10105 
20102 1194 3176 10105 
20103 3176 3013 10105 
20104 2597 1283 10106 
20105 1283 3456 10106 
20106 3456 2597 10106 
20107 1230 2873 10107 
20108 2873 3452 10107 
20109 3452 1230 10107 
20110 2873 523 10108 
20111 523 3452 10108 
20112 3452 2873 10108 
20113 893 2599 10109 
20114 2599 3377 10109 
20115 3377 893 10109 
20116 1239 2657 10110 
20117 2657 3327 10110 
20118 3327 1239 10110 
20119 178 2617 10111 
20120 2617 3351 10111 
20121 3351 178 10111 
20122 1390 2741 10112 
20123 2741 3437 10112 
20124 3437 1390 10112 
20125 2555 1110 10113 
20126 1110 3461 10113 
20127 3461 2555 10113 
20128 2761 495 10114 
20129 495 3245 10114 
20130 3245 2761 10114 
20131 308 2555 10115 
20132 2555 3461 10115 
20133 3461 308 10115 
20134 1337 3335 10116 
20135 3335 3408 10116 
20136 3408 1337 10116 
20137 3102 318 10117 
20138 318 3441 10117 
20139 3441 3102 10117 
20140 2832 1209 10118 
20141 1209 3445 10118 
20142 3445 2832 10118 
20143 1263 2973 10119 
20144 2973 3148 10119 
20145 3148 1263 10119 
20146 2973 496 10120 
20147 496 3148 10120 
20148 3148 2973 10120 
20149 470 3133 10121 
20150 3133 3381 10121 
20151 3381 470 10121 
20152 533 2832 10122 
20153 2832 3445 10122 
20154 3445 533 10122 
20155 1347 2782 10123 
20156 2782 3296 10123 
20157 3296 1347 10123 
20158 2848 522 10124 
20159 522 3435 10124 
20160 3435 2848 10124 
20161 3084 996 10125 
20162 996 3101 10125 
20163 3101 3084 10125 
20164 1337 2825 10126 
20165 2825 3335 10126 
20166 3335 1337 10126 
20167 2783 1116 10127 
20168 1116 3277 10127 
20169 3277 2783 10127 
20170 1470 3084 10128 
20171 3084 3101 10128 
20172 3101 1470 10128 
20173 3319 1345 10129 
20174 1345 3350 10129 
20175 3350 3319 10129 
20176 1137 3319 10130 
20177 3319 3350 10130 
20178 3350 1137 10130 
20179 750 2705 10131 
20180 2705 3359 10131 
20181 3359 750 10131 
20182 645 3066 10132 
20183 3066 3256 10132 
20184 3256 645 10132 
20185 2748 1133 10133 
20186 1133 3352 10133 
20187 3352 2748 10133 
20188 2734 358 10134 
20189 358 3335 10134 
20190 3335 2734 10134 
20191 1313 3041 10135 
20192 3041 3139 10135 
20193 3139 1313 10135 
20194 1051 2780 10136 
20195 2780 3381 10136 
20196 3381 1051 10136 
20197 355 2748 10137 
20198 2748 3352 10137 
20199 3352 355 10137 
20200 3384 565 10138 
20201 565 3409 10138 
20202 3409 3384 10138 
20203 3335 358 10139 
20204 358 3408 10139 
20205 3408 3335 10139 
20206 3144 1590 10140 
20207 1590 3433 10140 
20208 3433 3144 10140 
20209 1090 2747 10141 
20210 2747 3372 10141 
20211 3372 1090 10141 
20212 2964 543 10142 
20213 543 3405 10142 
20214 3405 2964 10142 
20215 487 2690 10143 
20216 2690 3423 10143 
20217 3423 487 10143 
20218 3082 1034 10144 
20219 1034 3171 10144 
20220 3171 3082 10144 
20221 1357 2772 10145 
20222 2772 3375 10145 
20223 3375 1357 10145 
20224 2930 1420 10146 
20225 1420 3289 10146 
20226 3289 2930 10146 
20227 2822 499 10147 
20228 499 3402 10147 
20229 3402 2822 10147 
20230 953 3030 10148 
20231 3030 3391 10148 
20232 3391 953 10148 
20233 1247 3095 10149 
20234 3095 3373 10149 
20235 3373 1247 10149 
20236 3095 598 10150 
20237 598 3373 10150 
20238 3373 3095 10150 
20239 716 2930 10151 
20240 2930 3289 10151 
20241 3289 716 10151 
20242 1442 3208 10152 
20243 3208 3286 10152 
20244 3286 1442 10152 
20245 1059 3034 10153 
20246 3034 3217 10153 
20247 3217 1059 10153 
20248 3030 1465 10154 
20249 1465 3391 10154 
20250 3391 3030 10154 
20251 289 3399 10155 
20252 3399 3486 10155 
20253 3486 289 10155 
20254 3399 1400 10156 
20255 1400 3486 10156 
20256 3486 3399 10156 
20257 1207 3198 10157 
20258 3198 3244 10157 
20259 3244 1207 10157 
20260 3198 1240 10158 
20261 1240 3244 10158 
20262 3244 3198 10158 
20263 2821 1126 10159 
20264 1126 3384 10159 
20265 3384 2821 10159 
20266 522 2759 10160 
20267 2759 3435 10160 
20268 3435 522 10160 
20269 3280 1304 10161 
20270 1304 3281 10161 
20271 3281 3280 10161 
20272 1146 3280 10162 
20273 3280 3281 10162 
20274 3281 1146 10162 
20275 2863 1624 10163 
20276 1624 3347 10163 
20277 3347 2863 10163 
20278 2925 278 10164 
20279 278 3415 10164 
20280 3415 2925 10164 
20281 1241 2822 10165 
20282 2822 3402 10165 
20283 3402 1241 10165 
20284 3235 1365 10166 
20285 1365 3388 10166 
20286 3388 3235 10166 
20287 531 3087 10167 
20288 3087 3454 10167 
20289 3454 531 10167 
20290 3066 1379 10168 
20291 1379 3256 10168 
20292 3256 3066 10168 
20293 2963 314 10169 
20294 314 3331 10169 
20295 3331 2963 10169 
20296 328 3150 10170 
20297 3150 3291 10170 
20298 3291 328 10170 
20299 3150 1428 10171 
20300 1428 3291 10171 
20301 3291 3150 10171 
20302 317 2912 10172 
20303 2912 3378 10172 
20304 3378 317 10172 
20305 1641 3462 10173 
20306 3462 3485 10173 
20307 3485 1641 10173 
20308 3462 445 10174 
20309 445 3485 10174 
20310 3485 3462 10174 
20311 266 2786 10175 
20312 2786 3479 10175 
20313 3479 266 10175 
20314 2924 1193 10176 
20315 1193 3443 10176 
20316 3443 2924 10176 
20317 516 2924 10177 
20318 2924 3443 10177 
20319 3443 516 10177 
20320 2803 387 10178 
20321 387 3482 10178 
20322 3482 2803 10178 
20323 1024 3144 10179 
20324 3144 3433 10179 
20325 3433 1024 10179 
20326 3137 1294 10180 
20327 1294 3341 10180 
20328 3341 3137 10180 
20329 375 3137 10181 
20330 3137 3341 10181 
20331 3341 375 10181 
20332 1345 3319 10182 
20333 3319 3354 10182 
20334 3354 1345 10182 
20335 3319 649 10183 
20336 649 3354 10183 
20337 3354 3319 10183 
20338 1781 3480 10184 
20339 3480 3481 10184 
20340 3481 1781 10184 
20341 3480 1048 10185 
20342 1048 3481 10185 
20343 3481 3480 10185 
20344 1161 2925 10186 
20345 2925 3415 10186 
20346 3415 1161 10186 
20347 3219 976 10187 
20348 976 3294 10187 
20349 3294 3219 10187 
20350 1260 3219 10188 
20351 3219 3294 10188 
20352 3294 1260 10188 
20353 2993 1492 10189 
20354 1492 3463 10189 
20355 3463 2993 10189 
20356 2853 1270 10190 
20357 1270 3483 10190 
20358 3483 2853 10190 
20359 1296 3230 10191 
20360 3230 3471 10191 
20361 3471 1296 10191 
20362 2972 1005 10192 
20363 1005 3407 10192 
20364 3407 2972 10192 
20365 3230 346 10193 
20366 346 3471 10193 
20367 3471 3230 10193 
20368 1096 3072 10194 
20369 3072 3343 10194 
20370 3343 1096 10194 
20371 3014 1190 10195 
20372 1190 3409 10195 
20373 3409 3014 10195 
20374 3208 1078 10196 
20375 1078 3286 10196 
20376 3286 3208 10196 
20377 2970 520 10197 
20378 520 3458 10197 
20379 3458 2970 10197 
20380 3133 1388 10198 
20381 1388 3381 10198 
20382 3381 3133 10198 
20383 1253 3341 10199 
20384 3341 3414 10199 
20385 3414 1253 10199 
20386 3341 1294 10200 
20387 1294 3414 10200 
20388 3414 3341 10200 
20389 1333 3323 10201 
20390 3323 3382 10201 
20391 3382 1333 10201 
20392 568 3191 10202 
20393 3191 3483 10202 
20394 3483 568 10202 
20395 3045 511 10203 
20396 511 3488 10203 
20397 3488 3045 10203 
20398 1149 3235 10204 
20399 3235 3388 10204 
20400 3388 1149 10204 
20401 511 3116 10205 
20402 3116 3488 10205 
20403 3488 511 10205 
20404 3385 1444 10206 
20405 1444 3431 10206 
20406 3431 3385 10206 
20407 3323 1202 10207 
20408 1202 3382 10207 
20409 3382 3323 10207 
20410 3466 1128 10208 
20411 1128 3467 10208 
20412 3467 3466 10208 
20413 1559 3466 10209 
20414 3466 3467 10209 
20415 3467 1559 10209 
20416 1168 3385 10210 
20417 3385 3431 10210 
20418 3431 1168 10210 
$EndElements
