$MeshFormat
4.1 0 8
$EndMeshFormat
$PhysicalNames
5
1 1 "Left"
1 2 "Right"
1 3 "Bottom"
1 4 "Top"
2 5 "Fluid"
$EndPhysicalNames
$Entities
0 4 1 0
1 0 0 0 40 0 0 1 3 0 
2 40 0 0 40 10 0 1 2 0 
3 0 10 0 40 10 0 1 4 0 
4 0 0 0 0 10 0 1 1 0 
1 0 0 0 40 10 0 1 5 0 
$EndEntities
$Nodes
5 1611 1 1611
1 1 0 41
1
2
3
4
5
6
7
8
9
10
11
12
13
14
15
16
17
18
19
20
21
22
23
24
25
26
27
28
29
30
31
32
33
34
35
36
37
38
39
40
41
0 0 0
40 0 0
0.999999999999276 0 0
1.999999999998205 0 0
2.999999999997454 0 0
3.999999999996757 0 0
4.999999999995886 0 0
5.999999999993141 0 0
6.999999999990224 0 0
7.999999999987307 0 0
8.999999999984389 0 0
9.999999999981473 0 0
10.99999999997856 0 0
11.99999999997564 0 0
12.99999999997272 0 0
13.9999999999698 0 0
14.99999999996689 0 0
15.99999999996411 0 0
16.99999999996507 0 0
17.9999999999666 0 0
18.99999999996812 0 0
19.99999999996964 0 0
20.99999999997116 0 0
21.99999999997269 0 0
22.99999999997421 0 0
23.99999999997573 0 0
24.99999999997726 0 0
25.99999999997878 0 0
26.9999999999803 0 0
27.99999999998182 0 0
28.99999999998334 0 0
29.99999999998487 0 0
30.99999999998639 0 0
31.99999999998791 0 0
32.99999999998942 0 0
33.99999999999093 0 0
34.99999999999245 0 0
35.99999999999396 0 0
36.99999999999547 0 0
37.99999999999698 0 0
38.99999999999849 0 0
1 2 0 10
42
43
44
45
46
47
48
49
50
51
40 10 0
40 0.9999999999991893 0
40 1.999999999996827 0
40 2.99999999999391 0
40 3.999999999991027 0
40 4.999999999992411 0
40 5.999999999993932 0
40 6.999999999995455 0
40 7.999999999996978 0
40 8.99999999999849 0
1 3 0 40
52
53
54
55
56
57
58
59
60
61
62
63
64
65
66
67
68
69
70
71
72
73
74
75
76
77
78
79
80
81
82
83
84
85
86
87
88
89
90
91
0 10 0
39 10 0
37.99999999999999 10 0
36.99999999999999 10 0
35.99999999999999 10 0
34.99999999999999 10 0
33.99999999999999 10 0
32.99999999999999 10 0
31.99999999999998 10 0
30.99999999999998 10 0
29.99999999999998 10 0
28.99999999999998 10 0
27.99999999999998 10 0
26.99999999999997 10 0
25.99999999999997 10 0
24.99999999999997 10 0
23.99999999999996 10 0
22.99999999999996 10 0
21.99999999999996 10 0
20.99999999999996 10 0
19.99999999999996 10 0
18.99999999999996 10 0
17.99999999999995 10 0
16.99999999999995 10 0
15.99999999999995 10 0
14.99999999999995 10 0
13.99999999999995 10 0
12.99999999999994 10 0
11.99999999999994 10 0
10.99999999999994 10 0
9.999999999999936 10 0
8.999999999999936 10 0
7.999999999999929 10 0
6.999999999999936 10 0
5.99999999999995 10 0
4.999999999999957 10 0
3.999999999999964 10 0
2.999999999999972 10 0
1.999999999999986 10 0
0.9999999999999858 10 0
1 4 0 9
92
93
94
95
96
97
98
99
100
0 8.999999999999998 0
0 7.999999999999996 0
0 6.999999999999994 0
0 5.999999999999991 0
0 4.999999999999989 0
0 3.999999999999988 0
0 2.999999999999985 0
0 1.999999999999982 0
0 0.9999999999999911 0
2 1 0 1511
101
102
103
104
105
106
107
108
109
110
111
112
113
114
115
116
117
118
119
120
121
122
123
124
125
126
127
128
129
130
131
132
133
134
135
136
137
138
139
140
141
142
143
144
145
146
147
148
149
150
151
152
153
154
155
156
157
158
159
160
161
162
163
164
165
166
167
168
169
170
171
172
173
174
175
176
177
178
179
180
181
182
183
184
185
186
187
188
189
190
191
192
193
194
195
196
197
198
199
200
201
202
203
204
205
206
207
208
209
210
211
212
213
214
215
216
217
218
219
220
221
222
223
224
225
226
227
228
229
230
231
232
233
234
235
236
237
238
239
240
241
242
243
244
245
246
247
248
249
250
251
252
253
254
255
256
257
258
259
260
261
262
263
264
265
266
267
268
269
270
271
272
273
274
275
276
277
278
279
280
281
282
283
284
285
286
287
288
289
290
291
292
293
294
295
296
297
298
299
300
301
302
303
304
305
306
307
308
309
310
311
312
313
314
315
316
317
318
319
320
321
322
323
324
325
326
327
328
329
330
331
332
333
334
335
336
337
338
339
340
341
342
343
344
345
346
347
348
349
350
351
352
353
354
355
356
357
358
359
360
361
362
363
364
365
366
367
368
369
370
371
372
373
374
375
376
377
378
379
380
381
382
383
384
385
386
387
388
389
390
391
392
393
394
395
396
397
398
399
400
401
402
403
404
405
406
407
408
409
410
411
412
413
414
415
416
417
418
419
420
421
422
423
424
425
426
427
428
429
430
431
432
433
434
435
436
437
438
439
440
441
442
443
444
445
446
447
448
449
450
451
452
453
454
455
456
457
458
459
460
461
462
463
464
465
466
467
468
469
470
471
472
473
474
475
476
477
478
479
480
481
482
483
484
485
486
487
488
489
490
491
492
493
494
495
496
497
498
499
500
501
502
503
504
505
506
507
508
509
510
511
512
513
514
515
516
517
518
519
520
521
522
523
524
525
526
527
528
529
530
531
532
533
534
535
536
537
538
539
540
541
542
543
544
545
546
547
548
549
550
551
552
553
554
555
556
557
558
559
560
561
562
563
564
565
566
567
568
569
570
571
572
573
574
575
576
577
578
579
580
581
582
583
584
585
586
587
588
589
590
591
592
593
594
595
596
597
598
599
600
601
602
603
604
605
606
607
608
609
610
611
612
613
614
615
616
617
618
619
620
621
622
623
624
625
626
627
628
629
630
631
632
633
634
635
636
637
638
639
640
641
642
643
644
645
646
647
648
649
650
651
652
653
654
655
656
657
658
659
660
661
662
663
664
665
666
667
668
669
670
671
672
673
674
675
676
677
678
679
680
681
682
683
684
685
686
687
688
689
690
691
692
693
694
695
696
697
698
699
700
701
702
703
704
705
706
707
708
709
710
711
712
713
714
715
716
717
718
719
720
721
722
723
724
725
726
727
728
729
730
731
732
733
734
735
736
737
738
739
740
741
742
743
744
745
746
747
748
749
750
751
752
753
754
755
756
757
758
759
760
761
762
763
764
765
766
767
768
769
770
771
772
773
774
775
776
777
778
779
780
781
782
783
784
785
786
787
788
789
790
791
792
793
794
795
796
797
798
799
800
801
802
803
804
805
806
807
808
809
810
811
812
813
814
815
816
817
818
819
820
821
822
823
824
825
826
827
828
829
830
831
832
833
834
835
836
837
838
839
840
841
842
843
844
845
846
847
848
849
850
851
852
853
854
855
856
857
858
859
860
861
862
863
864
865
866
867
868
869
870
871
872
873
874
875
876
877
878
879
880
881
882
883
884
885
886
887
888
889
890
891
892
893
894
895
896
897
898
899
900
901
902
903
904
905
906
907
908
909
910
911
912
913
914
915
916
917
918
919
920
921
922
923
924
925
926
927
928
929
930
931
932
933
934
935
936
937
938
939
940
941
942
943
944
945
946
947
948
949
950
951
952
953
954
955
956
957
958
959
960
961
962
963
964
965
966
967
968
969
970
971
972
973
974
975
976
977
978
979
980
981
982
983
984
985
986
987
988
989
990
991
992
993
994
995
996
997
998
999
1000
1001
1002
1003
1004
1005
1006
1007
1008
1009
1010
1011
1012
1013
1014
1015
1016
1017
1018
1019
1020
1021
1022
1023
1024
1025
1026
1027
1028
1029
1030
1031
1032
1033
1034
1035
1036
1037
1038
1039
1040
1041
1042
1043
1044
1045
1046
1047
1048
1049
1050
1051
1052
1053
1054
1055
1056
1057
1058
1059
1060
1061
1062
1063
1064
1065
1066
1067
1068
1069
1070
1071
1072
1073
1074
1075
1076
1077
1078
1079
1080
1081
1082
1083
1084
1085
1086
1087
1088
1089
1090
1091
1092
1093
1094
1095
1096
1097
1098
1099
1100
1101
1102
1103
1104
1105
1106
1107
1108
1109
1110
1111
1112
1113
1114
1115
1116
1117
1118
1119
1120
1121
1122
1123
1124
1125
1126
1127
1128
1129
1130
1131
1132
1133
1134
1135
1136
1137
1138
1139
1140
1141
1142
1143
1144
1145
1146
1147
1148
1149
1150
1151
1152
1153
1154
1155
1156
1157
1158
1159
1160
1161
1162
1163
1164
1165
1166
1167
1168
1169
1170
1171
1172
1173
1174
1175
1176
1177
1178
1179
1180
1181
1182
1183
1184
1185
1186
1187
1188
1189
1190
1191
1192
1193
1194
1195
1196
1197
1198
1199
1200
1201
1202
1203
1204
1205
1206
1207
1208
1209
1210
1211
1212
1213
1214
1215
1216
1217
1218
1219
1220
1221
1222
1223
1224
1225
1226
1227
1228
1229
1230
1231
1232
1233
1234
1235
1236
1237
1238
1239
1240
1241
1242
1243
1244
1245
1246
1247
1248
1249
1250
1251
1252
1253
1254
1255
1256
1257
1258
1259
1260
1261
1262
1263
1264
1265
1266
1267
1268
1269
1270
1271
1272
1273
1274
1275
1276
1277
1278
1279
1280
1281
1282
1283
1284
1285
1286
1287
1288
1289
1290
1291
1292
1293
1294
1295
1296
1297
1298
1299
1300
1301
1302
1303
1304
1305
1306
1307
1308
1309
1310
1311
1312
1313
1314
1315
1316
1317
1318
1319
1320
1321
1322
1323
1324
1325
1326
1327
1328
1329
1330
1331
1332
1333
1334
1335
1336
1337
1338
1339
1340
1341
1342
1343
1344
1345
1346
1347
1348
1349
1350
1351
1352
1353
1354
1355
1356
1357
1358
1359
1360
1361
1362
1363
1364
1365
1366
1367
1368
1369
1370
1371
1372
1373
1374
1375
1376
1377
1378
1379
1380
1381
1382
1383
1384
1385
1386
1387
1388
1389
1390
1391
1392
1393
1394
1395
1396
1397
1398
1399
1400
1401
1402
1403
1404
1405
1406
1407
1408
1409
1410
1411
1412
1413
1414
1415
1416
1417
1418
1419
1420
1421
1422
1423
1424
1425
1426
1427
1428
1429
1430
1431
1432
1433
1434
1435
1436
1437
1438
1439
1440
1441
1442
1443
1444
1445
1446
1447
1448
1449
1450
1451
1452
1453
1454
1455
1456
1457
1458
1459
1460
1461
1462
1463
1464
1465
1466
1467
1468
1469
1470
1471
1472
1473
1474
1475
1476
1477
1478
1479
1480
1481
1482
1483
1484
1485
1486
1487
1488
1489
1490
1491
1492
1493
1494
1495
1496
1497
1498
1499
1500
1501
1502
1503
1504
1505
1506
1507
1508
1509
1510
1511
1512
1513
1514
1515
1516
1517
1518
1519
1520
1521
1522
1523
1524
1525
1526
1527
1528
1529
1530
1531
1532
1533
1534
1535
1536
1537
1538
1539
1540
1541
1542
1543
1544
1545
1546
1547
1548
1549
1550
1551
1552
1553
1554
1555
1556
1557
1558
1559
1560
1561
1562
1563
1564
1565
1566
1567
1568
1569
1570
1571
1572
1573
1574
1575
1576
1577
1578
1579
1580
1581
1582
1583
1584
1585
1586
1587
1588
1589
1590
1591
1592
1593
1594
1595
1596
1597
1598
1599
1600
1601
1602
1603
1604
1605
1606
1607
1608
1609
1610
1611
6.502703454473432 5.010509460685944 0
12.49999999997419 4.999999999998785 0
34.51427421235928 5.133333699280009 0
28.64220300810908 5.133461702114575 0
22.71350291200751 5.068245248596682 0
17.55528409528019 5.079210304490539 0
3.443665485127661 3.388912384395192 0
9.447623649053181 3.401799298197357 0
31.5 6.625000000000241 0
25.55259918404059 6.59887892156001 0
9.478761407753803 6.837878979227359 0
25.52123859223006 3.162121020774279 0
31.53463087116527 3.164892902722014 0
3.499999999999968 6.731839715750358 0
15.00941396506297 3.129706982543922 0
19.99058603491212 3.129706982544461 0
14.98886166698018 6.913814485626133 0
20.03946427996148 6.850611354658874 0
36.91666666666671 3.083333333333567 0
36.91666666666667 6.916666666666815 0
5.953411740566589 2.684970998438682 0
12.0625366979665 2.376089103542462 0
33.82374461318798 7.634404029803359 0
29.1026896472783 7.433142859558583 0
22.94022116603681 7.625938376806022 0
17.52364678800138 2.52297190505843 0
6.985127716565613 7.388279302050498 0
11.91779594323141 7.466779594325547 0
28.01760792782438 2.614253927878272 0
33.91779594322416 2.533220405677907 0
22.85142442131258 2.457194080189507 0
17.49999999999996 7.537625628133538 0
37.83163061561503 5.000784325816573 0
2.116422177035266 5.080741370239576 0
7.883924617513187 2.079124421119859 0
27.09481522372548 7.937026567233271 0
29.89512198951876 2.036148235844002 0
5.112451762880164 7.970077080348335 0
1.982904340673586 2.002934021027876 0
1.936019829224007 8.157306062951227 0
4.401577200644613 5.027782287380582 0
8.46214131288542 5.040683962265318 0
26.51650916360628 4.954715460864687 0
32.48488989962991 5.019490644566173 0
10.45629067245166 5.008145405962034 0
30.50198985562783 5.00069140136663 0
24.52229138102 5.011533727308022 0
14.45313720708074 5.001952941891886 0
19.49744325723428 4.972379505332933 0
13.66953600542211 1.783677029374698 0
21.36964882726485 8.16521396354797 0
21.32306162735137 1.779105971246472 0
13.58802136581476 8.30690139475754 0
35.60274569838903 8.27532602797168 0
35.58631070042104 1.700334451556572 0
38.15218814594538 1.65455247686513 0
38.37246884777164 8.340982899721849 0
4.122035561557471 1.690915661089695 0
10.29384017208656 1.721520808080617 0
32.20076394386038 8.248338335231963 0
24.70005348987208 8.283828104885185 0
8.648564379629478 8.306434292949408 0
26.35170536334561 1.693689403697194 0
32.31246807974475 1.684196608737985 0
10.39499570903854 8.349503290002353 0
24.60434643404761 1.650626789670569 0
36.18130630630631 4.638023893458938 0
19.02780675622681 1.712817937934139 0
15.97219324371968 1.712817937925218 0
15.90860957709886 8.320642878029997 0
19.11126251747872 8.252553823635532 0
30.52680781096692 8.458209207853177 0
21.69211990106585 3.621704553120177 0
13.30981357812004 6.428998930416506 0
13.16187479379605 3.568707310091126 0
21.85101621413379 6.612008970651535 0
35.28733775550238 6.518838534415853 0
27.49361274189802 6.497147327266061 0
5.553736433550061 6.367081571777014 0
29.45326111389976 3.638435353004921 0
7.501793761397914 3.658195886900903 0
15.98474472998983 4.398306855397019 0
1.619839450399547 3.539673959491025 0
3.555150979420435 8.436422861841928 0
16.44553187960488 6.288635688026005 0
38.45979022008068 3.500097682354691 0
38.45625498987756 6.516218900425122 0
18.53815463879576 6.414195961815772 0
18.50992506120012 3.721638778841695 0
35.22298028788919 3.421624352892859 0
1.509219742903937 6.484194429723738 0
20.95931295972025 5.192041775514776 0
33.05469433852685 6.300979441065757 0
10.93615619500107 3.636333893511668 0
30.06991021657807 6.355591521486039 0
24.04052542392208 6.363705505196507 0
5.402881153325552 3.90929492028169 0
11.54081183146079 6.075709531791537 0
23.45918816851289 3.924290468208919 0
7.514850602536464 6.053085630479963 0
33.54081183148927 3.924290468214457 0
27.54081183149009 3.924290468216292 0
6.667196036379391 1.331809352489332 0
28.31846401490419 8.63019166173029 0
28.73323253780578 1.294947317828598 0
6.334064349967816 8.644942295719609 0
36.8937588750273 8.629982390821223 0
36.98263991446467 1.324931187235925 0
9.040708066537453 1.338250045700858 0
12.22126321702419 1.356272797593144 0
22.57496915855231 1.281736408518751 0
22.78278479837264 8.646897055294909 0
12.41469950620179 8.718598847610826 0
31.07914813438821 1.341030795471544 0
33.51709678346712 8.750091159275199 0
16.34675669147702 3.123093198087648 0
34.53908566321404 1.370837174611064 0
25.93566284386764 8.679575901127905 0
17.49999999996787 0.9916279836893657 0
5.218658582026324 1.220960513094655 0
17.4999999999982 9.095831118428922 0
14.87950136941656 1.247199555185329 0
20.13281017745051 8.753167679101065 0
4.576532991269265 3.198524936607752 0
20.11466539964624 1.243544416823021 0
14.83032361387589 8.68839850610904 0
28.84673873373381 5.985693578479439 0
8.277763527055399 7.044162818511874 0
26.72223647292714 2.955837181497941 0
32.7222364729336 2.955837181490923 0
10.72147869633136 6.976767779823158 0
24.27858097335248 3.023339902225633 0
3.330299866498496 4.672052527980366 0
2.987280952034022 1.294100069533016 0
27.30793197125973 1.005656268897529 0
7.69391205440778 8.994622306849433 0
36.98917230819224 5.814500689409543 0
12.1258326020759 3.927709536490634 0
22.85284304525422 6.173898016615011 0
29.46190689604677 8.972652472277606 0
15.40581905332989 5.745027491554524 0
33.98813608206348 6.038066785181444 0
17.23964626224209 3.824685709947512 0
1.170650707026852 1.17065070702673 0
1.176064130361948 8.88173070340625 0
11.22408609509089 1.075228750607143 0
23.77482606139522 8.928026167049802 0
31.4999999999998 5.468822176413642 0
25.57483204477176 5.491892634364136 0
9.418139374535871 4.510860179730294 0
34.66416774769315 8.893815086626869 0
38.93538495423376 4.517907710960094 0
1.084660989645575 4.61801587313598 0
20.18591115393023 4.194000906787527 0
4.559676720221693 8.957531176226931 0
6.775932882936115 2.762218700696524 0
4.608840029963932 7.009633136502659 0
33.50784481085186 1.010317545205131 0
30.40464462235142 3.038727997671503 0
1.04408448664424 2.585459591461995 0
8.43621196548365 3.001332867424715 0
2.542368852232752 6.149142692276958 0
9.506484989452114 8.971757073262964 0
25.49267945039809 1.028095519440157 0
2.66843819472567 9.062482212692414 0
23.50253446361288 1.003979904221327 0
26.55050225976082 7.038738700908225 0
11.43062281747828 9.112247977250165 0
3.056535517695115 2.377109758592116 0
31.43305063845216 9.058203370835171 0
28.06214880397494 7.327764516929294 0
1.004470014515979 7.429163596507006 0
37.16550170860513 4.152287032159858 0
39.01466781139166 7.438007316392069 0
39.00171879979141 2.59610174436225 0
9.437939471167581 5.586531318275267 0
25.56984945222851 4.406379590845985 0
31.59181969362172 4.394484513471062 0
28.94826593564097 2.627643706906481 0
29.52238283642025 5.485156949766988 0
6.057490324088345 7.376669545516849 0
7.617205671553874 1.182436864616711 0
30.67609657795311 7.319858042285549 0
20.03249852712336 5.768924330338723 0
35.49751682456336 5.484968436609389 0
13.47613530395581 5.434319376949021 0
27.49872279402966 8.987572112909382 0
15.97335497612995 7.297774254579418 0
14.23458257496984 3.824043571742945 0
18.49513967979811 2.676606087390933 0
3.679545782450017 5.686447621397528 0
4.31562369441982 4.041729182258388 0
29.65530290122457 1.160059743463463 0
14.30516750195506 6.089400850660724 0
25.66629511603515 7.633059797636507 0
38.98229108741622 1.077909825867975 0
38.94519739650021 8.9451973965003 0
18.4497140431463 7.396501990888715 0
9.322239268824875 2.385021716652423 0
38.89676746129575 5.637014103427085 0
11.51118914819879 4.647041147397229 0
2.507619266125003 3.997269344161705 0
10.33641108957056 6.069446408773056 0
24.52004021182968 4.025850623405995 0
23.48860081778099 5.342829151439169 0
17.46109774453456 6.064148726438946 0
2.937263276597255 7.603230560539904 0
33.47345542239647 5.316253397726657 0
6.241845241254748 3.594705620440794 0
0.9687857127115379 5.64371463086582 0
5.440872956236141 5.320493326403571 0
12.98234124522232 2.580170199081781 0
27.4956697268339 5.332309971125372 0
9.518767983275998 7.934212609207258 0
25.48102807103408 2.065805118964685 0
32.86887649511547 7.390103402653677 0
10.91656950840288 2.61266565812609 0
24.08237216316794 7.387922812779209 0
7.506883821986478 4.71724122444981 0
22.05297180226089 7.431653143661484 0
21.92134738040938 2.646107472416349 0
14.08162194158879 2.710042967163618 0
20.89017850461607 2.692973946555564 0
12.94234823846835 7.33550640794675 0
31.51446156171587 2.228139805922761 0
20.94721823913679 7.337647283583911 0
13.91475862801021 7.164359365156582 0
18.53290271025138 4.757864341204343 0
34.91316364932444 7.443495321046759 0
35.93160527463417 7.211752660131872 0
8.368013738894716 6.125124996526699 0
32.63681101113107 3.876252239232946 0
26.61309673117882 3.89961740753091 0
26.53062085348523 5.985613836014747 0
8.462132314223751 4.055018903161399 0
28.34540663477758 3.508875218650294 0
6.715205958893263 6.454817010861007 0
16.42143496249751 5.283609951157202 0
16.51795787190368 9.114821693160126 0
18.46036989361983 9.108892128626801 0
18.48131302426805 0.8952963941665735 0
16.51832694194903 0.8955165208837986 0
30.60635558135385 3.976485182444202 0
34.49168333111718 4.097192313226415 0
13.36395646835646 0.8797758026173116 0
21.67716882249504 0.8738321295161529 0
37.84443655083854 7.270563449161628 0
37.87555871317652 2.757357542546459 0
21.64031440012872 9.120196307077345 0
13.29103480850891 9.293969517382319 0
36.0270143706631 2.667484281256043 0
22.69293055486722 3.336506705698883 0
12.31572298210058 6.662436507490064 0
5.628016105617313 9.033169606883531 0
34.80665847695037 2.383139751182765 0
4.432275780345813 0.8117858484807967 0
35.37542510468018 0.7593368299159784 0
19.88495484458057 2.165933752691631 0
15.11600198500289 2.166583920567221 0
31.80446885829394 7.451011417906585 0
37.54054476985805 9.106591159985898 0
15.21109785016155 7.826432849175285 0
2.110390545864483 0.8947190178273854 0
20.02862217127264 7.760543974576111 0
37.75158721950943 0.8794753434804338 0
32.53275743712628 9.032827366525972 0
13.43312856256011 4.517934785513225 0
21.80649693342723 4.661413108229386 0
4.595133041280494 6.015987566492353 0
2.394130086038346 2.997151819941108 0
36.15064297438062 3.715642053033292 0
36.05855210738696 9.068159597041177 0
8.549851631927014 9.237947895334107 0
26.45033096927453 0.7620885139652097 0
9.786415234612178 0.7494544128376792 0
25.20529666385655 9.256617377730796 0
19.3408885177098 9.222922726272678 0
37.94734658671656 5.916814353949117 0
15.67400431100325 0.7711068027988692 0
31.82413954541496 0.7921859660730954 0
15.65137821257566 9.224772615459832 0
3.793076432160713 7.59614825321824 0
19.32475703601578 0.7703317497847467 0
19.32782597880485 4.022907034453984 0
36.13566648252126 6.217685795360079 0
21.83246731294336 5.681196605952292 0
29.59751538148901 4.57877275572681 0
24.51991206960231 0.7365404426664108 0
35.30168146504515 4.48672278199171 0
10.46642070319376 9.286701668103097 0
16.87793400183223 8.144618033559361 0
17.98321340934587 8.256003787212144 0
30.48435306909316 9.297813010193192 0
17.98261155014573 1.773319036654209 0
17.03215668100967 1.738206511652729 0
5.011579204399379 2.334372906804586 0
2.254041176186947 7.028954703383782 0
33.17171215667726 2.113127363551604 0
7.855928269152028 7.767678540612207 0
27.14562689296803 2.232804051244322 0
11.34246446649932 7.928732401296354 0
23.78329772678075 2.14081429533856 0
15.13725212584276 4.080952570199738 0
36.55347418326391 7.814955418914924 0
37.11958012327565 2.222226461920233 0
19.39032467235966 6.286856413113567 0
29.76076440434083 7.964274546723587 0
0.7497169853378726 3.548629884817795 0
20.90593974815479 6.280167185637544 0
3.499999999999968 9.297183668184514 0
10.13666179711136 3.953088911785816 0
30.8633382028708 6.046911088207042 0
32.23697334414847 5.999876297118732 0
24.83962853323121 6.049195998478327 0
3.964894628870711 2.596222770080452 0
30.41063816203312 0.7868318768701409 0
12.55720246424037 5.825816826133012 0
39.29015577062639 3.516301019663844 0
39.28598381183481 6.513034331460436 0
18.19398086670628 5.557513261423454 0
8.435526996145825 0.7209864577985297 0
28.85249262794191 4.239927433307029 0
26.62677483077334 9.252720206037825 0
15.35851801901969 4.909033340693108 0
16.86999590315477 7.044458787734328 0
34.2409811732811 3.252809164432863 0
20.75065508631719 3.587777033833807 0
36.3281745157166 0.763406299194924 0
16.88286547856237 4.478618752486443 0
37.9966331508373 4.162735494641515 0
19.1655321265366 3.213745316422946 0
0.6793108169156383 6.505823740520052 0
2.898982480247495 5.401896934624218 0
34.43872358706179 8.130203612251883 0
17.79281188618624 6.86601965078403 0
24.89003077304978 7.158557166088284 0
17.82007852803176 3.300395067678464 0
10.10773667049654 2.846200583880537 0
23.66101281373884 8.100313801436402 0
6.217756481571818 5.764231617623425 0
3.708318458786304 0.7593603158207016 0
11.3389630063736 1.901855861989297 0
5.986838425079711 0.8327944603873996 0
22.6994606269407 4.212355964864202 0
15.80199013472699 2.682426337891327 0
29.7987982218267 7.132753400571548 0
32.29300260721694 6.753394111748998 0
30.6981333432152 2.257626573817125 0
15.69102572767051 6.509347987963181 0
10.54772486081173 0.6954237992910925 0
37.68283009187328 3.531162217007219 0
1.839397044086712 4.366136332220842 0
19.30315937165972 7.238683668152311 0
28.206667299063 1.78256379714756 0
6.806631534444875 8.210744389416661 0
37.40462374197321 8.0338234488101 0
28.25798291332622 0.7900547931886857 0
39.23851847153733 8.211374499496262 0
39.23851847154052 1.788625500498931 0
6.054847936973371 1.844844742637785 0
8.631137233058888 2.057980082091635 0
36.40874392490821 1.73567653623274 0
6.871534571611671 9.221969570693552 0
36.92355348400972 4.90200594982714 0
28.09589078072371 5.819442889318997 0
0.7714188788343977 1.84800179013165 0
28.49999999999995 9.394320303388618 0
24.44370731261365 9.310211835735741 0
1.784199121220873 5.839448280776522 0
1.835298881213314 9.234739054270758 0
4.350174270633715 8.124668748807395 0
18.95498458393725 5.607787628077888 0
28.90419142013943 8.171013673430746 0
33.62525128088078 6.847236035156637 0
23.30591449946583 6.888419434635939 0
11.68495479275485 3.131304392398528 0
5.423055437929184 3.157030382796489 0
32.58300334473383 0.681031365938485 0
34.41279706482435 6.725595123433651 0
12.79601827702513 4.260730080704056 0
11.81281577421743 5.398777576904176 0
26.34181451579969 7.977820449466035 0
33.04563325697808 8.140331333813496 0
11.51784370723371 6.934180089473296 0
7.534042830972987 6.842612304598074 0
23.41308436896519 2.976429090332301 0
33.46595716901643 3.157387695402778 0
27.465957169011 3.157387695405435 0
23.76909270363417 4.627439031073135 0
7.096533036145331 1.978301135475919 0
20.22048496136159 4.993408634890337 0
7.650998414270012 2.797636478568795 0
34.81334293236116 5.899807440450329 0
35.36786805571861 9.281597094082237 0
5.891361266683461 4.430763312302913 0
20.612836226071 8.085604005237697 0
33.83055213513893 4.605394617265588 0
14.3984003792093 1.725075747266497 0
20.76474384386068 0.8091083184038368 0
6.812209422180327 4.311321874468792 0
14.23837087083109 0.7755108217169849 0
27.23260294929111 4.546973423813638 0
14.17090796375337 9.265411950710931 0
27.84320772178451 8.042524566475427 0
22.60059334543031 6.946383588473998 0
0.7206376686174103 8.226121670742835 0
14.40983256841589 7.863592138526399 0
20.7669181609618 9.216118683807743 0
20.59552084401099 1.738133281144105 0
7.054666223225469 5.578467484404866 0
17.01068336270372 3.196172232568311 0
12.40350802636312 3.116796108320906 0
11.8729747670856 0.7064386369085742 0
23.13269144841814 9.295471758243176 0
27.30402876785651 7.252500512627575 0
29.12253016762743 1.850432813463383 0
5.899153309577011 8.141570818666366 0
34.48890793981611 0.6053962787251737 0
26.17187889944763 2.458777264476008 0
8.828121100536318 7.541222735527316 0
12.89949050389873 1.843782819286217 0
12.49999999999994 9.454009743561732 0
22.12349621053919 1.829270326879889 0
22.51856213151425 0.5770137600405717 0
32.84571012108415 5.630661147630145 0
22.10777348543854 8.163653002418471 0
0.7097898748322422 0.5704865142112147 0
30.33940343993472 1.492547845185382 0
12.44106590404313 7.951303729187403 0
24.16555737506835 5.633856800731971 0
5.090463254261918 4.546012605725429 0
17.81508139690898 4.323544168864297 0
10.8309159607503 4.36514297747214 0
28.10314753466126 4.384077787650916 0
8.303754859318252 1.464274237624884 0
29.67532341535273 2.835238823356727 0
32.18443545501959 2.454828150648301 0
5.333129637620625 7.180865333536214 0
0.6393453048684975 9.360654695131496 0
11.13150370317985 5.439824014165607 0
31.32125046545749 8.156902297114074 0
30.21815892788745 5.68310530037528 0
34.03510407294175 9.336145559262167 0
6.978368299496814 0.7312657894100414 0
7.825042999490519 5.487246848704703 0
36.70195891459466 9.340934291417522 0
33.19330405995713 4.548336273401165 0
15.78632799854921 3.547897962175352 0
16.54183742058737 3.761462451777047 0
1.499999999998741 0.5248764756504527 0
24.74431968673551 2.401520715729909 0
10.25568031324574 7.598479284274153 0
26.69948851596944 8.596453016151834 0
36.34544308111858 5.411436952933017 0
29.12930367046496 0.6490123708961493 0
22.43413294471048 9.408151745478657 0
20.93583016597039 4.375057668729334 0
19.29443316641922 2.556925172963191 0
12.57020417059589 0.5928196195133812 0
33.8964776722154 1.816077870373186 0
38.39184014697683 9.400231819219542 0
23.02871583718528 1.79806371364972 0
29.32682049118435 6.555759221698485 0
1.75578432759863 2.704159878676403 0
38.39630174669268 0.5957701887175348 0
2.774218069991842 8.314860424506367 0
16.61457115027307 2.49594802053061 0
37.59753401873286 6.549941026817864 0
28.48798353313219 6.603158398875143 0
39.44790405769006 0.5520959423088763 0
39.44790405769118 9.447904057690497 0
38.22524822120912 5.518204261064259 0
3.388617343762203 1.787375163071609 0
34.97735161352848 1.818103792450134 0
31.30109589326318 0.7110722538482132 0
37.24474237798986 0.734802176905453 0
9.275707767044674 0.6959014861795124 0
17.49999999996652 0.3305426612297885 0
25.71365316924139 9.312064426286234 0
17.49999999999936 9.698610372809641 0
1.731510339975644 7.538474787614004 0
33.99891758355296 0.5385712746434349 0
6.166516892409645 9.418379725859028 0
2.699223832631986 0.7296063624534671 0
6.277871675732267 8.966693824432232 0
36.34999291889341 8.240087945902609 0
6.642437952018272 2.195121526270076 0
6.261397520158692 2.430678147257664 0
35.16694048943842 1.276836152027871 0
4.234657690414799 6.585820139581791 0
3.924892941243493 6.144758301213414 0
13.09791856017515 8.773156586583562 0
11.87425430712143 1.878072587708301 0
27.43597732374062 0.3352187562991764 0
7.564637351469215 9.664874102283145 0
37.41813606122857 1.733903375340429 0
23.12800625938276 8.124383077845778 0
8.82541168755589 0.6864121678331291 0
36.1850188936011 8.657822671944693 0
36.77027147672558 0.6961124954769496 0
9.552262502482963 1.814930856811299 0
38.55459434371485 5.051902046734583 0
30.82992876546924 0.7092875574472283 0
33.51740028546962 9.362078906179123 0
7.823603299202714 4.143485338170704 0
5.401832335700639 0.6845849911606848 0
31.19793651641645 4.954666030417112 0
25.22232429267342 4.969935317506048 0
9.770789839385037 5.035178967989197 0
27.17330110740572 5.93835704480206 0
1.589243644535621 6.980770909871509 0
7.188482208673129 9.405530625847662 0
37.6288050933065 1.28631966919383 0
33.01661807353113 9.260972841933723 0
24.08593645123169 3.657826997946849 0
10.86623387245424 6.373974573462584 0
4.765012613004878 3.71651634638261 0
27.85530496152259 0.5985703540287383 0
28.7591544674438 2.086880105839141 0
6.254425056036744 7.909661584533292 0
4.015833587187643 4.580521332539779 0
3.696529682015326 4.034231364877982 0
2.651447103219589 4.583354414127215 0
6.616416525032945 7.658564412328002 0
28.39084705417612 2.341487143977437 0
25.43400381659163 8.198821267883199 0
5.134156527508 3.421616746561977 0
8.708179557901305 6.669055598088645 0
26.28552393211201 3.339191869934377 0
32.29789278507665 3.332327441148628 0
12.39443013962981 1.858714906807274 0
26.18747922488032 9.310765369055243 0
31.63535925861627 1.75112240337743 0
33.50261493694407 0.336772515068377 0
22.610259816616 8.1454961448398 0
21.2325733402728 5.717801855701538 0
11.26004474500862 6.662219133695996 0
23.71695117027685 3.308019820255617 0
12.81459559201989 8.325601323851922 0
11.72926226339313 8.586526408719115 0
28.26984931529963 7.847100918945156 0
12.06607662558141 8.199544992698193 0
9.706987824412064 1.269741755539718 0
2.675573603467575 1.891381283051003 0
34.17861280462733 0.9955169995137894 0
28.68967662379756 7.643973683306207 0
6.323729954919151 3.013965106525333 0
31.73858525318263 1.272471123427541 0
1.389956293130793 5.114157291413792 0
1.623135670322559 5.521301427293973 0
33.92652166123896 8.171566267110146 0
33.46215821787772 8.174942174297351 0
32.2913697657566 7.696484385264076 0
29.88571069224754 4.064564430391978 0
29.00377485942105 5.534770743453667 0
30.15475377253501 3.551216177706875 0
15.72859067828236 5.312556927801611 0
8.143719149698549 4.604314696625509 0
38.43345634596329 6.023349119267109 0
11.97687427249272 9.522085906937299 0
11.52439264842525 4.070361525799844 0
23.46065642898576 5.960144224416896 0
33.50542861432893 5.885099874657953 0
25.28033766586542 8.740007127914629 0
23.06068541419413 4.636013414844673 0
28.02582901858464 6.306582871820066 0
16.09092863181076 5.772424376912578 0
23.00703219836711 0.5269978880872995 0
28.47687101586324 6.136098288891193 0
26.8475999146418 5.424213089334935 0
32.32211598687545 7.198169644103086 0
29.48730229868224 9.657550824092535 0
14.19641764781468 8.753570617192503 0
4.111940723605582 3.543055501087111 0
24.87072701502606 4.481254647186668 0
10.07688041106327 5.554707711003452 0
9.224605784119197 8.404134658473209 0
9.806749560588884 8.418490990824191 0
25.19268465182659 1.581509142691804 0
25.77513762825926 1.595863347367345 0
22.17877552411046 6.155701197739613 0
22.46627109006836 5.641113290387995 0
23.32373214447422 5.012837810369661 0
0.3615536632151917 4.539338624378652 0
30.87913627891063 2.820415824736881 0
3.803807616531042 5.128760812252826 0
23.50084482118761 0.3346599680737757 0
11.47687427249272 9.704082659083388 0
3.240638211560912 6.189143343141615 0
5.662279475022912 0.2775981534624665 0
10.17888373121857 6.62803105594119 0
24.77328659247074 3.403770515468636 0
31.24907525869878 2.550219760820633 0
3.093861539250387 4.019411418845754 0
35.55843490910498 3.874663062639287 0
2.37013018195338 0.2982396726091285 0
5.872770806583508 3.145569000558655 0
5.100048196239723 8.653592621152931 0
17.99377100806751 0.6289747926186463 0
17.00610898062732 0.6290481681910548 0
27.99957426467653 9.460630805432666 0
14.1021024184875 1.428087866119393 0
20.91646773809922 8.488978884197804 0
14.72137458745523 5.612127094702378 0
14.89994940742171 6.249414275947127 0
9.068691627787237 2.929384627424831 0
16.57376162703899 7.495617025291036 0
4.883644787456007 0.6775821205251505 0
39.64512831807792 4.505969236981177 0
2.765470009473222 6.636645703803699 0
17.00598595730061 9.40355093719635 0
17.98678996453933 9.401574415685241 0
3.605878324125932 1.248125348814471 0
30.90005504353446 4.457220365760632 0
0.6114593249944825 4.055548585984588 0
25.92313218661219 7.09022580670158 0
16.25329951835368 7.921011722056259 0
1.277573876067788 8.421719479033436 0
36.10774304701528 1.399805762328079 0
20.89444210507435 1.442115856931471 0
15.18450189346223 0.6727687859947328 0
4.590989974643203 1.241220674221716 0
12.04567391674963 4.524916894628883 0
2.360191946190697 1.397251036129426 0
19.82456623172009 9.325363468457914 0
34.41407393745994 1.856684932055672 0
39.27738413850984 5.051640604793197 0
16.77602152887899 5.878798121874051 0
17.14593893410408 5.47565632736223 0
15.92156590383568 4.863650049082443 0
12.11510744122667 9.094952189474242 0
13.84324656936177 6.56091971541127 0
11.59477077282956 1.444452470063195 0
0.6844822341190376 5.08724350133393 0
19.81314081187722 0.6712920555359226 0
23.01831559168091 5.528324138883622 0
15.16056727548383 9.304390373856291 0
28.01458169300172 6.809356747690167 0
9.094904872605367 6.183178431343109 0
25.90139492521247 3.822706006383724 0
31.92108719197269 3.811876551808674 0
22.86535525122648 0.9542433575935499 0
15.32256553271304 1.708867137892589 0
9.106073386196291 5.046025153423627 0
25.88706355353552 4.950995895358269 0
31.85890319775048 4.960932444816959 0
0.3480281622147467 2.528486530487321 0
31.60804651512975 0.2640619886910318 0
4.784091115994392 1.748749693662979 0
19.75756495540062 8.255421825770902 0
1.220375837452465 7.937530443400355 0
1.308324642178279 1.673862172728752 0
22.06602582047792 4.165157875404589 0
10.15197347244363 7.137708681108223 0
24.84804641743935 2.86232721290994 0
27.49957426467654 9.662524037636461 0
23.4062078911689 8.558412341260372 0
2.781901507927086 5.051563610948054 0
19.67580900015121 1.707432035816264 0
11.00290887473707 5.861659984910067 0
2.89710148426139 7.121341659891349 0
4.519892240073871 9.652510392075643 0
24.59006157673436 6.523819556587706 0
15.3166770137121 8.278491411104774 0
20.63258374499947 5.747044430497014 0
14.60832396929778 4.30231636127819 0
12.47395029302507 4.396146539064492 0
19.07721289427171 6.646578681027218 0
25.40176555461883 9.752205792576932 0
15.5085663080465 1.243708098636472 0
14.27605918270218 8.286297346464327 0
19.52832040421301 8.742881409669758 0
14.40292926564848 6.722524900481146 0
10.39351822086966 3.478541129726007 0
13.75728778153655 1.146321217902998 0
17.45371580372602 7.979415816301682 0
17.45371580372543 8.498817646400143 0
14.70595741340485 0.6742367923007713 0
2.556146064908543 9.687494070897472 0
21.25896046278512 8.833842984811019 0
28.5282775075222 5.646199389971003 0
20.29990944613742 9.323095454302935 0
29.25403374200611 5.065797135869457 0
11.58231452994394 3.565115940800277 0
19.48907639729628 1.242231368180636 0
3.995031035089212 3.061220030361132 0
33.99195523893975 5.495884627396038 0
18.76367601786726 7.0164605402856 0
13.82602643678489 3.367597949665896 0
14.4418728272072 3.221264507150162 0
15.4634371345168 8.744604666532958 0
3.714488569374433 2.221416063254088 0
4.690488687825937 7.701459655219463 0
26.85824528504802 6.507166621396344 0
8.133379347035104 3.571515885829006 0
20.29313641449219 0.6842175784089526 0
9.595471744859347 0.2498181376125597 0
14.66707719254307 9.317936818939989 0
1.649127613599756 8.757925273542744 0
32.14710093303949 2.858519411620412 0
5.546540392691495 8.381605835299411 0
8.861548678448505 7.141088177755517 0
26.13845132153494 2.858911822249409 0
20.3384348967903 7.316267537606298 0
33.67836802431391 9.778715186420722 0
26.70332276795996 1.153811395519978 0
26.91942098017152 0.5892482609542462 0
1.266135902050741 2.145465134207174 0
21.2549914312357 1.154015473055487 0
37.16779099786392 6.427036127631408 0
31.0131449269413 6.663923043497611 0
30.53644833246733 6.57412021732621 0
13.68332137935901 8.955427620950264 0
25.88601736076586 6.025461797312964 0
9.109298445937602 3.989226127029683 0
14.73567929721822 2.668777956758254 0
3.231866470272593 0.6844867951179059 0
8.297442688654757 8.846334831710983 0
8.081254562111575 9.410856734061179 0
6.66254288789685 5.932505370963099 0
17.51280500638559 2.011499151121789 0
17.50492274370776 1.501051177332101 0
20.25523979470292 2.662871560597219 0
28.10572893631127 9.004028026009429 0
38.44568924434954 2.951185656421134 0
38.34315521963777 2.336003921257947 0
38.41052440333394 7.683184555091849 0
38.43845311736925 7.074929888659606 0
23.39976098954738 6.475340985482486 0
33.12461996066916 5.749297995474187 0
7.094907594885065 6.028790041915279 0
14.9829691173144 4.663979617594911 0
4.517668941513119 2.709706871164264 0
35.76330344027261 1.074359193555825 0
7.531857990345999 0.6379008846755841 0
21.52980775841064 6.191124254080457 0
4.250696910919453 7.576816712842764 0
7.326122766491448 0.2437552631366805 0
4.366169798275854 2.207170445991578 0
22.36150369429126 3.723522407894421 0
39.40851357495339 4.011402910204988 0
9.502161663150661 9.657252357754322 0
25.49755981678471 0.3426985064800523 0
1.151405808460998 3.9021065724816 0
14.50542420648565 1.249262041389604 0
11.19392895668813 7.279893423530936 0
2.14658563505433 8.818175776638133 0
20.5041881881611 8.684963456048834 0
31.4776835461507 9.686067790278392 0
23.82498768969947 2.713527762632165 0
29.98208665504664 9.423488494156933 0
8.78198930958686 3.486050356261157 0
30.15768925870228 8.909558230107992 0
26.21124076576221 6.54107715282766 0
37.58386240650062 0.2931584478268113 0
39.66723959993047 2.532033914784329 0
39.67155593713056 7.479335772128167 0
34.56642394021163 9.409986881963013 0
34.90187901104799 8.433114908950143 0
0.334823338171993 7.476387865502332 0
19.83477438921573 3.782204974595324 0
1.754648531188307 1.35610124862733 0
32.07395441459273 5.496063039366182 0
10.0036972813663 4.490698165826047 0
30.95510935283281 5.505474888662438 0
24.97891731967432 5.517540786716829 0
37.51351492328601 9.702197053328632 0
26.93508807585779 1.644049907946348 0
37.38857565315947 7.407017854879515 0
37.58938317017461 5.577366456391744 0
8.066134901063096 8.356245046803682 0
23.91610702799224 4.192526707562683 0
28.98730229868223 9.455657591888741 0
28.76012363698364 8.999054812465504 0
4.019892240073875 9.418238281470481 0
36.68050181912673 6.316284383812146 0
13.69703879467697 5.984239719342082 0
35.87787691524402 4.280129576161314 0
29.03073700584667 4.650720630382804 0
20.49164336250597 1.263595338790321 0
0.322928570903846 5.547904876955267 0
0.6473565286204166 1.339550832386124 0
20.52955887882681 7.727931754465907 0
39.63225582043192 5.545671367804476 0
12.56373847407836 3.537737651634222 0
2.964777029620374 2.921057987642806 0
19.4949754560983 5.449697154583181 0
30.32122293108695 7.914113932287438 0
36.95825486396793 7.58848184479728 0
13.57783306407774 2.357963398540032 0
13.40861266020239 2.952973492112175 0
4.936322700669097 4.165678902755169 0
28.43709349941431 2.916924284478349 0
37.24811880260566 5.239096988351085 0
0.6268135272863647 0.9137124070793119 0
33.5560272338237 6.395427420467946 0
6.83985729519626 3.338373402679407 0
13.13642128883004 4.984084720820343 0
17.37463517795852 6.658209054985768 0
3.040299038310088 5.745829082766235 0
24.33764278671326 6.970061828021333 0
7.805635724134722 6.340274310534912 0
27.20662191055997 3.660431857050879 0
33.21452667054559 3.652643467616727 0
22.1769575613133 8.643582121596909 0
8.059940032307701 6.670633373212215 0
26.93376345770565 3.337614094811428 0
32.9416682176937 3.329825705375549 0
26.20732068728776 5.477407310414524 0
12.69457522429902 3.919048975761938 0
8.780804333881681 4.535521015052336 0
29.5948688572248 0.6030240381198707 0
30.84854369162352 3.39336869427924 0
14.53200810193366 2.200567544999112 0
11.59270137232148 7.443230695031732 0
38.89511031498028 3.844768804326209 0
22.43481753493944 6.577430191913515 0
9.751037322830648 6.164618902091894 0
25.20370941876275 3.864783745008753 0
6.585941333182407 7.073255286142785 0
20.45688473106921 2.199013660130433 0
23.3492688390195 2.524812488620123 0
10.65348745796683 3.031733378506098 0
11.36568695405168 0.5938891291719057 0
21.45661295622084 7.644838130264456 0
21.61706875184382 7.12710313263231 0
38.51026032668477 1.109410830483547 0
2.477856648135683 2.4590651998537 0
16.9255418424314 6.465747734066426 0
29.37643455681106 0.2163374569653831 0
12.82823672975979 1.359943806498891 0
21.50121526203043 2.98692865736403 0
21.37819583745894 2.372729130072795 0
1.337121003858416 9.372156585892336 0
14.0781466709972 5.50855772316721 0
35.640173687529 6.07383092212844 0
37.08083456148424 9.482508483801139 0
19.45926926114009 5.887856123843392 0
12.64812281569585 2.266680707303486 0
23.63583916993777 9.407832641764324 0
38.56983546374956 8.895470705147231 0
38.10002570404916 1.043266003021033 0
6.321735574856555 0.521353416599147 0
30.84138495145917 7.9783231824176 0
6.659456099826726 0.2437552631366805 0
15.36190214932686 6.389396655047946 0
22.36698881791208 7.740414840961992 0
10.68855037599639 1.164057785992951 0
24.30619562129365 8.840688702556911 0
36.74427044988415 3.650420806175573 0
36.49915032976401 4.16865099288403 0
36.68775372020182 2.657681358836614 0
22.29875600408705 2.310857293161915 0
33.11996859954243 2.742117413481768 0
34.80113956923677 0.9118567610840719 0
31.98860269185947 9.363676912453714 0
28.89485411036346 8.591285935812881 0
12.99047850277541 7.864570510630564 0
13.38897348153287 6.976288234506612 0
13.48170941076444 7.602255722620291 0
38.10161792153551 8.949268626309097 0
35.00544836135051 4.001846482703662 0
14.43781762113543 7.313921996436371 0
30.23528693949023 4.518649779845881 0
22.66787882301235 2.028176040239705 0
31.24426871538028 3.845287532879093 0
34.20666270607402 8.591369952717983 0
35.2115938339336 8.816912736226929 0
3.871609233214032 8.897045902084457 0
23.89822787225714 5.780130485789215 0
15.84745888686843 6.18100372251457 0
28.6874766681654 1.642647976146514 0
12.13791242593391 6.187987621804871 0
8.79652948912247 2.481444888722924 0
0.9384698117434772 9.414128466179248 0
26.18620396386522 7.549872982670256 0
2.78180494576367 3.461111182832668 0
14.86993069518587 7.534613157775939 0
22.12521139719551 1.328279621638264 0
34.34503469098058 9.778715186420722 0
0.6051677884928792 2.144487127197876 0
6.346616397996567 8.332419167934212 0
11.97027668997286 5.766767978276242 0
29.91649303711817 8.465045408951456 0
33.03182915919049 8.641083286538223 0
35.35221771183422 2.824082795110556 0
35.47332784934483 2.250319494665126 0
36.02927505209571 7.767344702339492 0
31.26727196723485 7.642590585768737 0
15.07249142647677 5.218671258046506 0
36.51844613961565 2.208462426469672 0
34.43858440892797 5.69040264163726 0
32.05552400647961 8.779789690864369 0
2.154479495748994 4.481382348874041 0
9.018778873793019 9.403234989532358 0
25.98100347321713 0.5967280111351223 0
10.95229642451702 1.566201806892352 0
11.90044210459129 7.782271908269768 0
34.09115877862919 3.758097315291245 0
24.04529745500205 8.437389357790464 0
8.75603150764924 5.584113425689094 0
32.23784020146091 4.43007579909006 0
26.23315178233787 4.42023748641386 0
15.39110483109056 7.34600719646028 0
15.69768746779679 7.814949993928233 0
8.901633667002869 8.838713087182159 0
26.09823859433941 1.161291145700854 0
5.689260610836494 3.553676974506324 0
34.98487764492508 7.949674987090108 0
11.09275376798339 4.216172672793679 0
13.78746702453222 4.984735701451377 0
6.315138643372845 4.112263602404166 0
5.062564275279654 9.330233594370155 0
14.0402827815369 4.447977099716018 0
28.91564456143944 3.258318092853898 0
33.51848842297262 2.60124515487743 0
36.57318611836316 1.274671340887863 0
7.889244875726804 7.218151221240718 0
27.11127351163539 2.782009642715899 0
4.087543266896529 1.087353941797064 0
6.108810905510556 6.732856042718289 0
30.07855306804021 7.472295329860228 0
37.71577566079918 2.211378827110607 0
35.48250487411588 7.643524669716771 0
35.37736889315366 7.058028838531495 0
4.812527732720416 5.454754393425502 0
5.196580810355566 5.901187488224313 0
33.74925005792894 3.444829109350033 0
34.07212286803401 8.993350601721412 0
5.845362553754587 3.978254617675133 0
2.167912358646323 9.432407088987725 0
6.606192336499364 1.718318410201012 0
0.5612602771438725 6.978329112342351 0
11.77277469306689 1.045980061702954 0
32.80110541177681 1.125181839960534 0
12.73524477157021 9.155526036184959 0
4.919236501598163 6.464234091590676 0
29.23198068711281 6.008869916648304 0
29.63970451472755 6.132169230983837 0
38.46393610838391 4.0602469626521 0
38.25454957356203 4.560475843806061 0
6.623844857203853 9.740656523564517 0
23.23010076939534 8.95679832686263 0
22.28574404773728 9.058415035950304 0
9.751069901425181 7.456856957569589 0
25.24886211666655 2.543148951822957 0
28.4193276377638 0.2633515977295619 0
37.51135097121389 6.093752023392175 0
19.1193906487635 4.584383626997087 0
18.79021791675212 4.167470051500008 0
11.03299450794343 5.031670189174957 0
1.064333524778518 6.806393922250265 0
22.25690003752053 0.9108607660251585 0
4.225418674791708 5.576739158423488 0
34.20697736412998 2.244146009077953 0
30.52782899546203 5.57690259664965 0
10.77320782535881 7.501326488464554 0
32.59305154598825 8.473832345190477 0
24.26873279562291 2.5218916377647 0
30.9724679025151 9.452005460342788 0
30.81473717283741 8.938075196293847 0
25.09408616344053 6.60221069537554 0
11.6243249223466 0.2354795456361914 0
16.50610898062607 0.2985055069612662 0
18.49377100806759 0.2984321313888578 0
24.87231265134934 1.138420917259046 0
25.00419717332589 0.5882119873688559 0
5.00372254453261 2.896642742069609 0
28.35528771894271 8.281243300545489 0
19.67039346332312 4.396429148858148 0
16.50598595730119 9.704940564386709 0
18.48678996453991 9.7029640428756 0
7.458366272230209 7.332856715753593 0
27.54306399660114 2.668148558176009 0
24.27047476549462 4.554941127262384 0
12.71847461865885 0.9429560732412788 0
10.12263380056147 8.869320677122806 0
9.990968564215271 9.419486247122022 0
0.453327657828636 8.862258788624777 0
9.897340705553693 3.400362931287903 0
23.37756381613935 9.765157252747725 0
10.47462281010444 4.442125765073329 0
0.2571396262781326 1.616000596710541 0
3.967305487374871 7.112540368490419 0
24.50915909643986 5.564862175506107 0
35.01067860113725 9.391804060236369 0
7.126978248026198 1.497515784193987 0
7.532554441737464 1.74662080707083 0
28.79576219459151 0.479689054694945 0
10.92393698529373 0.5902175166327451 0
32.69279469487682 2.507930898563609 0
32.52252445495418 5.550009363105016 0
21.7059122376107 8.483021091014594 0
13.31099432589243 1.502411883759409 0
26.66237733309533 7.651195239202511 0
31.32685514541568 7.131956486730792 0
24.07284445800294 9.412746000928514 0
24.00748217773031 0.5801734489625793 0
1.137880307460553 3.224587811923605 0
0.5979338239940376 3.044696492093259 0
3.241196391382024 8.932029580906287 0
3.056146064908537 9.453221960292311 0
10.96568117355733 9.466316548451088 0
31.74565778138276 6.031232824510872 0
31.28777940095687 6.046911088206976 0
25.32235325401452 6.046655851467492 0
9.66747494023347 3.955249463237822 0
11.48516954186536 5.161880912822338 0
22.10213261211415 3.20143957707847 0
22.48856745219639 2.813269419434913 0
20.30905075838652 3.637161641055265 0
35.9928754627344 5.704697061634161 0
21.53275906869695 5.178217163232151 0
22.1174890527927 5.136951654259453 0
1.611766293737762 9.744913018090253 0
18.04836166204695 3.781859338461485 0
12.85596159956299 6.80898061528444 0
12.39195572126678 7.15490750325412 0
39.40693651965225 1.288845108788698 0
39.39457195601252 8.718857298665018 0
8.317091272018574 2.379479123545403 0
5.462682127631719 2.725458096013252 0
13.60986197710867 3.970228555782432 0
2.375774760669403 7.596497108958304 0
12.90971561318648 4.592888288738688 0
27.94299057720432 3.093505613978 0
21.7079088867952 1.494069475880838 0
1.594257718305485 2.430851163722091 0
0.8453490346159519 8.822835689760192 0
24.2089309890876 1.130382378852769 0
32.99734168242462 1.60254717249824 0
39.43062485680593 3.037467588006668 0
38.91896887103467 6.822420182759209 0
39.43355054107549 6.983680549282653 0
38.91722159683283 3.204166815460262 0
2.101876590441212 6.55409727512816 0
4.477425260112818 0.2705952828269322 0
38.79747513909243 2.013093240575437 0
38.87521837690021 7.996788238536727 0
19.49464804675119 3.455453111140464 0
1.680160070255851 4.688297858532133 0
15.55800143697808 0.2570356009329564 0
13.45465215609966 0.2932586008724372 0
10.76401307657019 8.916150978451872 0
1.514632494710612 4.174608721615949 0
28.08034008986808 4.949949820296954 0
19.44158567865118 0.2567772499282489 0
21.5590562741463 0.2912773765053843 0
8.320604298914581 7.4510213648838 0
23.30924716636259 4.254695154715418 0
26.6799140884476 2.549139499072757 0
19.44696283923657 9.740974242090893 0
2.999269081379315 8.604588499680236 0
17.62493539572761 3.816208315496758 0
15.55045940419185 9.741590871819945 0
3.488365210564496 2.787414971022587 0
35.67638862049819 8.875027573031698 0
7.078125502143954 6.895236205836526 0
21.54677146670955 9.706732102359114 0
13.4303449361696 9.764656505794106 0
24.78301915544743 8.95021910611724 0
27.88679817690612 8.553429447038367 0
27.47891524651321 8.322374415539359 0
2.173862934187632 3.511365041197946 0
5.95374458838738 8.606560907089836 0
5.165235367044873 6.852526680605295 0
17.08264330166232 7.57556748314241 0
23.96339287481375 1.598473663076819 0
10.20932675583682 1.055466340069796 0
29.8444097172013 3.170800724677717 0
19.9679464575087 4.719929682336932 0
11.05602766433871 8.463494556182956 0
24.14781282225962 7.924021573033599 0
10.84979089562101 2.078680776065335 0
29.87396269117903 5.021540368953477 0
25.08545979298567 7.691815022869992 0
9.907938703802659 2.317581036204526 0
39.74617282384578 8.403791499830577 0
39.74617282384684 1.596208500164982 0
33.24608478842718 7.721612922090177 0
5.54267203520574 9.67772320229451 0
28.55094066146181 7.12135525845434 0
4.977637803714225 4.964762739836527 0
39.41341242377731 2.128242414952669 0
39.41772876097633 7.88312727196177 0
18.95471197742825 7.629246494225519 0
27.61047340359542 4.754453727529975 0
35.66016819863827 4.869905037353345 0
35.10449083398927 5.035008305960369 0
33.98113604876043 1.399077530063127 0
36.36477467057014 3.155486555874301 0
35.80021254431097 3.268250229060731 0
4.674100917911857 8.35075900179422 0
4.155000656758614 8.506207595625417 0
35.45847503488886 0.2531122766386595 0
38.79099923496738 1.507029267744012 0
38.8520615719364 8.499184931906138 0
5.018140476821574 7.386858516795736 0
23.03540648645016 1.361260008796599 0
7.30957501953468 3.072683688722074 0
29.99169667574097 2.636705018957411 0
3.410113236252645 7.310406176502834 0
3.428496896059468 7.878600558533357 0
31.65168834925668 8.48781466772707 0
32.51091914570875 9.677609122175324 0
33.03028271852504 0.5637829703812053 0
10.43938211699533 2.393462350029081 0
29.55765168612359 1.682213597590283 0
29.17035520221926 1.435146624918481 0
1.473236088214139 2.943097809876475 0
2.147663383496297 5.689777447764352 0
1.945262572119187 6.157595134259073 0
16.0641104176388 0.5555411078942226 0
26.98311541711427 7.409421926923024 0
24.55748547536327 7.610102694584225 0
7.863001380383859 3.152388410964804 0
31.74450929596691 2.615953619764359 0
30.3326333183618 2.44416760244421 0
2.519257836505171 5.543926999046917 0
18.93375280377653 9.443938284966492 0
7.990378332422284 2.626031255704457 0
20.32596751841321 6.299900956878381 0
9.275216830522039 7.437771441320645 0
25.72471518757059 2.562234468071658 0
27.11604792317178 6.929462180267286 0
18.93535668675065 0.5552093813171067 0
34.83782591756263 6.381413699433278 0
17.98797485812722 1.220081138170049 0
18.4972437768802 1.460477789584974 0
16.50755895555946 1.448846990153915 0
17.01682787430886 1.208450338741965 0
31.09370297162552 8.557771625267472 0
16.0564453614931 9.446531436206653 0
37.30689526940996 4.685025769267857 0
18.00046600598174 2.324299009701191 0
18.50185266205689 2.054247687326427 0
2.459558697980506 8.511549566716669 0
32.55620523048054 2.084050707645963 0
27.61993010457649 7.025804118940976 0
32.23987032329785 1.052471313583188 0
12.84924135512716 3.088557872497938 0
16.43483381694492 8.526694201583162 0
16.9652972912447 8.785090281716137 0
17.9811944343213 8.820242344755956 0
18.51828194014814 8.539149913158159 0
17.97764248416404 7.730043802078132 0
18.5147299899903 7.968353200578797 0
2.044272918103521 2.568081906548462 0
37.27964246228618 8.590132333205741 0
37.7725457865343 8.49379916950595 0
8.516617210642293 9.745982631778036 0
26.4834436564112 0.2540295046550699 0
37.04542085316 9.025835947408215 0
8.444204583105941 7.871778523029644 0
5.474232492393841 4.765756414810638 0
26.55640371858709 2.128423573139175 0
35.78486983755261 6.649425663302601 0
36.32797947460737 6.782035040719589 0
19.82076249314817 6.302130699370387 0
27.78405854509289 3.53018446075734 0
14.79374955529186 3.678234374828868 0
0.2402125562058034 8.408707223580942 0
0.5750358943777965 7.885095089083279 0
13.11438378210541 5.896378377832846 0
18.97084030960278 8.861456226178337 0
36.44272483856867 0.254468766398308 0
37.66458849168582 4.438602284205982 0
16.05484149889066 1.126480420535962 0
38.87966875433604 6.222089111770881 0
39.39425042437686 6.050016144960484 0
16.02598188719273 8.886745728883319 0
18.94462560550355 1.12614869396182 0
7.254699797467571 6.450171648646347 0
31.09724767977309 1.942265725070477 0
22.168193787275 6.996681900929006 0
10.48880690106454 9.7622338893677 0
16.12958484290658 2.297064098782385 0
24.50663735651844 0.2455134808888036 0
29.50623711350415 2.499676922035737 0
15.30913536159762 2.65957241366749 0
31.86582382183697 6.943135176551941 0
14.41279029025593 0.258503607238995 0
20.58824794793383 0.2697027728012789 0
22.40648682412514 4.64733810723009 0
20.58897272032057 9.738706227935914 0
14.39030265458442 9.755137316903644 0
16.53964035833414 1.982324156702852 0
5.501023908196378 7.509203986467132 0
37.25499948904837 3.588927527500215 0
8.017577555895668 0.6344744408050802 0
19.48101468680369 7.750593822121318 0
34.9417113230946 5.506036525446575 0
36.75678716630705 4.564105625148646 0
22.06524365132733 0.4836152965189082 0
34.404758693083 6.221156449688475 0
20.63087408908435 6.822808607960109 0
33.43929079639474 7.290581155871224 0
33.18294070484103 6.846106292958691 0
12.9303449361696 9.582659753648016 0
23.44283594289019 7.300760208073723 0
23.80960402885195 6.880015917537218 0
12.84444592272346 5.42004540102694 0
11.55468699970808 2.706686384689027 0
11.17922683205293 3.126767981345429 0
10.66438016292787 7.95890499185762 0
24.37732128252129 2.064320600246346 0
20.54380654194846 3.136819320977944 0
29.35895015496449 3.033772627756043 0
18.27504775634333 3.232879977970364 0
17.94628833194375 2.833324353375942 0
18.99511018380764 5.112677158205055 0
17.38760259644699 7.149368022217299 0
29.93681732696193 5.841284590542767 0
30.08084387331185 5.389651217169633 0
29.32197269759572 2.171408252071288 0
5.648118798419677 6.974872150276692 0
30.02198035441419 0.6489638734445347 0
27.04183254160099 9.413430772982403 0
34.76921300284054 4.572416264832711 0
7.087590002476692 1.081837335505361 0
5.689698465515174 7.829439148177183 0
30.49478435636437 9.765937670064398 0
3.569439486260171 0.2531201052735672 0
16.42962758629653 6.876956243446585 0
34.95477768149625 0.4549110362137174 0
17.9141753097775 7.266715756602093 0
18.26022685604277 6.892239201162838 0
7.934961716128437 1.575278507787151 0
30.1816016721193 6.936067654781045 0
1.052438757510371 6.211244267036537 0
0.5493655098757254 6.049846123795288 0
36.46724870818826 7.314458248571204 0
18.72353228917828 3.203996727551858 0
3.302942709732003 5.25346569466737 0
19.91680891523974 5.244904156853997 0
20.4040988160684 5.318124913581278 0
36.00808873732942 5.178143094333781 0
34.87109948988373 6.895976326298754 0
17.73678756884034 5.566957430784313 0
18.06441108334553 6.011952649892724 0
16.03663752780178 6.698585976856202 0
35.45595601857286 9.760532364694079 0
5.737455290452673 5.817268838601336 0
25.36964169104185 7.130165295094933 0
35.19939917080897 5.967871470491857 0
28.0779211718889 5.428404854186314 0
15.55108079026022 6.906978909389578 0
15.53257736611306 3.120010427536867 0
8.47850899870584 0.2403288192661766 0
21.23472473380846 6.743274479957663 0
9.625866529458198 2.877673866243439 0
37.30393516770629 2.687639112600086 0
15.63610828479393 4.009052462590703 0
21.47814900015449 4.219391776692966 0
6.851949474944329 3.854741127270163 0
16.10430338304214 3.902555756449806 0
20.93625365865948 2.07007106631538 0
27.09767551124152 8.507017232098162 0
27.12883717065334 4.123627099853613 0
1.988951920203754 3.967693211957858 0
14.04985277540673 2.072931914601604 0
19.57764944132695 6.792050478641584 0
30.47021272066813 0.262277292290047 0
18.93912653414805 2.315449732762754 0
20.97656776415755 7.862821750789859 0
26.7874029480254 4.467102097403078 0
7.273629001854907 4.228919661939835 0
38.77901251449235 9.448476405239946 0
39.47673171503543 0.8766685893920134 0
39.1310338180638 9.464367151396932 0
39.46436715139713 9.131033818063097 0
0.2499056617792909 3.516209961605922 0
4.602554716442117 4.538508025121466 0
2.549167058604368 8.0251323493325 0
17.93068808983885 6.448121446346249 0
6.402091381112406 4.584198215819216 0
36.56731963819822 9.780311430472507 0
29.17261303649844 1.034673144062737 0
8.998028189473738 1.927083948148305 0
6.162232958005048 6.195376733420481 0
25.98125749190082 8.096818716076816 0
3.499999999999968 9.765727889394839 0
18.28596972278683 4.267682429636778 0
18.09405589074595 5.131529302372779 0
26.54225827692443 9.750906735345941 0
38.94806860146041 0.3826220436754704 0
29.96327611022602 1.562918608164282 0
38.94216563059965 0.7419253189647953 0
12.72757967482033 6.305750754679861 0
10.51590828692392 0.2318079330970308 0
33.05054979399451 4.961360105231332 0
35.80880672103519 9.449918897041139 0
16.95319484544669 4.947146336044728 0
24.48123577087119 9.770070611911914 0
21.11098449733304 3.30081851116985 0
11.94133497413014 5.015272908100063 0
6.053777630760464 5.365078134904313 0
28.88372012553975 3.795746001654081 0
17.41774365691718 4.627124408613759 0
34.27883655953846 4.611973543257338 0
33.95434909924846 4.208959132902153 0
31.77549442253727 7.952084016750874 0
20.70520936235074 4.853502693044816 0
23.56120204764786 7.704724997007212 0
10.93279859380025 4.673443176943802 0
11.43935640424766 2.29687020788595 0
32.52766778157039 0.2270104553128283 0
23.18840103078177 3.412408754746701 0
22.98581311504833 2.923376625406897 0
23.92666163414505 4.993933969940109 0
39.76338525687547 3.50543367321626 0
39.76199460394493 6.504344777149941 0
32.73885781361975 6.814825651822811 0
10.64140182173402 5.505805276300232 0
27.99645533364297 3.9390811581725 0
34.39187728319141 7.736034321034 0
24.05881652462311 5.329406559826388 0
13.13034054446043 4.115790725436136 0
19.72332468197064 2.617521969399761 0
30.70556163917938 1.697068404824684 0
7.543818689309511 2.285020678388191 0
7.174488111117152 2.512718771580413 0
12.97805354630835 0.4908651407102309 0
17.31253104590448 4.208949543766084 0
0.2365966249440807 0.5234955047370686 0
0.5699299582771727 0.1901621714037382 0
22.02481578161305 9.509449350852 0
16.42968172368323 4.720178519680221 0
12.29000607947733 5.408198134345324 0
1.420734858945449 5.989119113788694 0
11.79145950693169 6.557442042918299 0
11.9171208775219 7.02113206376297 0
34.65188159742916 3.590541943517379 0
27.69505774981854 5.882966729236809 0
37.87384304686113 7.881789932564526 0
36.25350367399387 9.469697962819566 0
0.2264369389718794 6.501941246840012 0
20.44740876042074 4.520822403469066 0
3.088877442003177 8.118171282296066 0
33.93942725663156 5.018327238090752 0
7.931356044787473 5.08172401180661 0
0.2131151016228325 9.453551565043831 0
0.5464484349561611 9.786884898377165 0
14.81708467748444 8.126141164603576 0
38.0060596750435 3.262872480636123 0
32.93468514770351 5.322135063307659 0
5.944979225797677 4.920588699797476 0
32.70509123198465 7.926257690566378 0
16.93072234851106 3.594106798097624 0
36.49009395727736 5.814541145900879 0
37.96607518648298 6.778907792134871 0
27.0815939465771 4.944666285267899 0
12.48279532318398 2.691018470315049 0
21.12620171778448 3.861513085227772 0
7.902635780307233 5.888485825237121 0
13.18378925151439 2.069210015914232 0
5.673279627313113 2.288062882627018 0
5.428361907799691 1.800059387512342 0
8.998484487813931 7.927289879227994 0
26.00153744460911 2.072757262379296 0
6.940598899546746 4.679690853201516 0
10.05648133518676 7.960731727827921 0
24.9432313972724 2.039317541455054 0
22.531262104576 7.334658369647168 0
7.021417833228459 5.102072723180207 0
18.5606227202983 5.307721743568561 0
34.75687331270689 3.019191089502829 0
34.32181186448521 2.723056440431178 0
10.11138003180179 0.4816260707095906 0
33.12364230085915 4.116292993616189 0
8.218399350423551 5.551018602498907 0
21.78930173943331 2.084827923514237 0
21.84346470498809 7.920173369875975 0
34.38323510911226 7.267831491427923 0
32.7716683235727 4.481359719066762 0
35.90119987346358 0.5075810430369675 0
13.97087085408029 7.778284299480173 0
19.00109438884719 3.652763709906208 0
15.49350495828409 4.462764255429955 0
24.88300132549006 9.522276404488847 0
33.87491142850723 2.981139088504516 0
12.43373669524763 7.584529910486566 0
32.0037883654934 2.122388188436349 0
38.46394671565894 9.80007727307318 0
22.95052645010693 3.824384379590668 0
38.46543391556272 0.1985900629058449 0
37.49168515723883 3.123951030962415 0
28.49999999999997 9.798106767796206 0
12.52340139018142 0.1976065398377937 0
36.00735633199745 2.034498423015118 0
22.47804431490347 9.802717248492884 0
17.96775606748018 4.720206271519726 0
6.591708719756906 5.451069520904746 0
1.923251288012174 3.080328552702845 0
27.41401723778883 7.744017215445425 0
27.73646176453865 7.540929865344098 0
32.13571429671223 0.4910724440038601 0
4.046864746376291 0.5237153881004994 0
23.43818267585964 1.647619304403202 0
15.63006178781652 2.187276065461255 0
33.52534487991484 1.646507593043307 0
29.55408409114861 7.510056935617906 0
28.399294250065 1.289188636054948 0
27.92419406121632 1.192758286411258 0
6.670743485341454 8.692552085276608 0
7.124026053488109 8.809112088986549 0
29.3010897077769 4.15237851401292 0
39.48263468589619 0.1840319807696254 0
39.81596801923002 0.5173653141026885 0
39.81596801923039 9.482634685896329 0
39.48263468589706 9.815968019230166 0
34.49630264659982 0.2017987595750579 0
13.86744244638578 0.5517622081114322 0
12.49999999999994 9.818003247853911 0
22.50618737715372 0.1923379200135239 0
21.14730422210896 0.5609801493066632 0
38.00037853177566 6.327658093730701 0
16.63309249158937 3.360242627477669 0
1.499999999998741 0.1749588252168176 0
21.13574418703016 9.445438330295028 0
19.79041527429795 7.283279665795765 0
13.82064759075408 9.51979382269775 0
6.236294132810824 1.336482851838172 0
5.753448314693135 1.299533238706613 0
19.48351710928931 2.966792490643532 0
37.45287907874602 6.912390380882102 0
19.4023982557422 2.145225621196321 0
3.899467227404954 8.052413287955854 0
21.23388001970595 4.742837517491165 0
14.79796791120958 1.712953074339682 0
20.25808952493138 8.199771886304958 0
20.19838036274593 1.715870483552919 0
6.544134253651972 0.9652898674289244 0
1.87013018195381 0.473198497825946 0
1.593680417630025 0.8634154001681894 0
27.78996737328514 2.209873925423385 0
27.55340872109692 1.673674705763137 0
7.215895840054173 7.788900744026455 0
7.452157286001561 8.324348412292766 0
27.62552077181415 4.285113893226948 0
28.43368226579358 4.044293479869413 0
22.57572706875893 1.636356816349453 0
37.97746163894496 9.502274326401812 0
38.04929632206636 0.4917485107326562 0
15.97835827491774 3.117805832718109 0
28.97249789053161 6.86402016004407 0
36.55142329900298 9.013025426426641 0
29.37562090684234 8.36931356414398 0
38.04641782093042 3.731331798001142 0
5.461568558090311 4.295356946103344 0
18.96115463169756 6.102946667669076 0
30.31088625755622 1.92877421828217 0
32.52822342996409 6.351416616644495 0
29.40943612009645 7.040551827276205 0
36.95061893342147 8.159587086182082 0
11.49504376961936 5.638103707620441 0
32.00999198378847 6.459423469622656 0
36.83698798754951 1.760944728462966 0
16.88811638713061 4.021588971403667 0
17.05679153976137 2.25237547908059 0
18.56237336314643 5.859832283772373 0
29.25588182391952 7.856143693237638 0
32.71245926791983 5.977172295271544 0
37.61498831710524 3.948728247936197 0
24.34857044407388 6.015586101468936 0
10.63457798428758 3.984855260923208 0
33.49910387249751 4.823328096131136 0
28.70683970719898 0.9113381606378109 0
36.48343429047821 4.983822265406364 0
36.75272295777352 5.3759811973899 0
33.66199525737228 2.154141879867566 0
30.38380244911211 6.028535970022787 0
16.25443932549236 2.767155852169862 0
30.13511483439747 1.146479821839662 0
15.31099802981831 3.586185838306337 0
16.2249740368712 3.477484537346683 0
23.22114599509287 2.132024029725929 0
30.60972991211868 1.206803505842356 0
1.069929958276753 0.3651209966205558 0
1.126813527285945 0.7553378989627991 0
17.35680271765919 3.440417670064762 0
17.45146955957895 3.006513068435068 0
7.462197681567488 5.260985185853126 0
33.95393098629771 7.069078396131215 0
34.00872814258954 6.536965981257244 0
8.593329974000511 1.174503580374757 0
8.118829175672651 1.122565853346708 0
28.53261439023742 4.58582230769084 0
12.14772631255238 0.4330860854739851 0
22.85560813104286 9.56787450124061 0
22.94890967031098 7.153580466638654 0
22.91978363005012 6.669567013241649 0
12.05033317236149 2.874729868087299 0
12.07143180706462 3.391936679070022 0
26.4206420635368 8.842916374439188 0
26.94166204692415 8.945581778366346 0
16.46981587637986 4.212796019886836 0
28.88718091935012 6.381537066351022 0
8.272938903296776 1.867126246945459 0
20.62413213540594 4.052278536450223 0
18.98503499091798 2.81575885892569 0
17.04963376699272 2.738364052719117 0
8.658533386304866 1.620168121805792 0
26.7120394184982 8.170433344283714 0
29.73184297652971 6.681368047918689 0
26.32565529187892 8.417949788915259 0
33.52155600886177 4.359340452960403 0
7.46485327508415 5.706266654529844 0
22.78320306383375 9.116840186338914 0
12.22148071823523 0.8851770180050332 0
16.65733706815127 2.938404483728856 0
$EndNodes
$Elements
5 3220 1 3220
1 1 1 40
1 1 3 
2 3 4 
3 4 5 
4 5 6 
5 6 7 
6 7 8 
7 8 9 
8 9 10 
9 10 11 
10 11 12 
11 12 13 
12 13 14 
13 14 15 
14 15 16 
15 16 17 
16 17 18 
17 18 19 
18 19 20 
19 20 21 
20 21 22 
21 22 23 
22 23 24 
23 24 25 
24 25 26 
25 26 27 
26 27 28 
27 28 29 
28 29 30 
29 30 31 
30 31 32 
31 32 33 
32 33 34 
33 34 35 
34 35 36 
35 36 37 
36 37 38 
37 38 39 
38 39 40 
39 40 41 
40 41 2 
1 2 1 10
41 2 43 
42 43 44 
43 44 45 
44 45 46 
45 46 47 
46 47 48 
47 48 49 
48 49 50 
49 50 51 
50 51 42 
1 3 1 40
51 42 53 
52 53 54 
53 54 55 
54 55 56 
55 56 57 
56 57 58 
57 58 59 
58 59 60 
59 60 61 
60 61 62 
61 62 63 
62 63 64 
63 64 65 
64 65 66 
65 66 67 
66 67 68 
67 68 69 
68 69 70 
69 70 71 
70 71 72 
71 72 73 
72 73 74 
73 74 75 
74 75 76 
75 76 77 
76 77 78 
77 78 79 
78 79 80 
79 80 81 
80 81 82 
81 82 83 
82 83 84 
83 84 85 
84 85 86 
85 86 87 
86 87 88 
87 88 89 
88 89 90 
89 90 91 
90 91 52 
1 4 1 10
91 52 92 
92 92 93 
93 93 94 
94 94 95 
95 95 96 
96 96 97 
97 97 98 
98 98 99 
99 99 100 
100 100 1 
2 1 2 3120
101 133 300 572 
102 300 378 572 
103 378 133 572 
104 234 158 573 
105 158 269 573 
106 269 234 573 
107 217 155 574 
108 155 355 574 
109 355 217 574 
110 214 33 575 
111 33 380 575 
112 380 214 575 
113 208 39 576 
114 39 365 576 
115 365 208 576 
116 209 11 577 
117 11 375 577 
118 375 209 577 
119 19 20 578 
120 20 219 578 
121 219 19 578 
122 218 66 579 
123 66 376 579 
124 376 218 579 
125 74 75 580 
126 75 221 580 
127 221 74 580 
128 140 272 581 
129 272 397 581 
130 397 140 581 
131 258 36 582 
132 36 518 582 
133 518 258 582 
134 86 354 583 
135 354 463 583 
136 463 86 583 
137 5 234 584 
138 234 363 584 
139 363 5 584 
140 354 206 585 
141 206 463 585 
142 463 354 585 
143 207 154 586 
144 154 404 586 
145 404 207 586 
146 256 460 587 
147 460 490 587 
148 490 256 587 
149 256 121 588 
150 121 460 588 
151 460 256 588 
152 155 217 589 
153 217 357 589 
154 357 155 589 
155 257 114 590 
156 114 369 590 
157 369 257 590 
158 114 291 591 
159 291 369 591 
160 369 114 591 
161 213 153 592 
162 153 350 592 
163 350 213 592 
164 210 122 593 
165 122 442 593 
166 442 210 593 
167 29 30 594 
168 30 235 594 
169 235 29 594 
170 84 85 595 
171 85 236 595 
172 236 84 595 
173 208 156 596 
174 156 405 596 
175 405 208 596 
176 212 125 597 
177 125 439 597 
178 439 212 597 
179 11 209 598 
180 209 421 598 
181 421 11 598 
182 154 207 599 
183 207 372 599 
184 372 154 599 
185 39 208 600 
186 208 428 600 
187 428 39 600 
188 209 159 601 
189 159 299 601 
190 299 209 601 
191 133 252 602 
192 252 300 602 
193 300 133 602 
194 33 214 603 
195 214 416 603 
196 416 33 603 
197 59 215 604 
198 215 543 604 
199 543 59 604 
200 319 181 605 
201 181 335 605 
202 335 319 605 
203 220 7 606 
204 7 443 606 
205 443 220 606 
206 248 146 607 
207 146 278 607 
208 278 248 607 
209 249 147 608 
210 147 277 608 
211 277 249 608 
212 250 145 609 
213 145 276 609 
214 276 250 609 
215 313 178 610 
216 178 334 610 
217 334 313 610 
218 272 191 611 
219 191 397 611 
220 397 272 611 
221 236 85 612 
222 85 463 612 
223 463 236 612 
224 156 208 613 
225 208 365 613 
226 365 156 613 
227 215 59 614 
228 59 366 614 
229 366 215 614 
230 199 232 615 
231 232 304 615 
232 304 199 615 
233 198 231 616 
234 231 303 616 
235 303 198 616 
236 224 197 617 
237 197 292 617 
238 292 224 617 
239 235 30 618 
240 30 457 618 
241 457 235 618 
242 279 454 619 
243 454 516 619 
244 516 279 619 
245 281 455 620 
246 455 517 620 
247 517 281 620 
248 141 233 621 
249 233 292 621 
250 292 141 621 
251 233 107 622 
252 107 292 622 
253 292 233 622 
254 233 134 623 
255 134 302 623 
256 302 233 623 
257 281 127 624 
258 127 455 624 
259 455 281 624 
260 279 129 625 
261 129 454 625 
262 454 279 625 
263 218 161 626 
264 161 295 626 
265 295 218 626 
266 197 224 627 
267 224 477 627 
268 477 197 627 
269 111 228 628 
270 228 331 628 
271 331 111 628 
272 112 229 629 
273 229 333 629 
274 333 112 629 
275 113 230 630 
276 230 332 630 
277 332 113 630 
278 122 210 631 
279 210 521 631 
280 521 122 631 
281 66 218 632 
282 218 423 632 
283 423 66 632 
284 214 164 633 
285 164 325 633 
286 325 214 633 
287 35 36 634 
288 36 258 634 
289 258 35 634 
290 125 212 635 
291 212 526 635 
292 526 125 635 
293 192 386 636 
294 386 409 636 
295 409 192 636 
296 231 198 637 
297 198 484 637 
298 484 231 637 
299 232 199 638 
300 199 486 638 
301 486 232 638 
302 153 213 639 
303 213 529 639 
304 529 153 639 
305 213 268 640 
306 268 401 640 
307 401 213 640 
308 271 473 641 
309 473 504 641 
310 504 271 641 
311 213 401 642 
312 401 529 642 
313 529 213 642 
314 159 209 643 
315 209 375 643 
316 375 159 643 
317 139 234 644 
318 234 269 644 
319 269 139 644 
320 217 258 645 
321 258 518 645 
322 518 217 645 
323 271 124 646 
324 124 473 646 
325 473 271 646 
326 121 256 647 
327 256 309 647 
328 309 121 647 
329 164 214 648 
330 214 380 648 
331 380 164 648 
332 253 134 649 
333 134 310 649 
334 310 253 649 
335 310 134 650 
336 134 469 650 
337 469 310 650 
338 215 123 651 
339 123 434 651 
340 434 215 651 
341 123 215 652 
342 215 483 652 
343 483 123 652 
344 316 160 653 
345 160 360 653 
346 360 316 653 
347 180 343 654 
348 343 387 654 
349 387 180 654 
350 227 104 655 
351 104 280 655 
352 280 227 655 
353 180 259 656 
354 259 343 656 
355 343 180 656 
356 338 241 657 
357 241 424 657 
358 424 338 657 
359 142 319 658 
360 319 335 658 
361 335 142 658 
362 300 187 659 
363 187 378 659 
364 378 300 659 
365 80 268 660 
366 268 522 660 
367 522 80 660 
368 194 238 661 
369 238 301 661 
370 301 194 661 
371 196 239 662 
372 239 305 662 
373 305 196 662 
374 242 193 663 
375 193 308 663 
376 308 242 663 
377 161 218 664 
378 218 376 664 
379 376 161 664 
380 105 444 665 
381 444 489 665 
382 489 105 665 
383 178 465 666 
384 465 569 666 
385 569 178 666 
386 185 241 667 
387 241 338 667 
388 338 185 667 
389 25 266 668 
390 266 524 668 
391 524 25 668 
392 465 227 669 
393 227 569 669 
394 569 465 669 
395 143 313 670 
396 313 334 670 
397 334 143 670 
398 316 360 671 
399 360 447 671 
400 447 316 671 
401 62 63 672 
402 63 240 672 
403 240 62 672 
404 153 226 673 
405 226 503 673 
406 503 153 673 
407 107 224 674 
408 224 292 674 
409 292 107 674 
410 277 147 675 
411 147 304 675 
412 304 277 675 
413 276 145 676 
414 145 303 676 
415 303 276 676 
416 263 162 677 
417 162 314 677 
418 314 263 677 
419 165 263 678 
420 263 314 678 
421 314 165 678 
422 166 264 679 
423 264 315 679 
424 315 166 679 
425 264 163 680 
426 163 315 680 
427 315 264 680 
428 239 176 681 
429 176 386 681 
430 386 239 681 
431 105 239 682 
432 239 386 682 
433 386 105 682 
434 305 105 683 
435 105 489 683 
436 489 305 683 
437 96 97 684 
438 97 253 684 
439 253 96 684 
440 113 259 685 
441 259 448 685 
442 448 113 685 
443 233 141 686 
444 141 291 686 
445 291 233 686 
446 25 26 687 
447 26 266 687 
448 266 25 687 
449 80 81 688 
450 81 268 688 
451 268 80 688 
452 114 262 689 
453 262 291 689 
454 291 114 689 
455 7 8 690 
456 8 443 690 
457 443 7 690 
458 231 111 691 
459 111 303 691 
460 303 231 691 
461 232 112 692 
462 112 304 692 
463 304 232 692 
464 325 113 693 
465 113 448 693 
466 448 325 693 
467 107 233 694 
468 233 302 694 
469 302 107 694 
470 190 371 695 
471 371 389 695 
472 389 190 695 
473 4 5 696 
474 5 363 696 
475 363 4 696 
476 121 309 697 
477 309 477 697 
478 477 121 697 
479 255 138 698 
480 138 354 698 
481 354 255 698 
482 219 20 699 
483 20 341 699 
484 341 219 699 
485 19 219 700 
486 219 342 700 
487 342 19 700 
488 64 287 701 
489 287 467 701 
490 467 64 701 
491 498 150 702 
492 150 501 702 
493 501 498 702 
494 496 151 703 
495 151 508 703 
496 508 496 703 
497 148 241 704 
498 241 294 704 
499 294 148 704 
500 241 117 705 
501 117 294 705 
502 294 241 705 
503 108 261 706 
504 261 299 706 
505 299 108 706 
506 391 288 707 
507 288 425 707 
508 425 391 707 
509 7 220 708 
510 220 356 708 
511 356 7 708 
512 46 47 709 
513 47 252 709 
514 252 46 709 
515 262 114 710 
516 114 397 710 
517 397 262 710 
518 221 75 711 
519 75 339 711 
520 339 221 711 
521 74 221 712 
522 221 340 712 
523 340 74 712 
524 158 234 713 
525 234 441 713 
526 441 158 713 
527 278 146 714 
528 146 343 714 
529 343 278 714 
530 253 97 715 
531 97 408 715 
532 408 253 715 
533 110 267 716 
534 267 295 716 
535 295 110 716 
536 170 288 717 
537 288 391 717 
538 391 170 717 
539 140 245 718 
540 245 506 718 
541 506 140 718 
542 155 428 719 
543 428 462 719 
544 462 155 719 
545 499 152 720 
546 152 509 720 
547 509 499 720 
548 222 17 721 
549 17 379 721 
550 379 222 721 
551 220 158 722 
552 158 356 722 
553 356 220 722 
554 238 102 723 
555 102 301 723 
556 301 238 723 
557 234 139 724 
558 139 363 724 
559 363 234 724 
560 223 72 725 
561 72 377 725 
562 377 223 725 
563 217 355 726 
564 355 560 726 
565 560 217 726 
566 252 47 727 
567 47 300 727 
568 300 252 727 
569 306 185 728 
570 185 338 728 
571 338 306 728 
572 106 306 729 
573 306 338 729 
574 338 106 729 
575 182 338 730 
576 338 424 730 
577 424 182 730 
578 268 213 731 
579 213 522 731 
580 522 268 731 
581 174 294 732 
582 294 327 732 
583 327 174 732 
584 246 210 733 
585 210 442 733 
586 442 246 733 
587 96 253 734 
588 253 310 734 
589 310 96 734 
590 22 225 735 
591 225 383 735 
592 383 22 735 
593 239 105 736 
594 105 305 736 
595 305 239 736 
596 77 226 737 
597 226 381 737 
598 381 77 737 
599 271 178 738 
600 178 569 738 
601 569 271 738 
602 276 111 739 
603 111 331 739 
604 331 276 739 
605 277 112 740 
606 112 333 740 
607 333 277 740 
608 278 113 741 
609 113 332 741 
610 332 278 741 
611 266 211 742 
612 211 524 742 
613 524 266 742 
614 222 169 743 
615 169 359 743 
616 359 222 743 
617 142 250 744 
618 250 276 744 
619 276 142 744 
620 143 249 745 
621 249 277 745 
622 277 143 745 
623 144 248 746 
624 248 278 746 
625 278 144 746 
626 98 99 747 
627 99 260 747 
628 260 98 747 
629 33 34 748 
630 34 380 748 
631 380 33 748 
632 158 220 749 
633 220 396 749 
634 396 158 749 
635 223 171 750 
636 171 364 750 
637 364 223 750 
638 272 140 751 
639 140 506 751 
640 506 272 751 
641 244 139 752 
642 139 466 752 
643 466 244 752 
644 368 173 753 
645 173 444 753 
646 444 368 753 
647 111 231 754 
648 231 552 754 
649 552 111 754 
650 112 232 755 
651 232 551 755 
652 551 112 755 
653 64 65 756 
654 65 287 756 
655 287 64 756 
656 247 212 757 
657 212 439 757 
658 439 247 757 
659 134 233 758 
660 233 433 758 
661 433 134 758 
662 168 225 759 
663 225 358 759 
664 358 168 759 
665 198 303 760 
666 303 540 760 
667 540 198 760 
668 114 307 761 
669 307 397 761 
670 397 114 761 
671 87 88 762 
672 88 255 762 
673 255 87 762 
674 196 414 763 
675 414 436 763 
676 436 196 763 
677 170 226 764 
678 226 362 764 
679 362 170 764 
680 284 192 765 
681 192 409 765 
682 409 284 765 
683 148 289 766 
684 289 403 766 
685 403 148 766 
686 102 238 767 
687 238 480 767 
688 480 102 767 
689 188 406 768 
690 406 453 768 
691 453 188 768 
692 66 67 769 
693 67 376 769 
694 376 66 769 
695 169 222 770 
696 222 379 770 
697 379 169 770 
698 226 153 771 
699 153 507 771 
700 507 226 771 
701 171 223 772 
702 223 377 772 
703 377 171 772 
704 294 117 773 
705 117 327 773 
706 327 294 773 
707 194 411 774 
708 411 438 774 
709 438 194 774 
710 150 345 775 
711 345 501 775 
712 501 150 775 
713 391 132 776 
714 132 392 776 
715 392 391 776 
716 221 391 777 
717 391 392 777 
718 392 221 777 
719 17 222 778 
720 222 501 778 
721 501 17 778 
722 89 90 779 
723 90 265 779 
724 265 89 779 
725 151 349 780 
726 349 508 780 
727 508 151 780 
728 104 227 781 
729 227 465 781 
730 465 104 781 
731 72 223 782 
732 223 508 782 
733 508 72 782 
734 280 104 783 
735 104 387 783 
736 387 280 783 
737 238 194 784 
738 194 476 784 
739 476 238 784 
740 225 168 785 
741 168 383 785 
742 383 225 785 
743 224 107 786 
744 107 415 786 
745 415 224 786 
746 103 242 787 
747 242 308 787 
748 308 103 787 
749 298 188 788 
750 188 453 788 
751 453 298 788 
752 289 175 789 
753 175 322 789 
754 322 289 789 
755 115 289 790 
756 289 322 790 
757 322 115 790 
758 226 170 791 
759 170 381 791 
760 381 226 791 
761 269 158 792 
762 158 415 792 
763 415 269 792 
764 257 138 793 
765 138 471 793 
766 471 257 793 
767 178 267 794 
768 267 334 794 
769 334 178 794 
770 181 261 795 
771 261 335 795 
772 335 181 795 
773 225 22 796 
774 22 499 796 
775 499 225 796 
776 11 12 797 
777 12 375 797 
778 375 11 797 
779 226 77 798 
780 77 503 798 
781 503 226 798 
782 245 140 799 
783 140 470 799 
784 470 245 799 
785 230 113 800 
786 113 537 800 
787 537 230 800 
788 354 138 801 
789 138 517 801 
790 517 354 801 
791 228 111 802 
792 111 520 802 
793 520 228 802 
794 229 112 803 
795 112 519 803 
796 519 229 803 
797 118 326 804 
798 326 364 804 
799 364 118 804 
800 58 59 805 
801 59 543 805 
802 543 58 805 
803 235 163 806 
804 163 374 806 
805 374 235 806 
806 29 235 807 
807 235 374 807 
808 374 29 807 
809 139 260 808 
810 260 466 808 
811 466 139 808 
812 346 152 809 
813 152 499 809 
814 499 346 809 
815 120 237 810 
816 237 568 810 
817 568 120 810 
818 109 283 811 
819 283 412 811 
820 412 109 811 
821 283 195 812 
822 195 412 812 
823 412 283 812 
824 350 153 813 
825 153 503 813 
826 503 350 813 
827 110 249 814 
828 249 334 814 
829 334 110 814 
830 108 250 815 
831 250 335 815 
832 335 108 815 
833 115 322 816 
834 322 359 816 
835 359 115 816 
836 234 5 817 
837 5 441 817 
838 441 234 817 
839 236 162 818 
840 162 373 818 
841 373 236 818 
842 84 236 819 
843 236 373 819 
844 373 84 819 
845 337 440 820 
846 440 510 820 
847 510 337 820 
848 394 126 821 
849 126 395 821 
850 395 394 821 
851 219 394 822 
852 394 395 822 
853 395 219 822 
854 323 116 823 
855 116 358 823 
856 358 323 823 
857 287 204 824 
858 204 467 824 
859 467 287 824 
860 275 186 825 
861 186 348 825 
862 348 275 825 
863 156 275 826 
864 275 348 826 
865 348 156 826 
866 274 157 827 
867 157 347 827 
868 347 274 827 
869 187 274 828 
870 274 347 828 
871 347 187 828 
872 239 196 829 
873 196 475 829 
874 475 239 829 
875 308 193 830 
876 193 525 830 
877 525 308 830 
878 200 337 831 
879 337 510 831 
880 510 200 831 
881 148 403 832 
882 403 424 832 
883 424 148 832 
884 396 224 833 
885 224 415 833 
886 415 396 833 
887 155 357 834 
888 357 428 834 
889 428 155 834 
890 10 282 835 
891 282 544 835 
892 544 10 835 
893 386 176 836 
894 176 409 836 
895 409 386 836 
896 382 257 837 
897 257 471 837 
898 471 382 837 
899 9 10 838 
900 10 544 838 
901 544 9 838 
902 158 396 839 
903 396 415 839 
904 415 158 839 
905 173 352 840 
906 352 444 840 
907 444 173 840 
908 46 252 841 
909 252 418 841 
910 418 46 841 
911 82 83 842 
912 83 263 842 
913 263 82 842 
914 27 28 843 
915 28 264 843 
916 264 27 843 
917 183 253 844 
918 253 408 844 
919 408 183 844 
920 222 498 845 
921 498 501 845 
922 501 222 845 
923 401 231 846 
924 231 484 846 
925 484 401 846 
926 140 265 847 
927 265 470 847 
928 470 140 847 
929 223 496 848 
930 496 508 848 
931 508 223 848 
932 60 61 849 
933 61 270 849 
934 270 60 849 
935 402 232 850 
936 232 486 850 
937 486 402 850 
938 62 240 851 
939 240 393 851 
940 393 62 851 
941 261 108 852 
942 108 335 852 
943 335 261 852 
944 240 172 853 
945 172 393 853 
946 393 240 853 
947 267 110 854 
948 110 334 854 
949 334 267 854 
950 39 40 855 
951 40 365 855 
952 365 39 855 
953 44 45 856 
954 45 275 856 
955 275 44 856 
956 49 50 857 
957 50 274 857 
958 274 49 857 
959 251 57 858 
960 57 543 858 
961 543 251 858 
962 154 251 859 
963 251 434 859 
964 434 154 859 
965 93 94 860 
966 94 272 860 
967 272 93 860 
968 116 254 861 
969 254 384 861 
970 384 116 861 
971 139 244 862 
972 244 363 862 
973 363 139 862 
974 248 144 863 
975 144 413 863 
976 413 248 863 
977 145 250 864 
978 250 411 864 
979 411 145 864 
980 146 248 865 
981 248 412 865 
982 412 146 865 
983 147 249 866 
984 249 414 866 
985 414 147 866 
986 54 55 867 
987 55 361 867 
988 361 54 867 
989 163 235 868 
990 235 400 868 
991 400 163 868 
992 120 347 869 
993 347 456 869 
994 456 120 869 
995 237 133 870 
996 133 378 870 
997 378 237 870 
998 162 236 871 
999 236 399 871 
1000 399 162 871 
1001 199 304 872 
1002 304 489 872 
1003 489 199 872 
1004 240 63 873 
1005 63 467 873 
1006 467 240 873 
1007 204 240 874 
1008 240 467 874 
1009 467 204 874 
1010 255 88 875 
1011 88 410 875 
1012 410 255 875 
1013 237 120 876 
1014 120 385 876 
1015 385 237 876 
1016 174 286 877 
1017 286 294 877 
1018 294 174 877 
1019 371 167 878 
1020 167 389 878 
1021 389 371 878 
1022 387 104 879 
1023 104 422 879 
1024 422 387 879 
1025 225 499 880 
1026 499 509 880 
1027 509 225 880 
1028 95 96 881 
1029 96 310 881 
1030 310 95 881 
1031 100 244 882 
1032 244 466 882 
1033 466 100 882 
1034 364 326 883 
1035 326 496 883 
1036 496 364 883 
1037 47 48 884 
1038 48 300 884 
1039 300 47 884 
1040 175 238 885 
1041 238 512 885 
1042 512 175 885 
1043 269 107 886 
1044 107 370 886 
1045 370 269 886 
1046 149 284 887 
1047 284 472 887 
1048 472 149 887 
1049 283 172 888 
1050 172 407 888 
1051 407 283 888 
1052 404 120 889 
1053 120 456 889 
1054 456 404 889 
1055 312 150 890 
1056 150 322 890 
1057 322 312 890 
1058 175 312 891 
1059 312 322 891 
1060 322 175 891 
1061 292 197 892 
1062 197 531 892 
1063 531 292 892 
1064 129 279 893 
1065 279 336 893 
1066 336 129 893 
1067 133 237 894 
1068 237 464 894 
1069 464 133 894 
1070 244 100 895 
1071 100 527 895 
1072 527 244 895 
1073 193 242 896 
1074 242 474 896 
1075 474 193 896 
1076 256 181 897 
1077 181 309 897 
1078 309 256 897 
1079 286 102 898 
1080 102 367 898 
1081 367 286 898 
1082 425 306 899 
1083 306 435 899 
1084 435 425 899 
1085 291 262 900 
1086 262 433 900 
1087 433 291 900 
1088 318 196 901 
1089 196 436 901 
1090 436 318 901 
1091 200 331 902 
1092 331 485 902 
1093 485 200 902 
1094 202 333 903 
1095 333 488 903 
1096 488 202 903 
1097 201 332 904 
1098 332 487 904 
1099 487 201 904 
1100 212 349 905 
1101 349 526 905 
1102 526 212 905 
1103 331 228 906 
1104 228 485 906 
1105 485 331 906 
1106 333 229 907 
1107 229 488 907 
1108 488 333 907 
1109 332 230 908 
1110 230 487 908 
1111 487 332 908 
1112 249 143 909 
1113 143 334 909 
1114 334 249 909 
1115 238 175 910 
1116 175 480 910 
1117 480 238 910 
1118 250 142 911 
1119 142 335 911 
1120 335 250 911 
1121 32 293 912 
1122 293 555 912 
1123 555 32 912 
1124 259 113 913 
1125 113 343 913 
1126 343 259 913 
1127 359 322 914 
1128 322 498 914 
1129 498 359 914 
1130 128 401 915 
1131 401 484 915 
1132 484 128 915 
1133 252 186 916 
1134 186 418 916 
1135 418 252 916 
1136 176 239 917 
1137 239 505 917 
1138 505 176 917 
1139 111 276 918 
1140 276 303 918 
1141 303 111 918 
1142 112 277 919 
1143 277 304 919 
1144 304 112 919 
1145 127 281 920 
1146 281 337 920 
1147 337 127 920 
1148 323 358 921 
1149 358 509 921 
1150 509 323 921 
1151 131 402 922 
1152 402 486 922 
1153 486 131 922 
1154 317 194 923 
1155 194 438 923 
1156 438 317 923 
1157 246 13 924 
1158 13 513 924 
1159 513 246 924 
1160 320 151 925 
1161 151 326 925 
1162 326 320 925 
1163 176 320 926 
1164 320 326 926 
1165 326 176 926 
1166 296 156 927 
1167 156 565 927 
1168 565 296 927 
1169 139 269 928 
1170 269 370 928 
1171 370 139 928 
1172 185 306 929 
1173 306 425 929 
1174 425 185 929 
1175 31 32 930 
1176 32 555 930 
1177 555 31 930 
1178 210 345 931 
1179 345 521 931 
1180 521 210 931 
1181 321 173 932 
1182 173 323 932 
1183 323 321 932 
1184 152 321 933 
1185 321 323 933 
1186 323 152 933 
1187 91 245 934 
1188 245 470 934 
1189 470 91 934 
1190 286 148 935 
1191 148 294 935 
1192 294 286 935 
1193 177 285 936 
1194 285 385 936 
1195 385 177 936 
1196 361 55 937 
1197 55 546 937 
1198 546 361 937 
1199 284 406 938 
1200 406 472 938 
1201 472 284 938 
1202 312 122 939 
1203 122 521 939 
1204 521 312 939 
1205 247 68 940 
1206 68 514 940 
1207 514 247 940 
1208 157 297 941 
1209 297 561 941 
1210 561 157 941 
1211 156 365 942 
1212 365 565 942 
1213 565 156 942 
1214 443 8 943 
1215 8 544 943 
1216 544 443 943 
1217 172 283 944 
1218 283 541 944 
1219 541 172 944 
1220 8 9 945 
1221 9 544 945 
1222 544 8 945 
1223 117 241 946 
1224 241 449 946 
1225 449 117 946 
1226 320 125 947 
1227 125 526 947 
1228 526 320 947 
1229 246 159 948 
1230 159 450 948 
1231 450 246 948 
1232 247 161 949 
1233 161 468 949 
1234 468 247 949 
1235 119 273 950 
1236 273 371 950 
1237 371 119 950 
1238 273 167 951 
1239 167 371 951 
1240 371 273 951 
1241 119 351 952 
1242 351 405 952 
1243 405 119 952 
1244 131 321 953 
1245 321 523 953 
1246 523 131 953 
1247 230 398 954 
1248 398 487 954 
1249 487 230 954 
1250 357 217 955 
1251 217 518 955 
1252 518 357 955 
1253 60 270 956 
1254 270 366 956 
1255 366 60 956 
1256 240 204 957 
1257 204 473 957 
1258 473 240 957 
1259 324 153 958 
1260 153 529 958 
1261 529 324 958 
1262 324 174 959 
1263 174 327 959 
1264 327 324 959 
1265 153 324 960 
1266 324 327 960 
1267 327 153 960 
1268 361 157 961 
1269 157 561 961 
1270 561 361 961 
1271 344 190 962 
1272 190 389 962 
1273 389 344 962 
1274 327 117 963 
1275 117 507 963 
1276 507 327 963 
1277 343 146 964 
1278 146 387 964 
1279 387 343 964 
1280 131 523 965 
1281 523 562 965 
1282 562 131 965 
1283 113 278 966 
1284 278 343 966 
1285 343 113 966 
1286 251 215 967 
1287 215 434 967 
1288 434 251 967 
1289 251 154 968 
1290 154 494 968 
1291 494 251 968 
1292 184 255 969 
1293 255 410 969 
1294 410 184 969 
1295 196 305 970 
1296 305 530 970 
1297 530 196 970 
1298 241 185 971 
1299 185 449 971 
1300 449 241 971 
1301 454 205 972 
1302 205 516 972 
1303 516 454 972 
1304 353 198 973 
1305 198 417 973 
1306 417 353 973 
1307 299 261 974 
1308 261 461 974 
1309 461 299 974 
1310 245 91 975 
1311 91 539 975 
1312 539 245 975 
1313 295 267 976 
1314 267 482 976 
1315 482 295 976 
1316 107 302 977 
1317 302 370 977 
1318 370 107 977 
1319 117 362 978 
1320 362 507 978 
1321 507 117 978 
1322 346 211 979 
1323 211 523 979 
1324 523 346 979 
1325 57 58 980 
1326 58 543 980 
1327 543 57 980 
1328 260 99 981 
1329 99 466 981 
1330 466 260 981 
1331 455 206 982 
1332 206 517 982 
1333 517 455 982 
1334 417 198 983 
1335 198 481 983 
1336 481 417 983 
1337 172 240 984 
1338 240 407 984 
1339 407 172 984 
1340 215 366 985 
1341 366 483 985 
1342 483 215 985 
1343 351 190 986 
1344 190 355 986 
1345 355 351 986 
1346 155 351 987 
1347 351 355 987 
1348 355 155 987 
1349 154 330 988 
1350 330 404 988 
1351 404 154 988 
1352 283 360 989 
1353 360 541 989 
1354 541 283 989 
1355 241 148 990 
1356 148 424 990 
1357 424 241 990 
1358 405 351 991 
1359 351 462 991 
1360 462 405 991 
1361 242 103 992 
1362 103 493 992 
1363 493 242 992 
1364 270 160 993 
1365 160 366 993 
1366 366 270 993 
1367 302 134 994 
1368 134 452 994 
1369 452 302 994 
1370 263 83 995 
1371 83 373 995 
1372 373 263 995 
1373 264 28 996 
1374 28 374 996 
1375 374 264 996 
1376 159 246 997 
1377 246 442 997 
1378 442 159 997 
1379 401 128 998 
1380 128 529 998 
1381 529 401 998 
1382 344 201 999 
1383 201 426 999 
1384 426 344 999 
1385 161 247 1000 
1386 247 439 1000 
1387 439 161 1000 
1388 142 276 1001 
1389 276 331 1001 
1390 331 142 1001 
1391 144 278 1002 
1392 278 332 1002 
1393 332 144 1002 
1394 143 277 1003 
1395 277 333 1003 
1396 333 143 1003 
1397 117 288 1004 
1398 288 362 1004 
1399 362 117 1004 
1400 288 170 1005 
1401 170 362 1005 
1402 362 288 1005 
1403 162 263 1006 
1404 263 373 1006 
1405 373 162 1006 
1406 163 264 1007 
1407 264 374 1007 
1408 374 163 1007 
1409 309 197 1008 
1410 197 477 1008 
1411 477 309 1008 
1412 329 154 1009 
1413 154 434 1009 
1414 434 329 1009 
1415 194 301 1010 
1416 301 533 1010 
1417 533 194 1010 
1418 148 286 1011 
1419 286 367 1011 
1420 367 148 1011 
1421 495 309 1012 
1422 309 500 1012 
1423 500 495 1012 
1424 87 255 1013 
1425 255 354 1013 
1426 354 87 1013 
1427 289 148 1014 
1428 148 367 1014 
1429 367 289 1014 
1430 279 180 1015 
1431 180 336 1015 
1432 336 279 1015 
1433 398 130 1016 
1434 130 487 1016 
1435 487 398 1016 
1436 428 208 1017 
1437 208 462 1017 
1438 462 428 1017 
1439 228 399 1018 
1440 399 485 1018 
1441 485 228 1018 
1442 229 400 1019 
1443 400 488 1019 
1444 488 229 1019 
1445 356 158 1020 
1446 158 441 1020 
1447 441 356 1020 
1448 281 179 1021 
1449 179 337 1021 
1450 337 281 1021 
1451 283 407 1022 
1452 407 446 1022 
1453 446 283 1022 
1454 156 348 1023 
1455 348 405 1023 
1456 405 156 1023 
1457 154 329 1024 
1458 329 330 1024 
1459 330 154 1024 
1460 329 177 1025 
1461 177 330 1025 
1462 330 329 1025 
1463 141 311 1026 
1464 311 369 1026 
1465 369 141 1026 
1466 311 179 1027 
1467 179 369 1027 
1468 369 311 1027 
1469 426 201 1028 
1470 201 487 1028 
1471 487 426 1028 
1472 215 251 1029 
1473 251 543 1029 
1474 543 215 1029 
1475 197 309 1030 
1476 309 495 1030 
1477 495 197 1030 
1478 265 90 1031 
1479 90 470 1031 
1480 470 265 1031 
1481 460 203 1032 
1482 203 490 1032 
1483 490 460 1032 
1484 272 94 1033 
1485 94 432 1033 
1486 432 272 1033 
1487 210 246 1034 
1488 246 513 1034 
1489 513 210 1034 
1490 258 164 1035 
1491 164 478 1035 
1492 478 258 1035 
1493 213 350 1036 
1494 350 522 1036 
1495 522 213 1036 
1496 179 257 1037 
1497 257 369 1037 
1498 369 179 1037 
1499 227 280 1038 
1500 280 563 1038 
1501 563 227 1038 
1502 280 195 1039 
1503 195 563 1039 
1504 563 280 1039 
1505 186 252 1040 
1506 252 430 1040 
1507 430 186 1040 
1508 252 133 1041 
1509 133 430 1041 
1510 430 252 1041 
1511 85 86 1042 
1512 86 463 1042 
1513 463 85 1042 
1514 212 247 1043 
1515 247 514 1043 
1516 514 212 1043 
1517 349 212 1044 
1518 212 556 1044 
1519 556 349 1044 
1520 314 111 1045 
1521 111 552 1045 
1522 552 314 1045 
1523 315 112 1046 
1524 112 551 1046 
1525 551 315 1046 
1526 30 31 1047 
1527 31 457 1047 
1528 457 30 1047 
1529 237 378 1048 
1530 378 568 1048 
1531 568 237 1048 
1532 149 328 1049 
1533 328 384 1049 
1534 384 149 1049 
1535 328 189 1050 
1536 189 384 1050 
1537 384 328 1050 
1538 145 301 1051 
1539 301 540 1051 
1540 540 145 1051 
1541 191 272 1052 
1542 272 432 1052 
1543 432 191 1052 
1544 211 346 1053 
1545 346 524 1053 
1546 524 211 1053 
1547 291 141 1054 
1548 141 369 1054 
1549 369 291 1054 
1550 355 130 1055 
1551 130 560 1055 
1552 560 355 1055 
1553 146 412 1056 
1554 412 542 1056 
1555 542 146 1056 
1556 231 401 1057 
1557 401 552 1057 
1558 552 231 1057 
1559 366 160 1058 
1560 160 483 1058 
1561 483 366 1058 
1562 232 402 1059 
1563 402 551 1059 
1564 551 232 1059 
1565 270 61 1060 
1566 61 393 1060 
1567 393 270 1060 
1568 172 270 1061 
1569 270 393 1061 
1570 393 172 1061 
1571 414 110 1062 
1572 110 436 1062 
1573 436 414 1062 
1574 13 14 1063 
1575 14 513 1063 
1576 513 13 1063 
1577 18 19 1064 
1578 19 342 1064 
1579 342 18 1064 
1580 20 21 1065 
1581 21 341 1065 
1582 341 20 1065 
1583 264 166 1066 
1584 166 388 1066 
1585 388 264 1066 
1586 27 264 1067 
1587 264 388 1067 
1588 388 27 1067 
1589 224 396 1068 
1590 396 477 1068 
1591 477 224 1068 
1592 473 204 1069 
1593 204 504 1069 
1594 504 473 1069 
1595 254 149 1070 
1596 149 384 1070 
1597 384 254 1070 
1598 75 76 1071 
1599 76 339 1071 
1600 339 75 1071 
1601 73 74 1072 
1602 74 340 1072 
1603 340 73 1072 
1604 399 127 1073 
1605 127 485 1073 
1606 485 399 1073 
1607 400 129 1074 
1608 129 488 1074 
1609 488 400 1074 
1610 304 147 1075 
1611 147 489 1075 
1612 489 304 1075 
1613 345 210 1076 
1614 210 559 1076 
1615 559 345 1076 
1616 263 165 1077 
1617 165 390 1077 
1618 390 263 1077 
1619 82 263 1078 
1620 263 390 1078 
1621 390 82 1078 
1622 92 506 1079 
1623 506 539 1079 
1624 539 92 1079 
1625 411 108 1080 
1626 108 438 1080 
1627 438 411 1080 
1628 68 69 1081 
1629 69 514 1081 
1630 514 68 1081 
1631 145 411 1082 
1632 411 533 1082 
1633 533 145 1082 
1634 99 100 1083 
1635 100 466 1083 
1636 466 99 1083 
1637 114 257 1084 
1638 257 382 1084 
1639 382 114 1084 
1640 147 414 1085 
1641 414 530 1085 
1642 530 147 1085 
1643 57 251 1086 
1644 251 494 1086 
1645 494 57 1086 
1646 203 282 1087 
1647 282 490 1087 
1648 490 203 1087 
1649 282 135 1088 
1650 135 490 1088 
1651 490 282 1088 
1652 457 31 1089 
1653 31 555 1089 
1654 555 457 1089 
1655 13 246 1090 
1656 246 450 1090 
1657 450 13 1090 
1658 398 230 1091 
1659 230 537 1091 
1660 537 398 1091 
1661 413 144 1092 
1662 144 525 1092 
1663 525 413 1092 
1664 349 151 1093 
1665 151 526 1093 
1666 526 349 1093 
1667 345 150 1094 
1668 150 521 1094 
1669 521 345 1094 
1670 267 136 1095 
1671 136 482 1095 
1672 482 267 1095 
1673 283 109 1096 
1674 109 360 1096 
1675 360 283 1096 
1676 68 247 1097 
1677 247 468 1097 
1678 468 68 1097 
1679 266 26 1098 
1680 26 388 1098 
1681 388 266 1098 
1682 260 183 1099 
1683 183 408 1099 
1684 408 260 1099 
1685 98 260 1100 
1686 260 408 1100 
1687 408 98 1100 
1688 265 184 1101 
1689 184 410 1101 
1690 410 265 1101 
1691 89 265 1102 
1692 265 410 1102 
1693 410 89 1102 
1694 268 81 1103 
1695 81 390 1103 
1696 390 268 1103 
1697 109 248 1104 
1698 248 413 1104 
1699 413 109 1104 
1700 248 109 1105 
1701 109 412 1105 
1702 412 248 1105 
1703 249 110 1106 
1704 110 414 1106 
1705 414 249 1106 
1706 250 108 1107 
1707 108 411 1107 
1708 411 250 1107 
1709 301 481 1108 
1710 481 540 1108 
1711 540 301 1108 
1712 173 321 1109 
1713 321 352 1109 
1714 352 173 1109 
1715 321 131 1110 
1716 131 352 1110 
1717 352 321 1110 
1718 254 116 1111 
1719 116 427 1111 
1720 427 254 1111 
1721 385 285 1112 
1722 285 554 1112 
1723 554 385 1112 
1724 192 368 1113 
1725 368 386 1113 
1726 386 192 1113 
1727 368 105 1114 
1728 105 386 1114 
1729 386 368 1114 
1730 90 91 1115 
1731 91 470 1115 
1732 470 90 1115 
1733 437 189 1116 
1734 189 532 1116 
1735 532 437 1116 
1736 174 324 1117 
1737 324 353 1117 
1738 353 174 1117 
1739 324 128 1118 
1740 128 353 1118 
1741 353 324 1118 
1742 296 43 1119 
1743 43 459 1119 
1744 459 296 1119 
1745 51 297 1120 
1746 297 458 1120 
1747 458 51 1120 
1748 261 135 1121 
1749 135 461 1121 
1750 461 261 1121 
1751 396 121 1122 
1752 121 477 1122 
1753 477 396 1122 
1754 175 289 1123 
1755 289 367 1123 
1756 367 175 1123 
1757 307 140 1124 
1758 140 397 1124 
1759 397 307 1124 
1760 367 102 1125 
1761 102 480 1125 
1762 480 367 1125 
1763 129 336 1126 
1764 336 488 1126 
1765 488 129 1126 
1766 152 346 1127 
1767 346 523 1127 
1768 523 152 1127 
1769 260 139 1128 
1770 139 564 1128 
1771 564 260 1128 
1772 506 245 1129 
1773 245 539 1129 
1774 539 506 1129 
1775 166 266 1130 
1776 266 388 1130 
1777 388 166 1130 
1778 164 258 1131 
1779 258 398 1131 
1780 398 164 1131 
1781 275 45 1132 
1782 45 418 1132 
1783 418 275 1132 
1784 274 187 1133 
1785 187 419 1133 
1786 419 274 1133 
1787 49 274 1134 
1788 274 419 1134 
1789 419 49 1134 
1790 186 275 1135 
1791 275 418 1135 
1792 418 186 1135 
1793 191 262 1136 
1794 262 397 1136 
1795 397 191 1136 
1796 6 7 1137 
1797 7 356 1137 
1798 356 6 1137 
1799 275 156 1138 
1800 156 459 1138 
1801 459 275 1138 
1802 157 274 1139 
1803 274 458 1139 
1804 458 157 1139 
1805 116 384 1140 
1806 384 431 1140 
1807 431 116 1140 
1808 134 253 1141 
1809 253 452 1141 
1810 452 134 1141 
1811 17 18 1142 
1812 18 379 1142 
1813 379 17 1142 
1814 15 16 1143 
1815 16 345 1143 
1816 345 15 1143 
1817 165 268 1144 
1818 268 390 1144 
1819 390 165 1144 
1820 253 183 1145 
1821 183 452 1145 
1822 452 253 1145 
1823 104 313 1146 
1824 313 534 1146 
1825 534 104 1146 
1826 21 22 1147 
1827 22 383 1147 
1828 383 21 1147 
1829 23 24 1148 
1830 24 346 1148 
1831 346 23 1148 
1832 399 228 1149 
1833 228 520 1149 
1834 520 399 1149 
1835 444 199 1150 
1836 199 489 1150 
1837 489 444 1150 
1838 400 229 1151 
1839 229 519 1151 
1840 519 400 1151 
1841 72 73 1152 
1842 73 377 1152 
1843 377 72 1152 
1844 184 265 1153 
1845 265 566 1153 
1846 566 184 1153 
1847 243 437 1154 
1848 437 532 1154 
1849 532 243 1154 
1850 76 77 1155 
1851 77 381 1155 
1852 381 76 1155 
1853 107 269 1156 
1854 269 415 1156 
1855 415 107 1156 
1856 154 372 1157 
1857 372 494 1157 
1858 494 154 1157 
1859 127 337 1158 
1860 337 485 1158 
1861 485 127 1158 
1862 70 71 1159 
1863 71 349 1159 
1864 349 70 1159 
1865 78 79 1160 
1866 79 350 1160 
1867 350 78 1160 
1868 161 376 1161 
1869 376 468 1161 
1870 468 161 1161 
1871 204 287 1162 
1872 287 504 1162 
1873 504 204 1162 
1874 287 136 1163 
1875 136 504 1163 
1876 504 287 1163 
1877 302 183 1164 
1878 183 370 1164 
1879 370 302 1164 
1880 206 354 1165 
1881 354 517 1165 
1882 517 206 1165 
1883 257 179 1166 
1884 179 538 1166 
1885 538 257 1166 
1886 132 391 1167 
1887 391 425 1167 
1888 425 132 1167 
1889 266 166 1168 
1890 166 402 1168 
1891 402 266 1168 
1892 159 375 1169 
1893 375 450 1169 
1894 450 159 1169 
1895 259 180 1170 
1896 180 536 1170 
1897 536 259 1170 
1898 149 254 1171 
1899 254 491 1171 
1900 491 149 1171 
1901 268 165 1172 
1902 165 401 1172 
1903 401 268 1172 
1904 318 161 1173 
1905 161 439 1173 
1906 439 318 1173 
1907 317 159 1174 
1908 159 442 1174 
1909 442 317 1174 
1910 146 280 1175 
1911 280 387 1175 
1912 387 146 1175 
1913 295 161 1176 
1914 161 436 1176 
1915 436 295 1176 
1916 299 159 1177 
1917 159 438 1177 
1918 438 299 1177 
1919 50 51 1178 
1920 51 458 1178 
1921 458 50 1178 
1922 43 44 1179 
1923 44 459 1179 
1924 459 43 1179 
1925 316 123 1180 
1926 123 483 1180 
1927 483 316 1180 
1928 86 87 1181 
1929 87 354 1181 
1930 354 86 1181 
1931 124 271 1182 
1932 271 569 1182 
1933 569 124 1182 
1934 311 141 1183 
1935 141 531 1183 
1936 531 311 1183 
1937 44 275 1184 
1938 275 459 1184 
1939 459 44 1184 
1940 274 50 1185 
1941 50 458 1185 
1942 458 274 1185 
1943 171 298 1186 
1944 298 453 1186 
1945 453 171 1186 
1946 313 502 1187 
1947 502 534 1187 
1948 534 313 1187 
1949 167 285 1188 
1950 285 389 1188 
1951 389 167 1188 
1952 285 103 1189 
1953 103 389 1189 
1954 389 285 1189 
1955 258 217 1190 
1956 217 560 1190 
1957 560 258 1190 
1958 351 119 1191 
1959 119 371 1191 
1960 371 351 1191 
1961 190 351 1192 
1962 351 371 1192 
1963 371 190 1192 
1964 138 255 1193 
1965 255 471 1193 
1966 471 138 1193 
1967 255 184 1194 
1968 184 471 1194 
1969 471 255 1194 
1970 37 38 1195 
1971 38 357 1195 
1972 357 37 1195 
1973 156 296 1196 
1974 296 459 1196 
1975 459 156 1196 
1976 297 157 1197 
1977 157 458 1197 
1978 458 297 1197 
1979 138 257 1198 
1980 257 538 1198 
1981 538 138 1198 
1982 211 266 1199 
1983 266 562 1199 
1984 562 211 1199 
1985 181 256 1200 
1986 256 492 1200 
1987 492 181 1200 
1988 137 259 1201 
1989 259 536 1201 
1990 536 137 1201 
1991 307 114 1202 
1992 114 382 1202 
1993 382 307 1202 
1994 184 307 1203 
1995 307 382 1203 
1996 382 184 1203 
1997 160 270 1204 
1998 270 541 1204 
1999 541 160 1204 
2000 59 60 1205 
2001 60 366 1205 
2002 366 59 1205 
2003 35 258 1206 
2004 258 478 1206 
2005 478 35 1206 
2006 159 317 1207 
2007 317 438 1207 
2008 438 159 1207 
2009 293 137 1208 
2010 137 516 1208 
2011 516 293 1208 
2012 205 293 1209 
2013 293 516 1209 
2014 516 205 1209 
2015 183 260 1210 
2016 260 564 1210 
2017 564 183 1210 
2018 134 262 1211 
2019 262 469 1211 
2020 469 134 1211 
2021 262 191 1212 
2022 191 469 1212 
2023 469 262 1212 
2024 18 342 1213 
2025 342 379 1213 
2026 379 18 1213 
2027 136 267 1214 
2028 267 515 1214 
2029 515 136 1214 
2030 161 318 1215 
2031 318 436 1215 
2032 436 161 1215 
2033 261 181 1216 
2034 181 492 1216 
2035 492 261 1216 
2036 113 325 1217 
2037 325 537 1217 
2038 537 113 1217 
2039 259 137 1218 
2040 137 448 1218 
2041 448 259 1218 
2042 262 134 1219 
2043 134 433 1219 
2044 433 262 1219 
2045 73 340 1220 
2046 340 377 1220 
2047 377 73 1220 
2048 135 261 1221 
2049 261 492 1221 
2050 492 135 1221 
2051 118 284 1222 
2052 284 409 1222 
2053 409 118 1222 
2054 111 314 1223 
2055 314 520 1223 
2056 520 111 1223 
2057 112 315 1224 
2058 315 519 1224 
2059 519 112 1224 
2060 267 178 1225 
2061 178 515 1225 
2062 515 267 1225 
2063 341 21 1226 
2064 21 383 1226 
2065 383 341 1226 
2066 177 479 1227 
2067 479 493 1227 
2068 493 177 1227 
2069 219 341 1228 
2070 341 394 1228 
2071 394 219 1228 
2072 341 168 1229 
2073 168 394 1229 
2074 394 341 1229 
2075 169 342 1230 
2076 342 395 1230 
2077 395 169 1230 
2078 342 219 1231 
2079 219 395 1231 
2080 395 342 1231 
2081 270 172 1232 
2082 172 541 1232 
2083 541 270 1232 
2084 339 76 1233 
2085 76 381 1233 
2086 381 339 1233 
2087 273 133 1234 
2088 133 464 1234 
2089 464 273 1234 
2090 290 126 1235 
2091 126 394 1235 
2092 394 290 1235 
2093 168 290 1236 
2094 290 394 1236 
2095 394 168 1236 
2096 265 140 1237 
2097 140 566 1237 
2098 566 265 1237 
2099 164 398 1238 
2100 398 537 1238 
2101 537 164 1238 
2102 178 271 1239 
2103 271 515 1239 
2104 515 178 1239 
2105 164 380 1240 
2106 380 478 1240 
2107 478 164 1240 
2108 312 175 1241 
2109 175 512 1241 
2110 512 312 1241 
2111 339 170 1242 
2112 170 391 1242 
2113 391 339 1242 
2114 221 339 1243 
2115 339 391 1243 
2116 391 221 1243 
2117 340 221 1244 
2118 221 392 1244 
2119 392 340 1244 
2120 171 340 1245 
2121 340 392 1245 
2122 392 171 1245 
2123 132 298 1246 
2124 298 392 1246 
2125 392 132 1246 
2126 298 171 1247 
2127 171 392 1247 
2128 392 298 1247 
2129 139 370 1248 
2130 370 564 1248 
2131 564 139 1248 
2132 361 207 1249 
2133 207 456 1249 
2134 456 361 1249 
2135 157 361 1250 
2136 361 456 1250 
2137 456 157 1250 
2138 83 84 1251 
2139 84 373 1251 
2140 373 83 1251 
2141 28 29 1252 
2142 29 374 1252 
2143 374 28 1252 
2144 207 361 1253 
2145 361 546 1253 
2146 546 207 1253 
2147 162 399 1254 
2148 399 520 1254 
2149 520 162 1254 
2150 495 311 1255 
2151 311 531 1255 
2152 531 495 1255 
2153 163 400 1256 
2154 400 519 1256 
2155 519 163 1256 
2156 330 177 1257 
2157 177 385 1257 
2158 385 330 1257 
2159 120 330 1258 
2160 330 385 1258 
2161 385 120 1258 
2162 284 118 1259 
2163 118 406 1259 
2164 406 284 1259 
2165 336 202 1260 
2166 202 488 1260 
2167 488 336 1260 
2168 289 115 1261 
2169 115 403 1261 
2170 403 289 1261 
2171 92 93 1262 
2172 93 506 1262 
2173 506 92 1262 
2174 93 272 1263 
2175 272 506 1263 
2176 506 93 1263 
2177 286 174 1264 
2178 174 417 1264 
2179 417 286 1264 
2180 340 171 1265 
2181 171 377 1265 
2182 377 340 1265 
2183 38 39 1266 
2184 39 428 1266 
2185 428 38 1266 
2186 133 273 1267 
2187 273 430 1267 
2188 430 133 1267 
2189 342 169 1268 
2190 169 379 1268 
2191 379 342 1268 
2192 187 300 1269 
2193 300 419 1269 
2194 419 187 1269 
2195 300 48 1270 
2196 48 419 1270 
2197 419 300 1270 
2198 170 339 1271 
2199 339 381 1271 
2200 381 170 1271 
2201 168 341 1272 
2202 341 383 1272 
2203 383 168 1272 
2204 337 200 1273 
2205 200 485 1273 
2206 485 337 1273 
2207 214 325 1274 
2208 325 448 1274 
2209 448 214 1274 
2210 320 176 1275 
2211 176 505 1275 
2212 505 320 1275 
2213 81 82 1276 
2214 82 390 1276 
2215 390 81 1276 
2216 445 169 1277 
2217 169 567 1277 
2218 567 445 1277 
2219 26 27 1278 
2220 27 388 1278 
2221 388 26 1278 
2222 279 137 1279 
2223 137 536 1279 
2224 536 279 1279 
2225 115 359 1280 
2226 359 445 1280 
2227 445 115 1280 
2228 360 109 1281 
2229 109 447 1281 
2230 447 360 1281 
2231 16 17 1282 
2232 17 501 1282 
2233 501 16 1282 
2234 22 23 1283 
2235 23 499 1283 
2236 499 22 1283 
2237 105 368 1284 
2238 368 444 1284 
2239 444 105 1284 
2240 71 72 1285 
2241 72 508 1285 
2242 508 71 1285 
2243 77 78 1286 
2244 78 503 1286 
2245 503 77 1286 
2246 169 395 1287 
2247 395 567 1287 
2248 567 169 1287 
2249 281 138 1288 
2250 138 538 1288 
2251 538 281 1288 
2252 273 119 1289 
2253 119 451 1289 
2254 451 273 1289 
2255 282 10 1290 
2256 10 421 1290 
2257 421 282 1290 
2258 364 171 1291 
2259 171 453 1291 
2260 453 364 1291 
2261 103 285 1292 
2262 285 493 1292 
2263 493 103 1292 
2264 167 273 1293 
2265 273 464 1293 
2266 464 167 1293 
2267 346 24 1294 
2268 24 524 1294 
2269 524 346 1294 
2270 479 242 1295 
2271 242 493 1295 
2272 493 479 1295 
2273 326 118 1296 
2274 118 409 1296 
2275 409 326 1296 
2276 123 316 1297 
2277 316 474 1297 
2278 474 123 1297 
2279 316 193 1298 
2280 193 474 1298 
2281 474 316 1298 
2282 350 79 1299 
2283 79 522 1299 
2284 522 350 1299 
2285 318 125 1300 
2286 125 475 1300 
2287 475 318 1300 
2288 196 318 1301 
2289 318 475 1301 
2290 475 196 1301 
2291 102 286 1302 
2292 286 417 1302 
2293 417 102 1302 
2294 317 122 1303 
2295 122 476 1303 
2296 476 317 1303 
2297 194 317 1304 
2298 317 476 1304 
2299 476 194 1304 
2300 401 165 1305 
2301 165 552 1305 
2302 552 401 1305 
2303 402 166 1306 
2304 166 551 1306 
2305 551 402 1306 
2306 116 323 1307 
2307 323 427 1307 
2308 427 116 1307 
2309 180 279 1308 
2310 279 536 1308 
2311 536 180 1308 
2312 290 189 1309 
2313 189 437 1309 
2314 437 290 1309 
2315 126 290 1310 
2316 290 437 1310 
2317 437 126 1310 
2318 328 149 1311 
2319 149 472 1311 
2320 472 328 1311 
2321 132 425 1312 
2322 425 435 1312 
2323 435 132 1312 
2324 195 280 1313 
2325 280 542 1313 
2326 542 195 1313 
2327 280 146 1314 
2328 146 542 1314 
2329 542 280 1314 
2330 137 279 1315 
2331 279 516 1315 
2332 516 137 1315 
2333 179 281 1316 
2334 281 538 1316 
2335 538 179 1316 
2336 293 32 1317 
2337 32 416 1317 
2338 416 293 1317 
2339 287 65 1318 
2340 65 423 1318 
2341 423 287 1318 
2342 103 344 1319 
2343 344 389 1319 
2344 389 103 1319 
2345 282 203 1320 
2346 203 544 1320 
2347 544 282 1320 
2348 138 281 1321 
2349 281 517 1321 
2350 517 138 1321 
2351 61 62 1322 
2352 62 393 1322 
2353 393 61 1322 
2354 5 6 1323 
2355 6 441 1323 
2356 441 5 1323 
2357 288 185 1324 
2358 185 425 1324 
2359 425 288 1324 
2360 37 357 1325 
2361 357 518 1325 
2362 518 37 1325 
2363 298 132 1326 
2364 132 435 1326 
2365 435 298 1326 
2366 188 298 1327 
2367 298 435 1327 
2368 435 188 1327 
2369 135 282 1328 
2370 282 535 1328 
2371 535 135 1328 
2372 195 283 1329 
2373 283 446 1329 
2374 446 195 1329 
2375 310 191 1330 
2376 191 432 1330 
2377 432 310 1330 
2378 95 310 1331 
2379 310 432 1331 
2380 432 95 1331 
2381 330 120 1332 
2382 120 404 1332 
2383 404 330 1332 
2384 189 290 1333 
2385 290 431 1333 
2386 431 189 1333 
2387 233 291 1334 
2388 291 433 1334 
2389 433 233 1334 
2390 284 149 1335 
2391 149 491 1335 
2392 491 284 1335 
2393 192 284 1336 
2394 284 491 1336 
2395 491 192 1336 
2396 285 167 1337 
2397 167 554 1337 
2398 554 285 1337 
2399 177 329 1338 
2400 329 479 1338 
2401 479 177 1338 
2402 306 106 1339 
2403 106 420 1339 
2404 420 306 1339 
2405 188 306 1340 
2406 306 420 1340 
2407 420 188 1340 
2408 185 288 1341 
2409 288 449 1341 
2410 449 185 1341 
2411 56 57 1342 
2412 57 494 1342 
2413 494 56 1342 
2414 179 311 1343 
2415 311 440 1343 
2416 440 179 1343 
2417 110 295 1344 
2418 295 436 1344 
2419 436 110 1344 
2420 285 177 1345 
2421 177 493 1345 
2422 493 285 1345 
2423 313 104 1346 
2424 104 465 1346 
2425 465 313 1346 
2426 288 117 1347 
2427 117 449 1347 
2428 449 288 1347 
2429 115 445 1348 
2430 445 548 1348 
2431 548 115 1348 
2432 10 11 1349 
2433 11 421 1349 
2434 421 10 1349 
2435 176 326 1350 
2436 326 409 1350 
2437 409 176 1350 
2438 108 299 1351 
2439 299 438 1351 
2440 438 108 1351 
2441 348 119 1352 
2442 119 405 1352 
2443 405 348 1352 
2444 182 403 1353 
2445 403 548 1353 
2446 548 182 1353 
2447 173 368 1354 
2448 368 557 1354 
2449 557 173 1354 
2450 309 181 1355 
2451 181 500 1355 
2452 500 309 1355 
2453 182 548 1356 
2454 548 549 1356 
2455 549 182 1356 
2456 152 323 1357 
2457 323 509 1357 
2458 509 152 1357 
2459 136 287 1358 
2460 287 553 1358 
2461 553 136 1358 
2462 333 202 1359 
2463 202 502 1359 
2464 502 333 1359 
2465 183 302 1360 
2466 302 452 1360 
2467 452 183 1360 
2468 322 150 1361 
2469 150 498 1361 
2470 498 322 1361 
2471 406 118 1362 
2472 118 453 1362 
2473 453 406 1362 
2474 32 33 1363 
2475 33 416 1363 
2476 416 32 1363 
2477 290 168 1364 
2478 168 558 1364 
2479 558 290 1364 
2480 326 151 1365 
2481 151 496 1365 
2482 496 326 1365 
2483 143 333 1366 
2484 333 502 1366 
2485 502 143 1366 
2486 181 319 1367 
2487 319 500 1367 
2488 500 181 1367 
2489 297 53 1368 
2490 53 561 1368 
2491 561 297 1368 
2492 43 296 1369 
2493 296 570 1369 
2494 570 43 1369 
2495 53 297 1370 
2496 297 571 1370 
2497 571 53 1370 
2498 297 51 1371 
2499 51 571 1371 
2500 571 297 1371 
2501 97 98 1372 
2502 98 408 1372 
2503 408 97 1372 
2504 141 292 1373 
2505 292 531 1373 
2506 531 141 1373 
2507 140 307 1374 
2508 307 566 1374 
2509 566 140 1374 
2510 306 188 1375 
2511 188 435 1375 
2512 435 306 1375 
2513 101 495 1376 
2514 495 500 1376 
2515 500 101 1376 
2516 55 56 1377 
2517 56 546 1377 
2518 546 55 1377 
2519 293 205 1378 
2520 205 555 1378 
2521 555 293 1378 
2522 209 299 1379 
2523 299 461 1379 
2524 461 209 1379 
2525 337 179 1380 
2526 179 440 1380 
2527 440 337 1380 
2528 218 295 1381 
2529 295 482 1381 
2530 482 218 1381 
2531 88 89 1382 
2532 89 410 1382 
2533 410 88 1382 
2534 189 328 1383 
2535 328 532 1383 
2536 532 189 1383 
2537 106 328 1384 
2538 328 420 1384 
2539 420 106 1384 
2540 65 66 1385 
2541 66 423 1385 
2542 423 65 1385 
2543 565 41 1386 
2544 41 570 1386 
2545 570 565 1386 
2546 137 293 1387 
2547 293 528 1387 
2548 528 137 1387 
2549 296 565 1388 
2550 565 570 1388 
2551 570 296 1388 
2552 174 353 1389 
2553 353 417 1389 
2554 417 174 1389 
2555 12 13 1390 
2556 13 450 1390 
2557 450 12 1390 
2558 308 144 1391 
2559 144 547 1391 
2560 547 308 1391 
2561 372 56 1392 
2562 56 494 1392 
2563 494 372 1392 
2564 106 338 1393 
2565 338 429 1393 
2566 429 106 1393 
2567 67 68 1394 
2568 68 468 1394 
2569 468 67 1394 
2570 323 173 1395 
2571 173 427 1395 
2572 427 323 1395 
2573 301 102 1396 
2574 102 481 1396 
2575 481 301 1396 
2576 311 101 1397 
2577 101 440 1397 
2578 440 311 1397 
2579 336 180 1398 
2580 180 422 1398 
2581 422 336 1398 
2582 106 429 1399 
2583 429 532 1399 
2584 532 106 1399 
2585 344 103 1400 
2586 103 497 1400 
2587 497 344 1400 
2588 201 344 1401 
2589 344 497 1401 
2590 497 201 1401 
2591 360 160 1402 
2592 160 541 1402 
2593 541 360 1402 
2594 192 491 1403 
2595 491 557 1403 
2596 557 192 1403 
2597 125 318 1404 
2598 318 439 1404 
2599 439 125 1404 
2600 301 145 1405 
2601 145 533 1405 
2602 533 301 1405 
2603 122 317 1406 
2604 317 442 1406 
2605 442 122 1406 
2606 34 35 1407 
2607 35 478 1407 
2608 478 34 1407 
2609 199 352 1408 
2610 352 486 1408 
2611 486 199 1408 
2612 352 131 1409 
2613 131 486 1409 
2614 486 352 1409 
2615 147 305 1410 
2616 305 489 1410 
2617 489 147 1410 
2618 45 46 1411 
2619 46 418 1411 
2620 418 45 1411 
2621 48 49 1412 
2622 49 419 1412 
2623 419 48 1412 
2624 193 316 1413 
2625 316 447 1413 
2626 447 193 1413 
2627 303 145 1414 
2628 145 540 1414 
2629 540 303 1414 
2630 202 336 1415 
2631 336 534 1415 
2632 534 202 1415 
2633 123 329 1416 
2634 329 434 1416 
2635 434 123 1416 
2636 305 147 1417 
2637 147 530 1417 
2638 530 305 1417 
2639 175 367 1418 
2640 367 480 1418 
2641 480 175 1418 
2642 358 116 1419 
2643 116 558 1419 
2644 558 358 1419 
2645 214 448 1420 
2646 448 528 1420 
2647 528 214 1420 
2648 490 135 1421 
2649 135 492 1421 
2650 492 490 1421 
2651 256 490 1422 
2652 490 492 1422 
2653 492 256 1422 
2654 15 345 1423 
2655 345 559 1423 
2656 559 15 1423 
2657 429 243 1424 
2658 243 532 1424 
2659 532 429 1424 
2660 100 1 1425 
2661 1 527 1425 
2662 527 100 1425 
2663 1 3 1426 
2664 3 527 1426 
2665 527 1 1426 
2666 70 349 1427 
2667 349 556 1427 
2668 556 70 1427 
2669 338 182 1428 
2670 182 429 1428 
2671 429 338 1428 
2672 102 417 1429 
2673 417 481 1429 
2674 481 102 1429 
2675 191 310 1430 
2676 310 469 1430 
2677 469 191 1430 
2678 198 353 1431 
2679 353 484 1431 
2680 484 198 1431 
2681 353 128 1432 
2682 128 484 1432 
2683 484 353 1432 
2684 190 344 1433 
2685 344 426 1433 
2686 426 190 1433 
2687 178 313 1434 
2688 313 465 1434 
2689 465 178 1434 
2690 347 157 1435 
2691 157 456 1435 
2692 456 347 1435 
2693 56 372 1436 
2694 372 546 1436 
2695 546 56 1436 
2696 94 95 1437 
2697 95 432 1437 
2698 432 94 1437 
2699 491 254 1438 
2700 254 557 1438 
2701 557 491 1438 
2702 307 184 1439 
2703 184 566 1439 
2704 566 307 1439 
2705 103 308 1440 
2706 308 497 1440 
2707 497 103 1440 
2708 319 142 1441 
2709 142 545 1441 
2710 545 319 1441 
2711 52 92 1442 
2712 92 539 1442 
2713 539 52 1442 
2714 91 52 1443 
2715 52 539 1443 
2716 539 91 1443 
2717 362 226 1444 
2718 226 507 1444 
2719 507 362 1444 
2720 348 186 1445 
2721 186 451 1445 
2722 451 348 1445 
2723 144 308 1446 
2724 308 525 1446 
2725 525 144 1446 
2726 101 311 1447 
2727 311 495 1447 
2728 495 101 1447 
2729 160 316 1448 
2730 316 483 1448 
2731 483 160 1448 
2732 511 243 1449 
2733 243 549 1449 
2734 549 511 1449 
2735 237 385 1450 
2736 385 554 1450 
2737 554 237 1450 
2738 187 347 1451 
2739 347 568 1451 
2740 568 187 1451 
2741 313 143 1452 
2742 143 502 1452 
2743 502 313 1452 
2744 122 312 1453 
2745 312 512 1453 
2746 512 122 1453 
2747 427 173 1454 
2748 173 557 1454 
2749 557 427 1454 
2750 331 200 1455 
2751 200 545 1455 
2752 545 331 1455 
2753 150 312 1456 
2754 312 521 1456 
2755 521 150 1456 
2756 121 396 1457 
2757 396 460 1457 
2758 460 121 1457 
2759 396 220 1458 
2760 220 460 1458 
2761 460 396 1458 
2762 314 162 1459 
2763 162 520 1459 
2764 520 314 1459 
2765 315 163 1460 
2766 163 519 1460 
2767 519 315 1460 
2768 319 101 1461 
2769 101 500 1461 
2770 500 319 1461 
2771 165 314 1462 
2772 314 552 1462 
2773 552 165 1462 
2774 166 315 1463 
2775 315 551 1463 
2776 551 166 1463 
2777 125 320 1464 
2778 320 505 1464 
2779 505 125 1464 
2780 101 319 1465 
2781 319 510 1465 
2782 510 101 1465 
2783 420 328 1466 
2784 328 472 1466 
2785 472 420 1466 
2786 355 190 1467 
2787 190 426 1467 
2788 426 355 1467 
2789 130 355 1468 
2790 355 426 1468 
2791 426 130 1468 
2792 375 12 1469 
2793 12 450 1469 
2794 450 375 1469 
2795 332 201 1470 
2796 201 547 1470 
2797 547 332 1470 
2798 142 331 1471 
2799 331 545 1471 
2800 545 142 1471 
2801 321 152 1472 
2802 152 523 1472 
2803 523 321 1472 
2804 151 320 1473 
2805 320 526 1473 
2806 526 151 1473 
2807 329 123 1474 
2808 123 479 1474 
2809 479 329 1474 
2810 144 332 1475 
2811 332 547 1475 
2812 547 144 1475 
2813 357 38 1476 
2814 38 428 1476 
2815 428 357 1476 
2816 153 327 1477 
2817 327 507 1477 
2818 507 153 1477 
2819 384 189 1478 
2820 189 431 1478 
2821 431 384 1478 
2822 403 182 1479 
2823 182 424 1479 
2824 424 403 1479 
2825 376 67 1480 
2826 67 468 1480 
2827 468 376 1480 
2828 130 426 1481 
2829 426 487 1481 
2830 487 130 1481 
2831 128 324 1482 
2832 324 529 1482 
2833 529 128 1482 
2834 325 164 1483 
2835 164 537 1483 
2836 537 325 1483 
2837 53 54 1484 
2838 54 561 1484 
2839 561 53 1484 
2840 352 199 1485 
2841 199 444 1485 
2842 444 352 1485 
2843 40 41 1486 
2844 41 565 1486 
2845 565 40 1486 
2846 119 348 1487 
2847 348 451 1487 
2848 451 119 1487 
2849 63 64 1488 
2850 64 467 1488 
2851 467 63 1488 
2852 14 15 1489 
2853 15 559 1489 
2854 559 14 1489 
2855 351 155 1490 
2856 155 462 1490 
2857 462 351 1490 
2858 69 70 1491 
2859 70 556 1491 
2860 556 69 1491 
2861 328 106 1492 
2862 106 532 1492 
2863 532 328 1492 
2864 440 101 1493 
2865 101 510 1493 
2866 510 440 1493 
2867 370 183 1494 
2868 183 564 1494 
2869 564 370 1494 
2870 504 136 1495 
2871 136 515 1495 
2872 515 504 1495 
2873 271 504 1496 
2874 504 515 1496 
2875 515 271 1496 
2876 380 34 1497 
2877 34 478 1497 
2878 478 380 1497 
2879 6 356 1498 
2880 356 441 1498 
2881 441 6 1498 
2882 266 402 1499 
2883 402 562 1499 
2884 562 266 1499 
2885 359 169 1500 
2886 169 445 1500 
2887 445 359 1500 
2888 398 258 1501 
2889 258 560 1501 
2890 560 398 1501 
2891 407 124 1502 
2892 124 446 1502 
2893 446 407 1502 
2894 205 454 1503 
2895 454 457 1503 
2896 457 205 1503 
2897 454 235 1504 
2898 235 457 1504 
2899 457 454 1504 
2900 206 455 1505 
2901 455 463 1505 
2902 463 206 1505 
2903 455 236 1506 
2904 236 463 1506 
2905 463 455 1506 
2906 180 387 1507 
2907 387 422 1507 
2908 422 180 1507 
2909 41 2 1508 
2910 2 570 1508 
2911 570 41 1508 
2912 2 43 1509 
2913 43 570 1509 
2914 570 2 1509 
2915 51 42 1510 
2916 42 571 1510 
2917 571 51 1510 
2918 42 53 1511 
2919 53 571 1511 
2920 571 42 1511 
2921 36 37 1512 
2922 37 518 1512 
2923 518 36 1512 
2924 345 16 1513 
2925 16 501 1513 
2926 501 345 1513 
2927 79 80 1514 
2928 80 522 1514 
2929 522 79 1514 
2930 24 25 1515 
2931 25 524 1515 
2932 524 24 1515 
2933 23 346 1516 
2934 346 499 1516 
2935 499 23 1516 
2936 378 187 1517 
2937 187 568 1517 
2938 568 378 1517 
2939 216 511 1518 
2940 511 549 1518 
2941 549 216 1518 
2942 3 4 1519 
2943 4 550 1519 
2944 550 3 1519 
2945 349 71 1520 
2946 71 508 1520 
2947 508 349 1520 
2948 118 364 1521 
2949 364 453 1521 
2950 453 118 1521 
2951 78 350 1522 
2952 350 503 1522 
2953 503 78 1522 
2954 443 203 1523 
2955 203 460 1523 
2956 460 443 1523 
2957 220 443 1524 
2958 443 460 1524 
2959 460 220 1524 
2960 116 431 1525 
2961 431 558 1525 
2962 558 116 1525 
2963 347 120 1526 
2964 120 568 1526 
2965 568 347 1526 
2966 168 358 1527 
2967 358 558 1527 
2968 558 168 1527 
2969 184 382 1528 
2970 382 471 1528 
2971 471 184 1528 
2972 368 192 1529 
2973 192 557 1529 
2974 557 368 1529 
2975 222 359 1530 
2976 359 498 1530 
2977 498 222 1530 
2978 223 364 1531 
2979 364 496 1531 
2980 496 223 1531 
2981 358 225 1532 
2982 225 509 1532 
2983 509 358 1532 
2984 203 443 1533 
2985 443 544 1533 
2986 544 203 1533 
2987 4 363 1534 
2988 363 550 1534 
2989 550 4 1534 
2990 363 244 1535 
2991 244 550 1535 
2992 550 363 1535 
2993 129 400 1536 
2994 400 454 1536 
2995 454 129 1536 
2996 400 235 1537 
2997 235 454 1537 
2998 454 400 1537 
2999 127 399 1538 
3000 399 455 1538 
3001 455 127 1538 
3002 399 236 1539 
3003 236 455 1539 
3004 455 399 1539 
3005 502 202 1540 
3006 202 534 1540 
3007 534 502 1540 
3008 336 422 1541 
3009 422 534 1541 
3010 534 336 1541 
3011 523 211 1542 
3012 211 562 1542 
3013 562 523 1542 
3014 54 361 1543 
3015 361 561 1543 
3016 561 54 1543 
3017 365 40 1544 
3018 40 565 1544 
3019 565 365 1544 
3020 445 216 1545 
3021 216 548 1545 
3022 548 445 1545 
3023 563 124 1546 
3024 124 569 1546 
3025 569 563 1546 
3026 372 207 1547 
3027 207 546 1547 
3028 546 372 1547 
3029 407 240 1548 
3030 240 473 1548 
3031 473 407 1548 
3032 186 430 1549 
3033 430 451 1549 
3034 451 186 1549 
3035 197 495 1550 
3036 495 531 1550 
3037 531 197 1550 
3038 406 188 1551 
3039 188 472 1551 
3040 472 406 1551 
3041 448 137 1552 
3042 137 528 1552 
3043 528 448 1552 
3044 413 193 1553 
3045 193 447 1553 
3046 447 413 1553 
3047 446 124 1554 
3048 124 563 1554 
3049 563 446 1554 
3050 207 404 1555 
3051 404 456 1555 
3052 456 207 1555 
3053 481 198 1556 
3054 198 540 1556 
3055 540 481 1556 
3056 109 413 1557 
3057 413 447 1557 
3058 447 109 1557 
3059 208 405 1558 
3060 405 462 1558 
3061 462 208 1558 
3062 243 429 1559 
3063 429 549 1559 
3064 549 243 1559 
3065 395 126 1560 
3066 126 567 1560 
3067 567 395 1560 
3068 188 420 1561 
3069 420 472 1561 
3070 472 188 1561 
3071 124 407 1562 
3072 407 473 1562 
3073 473 124 1562 
3074 193 413 1563 
3075 413 525 1563 
3076 525 193 1563 
3077 430 273 1564 
3078 273 451 1564 
3079 451 430 1564 
3080 414 196 1565 
3081 196 530 1565 
3082 530 414 1565 
3083 411 194 1566 
3084 194 533 1566 
3085 533 411 1566 
3086 497 308 1567 
3087 308 547 1567 
3088 547 497 1567 
3089 205 457 1568 
3090 457 555 1568 
3091 555 205 1568 
3092 167 464 1569 
3093 464 554 1569 
3094 554 167 1569 
3095 464 237 1570 
3096 237 554 1570 
3097 554 464 1570 
3098 130 398 1571 
3099 398 560 1571 
3100 560 130 1571 
3101 412 195 1572 
3102 195 542 1572 
3103 542 412 1572 
3104 216 445 1573 
3105 445 567 1573 
3106 567 216 1573 
3107 293 416 1574 
3108 416 528 1574 
3109 528 293 1574 
3110 403 115 1575 
3111 115 548 1575 
3112 548 403 1575 
3113 548 216 1576 
3114 216 549 1576 
3115 549 548 1576 
3116 402 131 1577 
3117 131 562 1577 
3118 562 402 1577 
3119 416 214 1578 
3120 214 528 1578 
3121 528 416 1578 
3122 527 3 1579 
3123 3 550 1579 
3124 550 527 1579 
3125 244 527 1580 
3126 527 550 1580 
3127 550 244 1580 
3128 437 243 1581 
3129 243 511 1581 
3130 511 437 1581 
3131 126 437 1582 
3132 437 511 1582 
3133 511 126 1582 
3134 510 319 1583 
3135 319 545 1583 
3136 545 510 1583 
3137 123 474 1584 
3138 474 479 1584 
3139 479 123 1584 
3140 474 242 1585 
3141 242 479 1585 
3142 479 474 1585 
3143 421 209 1586 
3144 209 535 1586 
3145 535 421 1586 
3146 282 421 1587 
3147 421 535 1587 
3148 535 282 1587 
3149 422 104 1588 
3150 104 534 1588 
3151 534 422 1588 
3152 513 14 1589 
3153 14 559 1589 
3154 559 513 1589 
3155 514 69 1590 
3156 69 556 1590 
3157 556 514 1590 
3158 475 125 1591 
3159 125 505 1591 
3160 505 475 1591 
3161 239 475 1592 
3162 475 505 1592 
3163 505 239 1592 
3164 476 122 1593 
3165 122 512 1593 
3166 512 476 1593 
3167 238 476 1594 
3168 476 512 1594 
3169 512 238 1594 
3170 423 218 1595 
3171 218 553 1595 
3172 553 423 1595 
3173 287 423 1596 
3174 423 553 1596 
3175 553 287 1596 
3176 429 182 1597 
3177 182 549 1597 
3178 549 429 1597 
3179 227 563 1598 
3180 563 569 1598 
3181 569 227 1598 
3182 461 135 1599 
3183 135 535 1599 
3184 535 461 1599 
3185 254 427 1600 
3186 427 557 1600 
3187 557 254 1600 
3188 431 290 1601 
3189 290 558 1601 
3190 558 431 1601 
3191 126 511 1602 
3192 511 567 1602 
3193 567 126 1602 
3194 209 461 1603 
3195 461 535 1603 
3196 535 209 1603 
3197 482 136 1604 
3198 136 553 1604 
3199 553 482 1604 
3200 195 446 1605 
3201 446 563 1605 
3202 563 195 1605 
3203 218 482 1606 
3204 482 553 1606 
3205 553 218 1606 
3206 201 497 1607 
3207 497 547 1607 
3208 547 201 1607 
3209 200 510 1608 
3210 510 545 1608 
3211 545 200 1608 
3212 212 514 1609 
3213 514 556 1609 
3214 556 212 1609 
3215 210 513 1610 
3216 513 559 1610 
3217 559 210 1610 
3218 511 216 1611 
3219 216 567 1611 
3220 567 511 1611 
$EndElements
