$MeshFormat
4.1 0 8
$EndMeshFormat
$PhysicalNames
5
1 1 "Left"
1 2 "Right"
1 3 "Bottom"
1 4 "Top"
2 5 "Fluid"
$EndPhysicalNames
$Entities
0 8 1 0
1 0 0 0 5 0 0 1 3 0 
2 5 0 0 5 1 0 1 3 0 
3 5 1 0 6 1 0 1 3 0 
4 6 0 0 6 1 0 1 3 0 
5 6 0 0 40 0 0 1 3 0 
6 40 0 0 40 10 0 1 2 0 
7 0 10 0 40 10 0 1 4 0 
8 0 0 0 0 10 0 1 1 0 
1 0 0 0 40 10 0 1 5 0 
$EndEntities
$Nodes
9 1606 1 1606
1 1 0 6
1
2
3
4
5
6
0 0 0
5 0 0
0.9999999999984134 0 0
1.999999999995513 0 0
2.999999999996966 0 0
3.999999999998489 0 0
1 2 0 1
7
5 1 0
1 3 0 1
8
6 1 0
1 4 0 1
9
6 0 0
1 5 0 34
10
11
12
13
14
15
16
17
18
19
20
21
22
23
24
25
26
27
28
29
30
31
32
33
34
35
36
37
38
39
40
41
42
43
40 0 0
6.999999999997795 0 0
7.999999999995589 0 0
8.999999999993383 0 0
9.999999999991157 0 0
10.99999999998505 0 0
11.99999999997763 0 0
12.9999999999702 0 0
13.99999999996285 0 0
14.99999999996003 0 0
15.99999999995737 0 0
16.99999999995019 0 0
17.99999999994276 0 0
18.99999999993533 0 0
19.9999999999279 0 0
20.99999999992047 0 0
21.99999999991304 0 0
22.99999999990631 0 0
23.99999999990863 0 0
24.99999999991165 0 0
25.99999999991468 0 0
26.9999999999177 0 0
27.99999999992072 0 0
28.99999999992375 0 0
29.99999999992677 0 0
30.99999999992979 0 0
31.99999999993403 0 0
32.99999999994734 0 0
33.99999999996081 0 0
34.99999999997428 0 0
35.99999999998775 0 0
37.00000000000122 0 0
38.00000000001338 0 0
39.00000000000742 0 0
1 6 0 10
44
45
46
47
48
49
50
51
52
53
40 10 0
40 0.9999999999991893 0
40 1.999999999996827 0
40 2.99999999999391 0
40 3.999999999991027 0
40 4.999999999992411 0
40 5.999999999993932 0
40 6.999999999995455 0
40 7.999999999996978 0
40 8.99999999999849 0
1 7 0 40
54
55
56
57
58
59
60
61
62
63
64
65
66
67
68
69
70
71
72
73
74
75
76
77
78
79
80
81
82
83
84
85
86
87
88
89
90
91
92
93
0 10 0
39 10 0
37.99999999999999 10 0
36.99999999999999 10 0
35.99999999999999 10 0
34.99999999999999 10 0
33.99999999999999 10 0
32.99999999999999 10 0
31.99999999999998 10 0
30.99999999999998 10 0
29.99999999999998 10 0
28.99999999999998 10 0
27.99999999999998 10 0
26.99999999999997 10 0
25.99999999999997 10 0
24.99999999999997 10 0
23.99999999999996 10 0
22.99999999999996 10 0
21.99999999999996 10 0
20.99999999999996 10 0
19.99999999999996 10 0
18.99999999999996 10 0
17.99999999999995 10 0
16.99999999999995 10 0
15.99999999999995 10 0
14.99999999999995 10 0
13.99999999999995 10 0
12.99999999999994 10 0
11.99999999999994 10 0
10.99999999999994 10 0
9.999999999999936 10 0
8.999999999999936 10 0
7.999999999999929 10 0
6.999999999999936 10 0
5.99999999999995 10 0
4.999999999999957 10 0
3.999999999999964 10 0
2.999999999999972 10 0
1.999999999999986 10 0
0.9999999999999858 10 0
1 8 0 9
94
95
96
97
98
99
100
101
102
0 8.999999999999998 0
0 7.999999999999996 0
0 6.999999999999994 0
0 5.999999999999991 0
0 4.999999999999989 0
0 3.999999999999988 0
0 2.999999999999985 0
0 1.999999999999982 0
0 0.9999999999999911 0
2 1 0 1504
103
104
105
106
107
108
109
110
111
112
113
114
115
116
117
118
119
120
121
122
123
124
125
126
127
128
129
130
131
132
133
134
135
136
137
138
139
140
141
142
143
144
145
146
147
148
149
150
151
152
153
154
155
156
157
158
159
160
161
162
163
164
165
166
167
168
169
170
171
172
173
174
175
176
177
178
179
180
181
182
183
184
185
186
187
188
189
190
191
192
193
194
195
196
197
198
199
200
201
202
203
204
205
206
207
208
209
210
211
212
213
214
215
216
217
218
219
220
221
222
223
224
225
226
227
228
229
230
231
232
233
234
235
236
237
238
239
240
241
242
243
244
245
246
247
248
249
250
251
252
253
254
255
256
257
258
259
260
261
262
263
264
265
266
267
268
269
270
271
272
273
274
275
276
277
278
279
280
281
282
283
284
285
286
287
288
289
290
291
292
293
294
295
296
297
298
299
300
301
302
303
304
305
306
307
308
309
310
311
312
313
314
315
316
317
318
319
320
321
322
323
324
325
326
327
328
329
330
331
332
333
334
335
336
337
338
339
340
341
342
343
344
345
346
347
348
349
350
351
352
353
354
355
356
357
358
359
360
361
362
363
364
365
366
367
368
369
370
371
372
373
374
375
376
377
378
379
380
381
382
383
384
385
386
387
388
389
390
391
392
393
394
395
396
397
398
399
400
401
402
403
404
405
406
407
408
409
410
411
412
413
414
415
416
417
418
419
420
421
422
423
424
425
426
427
428
429
430
431
432
433
434
435
436
437
438
439
440
441
442
443
444
445
446
447
448
449
450
451
452
453
454
455
456
457
458
459
460
461
462
463
464
465
466
467
468
469
470
471
472
473
474
475
476
477
478
479
480
481
482
483
484
485
486
487
488
489
490
491
492
493
494
495
496
497
498
499
500
501
502
503
504
505
506
507
508
509
510
511
512
513
514
515
516
517
518
519
520
521
522
523
524
525
526
527
528
529
530
531
532
533
534
535
536
537
538
539
540
541
542
543
544
545
546
547
548
549
550
551
552
553
554
555
556
557
558
559
560
561
562
563
564
565
566
567
568
569
570
571
572
573
574
575
576
577
578
579
580
581
582
583
584
585
586
587
588
589
590
591
592
593
594
595
596
597
598
599
600
601
602
603
604
605
606
607
608
609
610
611
612
613
614
615
616
617
618
619
620
621
622
623
624
625
626
627
628
629
630
631
632
633
634
635
636
637
638
639
640
641
642
643
644
645
646
647
648
649
650
651
652
653
654
655
656
657
658
659
660
661
662
663
664
665
666
667
668
669
670
671
672
673
674
675
676
677
678
679
680
681
682
683
684
685
686
687
688
689
690
691
692
693
694
695
696
697
698
699
700
701
702
703
704
705
706
707
708
709
710
711
712
713
714
715
716
717
718
719
720
721
722
723
724
725
726
727
728
729
730
731
732
733
734
735
736
737
738
739
740
741
742
743
744
745
746
747
748
749
750
751
752
753
754
755
756
757
758
759
760
761
762
763
764
765
766
767
768
769
770
771
772
773
774
775
776
777
778
779
780
781
782
783
784
785
786
787
788
789
790
791
792
793
794
795
796
797
798
799
800
801
802
803
804
805
806
807
808
809
810
811
812
813
814
815
816
817
818
819
820
821
822
823
824
825
826
827
828
829
830
831
832
833
834
835
836
837
838
839
840
841
842
843
844
845
846
847
848
849
850
851
852
853
854
855
856
857
858
859
860
861
862
863
864
865
866
867
868
869
870
871
872
873
874
875
876
877
878
879
880
881
882
883
884
885
886
887
888
889
890
891
892
893
894
895
896
897
898
899
900
901
902
903
904
905
906
907
908
909
910
911
912
913
914
915
916
917
918
919
920
921
922
923
924
925
926
927
928
929
930
931
932
933
934
935
936
937
938
939
940
941
942
943
944
945
946
947
948
949
950
951
952
953
954
955
956
957
958
959
960
961
962
963
964
965
966
967
968
969
970
971
972
973
974
975
976
977
978
979
980
981
982
983
984
985
986
987
988
989
990
991
992
993
994
995
996
997
998
999
1000
1001
1002
1003
1004
1005
1006
1007
1008
1009
1010
1011
1012
1013
1014
1015
1016
1017
1018
1019
1020
1021
1022
1023
1024
1025
1026
1027
1028
1029
1030
1031
1032
1033
1034
1035
1036
1037
1038
1039
1040
1041
1042
1043
1044
1045
1046
1047
1048
1049
1050
1051
1052
1053
1054
1055
1056
1057
1058
1059
1060
1061
1062
1063
1064
1065
1066
1067
1068
1069
1070
1071
1072
1073
1074
1075
1076
1077
1078
1079
1080
1081
1082
1083
1084
1085
1086
1087
1088
1089
1090
1091
1092
1093
1094
1095
1096
1097
1098
1099
1100
1101
1102
1103
1104
1105
1106
1107
1108
1109
1110
1111
1112
1113
1114
1115
1116
1117
1118
1119
1120
1121
1122
1123
1124
1125
1126
1127
1128
1129
1130
1131
1132
1133
1134
1135
1136
1137
1138
1139
1140
1141
1142
1143
1144
1145
1146
1147
1148
1149
1150
1151
1152
1153
1154
1155
1156
1157
1158
1159
1160
1161
1162
1163
1164
1165
1166
1167
1168
1169
1170
1171
1172
1173
1174
1175
1176
1177
1178
1179
1180
1181
1182
1183
1184
1185
1186
1187
1188
1189
1190
1191
1192
1193
1194
1195
1196
1197
1198
1199
1200
1201
1202
1203
1204
1205
1206
1207
1208
1209
1210
1211
1212
1213
1214
1215
1216
1217
1218
1219
1220
1221
1222
1223
1224
1225
1226
1227
1228
1229
1230
1231
1232
1233
1234
1235
1236
1237
1238
1239
1240
1241
1242
1243
1244
1245
1246
1247
1248
1249
1250
1251
1252
1253
1254
1255
1256
1257
1258
1259
1260
1261
1262
1263
1264
1265
1266
1267
1268
1269
1270
1271
1272
1273
1274
1275
1276
1277
1278
1279
1280
1281
1282
1283
1284
1285
1286
1287
1288
1289
1290
1291
1292
1293
1294
1295
1296
1297
1298
1299
1300
1301
1302
1303
1304
1305
1306
1307
1308
1309
1310
1311
1312
1313
1314
1315
1316
1317
1318
1319
1320
1321
1322
1323
1324
1325
1326
1327
1328
1329
1330
1331
1332
1333
1334
1335
1336
1337
1338
1339
1340
1341
1342
1343
1344
1345
1346
1347
1348
1349
1350
1351
1352
1353
1354
1355
1356
1357
1358
1359
1360
1361
1362
1363
1364
1365
1366
1367
1368
1369
1370
1371
1372
1373
1374
1375
1376
1377
1378
1379
1380
1381
1382
1383
1384
1385
1386
1387
1388
1389
1390
1391
1392
1393
1394
1395
1396
1397
1398
1399
1400
1401
1402
1403
1404
1405
1406
1407
1408
1409
1410
1411
1412
1413
1414
1415
1416
1417
1418
1419
1420
1421
1422
1423
1424
1425
1426
1427
1428
1429
1430
1431
1432
1433
1434
1435
1436
1437
1438
1439
1440
1441
1442
1443
1444
1445
1446
1447
1448
1449
1450
1451
1452
1453
1454
1455
1456
1457
1458
1459
1460
1461
1462
1463
1464
1465
1466
1467
1468
1469
1470
1471
1472
1473
1474
1475
1476
1477
1478
1479
1480
1481
1482
1483
1484
1485
1486
1487
1488
1489
1490
1491
1492
1493
1494
1495
1496
1497
1498
1499
1500
1501
1502
1503
1504
1505
1506
1507
1508
1509
1510
1511
1512
1513
1514
1515
1516
1517
1518
1519
1520
1521
1522
1523
1524
1525
1526
1527
1528
1529
1530
1531
1532
1533
1534
1535
1536
1537
1538
1539
1540
1541
1542
1543
1544
1545
1546
1547
1548
1549
1550
1551
1552
1553
1554
1555
1556
1557
1558
1559
1560
1561
1562
1563
1564
1565
1566
1567
1568
1569
1570
1571
1572
1573
1574
1575
1576
1577
1578
1579
1580
1581
1582
1583
1584
1585
1586
1587
1588
1589
1590
1591
1592
1593
1594
1595
1596
1597
1598
1599
1600
1601
1602
1603
1604
1605
1606
11.44339206829101 4.959164519084518 0
17.50155327206907 5.00453835471434 0
23.45026967869318 5.028420441961103 0
30.51363939066544 5.033898032919534 0
35.22239362785166 5.122803974527212 0
6.883305214732361 5.297000552171811 0
27.05370815254702 6.198496430335435 0
3.574759541643259 4.291265902738767 0
20.49999999992418 3.374999999986187 0
14.42629991040979 3.307468777049309 0
20.34284004288696 6.709839178676625 0
14.46536912882368 6.835107097278825 0
26.13980362527274 3.194901812681139 0
32.98334080380241 3.140056518436475 0
9.086837549941261 3.051581250824658 0
32.77702702702862 6.986486486487055 0
4.431439181766874 7.050113182845931 0
9.383267340251226 7.127888358319722 0
37.16453702315876 2.808133041453881 0
37.22134185981206 7.199548022450883 0
28.87221901826196 2.763334294524921 0
24.58123031403965 7.364300542104992 0
29.57233646722226 7.522376780541606 0
11.9043942314709 2.46700367744642 0
17.0306463541256 2.63118082255443 0
23.00583123664322 2.526587702587669 0
17.98239207214198 7.385746072109099 0
12.0822040567636 7.4667795943211 0
5.795721350291107 3.524200385084119 0
2.175761780821234 6.058366802723388 0
2.317912621281338 2.317912621280627 0
34.96776208880564 7.697115930977501 0
6.717778482457891 7.725674320328262 0
37.80982743244577 5.035776766670879 0
22.33613231968792 7.839872488426892 0
35.01585133284046 2.246001562319747 0
31.00490738288018 2.340429633729675 0
28.44058459049848 4.788124366089821 0
18.90518477621835 2.062973432752457 0
16.10487801045954 7.963851764157794 0
9.564402641737992 5.008203478908644 0
33.27884615384657 5.071985446985872 0
25.48889733139529 4.955600061160927 0
19.55746782995511 5.071255282076716 0
13.48187885335512 5.009497852533067 0
15.51874922781729 5.062086987616183 0
21.49653675381455 4.998248314058211 0
27.64679354626971 8.091289796595193 0
31.18972841668479 8.081179385695631 0
24.71278885779079 1.903231963319839 0
3.070809704677716 8.160047558235476 0
7.242076120196123 2.304745916325284 0
10.32480638280159 1.846493676155332 0
5.127071131112627 5.416810034842537 0
1.758506489383285 4.499999999999988 0
27.23274492588526 1.650542881221336 0
4.0073876277952 2.55052551353173 0
13.71598698631824 1.718976424312363 0
21.26052477929946 1.687038541041553 0
19.63437257503205 8.295577350040528 0
13.70082885239786 8.326544450759355 0
38.28931451612917 1.710685483872303 0
10.58104702064319 8.270569517862558 0
15.42683258858309 1.656794186995893 0
24.20958379594385 3.605841900795946 0
10.68469806710182 3.503513179330956 0
8.264825139060166 8.369656033758567 0
18.50899160631585 3.595242360654165 0
16.57577424501163 6.382796953570285 0
38.33749669549553 8.372783504975466 0
25.92545899954856 8.27911236014913 0
34.31723956482185 3.728550086118809 0
7.601812948371357 3.908885747489848 0
33.48333588112003 1.560735216732521 0
33.54269356159919 8.41224145050729 0
31.26037206504665 6.520471215839873 0
31.48893184107973 3.726698349682548 0
8.801184037568561 1.578265196123924 0
10.8688777320077 6.451051207949638 0
5.314673336299244 8.45179560193202 0
38.43485903839169 3.639477759592165 0
22.54440098109849 6.248810147770438 0
36.39651452692852 1.517484107279489 0
7.792354761212591 6.812651338966162 0
36.32381079268259 8.489620278762962 0
26.92519794101344 4.587053822419938 0
34.1884695188014 6.367402379177156 0
38.53182198386783 6.382554506773517 0
1.455679543638226 7.49071526843991 0
36.49663081762679 4.384025743201186 0
29.66129745892104 1.489128928522186 0
21.14232156784716 8.571370672050296 0
23.66785085986189 8.597574147473065 0
3.695637084457817 5.736063048085993 0
36.57663738291322 5.842630319358397 0
28.34064222921042 6.351979618517277 0
12.52353247457314 4.000090339047855 0
16.47844119782869 3.954110749235734 0
21.9271365494109 3.656658920005651 0
30.04137538607488 3.623114858232714 0
5.937631687638246 6.510004896986797 0
12.44062636663226 5.993634451616792 0
18.51631963724052 6.051174337000112 0
3.344409411282443 1.281210866644875 0
27.63982286360648 3.369766660299802 0
17.68153598504181 1.369808338264138 0
31.88490705819392 5.210324089108117 0
17.26676746217474 8.70505268216975 0
25.61583223331534 6.427625356814179 0
26.12188583750793 1.450511891340653 0
32.14474638882537 1.574950585611059 0
1.340196130125562 1.340196130125025 0
23.65117093387554 1.061978634201038 0
29.74774093952061 8.552188764504859 0
24.31354778337578 6.0759822026532 0
14.87959967083398 8.527911289515814 0
1.322041181318971 3.190574301851615 0
11.57619638385663 1.255543609692629 0
20.06228479607553 1.318907368644644 0
29.70531064595837 6.03854586825834 0
12.53772675790595 8.704595871204805 0
4.039741144812306 8.701460350612185 0
35.75938109330146 3.17578863151109 0
8.259296066788179 5.464702371388738 0
1.525248263297399 9.024887515864759 0
32.39237580640976 8.733862321783207 0
35.40552169994773 6.552721204135844 0
15.42558887267384 2.72401511357886 0
28.68193495011944 8.7709249157509 0
23.21947888237951 3.762340059586081 0
1.218613591841814 5.647844915135282 0
19.3079458681352 7.039684696695565 0
13.27776352705306 7.044162818503403 0
13.34569576821494 2.970212209777065 0
28.45940743530852 1.152864348773079 0
5.557229033531051 2.192188408377162 0
9.445904156387682 8.82671687992279 0
2.618273277619925 3.508248124618492 0
18.64021933201886 8.947192791000658 0
6.169063074317946 4.616230471137844 0
4.679589671365928 4.045542277544387 0
23.45439709906651 7.08996121055497 0
7.499999999996691 1.113252998078869 0
16.54678757806226 1.011745703418056 0
3.386723431613338 7.059987345612251 0
6.545639364183101 9.025091748355429 0
34.6078318060918 8.860581441758621 0
24.93131012509102 8.815865354400902 0
22.2412387682545 1.154071141977916 0
34.58164899618269 1.136749389429105 0
26.65958417159901 7.400971831305325 0
21.63223103018704 6.969213383094353 0
2.699997918916757 5.22346451694033 0
14.48903950207214 4.515947533852716 0
20.44940200725515 4.509712649938635 0
38.88964749372145 4.639219362549253 0
12.86595507786832 1.170141717246487 0
32.49328287249757 4.209391543102492 0
22.66491132111813 8.92100203568282 0
8.672699410731212 4.155886749066187 0
37.36054276158244 9.023019012577327 0
30.55475766144123 0.9426073779560775 0
15.63114252899463 6.928040163787102 0
39.00354570223354 2.62815585661166 0
38.92803183952557 7.360171346994639 0
19.44727778145826 2.98958065708929 0
37.39475285901394 0.9827651464331733 0
32.02892434921636 2.456021368474445 0
14.52790718348006 1.00500178621139 0
17.81935830469883 2.722120212906347 0
34.0192227074255 2.797966409047162 0
36.15788101218388 7.578441445013563 0
10.49475139209047 4.567013455466712 0
30.67572766268803 7.161631543457479 0
29.91107954820534 2.548351929919384 0
20.40774157928532 5.59733004584362 0
14.40716281966964 5.608836003854853 0
33.84324335025467 7.401895190575146 0
17.0558819727487 7.37538947973899 0
29.52202864361896 4.46707134815681 0
26.80596858142771 8.941000663170406 0
15.51167008142164 3.913310013382194 0
9.793209406613672 6.158926439510692 0
9.533808242140443 1.004865300773562 0
22.52757782973542 4.518982059334894 0
28.38538444771579 7.297842870011419 0
23.95762695564309 2.661644094705744 0
2.315263855033867 1.150635616656206 0
37.44382324628253 4.14069536961207 0
18.50127720591159 1.012427887085954 0
13.52207146200723 3.960163250488766 0
32.7102023775175 5.922184328204837 0
27.55684618517457 5.373204656575813 0
11.52533563031472 9.120871372326858 0
16.34469709875768 8.839940256536005 0
20.38214107364385 2.364157759332412 0
14.61251720326869 2.326615512437626 0
24.52457532325949 4.711428234501397 0
25.32342672758401 3.974543057551219 0
6.821944701474263 3.241765940093256 0
34.25586018171299 4.822139181338348 0
28.48563945515309 3.739327083018984 0
2.499712458579503 9.094907754743819 0
7.587118655804835 9.161217927880795 0
5.604780771484894 7.443739998492768 0
17.27340660620122 3.568906880781514 0
9.747813880688129 3.841902912786774 0
24.97874651753121 2.902695755110511 0
35.45746761511063 4.120185643882482 0
18.52007758597369 4.703066023915159 0
16.53658630230651 5.322081512068481 0
21.35454203520118 2.831912690228496 0
26.27153075391784 5.56579670951515 0
24.44575758013526 0.9419864153858857 0
0.7998946526571218 6.550623564880927 0
10.94643014532063 2.638407969041722 0
14.48268586045716 7.759582963922007 0
10.00696105870815 2.783324518927651 0
35.68356314940953 0.8424153230402966 0
13.35964072443536 6.12051059318436 0
19.36313904495935 6.112525543533064 0
37.49792687673883 6.128440201628716 0
31.81144413457012 7.284530191578534 0
20.59633196937614 7.81227137724637 0
19.4972028018137 4.040642828943358 0
0.8391822659113291 2.340695569196388 0
11.17281072676716 7.362349379597353 0
17.71861284653028 6.454589206815752 0
21.41493548044791 5.998004717099082 0
38.99790455198588 1.002095448014089 0
33.49689318532695 4.060129037493456 0
7.992754153909796 2.978286851012526 0
8.626723358947762 6.363318348431373 0
15.20837271631498 6.058326817073403 0
20.28535777412884 8.858313522650882 0
31.55919297591311 9.080806576459981 0
25.58215311125134 7.264178091394318 0
12.43618705632017 4.998402441338207 0
6.51929627252875 1.73395088084349 0
11.68457356466891 3.479471470492404 0
26.43911848045695 2.188839018729647 0
6.928321208614413 6.402980799216296 0
27.46464752805027 0.7183523122436292 0
37.25570183379546 2.029480228592566 0
35.65704574996693 9.161244077805344 0
2.422786561982466 7.135306072192104 0
10.70865035501794 0.9327378813726324 0
3.118101771981046 2.838826150601681 0
4.5776401470176 6.043369273327031 0
3.878856995481304 7.7713334235315 0
4.795803047519288 2.997712485699087 0
4.023023675472784 1.651908284058015 0
10.61982098035041 5.530043130449203 0
39.17984085724207 5.691607967198402 0
37.99207004438512 2.727486569086028 0
29.06054765142081 5.510519633929466 0
8.449853008117172 7.396851254553515 0
0.8590872225302908 4.442372132300738 0
4.318892950740417 5.012486832286271 0
13.34628034416857 9.288885863681564 0
39.05861007549242 9.058610075492323 0
5.993452376517727 5.549667441123287 0
32.72611902931034 7.896391979291155 0
28.20746532904955 2.101721556504803 0
20.79121619373407 0.7431428114610835 0
27.79314102017266 9.118678312919679 0
9.73683996322 7.868324149470403 0
30.78123286073381 3.171529752973334 0
7.624268407089804 7.651268663176737 0
23.48203596298239 6.000155694522146 0
36.24896702825123 2.432129348277565 0
13.62196984951994 0.7788239855540481 0
8.471121135893203 9.259919587920638 0
3.909387437489624 3.393412581674277 0
10.49999999999994 9.237413118440273 0
15.50030547000856 0.7347083353250679 0
38.06542836401051 7.547383486301624 0
12.89949399704361 2.189796673404565 0
32.74519068241985 0.9598722067603482 0
22.14213697301656 2.065000107942436 0
19.47618911765683 9.210468495820809 0
9.457634041483068 2.044685916635954 0
11.57802925005419 5.835986931103658 0
7.746740274824793 4.830265243240277 0
18.84560304218337 7.759446318857467 0
27.4517071969566 6.876474983735001 0
12.81739074314882 7.893308353196394 0
0.9263034741456746 8.330677195642338 0
32.95461177521571 2.189597776174919 0
27.7252859020499 4.239592124592948 0
25.67042760207497 9.180909330210083 0
36.12493793153326 5.141457147797286 0
31.27233646822922 4.579162161686377 0
31.5790056199971 0.7841803773878602 0
4.789719288550141 9.151179380410868 0
37.16935743269833 8.059995516475221 0
16.28260877284093 2.05172624438764 0
8.473317874745781 0.8574330699542854 0
11.78608582259058 8.136412348084844 0
26.55916987413375 0.7740275886379424 0
25.48126447033526 1.020824222899071 0
21.65088159721287 9.202475272223989 0
11.23974114121821 4.172996256797878 0
10.26944830384111 7.148160591549038 0
30.49917766374207 6.027632362268605 0
22.37796919856828 5.433826110768571 0
30.46897501602671 8.997436897250866 0
21.22189310337711 3.954484958512315 0
33.38605966358342 9.260186793332041 0
34.94046102096351 3.115417335143187 0
3.322052661613892 9.191283132718295 0
15.47063925433928 9.253497016836796 0
39.26561044686934 3.581370595747603 0
36.46827986084639 9.334776673829127 0
2.042421696706286 8.161953775555633 0
5.663108896019418 9.172283984409583 0
21.54102577264621 7.90104431947907 0
8.609570949224119 2.354924149241024 0
36.49496610706819 0.6685329153505919 0
11.69309514684547 6.715393593578833 0
26.88775413050337 3.717479515061316 0
6.77916144490406 4.083031975245095 0
4.670897819211683 8.007690068447758 0
33.74306222782983 5.757825575083267 0
19.37281469716327 0.746976447914235 0
14.33912645470778 9.231645934722511 0
39.17917958387324 1.822163364309593 0
29.39977515094444 9.299041664258469 0
4.008879613069835 0.8363300665120783 0
25.5595365636099 2.084902721601969 0
25.03563400493206 5.67354859294168 0
36.99163061459006 5.112170924711422 0
38.2429615249758 9.207306554674355 0
39.20730655467511 8.242961524975732 0
39.32793893612709 6.486866764191189 0
29.50913486851623 0.6753105380478283 0
6.387253495604258 2.599370306144662 0
38.1948531305295 0.8038750865272551 0
26.09529874951873 4.508942889931218 0
2.748193755297669 4.279888411627721 0
31.96414635298133 6.273444939412077 0
33.56203511192614 0.7314713625843947 0
34.76335055384024 5.740322687941063 0
34.19846372044022 1.966192370974973 0
23.51869769527487 9.360150686507376 0
35.54286628994617 8.357400634863598 0
32.16356811415179 3.299541627436422 0
28.81085089032101 7.966151976352121 0
0.7615312071869147 9.228426958626814 0
29.02229375794928 2.011080211648874 0
36.5096336509759 6.616251525962467 0
23.17878163901862 7.932473395861427 0
17.2733283445891 5.723969864378221 0
7.608094256179957 5.947933301065081 0
8.000015132914799 1.818700658498289 0
22.1535262658129 2.857789472453769 0
15.30150579926105 7.734713120430663 0
25.06887361169988 7.96532587914013 0
29.27901539977439 3.464180069763116 0
6.710422756245057 0.770765876245314 0
0.7713232784167958 0.7713232784171566 0
6.0840531393864 8.219799478704228 0
34.24038270168782 8.092958503454639 0
34.7204675331969 6.94520947996131 0
5.199291878849504 6.605021309896611 0
35.58530900672248 1.63495594606924 0
21.56961416122298 0.7123491794256678 0
22.62722654621827 7.131425139135692 0
29.15565001870632 6.594566466382746 0
36.60194357295638 3.486391451526732 0
0.6363755340882045 7.474403205792632 0
38.38181292880319 5.575519760964154 0
1.963219945240773 5.357419058699747 0
17.78526543618411 8.210026576655512 0
30.57116309755192 4.211472525730897 0
17.73692219197414 9.205305702874288 0
7.137280531330366 8.358784695367335 0
1.648987967918857 6.638129833805524 0
24.8668312656025 6.622823019265066 0
27.22153670821004 2.67925867383687 0
17.49999999994646 0.6056796966095924 0
16.33372698084865 3.140541637320062 0
38.17637953088654 4.374856998197711 0
17.80103760239169 4.293369879370696 0
23.58629710200229 4.325402539235884 0
0.5969255000104094 3.499999999999986 0
17.07479364153837 1.81605957597929 0
30.35503670597393 8.050553439299804 0
26.39321477219242 6.656196104864005 0
12.55672225957855 3.16610850030668 0
22.98869139435003 1.576525786172605 0
33.493545843374 6.657612331385449 0
31.93577207257762 8.2153540909617 0
26.73575737176645 8.174288678845244 0
19.67491488872532 2.021880545433715 0
29.81504015278752 5.353286352748806 0
12.53404283096941 6.842612304594928 0
18.53404283095529 6.84261230458503 0
3.049618851863006 6.28421007877937 0
35.7647960668979 5.819043813384557 0
24.24212085727073 8.126895091773562 0
0.5946571721376451 1.516862236405353 0
1.494358248053892 0.6359241956391974 0
16.94781978456699 4.450303622328464 0
9.024005097446096 7.972346378988612 0
23.86897374120208 1.836295604170726 0
31.33017797162999 1.56726159786218 0
24.2518594068207 9.247791480598407 0
3.893744433646031 6.477150753190456 0
3.441289605093346 5.00703317940332 0
30.41038747712774 1.76888829828006 0
24.12964282571765 6.717528150620852 0
22.9443287463072 0.7551835003482793 0
18.06758453544328 5.568853457779561 0
3.082224917212622 2.013587719904874 0
18.11916863911345 1.961960035364089 0
24.16861509755783 5.417715807178783 0
21.88087263605326 8.487650045719867 0
27.73897261647959 6.064750488105725 0
28.27518488495233 5.548096699636268 0
2.095872978913264 2.974173029478162 0
1.876635258724258 3.787516726922818 0
12.14304528770783 0.7708078978884459 0
4.699266100519429 2.113771525426055 0
13.88553040472097 2.493201243143039 0
18.68786356128871 2.756614354991467 0
16.87706989803599 8.149120611067326 0
31.26342858239685 5.638684378790987 0
6.49671304027475 7.016555432976785 0
12.1257077492935 1.728891209271885 0
5.354712914186631 4.627521927835855 0
32.49999999999999 9.456569606772584 0
16.13334255757542 4.552095778764379 0
15.65903126815974 8.529413492382151 0
16.34191918930363 7.162519590313543 0
32.56806926978281 4.966165183984757 0
11.88577422455852 4.346640824244499 0
11.11436115788821 1.829719969041452 0
1.652413342567618 2.005695408838689 0
13.81556454497096 7.545171849346395 0
21.80282616539387 4.330799800526547 0
28.11358265345028 2.881979700871823 0
18.8572123089667 5.48244475936626 0
15.92992925328348 5.924065728539365 0
31.49351290961237 2.998844146459285 0
8.710385078749018 4.980461753424651 0
19.8023190639806 7.549337634431661 0
12.49999999999994 9.470528925402723 0
5.416560112858575 5.995042242074232 0
29.90679425710537 6.719574439283647 0
28.49999999999995 9.473699408044199 0
12.99091746156392 4.492038470851973 0
33.67900613225166 3.410602501935496 0
3.022661720158088 0.7246129941991739 0
12.91557222593788 5.515134835580735 0
19.30051148396602 1.403546983840578 0
37.94323435008082 6.835687752943645 0
11.43069468925759 0.5923539591779825 0
16.86967735058129 9.35005972831601 0
7.111887179929891 7.121826110932848 0
0.5156996498181681 5.499999999999989 0
3.248999361197632 3.645978187015353 0
20.90260792432947 9.299821872525174 0
8.990803310567324 5.59512247833282 0
23.37076255126904 3.065937630274376 0
22.60681923056245 3.403966278820759 0
37.52744658503489 3.360436838254175 0
39.49790892456285 0.5020910754404199 0
26.15879872783421 9.373969997793496 0
30.67124671289514 8.376389907415435 0
23.53183322669712 0.605720711516439 0
29.37697609902129 8.013572507132862 0
25.64099899738841 5.888990219757003 0
31.0726321362082 8.719807619802159 0
24.03230950463981 0.6679883498623079 0
28.486469145051 0.384288116257693 0
37.43312830792488 5.425462631003672 0
26.63793354584232 1.291694120399977 0
35.67473315146438 2.617973180702801 0
26.60198952714255 9.647000221056802 0
8.58409703819409 3.395251616967791 0
8.089088837670788 3.681019782522854 0
30.36056652784515 6.636279448336577 0
6.610509911318122 4.665420999518251 0
20.2845003299125 0.6873500600352425 0
39.38508598019693 4.07352998609596 0
30.81175913049225 6.569911707188652 0
32.10806543411699 0.5813508613827362 0
1.352587887524507 3.806821053691724 0
37.0220649580807 5.694413815232845 0
1.50841608776579 9.674962505288253 0
0.9260179679532238 3.710982144717446 0
33.10704301053079 8.802096855207511 0
9.481968052129185 9.608905626640931 0
20.85713434748338 7.163774646339117 0
26.59791641461672 1.763297930430545 0
35.51038826697908 7.276092860042303 0
7.136402311487071 4.736765923552395 0
25.59868736341506 5.398315121205918 0
32.1563142304141 1.106334389919756 0
18.54673977733959 9.649064263666887 0
30.02129750996141 0.5393059720013019 0
39.62988249790715 4.546406454177564 0
34.53594393536392 9.62019381391954 0
7.087124130907188 1.717316598415881 0
3.704212073493535 2.072007172498207 0
15.15497955484187 2.235808271004127 0
14.82146866211744 2.786033134355265 0
14.80498384985302 5.062290175107917 0
20.78456011345167 5.035097003280155 0
29.89170470423893 8.041706328115422 0
31.88350879964024 4.666292597965662 0
18.84209066470108 4.112983737837561 0
5.51907634451035 1.397396136125721 0
14.285470457689 1.683531240987126 0
14.85575232511061 1.662803828548303 0
25.25119663057865 1.669652969273626 0
34.78578059086312 6.220148757084687 0
18.12571384133098 9.384166164624983 0
17.2394057689896 7.911512222487276 0
29.08017559332035 8.429755218869294 0
17.6078464936916 7.657054042834534 0
32.61484961548697 1.574806856182109 0
31.22563340464765 7.509113706910547 0
31.24918128743493 6.988877650291961 0
24.0925827567923 7.52705228147784 0
20.56831688300628 1.790034556339537 0
19.6713083186605 6.620683139635084 0
13.70092446010403 6.666593502988863 0
14.30651832597987 8.695367224999227 0
19.81169983105557 0.6886279388529597 0
13.19494531815746 8.773342061881907 0
33.72409940102714 2.317918852065685 0
14.35437146122967 8.204679568065727 0
32.75947848999773 9.150206240629275 0
33.99796382322507 9.373589411696885 0
35.31122277356196 6.037362568487154 0
23.17051460666621 8.483683193005772 0
20.17202077284568 8.322054083312594 0
20.67467043711738 8.413985190649184 0
30.51825255376593 0.3142024593186925 0
28.81608422975684 4.331507599088539 0
17.67110686178355 2.166713274749909 0
33.11546313553121 7.42825788545112 0
31.75151706060218 4.171750684823806 0
17.30826610012094 2.389786870480023 0
37.62246562992544 8.485266011342672 0
12.15161422433554 5.609341274686219 0
33.06104611291853 1.570068399889263 0
23.62509986511862 7.716443232729986 0
37.85742749740145 7.993387502584103 0
21.25652959073646 7.560843026606598 0
3.48321933465595 1.648902290202588 0
1.278735767918463 4.863405682478669 0
3.477534503701305 8.684263680521987 0
28.9895141012495 0.6093916289403024 0
5.773165779598561 4.255984261352606 0
5.276674645281222 4.06575486348812 0
33.54547045892532 1.905508454627471 0
5.382917810447149 2.904700426386789 0
26.09352591980853 6.216539390397778 0
35.61670912260472 2.104362285555518 0
7.499999999996692 0.3710843326929563 0
2.571800464509276 1.827378652613903 0
15.12118628816842 3.314931301336788 0
33.75925618779647 5.217316734469162 0
34.25409098779435 5.440095814787559 0
39.35287002516414 9.686203358497442 0
39.68620335849747 9.352870025163604 0
20.70467525636969 1.249696240382427 0
13.01864878448421 8.308149558386852 0
13.76468904687732 3.412614745771713 0
21.86385583057782 6.405342749321291 0
2.095196606294274 1.824747882258507 0
19.1915827392475 4.604988044978412 0
16.51559585932327 0.3372485678060186 0
34.52721633203926 0.378916463143035 0
2.00832024062563 9.373265090202858 0
35.25018008286327 5.560723491950944 0
1.681121113527302 6.114780517221398 0
4.276486811120804 9.284213243674351 0
11.81920279155512 5.264517963842128 0
9.981968052129186 9.354709999454355 0
23.11111793803907 4.202241552718953 0
23.18804820347696 4.62426834684396 0
37.45351425386081 9.67433967085911 0
23.10342494674795 5.487467415750607 0
38.86337232632749 3.953355905963007 0
15.13267248569312 7.165953460498863 0
32.31541973349143 4.795293605398456 0
1.646780008821957 5.168421324611672 0
26.37428550176495 3.807108072557891 0
6.515213121394329 9.675030582785142 0
35.03125044065009 7.065015538358218 0
34.77148625064868 6.621777687758104 0
28.37985979557005 8.276122229566072 0
1.0955931568281 9.417771491497192 0
29.09556116618215 3.890192833646303 0
35.93959742712283 3.594121908973435 0
12.86744206538631 3.7087873632811 0
6.909906342923499 1.205989918389224 0
13.14149649660024 3.36549465352417 0
14.74985359618063 7.443134393877165 0
22.72660842660822 8.231115973323712 0
25.85284303412516 3.892795920054525 0
36.18534733523126 3.996867612870133 0
4.669626537689945 0.6121100221706928 0
29.9083966629595 1.035682281508697 0
33.3706853137214 7.903509540124531 0
25.7208956238177 1.518746278613898 0
18.00042573526694 0.5393691945651821 0
0.4787025886405795 2.946898523065453 0
29.20994658758193 1.105767938447698 0
30.19058422050709 8.533393033685178 0
6.247981956504371 4.07448761048902 0
3.663135948323776 8.210947110793056 0
34.97857380822509 4.68837626658268 0
34.67685578721515 4.223624970446546 0
9.328305311052445 4.335331046920535 0
21.10640460451593 5.531194359000305 0
39.66784856741118 2.542718618867466 0
23.16027801438247 6.44630901761585 0
23.59994174319747 3.478039863552134 0
8.00708421130912 4.298345913265437 0
15.04476158793397 5.576416602848146 0
22.11243522003823 5.893546991879364 0
32.18641859623092 5.801984452241677 0
5.085498378016827 1.768653311267739 0
20.10980628500876 2.909579472135963 0
23.31477624870739 0.2517278334494265 0
35.23856448236847 2.845735842991342 0
31.70416066452403 5.707484469103727 0
3.787264602142054 9.297581161110161 0
10.1756503923436 8.778233172075206 0
17.37447042167522 2.974069305414097 0
33.84552834375813 8.844336561865985 0
26.01347811479457 0.5982839371790044 0
15.71167674469929 2.144178514987464 0
12.38040110788178 8.244772190828682 0
4.336293204356108 0.2787766888373595 0
24.54972077698836 2.489190604378698 0
24.38198575637271 3.056727250204067 0
9.002375372293203 0.6207661235759491 0
10.19577842923477 7.762351419627334 0
24.87993696942044 1.288680867201599 0
9.935655971505531 4.472373282387376 0
1.498076323545945 4.243296286407848 0
12.228560207501 7.832166765200779 0
14.07739089097623 6.188151231439345 0
20.03790688904388 6.139898256017769 0
7.04425267332929 9.395436558745407 0
25.01636888652895 5.113525629534668 0
20.13820380549853 5.059432659286323 0
14.12602705836563 5.044760463413545 0
6.601692933288167 5.749882930837131 0
6.286468424256795 6.154217712442127 0
18.50042573526322 0.3374759623619847 0
10.67443535041715 7.593693163002983 0
15.75699531164804 3.259288921427039 0
16.10794608669966 3.66932079997933 0
37.46491761967619 0.3275883821443911 0
35.38576990979187 3.47046387017892 0
27.71893329641468 1.173919847412681 0
27.97468498775983 0.6237388870055693 0
15.17315293710369 4.497114844950365 0
28.05924462462761 6.842099157421232 0
26.04615288977986 2.489547851004251 0
24.57627480858313 5.26756421154062 0
29.27648368019483 8.874051781504741 0
9.511269414041662 0.334955100257854 0
33.31905842881454 2.709206901219519 0
39.64267727984186 7.453390448995691 0
28.04062317218727 8.660297675088591 0
32.88706279910643 8.347498583860551 0
24.05509007960794 7.057263301093605 0
10.22632500472629 5.035086688274853 0
20.59707206452748 0.2477142704870278 0
23.28381995875163 8.959575623221086 0
14.80900316463452 3.91224210809474 0
7.472170601251805 3.376312846198543 0
7.352258325193394 2.841599569143689 0
6.025508435353267 1.642046429740217 0
25.55936223547128 2.72750009646454 0
14.14580362482972 3.92785985379693 0
22.55497044037268 9.640334011894273 0
8.376608254768342 4.655537915243705 0
35.06093644524854 1.672568965939364 0
22.78527223566563 4.993742870688189 0
0.9193829824135697 3.01042329034933 0
1.78586510596794 5.687876925519473 0
32.99117228720898 3.80319236634414 0
9.992477676234024 5.565724349622847 0
8.727283477113684 8.818764167200666 0
8.972341764093608 9.362212155947811 0
19.15115739652927 3.541821948895604 0
24.83725234701969 3.494360237819226 0
25.48065895679599 3.357380208447623 0
19.81770165833425 7.099620503267951 0
35.08840404852216 0.6597215708231339 0
26.74969815466205 3.197213333859775 0
34.90505606696533 3.654717688381492 0
23.67178659344188 3.897861499872637 0
13.85289906694923 7.141480588376208 0
26.05410672732565 1.081787900959222 0
17.68650857552089 5.915804176324511 0
27.96653923008111 1.635042928833073 0
26.57281789288576 6.14016308157153 0
18.10083900640469 6.024872333865141 0
13.8858420277819 2.923627409989804 0
1.690109167599951 2.723480913389489 0
26.13395172768375 8.800340784509872 0
4.054578883499603 3.910073587319143 0
27.19970320053345 9.353226325363361 0
13.8309966058115 4.495202878958183 0
20.14886826966434 3.97511849295606 0
27.84377401421554 6.431068363452667 0
29.04766621739295 1.551024496314713 0
17.89427106363329 0.9959719739865616 0
22.39518917149158 0.6364182141087317 0
1.271212263265973 2.512321759962231 0
4.191080721249868 4.449765004189808 0
24.68586194892912 4.097271064282854 0
25.11229979407959 4.547190451071181 0
32.58173022743375 0.3199574022534494 0
8.911578130964648 8.389573097556656 0
30.03709418893527 6.261917556603531 0
9.921263713416957 8.321870182418584 0
5.913401293142139 2.771919699868648 0
35.08829251868625 9.34060850652132 0
32.01973099197102 9.512458727744189 0
1.222498737472598 6.278866104607245 0
0.279727421970443 2.446898523065452 0
16.01397487545448 2.638760998428854 0
2.445975191729156 0.6250828702851267 0
6.348606888522678 5.154299488144314 0
37.86783476218607 9.410108522417227 0
5.090371356392108 3.522485049442531 0
14.50930239446765 0.3350005954037967 0
6.273090764739178 7.395323250599271 0
2.674220573383522 0.241537664733058 0
35.89331713927384 6.329338847827622 0
0.4385314341584299 6.01687452162697 0
7.99110595824602 0.6568953560110514 0
8.164704560638633 5.925318006961731 0
8.009057458780104 6.374634329487539 0
19.25026034156924 8.81774621228733 0
26.05573209413297 7.648087427616257 0
10.14649100216603 3.37624687034846 0
4.500119417524711 8.620109933156938 0
21.1300021845073 6.559019092956686 0
16.01569768267606 0.5821513462477079 0
6.135537464443061 7.796404599175086 0
15.82464187888464 1.134416075246339 0
16.87925998039182 3.113543113552002 0
19.81482686106538 3.468407828672945 0
23.28783212406511 1.979803030977 0
33.37127207355243 7.015331336149217 0
34.04789470268988 0.6227402506711666 0
21.0559439548156 4.487481974169721 0
39.35649611698783 5.110275776580021 0
19.03880281655855 9.385887095607156 0
9.613870829779181 3.225602894179694 0
2.960106566091173 7.45178032534661 0
19.04006498307809 8.33407215329955 0
7.744948469006906 2.367244475278699 0
26.96069503054648 5.712499265475466 0
26.91785829336862 5.175351729503634 0
2.964191608290371 8.815412815232529 0
9.169116947120202 3.683123637559206 0
3.445463377257453 7.663789442459742 0
27.59771367339087 9.706226104306559 0
28.28100962810217 7.785094880986244 0
8.200780078682904 2.38397055291728 0
22.87534154212776 6.823398832487033 0
6.465609165556476 3.61633276680749 0
36.55034974585493 8.04268574675058 0
36.84952676823142 7.612661661313222 0
23.61081064449613 2.34150913382138 0
4.925096814687023 8.536888350263547 0
17.01559585931964 0.5391418000092161 0
17.24277452101684 0.9957445794305956 0
35.55616979697857 7.877652670284887 0
11.50844521010487 9.706957124108953 0
8.936103384818262 1.146854522283924 0
2.913966061176311 1.481811401068652 0
32.37609417108581 2.073523243420141 0
7.991111002552423 1.263128908843814 0
2.953042948486269 6.826501165527908 0
2.549389064888901 6.492627651231621 0
4.67453474295688 5.49088871348528 0
4.197390060738612 5.597306384566433 0
16.54899403593839 2.607816234754044 0
27.25269497160844 7.456245537211839 0
39.39424176203559 2.150106406972693 0
17.58562896380699 7.071908252887947 0
3.899006536287172 7.293811317329895 0
7.070140918746515 0.6280062914413943 0
0.2666315508857073 6.516874521626971 0
23.84599110095199 3.111141208592022 0
27.0855207760231 1.047640927367636 0
18.80450050438505 6.335437395039402 0
12.77810330734568 6.318919116465359 0
25.20057924238865 9.332258228203662 0
19.06837591468328 6.664940848271219 0
13.05714902748594 6.669095238760896 0
23.68869196258885 6.602548351899323 0
21.69045923625898 1.184486287481712 0
19.83469087967465 4.54053692031957 0
17.34075466438663 4.104193460826891 0
7.580697084369203 1.745566524300814 0
30.20103361196141 7.578187254432962 0
9.517144216710827 2.626530562129421 0
32.15052292744095 9.090412835005258 0
16.40479148311298 9.396666661617338 0
35.28350705077157 1.204706886179547 0
15.1016281247111 6.607158026046444 0
37.8965224126626 5.579912243087915 0
10.30908777996014 3.970809849194814 0
1.769291109242349 1.49884238520664 0
12.00844521010487 9.530466765909862 0
31.45466990124218 2.121237533355433 0
31.83461623655724 1.866077850649228 0
17.8672521724053 3.295423151447342 0
16.89988919619897 3.991107084115237 0
4.574096591997404 1.58855993649469 0
0.8447359647723678 5.899489493338733 0
37.0156564065793 1.509909827435076 0
16.62322578352707 9.783353242772003 0
3.677180444408803 0.5203143535704174 0
36.63372779632507 1.993031228049873 0
36.28368903359567 6.09264188623514 0
33.08967407055703 4.447168675860607 0
0.8644668213967576 5.196739015812003 0
11.71482104621754 2.008538285253252 0
29.3541046554139 2.925288764735807 0
31.01646814709717 5.083914857798966 0
29.74382344468487 3.211882285971738 0
10.42606586227679 2.422742054708235 0
10.54602975704353 2.97508188910011 0
31.51973099197102 9.693602192153326 0
11.32172851155991 2.311710538509864 0
16.04561534242992 6.411634281965584 0
12.66966678851545 0.6469832050449776 0
14.93658856968234 9.495047650519769 0
20.72183903420673 6.101724647206442 0
17.10103906821415 1.399204539220495 0
3.903969015675414 6.86241709388288 0
35.03948672828121 8.305032669199907 0
3.340887240051181 0.241537664733058 0
14.69363488826943 6.167423306069026 0
13.16264164245282 0.649655234266845 0
5.017432727189923 2.434557473167434 0
8.42483901507638 1.418132974858833 0
20.99906929604816 2.294369663534154 0
20.7455610362564 2.857023483182365 0
38.42831008758261 2.355442636523331 0
9.051347513549482 2.483730438900545 0
17.30970093213161 8.354733289964196 0
38.46769605782475 6.859471202237267 0
19.83477791460914 2.458539653951806 0
27.90757222590765 4.800307049086194 0
27.40244334274597 4.733283534529567 0
3.14841795174586 5.747912547935232 0
2.641792850533665 5.855347132814363 0
22.64810958204218 0.2517278334494265 0
21.02547837950083 3.387132549575666 0
21.50119056266307 3.48101885624882 0
0.3087678247152248 8.44355906521411 0
8.81994790243872 6.962685987101537 0
8.289643709425841 6.85760698065035 0
16.08540964649543 1.573422044933863 0
26.60015293797991 2.687666501749219 0
32.99359174930671 6.52209438202578 0
9.267733368604221 6.550044382087262 0
36.02434545436917 6.91580472503729 0
34.13030268979293 8.455260465240183 0
10.08081953238318 0.6458677273820648 0
38.47682492833678 2.998373395096618 0
30.94710926645515 3.703233542795593 0
22.80146871421639 5.894263984353718 0
7.5290395519349 9.720405975960265 0
3.40257143899629 2.467646461346095 0
34.60532553219509 8.216885292063587 0
31.9624469516335 8.676674329734963 0
31.56156448839184 8.459113351039104 0
24.7277231773039 9.354552278333102 0
0.5626115604441965 8.853034718089717 0
13.74956079915337 5.579614816524093 0
19.77611615139993 5.5937036238178 0
6.817091439091548 2.715294054187734 0
22.35384453656959 3.859869086053768 0
6.069582753400823 9.399125244255004 0
21.76314714427691 5.476693047308622 0
12.18768746274021 9.098665389644795 0
37.86320199651894 0.5955467443201429 0
21.88130017352351 1.635369930320635 0
2.279659881659588 5.546416792787821 0
35.60159972483185 4.79481558873566 0
36.02634545475689 4.548556178293651 0
23.06120300546432 9.427050907396731 0
2.49990415285982 9.698302584914606 0
17.11675635476354 6.737591880041676 0
21.93695097646351 0.6221401071345279 0
35.56118771645719 0.2808051076800989 0
12.9339706749457 2.77537246116277 0
25.50906557557152 8.758629014920039 0
22.78462531422579 3.895096132580578 0
18.89586391375795 7.213914440046021 0
4.596573096183355 9.717059793470289 0
20.63420264144313 9.766607290841725 0
10.8526548135773 5.018740368333478 0
20.39598856615276 9.386045131725352 0
38.36042928499014 5.083505296728095 0
25.30854757877982 8.353434531230056 0
26.44026684763801 7.951457623433233 0
12.59746188296344 5.502390576178578 0
32.43819673030303 7.389136219118915 0
13.79541188375807 8.94902541638781 0
29.00772029517941 4.921905116058699 0
23.98863408507096 1.280086884585883 0
36.00818603160422 8.141820786213374 0
39.39236137861971 1.274752937440957 0
36.88973529506848 2.423247539441337 0
39.72639319462441 1.60738778810187 0
33.31560348290711 6.112540744891184 0
14.89645512662701 9.004351413691706 0
34.59865468315446 1.782981107574608 0
34.08781619924765 1.554558992378866 0
37.64658973631285 1.574310286299347 0
15.58981483286436 6.303477569799957 0
33.67719984029551 4.651417888605892 0
34.02333097728726 4.203606101650204 0
2.402232721199237 4.66778430952268 0
27.82796173031403 7.421869216780538 0
39.37844613140023 7.867710957322449 0
29.61413980982275 3.851455425384213 0
30.20227704394544 4.570813968935748 0
30.04485570908192 4.100552910706806 0
13.4013039712355 1.222647375704299 0
6.716208629443044 2.212689034437812 0
29.26853077480553 2.440922145364393 0
39.72661361908069 5.563869322394915 0
30.24456259833801 3.114332180375144 0
30.56573993060644 2.686770438874131 0
32.78006609870899 4.74918072469104 0
10.31051181415416 6.586046079669789 0
9.815308350235336 6.811658463126484 0
8.982495710406075 4.714850660466494 0
17.57897406399135 9.735101900958096 0
29.53155692169189 2.016187023363481 0
24.05394370798444 8.657420239948344 0
1.474801571496729 7.99444874654596 0
1.497991144716453 8.505839495687576 0
24.47509679639415 8.730183975590956 0
4.784398512097659 4.561850345888838 0
22.19852996536441 7.313503670218979 0
22.26795285250127 6.783149556666828 0
33.87567332974296 1.14298532291534 0
12.79466903402482 9.154670220096364 0
38.3122315178723 7.247747528746636 0
26.83483538024934 6.977880973301443 0
26.96621004056535 6.577055839644814 0
10.56955011833138 0.3109126271242108 0
3.278974869489307 5.322186914809881 0
27.01404502987839 7.888850102248587 0
12.45353682936435 2.607636283719221 0
24.48191919331851 0.3139954717952952 0
13.16047868707672 1.692971604987805 0
16.69519159495952 3.554519755779104 0
21.50708534086185 4.427844357699025 0
15.15168174735724 1.132168102844117 0
15.00940421781622 0.579903373845486 0
21.58573459583907 2.194650446404161 0
33.38641337379367 3.536929352621809 0
6.409906342924603 1.168238919029601 0
17.62516608856454 1.715942649869172 0
18.45401264842688 7.329268231850532 0
4.933558998679892 5.018939598321555 0
38.7309192275076 0.601990178180448 0
11.51179931382015 2.861627705660182 0
11.10523392569712 3.207130872955027 0
38.39828437685011 0.2679583621757517 0
36.94294087414294 9.452598562135485 0
36.7175444717038 8.949138655056473 0
29.95625005565704 9.432159520503111 0
37.41509376443945 4.762881020331457 0
36.97736155949979 4.545630679174892 0
27.24970456743996 3.255501616399329 0
12.87639903372376 7.260027825431576 0
24.34250672637604 1.560504660958817 0
14.04995901098762 0.5946085905884794 0
32.0485942759097 3.745210506740487 0
32.54673059681726 3.549663229658463 0
27.41530104929003 8.716989590895091 0
29.03779031121479 7.138262038978591 0
28.62722556521085 6.748129651637147 0
10.18908832665332 1.261365619433842 0
33.52067837061143 0.2438237875281316 0
35.55234858332231 9.72041469260178 0
33.10240859809778 0.563781189781581 0
17.20219984751846 9.518455143730099 0
37.19107113475793 3.662507886464326 0
12.38101509588522 0.2569359659628153 0
19.34245914880064 2.358144878425154 0
21.83646304084039 7.570043397000105 0
2.140574784513605 5.026961191880022 0
20.72376503685215 3.946399202812379 0
13.37690672332651 2.551070042108223 0
38.9292642531735 6.743197539319781 0
39.41865692521755 6.949012703727093 0
38.50029535433323 4.217851373446377 0
38.29195148568459 4.683284375805948 0
37.98033366068459 8.867703024075716 0
22.10526430611032 9.374492435968936 0
36.95123699565445 8.52421160260517 0
10.42730270632393 6.046673592636512 0
13.95528800643942 1.167600732025934 0
11.94971607027042 8.653959863872169 0
9.772082888808368 1.632014964521616 0
9.264208773730692 1.542605471177813 0
18.07834924987585 6.89431586116996 0
5.839076121674101 4.931139946698995 0
27.84752823023662 2.554319977071165 0
2.510629124058549 2.710303933786824 0
2.610749342838079 3.107082434899445 0
37.84569546476991 2.155884093850299 0
39.42305204970096 3.069842150784391 0
38.90133839583152 3.283001403983809 0
38.4436522996772 7.76011277942391 0
8.238807140120663 5.091809789351222 0
0.5871770690623002 9.742808986208937 0
0.2538437357289716 9.409475652875605 0
36.84746587895523 4.003704188113329 0
36.76207783100355 1.056260723021085 0
36.96323965536112 0.550432687261255 0
22.29397209228643 8.41617485660986 0
31.04458776045604 0.5755959184479792 0
34.42564109773695 3.213977943436386 0
34.65851168707649 2.719795102170032 0
5.491745473938995 5.197999801267226 0
12.47787921029394 7.400900084037474 0
27.55391565438162 2.14384103718767 0
38.41432050832527 9.735768851558118 0
39.73576885155837 8.414320508323733 0
23.97507552402527 6.2645553492654 0
18.10066061002228 1.44806542023806 0
18.50854354041446 1.679120451734167 0
13.54065661648433 0.2596079951846827 0
30.4645904481202 3.668705712312315 0
7.663074775398456 8.629886219002232 0
6.588991011633289 8.534558640808998 0
7.375904889366737 4.274060988658406 0
21.09322643662317 8.094895456258579 0
11.21374743289854 5.441731526879127 0
3.678292279088623 2.927588081935896 0
16.1829453211033 6.82445223589031 0
25.55680920069164 9.726969776736695 0
28.85227996644585 6.15235523960983 0
29.30716943869517 6.047877322856851 0
37.48537588550696 7.602309008409243 0
31.47355736960666 5.14272354319516 0
29.87216370216392 8.949555775338064 0
37.09797572705001 3.218320443744929 0
38.82401326741198 2.053668234931185 0
11.13306929892093 1.339333820035571 0
8.107688310252735 8.930264516519999 0
8.019413263899322 9.473712505267144 0
6.570140918747616 0.256921958748438 0
6.236807585415019 0.5902552920817713 0
0.5904410928050697 0.2571077594723856 0
0.2571077594722653 0.5904410928057159 0
27.41762096538659 3.775612766651355 0
32.65562564274483 2.595225221028613 0
27.48821584262957 0.2394507707478764 0
2.537647953321168 8.472303029511643 0
2.022460806194396 8.76058301538807 0
14.30811583946648 2.709095177543325 0
30.20881419916334 1.400208201586108 0
6.646370717724886 8.101419498133275 0
36.67181587478879 2.908884613752726 0
36.20343056483636 3.031436477105129 0
13.50033712936094 2.133991446953322 0
27.95024940693649 3.782895289303911 0
5.554369632006441 9.724094661469861 0
4.46159338545828 3.478889114972584 0
34.5104909907524 7.348073533837986 0
34.25072680075099 6.90483568323787 0
21.2071183780855 1.047510177309435 0
37.95964016855754 1.165775238944244 0
19.31862265809972 7.449489549994897 0
6.01304183313263 6.990100109485451 0
16.02597990958593 7.351470506086147 0
38.7671905334894 9.421972210055559 0
39.42197221005585 8.767190533488849 0
11.29748949118283 8.509284412758086 0
38.82427836323208 7.991972125648612 0
26.21165068501426 7.107115342521216 0
19.49206303921892 9.73682283194027 0
21.5502938657376 9.734158424074662 0
20.24716369208123 7.357149396784886 0
7.871376865930976 5.414300305231365 0
7.412713248579037 5.358399698825724 0
16.44221500241774 8.317637543920375 0
16.8295114863228 8.564704516591027 0
19.92051563059521 9.356260672823897 0
10.86879421698595 8.87628466954323 0
11.00844521010487 9.452761496922378 0
19.01344203965511 2.603056148277738 0
14.2545398447506 7.37995397018241 0
15.67917544623841 7.542201682791853 0
31.50911488056964 2.598431716221135 0
33.56052321449319 3.116208476473044 0
10.8063968668035 4.081174297198515 0
18.88137764968761 3.113812457578307 0
11.0592948671999 4.566391410449703 0
25.01007156363116 7.083767217588125 0
25.35493887005639 6.771542155824521 0
32.15777841215269 7.798758753943797 0
2.127778501135071 4.189135046183509 0
18.33873782410113 3.024658976183993 0
0.286362407510097 4.480790710766905 0
25.4937548233872 0.340274740966357 0
37.07630079584226 6.648079916680689 0
36.86139930354265 6.19577401564986 0
34.005156134833 3.312372999033823 0
26.51972329132205 0.2580091962126475 0
13.44876011472282 9.762961954560522 0
32.39194442239019 2.965206504782447 0
13.30357293839095 7.494214340348731 0
5.150942728189839 9.441154454940149 0
11.02224265413743 5.939027089834166 0
32.38772623516474 5.366224533765904 0
32.85237260038229 5.320111653058489 0
34.41117925356873 2.336720114113961 0
4.902372590821149 7.500514416595486 0
5.196783975665273 7.967741889624182 0
7.955492058806523 7.286923752232138 0
3.440684220537943 9.730427710906099 0
30.05161946233855 7.13452758776091 0
18.2563251049087 6.44945861613363 0
23.69625111871708 8.218980878369351 0
37.47076963377978 2.521699946377491 0
14.44637548490256 9.743881978240838 0
22.08584684818006 4.16881359328903 0
26.63608360701184 4.271158742470824 0
30.75874854560145 5.566738257993042 0
5.667835749056846 8.038445026376339 0
36.62961884099061 7.131413664475637 0
22.13402792737275 4.983685494720558 0
27.17941265785557 4.181375154024734 0
14.8879304435174 8.007402457956161 0
11.17998119000031 7.923110415181585 0
15.72125395560479 4.509164259920919 0
7.675458025826779 8.126569797434213 0
38.13718726313662 6.028838156455461 0
19.79863982227257 8.788119789504073 0
29.99425482808471 1.935456385573876 0
30.44212480273775 2.219223287309706 0
38.8171004265889 5.302115696903936 0
16.50089305750395 7.500586944736775 0
25.86373337225303 6.782666517690834 0
9.449471786306328 5.587417465584053 0
25.95190894494395 5.010113220202432 0
26.43067581481667 4.887264473955436 0
34.35046271358271 7.730656541669095 0
10.71593929856925 1.536317175523139 0
30.74016426178225 7.764454789484304 0
21.88340175801021 2.5849007568749 0
28.21716998256716 4.255681191233919 0
2.512005987788823 7.819102468661072 0
24.10681874040188 4.214224224844409 0
27.06283983315462 8.402193046203614 0
24.41728646894021 9.749263826866136 0
35.2692479486683 8.793075384809187 0
1.936540701027758 0.5955199374318011 0
1.716606077737774 1.042251980806809 0
33.87543987118056 7.969031714845691 0
36.19168126113541 1.009477448556792 0
36.05950975215516 0.5036494127969628 0
16.04115127894191 4.139838847127436 0
8.490373711964356 9.753306529306879 0
13.01217379938143 4.150764020129531 0
29.46659171698147 9.766347221419489 0
33.84175290414336 6.808969967045917 0
23.50294535647589 1.491600008181456 0
9.929800494330935 2.224834703906312 0
16.65785846902132 6.973568674540939 0
29.95023606235731 4.951418577941717 0
10.49999999999994 9.745804372813424 0
16.67927662708141 7.829453951654703 0
28.07968165740328 3.330357814730203 0
28.49048037562178 3.128213692805243 0
15.93844545103231 9.364479091124267 0
19.42743156039867 7.868120434443219 0
9.796518535770778 7.381457699779721 0
18.95803063433673 0.5864681116667296 0
4.196498653168431 8.160161280863814 0
1.973629267442326 7.595991705395882 0
15.50010182330865 0.2449027784416893 0
32.48379191917582 6.394038584701323 0
9.136912025376253 6.039122422091627 0
4.34396776284754 1.162746116856698 0
26.48906165091424 8.464800567388259 0
33.24403691973129 5.583998450091325 0
11.90391692117731 6.181671658766429 0
28.92285726841969 7.595457208968381 0
2.022066314254074 2.432593686532492 0
2.940588373397789 9.428730295820705 0
8.952375148604832 7.49902866395395 0
12.03129342126686 3.94206754459492 0
21.94231358298128 4.616010057973218 0
7.090012850439433 8.84836479053452 0
13.44459471350588 7.921674884434048 0
2.414367430547284 3.85855108772301 0
23.44474024785178 2.751389809189263 0
8.112982184755714 7.805925317162939 0
24.97567401679406 0.6542702127616522 0
7.067639698249892 3.744561220942733 0
0.4853375741802334 3.980790710766904 0
12.37823603828988 1.223280274802273 0
11.24492786854011 6.842931393708608 0
11.64936997679208 7.181507522499095 0
11.23851380937739 0.9268784834144146 0
17.86114527163625 3.819173040268792 0
9.381370800305774 7.656186295592913 0
0.4582622907828196 4.980790710766906 0
31.52633520662031 0.2613934591292867 0
6.097600466529639 8.805725070489746 0
5.687278457235021 8.614626355015277 0
37.8020429565697 3.71353665581947 0
4.237526037601371 2.980550193635031 0
12.94876011472282 9.586471596361429 0
16.79522963063575 5.809616110005662 0
2.894111662158133 1.052153159166752 0
3.425496190222768 3.292738973097104 0
6.334973182456543 3.121778877107346 0
37.81001006987162 4.517109711493553 0
25.63587426949934 4.479695336214455 0
21.52320472035216 0.2374497264752226 0
24.17979651821199 2.133723887398769 0
18.27670226489374 4.197226087980007 0
38.01835393852026 4.051676709133981 0
34.23162743349049 5.955183547400495 0
36.04177520360444 9.498673583878157 0
36.14971213449864 8.995213676799144 0
34.7472014544683 5.228421947935541 0
11.68036686870711 7.655180440667766 0
15.99508826113576 5.436078076074677 0
26.04018029385826 1.908084543890756 0
31.11081046895362 4.17244434569994 0
31.49598233347495 6.144200178014312 0
18.90232448869865 1.492982767892997 0
38.49402406621485 1.172218672804549 0
10.77037892087199 6.987187059698677 0
13.33162259230876 4.487233191291269 0
1.071027648209996 8.861330556711303 0
8.491105958244917 0.2858110233180951 0
38.8221328839961 1.511648098731995 0
15.49021308477973 9.751165672278931 0
25.08369064631063 2.296943480010773 0
28.87895795772981 3.322280482435674 0
5.580568112657548 6.852922068458725 0
5.078503944033756 7.032958163745104 0
8.956129676091917 1.992625087333634 0
16.8270473038379 8.965017555673922 0
27.44984231806706 5.878817191672323 0
28.09087188687512 5.236475240767301 0
17.18923847871034 6.187118674921419 0
12.22258811481571 6.517213449930185 0
30.48965833867555 9.665812299083621 0
25.52549524083325 7.836205443561194 0
22.71404683497494 7.634590341141338 0
23.08680176143447 7.38461991518403 0
20.0397802528149 1.90164855780359 0
29.46587214927576 5.110292444945028 0
19.45760489900884 0.248992149304745 0
16.03620212579232 8.444401837691982 0
11.94831647361932 1.25174757228432 0
33.46201988786114 9.753395597777347 0
23.85371403465166 4.688417071899462 0
17.41680355300925 4.582737285471167 0
31.0093893306466 9.359414491236949 0
32.18420583819336 6.848153872492555 0
11.20300425766298 3.718660302207079 0
14.0713448647693 2.179597726631009 0
39.75520348228978 3.527123531910847 0
28.56305550743579 1.755222038975585 0
36.48942662028212 9.778258891276375 0
24.04782003317017 5.052521494547094 0
16.06289269589974 4.978754759483015 0
27.0079391340339 0.4974599669605239 0
36.56440197634551 5.365419463955702 0
15.55235039913858 5.681493177742984 0
17.10382263965489 5.35019657705368 0
4.500818925277973 2.554003174885624 0
0.963983243461184 7.171914013037823 0
0.4787567289151087 7.008342256891184 0
6.154592933888019 2.175169865121771 0
37.98479188927056 3.242467055644123 0
36.07693018730074 1.861523133875431 0
21.81173495014166 3.115453694229306 0
36.49832203568572 0.222844305116864 0
12.04856335190612 3.037527882748501 0
12.25494276627353 3.548556769948979 0
0.2121251780294015 7.491467735264208 0
8.563054217691727 2.794930750359403 0
33.83104629413348 3.733093875182588 0
18.97825257496517 5.085588688452712 0
15.28004557941826 8.264012634109543 0
11.60336297681521 3.999702850511593 0
31.67865418419937 6.692815448943494 0
21.12027678495917 0.4851639969622504 0
21.18449650718077 9.500765714916389 0
1.301520721404735 6.893156222375453 0
39.77597964537569 6.495622254726858 0
29.50304495612225 0.2251035126826094 0
17.94088948681149 4.666991419333399 0
0.9246785227248454 1.732584645242255 0
0.4779464793496581 1.952519268533908 0
35.88846222768684 1.331618458796342 0
11.60542176367945 1.604718262668656 0
24.50593229528856 5.722415534257888 0
23.5062325650916 9.786716895502458 0
16.99531978631419 4.925641163037095 0
32.96201988786114 9.572252133368208 0
18.02973846449535 5.092152612136354 0
23.98806628130533 5.831284568118043 0
23.7003069130778 5.482097314554011 0
18.91222366372219 5.882048213299812 0
16.34742993353387 5.876314731392711 0
30.76510770339965 1.426252424699439 0
30.91515761054597 1.892193176623971 0
39.01320059241232 6.187009746054369 0
39.50259326445639 6.05949157712784 0
22.72475296963724 1.1619268094996 0
33.26352055848867 1.084026262025755 0
19.25927306129372 5.555408528325347 0
17.61415538403382 5.432453892290707 0
4.32706466548662 7.60971222494173 0
25.07741901233029 7.531268170879812 0
31.64564820794418 7.860354556078621 0
37.5541676955439 6.721225325674415 0
10.79519922867014 2.104873871412835 0
31.09321771774212 2.836934511054098 0
12.90527977233517 5.876426626793962 0
7.442923408668986 6.387855146415846 0
7.139906893175577 5.882638217484396 0
13.99969308594199 7.87709975467592 0
3.792104233275021 1.256483072404989 0
17.49999999994647 0.2018932322031975 0
27.41479598866107 6.379907300725388 0
5.255833840289601 8.925086322250822 0
23.19473035817759 1.131229306907307 0
35.84124094419857 8.669421663810635 0
13.25236393457612 5.548381093766054 0
11.47689822974009 0.1974513197259942 0
13.89513559962543 9.506843932801358 0
7.509503449410762 7.195248704358582 0
0.1989751666701365 3.499999999999986 0
18.57073899220684 2.260515941036004 0
18.20879683503366 2.480231534420634 0
1.498119416015939 0.2119747318797325 0
0.1982190573792151 1.505620745468442 0
9.402249739017927 8.2224624694606 0
27.65831407508893 2.977001678336165 0
3.458650248170122 0.9473846424520426 0
3.254747634011425 4.526062497923269 0
2.963160426435924 4.836795369323791 0
1.27726391286817 1.895529036053367 0
37.9909944035625 6.44889415378196 0
20.01100786946293 7.885728787239521 0
26.96446670485075 2.172880191262618 0
38.54635609865458 8.879566711714048 0
38.86780444188769 8.558118368481175 0
17.59631836344433 8.706794987233183 0
18.05413565339237 8.787508356843485 0
32.49999999999999 9.818856535590861 0
4.300941254143502 6.523544403121139 0
8.625607578767756 5.80771439938431 0
39.16527115885205 0.5013955078181697 0
39.49860449218291 0.8347288411512327 0
30.00650948749599 5.80648819442525 0
30.27595240239834 5.471605582645648 0
20.77676242210183 8.909835355742118 0
12.49999999999994 9.823509641800909 0
5.040423796996268 5.8184071834146 0
1.842484691179849 7.08805039147918 0
28.49999999999997 9.824566469348065 0
2.995124803599534 3.331017487411842 0
0.1718998832727227 5.49999999999999 0
39.83263630818762 0.5006970251465365 0
39.49930297485675 0.1673636918134733 0
2.082512103574186 6.610600902907006 0
11.04644834808686 0.5083639468502049 0
4.736123735877992 6.566167922023191 0
7.277521049918964 6.779152749705101 0
11.38000070963579 6.334143910877376 0
28.70065936842026 2.292045354226199 0
12.28183125181727 4.448377868210187 0
11.92178444972323 4.768069261555741 0
0.5208930027446264 7.935026800478322 0
38.69782525663769 5.883227411645358 0
6.454221978842469 6.643180376393294 0
12.9696611237464 4.833312921574415 0
12.63038560806847 1.696276533307645 0
12.65021233081908 4.496843750412679 0
12.94454604520439 5.174345043150669 0
2.839413103491669 2.390108830595727 0
4.055673888373816 6.085527691534494 0
29.52696615005557 5.634117284978871 0
36.53773312125004 4.879217938569965 0
3.778314032492341 4.77026197147612 0
3.81860654676386 5.251861019925194 0
22.43383149182423 2.483125760994624 0
8.47025670656916 1.917296667954412 0
8.579561081541145 7.912951222433564 0
18.20442018350315 7.78507298920736 0
18.42369593679544 8.305555228837878 0
32.3514223027659 8.28186946401202 0
28.55879158852785 5.80353198402767 0
28.59210570895721 5.282246899885185 0
7.159775806959353 7.911909226290779 0
22.4573557118737 1.598532345364319 0
23.81280265398582 9.06850543819295 0
4.243225801262471 2.1054017743386 0
25.17276583461664 6.241332323006975 0
24.73867101797011 6.124117938286648 0
28.09771367339086 9.530792573654624 0
28.32502532343068 9.121100878904926 0
12.10311401152616 7.00826183083162 0
22.99447100615824 2.998830537227601 0
16.63472999748052 1.626510507928329 0
33.80835919666841 6.260946761881957 0
1.006119517290702 7.765265223291627 0
28.96659171698146 9.590913690767556 0
28.86057003368795 9.181221996017856 0
24.74743486468721 8.302695441771531 0
37.56135121752626 2.965352149598028 0
15.68847169262678 8.075992792323536 0
5.782548059004849 6.018238193394772 0
7.151311356492529 7.499589698145949 0
5.512361206829643 5.653839906013353 0
22.71221986800327 2.05603786556757 0
37.7433348579678 7.194206420565384 0
28.3977556669206 2.582345183967182 0
22.58872557767286 2.929447817954066 0
30.78571298548219 4.608177573445603 0
36.15545712711479 5.60104376018008 0
31.25455920380864 3.299024083038389 0
31.15464708435611 1.098016451068706 0
31.68464332681749 1.308797520287033 0
2.871822131371742 3.811371574420522 0
3.190650886046187 4.072377500460614 0
21.91934357612913 8.076188951208609 0
16.7960162561683 2.16632221430712 0
35.70404254209427 5.361101645236352 0
12.309865325936 2.12856385337429 0
21.55802526703776 8.753831996664717 0
3.577715446776838 3.776885557142799 0
16.53924954814964 4.774826971053774 0
5.064497379575227 6.214477608432625 0
3.546333456655618 6.165807960018607 0
3.443362239040792 6.607116059194026 0
17.29112233491006 9.086806037786682 0
21.52140665884888 8.320021679083078 0
22.06555518479475 8.870375784542226 0
21.65061860606063 3.980647893014838 0
21.2319370297965 9.024555938933153 0
15.82478920708557 8.874283588584984 0
31.00765943706186 6.062262652299822 0
18.48162481012789 5.251454747020326 0
11.52296914468925 4.492933866708965 0
1.088560508823034 0.469082491352118 0
0.4553268168514803 1.096061838274167 0
23.92351903403184 9.535980722368594 0
15.33642339777766 8.770273932911588 0
24.63074159433675 7.818840504339562 0
0.9020588602266676 1.209460548315845 0
1.201959218865417 0.9158145347271264 0
11.85791332564768 0.4543872856888094 0
28.11826657688078 5.988275602086424 0
27.85700122886884 5.662017281439269 0
24.52590146845327 6.901550570663638 0
19.57853699240161 1.156476933466486 0
19.05820112901363 1.054317106280256 0
24.43667395823198 6.472111124179707 0
31.71533762161463 3.341694707859418 0
31.89533512432685 2.918135714123384 0
23.06568688807033 3.410747989560405 0
5.517827893115442 6.370022816319214 0
19.29353704963656 1.82946698734225 0
2.196927171752483 3.423312627006491 0
1.764849806318831 3.317421352750865 0
29.54492691434465 6.945505895402666 0
29.58925164059002 6.450895591308245 0
6.775459567554177 7.288018621412632 0
22.22916068192875 3.30613822376006 0
16.51986784665703 4.318836716776192 0
8.653494818701509 5.346762201048736 0
19.67923705625562 1.581444965972979 0
18.48037216055017 5.700824184715311 0
11.71664545360735 0.8729018222530192 0
6.845640476273019 6.847120781041976 0
9.088530343684779 5.194595903555371 0
$EndNodes
$Elements
9 3210 1 3210
1 1 1 5
1 1 3 
2 3 4 
3 4 5 
4 5 6 
5 6 2 
1 2 1 1
6 2 7 
1 3 1 1
7 7 8 
1 4 1 1
8 8 9 
1 5 1 34
9 9 11 
10 11 12 
11 12 13 
12 13 14 
13 14 15 
14 15 16 
15 16 17 
16 17 18 
17 18 19 
18 19 20 
19 20 21 
20 21 22 
21 22 23 
22 23 24 
23 24 25 
24 25 26 
25 26 27 
26 27 28 
27 28 29 
28 29 30 
29 30 31 
30 31 32 
31 32 33 
32 33 34 
33 34 35 
34 35 36 
35 36 37 
36 37 38 
37 38 39 
38 39 40 
39 40 41 
40 41 42 
41 42 43 
42 43 10 
1 6 1 10
43 10 45 
44 45 46 
45 46 47 
46 47 48 
47 48 49 
48 49 50 
49 50 51 
50 51 52 
51 52 53 
52 53 44 
1 7 1 40
53 44 55 
54 55 56 
55 56 57 
56 57 58 
57 58 59 
58 59 60 
59 60 61 
60 61 62 
61 62 63 
62 63 64 
63 64 65 
64 65 66 
65 66 67 
66 67 68 
67 68 69 
68 69 70 
69 70 71 
70 71 72 
71 72 73 
72 73 74 
73 74 75 
74 75 76 
75 76 77 
76 77 78 
77 78 79 
78 79 80 
79 80 81 
80 81 82 
81 82 83 
82 83 84 
83 84 85 
84 85 86 
85 86 87 
86 87 88 
87 88 89 
88 89 90 
89 90 91 
90 91 92 
91 92 93 
92 93 54 
1 8 1 10
93 54 94 
94 94 95 
95 95 96 
96 96 97 
97 97 98 
98 98 99 
99 99 100 
100 100 101 
101 101 102 
102 102 1 
2 1 2 3108
103 283 68 571 
104 68 393 571 
105 393 283 571 
106 151 409 572 
107 409 490 572 
108 490 151 572 
109 28 215 573 
110 215 515 573 
111 515 28 573 
112 125 216 574 
113 216 450 574 
114 450 125 574 
115 315 211 575 
116 211 433 575 
117 433 315 575 
118 151 338 576 
119 338 409 576 
120 409 151 576 
121 215 28 577 
122 28 316 577 
123 316 215 577 
124 32 33 578 
125 33 237 578 
126 237 32 578 
127 136 324 579 
128 324 434 579 
129 434 136 579 
130 158 212 580 
131 212 402 580 
132 402 158 580 
133 225 138 581 
134 138 373 581 
135 373 225 581 
136 67 68 582 
137 68 283 582 
138 283 67 582 
139 117 262 583 
140 262 334 583 
141 334 117 583 
142 262 175 584 
143 175 334 584 
144 334 262 584 
145 407 276 585 
146 276 552 585 
147 552 407 585 
148 108 242 586 
149 242 424 586 
150 424 108 586 
151 221 24 587 
152 24 367 587 
153 367 221 587 
154 48 258 588 
155 258 415 588 
156 415 48 588 
157 178 276 589 
158 276 407 589 
159 407 178 589 
160 36 381 590 
161 381 396 590 
162 396 36 590 
163 360 219 591 
164 219 524 591 
165 524 360 591 
166 324 197 592 
167 197 434 592 
168 434 324 592 
169 92 93 593 
170 93 227 593 
171 227 92 593 
172 219 360 594 
173 360 488 594 
174 488 219 594 
175 228 177 595 
176 177 411 595 
177 411 228 595 
178 84 85 596 
179 85 239 596 
180 239 84 596 
181 113 254 597 
182 254 326 597 
183 326 113 597 
184 212 158 598 
185 158 343 598 
186 343 212 598 
187 134 229 599 
188 229 274 599 
189 274 134 599 
190 386 108 600 
191 108 424 600 
192 424 386 600 
193 145 315 601 
194 315 433 601 
195 433 145 601 
196 381 213 602 
197 213 396 602 
198 396 381 602 
199 75 76 603 
200 76 241 603 
201 241 75 603 
202 34 264 604 
203 264 438 604 
204 438 34 604 
205 48 49 605 
206 49 258 605 
207 258 48 605 
208 59 60 606 
209 60 249 606 
210 249 59 606 
211 245 154 607 
212 154 341 607 
213 341 245 607 
214 354 159 608 
215 159 517 608 
216 517 354 608 
217 166 230 609 
218 230 299 609 
219 299 166 609 
220 230 112 610 
221 112 299 610 
222 299 230 610 
223 256 148 611 
224 148 279 611 
225 279 256 611 
226 257 149 612 
227 149 278 612 
228 278 257 612 
229 216 125 613 
230 125 490 613 
231 490 216 613 
232 260 209 614 
233 209 395 614 
234 395 260 614 
235 312 170 615 
236 170 327 615 
237 327 312 615 
238 7 8 616 
239 8 238 616 
240 238 7 616 
241 160 271 617 
242 271 299 617 
243 299 160 617 
244 271 166 618 
245 166 299 618 
246 299 271 618 
247 152 403 619 
248 403 432 619 
249 432 152 619 
250 229 189 620 
251 189 445 620 
252 445 229 620 
253 241 76 621 
254 76 478 621 
255 478 241 621 
256 281 476 622 
257 476 529 622 
258 529 281 622 
259 216 231 623 
260 231 450 623 
261 450 216 623 
262 281 129 624 
263 129 476 624 
264 476 281 624 
265 213 381 625 
266 381 391 625 
267 391 213 625 
268 151 276 626 
269 276 325 626 
270 325 151 626 
271 276 178 627 
272 178 325 627 
273 325 276 627 
274 244 124 628 
275 124 503 628 
276 503 244 628 
277 221 161 629 
278 161 298 629 
279 298 221 629 
280 113 234 630 
281 234 323 630 
282 323 113 630 
283 114 235 631 
284 235 322 631 
285 322 114 631 
286 163 218 632 
287 218 428 632 
288 428 163 632 
289 24 221 633 
290 221 427 633 
291 427 24 633 
292 223 163 634 
293 163 362 634 
294 362 223 634 
295 273 391 635 
296 391 446 635 
297 446 273 635 
298 218 163 636 
299 163 319 636 
300 319 218 636 
301 228 411 637 
302 411 534 637 
303 534 228 637 
304 249 60 638 
305 60 411 638 
306 411 249 638 
307 229 445 639 
308 445 502 639 
309 502 229 639 
310 195 261 640 
311 261 454 640 
312 454 195 640 
313 162 326 641 
314 326 337 641 
315 337 162 641 
316 326 194 642 
317 194 337 642 
318 337 326 642 
319 34 35 643 
320 35 264 643 
321 264 34 643 
322 282 140 644 
323 140 304 644 
324 304 282 644 
325 272 489 645 
326 489 518 645 
327 518 272 645 
328 118 280 646 
329 280 365 646 
330 365 118 646 
331 179 260 647 
332 260 395 647 
333 395 179 647 
334 272 127 648 
335 127 489 648 
336 489 272 648 
337 172 263 649 
338 263 398 649 
339 398 172 649 
340 340 204 650 
341 204 385 650 
342 385 340 650 
343 381 176 651 
344 176 391 651 
345 391 381 651 
346 454 244 652 
347 244 503 652 
348 503 454 652 
349 379 172 653 
350 172 398 653 
351 398 379 653 
352 326 254 654 
353 254 419 654 
354 419 326 654 
355 206 354 655 
356 354 517 655 
357 517 206 655 
358 157 233 656 
359 233 360 656 
360 360 157 656 
361 153 224 657 
362 224 413 657 
363 413 153 657 
364 237 33 658 
365 33 438 658 
366 438 237 658 
367 131 242 659 
368 242 533 659 
369 533 131 659 
370 243 131 660 
371 131 533 660 
372 533 243 660 
373 391 176 661 
374 176 446 661 
375 446 391 661 
376 238 131 662 
377 131 353 662 
378 353 238 662 
379 211 315 663 
380 315 491 663 
381 491 211 663 
382 373 138 664 
383 138 468 664 
384 468 373 664 
385 11 12 665 
386 12 245 665 
387 245 11 665 
388 133 290 666 
389 290 517 666 
390 517 133 666 
391 112 230 667 
392 230 284 667 
393 284 112 667 
394 144 303 668 
395 303 426 668 
396 426 144 668 
397 426 303 669 
398 303 445 669 
399 445 426 669 
400 44 55 670 
401 55 363 670 
402 363 44 670 
403 53 44 671 
404 44 363 671 
405 363 53 671 
406 161 221 672 
407 221 367 672 
408 367 161 672 
409 163 223 673 
410 223 389 673 
411 389 163 673 
412 236 112 674 
413 112 293 674 
414 293 236 674 
415 184 254 675 
416 254 331 675 
417 331 184 675 
418 290 133 676 
419 133 541 676 
420 541 290 676 
421 146 312 677 
422 312 327 677 
423 327 146 677 
424 20 21 678 
425 21 246 678 
426 246 20 678 
427 38 39 679 
428 39 252 679 
429 252 38 679 
430 92 227 680 
431 227 305 680 
432 305 92 680 
433 445 107 681 
434 107 502 681 
435 502 445 681 
436 233 132 682 
437 132 480 682 
438 480 233 682 
439 90 224 683 
440 224 397 683 
441 397 90 683 
442 103 340 684 
443 340 385 684 
444 385 103 684 
445 84 239 685 
446 239 377 685 
447 377 84 685 
448 287 232 686 
449 232 487 686 
450 487 287 686 
451 105 287 687 
452 287 487 687 
453 487 105 687 
454 56 57 688 
455 57 263 688 
456 263 56 688 
457 105 372 689 
458 372 408 689 
459 408 105 689 
460 258 183 690 
461 183 415 690 
462 415 258 690 
463 114 265 691 
464 265 459 691 
465 459 114 691 
466 209 260 692 
467 260 538 692 
468 538 209 692 
469 233 157 693 
470 157 475 693 
471 475 233 693 
472 115 423 694 
473 423 441 694 
474 441 115 694 
475 87 88 695 
476 88 248 695 
477 248 87 695 
478 229 134 696 
479 134 466 696 
480 466 229 696 
481 189 229 697 
482 229 466 697 
483 466 189 697 
484 231 150 698 
485 150 450 698 
486 450 231 698 
487 227 93 699 
488 93 451 699 
489 451 227 699 
490 282 304 700 
491 304 461 700 
492 461 282 700 
493 311 225 701 
494 225 472 701 
495 472 311 701 
496 293 199 702 
497 199 492 702 
498 492 293 702 
499 245 341 703 
500 341 462 703 
501 462 245 703 
502 236 293 704 
503 293 492 704 
504 492 236 704 
505 319 114 705 
506 114 459 705 
507 459 319 705 
508 261 137 706 
509 137 454 706 
510 454 261 706 
511 301 115 707 
512 115 441 707 
513 441 301 707 
514 192 311 708 
515 311 472 708 
516 472 192 708 
517 2 7 709 
518 7 431 709 
519 431 2 709 
520 264 193 710 
521 193 438 710 
522 438 264 710 
523 280 177 711 
524 177 365 711 
525 365 280 711 
526 403 212 712 
527 212 432 712 
528 432 403 712 
529 22 292 713 
530 292 483 713 
531 483 22 713 
532 100 328 714 
533 328 488 714 
534 488 100 714 
535 193 237 715 
536 237 438 715 
537 438 193 715 
538 409 216 716 
539 216 490 716 
540 490 409 716 
541 242 131 717 
542 131 424 717 
543 424 242 717 
544 224 153 718 
545 153 352 718 
546 352 224 718 
547 107 303 719 
548 303 311 719 
549 311 107 719 
550 303 174 720 
551 174 311 720 
552 311 303 720 
553 143 262 721 
554 262 309 721 
555 309 143 721 
556 278 149 722 
557 149 331 722 
558 331 278 722 
559 46 47 723 
560 47 266 723 
561 266 46 723 
562 244 184 724 
563 184 372 724 
564 372 244 724 
565 167 232 725 
566 232 567 725 
567 567 167 725 
568 175 262 726 
569 262 386 726 
570 386 175 726 
571 279 148 727 
572 148 336 727 
573 336 279 727 
574 184 331 728 
575 331 408 728 
576 408 184 728 
577 209 294 729 
578 294 443 729 
579 443 209 729 
580 7 238 730 
581 238 526 730 
582 526 7 730 
583 111 268 731 
584 268 298 731 
585 298 111 731 
586 27 28 732 
587 28 515 732 
588 515 27 732 
589 138 225 733 
590 225 412 733 
591 412 138 733 
592 209 443 734 
593 443 530 734 
594 530 209 734 
595 224 90 735 
596 90 413 735 
597 413 224 735 
598 239 165 736 
599 165 377 736 
600 377 239 736 
601 127 272 737 
602 272 308 737 
603 308 127 737 
604 177 249 738 
605 249 411 738 
606 411 177 738 
607 30 402 739 
608 402 403 739 
609 403 30 739 
610 230 166 740 
611 166 399 740 
612 399 230 740 
613 389 223 741 
614 223 401 741 
615 401 389 741 
616 6 2 742 
617 2 431 742 
618 431 6 742 
619 289 152 743 
620 152 310 743 
621 310 289 743 
622 167 289 744 
623 289 310 744 
624 310 167 744 
625 13 286 745 
626 286 400 745 
627 400 13 745 
628 165 369 746 
629 369 406 746 
630 406 165 746 
631 152 316 747 
632 316 403 747 
633 403 152 747 
634 275 143 748 
635 143 309 748 
636 309 275 748 
637 157 360 749 
638 360 524 749 
639 524 157 749 
640 130 389 750 
641 389 401 750 
642 401 130 750 
643 279 114 751 
644 114 322 751 
645 322 279 751 
646 278 113 752 
647 113 323 752 
648 323 278 752 
649 87 248 753 
650 248 306 753 
651 306 87 753 
652 300 145 754 
653 145 433 754 
654 433 300 754 
655 146 257 755 
656 257 278 755 
657 278 146 755 
658 147 256 756 
659 256 279 756 
660 279 147 756 
661 108 344 757 
662 344 364 757 
663 364 108 757 
664 344 203 758 
665 203 364 758 
666 364 344 758 
667 22 23 759 
668 23 292 759 
669 292 22 759 
670 329 165 760 
671 165 406 760 
672 406 329 760 
673 284 230 761 
674 230 484 761 
675 484 284 761 
676 200 284 762 
677 284 484 762 
678 484 200 762 
679 41 42 763 
680 42 269 763 
681 269 41 763 
682 225 311 764 
683 311 412 764 
684 412 225 764 
685 237 158 765 
686 158 345 765 
687 345 237 765 
688 32 237 766 
689 237 345 766 
690 345 32 766 
691 148 256 767 
692 256 284 767 
693 284 148 767 
694 198 288 768 
695 288 388 768 
696 388 198 768 
697 343 115 769 
698 115 432 769 
699 432 343 769 
700 300 433 770 
701 433 519 770 
702 519 300 770 
703 231 216 771 
704 216 430 771 
705 430 231 771 
706 13 14 772 
707 14 286 772 
708 286 13 772 
709 273 116 773 
710 116 391 773 
711 391 273 773 
712 51 52 774 
713 52 267 774 
714 267 51 774 
715 150 231 775 
716 231 368 775 
717 368 150 775 
718 177 228 776 
719 228 365 776 
720 365 177 776 
721 124 244 777 
722 244 514 777 
723 514 124 777 
724 143 275 778 
725 275 355 778 
726 355 143 778 
727 24 25 779 
728 25 367 779 
729 367 24 779 
730 261 195 780 
731 195 447 780 
732 447 261 780 
733 256 112 781 
734 112 284 781 
735 284 256 781 
736 175 302 782 
737 302 334 782 
738 334 175 782 
739 302 154 783 
740 154 334 783 
741 334 302 783 
742 238 8 784 
743 8 341 784 
744 341 238 784 
745 115 310 785 
746 310 432 785 
747 432 115 785 
748 112 256 786 
749 256 293 786 
750 293 112 786 
751 71 72 787 
752 72 261 787 
753 261 71 787 
754 386 262 788 
755 262 548 788 
756 548 386 788 
757 138 252 789 
758 252 468 789 
759 468 138 789 
760 287 105 790 
761 105 408 790 
762 408 287 790 
763 328 219 791 
764 219 488 791 
765 488 328 791 
766 132 233 792 
767 233 475 792 
768 475 132 792 
769 260 116 793 
770 116 333 793 
771 333 260 793 
772 285 143 794 
773 143 355 794 
774 355 285 794 
775 169 239 795 
776 239 375 795 
777 375 169 795 
778 239 85 796 
779 85 375 796 
780 375 239 796 
781 170 268 797 
782 268 327 797 
783 327 170 797 
784 301 167 798 
785 167 310 798 
786 310 301 798 
787 115 301 799 
788 301 310 799 
789 310 115 799 
790 234 113 800 
791 113 549 800 
792 549 234 800 
793 252 39 801 
794 39 321 801 
795 321 252 801 
796 423 115 802 
797 115 482 802 
798 482 423 802 
799 311 174 803 
800 174 412 803 
801 412 311 803 
802 232 167 804 
803 167 487 804 
804 487 232 804 
805 235 114 805 
806 114 542 805 
807 542 235 805 
808 402 212 806 
809 212 403 806 
810 403 402 806 
811 330 455 807 
812 455 516 807 
813 516 330 807 
814 158 237 808 
815 237 366 808 
816 366 158 808 
817 315 109 809 
818 109 491 809 
819 491 315 809 
820 205 330 810 
821 330 516 810 
822 516 205 810 
823 112 236 811 
824 236 527 811 
825 527 112 811 
826 523 219 812 
827 219 541 812 
828 541 523 812 
829 173 283 813 
830 283 393 813 
831 393 173 813 
832 243 110 814 
833 110 376 814 
834 376 243 814 
835 67 283 815 
836 283 368 815 
837 368 67 815 
838 256 147 816 
839 147 293 816 
840 293 256 816 
841 111 257 817 
842 257 327 817 
843 327 111 817 
844 198 388 818 
845 388 521 818 
846 521 198 818 
847 237 193 819 
848 193 452 819 
849 452 237 819 
850 292 208 820 
851 208 483 820 
852 483 292 820 
853 251 26 821 
854 26 515 821 
855 515 251 821 
856 219 328 822 
857 328 541 822 
858 541 219 822 
859 110 243 823 
860 243 361 823 
861 361 110 823 
862 300 167 824 
863 167 301 824 
864 301 300 824 
865 145 300 825 
866 300 301 825 
867 301 145 825 
868 36 37 826 
869 37 381 826 
870 381 36 826 
871 239 169 827 
872 169 507 827 
873 507 239 827 
874 222 407 828 
875 407 552 828 
876 552 222 828 
877 165 239 829 
878 239 369 829 
879 369 165 829 
880 131 238 830 
881 238 439 830 
882 439 131 830 
883 59 249 831 
884 249 347 831 
885 347 59 831 
886 62 338 832 
887 338 534 832 
888 534 62 832 
889 317 233 833 
890 233 480 833 
891 480 317 833 
892 100 101 834 
893 101 328 834 
894 328 100 834 
895 230 399 835 
896 399 484 835 
897 484 230 835 
898 290 4 836 
899 4 556 836 
900 556 290 836 
901 242 108 837 
902 108 364 837 
903 364 242 837 
904 56 263 838 
905 263 435 838 
906 435 56 838 
907 131 243 839 
908 243 353 839 
909 353 131 839 
910 18 19 840 
911 19 271 840 
912 271 18 840 
913 135 307 841 
914 307 531 841 
915 531 135 841 
916 4 5 842 
917 5 556 842 
918 556 4 842 
919 453 229 843 
920 229 502 843 
921 502 453 843 
922 317 97 844 
923 97 563 844 
924 563 317 844 
925 245 12 845 
926 12 400 845 
927 400 245 845 
928 226 335 846 
929 335 456 846 
930 456 226 846 
931 335 186 847 
932 186 456 847 
933 456 335 847 
934 241 162 848 
935 162 383 848 
936 383 241 848 
937 253 173 849 
938 173 339 849 
939 339 253 849 
940 168 309 850 
941 309 320 850 
942 320 168 850 
943 397 224 851 
944 224 425 851 
945 425 397 851 
946 254 113 852 
947 113 331 852 
948 331 254 852 
949 20 246 853 
950 246 378 853 
951 378 20 853 
952 307 135 854 
953 135 464 854 
954 464 307 854 
955 246 166 855 
956 166 378 855 
957 378 246 855 
958 127 308 856 
959 308 484 856 
960 484 127 856 
961 268 111 857 
962 111 327 857 
963 327 268 857 
964 128 493 858 
965 493 508 858 
966 508 128 858 
967 280 118 859 
968 118 494 859 
969 494 280 859 
970 38 252 860 
971 252 444 860 
972 444 38 860 
973 149 257 861 
974 257 410 861 
975 410 149 861 
976 258 49 862 
977 49 356 862 
978 356 258 862 
979 75 241 863 
980 241 383 863 
981 383 75 863 
982 309 117 864 
983 117 320 864 
984 320 309 864 
985 247 153 865 
986 153 348 865 
987 348 247 865 
988 162 241 866 
989 241 387 866 
990 387 162 866 
991 334 154 867 
992 154 457 867 
993 457 334 867 
994 295 109 868 
995 109 315 868 
996 315 295 868 
997 188 295 869 
998 295 315 869 
999 315 188 869 
1000 305 153 870 
1001 153 413 870 
1002 413 305 870 
1003 262 117 871 
1004 117 309 871 
1005 309 262 871 
1006 153 247 872 
1007 247 352 872 
1008 352 153 872 
1009 66 67 873 
1010 67 368 873 
1011 368 66 873 
1012 150 288 874 
1013 288 450 874 
1014 450 150 874 
1015 420 334 875 
1016 334 457 875 
1017 457 420 875 
1018 184 244 876 
1019 244 470 876 
1020 470 184 876 
1021 131 302 877 
1022 302 424 877 
1023 424 131 877 
1024 187 274 878 
1025 274 398 878 
1026 398 187 878 
1027 274 122 879 
1028 122 398 879 
1029 398 274 879 
1030 289 128 880 
1031 128 508 880 
1032 508 289 880 
1033 182 397 881 
1034 397 425 881 
1035 425 182 881 
1036 246 21 882 
1037 21 483 882 
1038 483 246 882 
1039 208 246 883 
1040 246 483 883 
1041 483 208 883 
1042 134 274 884 
1043 274 448 884 
1044 448 134 884 
1045 82 83 885 
1046 83 296 885 
1047 296 82 885 
1048 286 180 886 
1049 180 400 886 
1050 400 286 886 
1051 290 206 887 
1052 206 517 887 
1053 517 290 887 
1054 270 213 888 
1055 213 391 888 
1056 391 270 888 
1057 245 400 889 
1058 400 457 889 
1059 457 245 889 
1060 247 348 890 
1061 348 501 890 
1062 501 247 890 
1063 348 132 891 
1064 132 501 891 
1065 501 348 891 
1066 156 351 892 
1067 351 361 892 
1068 361 156 892 
1069 351 196 893 
1070 196 361 893 
1071 361 351 893 
1072 399 127 894 
1073 127 484 894 
1074 484 399 894 
1075 150 253 895 
1076 253 388 895 
1077 388 150 895 
1078 46 266 896 
1079 266 429 896 
1080 429 46 896 
1081 129 281 897 
1082 281 330 897 
1083 330 129 897 
1084 247 119 898 
1085 119 352 898 
1086 352 247 898 
1087 11 245 899 
1088 245 462 899 
1089 462 11 899 
1090 96 97 900 
1091 97 317 900 
1092 317 96 900 
1093 289 167 901 
1094 167 567 901 
1095 567 289 901 
1096 345 158 902 
1097 158 402 902 
1098 402 345 902 
1099 205 323 903 
1100 323 500 903 
1101 500 205 903 
1102 204 322 904 
1103 322 499 904 
1104 499 204 904 
1105 69 250 905 
1106 250 393 905 
1107 393 69 905 
1108 323 234 906 
1109 234 500 906 
1110 500 323 906 
1111 322 235 907 
1112 235 499 907 
1113 499 322 907 
1114 244 372 908 
1115 372 514 908 
1116 514 244 908 
1117 251 161 909 
1118 161 469 909 
1119 469 251 909 
1120 257 146 910 
1121 146 327 910 
1122 327 257 910 
1123 308 486 911 
1124 486 506 911 
1125 506 308 911 
1126 154 245 912 
1127 245 457 912 
1128 457 154 912 
1129 125 276 913 
1130 276 490 913 
1131 490 125 913 
1132 320 117 914 
1133 117 384 914 
1134 384 320 914 
1135 338 228 915 
1136 228 534 915 
1137 534 338 915 
1138 78 297 916 
1139 297 561 916 
1140 561 78 916 
1141 252 321 917 
1142 321 468 917 
1143 468 252 917 
1144 265 114 918 
1145 114 336 918 
1146 336 265 918 
1147 324 136 919 
1148 136 474 919 
1149 474 324 919 
1150 168 275 920 
1151 275 309 920 
1152 309 168 920 
1153 214 290 921 
1154 290 541 921 
1155 541 214 921 
1156 82 296 922 
1157 296 550 922 
1158 550 82 922 
1159 270 139 923 
1160 139 509 923 
1161 509 270 923 
1162 213 270 924 
1163 270 509 924 
1164 509 213 924 
1165 272 170 925 
1166 170 308 925 
1167 308 272 925 
1168 200 308 926 
1169 308 506 926 
1170 506 200 926 
1171 354 7 927 
1172 7 526 927 
1173 526 354 927 
1174 233 317 928 
1175 317 563 928 
1176 563 233 928 
1177 185 269 929 
1178 269 346 929 
1179 346 185 929 
1180 77 78 930 
1181 78 561 930 
1182 561 77 930 
1183 6 431 931 
1184 431 556 931 
1185 556 6 931 
1186 185 346 932 
1187 346 373 932 
1188 373 185 932 
1189 197 453 933 
1190 453 502 933 
1191 502 197 933 
1192 144 260 934 
1193 260 333 934 
1194 333 144 934 
1195 360 233 935 
1196 233 563 935 
1197 563 360 935 
1198 532 126 936 
1199 126 540 936 
1200 540 532 936 
1201 123 277 937 
1202 277 461 937 
1203 461 123 937 
1204 106 395 938 
1205 395 530 938 
1206 530 106 938 
1207 277 202 939 
1208 202 461 939 
1209 461 277 939 
1210 155 318 940 
1211 318 320 940 
1212 320 155 940 
1213 318 168 941 
1214 168 320 941 
1215 320 318 941 
1216 62 63 942 
1217 63 338 942 
1218 338 62 942 
1219 126 318 943 
1220 318 540 943 
1221 540 126 943 
1222 171 265 944 
1223 265 546 944 
1224 546 171 944 
1225 17 259 945 
1226 259 525 945 
1227 525 17 945 
1228 414 79 946 
1229 79 428 946 
1230 428 414 946 
1231 113 278 947 
1232 278 331 947 
1233 331 113 947 
1234 246 208 948 
1235 208 489 948 
1236 489 246 948 
1237 119 247 949 
1238 247 511 949 
1239 511 119 949 
1240 249 134 950 
1241 134 448 950 
1242 448 249 950 
1243 5 6 951 
1244 6 556 951 
1245 556 5 951 
1246 114 279 952 
1247 279 336 952 
1248 336 114 952 
1249 259 17 953 
1250 17 374 953 
1251 374 259 953 
1252 238 353 954 
1253 353 526 954 
1254 526 238 954 
1255 400 180 955 
1256 180 457 955 
1257 457 400 955 
1258 298 161 956 
1259 161 314 956 
1260 314 298 956 
1261 111 298 957 
1262 298 314 957 
1263 314 111 957 
1264 164 266 958 
1265 266 357 958 
1266 357 164 958 
1267 384 117 959 
1268 117 420 959 
1269 420 384 959 
1270 476 210 960 
1271 210 529 960 
1272 529 476 960 
1273 190 267 961 
1274 267 559 961 
1275 559 190 961 
1276 298 268 962 
1277 268 497 962 
1278 497 298 962 
1279 140 295 963 
1280 295 392 963 
1281 392 140 963 
1282 295 188 964 
1283 188 392 964 
1284 392 295 964 
1285 255 196 965 
1286 196 501 965 
1287 501 255 965 
1288 132 255 966 
1289 255 501 966 
1290 501 132 966 
1291 26 27 967 
1292 27 515 967 
1293 515 26 967 
1294 111 314 968 
1295 314 410 968 
1296 410 111 968 
1297 314 201 969 
1298 201 410 969 
1299 410 314 969 
1300 94 95 970 
1301 95 390 970 
1302 390 94 970 
1303 335 120 971 
1304 120 359 971 
1305 359 335 971 
1306 186 335 972 
1307 335 359 972 
1308 359 186 972 
1309 166 246 973 
1310 246 399 973 
1311 399 166 973 
1312 115 343 974 
1313 343 482 974 
1314 482 115 974 
1315 118 294 975 
1316 294 494 975 
1317 494 118 975 
1318 285 120 976 
1319 120 335 976 
1320 335 285 976 
1321 274 229 977 
1322 229 453 977 
1323 453 274 977 
1324 249 177 978 
1325 177 465 978 
1326 465 249 978 
1327 286 14 979 
1328 14 349 979 
1329 349 286 979 
1330 266 183 980 
1331 183 357 980 
1332 357 266 980 
1333 370 179 981 
1334 179 477 981 
1335 477 370 981 
1336 372 184 982 
1337 184 408 982 
1338 408 372 982 
1339 86 87 983 
1340 87 306 983 
1341 306 86 983 
1342 159 350 984 
1343 350 517 984 
1344 517 159 984 
1345 134 249 985 
1346 249 465 985 
1347 465 134 985 
1348 228 338 986 
1349 338 495 986 
1350 495 228 986 
1351 338 151 987 
1352 151 495 987 
1353 495 338 987 
1354 250 69 988 
1355 69 510 988 
1356 510 250 988 
1357 94 390 989 
1358 390 451 989 
1359 451 94 989 
1360 147 279 990 
1361 279 322 990 
1362 322 147 990 
1363 146 278 991 
1364 278 323 991 
1365 323 146 991 
1366 154 302 992 
1367 302 439 992 
1368 439 154 992 
1369 287 201 993 
1370 201 568 993 
1371 568 287 993 
1372 248 88 994 
1373 88 418 994 
1374 418 248 994 
1375 331 149 995 
1376 149 408 995 
1377 408 331 995 
1378 296 223 996 
1379 223 550 996 
1380 550 296 996 
1381 269 42 997 
1382 42 440 997 
1383 440 269 997 
1384 161 251 998 
1385 251 382 998 
1386 382 161 998 
1387 255 132 999 
1388 132 475 999 
1389 475 255 999 
1390 107 311 1000 
1391 311 394 1000 
1392 394 107 1000 
1393 311 192 1001 
1394 192 394 1001 
1395 394 311 1001 
1396 71 261 1002 
1397 261 447 1002 
1398 447 71 1002 
1399 91 92 1003 
1400 92 305 1003 
1401 305 91 1003 
1402 281 171 1004 
1403 171 330 1004 
1404 330 281 1004 
1405 26 251 1005 
1406 251 469 1005 
1407 469 26 1005 
1408 39 40 1006 
1409 40 321 1006 
1410 321 39 1006 
1411 380 236 1007 
1412 236 492 1007 
1413 492 380 1007 
1414 250 173 1008 
1415 173 393 1008 
1416 393 250 1008 
1417 232 287 1009 
1418 287 568 1009 
1419 568 232 1009 
1420 234 387 1010 
1421 387 500 1010 
1422 500 234 1010 
1423 89 90 1011 
1424 90 397 1011 
1425 397 89 1011 
1426 73 74 1012 
1427 74 565 1012 
1428 565 73 1012 
1429 275 103 1013 
1430 103 355 1013 
1431 355 275 1013 
1432 74 337 1014 
1433 337 565 1014 
1434 565 74 1014 
1435 136 258 1015 
1436 258 474 1015 
1437 474 136 1015 
1438 173 250 1016 
1439 250 460 1016 
1440 460 173 1016 
1441 173 253 1017 
1442 253 496 1017 
1443 496 173 1017 
1444 204 340 1018 
1445 340 557 1018 
1446 557 204 1018 
1447 325 118 1019 
1448 118 365 1019 
1449 365 325 1019 
1450 362 163 1020 
1451 163 428 1020 
1452 428 362 1020 
1453 140 282 1021 
1454 282 358 1021 
1455 358 140 1021 
1456 215 316 1022 
1457 316 508 1022 
1458 508 215 1022 
1459 274 187 1023 
1460 187 448 1023 
1461 448 274 1023 
1462 332 45 1024 
1463 45 429 1024 
1464 429 332 1024 
1465 346 121 1025 
1466 121 373 1025 
1467 373 346 1025 
1468 45 46 1026 
1469 46 429 1026 
1470 429 45 1026 
1471 294 426 1027 
1472 426 494 1027 
1473 494 294 1027 
1474 218 414 1028 
1475 414 428 1028 
1476 428 218 1028 
1477 252 138 1029 
1478 138 446 1029 
1479 446 252 1029 
1480 176 252 1030 
1481 252 446 1030 
1482 446 176 1030 
1483 269 164 1031 
1484 164 346 1031 
1485 346 269 1031 
1486 265 336 1032 
1487 336 546 1032 
1488 546 265 1032 
1489 303 144 1033 
1490 144 333 1033 
1491 333 303 1033 
1492 174 303 1034 
1493 303 333 1034 
1494 333 174 1034 
1495 255 157 1035 
1496 157 442 1035 
1497 442 255 1035 
1498 288 150 1036 
1499 150 388 1036 
1500 388 288 1036 
1501 267 52 1037 
1502 52 436 1037 
1503 436 267 1037 
1504 202 282 1038 
1505 282 461 1038 
1506 461 202 1038 
1507 106 282 1039 
1508 282 477 1039 
1509 477 106 1039 
1510 282 202 1040 
1511 202 477 1040 
1512 477 282 1040 
1513 160 259 1041 
1514 259 374 1041 
1515 374 160 1041 
1516 341 154 1042 
1517 154 439 1042 
1518 439 341 1042 
1519 277 123 1043 
1520 123 452 1043 
1521 452 277 1043 
1522 49 50 1044 
1523 50 356 1044 
1524 356 49 1044 
1525 202 277 1045 
1526 277 370 1045 
1527 370 202 1045 
1528 277 139 1046 
1529 139 370 1046 
1530 370 277 1046 
1531 260 144 1047 
1532 144 538 1047 
1533 538 260 1047 
1534 285 181 1048 
1535 181 406 1048 
1536 406 285 1048 
1537 120 285 1049 
1538 285 406 1049 
1539 406 120 1049 
1540 262 143 1050 
1541 143 548 1050 
1542 548 262 1050 
1543 76 77 1051 
1544 77 478 1051 
1545 478 76 1051 
1546 193 277 1052 
1547 277 452 1052 
1548 452 193 1052 
1549 195 503 1053 
1550 503 510 1053 
1551 510 195 1053 
1552 390 191 1054 
1553 191 417 1054 
1554 417 390 1054 
1555 227 390 1055 
1556 390 417 1055 
1557 417 227 1055 
1558 503 250 1056 
1559 250 510 1056 
1560 510 503 1056 
1561 361 243 1057 
1562 243 533 1057 
1563 533 361 1057 
1564 137 254 1058 
1565 254 470 1058 
1566 470 137 1058 
1567 254 184 1059 
1568 184 470 1059 
1569 470 254 1059 
1570 252 176 1060 
1571 176 444 1060 
1572 444 252 1060 
1573 223 362 1061 
1574 362 550 1061 
1575 550 223 1061 
1576 267 379 1062 
1577 379 559 1062 
1578 559 267 1062 
1579 388 253 1063 
1580 253 491 1063 
1581 491 388 1063 
1582 109 388 1064 
1583 388 491 1064 
1584 491 109 1064 
1585 14 15 1065 
1586 15 349 1065 
1587 349 14 1065 
1588 196 255 1066 
1589 255 512 1066 
1590 512 196 1066 
1591 253 150 1067 
1592 150 496 1067 
1593 496 253 1067 
1594 126 380 1068 
1595 380 492 1068 
1596 492 126 1068 
1597 28 29 1069 
1598 29 316 1069 
1599 316 28 1069 
1600 259 160 1070 
1601 160 380 1070 
1602 380 259 1070 
1603 308 200 1071 
1604 200 484 1071 
1605 484 308 1071 
1606 149 410 1072 
1607 410 543 1072 
1608 543 149 1072 
1609 166 271 1073 
1610 271 378 1073 
1611 378 166 1073 
1612 271 19 1074 
1613 19 378 1074 
1614 378 271 1074 
1615 314 161 1075 
1616 161 382 1075 
1617 382 314 1075 
1618 333 116 1076 
1619 116 555 1076 
1620 555 333 1076 
1621 341 8 1077 
1622 8 462 1077 
1623 462 341 1077 
1624 489 208 1078 
1625 208 518 1078 
1626 518 489 1078 
1627 387 129 1079 
1628 129 500 1079 
1629 500 387 1079 
1630 156 361 1080 
1631 361 533 1080 
1632 533 156 1080 
1633 43 332 1081 
1634 332 440 1081 
1635 440 43 1081 
1636 318 126 1082 
1637 126 342 1082 
1638 342 318 1082 
1639 168 318 1083 
1640 318 342 1083 
1641 342 168 1083 
1642 42 43 1084 
1643 43 440 1084 
1644 440 42 1084 
1645 263 57 1085 
1646 57 416 1085 
1647 416 263 1085 
1648 187 263 1086 
1649 263 416 1086 
1650 416 187 1086 
1651 409 64 1087 
1652 64 430 1087 
1653 430 409 1087 
1654 291 136 1088 
1655 136 434 1088 
1656 434 291 1088 
1657 192 291 1089 
1658 291 434 1089 
1659 434 192 1089 
1660 207 423 1090 
1661 423 482 1090 
1662 482 207 1090 
1663 235 389 1091 
1664 389 499 1091 
1665 499 235 1091 
1666 316 152 1092 
1667 152 508 1092 
1668 508 316 1092 
1669 18 271 1093 
1670 271 374 1093 
1671 374 18 1093 
1672 260 179 1094 
1673 179 449 1094 
1674 449 260 1094 
1675 116 260 1095 
1676 260 449 1095 
1677 449 116 1095 
1678 283 150 1096 
1679 150 368 1096 
1680 368 283 1096 
1681 125 288 1097 
1682 288 471 1097 
1683 471 125 1097 
1684 288 198 1098 
1685 198 471 1098 
1686 471 288 1098 
1687 155 286 1099 
1688 286 349 1099 
1689 349 155 1099 
1690 37 38 1100 
1691 38 444 1100 
1692 444 37 1100 
1693 58 59 1101 
1694 59 347 1101 
1695 347 58 1101 
1696 381 37 1102 
1697 37 444 1102 
1698 444 381 1102 
1699 478 77 1103 
1700 77 561 1103 
1701 561 478 1103 
1702 291 472 1104 
1703 472 569 1104 
1704 569 291 1104 
1705 16 17 1105 
1706 17 525 1105 
1707 525 16 1105 
1708 268 141 1106 
1709 141 497 1106 
1710 497 268 1106 
1711 254 137 1107 
1712 137 419 1107 
1713 419 254 1107 
1714 157 255 1108 
1715 255 475 1108 
1716 475 157 1108 
1717 257 111 1109 
1718 111 410 1109 
1719 410 257 1109 
1720 236 380 1110 
1721 380 527 1110 
1722 527 236 1110 
1723 267 190 1111 
1724 190 437 1111 
1725 437 267 1111 
1726 51 267 1112 
1727 267 437 1112 
1728 437 51 1112 
1729 183 258 1113 
1730 258 485 1113 
1731 485 183 1113 
1732 258 136 1114 
1733 136 485 1114 
1734 485 258 1114 
1735 263 172 1115 
1736 172 435 1115 
1737 435 263 1115 
1738 261 72 1116 
1739 72 404 1116 
1740 404 261 1116 
1741 263 187 1117 
1742 187 398 1117 
1743 398 263 1117 
1744 181 285 1118 
1745 285 355 1118 
1746 355 181 1118 
1747 271 160 1119 
1748 160 374 1119 
1749 374 271 1119 
1750 223 296 1120 
1751 296 401 1120 
1752 401 223 1120 
1753 286 155 1121 
1754 155 384 1121 
1755 384 286 1121 
1756 180 286 1122 
1757 286 384 1122 
1758 384 180 1122 
1759 129 330 1123 
1760 330 500 1123 
1761 500 129 1123 
1762 242 364 1124 
1763 364 533 1124 
1764 533 242 1124 
1765 482 366 1125 
1766 366 544 1125 
1767 544 482 1125 
1768 133 350 1126 
1769 350 523 1126 
1770 523 133 1126 
1771 350 240 1127 
1772 240 523 1127 
1773 523 350 1127 
1774 346 164 1128 
1775 164 357 1128 
1776 357 346 1128 
1777 266 47 1129 
1778 47 415 1129 
1779 415 266 1129 
1780 183 266 1130 
1781 266 415 1130 
1782 415 183 1130 
1783 267 172 1131 
1784 172 379 1131 
1785 379 267 1131 
1786 226 386 1132 
1787 386 548 1132 
1788 548 226 1132 
1789 93 54 1133 
1790 54 451 1133 
1791 451 93 1133 
1792 54 94 1134 
1793 94 451 1134 
1794 451 54 1134 
1795 291 192 1135 
1796 192 472 1135 
1797 472 291 1135 
1798 269 185 1136 
1799 185 421 1136 
1800 421 269 1136 
1801 41 269 1137 
1802 269 421 1137 
1803 421 41 1137 
1804 137 261 1138 
1805 261 520 1138 
1806 520 137 1138 
1807 264 35 1139 
1808 35 396 1139 
1809 396 264 1139 
1810 174 273 1140 
1811 273 412 1140 
1812 412 174 1140 
1813 273 138 1141 
1814 138 412 1141 
1815 412 273 1141 
1816 364 156 1142 
1817 156 533 1142 
1818 533 364 1142 
1819 389 130 1143 
1820 130 499 1143 
1821 499 389 1143 
1822 158 366 1144 
1823 366 482 1144 
1824 482 158 1144 
1825 55 56 1145 
1826 56 435 1145 
1827 435 55 1145 
1828 52 53 1146 
1829 53 436 1146 
1830 436 52 1146 
1831 372 217 1147 
1832 217 514 1147 
1833 514 372 1147 
1834 208 292 1148 
1835 292 518 1148 
1836 518 208 1148 
1837 292 141 1149 
1838 141 518 1149 
1839 518 292 1149 
1840 17 18 1150 
1841 18 374 1150 
1842 374 17 1150 
1843 202 370 1151 
1844 370 477 1151 
1845 477 202 1151 
1846 169 306 1152 
1847 306 479 1152 
1848 479 169 1152 
1849 248 464 1153 
1850 464 479 1153 
1851 479 248 1153 
1852 175 386 1154 
1853 386 424 1154 
1854 424 175 1154 
1855 194 326 1155 
1856 326 419 1155 
1857 419 194 1155 
1858 355 103 1156 
1859 103 385 1156 
1860 385 355 1156 
1861 350 159 1157 
1862 159 376 1157 
1863 376 350 1157 
1864 265 171 1158 
1865 171 537 1158 
1866 537 265 1158 
1867 68 69 1159 
1868 69 393 1159 
1869 393 68 1159 
1870 198 358 1160 
1871 358 471 1160 
1872 471 198 1160 
1873 358 222 1161 
1874 222 471 1161 
1875 471 358 1161 
1876 122 379 1162 
1877 379 398 1162 
1878 398 122 1162 
1879 395 209 1163 
1880 209 530 1163 
1881 530 395 1163 
1882 216 409 1164 
1883 409 430 1164 
1884 430 216 1164 
1885 472 121 1165 
1886 121 569 1165 
1887 569 472 1165 
1888 266 164 1166 
1889 164 429 1166 
1890 429 266 1166 
1891 349 220 1167 
1892 220 540 1167 
1893 540 349 1167 
1894 306 169 1168 
1895 169 375 1168 
1896 375 306 1168 
1897 86 306 1169 
1898 306 375 1169 
1899 375 86 1169 
1900 9 11 1170 
1901 11 462 1170 
1902 462 9 1170 
1903 8 9 1171 
1904 9 462 1171 
1905 462 8 1171 
1906 1 3 1172 
1907 3 463 1172 
1908 463 1 1172 
1909 102 1 1173 
1910 1 463 1173 
1911 463 102 1173 
1912 207 392 1174 
1913 392 423 1174 
1914 423 207 1174 
1915 116 270 1175 
1916 270 391 1175 
1917 391 116 1175 
1918 31 32 1176 
1919 32 345 1176 
1920 345 31 1176 
1921 153 305 1177 
1922 305 417 1177 
1923 417 153 1177 
1924 305 227 1178 
1925 227 417 1178 
1926 417 305 1178 
1927 299 112 1179 
1928 112 527 1179 
1929 527 299 1179 
1930 193 264 1180 
1931 264 513 1180 
1932 513 193 1180 
1933 464 135 1181 
1934 135 479 1181 
1935 479 464 1181 
1936 373 121 1182 
1937 121 472 1182 
1938 472 373 1182 
1939 225 373 1183 
1940 373 472 1183 
1941 472 225 1183 
1942 380 160 1184 
1943 160 527 1184 
1944 527 380 1184 
1945 207 304 1185 
1946 304 392 1185 
1947 392 207 1185 
1948 88 89 1186 
1949 89 418 1186 
1950 418 88 1186 
1951 353 243 1187 
1952 243 376 1187 
1953 376 353 1187 
1954 134 280 1188 
1955 280 466 1188 
1956 466 134 1188 
1957 280 189 1189 
1958 189 466 1189 
1959 466 280 1189 
1960 161 367 1190 
1961 367 469 1190 
1962 469 161 1190 
1963 164 269 1191 
1964 269 440 1191 
1965 440 164 1191 
1966 387 234 1192 
1967 234 549 1192 
1968 549 387 1192 
1969 307 203 1193 
1970 203 531 1193 
1971 531 307 1193 
1972 142 265 1194 
1973 265 537 1194 
1974 537 142 1194 
1975 363 55 1195 
1976 55 435 1195 
1977 435 363 1195 
1978 53 363 1196 
1979 363 436 1196 
1980 436 53 1196 
1981 296 165 1197 
1982 165 401 1197 
1983 401 296 1197 
1984 172 267 1198 
1985 267 436 1198 
1986 436 172 1198 
1987 253 339 1199 
1988 339 491 1199 
1989 491 253 1199 
1990 74 75 1200 
1991 75 383 1200 
1992 383 74 1200 
1993 72 73 1201 
1994 73 404 1201 
1995 404 72 1201 
1996 113 326 1202 
1997 326 549 1202 
1998 549 113 1202 
1999 386 226 1203 
2000 226 456 1203 
2001 456 386 1203 
2002 108 386 1204 
2003 386 456 1204 
2004 456 108 1204 
2005 297 142 1205 
2006 142 529 1205 
2007 529 297 1205 
2008 210 297 1206 
2009 297 529 1206 
2010 529 210 1206 
2011 337 74 1207 
2012 74 383 1207 
2013 383 337 1207 
2014 165 296 1208 
2015 296 377 1208 
2016 377 165 1208 
2017 296 83 1209 
2018 83 377 1209 
2019 377 296 1209 
2020 141 268 1210 
2021 268 528 1210 
2022 528 141 1210 
2023 114 319 1211 
2024 319 542 1211 
2025 542 114 1211 
2026 265 142 1212 
2027 142 459 1212 
2028 459 265 1212 
2029 139 270 1213 
2030 270 547 1213 
2031 547 139 1213 
2032 116 273 1214 
2033 273 555 1214 
2034 555 116 1214 
2035 275 168 1215 
2036 168 405 1215 
2037 405 275 1215 
2038 268 170 1216 
2039 170 528 1216 
2040 528 268 1216 
2041 103 275 1217 
2042 275 405 1217 
2043 405 103 1217 
2044 339 124 1218 
2045 124 481 1218 
2046 481 339 1218 
2047 211 339 1219 
2048 339 481 1219 
2049 481 211 1219 
2050 325 365 1220 
2051 365 495 1220 
2052 495 325 1220 
2053 442 157 1221 
2054 157 524 1221 
2055 524 442 1221 
2056 170 272 1222 
2057 272 528 1222 
2058 528 170 1222 
2059 98 99 1223 
2060 99 360 1223 
2061 360 98 1223 
2062 29 30 1224 
2063 30 403 1224 
2064 403 29 1224 
2065 324 122 1225 
2066 122 453 1225 
2067 453 324 1225 
2068 197 324 1226 
2069 324 453 1226 
2070 453 197 1226 
2071 273 174 1227 
2072 174 555 1227 
2073 555 273 1227 
2074 30 31 1228 
2075 31 402 1228 
2076 402 30 1228 
2077 80 81 1229 
2078 81 362 1229 
2079 362 80 1229 
2080 270 116 1230 
2081 116 449 1230 
2082 449 270 1230 
2083 389 235 1231 
2084 235 542 1231 
2085 542 389 1231 
2086 89 397 1232 
2087 397 418 1232 
2088 418 89 1232 
2089 181 355 1233 
2090 355 385 1233 
2091 385 181 1233 
2092 294 209 1234 
2093 209 538 1234 
2094 538 294 1234 
2095 144 294 1235 
2096 294 538 1235 
2097 538 144 1235 
2098 138 273 1236 
2099 273 446 1236 
2100 446 138 1236 
2101 119 307 1237 
2102 307 425 1237 
2103 425 119 1237 
2104 307 182 1238 
2105 182 425 1238 
2106 425 307 1238 
2107 186 359 1239 
2108 359 371 1239 
2109 371 186 1239 
2110 90 91 1240 
2111 91 413 1240 
2112 413 90 1240 
2113 276 125 1241 
2114 125 552 1241 
2115 552 276 1241 
2116 330 205 1242 
2117 205 500 1242 
2118 500 330 1242 
2119 195 454 1243 
2120 454 503 1243 
2121 503 195 1243 
2122 121 346 1244 
2123 346 357 1244 
2124 357 121 1244 
2125 79 80 1245 
2126 80 428 1245 
2127 428 79 1245 
2128 201 287 1246 
2129 287 543 1246 
2130 543 201 1246 
2131 423 188 1247 
2132 188 441 1247 
2133 441 423 1247 
2134 407 106 1248 
2135 106 530 1248 
2136 530 407 1248 
2137 182 307 1249 
2138 307 464 1249 
2139 464 182 1249 
2140 122 274 1250 
2141 274 453 1250 
2142 453 122 1250 
2143 149 287 1251 
2144 287 408 1251 
2145 408 149 1251 
2146 392 188 1252 
2147 188 423 1252 
2148 423 392 1252 
2149 218 319 1253 
2150 319 459 1253 
2151 459 218 1253 
2152 165 329 1254 
2153 329 401 1254 
2154 401 165 1254 
2155 148 284 1255 
2156 284 535 1255 
2157 535 148 1255 
2158 371 169 1256 
2159 169 479 1256 
2160 479 371 1256 
2161 190 324 1257 
2162 324 474 1257 
2163 474 190 1257 
2164 162 337 1258 
2165 337 383 1258 
2166 383 162 1258 
2167 277 193 1259 
2168 193 513 1259 
2169 513 277 1259 
2170 139 277 1260 
2171 277 513 1260 
2172 513 139 1260 
2173 258 356 1261 
2174 356 474 1261 
2175 474 258 1261 
2176 281 142 1262 
2177 142 537 1262 
2178 537 281 1262 
2179 339 211 1263 
2180 211 491 1263 
2181 491 339 1263 
2182 143 285 1264 
2183 285 566 1264 
2184 566 143 1264 
2185 315 145 1265 
2186 145 441 1265 
2187 441 315 1265 
2188 188 315 1266 
2189 315 441 1266 
2190 441 188 1266 
2191 280 134 1267 
2192 134 465 1267 
2193 465 280 1267 
2194 155 349 1268 
2195 349 540 1268 
2196 540 155 1268 
2197 276 151 1269 
2198 151 490 1269 
2199 490 276 1269 
2200 314 382 1270 
2201 382 458 1270 
2202 458 314 1270 
2203 304 140 1271 
2204 140 392 1271 
2205 392 304 1271 
2206 348 153 1272 
2207 153 417 1272 
2208 417 348 1272 
2209 167 300 1273 
2210 300 487 1273 
2211 487 167 1273 
2212 150 283 1274 
2213 283 496 1274 
2214 496 150 1274 
2215 69 70 1275 
2216 70 510 1275 
2217 510 69 1275 
2218 347 249 1276 
2219 249 448 1276 
2220 448 347 1276 
2221 4 290 1277 
2222 290 505 1277 
2223 505 4 1277 
2224 290 214 1278 
2225 214 505 1278 
2226 505 290 1278 
2227 177 280 1279 
2228 280 465 1279 
2229 465 177 1279 
2230 185 321 1280 
2231 321 421 1280 
2232 421 185 1280 
2233 321 40 1281 
2234 40 421 1281 
2235 421 321 1281 
2236 284 200 1282 
2237 200 535 1282 
2238 535 284 1282 
2239 85 86 1283 
2240 86 375 1283 
2241 375 85 1283 
2242 199 293 1284 
2243 293 554 1284 
2244 554 199 1284 
2245 64 65 1285 
2246 65 430 1285 
2247 430 64 1285 
2248 189 280 1286 
2249 280 494 1286 
2250 494 189 1286 
2251 493 215 1287 
2252 215 508 1287 
2253 508 493 1287 
2254 155 320 1288 
2255 320 384 1288 
2256 384 155 1288 
2257 171 281 1289 
2258 281 537 1289 
2259 537 171 1289 
2260 282 106 1290 
2261 106 498 1290 
2262 498 282 1290 
2263 83 84 1291 
2264 84 377 1291 
2265 377 83 1291 
2266 142 281 1292 
2267 281 529 1292 
2268 529 142 1292 
2269 304 207 1293 
2270 207 544 1293 
2271 544 304 1293 
2272 123 304 1294 
2273 304 544 1294 
2274 544 123 1294 
2275 297 78 1295 
2276 78 414 1295 
2277 414 297 1295 
2278 162 387 1296 
2279 387 549 1296 
2280 549 162 1296 
2281 369 120 1297 
2282 120 406 1297 
2283 406 369 1297 
2284 292 23 1298 
2285 23 427 1298 
2286 427 292 1298 
2287 224 352 1299 
2288 352 425 1299 
2289 425 224 1299 
2290 191 348 1300 
2291 348 417 1300 
2292 417 191 1300 
2293 19 20 1301 
2294 20 378 1301 
2295 378 19 1301 
2296 294 118 1302 
2297 118 443 1302 
2298 443 294 1302 
2299 285 335 1303 
2300 335 566 1303 
2301 566 285 1303 
2302 7 354 1304 
2303 354 431 1304 
2304 431 7 1304 
2305 283 173 1305 
2306 173 496 1305 
2307 496 283 1305 
2308 294 144 1306 
2309 144 426 1306 
2310 426 294 1306 
2311 385 204 1307 
2312 204 422 1307 
2313 422 385 1307 
2314 288 125 1308 
2315 125 450 1308 
2316 450 288 1308 
2317 133 523 1309 
2318 523 541 1309 
2319 541 133 1309 
2320 91 305 1310 
2321 305 413 1310 
2322 413 91 1310 
2323 359 120 1311 
2324 120 507 1311 
2325 507 359 1311 
2326 342 199 1312 
2327 199 539 1312 
2328 539 342 1312 
2329 287 149 1313 
2330 149 543 1313 
2331 543 287 1313 
2332 306 248 1314 
2333 248 479 1314 
2334 479 306 1314 
2335 163 389 1315 
2336 389 542 1315 
2337 542 163 1315 
2338 240 442 1316 
2339 442 524 1316 
2340 524 240 1316 
2341 128 289 1317 
2342 289 567 1317 
2343 567 128 1317 
2344 359 169 1318 
2345 169 371 1318 
2346 371 359 1318 
2347 316 29 1319 
2348 29 403 1319 
2349 403 316 1319 
2350 302 175 1320 
2351 175 424 1320 
2352 424 302 1320 
2353 360 99 1321 
2354 99 488 1321 
2355 488 360 1321 
2356 525 259 1322 
2357 259 532 1322 
2358 532 525 1322 
2359 329 181 1323 
2360 181 422 1323 
2361 422 329 1323 
2362 130 329 1324 
2363 329 422 1324 
2364 422 130 1324 
2365 220 349 1325 
2366 349 560 1325 
2367 560 220 1325 
2368 308 170 1326 
2369 170 486 1326 
2370 486 308 1326 
2371 120 369 1327 
2372 369 507 1327 
2373 507 120 1327 
2374 98 360 1328 
2375 360 563 1328 
2376 563 98 1328 
2377 35 36 1329 
2378 36 396 1329 
2379 396 35 1329 
2380 248 418 1330 
2381 418 464 1330 
2382 464 248 1330 
2383 418 182 1331 
2384 182 464 1331 
2385 464 418 1331 
2386 183 291 1332 
2387 291 569 1332 
2388 569 183 1332 
2389 159 353 1333 
2390 353 376 1333 
2391 376 159 1333 
2392 362 81 1334 
2393 81 550 1334 
2394 550 362 1334 
2395 171 313 1335 
2396 313 455 1335 
2397 455 171 1335 
2398 206 290 1336 
2399 290 556 1336 
2400 556 206 1336 
2401 350 376 1337 
2402 376 564 1337 
2403 564 350 1337 
2404 302 131 1338 
2405 131 439 1338 
2406 439 302 1338 
2407 136 291 1339 
2408 291 485 1339 
2409 485 136 1339 
2410 145 301 1340 
2411 301 441 1340 
2412 441 145 1340 
2413 25 26 1341 
2414 26 469 1341 
2415 469 25 1341 
2416 152 289 1342 
2417 289 508 1342 
2418 508 152 1342 
2419 170 312 1343 
2420 312 486 1343 
2421 486 170 1343 
2422 291 183 1344 
2423 183 485 1344 
2424 485 291 1344 
2425 189 426 1345 
2426 426 445 1345 
2427 445 189 1345 
2428 58 347 1346 
2429 347 416 1346 
2430 416 58 1346 
2431 347 187 1347 
2432 187 416 1347 
2433 416 347 1347 
2434 303 107 1348 
2435 107 445 1348 
2436 445 303 1348 
2437 329 130 1349 
2438 130 401 1349 
2439 401 329 1349 
2440 148 313 1350 
2441 313 546 1350 
2442 546 148 1350 
2443 212 343 1351 
2444 343 432 1351 
2445 432 212 1351 
2446 179 395 1352 
2447 395 477 1352 
2448 477 179 1352 
2449 443 178 1353 
2450 178 530 1353 
2451 530 443 1353 
2452 141 292 1354 
2453 292 558 1354 
2454 558 141 1354 
2455 332 164 1355 
2456 164 440 1355 
2457 440 332 1355 
2458 181 329 1356 
2459 329 406 1356 
2460 406 181 1356 
2461 293 147 1357 
2462 147 554 1357 
2463 554 293 1357 
2464 390 227 1358 
2465 227 451 1358 
2466 451 390 1358 
2467 12 13 1359 
2468 13 400 1359 
2469 400 12 1359 
2470 164 332 1360 
2471 332 429 1360 
2472 429 164 1360 
2473 78 79 1361 
2474 79 414 1361 
2475 414 78 1361 
2476 310 152 1362 
2477 152 432 1362 
2478 432 310 1362 
2479 304 123 1363 
2480 123 461 1363 
2481 461 304 1363 
2482 203 307 1364 
2483 307 467 1364 
2484 467 203 1364 
2485 307 119 1365 
2486 119 467 1365 
2487 467 307 1365 
2488 180 384 1366 
2489 384 420 1366 
2490 420 180 1366 
2491 297 210 1367 
2492 210 561 1367 
2493 561 297 1367 
2494 109 295 1368 
2495 295 521 1368 
2496 521 109 1368 
2497 295 140 1369 
2498 140 522 1369 
2499 522 295 1369 
2500 330 171 1370 
2501 171 455 1370 
2502 455 330 1370 
2503 422 204 1371 
2504 204 499 1371 
2505 499 422 1371 
2506 63 64 1372 
2507 64 409 1372 
2508 409 63 1372 
2509 339 173 1373 
2510 173 460 1373 
2511 460 339 1373 
2512 454 137 1374 
2513 137 470 1374 
2514 470 454 1374 
2515 244 454 1375 
2516 454 470 1375 
2517 470 244 1375 
2518 221 298 1376 
2519 298 497 1376 
2520 497 221 1376 
2521 358 282 1377 
2522 282 498 1377 
2523 498 358 1377 
2524 23 24 1378 
2525 24 427 1378 
2526 427 23 1378 
2527 142 297 1379 
2528 297 536 1379 
2529 536 142 1379 
2530 220 525 1380 
2531 525 532 1380 
2532 532 220 1380 
2533 60 61 1381 
2534 61 411 1381 
2535 411 60 1381 
2536 300 105 1382 
2537 105 487 1382 
2538 487 300 1382 
2539 486 104 1383 
2540 104 506 1383 
2541 506 486 1383 
2542 338 63 1384 
2543 63 409 1384 
2544 409 338 1384 
2545 118 325 1385 
2546 325 443 1385 
2547 443 118 1385 
2548 168 342 1386 
2549 342 405 1386 
2550 405 168 1386 
2551 160 299 1387 
2552 299 527 1387 
2553 527 160 1387 
2554 47 48 1388 
2555 48 415 1388 
2556 415 47 1388 
2557 366 237 1389 
2558 237 452 1389 
2559 452 366 1389 
2560 57 58 1390 
2561 58 416 1390 
2562 416 57 1390 
2563 105 300 1391 
2564 300 519 1391 
2565 519 105 1391 
2566 313 148 1392 
2567 148 535 1392 
2568 535 313 1392 
2569 31 345 1393 
2570 345 402 1393 
2571 402 31 1393 
2572 197 394 1394 
2573 394 434 1394 
2574 434 197 1394 
2575 336 148 1395 
2576 148 546 1395 
2577 546 336 1395 
2578 313 104 1396 
2579 104 455 1396 
2580 455 313 1396 
2581 353 159 1397 
2582 159 526 1397 
2583 526 353 1397 
2584 317 191 1398 
2585 191 473 1398 
2586 473 317 1398 
2587 96 317 1399 
2588 317 473 1399 
2589 473 96 1399 
2590 238 341 1400 
2591 341 439 1400 
2592 439 238 1400 
2593 357 183 1401 
2594 183 569 1401 
2595 569 357 1401 
2596 185 373 1402 
2597 373 468 1402 
2598 468 185 1402 
2599 201 314 1403 
2600 314 458 1403 
2601 458 201 1403 
2602 40 41 1404 
2603 41 421 1404 
2604 421 40 1404 
2605 342 126 1405 
2606 126 492 1405 
2607 492 342 1405 
2608 199 342 1406 
2609 342 492 1406 
2610 492 199 1406 
2611 95 96 1407 
2612 96 473 1407 
2613 473 95 1407 
2614 117 334 1408 
2615 334 420 1408 
2616 420 117 1408 
2617 174 333 1409 
2618 333 555 1409 
2619 555 174 1409 
2620 312 146 1410 
2621 146 545 1410 
2622 545 312 1410 
2623 218 459 1411 
2624 459 536 1411 
2625 536 218 1411 
2626 405 342 1412 
2627 342 539 1412 
2628 539 405 1412 
2629 325 178 1413 
2630 178 443 1413 
2631 443 325 1413 
2632 367 25 1414 
2633 25 469 1414 
2634 469 367 1414 
2635 404 73 1415 
2636 73 565 1415 
2637 565 404 1415 
2638 191 317 1416 
2639 317 480 1416 
2640 480 191 1416 
2641 50 51 1417 
2642 51 437 1417 
2643 437 50 1417 
2644 33 34 1418 
2645 34 438 1418 
2646 438 33 1418 
2647 312 104 1419 
2648 104 486 1419 
2649 486 312 1419 
2650 214 328 1420 
2651 328 504 1420 
2652 504 214 1420 
2653 328 101 1421 
2654 101 504 1421 
2655 504 328 1421 
2656 321 185 1422 
2657 185 468 1422 
2658 468 321 1422 
2659 220 532 1423 
2660 532 540 1423 
2661 540 220 1423 
2662 433 217 1424 
2663 217 519 1424 
2664 519 433 1424 
2665 70 71 1425 
2666 71 447 1425 
2667 447 70 1425 
2668 104 313 1426 
2669 313 506 1426 
2670 506 104 1426 
2671 411 61 1427 
2672 61 534 1427 
2673 534 411 1427 
2674 104 312 1428 
2675 312 516 1428 
2676 516 104 1428 
2677 217 372 1429 
2678 372 519 1429 
2679 519 217 1429 
2680 372 105 1430 
2681 105 519 1430 
2682 519 372 1430 
2683 323 205 1431 
2684 205 545 1431 
2685 545 323 1431 
2686 313 171 1432 
2687 171 546 1432 
2688 546 313 1432 
2689 264 509 1433 
2690 509 513 1433 
2691 513 264 1433 
2692 509 139 1434 
2693 139 513 1434 
2694 513 509 1434 
2695 190 356 1435 
2696 356 437 1435 
2697 437 190 1435 
2698 356 50 1436 
2699 50 437 1436 
2700 437 356 1436 
2701 493 251 1437 
2702 251 515 1437 
2703 515 493 1437 
2704 176 381 1438 
2705 381 444 1438 
2706 444 176 1438 
2707 146 323 1439 
2708 323 545 1439 
2709 545 146 1439 
2710 455 104 1440 
2711 104 516 1440 
2712 516 455 1440 
2713 352 119 1441 
2714 119 425 1441 
2715 425 352 1441 
2716 124 339 1442 
2717 339 460 1442 
2718 460 124 1442 
2719 151 325 1443 
2720 325 495 1443 
2721 495 151 1443 
2722 122 324 1444 
2723 324 559 1444 
2724 559 122 1444 
2725 318 155 1445 
2726 155 540 1445 
2727 540 318 1445 
2728 370 139 1446 
2729 139 547 1446 
2730 547 370 1446 
2731 322 204 1447 
2732 204 557 1447 
2733 557 322 1447 
2734 186 344 1448 
2735 344 456 1448 
2736 456 186 1448 
2737 344 108 1449 
2738 108 456 1449 
2739 456 344 1449 
2740 319 163 1450 
2741 163 542 1450 
2742 542 319 1450 
2743 354 206 1451 
2744 206 431 1451 
2745 431 354 1451 
2746 21 22 1452 
2747 22 483 1452 
2748 483 21 1452 
2749 388 109 1453 
2750 109 521 1453 
2751 521 388 1453 
2752 397 182 1454 
2753 182 418 1454 
2754 418 397 1454 
2755 215 493 1455 
2756 493 515 1455 
2757 515 215 1455 
2758 187 347 1456 
2759 347 448 1456 
2760 448 187 1456 
2761 147 322 1457 
2762 322 557 1457 
2763 557 147 1457 
2764 15 16 1458 
2765 16 560 1458 
2766 560 15 1458 
2767 80 362 1459 
2768 362 428 1459 
2769 428 80 1459 
2770 186 371 1460 
2771 371 562 1460 
2772 562 186 1460 
2773 99 100 1461 
2774 100 488 1461 
2775 488 99 1461 
2776 518 141 1462 
2777 141 528 1462 
2778 528 518 1462 
2779 272 518 1463 
2780 518 528 1463 
2781 528 272 1463 
2782 3 4 1464 
2783 4 505 1464 
2784 505 3 1464 
2785 101 102 1465 
2786 102 504 1465 
2787 504 101 1465 
2788 369 239 1466 
2789 239 507 1466 
2790 507 369 1466 
2791 207 482 1467 
2792 482 544 1467 
2793 544 207 1467 
2794 431 206 1468 
2795 206 556 1468 
2796 556 431 1468 
2797 442 110 1469 
2798 110 512 1469 
2799 512 442 1469 
2800 255 442 1470 
2801 442 512 1470 
2802 512 255 1470 
2803 328 214 1471 
2804 214 541 1471 
2805 541 328 1471 
2806 324 190 1472 
2807 190 559 1472 
2808 559 324 1472 
2809 326 162 1473 
2810 162 549 1473 
2811 549 326 1473 
2812 343 158 1474 
2813 158 482 1474 
2814 482 343 1474 
2815 172 363 1475 
2816 363 435 1475 
2817 435 172 1475 
2818 363 172 1476 
2819 172 436 1476 
2820 436 363 1476 
2821 210 476 1477 
2822 476 478 1477 
2823 478 210 1477 
2824 476 241 1478 
2825 241 478 1478 
2826 478 476 1478 
2827 61 62 1479 
2828 62 534 1479 
2829 534 61 1479 
2830 351 119 1480 
2831 119 511 1480 
2832 511 351 1480 
2833 335 226 1481 
2834 226 566 1481 
2835 566 335 1481 
2836 332 43 1482 
2837 43 570 1482 
2838 570 332 1482 
2839 45 332 1483 
2840 332 570 1483 
2841 570 45 1483 
2842 407 222 1484 
2843 222 498 1484 
2844 498 407 1484 
2845 106 407 1485 
2846 407 498 1485 
2847 498 106 1485 
2848 337 194 1486 
2849 194 565 1486 
2850 565 337 1486 
2851 81 82 1487 
2852 82 550 1487 
2853 550 81 1487 
2854 351 156 1488 
2855 156 551 1488 
2856 551 351 1488 
2857 348 191 1489 
2858 191 480 1489 
2859 480 348 1489 
2860 65 66 1490 
2861 66 553 1490 
2862 553 65 1490 
2863 240 350 1491 
2864 350 564 1491 
2865 564 240 1491 
2866 97 98 1492 
2867 98 563 1492 
2868 563 97 1492 
2869 10 45 1493 
2870 45 570 1493 
2871 570 10 1493 
2872 43 10 1494 
2873 10 570 1494 
2874 570 43 1494 
2875 132 348 1495 
2876 348 480 1495 
2877 480 132 1495 
2878 349 15 1496 
2879 15 560 1496 
2880 560 349 1496 
2881 119 351 1497 
2882 351 467 1497 
2883 467 119 1497 
2884 344 186 1498 
2885 186 562 1498 
2886 562 344 1498 
2887 181 385 1499 
2888 385 422 1499 
2889 422 181 1499 
2890 123 366 1500 
2891 366 452 1500 
2892 452 123 1500 
2893 199 340 1501 
2894 340 539 1501 
2895 539 199 1501 
2896 340 103 1502 
2897 103 539 1502 
2898 539 340 1502 
2899 390 95 1503 
2900 95 473 1503 
2901 473 390 1503 
2902 356 190 1504 
2903 190 474 1504 
2904 474 356 1504 
2905 203 344 1505 
2906 344 531 1505 
2907 531 203 1505 
2908 147 340 1506 
2909 340 554 1506 
2910 554 147 1506 
2911 259 380 1507 
2912 380 532 1507 
2913 532 259 1507 
2914 340 199 1508 
2915 199 554 1508 
2916 554 340 1508 
2917 340 147 1509 
2918 147 557 1509 
2919 557 340 1509 
2920 350 133 1510 
2921 133 517 1510 
2922 517 350 1510 
2923 196 351 1511 
2924 351 511 1511 
2925 511 196 1511 
2926 222 358 1512 
2927 358 498 1512 
2928 498 222 1512 
2929 394 192 1513 
2930 192 434 1513 
2931 434 394 1513 
2932 110 361 1514 
2933 361 512 1514 
2934 512 110 1514 
2935 361 196 1515 
2936 196 512 1515 
2937 512 361 1515 
2938 382 128 1516 
2939 128 458 1516 
2940 458 382 1516 
2941 180 420 1517 
2942 420 457 1517 
2943 457 180 1517 
2944 169 359 1518 
2945 359 507 1518 
2946 507 169 1518 
2947 129 387 1519 
2948 387 476 1519 
2949 476 129 1519 
2950 387 241 1520 
2951 241 476 1520 
2952 476 387 1520 
2953 365 228 1521 
2954 228 495 1521 
2955 495 365 1521 
2956 358 198 1522 
2957 198 522 1522 
2958 522 358 1522 
2959 140 358 1523 
2960 358 522 1523 
2961 522 140 1523 
2962 135 371 1524 
2963 371 479 1524 
2964 479 135 1524 
2965 382 251 1525 
2966 251 493 1525 
2967 493 382 1525 
2968 447 195 1526 
2969 195 510 1526 
2970 510 447 1526 
2971 159 354 1527 
2972 354 526 1527 
2973 526 159 1527 
2974 433 211 1528 
2975 211 481 1528 
2976 481 433 1528 
2977 217 433 1529 
2978 433 481 1529 
2979 481 217 1529 
2980 66 368 1530 
2981 368 553 1530 
2982 553 66 1530 
2983 368 231 1531 
2984 231 553 1531 
2985 553 368 1531 
2986 130 422 1532 
2987 422 499 1532 
2988 499 130 1532 
2989 128 567 1533 
2990 567 568 1533 
2991 568 128 1533 
2992 399 246 1534 
2993 246 489 1534 
2994 489 399 1534 
2995 426 189 1535 
2996 189 494 1535 
2997 494 426 1535 
2998 191 390 1536 
2999 390 473 1536 
3000 473 191 1536 
3001 430 65 1537 
3002 65 553 1537 
3003 553 430 1537 
3004 231 430 1538 
3005 430 553 1538 
3006 553 231 1538 
3007 460 250 1539 
3008 250 503 1539 
3009 503 460 1539 
3010 121 357 1540 
3011 357 569 1540 
3012 569 121 1540 
3013 459 142 1541 
3014 142 536 1541 
3015 536 459 1541 
3016 364 203 1542 
3017 203 551 1542 
3018 551 364 1542 
3019 371 135 1543 
3020 135 562 1543 
3021 562 371 1543 
3022 156 364 1544 
3023 364 551 1544 
3024 551 156 1544 
3025 128 382 1545 
3026 382 493 1545 
3027 493 128 1545 
3028 379 122 1546 
3029 122 559 1546 
3030 559 379 1546 
3031 366 123 1547 
3032 123 544 1547 
3033 544 366 1547 
3034 458 128 1548 
3035 128 568 1548 
3036 568 458 1548 
3037 395 106 1549 
3038 106 477 1549 
3039 477 395 1549 
3040 394 197 1550 
3041 197 502 1550 
3042 502 394 1550 
3043 179 370 1551 
3044 370 547 1551 
3045 547 179 1551 
3046 264 396 1552 
3047 396 509 1552 
3048 509 264 1552 
3049 396 213 1553 
3050 213 509 1553 
3051 509 396 1553 
3052 442 240 1554 
3053 240 564 1554 
3054 564 442 1554 
3055 110 442 1555 
3056 442 564 1555 
3057 564 110 1555 
3058 419 137 1556 
3059 137 520 1556 
3060 520 419 1556 
3061 127 399 1557 
3062 399 489 1557 
3063 489 127 1557 
3064 107 394 1558 
3065 394 502 1558 
3066 502 107 1558 
3067 380 126 1559 
3068 126 532 1559 
3069 532 380 1559 
3070 404 194 1560 
3071 194 520 1560 
3072 520 404 1560 
3073 376 110 1561 
3074 110 564 1561 
3075 564 376 1561 
3076 506 313 1562 
3077 313 535 1562 
3078 535 506 1562 
3079 467 351 1563 
3080 351 551 1563 
3081 551 467 1563 
3082 501 196 1564 
3083 196 511 1564 
3084 511 501 1564 
3085 247 501 1565 
3086 501 511 1565 
3087 511 247 1565 
3088 210 478 1566 
3089 478 561 1566 
3090 561 210 1566 
3091 194 419 1567 
3092 419 520 1567 
3093 520 194 1567 
3094 261 404 1568 
3095 404 520 1568 
3096 520 261 1568 
3097 410 201 1569 
3098 201 543 1569 
3099 543 410 1569 
3100 194 404 1570 
3101 404 565 1570 
3102 565 194 1570 
3103 297 414 1571 
3104 414 536 1571 
3105 536 297 1571 
3106 178 407 1572 
3107 407 530 1572 
3108 530 178 1572 
3109 516 312 1573 
3110 312 545 1573 
3111 545 516 1573 
3112 103 405 1574 
3113 405 539 1574 
3114 539 103 1574 
3115 463 3 1575 
3116 3 505 1575 
3117 505 463 1575 
3118 102 463 1576 
3119 463 504 1576 
3120 504 102 1576 
3121 70 447 1577 
3122 447 510 1577 
3123 510 70 1577 
3124 414 218 1578 
3125 218 536 1578 
3126 536 414 1578 
3127 124 460 1579 
3128 460 503 1579 
3129 503 124 1579 
3130 463 214 1580 
3131 214 504 1580 
3132 504 463 1580 
3133 214 463 1581 
3134 463 505 1581 
3135 505 214 1581 
3136 16 525 1582 
3137 525 560 1582 
3138 560 16 1582 
3139 198 521 1583 
3140 521 522 1583 
3141 522 198 1583 
3142 521 295 1584 
3143 295 522 1584 
3144 522 521 1584 
3145 481 124 1585 
3146 124 514 1585 
3147 514 481 1585 
3148 427 221 1586 
3149 221 558 1586 
3150 558 427 1586 
3151 292 427 1587 
3152 427 558 1587 
3153 558 292 1587 
3154 217 481 1588 
3155 481 514 1588 
3156 514 217 1588 
3157 449 179 1589 
3158 179 547 1589 
3159 547 449 1589 
3160 270 449 1590 
3161 449 547 1590 
3162 547 270 1590 
3163 567 232 1591 
3164 232 568 1591 
3165 568 567 1591 
3166 203 467 1592 
3167 467 551 1592 
3168 551 203 1592 
3169 497 141 1593 
3170 141 558 1593 
3171 558 497 1593 
3172 523 240 1594 
3173 240 524 1594 
3174 524 523 1594 
3175 219 523 1595 
3176 523 524 1595 
3177 524 219 1595 
3178 125 471 1596 
3179 471 552 1596 
3180 552 125 1596 
3181 471 222 1597 
3182 222 552 1597 
3183 552 471 1597 
3184 135 531 1598 
3185 531 562 1598 
3186 562 135 1598 
3187 201 458 1599 
3188 458 568 1599 
3189 568 201 1599 
3190 200 506 1600 
3191 506 535 1600 
3192 535 200 1600 
3193 226 548 1601 
3194 548 566 1601 
3195 566 226 1601 
3196 221 497 1602 
3197 497 558 1602 
3198 558 221 1602 
3199 205 516 1603 
3200 516 545 1603 
3201 545 205 1603 
3202 525 220 1604 
3203 220 560 1604 
3204 560 525 1604 
3205 531 344 1605 
3206 344 562 1605 
3207 562 531 1605 
3208 548 143 1606 
3209 143 566 1606 
3210 566 548 1606 
$EndElements
