NDIME= 2
NELEM= 3556
5 1 214 179 0
5 1 249 214 1
5 1 284 249 2
5 1 319 284 3
5 1 354 319 4
5 1 389 354 5
5 1 424 389 6
5 1 459 424 7
5 1 494 459 8
5 1 529 494 9
5 458 2624 2682 10
5 2127 2147 2149 11
5 2149 2147 2150 12
5 2431 2430 2436 13
5 2390 2207 2593 14
5 2679 2678 2681 15
5 2382 119 2383 16
5 2380 2234 2705 17
5 2047 2596 2656 18
5 2101 2356 2357 19
5 2439 2055 2653 20
5 2429 2325 2430 21
5 2337 2072 2620 22
5 2383 119 2668 23
5 2266 2269 2464 24
5 2497 2591 2602 25
5 2340 2078 2636 26
5 2193 2194 2754 27
5 2264 2301 2302 28
5 2534 2446 2583 29
5 2367 2058 2660 30
5 2331 2363 2703 31
5 2362 1088 2757 32
5 2234 2272 2705 33
5 2274 2266 2464 34
5 2405 2403 2415 35
5 2678 2680 2681 36
5 2596 2213 2656 37
5 2098 2096 2635 38
5 2232 2233 2234 39
5 2370 2258 2560 40
5 2319 2429 2437 41
5 2399 2076 2440 42
5 2101 2097 2356 43
5 2446 2449 2533 44
5 2304 2671 2769 45
5 2331 2349 2363 46
5 2150 2157 2330 47
5 2054 1053 2362 48
5 2591 2497 2747 49
5 2412 2067 2525 50
5 2264 2302 2769 51
5 2360 2648 2760 52
5 2072 2337 2606 53
5 2058 106 2660 54
5 2291 2370 2560 55
5 2264 2303 2672 56
5 2448 2534 2572 57
5 2430 2432 2433 58
5 1053 1088 2362 59
5 2067 2412 2580 60
5 2178 2090 2382 61
5 2287 2595 2663 62
5 2150 2330 2686 63
5 2076 2399 2740 64
5 2439 2653 2654 65
5 2596 2047 2687 66
5 2061 2390 2593 67
5 2338 2093 2339 68
5 2088 2051 2089 69
5 2078 114 2636 70
5 2358 2356 2734 71
5 2646 2365 2674 72
5 2127 2145 2147 73
5 2287 2465 2595 74
5 2575 178 2784 75
5 2344 2193 2754 76
5 2422 2421 2539 77
5 2264 2241 2301 78
5 2403 2077 2415 79
5 2351 1613 2622 80
5 2562 2363 2714 81
5 2117 2126 2127 82
5 2060 2637 2665 83
5 2091 2093 2338 84
5 2615 2486 2700 85
5 2234 2233 2272 86
5 2343 2193 2758 87
5 2426 2615 2700 88
5 2448 2572 2573 89
5 2154 2152 2163 90
5 2375 2054 2387 91
5 2090 2051 2382 92
5 2551 2334 2719 93
5 2118 2120 2479 94
5 2152 2150 2686 95
5 2591 2508 2602 96
5 2637 2333 2665 97
5 2279 2368 2753 98
5 2310 2308 2473 99
5 2243 2241 2264 100
5 2040 2551 2719 101
5 2150 2147 2157 102
5 2207 2390 2586 103
5 2303 2264 2769 104
5 2241 2239 2301 105
5 2539 2421 2710 106
5 2330 2331 2703 107
5 2294 2459 2460 108
5 2308 2319 2473 109
5 2151 2150 2152 110
5 2060 2341 2637 111
5 1578 2048 2468 112
5 2089 2090 2091 113
5 2050 2483 2604 114
5 2341 2060 2619 115
5 2055 2439 2696 116
5 2200 2469 2526 117
5 2230 2228 2387 118
5 2072 76 2620 119
5 2525 2067 2529 120
5 2452 2082 2581 121
5 2045 2451 2515 122
5 2469 2386 2526 123
5 2135 2587 2635 124
5 2609 2495 2692 125
5 2117 2127 2376 126
5 2230 2387 2767 127
5 2157 2147 2549 128
5 2232 2230 2233 129
5 2332 2157 2549 130
5 2149 2150 2151 131
5 2363 2349 2714 132
5 2450 2082 2452 133
5 318 2682 2693 134
5 2580 2412 2607 135
5 2261 2544 2546 136
5 2193 2344 2758 137
5 2355 2774 2775 138
5 2430 2325 2432 139
5 117 2051 2088 140
5 2356 2103 2734 141
5 2109 2117 2648 142
5 2412 2413 2607 143
5 2109 2116 2117 144
5 2099 2103 2356 145
5 2235 2234 2236 146
5 2065 2391 2649 147
5 2449 2129 2533 148
5 2236 2234 2380 149
5 2400 2525 2529 150
5 2454 2068 2561 151
5 2477 2162 2478 152
5 2648 2376 2760 153
5 2584 2182 2727 154
5 2400 2063 2457 155
5 2096 2167 2635 156
5 2387 2054 2752 157
5 105 2058 2377 158
5 2391 2211 2649 159
5 2326 2437 2438 160
5 2418 2035 2421 161
5 2120 2162 2479 162
5 2176 2609 2692 163
5 2357 2358 2360 164
5 2080 2472 2579 165
5 2089 2051 2090 166
5 2302 2304 2769 167
5 2231 2230 2232 168
5 2561 2068 2770 169
5 2396 2400 2457 170
5 2213 2182 2584 171
5 2304 2302 2748 172
5 2082 2450 2535 173
5 2162 2477 2479 174
5 2301 2239 2761 175
5 2384 2167 2618 176
5 2354 2352 2714 177
5 2170 2203 2336 178
5 2386 2076 2526 179
5 2585 2135 2635 180
5 2375 2341 2536 181
5 2556 2442 2738 182
5 103 2050 2604 183
5 2360 2358 2648 184
5 2079 2708 2718 185
5 2416 2035 2418 186
5 2232 2234 2235 187
5 2430 2433 2436 188
5 2061 2088 2390 189
5 2170 2336 2779 190
5 2671 2304 2673 191
5 2114 2091 2338 192
5 2366 2279 2753 193
5 2193 2164 2764 194
5 2441 2203 2442 195
5 2708 2379 2718 196
5 2095 2097 2101 197
5 2381 2338 2520 198
5 2163 2152 2686 199
5 2325 2319 2780 200
5 2339 2359 2698 201
5 2542 2503 2605 202
5 2331 2348 2349 203
5 2459 2294 2763 204
5 2059 2413 2538 205
5 2450 2451 2535 206
5 2464 2269 2595 207
5 2091 2092 2093 208
5 2305 2264 2672 209
5 2054 2362 2752 210
5 2398 2396 2457 211
5 2274 2464 2608 212
5 2397 2394 2401 213
5 2089 2091 2114 214
5 2381 2520 2657 215
5 2569 2572 2777 216
5 2101 2357 2359 217
5 2368 2279 2544 218
5 2243 2264 2305 219
5 2239 2236 2380 220
5 2097 2099 2356 221
5 2575 2343 2576 222
5 2330 2157 2331 223
5 2339 2093 2789 224
5 2449 2446 2534 225
5 2515 2451 2516 226
5 2443 2398 2457 227
5 2167 2384 2722 228
5 2319 2437 2473 229
5 2388 79 2632 230
5 2091 2090 2092 231
5 2631 2256 2716 232
5 2587 2098 2635 233
5 2201 2556 2738 234
5 2347 2231 2688 235
5 67 2076 2386 236
5 2455 2084 2565 237
5 2374 2056 2484 238
5 2413 2406 2538 239
5 2405 2415 2733 240
5 2083 2393 2394 241
5 2357 2356 2358 242
5 2194 2193 2764 243
5 2178 2382 2383 244
5 2395 2399 2440 245
5 2394 2393 2401 246
5 2397 2401 2402 247
5 2056 2374 2592 248
5 2472 2080 2724 249
5 2319 2307 2780 250
5 2544 2277 2546 251
5 2478 2162 2480 252
5 2089 2114 2390 253
5 2083 2395 2440 254
5 598 1613 2350 255
5 2564 2256 2631 256
5 2671 2303 2769 257
5 2099 2102 2103 258
5 2229 2228 2230 259
5 2343 2575 2784 260
5 2088 2089 2390 261
5 2359 2339 2789 262
5 2118 2479 2548 263
5 2369 2303 2671 264
5 2087 2506 2582 265
5 2164 2163 2764 266
5 2076 68 2440 267
5 2522 2072 2606 268
5 2574 2575 2576 269
5 2377 2058 2707 270
5 2084 2455 2755 271
5 2085 2472 2484 272
5 2296 2294 2460 273
5 2452 2086 2518 274
5 100 2034 2414 275
5 2261 2543 2544 276
5 2061 116 2088 277
5 2195 2193 2343 278
5 2117 2116 2126 279
5 2189 2196 2381 280
5 2093 2095 2789 281
5 2103 2108 2109 282
5 2054 2375 2536 283
5 2472 2374 2484 284
5 2302 2301 2327 285
5 2274 2454 2561 286
5 2050 104 2377 287
5 2451 2045 2535 288
5 2332 2549 2629 289
5 2355 2773 2774 290
5 2258 2370 2746 291
5 2079 112 2392 292
5 2083 70 2393 293
5 1613 1648 2622 294
5 2402 2412 2525 295
5 2464 2463 2608 296
5 73 2074 2415 297
5 2063 2400 2529 298
5 2675 2434 2712 299
5 2483 2050 2713 300
5 2522 2409 2623 301
5 2395 2394 2396 302
5 2326 2438 2439 303
5 109 2075 2427 304
5 2074 74 2428 305
5 2401 2077 2403 306
5 2316 2313 2326 307
5 2272 2284 2361 308
5 2531 2425 2650 309
5 2370 2371 2372 310
5 2093 2094 2095 311
5 2053 66 2386 312
5 2199 2514 2516 313
5 2226 2341 2375 314
5 2172 2542 2605 315
5 2051 118 2382 316
5 2470 2300 2639 317
5 2083 2394 2395 318
5 2621 2253 2661 319
5 2078 2340 2715 320
5 2396 2397 2400 321
5 115 116 2061 322
5 65 66 2053 323
5 117 118 2051 324
5 2228 2226 2375 325
5 103 104 2050 326
5 2086 2452 2581 327
5 2168 2170 2779 328
5 2101 2359 2789 329
5 2202 2177 2516 330
5 2178 2383 2384 331
5 2228 2375 2387 332
5 2617 2563 2649 333
5 2444 2291 2560 334
5 2454 2274 2608 335
5 2404 2406 2413 336
5 2114 2338 2381 337
5 2402 2404 2412 338
5 2154 2163 2164 339
5 2103 2102 2108 340
5 80 81 2036 341
5 2395 2396 2398 342
5 2505 2039 2545 343
5 62 63 2037 344
5 2227 2226 2228 345
5 2326 2313 2473 346
5 77 78 2052 347
5 105 106 2058 348
5 2393 2077 2401 349
5 2408 2411 2538 350
5 2572 2534 2777 351
5 2408 2410 2411 352
5 2350 1613 2351 353
5 2231 2232 2688 354
5 2222 2220 2333 355
5 2436 2435 2624 356
5 2410 2625 2654 357
5 2226 2224 2341 358
5 2514 2515 2516 359
5 79 80 2632 360
5 2412 2404 2413 361
5 2257 2265 2444 362
5 2238 2236 2239 363
5 2313 2310 2473 364
5 2594 2148 2777 365
5 2425 2531 2547 366
5 2189 2381 2657 367
5 2122 2124 2480 368
5 2435 2434 2678 369
5 2536 2341 2619 370
5 2127 2126 2145 371
5 2372 2371 2389 372
5 2389 2285 2702 373
5 2396 2394 2397 374
5 102 2604 2610 375
5 2443 2442 2556 376
5 2306 2305 2778 377
5 2162 2122 2480 378
5 100 101 2034 379
5 1963 1998 2577 380
5 120 121 2035 381
5 2338 2339 2520 382
5 633 2563 2687 383
5 2053 2386 2469 384
5 61 2385 2551 385
5 2053 2470 2639 386
5 2421 2035 2710 387
5 2254 2257 2444 388
5 2582 2506 2781 389
5 2604 2373 2610 390
5 62 2037 2385 391
5 2300 2470 2590 392
5 2214 2211 2391 393
5 2336 2203 2468 394
5 2365 2646 2676 395
5 113 2078 2392 396
5 2204 2563 2617 397
5 116 117 2088 398
5 71 2077 2393 399
5 2275 2290 2291 400
5 2077 72 2415 401
5 2349 2354 2714 402
5 2441 1578 2468 403
5 2073 108 2427 404
5 75 2072 2428 405
5 2291 2292 2370 406
5 104 105 2377 407
5 2068 99 2414 408
5 2320 2621 2661 409
5 2646 2645 2677 410
5 2177 2199 2516 411
5 2379 2075 2718 412
5 2170 2174 2203 413
5 2411 2537 2538 414
5 598 2350 2354 415
5 2451 2202 2516 416
5 2461 2462 2465 417
5 113 114 2078 418
5 69 70 2083 419
5 111 112 2079 420
5 71 72 2077 421
5 67 68 2076 422
5 633 668 2563 423
5 2470 2685 2756 424
5 2481 2505 2545 425
5 118 119 2382 426
5 73 74 2074 427
5 109 110 2075 428
5 2470 2469 2685 429
5 2453 2068 2454 430
5 2437 2326 2473 431
5 2184 2182 2213 432
5 107 108 2073 433
5 75 76 2072 434
5 2359 2357 2612 435
5 2370 2292 2371 436
5 2227 2228 2229 437
5 2302 2327 2328 438
5 98 2068 2453 439
5 2402 2403 2404 440
5 2229 2230 2231 441
5 2397 2402 2525 442
5 2109 2648 2734 443
5 2390 2114 2586 444
5 69 2083 2440 445
5 2272 2361 2603 446
5 2408 2409 2410 447
5 2046 2461 2465 448
5 2043 2429 2431 449
5 2265 2275 2444 450
5 66 67 2386 451
5 2093 2092 2094 452
5 1648 1683 2129 453
5 2045 2515 2517 454
5 2062 1543 2441 455
5 2275 2291 2444 456
5 94 2084 2466 457
5 99 100 2414 458
5 2534 2583 2777 459
5 2345 1963 2577 460
5 2404 2405 2406 461
5 2222 2333 2637 462
5 2053 2469 2470 463
5 2341 2224 2637 464
5 2291 2290 2292 465
5 2406 2407 2408 466
5 2240 2239 2241 467
5 2428 2522 2623 468
5 2456 2443 2457 469
5 2462 2463 2464 470
5 2625 2318 2654 471
5 112 113 2392 472
5 70 71 2393 473
5 72 73 2415 474
5 108 109 2427 475
5 74 75 2428 476
5 2513 2512 2514 477
5 2461 2069 2462 478
5 2709 2475 2719 479
5 2474 2040 2475 480
5 98 99 2068 481
5 2472 2085 2579 482
5 2426 2424 2615 483
5 2428 2072 2522 484
5 2039 2482 2545 485
5 2427 2075 2720 486
5 2307 2306 2778 487
5 2046 91 2461 488
5 1543 1578 2441 489
5 2039 57 2482 490
5 2490 2042 2511 491
5 2062 2441 2442 492
5 68 69 2440 493
5 2511 2512 2513 494
5 2425 2426 2650 495
5 93 94 2466 496
5 2478 2480 2481 497
5 2095 2096 2097 498
5 2452 2518 2701 499
5 2462 2069 2463 500
5 2491 2490 2511 501
5 2151 2152 2153 502
5 2221 2220 2222 503
5 2474 2475 2476 504
5 2219 2218 2220 505
5 2515 2512 2517 506
5 2223 2222 2224 507
5 2476 2475 2477 508
5 2225 2224 2226 509
5 2275 2288 2290 510
5 2555 2566 2743 511
5 2153 2152 2154 512
5 2402 2401 2403 513
5 2217 2216 2218 514
5 2398 2443 2556 515
5 97 98 2453 516
5 2278 2277 2279 517
5 2458 2130 2459 518
5 2721 2216 2762 519
5 2462 2464 2595 520
5 57 58 2482 521
5 2486 2487 2488 522
5 2080 89 2471 523
5 92 2069 2461 524
5 2448 2447 2742 525
5 2615 2424 2749 526
5 2642 2044 2644 527
5 90 91 2046 528
5 2042 2490 2527 529
5 59 2040 2474 530
5 2504 2039 2505 531
5 2491 2511 2513 532
5 2485 2071 2486 533
5 2235 2236 2237 534
5 90 2046 2471 535
5 2215 2214 2216 536
5 56 2039 2504 537
5 2503 2505 2605 538
5 2265 2273 2275 539
5 2486 2071 2487 540
5 92 93 2069 541
5 2056 84 2484 542
5 61 62 2385 543
5 2267 2260 2277 544
5 2453 2454 2455 545
5 91 92 2461 546
5 2357 2360 2612 547
5 59 60 2040 548
5 2624 2435 2679 549
5 2283 2279 2366 550
5 2400 2397 2525 551
5 127 2042 2527 552
5 2514 2512 2515 553
5 2717 2171 2747 554
5 83 84 2056 555
5 2252 2261 2546 556
5 2245 2243 2305 557
5 2500 2502 2503 558
5 55 56 2504 559
5 58 59 2474 560
5 2480 2124 2554 561
5 2279 2277 2544 562
5 2499 2500 2501 563
5 2513 2514 2600 564
5 2499 2038 2500 565
5 2203 2441 2468 566
5 85 2085 2484 567
5 2349 2348 2355 568
5 2488 2487 2489 569
5 2495 2498 2499 570
5 84 85 2484 571
5 2498 2038 2499 572
5 54 55 2502 573
5 2511 2510 2512 574
5 2042 2510 2511 575
5 89 90 2471 576
5 2503 2504 2505 577
5 53 2038 2498 578
5 2487 2071 2527 579
5 130 2045 2517 580
5 2490 2487 2527 581
5 2494 2493 2496 582
5 2493 2492 2495 583
5 2500 2038 2502 584
5 88 89 2080 585
5 94 95 2084 586
5 2468 2048 2739 587
5 2057 2492 2493 588
5 2506 2087 2519 589
5 2041 124 2485 590
5 52 53 2498 591
5 2049 2507 2508 592
5 129 130 2517 593
5 2057 2494 2519 594
5 2476 2477 2478 595
5 2414 2034 2723 596
5 2496 2717 2747 597
5 2503 2502 2504 598
5 2057 2493 2494 599
5 2502 55 2504 600
5 123 124 2041 601
5 2406 2408 2538 602
5 2494 2506 2519 603
5 2494 2496 2497 604
5 51 52 2492 605
5 2057 51 2492 606
5 125 2071 2485 607
5 85 86 2085 608
5 2106 2110 2557 609
5 2277 2260 2546 610
5 124 125 2485 611
5 125 126 2071 612
5 2038 54 2502 613
5 139 2049 2509 614
5 141 2081 2507 615
5 139 140 2049 616
5 132 133 2082 617
5 50 51 2057 618
5 2049 140 2507 619
5 2042 128 2510 620
5 127 128 2042 621
5 140 141 2507 622
5 130 131 2045 623
5 128 129 2510 624
5 141 142 2081 625
5 48 49 2087 626
5 138 139 2509 627
5 135 136 2086 628
5 53 54 2038 629
5 56 57 2039 630
5 136 137 2518 631
5 137 138 2070 632
5 2086 136 2518 633
5 2070 138 2509 634
5 137 2070 2518 635
5 50 2057 2519 636
5 2087 49 2519 637
5 2492 52 2498 638
5 2495 2492 2498 639
5 49 50 2519 640
5 2177 2159 2199 641
5 2058 2367 2684 642
5 2494 2497 2506 643
5 2450 2202 2451 644
5 2512 2510 2517 645
5 2510 129 2517 646
5 2199 2159 2521 647
5 2109 2115 2116 648
5 2205 2450 2452 649
5 2205 2202 2450 650
5 2216 2214 2762 651
5 2069 93 2466 652
5 2158 2141 2159 653
5 2438 1123 2696 654
5 2175 2198 2206 655
5 126 127 2527 656
5 2198 2202 2205 657
5 2187 2626 2638 658
5 2198 2177 2202 659
5 2040 60 2551 660
5 2395 2398 2399 661
5 123 2041 2539 662
5 2175 2159 2177 663
5 2143 2141 2158 664
5 2143 2158 2171 665
5 2158 2159 2175 666
5 2175 2177 2198 667
5 2130 2106 2557 668
5 2104 2130 2458 669
5 2140 2139 2141 670
5 2399 2398 2556 671
5 2141 2139 2521 672
5 2198 2205 2523 673
5 2206 2198 2523 674
5 2526 2076 2740 675
5 2140 2141 2143 676
5 2139 2137 2144 677
5 2171 2158 2524 678
5 2158 2175 2524 679
5 2140 2143 2176 680
5 2175 2206 2524 681
5 2159 2141 2521 682
5 2285 2389 2713 683
5 2139 2144 2521 684
5 2138 2139 2140 685
5 58 2474 2482 686
5 2489 2490 2491 687
5 79 2388 2706 688
5 2138 2137 2139 689
5 2164 2193 2195 690
5 2408 2407 2409 691
5 2071 126 2527 692
5 2471 2550 2724 693
5 2123 2161 2532 694
5 2132 2125 2160 695
5 2481 2480 2554 696
5 2125 2123 2532 697
5 2413 2059 2607 698
5 2489 2487 2490 699
5 2121 2119 2531 700
5 2064 2391 2725 701
5 2136 2137 2138 702
5 2500 2503 2542 703
5 2523 2070 2759 704
5 2611 2188 2612 705
5 2333 2220 2633 706
5 2136 2132 2137 707
5 2131 2136 2172 708
5 132 2082 2535 709
5 2045 131 2535 710
5 1473 1508 2456 711
5 2144 2137 2530 712
5 2132 2160 2530 713
5 2131 2132 2136 714
5 2404 2403 2405 715
5 2255 2252 2546 716
5 2406 2405 2407 717
5 2035 121 2710 718
5 2137 2132 2530 719
5 2131 2125 2132 720
5 2474 2476 2482 721
5 2463 2069 2466 722
5 2319 2325 2429 723
5 2095 2101 2789 724
5 2212 2211 2214 725
5 2124 2125 2131 726
5 2275 2273 2288 727
5 2123 2121 2161 728
5 2369 2307 2672 729
5 2107 2135 2566 730
5 2160 2125 2532 731
5 2434 2435 2712 732
5 2161 2121 2531 733
5 2124 2123 2125 734
5 2513 2600 2614 735
5 2419 2555 2743 736
5 2267 2277 2278 737
5 2245 2306 2567 738
5 131 132 2535 739
5 2514 2199 2600 740
5 2306 2309 2567 741
5 2384 2416 2417 742
5 2491 2513 2614 743
5 2555 2134 2566 744
5 2122 2123 2124 745
5 2113 2134 2547 746
5 2453 2455 2565 747
5 2278 2279 2283 748
5 2225 2226 2227 749
5 2420 2422 2423 750
5 2119 2113 2547 751
5 2120 2122 2162 752
5 2391 2065 2725 753
5 2124 2131 2554 754
5 2423 2424 2425 755
5 1403 1438 2529 756
5 111 2079 2718 757
5 2062 2443 2456 758
5 2308 2307 2319 759
5 2259 2255 2260 760
5 2563 2065 2649 761
5 2509 2049 2559 762
5 2122 2121 2123 763
5 2075 110 2718 764
5 2501 2500 2542 765
5 2425 2424 2426 766
5 2221 2222 2223 767
5 2381 2196 2586 768
5 2223 2224 2225 769
5 2219 2220 2221 770
5 2520 2339 2698 771
5 2097 2098 2099 772
5 2242 2244 2601 773
5 2120 2121 2122 774
5 2217 2218 2219 775
5 122 123 2539 776
5 2303 2369 2672 777
5 2684 2347 2707 778
5 96 97 2565 779
5 2372 2389 2564 780
5 2384 2383 2416 781
5 2257 2263 2265 782
5 101 102 2610 783
5 2289 2374 2472 784
5 2272 2233 2284 785
5 2231 2347 2684 786
5 2265 2266 2273 787
5 2058 2684 2707 788
5 87 88 2579 789
5 2415 2074 2733 790
5 2120 2119 2121 791
5 133 134 2581 792
5 142 143 2582 793
5 2215 2216 2217 794
5 2110 2112 2142 795
5 1508 2062 2456 796
5 2482 2476 2545 797
5 2293 2179 2294 798
5 2280 2281 2287 799
5 2531 2119 2547 800
5 2281 2268 2282 801
5 119 120 2668 802
5 2068 2414 2770 803
5 2266 2263 2269 804
5 2118 2119 2120 805
5 2262 2268 2280 806
5 2249 2251 2258 807
5 2113 2111 2134 808
5 76 77 2620 809
5 114 115 2636 810
5 2322 2368 2543 811
5 2478 2481 2545 812
5 2252 2250 2261 813
5 2262 2260 2267 814
5 2239 2380 2761 815
5 2111 2107 2566 816
5 2491 2614 2627 817
5 2476 2478 2545 818
5 668 703 2065 819
5 2245 2305 2306 820
5 2055 2628 2653 821
5 64 65 2639 822
5 2146 2126 2616 823
5 2273 2266 2274 824
5 2095 2094 2096 825
5 2388 2324 2541 826
5 2289 2282 2374 827
5 2485 2486 2615 828
5 2420 2423 2555 829
5 2423 2422 2424 830
5 2508 2507 2602 831
5 2477 2475 2709 832
5 2118 2113 2119 833
5 2259 2260 2262 834
5 2257 2255 2259 835
5 2249 2258 2540 836
5 2265 2263 2266 837
5 2489 2491 2627 838
5 2550 2471 2699 839
5 983 1018 2536 840
5 2281 2282 2289 841
5 2334 2298 2335 842
5 2199 2521 2600 843
5 1158 1193 2055 844
5 1018 1053 2054 845
5 1228 1263 2537 846
5 2280 2268 2281 847
5 2282 2558 2592 848
5 2417 2418 2419 849
5 106 107 2660 850
5 60 61 2551 851
5 2262 2267 2268 852
5 2442 2203 2738 853
5 2131 2172 2554 854
5 2257 2259 2263 855
5 2606 2318 2625 856
5 2212 2214 2215 857
5 913 948 2060 858
5 1263 1298 2059 859
5 2107 2105 2135 860
5 2312 2310 2313 861
5 1508 1543 2062 862
5 2256 2564 2702 863
5 2099 2100 2102 864
5 2466 2084 2755 865
5 738 773 2064 866
5 2126 2116 2616 867
5 808 843 2066 868
5 1368 1403 2067 869
5 2371 2292 2373 870
5 2110 2142 2557 871
5 2493 2495 2609 872
5 773 808 2528 873
5 2534 2448 2742 874
5 1438 1473 2063 875
5 2035 2416 2668 876
5 2247 2249 2540 877
5 2260 2255 2546 878
5 2306 2307 2308 879
5 2050 2377 2689 880
5 1123 1158 2696 881
5 2420 2421 2422 882
5 2104 2106 2130 883
5 2321 2314 2553 884
5 2112 2113 2118 885
5 2049 2508 2559 886
5 63 64 2735 887
5 2109 2108 2115 888
5 2297 2296 2298 889
5 2370 2372 2746 890
5 2036 81 2736 891
5 2541 2324 2553 892
5 2278 2283 2286 893
5 2558 2286 2592 894
5 97 2453 2565 895
5 1333 1368 2580 896
5 2302 2328 2748 897
5 2254 2255 2257 898
5 2142 2112 2548 899
5 2589 2333 2633 900
5 2543 2368 2544 901
5 2419 2420 2555 902
5 2286 2283 2378 903
5 2419 2418 2420 904
5 2133 2166 2467 905
5 2092 2090 2178 906
5 2297 2385 2771 907
5 2287 2281 2550 908
5 2210 2209 2211 909
5 2322 2323 2368 910
5 2074 2428 2623 911
5 2250 2248 2598 912
5 2244 2247 2601 913
5 2420 2418 2421 914
5 2282 2268 2558 915
5 2248 2253 2598 916
5 2389 2371 2483 917
5 2237 2236 2238 918
5 2489 2627 2647 919
5 2465 2462 2595 920
5 2273 2274 2561 921
5 2191 2299 2300 922
5 2364 2642 2646 923
5 2242 2241 2243 924
5 2320 2321 2322 925
5 2447 2445 2742 926
5 2295 2294 2296 927
5 2052 2541 2711 928
5 2080 2471 2724 929
5 2254 2252 2255 930
5 2063 1473 2456 931
5 2281 2289 2550 932
5 2392 2078 2697 933
5 2288 2273 2561 934
5 2297 2298 2334 935
5 1998 2033 2128 936
5 2194 2578 2754 937
5 2112 2118 2548 938
5 2112 2111 2113 939
5 2322 2321 2323 940
5 2432 2325 2666 941
5 2417 2419 2585 942
5 2079 2392 2640 943
5 2269 2263 2552 944
5 2488 2489 2647 945
5 1438 2063 2529 946
5 2259 2262 2552 947
5 2522 2606 2625 948
5 2562 2578 2787 949
5 2263 2259 2552 950
5 2208 2197 2209 951
5 2695 2256 2702 952
5 2128 2574 2577 953
5 2262 2280 2552 954
5 2376 2127 2785 955
5 88 2080 2579 956
5 2295 2296 2297 957
5 2067 1403 2529 958
5 2258 2251 2560 959
5 64 2658 2735 960
5 2641 2044 2788 961
5 2320 2322 2621 962
5 2323 2321 2324 963
5 2082 133 2581 964
5 2081 142 2582 965
5 2267 2278 2558 966
5 2268 2267 2558 967
5 2254 2444 2560 968
5 2070 2509 2759 969
5 2391 2064 2762 970
5 843 878 2589 971
5 80 2036 2632 972
5 2197 2190 2617 973
5 2147 2145 2549 974
5 2110 2111 2112 975
5 2481 2554 2605 976
5 2670 2366 2768 977
5 2293 2294 2295 978
5 2191 2179 2293 979
5 2323 2324 2342 980
5 2108 2102 2458 981
5 2335 2709 2719 982
5 2210 2211 2212 983
5 2064 773 2528 984
5 2034 101 2610 985
5 2417 2416 2418 986
5 2434 2675 2676 987
5 2178 2384 2618 988
5 2172 2136 2634 989
5 2488 2647 2655 990
5 1018 2054 2536 991
5 2070 2523 2701 992
5 808 2066 2528 993
5 2348 2629 2773 994
5 2219 2221 2379 995
5 1263 2059 2537 996
5 2171 2524 2591 997
5 2102 2100 2104 998
5 2134 2111 2566 999
5 2097 2096 2098 1000
5 2110 2107 2111 1001
5 2460 2130 2557 1002
5 2251 2252 2254 1003
5 2720 2075 2741 1004
5 2543 2261 2598 1005
5 2218 2216 2690 1006
5 2459 2130 2460 1007
5 2075 2379 2741 1008
5 2063 2456 2457 1009
5 2135 2105 2587 1010
5 2104 2100 2105 1011
5 2520 2187 2657 1012
5 2315 2317 2329 1013
5 2140 2176 2659 1014
5 1368 2067 2580 1015
5 2278 2286 2558 1016
5 2735 2299 2765 1017
5 2320 2314 2321 1018
5 2114 2381 2586 1019
5 2495 2499 2692 1020
5 2501 2542 2634 1021
5 2062 2442 2443 1022
5 2359 2612 2626 1023
5 2458 2459 2630 1024
5 83 2056 2776 1025
5 2253 2567 2661 1026
5 2557 2142 2613 1027
5 102 103 2604 1028
5 2542 2172 2634 1029
5 2190 2204 2617 1030
5 2211 2209 2649 1031
5 2106 2107 2110 1032
5 1298 1333 2607 1033
5 2251 2250 2252 1034
5 2317 2316 2318 1035
5 2371 2373 2483 1036
5 2521 2144 2600 1037
5 77 2052 2620 1038
5 2184 2213 2596 1039
5 2613 2142 2652 1040
5 668 2065 2563 1041
5 2106 2105 2107 1042
5 2103 2109 2734 1043
5 2360 2611 2612 1044
5 2191 2300 2590 1045
5 2507 2081 2602 1046
5 2324 2321 2553 1047
5 2133 2467 2616 1048
5 2104 2105 2106 1049
5 122 2539 2710 1050
5 2099 2098 2100 1051
5 2551 2385 2772 1052
5 2501 2634 2659 1053
5 2102 2104 2458 1054
5 2066 843 2589 1055
5 2486 2488 2700 1056
5 2205 2452 2701 1057
5 2248 2246 2253 1058
5 2505 2481 2605 1059
5 2249 2250 2251 1060
5 2261 2250 2598 1061
5 2127 2149 2785 1062
5 2311 2314 2320 1063
5 2233 2230 2767 1064
5 2448 2573 2669 1065
5 2116 2115 2133 1066
5 2315 2313 2316 1067
5 2342 2324 2388 1068
5 2296 2460 2613 1069
5 2191 2293 2299 1070
5 2409 2522 2625 1071
5 2537 2059 2538 1072
5 2374 2282 2592 1073
5 2251 2254 2560 1074
5 95 5 2729 1075
5 5 96 2729 1076
5 2311 2310 2312 1077
5 4 87 2730 1078
5 86 4 2730 1079
5 6 135 2731 1080
5 143 3 2732 1081
5 3 48 2732 1082
5 134 6 2731 1083
5 2416 2383 2668 1084
5 2052 78 2706 1085
5 2059 1298 2607 1086
5 2469 2200 2685 1087
5 2361 2284 2362 1088
5 2176 2143 2717 1089
5 2600 2144 2614 1090
5 2249 2248 2250 1091
5 2247 2540 2601 1092
5 2283 2366 2670 1093
5 2166 2165 2179 1094
5 2244 2246 2247 1095
5 2626 2187 2698 1096
5 2129 1683 2533 1097
5 2455 2454 2608 1098
5 2471 2046 2699 1099
5 2280 2287 2663 1100
5 1333 2580 2607 1101
5 2145 2146 2168 1102
5 65 2053 2639 1103
5 115 2061 2636 1104
5 2166 2179 2191 1105
5 2564 2389 2702 1106
5 2467 2166 2590 1107
5 2496 2493 2609 1108
5 2229 2231 2367 1109
5 2385 2297 2772 1110
5 2475 2040 2719 1111
5 2180 2188 2611 1112
5 2253 2246 2567 1113
5 2244 2243 2245 1114
5 2329 2317 2337 1115
5 2247 2248 2249 1116
5 2554 2172 2605 1117
5 983 2536 2619 1118
5 2628 2411 2653 1119
5 2294 2179 2763 1120
5 2060 948 2619 1121
5 2247 2246 2248 1122
5 2467 2192 2704 1123
5 2365 2667 2673 1124
5 2315 2316 2317 1125
5 2149 2151 2156 1126
5 2483 2373 2604 1127
5 2061 2593 2636 1128
5 2378 2736 2776 1129
5 2100 2098 2587 1130
5 948 983 2619 1131
5 2524 2206 2751 1132
5 2312 2313 2315 1133
5 2208 2209 2210 1134
5 2659 2176 2692 1135
5 2309 2308 2310 1136
5 2208 2210 2340 1137
5 2174 2200 2201 1138
5 2055 1193 2628 1139
5 1228 2537 2628 1140
5 1928 1963 2345 1141
5 2670 2036 2736 1142
5 2144 2530 2614 1143
5 2238 2239 2240 1144
5 2590 2470 2756 1145
5 2041 2485 2615 1146
5 2246 2245 2567 1147
5 64 2639 2658 1148
5 2187 2520 2698 1149
5 2593 2340 2636 1150
5 2201 2200 2526 1151
5 2311 2312 2314 1152
5 2435 2678 2679 1153
5 2065 703 2725 1154
5 2445 2351 2745 1155
5 2096 2094 2167 1156
5 2685 2192 2756 1157
5 2220 2218 2633 1158
5 2244 2245 2246 1159
5 2318 2316 2737 1160
5 2044 2641 2757 1161
5 2056 2592 2651 1162
5 2145 2168 2549 1163
5 2204 2596 2687 1164
5 2073 2427 2691 1165
5 2207 2197 2208 1166
5 2052 2711 2726 1167
5 2133 2165 2166 1168
5 2439 2438 2696 1169
5 2105 2100 2587 1170
5 2289 2472 2724 1171
5 178 2782 2783 1172
5 2654 2318 2737 1173
5 2224 2222 2637 1174
5 2433 2432 2712 1175
5 2041 2615 2749 1176
5 2056 2651 2776 1177
5 2541 2052 2706 1178
5 2667 2365 2675 1179
5 2174 2173 2200 1180
5 2133 2115 2165 1181
5 2142 2548 2652 1182
5 2465 2287 2699 1183
5 2608 2463 2755 1184
5 2614 2530 2627 1185
5 2168 2169 2170 1186
5 2173 2169 2192 1187
5 1193 1228 2628 1188
5 2611 2156 2694 1189
5 2429 2043 2437 1190
5 2567 2309 2661 1191
5 2612 2188 2626 1192
5 2206 2559 2751 1193
5 2399 2556 2740 1194
5 2170 2173 2174 1195
5 2414 2723 2770 1196
5 2553 2314 2597 1197
5 2346 2343 2784 1198
5 913 2060 2665 1199
5 2298 2296 2613 1200
5 1753 1788 2583 1201
5 2537 2411 2628 1202
5 738 2064 2725 1203
5 2578 2447 2683 1204
5 2410 2409 2625 1205
5 2411 2410 2653 1206
5 2207 2208 2593 1207
5 2530 2160 2627 1208
5 2460 2557 2613 1209
5 2209 2197 2617 1210
5 2678 2645 2680 1211
5 120 2035 2668 1212
5 2043 1123 2438 1213
5 2409 2407 2623 1214
5 2570 2571 2572 1215
5 2372 2564 2631 1216
5 2048 1578 2774 1217
5 2384 2417 2722 1218
5 2192 2467 2756 1219
5 2322 2543 2621 1220
5 2166 2191 2590 1221
5 2196 2197 2207 1222
5 2317 2318 2606 1223
5 2036 2670 2768 1224
5 2598 2253 2621 1225
5 2309 2310 2311 1226
5 2168 2146 2169 1227
5 2609 2176 2717 1228
5 2434 2676 2677 1229
5 2136 2138 2634 1230
5 2183 2185 2187 1231
5 2315 2329 2597 1232
5 2589 878 2665 1233
5 2153 2154 2155 1234
5 2627 2160 2647 1235
5 2181 2155 2182 1236
5 2543 2598 2621 1237
5 2240 2241 2242 1238
5 2506 2497 2781 1239
5 2196 2190 2197 1240
5 2389 2483 2713 1241
5 107 2073 2660 1242
5 2170 2169 2173 1243
5 2563 2204 2687 1244
5 2479 2477 2709 1245
5 2314 2312 2597 1246
5 2145 2126 2146 1247
5 2242 2243 2244 1248
5 2653 2410 2654 1249
5 2037 2735 2765 1250
5 2312 2315 2597 1251
5 2697 2078 2715 1252
5 2081 2582 2781 1253
5 2208 2340 2593 1254
5 1683 1718 2533 1255
5 78 79 2706 1256
5 2037 63 2735 1257
5 2518 2070 2701 1258
5 2183 2182 2184 1259
5 2047 633 2687 1260
5 2373 2292 2664 1261
5 2156 2611 2760 1262
5 2337 2317 2606 1263
5 2736 82 2776 1264
5 2270 2276 2347 1265
5 2309 2311 2661 1266
5 2108 2458 2630 1267
5 2634 2138 2659 1268
5 2690 2216 2721 1269
5 2235 2237 2270 1270
5 2425 2547 2728 1271
5 2323 2342 2753 1272
5 2190 2186 2204 1273
5 2092 2178 2618 1274
5 2160 2532 2647 1275
5 2601 2631 2716 1276
5 2556 2201 2740 1277
5 2196 2207 2586 1278
5 2227 2229 2662 1279
5 2148 2569 2777 1280
5 2647 2532 2655 1281
5 2753 2342 2768 1282
5 2298 2613 2652 1283
5 2180 2181 2188 1284
5 2046 2465 2699 1285
5 2423 2425 2728 1286
5 2116 2133 2616 1287
5 2328 2603 2641 1288
5 2227 2662 2691 1289
5 2066 2589 2633 1290
5 2276 2271 2285 1291
5 2034 2664 2723 1292
5 2094 2092 2618 1293
5 2385 2037 2771 1294
5 2532 2161 2655 1295
5 2330 2703 2766 1296
5 2183 2184 2185 1297
5 2215 2217 2640 1298
5 2044 2643 2644 1299
5 2299 2293 2765 1300
5 2138 2140 2659 1301
5 2354 2349 2355 1302
5 2174 2201 2738 1303
5 2219 2379 2708 1304
5 2161 2531 2650 1305
5 2576 2343 2758 1306
5 2161 2650 2655 1307
5 878 913 2665 1308
5 2335 2298 2652 1309
5 2180 2611 2694 1310
5 2189 2190 2196 1311
5 2365 2673 2674 1312
5 2206 2523 2759 1313
5 2610 2373 2664 1314
5 2292 2290 2664 1315
5 2592 2286 2651 1316
5 2117 2376 2648 1317
5 2050 2689 2713 1318
5 2295 2297 2771 1319
5 2331 2332 2348 1320
5 2153 2155 2180 1321
5 2379 2221 2741 1322
5 2629 2549 2779 1323
5 2204 2186 2596 1324
5 2497 2602 2781 1325
5 2167 2094 2618 1326
5 2180 2155 2181 1327
5 2328 2327 2603 1328
5 1893 1928 2588 1329
5 2269 2552 2663 1330
5 2181 2182 2183 1331
5 2286 2378 2651 1332
5 2270 2237 2271 1333
5 2115 2108 2630 1334
5 2555 2423 2728 1335
5 2422 2539 2749 1336
5 2034 2610 2664 1337
5 2331 2157 2332 1338
5 2270 2271 2276 1339
5 2364 2328 2641 1340
5 2342 2388 2632 1341
5 2129 2449 2745 1342
5 2595 2269 2663 1343
5 2499 2501 2692 1344
5 2316 2326 2737 1345
5 2378 2283 2670 1346
5 2455 2608 2755 1347
5 2182 2155 2727 1348
5 2311 2320 2661 1349
5 2629 2739 2773 1350
5 2134 2555 2728 1351
5 2189 2186 2190 1352
5 2185 2184 2186 1353
5 2553 2597 2711 1354
5 2664 2290 2723 1355
5 2645 2644 2680 1356
5 2333 2589 2665 1357
5 2467 2590 2756 1358
5 2496 2609 2717 1359
5 2523 2205 2701 1360
5 2372 2631 2746 1361
5 1823 1858 2148 1362
5 1858 1893 2568 1363
5 2214 2391 2762 1364
5 2183 2187 2638 1365
5 2066 2633 2690 1366
5 2353 2351 2445 1367
5 2200 2173 2685 1368
5 2363 2562 2787 1369
5 2501 2659 2692 1370
5 2336 2468 2739 1371
5 2572 2571 2573 1372
5 2345 2570 2588 1373
5 2601 2540 2631 1374
5 2559 2206 2759 1375
5 121 122 2710 1376
5 2630 2459 2763 1377
5 2597 2329 2711 1378
5 96 2565 2729 1379
5 2192 2169 2704 1380
5 2552 2280 2663 1381
5 2185 2186 2189 1382
5 2655 2650 2700 1383
5 87 2579 2730 1384
5 110 111 2718 1385
5 2581 134 2731 1386
5 2582 143 2732 1387
5 2165 2115 2630 1388
5 2171 2591 2747 1389
5 2562 2447 2578 1390
5 2306 2308 2309 1391
5 2238 2240 2256 1392
5 2623 2407 2733 1393
5 2229 2367 2662 1394
5 2539 2041 2749 1395
5 2340 2210 2715 1396
5 2424 2422 2749 1397
5 1088 2044 2757 1398
5 2300 2299 2658 1399
5 2364 2646 2674 1400
5 2641 2361 2757 1401
5 2143 2171 2717 1402
5 2225 2227 2691 1403
5 2417 2585 2722 1404
5 81 82 2736 1405
5 2290 2288 2723 1406
5 1158 2055 2696 1407
5 2434 2677 2678 1408
5 2773 2048 2774 1409
5 2616 2467 2704 1410
5 2215 2640 2697 1411
5 2287 2550 2699 1412
5 2656 2346 2744 1413
5 2195 2343 2346 1414
5 2084 95 2729 1415
5 2439 2654 2737 1416
5 2212 2215 2697 1417
5 2085 86 2730 1418
5 2432 2666 2667 1419
5 48 2087 2732 1420
5 135 2086 2731 1421
5 2388 2541 2706 1422
5 2689 2285 2713 1423
5 703 738 2725 1424
5 2633 2218 2690 1425
5 2242 2601 2716 1426
5 2528 2066 2690 1427
5 2640 2217 2708 1428
5 2307 2369 2780 1429
5 2437 2043 2438 1430
5 2334 2551 2772 1431
5 2691 2427 2720 1432
5 2154 2164 2727 1433
5 2346 2656 2750 1434
5 2548 2479 2786 1435
5 2547 2134 2728 1436
5 2666 2325 2780 1437
5 1718 1753 2446 1438
5 2497 2496 2747 1439
5 2217 2219 2708 1440
5 633 2047 2599 1441
5 2662 2073 2691 1442
5 2509 2559 2759 1443
5 2334 2335 2719 1444
5 82 83 2776 1445
5 2213 2584 2750 1446
5 2367 2231 2684 1447
5 2203 2174 2738 1448
5 2463 2466 2755 1449
5 2541 2553 2711 1450
5 2631 2540 2746 1451
5 2173 2192 2685 1452
5 2686 2330 2766 1453
5 2186 2184 2596 1454
5 2223 2225 2720 1455
5 1998 2128 2577 1456
5 2210 2212 2715 1457
5 2367 2660 2662 1458
5 2361 2362 2757 1459
5 2209 2617 2649 1460
5 2603 2361 2641 1461
5 2272 2603 2705 1462
5 2566 2135 2743 1463
5 2574 2128 2575 1464
5 2188 2181 2638 1465
5 2565 2084 2729 1466
5 2528 2690 2721 1467
5 2285 2271 2702 1468
5 2447 2448 2683 1469
5 2579 2085 2730 1470
5 2187 2185 2657 1471
5 2064 2528 2721 1472
5 2086 2581 2731 1473
5 2087 2582 2732 1474
5 2270 2347 2688 1475
5 2407 2405 2733 1476
5 1788 1823 2594 1477
5 2225 2691 2720 1478
5 2576 2344 2669 1479
5 2276 2285 2689 1480
5 2165 2630 2763 1481
5 2366 2753 2768 1482
5 2212 2697 2715 1483
5 2550 2289 2724 1484
5 2574 2571 2577 1485
5 2723 2288 2770 1486
5 2074 2623 2733 1487
5 2328 2364 2748 1488
5 2337 2620 2726 1489
5 2135 2585 2743 1490
5 2156 2151 2694 1491
5 2352 2351 2353 1492
5 2181 2183 2638 1493
5 2585 2419 2743 1494
5 2433 2435 2436 1495
5 2559 2508 2751 1496
5 2640 2392 2697 1497
5 2342 2632 2768 1498
5 2194 2764 2766 1499
5 2221 2223 2741 1500
5 2626 2188 2638 1501
5 2044 1088 2643 1502
5 2639 2300 2658 1503
5 1928 2345 2588 1504
5 2329 2337 2726 1505
5 2232 2235 2688 1506
5 2642 2644 2645 1507
5 2179 2165 2763 1508
5 2368 2323 2753 1509
5 2354 2355 2775 1510
5 2585 2635 2722 1511
5 2540 2258 2746 1512
5 2185 2189 2657 1513
5 2429 2430 2431 1514
5 2667 2671 2673 1515
5 2223 2720 2741 1516
5 2079 2640 2708 1517
5 2675 2365 2676 1518
5 2642 2645 2646 1519
5 2620 2052 2726 1520
5 2297 2334 2772 1521
5 2359 2626 2698 1522
5 2635 2167 2722 1523
5 2151 2153 2694 1524
5 2164 2195 2584 1525
5 2293 2295 2765 1526
5 2288 2561 2770 1527
5 2508 2591 2751 1528
5 2146 2616 2704 1529
5 2632 2036 2768 1530
5 2348 2332 2629 1531
5 2164 2584 2727 1532
5 2169 2146 2704 1533
5 2347 2276 2707 1534
5 2611 2360 2760 1535
5 2201 2526 2740 1536
5 2660 2073 2662 1537
5 2578 2683 2754 1538
5 2591 2524 2751 1539
5 2237 2238 2695 1540
5 2326 2439 2737 1541
5 2672 2307 2778 1542
5 2155 2154 2727 1543
5 2353 2445 2447 1544
5 2651 2378 2776 1545
5 2642 2364 2788 1546
5 2650 2426 2700 1547
5 2350 2351 2352 1548
5 2276 2689 2707 1549
5 2667 2666 2671 1550
5 2271 2237 2695 1551
5 2573 2571 2574 1552
5 2744 2346 2783 1553
5 2153 2180 2694 1554
5 2488 2655 2700 1555
5 2603 2327 2705 1556
5 2549 2168 2779 1557
5 2235 2270 2688 1558
5 2435 2433 2712 1559
5 2652 2548 2786 1560
5 2364 2641 2788 1561
5 598 2354 2775 1562
5 2432 2667 2675 1563
5 2658 2299 2735 1564
5 2570 2345 2571 1565
5 1718 2446 2533 1566
5 2711 2329 2726 1567
5 2344 2576 2758 1568
5 2677 2645 2678 1569
5 2602 2081 2781 1570
5 2571 2345 2577 1571
5 2448 2669 2683 1572
5 2673 2304 2674 1573
5 2656 2213 2750 1574
5 2353 2447 2562 1575
5 2355 2348 2773 1576
5 1648 2129 2622 1577
5 2238 2256 2695 1578
5 2148 1858 2568 1579
5 2327 2301 2761 1580
5 2369 2666 2780 1581
5 2432 2675 2712 1582
5 178 2783 2784 1583
5 2240 2242 2716 1584
5 2256 2240 2716 1585
5 2578 2194 2787 1586
5 2284 2233 2767 1587
5 2156 2760 2785 1588
5 2568 1893 2588 1589
5 2583 1788 2594 1590
5 2479 2709 2786 1591
5 2362 2284 2752 1592
5 2163 2686 2766 1593
5 2739 2048 2773 1594
5 2569 2568 2570 1595
5 2648 2358 2734 1596
5 2764 2163 2766 1597
5 2149 2156 2785 1598
5 1823 2148 2594 1599
5 2351 2622 2745 1600
5 2573 2574 2576 1601
5 2378 2670 2736 1602
5 2570 2568 2588 1603
5 2573 2576 2669 1604
5 2194 2703 2787 1605
5 2446 1753 2583 1606
5 2674 2304 2748 1607
5 2271 2695 2702 1608
5 2599 2047 2744 1609
5 2705 2327 2761 1610
5 2703 2194 2766 1611
5 2336 2629 2779 1612
5 2679 2681 2693 1613
5 2752 2284 2767 1614
5 2676 2646 2677 1615
5 2449 2534 2742 1616
5 2629 2336 2739 1617
5 2669 2344 2683 1618
5 2569 2570 2572 1619
5 2350 2352 2354 1620
5 2583 2594 2777 1621
5 2335 2652 2786 1622
5 2666 2369 2671 1623
5 2689 2377 2707 1624
5 2445 2449 2742 1625
5 2352 2353 2714 1626
5 2148 2568 2569 1627
5 2064 2721 2762 1628
5 2683 2344 2754 1629
5 2622 2129 2745 1630
5 2380 2705 2761 1631
5 2195 2346 2750 1632
5 2709 2335 2786 1633
5 2760 2376 2785 1634
5 2584 2195 2750 1635
5 2044 2642 2788 1636
5 2353 2562 2714 1637
5 2387 2752 2767 1638
5 2047 2656 2744 1639
5 2364 2674 2748 1640
5 2765 2295 2771 1641
5 2703 2363 2787 1642
5 2037 2765 2771 1643
5 2682 2679 2693 1644
5 2599 2744 2782 1645
5 2449 2445 2745 1646
5 2305 2672 2778 1647
5 2783 2346 2784 1648
5 2782 2744 2783 1649
5 178 2599 2782 1650
5 1088 213 2643 1651
5 2643 213 2644 1652
5 2644 213 2680 1653
5 1578 598 2774 1654
5 2774 598 2775 1655
5 1123 2043 2431 1656
5 178 633 2599 1657
5 2033 178 2575 1658
5 213 248 2693 1659
5 2680 213 2681 1660
5 2681 213 2693 1661
5 248 283 2693 1662
5 283 318 2693 1663
5 318 353 2682 1664
5 353 388 2682 1665
5 388 423 2682 1666
5 423 458 2682 1667
5 458 493 2624 1668
5 493 528 2624 1669
5 528 563 2436 1670
5 528 2436 2624 1671
5 563 1123 2431 1672
5 563 2431 2436 1673
5 2128 2033 2575 1674
5 2624 2679 2682 1675
9 2 35 1579 564 1676
9 564 1579 1580 565 1677
9 565 1580 1581 566 1678
9 566 1581 1582 567 1679
9 567 1582 1583 568 1680
9 568 1583 1584 569 1681
9 569 1584 1585 570 1682
9 570 1585 1586 571 1683
9 571 1586 1587 572 1684
9 572 1587 1588 573 1685
9 573 1588 1589 574 1686
9 574 1589 1590 575 1687
9 575 1590 1591 576 1688
9 576 1591 1592 577 1689
9 577 1592 1593 578 1690
9 578 1593 1594 579 1691
9 579 1594 1595 580 1692
9 580 1595 1596 581 1693
9 581 1596 1597 582 1694
9 582 1597 1598 583 1695
9 583 1598 1599 584 1696
9 584 1599 1600 585 1697
9 585 1600 1601 586 1698
9 586 1601 1602 587 1699
9 587 1602 1603 588 1700
9 588 1603 1604 589 1701
9 589 1604 1605 590 1702
9 590 1605 1606 591 1703
9 591 1606 1607 592 1704
9 592 1607 1608 593 1705
9 593 1608 1609 594 1706
9 594 1609 1610 595 1707
9 595 1610 1611 596 1708
9 596 1611 1612 597 1709
9 597 1612 1613 598 1710
9 35 36 1614 1579 1711
9 1579 1614 1615 1580 1712
9 1580 1615 1616 1581 1713
9 1581 1616 1617 1582 1714
9 1582 1617 1618 1583 1715
9 1583 1618 1619 1584 1716
9 1584 1619 1620 1585 1717
9 1585 1620 1621 1586 1718
9 1586 1621 1622 1587 1719
9 1587 1622 1623 1588 1720
9 1588 1623 1624 1589 1721
9 1589 1624 1625 1590 1722
9 1590 1625 1626 1591 1723
9 1591 1626 1627 1592 1724
9 1592 1627 1628 1593 1725
9 1593 1628 1629 1594 1726
9 1594 1629 1630 1595 1727
9 1595 1630 1631 1596 1728
9 1596 1631 1632 1597 1729
9 1597 1632 1633 1598 1730
9 1598 1633 1634 1599 1731
9 1599 1634 1635 1600 1732
9 1600 1635 1636 1601 1733
9 1601 1636 1637 1602 1734
9 1602 1637 1638 1603 1735
9 1603 1638 1639 1604 1736
9 1604 1639 1640 1605 1737
9 1605 1640 1641 1606 1738
9 1606 1641 1642 1607 1739
9 1607 1642 1643 1608 1740
9 1608 1643 1644 1609 1741
9 1609 1644 1645 1610 1742
9 1610 1645 1646 1611 1743
9 1611 1646 1647 1612 1744
9 1612 1647 1648 1613 1745
9 36 37 1649 1614 1746
9 1614 1649 1650 1615 1747
9 1615 1650 1651 1616 1748
9 1616 1651 1652 1617 1749
9 1617 1652 1653 1618 1750
9 1618 1653 1654 1619 1751
9 1619 1654 1655 1620 1752
9 1620 1655 1656 1621 1753
9 1621 1656 1657 1622 1754
9 1622 1657 1658 1623 1755
9 1623 1658 1659 1624 1756
9 1624 1659 1660 1625 1757
9 1625 1660 1661 1626 1758
9 1626 1661 1662 1627 1759
9 1627 1662 1663 1628 1760
9 1628 1663 1664 1629 1761
9 1629 1664 1665 1630 1762
9 1630 1665 1666 1631 1763
9 1631 1666 1667 1632 1764
9 1632 1667 1668 1633 1765
9 1633 1668 1669 1634 1766
9 1634 1669 1670 1635 1767
9 1635 1670 1671 1636 1768
9 1636 1671 1672 1637 1769
9 1637 1672 1673 1638 1770
9 1638 1673 1674 1639 1771
9 1639 1674 1675 1640 1772
9 1640 1675 1676 1641 1773
9 1641 1676 1677 1642 1774
9 1642 1677 1678 1643 1775
9 1643 1678 1679 1644 1776
9 1644 1679 1680 1645 1777
9 1645 1680 1681 1646 1778
9 1646 1681 1682 1647 1779
9 1647 1682 1683 1648 1780
9 37 38 1684 1649 1781
9 1649 1684 1685 1650 1782
9 1650 1685 1686 1651 1783
9 1651 1686 1687 1652 1784
9 1652 1687 1688 1653 1785
9 1653 1688 1689 1654 1786
9 1654 1689 1690 1655 1787
9 1655 1690 1691 1656 1788
9 1656 1691 1692 1657 1789
9 1657 1692 1693 1658 1790
9 1658 1693 1694 1659 1791
9 1659 1694 1695 1660 1792
9 1660 1695 1696 1661 1793
9 1661 1696 1697 1662 1794
9 1662 1697 1698 1663 1795
9 1663 1698 1699 1664 1796
9 1664 1699 1700 1665 1797
9 1665 1700 1701 1666 1798
9 1666 1701 1702 1667 1799
9 1667 1702 1703 1668 1800
9 1668 1703 1704 1669 1801
9 1669 1704 1705 1670 1802
9 1670 1705 1706 1671 1803
9 1671 1706 1707 1672 1804
9 1672 1707 1708 1673 1805
9 1673 1708 1709 1674 1806
9 1674 1709 1710 1675 1807
9 1675 1710 1711 1676 1808
9 1676 1711 1712 1677 1809
9 1677 1712 1713 1678 1810
9 1678 1713 1714 1679 1811
9 1679 1714 1715 1680 1812
9 1680 1715 1716 1681 1813
9 1681 1716 1717 1682 1814
9 1682 1717 1718 1683 1815
9 38 39 1719 1684 1816
9 1684 1719 1720 1685 1817
9 1685 1720 1721 1686 1818
9 1686 1721 1722 1687 1819
9 1687 1722 1723 1688 1820
9 1688 1723 1724 1689 1821
9 1689 1724 1725 1690 1822
9 1690 1725 1726 1691 1823
9 1691 1726 1727 1692 1824
9 1692 1727 1728 1693 1825
9 1693 1728 1729 1694 1826
9 1694 1729 1730 1695 1827
9 1695 1730 1731 1696 1828
9 1696 1731 1732 1697 1829
9 1697 1732 1733 1698 1830
9 1698 1733 1734 1699 1831
9 1699 1734 1735 1700 1832
9 1700 1735 1736 1701 1833
9 1701 1736 1737 1702 1834
9 1702 1737 1738 1703 1835
9 1703 1738 1739 1704 1836
9 1704 1739 1740 1705 1837
9 1705 1740 1741 1706 1838
9 1706 1741 1742 1707 1839
9 1707 1742 1743 1708 1840
9 1708 1743 1744 1709 1841
9 1709 1744 1745 1710 1842
9 1710 1745 1746 1711 1843
9 1711 1746 1747 1712 1844
9 1712 1747 1748 1713 1845
9 1713 1748 1749 1714 1846
9 1714 1749 1750 1715 1847
9 1715 1750 1751 1716 1848
9 1716 1751 1752 1717 1849
9 1717 1752 1753 1718 1850
9 39 40 1754 1719 1851
9 1719 1754 1755 1720 1852
9 1720 1755 1756 1721 1853
9 1721 1756 1757 1722 1854
9 1722 1757 1758 1723 1855
9 1723 1758 1759 1724 1856
9 1724 1759 1760 1725 1857
9 1725 1760 1761 1726 1858
9 1726 1761 1762 1727 1859
9 1727 1762 1763 1728 1860
9 1728 1763 1764 1729 1861
9 1729 1764 1765 1730 1862
9 1730 1765 1766 1731 1863
9 1731 1766 1767 1732 1864
9 1732 1767 1768 1733 1865
9 1733 1768 1769 1734 1866
9 1734 1769 1770 1735 1867
9 1735 1770 1771 1736 1868
9 1736 1771 1772 1737 1869
9 1737 1772 1773 1738 1870
9 1738 1773 1774 1739 1871
9 1739 1774 1775 1740 1872
9 1740 1775 1776 1741 1873
9 1741 1776 1777 1742 1874
9 1742 1777 1778 1743 1875
9 1743 1778 1779 1744 1876
9 1744 1779 1780 1745 1877
9 1745 1780 1781 1746 1878
9 1746 1781 1782 1747 1879
9 1747 1782 1783 1748 1880
9 1748 1783 1784 1749 1881
9 1749 1784 1785 1750 1882
9 1750 1785 1786 1751 1883
9 1751 1786 1787 1752 1884
9 1752 1787 1788 1753 1885
9 40 41 1789 1754 1886
9 1754 1789 1790 1755 1887
9 1755 1790 1791 1756 1888
9 1756 1791 1792 1757 1889
9 1757 1792 1793 1758 1890
9 1758 1793 1794 1759 1891
9 1759 1794 1795 1760 1892
9 1760 1795 1796 1761 1893
9 1761 1796 1797 1762 1894
9 1762 1797 1798 1763 1895
9 1763 1798 1799 1764 1896
9 1764 1799 1800 1765 1897
9 1765 1800 1801 1766 1898
9 1766 1801 1802 1767 1899
9 1767 1802 1803 1768 1900
9 1768 1803 1804 1769 1901
9 1769 1804 1805 1770 1902
9 1770 1805 1806 1771 1903
9 1771 1806 1807 1772 1904
9 1772 1807 1808 1773 1905
9 1773 1808 1809 1774 1906
9 1774 1809 1810 1775 1907
9 1775 1810 1811 1776 1908
9 1776 1811 1812 1777 1909
9 1777 1812 1813 1778 1910
9 1778 1813 1814 1779 1911
9 1779 1814 1815 1780 1912
9 1780 1815 1816 1781 1913
9 1781 1816 1817 1782 1914
9 1782 1817 1818 1783 1915
9 1783 1818 1819 1784 1916
9 1784 1819 1820 1785 1917
9 1785 1820 1821 1786 1918
9 1786 1821 1822 1787 1919
9 1787 1822 1823 1788 1920
9 41 42 1824 1789 1921
9 1789 1824 1825 1790 1922
9 1790 1825 1826 1791 1923
9 1791 1826 1827 1792 1924
9 1792 1827 1828 1793 1925
9 1793 1828 1829 1794 1926
9 1794 1829 1830 1795 1927
9 1795 1830 1831 1796 1928
9 1796 1831 1832 1797 1929
9 1797 1832 1833 1798 1930
9 1798 1833 1834 1799 1931
9 1799 1834 1835 1800 1932
9 1800 1835 1836 1801 1933
9 1801 1836 1837 1802 1934
9 1802 1837 1838 1803 1935
9 1803 1838 1839 1804 1936
9 1804 1839 1840 1805 1937
9 1805 1840 1841 1806 1938
9 1806 1841 1842 1807 1939
9 1807 1842 1843 1808 1940
9 1808 1843 1844 1809 1941
9 1809 1844 1845 1810 1942
9 1810 1845 1846 1811 1943
9 1811 1846 1847 1812 1944
9 1812 1847 1848 1813 1945
9 1813 1848 1849 1814 1946
9 1814 1849 1850 1815 1947
9 1815 1850 1851 1816 1948
9 1816 1851 1852 1817 1949
9 1817 1852 1853 1818 1950
9 1818 1853 1854 1819 1951
9 1819 1854 1855 1820 1952
9 1820 1855 1856 1821 1953
9 1821 1856 1857 1822 1954
9 1822 1857 1858 1823 1955
9 21 22 1124 1089 1956
9 1089 1124 1125 1090 1957
9 1090 1125 1126 1091 1958
9 1091 1126 1127 1092 1959
9 1092 1127 1128 1093 1960
9 1093 1128 1129 1094 1961
9 1094 1129 1130 1095 1962
9 1095 1130 1131 1096 1963
9 1096 1131 1132 1097 1964
9 1097 1132 1133 1098 1965
9 1098 1133 1134 1099 1966
9 1099 1134 1135 1100 1967
9 1100 1135 1136 1101 1968
9 1101 1136 1137 1102 1969
9 1102 1137 1138 1103 1970
9 1103 1138 1139 1104 1971
9 1104 1139 1140 1105 1972
9 1105 1140 1141 1106 1973
9 1106 1141 1142 1107 1974
9 1107 1142 1143 1108 1975
9 1108 1143 1144 1109 1976
9 1109 1144 1145 1110 1977
9 1110 1145 1146 1111 1978
9 1111 1146 1147 1112 1979
9 1112 1147 1148 1113 1980
9 1113 1148 1149 1114 1981
9 1114 1149 1150 1115 1982
9 1115 1150 1151 1116 1983
9 1116 1151 1152 1117 1984
9 1117 1152 1153 1118 1985
9 1118 1153 1154 1119 1986
9 1119 1154 1155 1120 1987
9 1120 1155 1156 1121 1988
9 1121 1156 1157 1122 1989
9 1122 1157 1158 1123 1990
9 42 43 1859 1824 1991
9 1824 1859 1860 1825 1992
9 1825 1860 1861 1826 1993
9 1826 1861 1862 1827 1994
9 1827 1862 1863 1828 1995
9 1828 1863 1864 1829 1996
9 1829 1864 1865 1830 1997
9 1830 1865 1866 1831 1998
9 1831 1866 1867 1832 1999
9 1832 1867 1868 1833 2000
9 1833 1868 1869 1834 2001
9 1834 1869 1870 1835 2002
9 1835 1870 1871 1836 2003
9 1836 1871 1872 1837 2004
9 1837 1872 1873 1838 2005
9 1838 1873 1874 1839 2006
9 1839 1874 1875 1840 2007
9 1840 1875 1876 1841 2008
9 1841 1876 1877 1842 2009
9 1842 1877 1878 1843 2010
9 1843 1878 1879 1844 2011
9 1844 1879 1880 1845 2012
9 1845 1880 1881 1846 2013
9 1846 1881 1882 1847 2014
9 1847 1882 1883 1848 2015
9 1848 1883 1884 1849 2016
9 1849 1884 1885 1850 2017
9 1850 1885 1886 1851 2018
9 1851 1886 1887 1852 2019
9 1852 1887 1888 1853 2020
9 1853 1888 1889 1854 2021
9 1854 1889 1890 1855 2022
9 1855 1890 1891 1856 2023
9 1856 1891 1892 1857 2024
9 1857 1892 1893 1858 2025
9 43 44 1894 1859 2026
9 1859 1894 1895 1860 2027
9 1860 1895 1896 1861 2028
9 1861 1896 1897 1862 2029
9 1862 1897 1898 1863 2030
9 1863 1898 1899 1864 2031
9 1864 1899 1900 1865 2032
9 1865 1900 1901 1866 2033
9 1866 1901 1902 1867 2034
9 1867 1902 1903 1868 2035
9 1868 1903 1904 1869 2036
9 1869 1904 1905 1870 2037
9 1870 1905 1906 1871 2038
9 1871 1906 1907 1872 2039
9 1872 1907 1908 1873 2040
9 1873 1908 1909 1874 2041
9 1874 1909 1910 1875 2042
9 1875 1910 1911 1876 2043
9 1876 1911 1912 1877 2044
9 1877 1912 1913 1878 2045
9 1878 1913 1914 1879 2046
9 1879 1914 1915 1880 2047
9 1880 1915 1916 1881 2048
9 1881 1916 1917 1882 2049
9 1882 1917 1918 1883 2050
9 1883 1918 1919 1884 2051
9 1884 1919 1920 1885 2052
9 1885 1920 1921 1886 2053
9 1886 1921 1922 1887 2054
9 1887 1922 1923 1888 2055
9 1888 1923 1924 1889 2056
9 1889 1924 1925 1890 2057
9 1890 1925 1926 1891 2058
9 1891 1926 1927 1892 2059
9 1892 1927 1928 1893 2060
9 44 45 1929 1894 2061
9 1894 1929 1930 1895 2062
9 1895 1930 1931 1896 2063
9 1896 1931 1932 1897 2064
9 1897 1932 1933 1898 2065
9 1898 1933 1934 1899 2066
9 1899 1934 1935 1900 2067
9 1900 1935 1936 1901 2068
9 1901 1936 1937 1902 2069
9 1902 1937 1938 1903 2070
9 1903 1938 1939 1904 2071
9 1904 1939 1940 1905 2072
9 1905 1940 1941 1906 2073
9 1906 1941 1942 1907 2074
9 1907 1942 1943 1908 2075
9 1908 1943 1944 1909 2076
9 1909 1944 1945 1910 2077
9 1910 1945 1946 1911 2078
9 1911 1946 1947 1912 2079
9 1912 1947 1948 1913 2080
9 1913 1948 1949 1914 2081
9 1914 1949 1950 1915 2082
9 1915 1950 1951 1916 2083
9 1916 1951 1952 1917 2084
9 1917 1952 1953 1918 2085
9 1918 1953 1954 1919 2086
9 1919 1954 1955 1920 2087
9 1920 1955 1956 1921 2088
9 1921 1956 1957 1922 2089
9 1922 1957 1958 1923 2090
9 1923 1958 1959 1924 2091
9 1924 1959 1960 1925 2092
9 1925 1960 1961 1926 2093
9 1926 1961 1962 1927 2094
9 1927 1962 1963 1928 2095
9 45 46 1964 1929 2096
9 1929 1964 1965 1930 2097
9 1930 1965 1966 1931 2098
9 1931 1966 1967 1932 2099
9 1932 1967 1968 1933 2100
9 1933 1968 1969 1934 2101
9 1934 1969 1970 1935 2102
9 1935 1970 1971 1936 2103
9 1936 1971 1972 1937 2104
9 1937 1972 1973 1938 2105
9 1938 1973 1974 1939 2106
9 1939 1974 1975 1940 2107
9 1940 1975 1976 1941 2108
9 1941 1976 1977 1942 2109
9 1942 1977 1978 1943 2110
9 1943 1978 1979 1944 2111
9 1944 1979 1980 1945 2112
9 1945 1980 1981 1946 2113
9 1946 1981 1982 1947 2114
9 1947 1982 1983 1948 2115
9 1948 1983 1984 1949 2116
9 1949 1984 1985 1950 2117
9 1950 1985 1986 1951 2118
9 1951 1986 1987 1952 2119
9 1952 1987 1988 1953 2120
9 1953 1988 1989 1954 2121
9 1954 1989 1990 1955 2122
9 1955 1990 1991 1956 2123
9 1956 1991 1992 1957 2124
9 1957 1992 1993 1958 2125
9 1958 1993 1994 1959 2126
9 1959 1994 1995 1960 2127
9 1960 1995 1996 1961 2128
9 1961 1996 1997 1962 2129
9 1962 1997 1998 1963 2130
9 46 47 1999 1964 2131
9 1964 1999 2000 1965 2132
9 1965 2000 2001 1966 2133
9 1966 2001 2002 1967 2134
9 1967 2002 2003 1968 2135
9 1968 2003 2004 1969 2136
9 1969 2004 2005 1970 2137
9 1970 2005 2006 1971 2138
9 1971 2006 2007 1972 2139
9 1972 2007 2008 1973 2140
9 1973 2008 2009 1974 2141
9 1974 2009 2010 1975 2142
9 1975 2010 2011 1976 2143
9 1976 2011 2012 1977 2144
9 1977 2012 2013 1978 2145
9 1978 2013 2014 1979 2146
9 1979 2014 2015 1980 2147
9 1980 2015 2016 1981 2148
9 1981 2016 2017 1982 2149
9 1982 2017 2018 1983 2150
9 1983 2018 2019 1984 2151
9 1984 2019 2020 1985 2152
9 1985 2020 2021 1986 2153
9 1986 2021 2022 1987 2154
9 1987 2022 2023 1988 2155
9 1988 2023 2024 1989 2156
9 1989 2024 2025 1990 2157
9 1990 2025 2026 1991 2158
9 1991 2026 2027 1992 2159
9 1992 2027 2028 1993 2160
9 1993 2028 2029 1994 2161
9 1994 2029 2030 1995 2162
9 1995 2030 2031 1996 2163
9 1996 2031 2032 1997 2164
9 1997 2032 2033 1998 2165
9 47 0 144 1999 2166
9 1999 144 145 2000 2167
9 2000 145 146 2001 2168
9 2001 146 147 2002 2169
9 2002 147 148 2003 2170
9 2003 148 149 2004 2171
9 2004 149 150 2005 2172
9 2005 150 151 2006 2173
9 2006 151 152 2007 2174
9 2007 152 153 2008 2175
9 2008 153 154 2009 2176
9 2009 154 155 2010 2177
9 2010 155 156 2011 2178
9 2011 156 157 2012 2179
9 2012 157 158 2013 2180
9 2013 158 159 2014 2181
9 2014 159 160 2015 2182
9 2015 160 161 2016 2183
9 2016 161 162 2017 2184
9 2017 162 163 2018 2185
9 2018 163 164 2019 2186
9 2019 164 165 2020 2187
9 2020 165 166 2021 2188
9 2021 166 167 2022 2189
9 2022 167 168 2023 2190
9 2023 168 169 2024 2191
9 2024 169 170 2025 2192
9 2025 170 171 2026 2193
9 2026 171 172 2027 2194
9 2027 172 173 2028 2195
9 2028 173 174 2029 2196
9 2029 174 175 2030 2197
9 2030 175 176 2031 2198
9 2031 176 177 2032 2199
9 2032 177 178 2033 2200
9 1 21 1089 529 2201
9 529 1089 1090 530 2202
9 530 1090 1091 531 2203
9 531 1091 1092 532 2204
9 532 1092 1093 533 2205
9 533 1093 1094 534 2206
9 534 1094 1095 535 2207
9 535 1095 1096 536 2208
9 536 1096 1097 537 2209
9 537 1097 1098 538 2210
9 538 1098 1099 539 2211
9 539 1099 1100 540 2212
9 540 1100 1101 541 2213
9 541 1101 1102 542 2214
9 542 1102 1103 543 2215
9 543 1103 1104 544 2216
9 544 1104 1105 545 2217
9 545 1105 1106 546 2218
9 546 1106 1107 547 2219
9 547 1107 1108 548 2220
9 548 1108 1109 549 2221
9 549 1109 1110 550 2222
9 550 1110 1111 551 2223
9 551 1111 1112 552 2224
9 552 1112 1113 553 2225
9 553 1113 1114 554 2226
9 554 1114 1115 555 2227
9 555 1115 1116 556 2228
9 556 1116 1117 557 2229
9 557 1117 1118 558 2230
9 558 1118 1119 559 2231
9 559 1119 1120 560 2232
9 560 1120 1121 561 2233
9 561 1121 1122 562 2234
9 562 1122 1123 563 2235
9 7 8 634 599 2236
9 599 634 635 600 2237
9 600 635 636 601 2238
9 601 636 637 602 2239
9 602 637 638 603 2240
9 603 638 639 604 2241
9 604 639 640 605 2242
9 605 640 641 606 2243
9 606 641 642 607 2244
9 607 642 643 608 2245
9 608 643 644 609 2246
9 609 644 645 610 2247
9 610 645 646 611 2248
9 611 646 647 612 2249
9 612 647 648 613 2250
9 613 648 649 614 2251
9 614 649 650 615 2252
9 615 650 651 616 2253
9 616 651 652 617 2254
9 617 652 653 618 2255
9 618 653 654 619 2256
9 619 654 655 620 2257
9 620 655 656 621 2258
9 621 656 657 622 2259
9 622 657 658 623 2260
9 623 658 659 624 2261
9 624 659 660 625 2262
9 625 660 661 626 2263
9 626 661 662 627 2264
9 627 662 663 628 2265
9 628 663 664 629 2266
9 629 664 665 630 2267
9 630 665 666 631 2268
9 631 666 667 632 2269
9 632 667 668 633 2270
9 22 23 1159 1124 2271
9 1124 1159 1160 1125 2272
9 1125 1160 1161 1126 2273
9 1126 1161 1162 1127 2274
9 1127 1162 1163 1128 2275
9 1128 1163 1164 1129 2276
9 1129 1164 1165 1130 2277
9 1130 1165 1166 1131 2278
9 1131 1166 1167 1132 2279
9 1132 1167 1168 1133 2280
9 1133 1168 1169 1134 2281
9 1134 1169 1170 1135 2282
9 1135 1170 1171 1136 2283
9 1136 1171 1172 1137 2284
9 1137 1172 1173 1138 2285
9 1138 1173 1174 1139 2286
9 1139 1174 1175 1140 2287
9 1140 1175 1176 1141 2288
9 1141 1176 1177 1142 2289
9 1142 1177 1178 1143 2290
9 1143 1178 1179 1144 2291
9 1144 1179 1180 1145 2292
9 1145 1180 1181 1146 2293
9 1146 1181 1182 1147 2294
9 1147 1182 1183 1148 2295
9 1148 1183 1184 1149 2296
9 1149 1184 1185 1150 2297
9 1150 1185 1186 1151 2298
9 1151 1186 1187 1152 2299
9 1152 1187 1188 1153 2300
9 1153 1188 1189 1154 2301
9 1154 1189 1190 1155 2302
9 1155 1190 1191 1156 2303
9 1156 1191 1192 1157 2304
9 1157 1192 1193 1158 2305
9 23 24 1194 1159 2306
9 1159 1194 1195 1160 2307
9 1160 1195 1196 1161 2308
9 1161 1196 1197 1162 2309
9 1162 1197 1198 1163 2310
9 1163 1198 1199 1164 2311
9 1164 1199 1200 1165 2312
9 1165 1200 1201 1166 2313
9 1166 1201 1202 1167 2314
9 1167 1202 1203 1168 2315
9 1168 1203 1204 1169 2316
9 1169 1204 1205 1170 2317
9 1170 1205 1206 1171 2318
9 1171 1206 1207 1172 2319
9 1172 1207 1208 1173 2320
9 1173 1208 1209 1174 2321
9 1174 1209 1210 1175 2322
9 1175 1210 1211 1176 2323
9 1176 1211 1212 1177 2324
9 1177 1212 1213 1178 2325
9 1178 1213 1214 1179 2326
9 1179 1214 1215 1180 2327
9 1180 1215 1216 1181 2328
9 1181 1216 1217 1182 2329
9 1182 1217 1218 1183 2330
9 1183 1218 1219 1184 2331
9 1184 1219 1220 1185 2332
9 1185 1220 1221 1186 2333
9 1186 1221 1222 1187 2334
9 1187 1222 1223 1188 2335
9 1188 1223 1224 1189 2336
9 1189 1224 1225 1190 2337
9 1190 1225 1226 1191 2338
9 1191 1226 1227 1192 2339
9 1192 1227 1228 1193 2340
9 24 25 1229 1194 2341
9 1194 1229 1230 1195 2342
9 1195 1230 1231 1196 2343
9 1196 1231 1232 1197 2344
9 1197 1232 1233 1198 2345
9 1198 1233 1234 1199 2346
9 1199 1234 1235 1200 2347
9 1200 1235 1236 1201 2348
9 1201 1236 1237 1202 2349
9 1202 1237 1238 1203 2350
9 1203 1238 1239 1204 2351
9 1204 1239 1240 1205 2352
9 1205 1240 1241 1206 2353
9 1206 1241 1242 1207 2354
9 1207 1242 1243 1208 2355
9 1208 1243 1244 1209 2356
9 1209 1244 1245 1210 2357
9 1210 1245 1246 1211 2358
9 1211 1246 1247 1212 2359
9 1212 1247 1248 1213 2360
9 1213 1248 1249 1214 2361
9 1214 1249 1250 1215 2362
9 1215 1250 1251 1216 2363
9 1216 1251 1252 1217 2364
9 1217 1252 1253 1218 2365
9 1218 1253 1254 1219 2366
9 1219 1254 1255 1220 2367
9 1220 1255 1256 1221 2368
9 1221 1256 1257 1222 2369
9 1222 1257 1258 1223 2370
9 1223 1258 1259 1224 2371
9 1224 1259 1260 1225 2372
9 1225 1260 1261 1226 2373
9 1226 1261 1262 1227 2374
9 1227 1262 1263 1228 2375
9 25 26 1264 1229 2376
9 1229 1264 1265 1230 2377
9 1230 1265 1266 1231 2378
9 1231 1266 1267 1232 2379
9 1232 1267 1268 1233 2380
9 1233 1268 1269 1234 2381
9 1234 1269 1270 1235 2382
9 1235 1270 1271 1236 2383
9 1236 1271 1272 1237 2384
9 1237 1272 1273 1238 2385
9 1238 1273 1274 1239 2386
9 1239 1274 1275 1240 2387
9 1240 1275 1276 1241 2388
9 1241 1276 1277 1242 2389
9 1242 1277 1278 1243 2390
9 1243 1278 1279 1244 2391
9 1244 1279 1280 1245 2392
9 1245 1280 1281 1246 2393
9 1246 1281 1282 1247 2394
9 1247 1282 1283 1248 2395
9 1248 1283 1284 1249 2396
9 1249 1284 1285 1250 2397
9 1250 1285 1286 1251 2398
9 1251 1286 1287 1252 2399
9 1252 1287 1288 1253 2400
9 1253 1288 1289 1254 2401
9 1254 1289 1290 1255 2402
9 1255 1290 1291 1256 2403
9 1256 1291 1292 1257 2404
9 1257 1292 1293 1258 2405
9 1258 1293 1294 1259 2406
9 1259 1294 1295 1260 2407
9 1260 1295 1296 1261 2408
9 1261 1296 1297 1262 2409
9 1262 1297 1298 1263 2410
9 26 27 1299 1264 2411
9 1264 1299 1300 1265 2412
9 1265 1300 1301 1266 2413
9 1266 1301 1302 1267 2414
9 1267 1302 1303 1268 2415
9 1268 1303 1304 1269 2416
9 1269 1304 1305 1270 2417
9 1270 1305 1306 1271 2418
9 1271 1306 1307 1272 2419
9 1272 1307 1308 1273 2420
9 1273 1308 1309 1274 2421
9 1274 1309 1310 1275 2422
9 1275 1310 1311 1276 2423
9 1276 1311 1312 1277 2424
9 1277 1312 1313 1278 2425
9 1278 1313 1314 1279 2426
9 1279 1314 1315 1280 2427
9 1280 1315 1316 1281 2428
9 1281 1316 1317 1282 2429
9 1282 1317 1318 1283 2430
9 1283 1318 1319 1284 2431
9 1284 1319 1320 1285 2432
9 1285 1320 1321 1286 2433
9 1286 1321 1322 1287 2434
9 1287 1322 1323 1288 2435
9 1288 1323 1324 1289 2436
9 1289 1324 1325 1290 2437
9 1290 1325 1326 1291 2438
9 1291 1326 1327 1292 2439
9 1292 1327 1328 1293 2440
9 1293 1328 1329 1294 2441
9 1294 1329 1330 1295 2442
9 1295 1330 1331 1296 2443
9 1296 1331 1332 1297 2444
9 1297 1332 1333 1298 2445
9 27 28 1334 1299 2446
9 1299 1334 1335 1300 2447
9 1300 1335 1336 1301 2448
9 1301 1336 1337 1302 2449
9 1302 1337 1338 1303 2450
9 1303 1338 1339 1304 2451
9 1304 1339 1340 1305 2452
9 1305 1340 1341 1306 2453
9 1306 1341 1342 1307 2454
9 1307 1342 1343 1308 2455
9 1308 1343 1344 1309 2456
9 1309 1344 1345 1310 2457
9 1310 1345 1346 1311 2458
9 1311 1346 1347 1312 2459
9 1312 1347 1348 1313 2460
9 1313 1348 1349 1314 2461
9 1314 1349 1350 1315 2462
9 1315 1350 1351 1316 2463
9 1316 1351 1352 1317 2464
9 1317 1352 1353 1318 2465
9 1318 1353 1354 1319 2466
9 1319 1354 1355 1320 2467
9 1320 1355 1356 1321 2468
9 1321 1356 1357 1322 2469
9 1322 1357 1358 1323 2470
9 1323 1358 1359 1324 2471
9 1324 1359 1360 1325 2472
9 1325 1360 1361 1326 2473
9 1326 1361 1362 1327 2474
9 1327 1362 1363 1328 2475
9 1328 1363 1364 1329 2476
9 1329 1364 1365 1330 2477
9 1330 1365 1366 1331 2478
9 1331 1366 1367 1332 2479
9 1332 1367 1368 1333 2480
9 28 29 1369 1334 2481
9 1334 1369 1370 1335 2482
9 1335 1370 1371 1336 2483
9 1336 1371 1372 1337 2484
9 1337 1372 1373 1338 2485
9 1338 1373 1374 1339 2486
9 1339 1374 1375 1340 2487
9 1340 1375 1376 1341 2488
9 1341 1376 1377 1342 2489
9 1342 1377 1378 1343 2490
9 1343 1378 1379 1344 2491
9 1344 1379 1380 1345 2492
9 1345 1380 1381 1346 2493
9 1346 1381 1382 1347 2494
9 1347 1382 1383 1348 2495
9 1348 1383 1384 1349 2496
9 1349 1384 1385 1350 2497
9 1350 1385 1386 1351 2498
9 1351 1386 1387 1352 2499
9 1352 1387 1388 1353 2500
9 1353 1388 1389 1354 2501
9 1354 1389 1390 1355 2502
9 1355 1390 1391 1356 2503
9 1356 1391 1392 1357 2504
9 1357 1392 1393 1358 2505
9 1358 1393 1394 1359 2506
9 1359 1394 1395 1360 2507
9 1360 1395 1396 1361 2508
9 1361 1396 1397 1362 2509
9 1362 1397 1398 1363 2510
9 1363 1398 1399 1364 2511
9 1364 1399 1400 1365 2512
9 1365 1400 1401 1366 2513
9 1366 1401 1402 1367 2514
9 1367 1402 1403 1368 2515
9 29 30 1404 1369 2516
9 1369 1404 1405 1370 2517
9 1370 1405 1406 1371 2518
9 1371 1406 1407 1372 2519
9 1372 1407 1408 1373 2520
9 1373 1408 1409 1374 2521
9 1374 1409 1410 1375 2522
9 1375 1410 1411 1376 2523
9 1376 1411 1412 1377 2524
9 1377 1412 1413 1378 2525
9 1378 1413 1414 1379 2526
9 1379 1414 1415 1380 2527
9 1380 1415 1416 1381 2528
9 1381 1416 1417 1382 2529
9 1382 1417 1418 1383 2530
9 1383 1418 1419 1384 2531
9 1384 1419 1420 1385 2532
9 1385 1420 1421 1386 2533
9 1386 1421 1422 1387 2534
9 1387 1422 1423 1388 2535
9 1388 1423 1424 1389 2536
9 1389 1424 1425 1390 2537
9 1390 1425 1426 1391 2538
9 1391 1426 1427 1392 2539
9 1392 1427 1428 1393 2540
9 1393 1428 1429 1394 2541
9 1394 1429 1430 1395 2542
9 1395 1430 1431 1396 2543
9 1396 1431 1432 1397 2544
9 1397 1432 1433 1398 2545
9 1398 1433 1434 1399 2546
9 1399 1434 1435 1400 2547
9 1400 1435 1436 1401 2548
9 1401 1436 1437 1402 2549
9 1402 1437 1438 1403 2550
9 30 31 1439 1404 2551
9 1404 1439 1440 1405 2552
9 1405 1440 1441 1406 2553
9 1406 1441 1442 1407 2554
9 1407 1442 1443 1408 2555
9 1408 1443 1444 1409 2556
9 1409 1444 1445 1410 2557
9 1410 1445 1446 1411 2558
9 1411 1446 1447 1412 2559
9 1412 1447 1448 1413 2560
9 1413 1448 1449 1414 2561
9 1414 1449 1450 1415 2562
9 1415 1450 1451 1416 2563
9 1416 1451 1452 1417 2564
9 1417 1452 1453 1418 2565
9 1418 1453 1454 1419 2566
9 1419 1454 1455 1420 2567
9 1420 1455 1456 1421 2568
9 1421 1456 1457 1422 2569
9 1422 1457 1458 1423 2570
9 1423 1458 1459 1424 2571
9 1424 1459 1460 1425 2572
9 1425 1460 1461 1426 2573
9 1426 1461 1462 1427 2574
9 1427 1462 1463 1428 2575
9 1428 1463 1464 1429 2576
9 1429 1464 1465 1430 2577
9 1430 1465 1466 1431 2578
9 1431 1466 1467 1432 2579
9 1432 1467 1468 1433 2580
9 1433 1468 1469 1434 2581
9 1434 1469 1470 1435 2582
9 1435 1470 1471 1436 2583
9 1436 1471 1472 1437 2584
9 1437 1472 1473 1438 2585
9 31 32 1474 1439 2586
9 1439 1474 1475 1440 2587
9 1440 1475 1476 1441 2588
9 1441 1476 1477 1442 2589
9 1442 1477 1478 1443 2590
9 1443 1478 1479 1444 2591
9 1444 1479 1480 1445 2592
9 1445 1480 1481 1446 2593
9 1446 1481 1482 1447 2594
9 1447 1482 1483 1448 2595
9 1448 1483 1484 1449 2596
9 1449 1484 1485 1450 2597
9 1450 1485 1486 1451 2598
9 1451 1486 1487 1452 2599
9 1452 1487 1488 1453 2600
9 1453 1488 1489 1454 2601
9 1454 1489 1490 1455 2602
9 1455 1490 1491 1456 2603
9 1456 1491 1492 1457 2604
9 1457 1492 1493 1458 2605
9 1458 1493 1494 1459 2606
9 1459 1494 1495 1460 2607
9 1460 1495 1496 1461 2608
9 1461 1496 1497 1462 2609
9 1462 1497 1498 1463 2610
9 1463 1498 1499 1464 2611
9 1464 1499 1500 1465 2612
9 1465 1500 1501 1466 2613
9 1466 1501 1502 1467 2614
9 1467 1502 1503 1468 2615
9 1468 1503 1504 1469 2616
9 1469 1504 1505 1470 2617
9 1470 1505 1506 1471 2618
9 1471 1506 1507 1472 2619
9 1472 1507 1508 1473 2620
9 32 33 1509 1474 2621
9 1474 1509 1510 1475 2622
9 1475 1510 1511 1476 2623
9 1476 1511 1512 1477 2624
9 1477 1512 1513 1478 2625
9 1478 1513 1514 1479 2626
9 1479 1514 1515 1480 2627
9 1480 1515 1516 1481 2628
9 1481 1516 1517 1482 2629
9 1482 1517 1518 1483 2630
9 1483 1518 1519 1484 2631
9 1484 1519 1520 1485 2632
9 1485 1520 1521 1486 2633
9 1486 1521 1522 1487 2634
9 1487 1522 1523 1488 2635
9 1488 1523 1524 1489 2636
9 1489 1524 1525 1490 2637
9 1490 1525 1526 1491 2638
9 1491 1526 1527 1492 2639
9 1492 1527 1528 1493 2640
9 1493 1528 1529 1494 2641
9 1494 1529 1530 1495 2642
9 1495 1530 1531 1496 2643
9 1496 1531 1532 1497 2644
9 1497 1532 1533 1498 2645
9 1498 1533 1534 1499 2646
9 1499 1534 1535 1500 2647
9 1500 1535 1536 1501 2648
9 1501 1536 1537 1502 2649
9 1502 1537 1538 1503 2650
9 1503 1538 1539 1504 2651
9 1504 1539 1540 1505 2652
9 1505 1540 1541 1506 2653
9 1506 1541 1542 1507 2654
9 1507 1542 1543 1508 2655
9 33 34 1544 1509 2656
9 1509 1544 1545 1510 2657
9 1510 1545 1546 1511 2658
9 1511 1546 1547 1512 2659
9 1512 1547 1548 1513 2660
9 1513 1548 1549 1514 2661
9 1514 1549 1550 1515 2662
9 1515 1550 1551 1516 2663
9 1516 1551 1552 1517 2664
9 1517 1552 1553 1518 2665
9 1518 1553 1554 1519 2666
9 1519 1554 1555 1520 2667
9 1520 1555 1556 1521 2668
9 1521 1556 1557 1522 2669
9 1522 1557 1558 1523 2670
9 1523 1558 1559 1524 2671
9 1524 1559 1560 1525 2672
9 1525 1560 1561 1526 2673
9 1526 1561 1562 1527 2674
9 1527 1562 1563 1528 2675
9 1528 1563 1564 1529 2676
9 1529 1564 1565 1530 2677
9 1530 1565 1566 1531 2678
9 1531 1566 1567 1532 2679
9 1532 1567 1568 1533 2680
9 1533 1568 1569 1534 2681
9 1534 1569 1570 1535 2682
9 1535 1570 1571 1536 2683
9 1536 1571 1572 1537 2684
9 1537 1572 1573 1538 2685
9 1538 1573 1574 1539 2686
9 1539 1574 1575 1540 2687
9 1540 1575 1576 1541 2688
9 1541 1576 1577 1542 2689
9 1542 1577 1578 1543 2690
9 34 2 564 1544 2691
9 1544 564 565 1545 2692
9 1545 565 566 1546 2693
9 1546 566 567 1547 2694
9 1547 567 568 1548 2695
9 1548 568 569 1549 2696
9 1549 569 570 1550 2697
9 1550 570 571 1551 2698
9 1551 571 572 1552 2699
9 1552 572 573 1553 2700
9 1553 573 574 1554 2701
9 1554 574 575 1555 2702
9 1555 575 576 1556 2703
9 1556 576 577 1557 2704
9 1557 577 578 1558 2705
9 1558 578 579 1559 2706
9 1559 579 580 1560 2707
9 1560 580 581 1561 2708
9 1561 581 582 1562 2709
9 1562 582 583 1563 2710
9 1563 583 584 1564 2711
9 1564 584 585 1565 2712
9 1565 585 586 1566 2713
9 1566 586 587 1567 2714
9 1567 587 588 1568 2715
9 1568 588 589 1569 2716
9 1569 589 590 1570 2717
9 1570 590 591 1571 2718
9 1571 591 592 1572 2719
9 1572 592 593 1573 2720
9 1573 593 594 1574 2721
9 1574 594 595 1575 2722
9 1575 595 596 1576 2723
9 1576 596 597 1577 2724
9 1577 597 598 1578 2725
9 0 7 599 144 2726
9 144 599 600 145 2727
9 145 600 601 146 2728
9 146 601 602 147 2729
9 147 602 603 148 2730
9 148 603 604 149 2731
9 149 604 605 150 2732
9 150 605 606 151 2733
9 151 606 607 152 2734
9 152 607 608 153 2735
9 153 608 609 154 2736
9 154 609 610 155 2737
9 155 610 611 156 2738
9 156 611 612 157 2739
9 157 612 613 158 2740
9 158 613 614 159 2741
9 159 614 615 160 2742
9 160 615 616 161 2743
9 161 616 617 162 2744
9 162 617 618 163 2745
9 163 618 619 164 2746
9 164 619 620 165 2747
9 165 620 621 166 2748
9 166 621 622 167 2749
9 167 622 623 168 2750
9 168 623 624 169 2751
9 169 624 625 170 2752
9 170 625 626 171 2753
9 171 626 627 172 2754
9 172 627 628 173 2755
9 173 628 629 174 2756
9 174 629 630 175 2757
9 175 630 631 176 2758
9 176 631 632 177 2759
9 177 632 633 178 2760
9 8 9 669 634 2761
9 634 669 670 635 2762
9 635 670 671 636 2763
9 636 671 672 637 2764
9 637 672 673 638 2765
9 638 673 674 639 2766
9 639 674 675 640 2767
9 640 675 676 641 2768
9 641 676 677 642 2769
9 642 677 678 643 2770
9 643 678 679 644 2771
9 644 679 680 645 2772
9 645 680 681 646 2773
9 646 681 682 647 2774
9 647 682 683 648 2775
9 648 683 684 649 2776
9 649 684 685 650 2777
9 650 685 686 651 2778
9 651 686 687 652 2779
9 652 687 688 653 2780
9 653 688 689 654 2781
9 654 689 690 655 2782
9 655 690 691 656 2783
9 656 691 692 657 2784
9 657 692 693 658 2785
9 658 693 694 659 2786
9 659 694 695 660 2787
9 660 695 696 661 2788
9 661 696 697 662 2789
9 662 697 698 663 2790
9 663 698 699 664 2791
9 664 699 700 665 2792
9 665 700 701 666 2793
9 666 701 702 667 2794
9 667 702 703 668 2795
9 9 10 704 669 2796
9 669 704 705 670 2797
9 670 705 706 671 2798
9 671 706 707 672 2799
9 672 707 708 673 2800
9 673 708 709 674 2801
9 674 709 710 675 2802
9 675 710 711 676 2803
9 676 711 712 677 2804
9 677 712 713 678 2805
9 678 713 714 679 2806
9 679 714 715 680 2807
9 680 715 716 681 2808
9 681 716 717 682 2809
9 682 717 718 683 2810
9 683 718 719 684 2811
9 684 719 720 685 2812
9 685 720 721 686 2813
9 686 721 722 687 2814
9 687 722 723 688 2815
9 688 723 724 689 2816
9 689 724 725 690 2817
9 690 725 726 691 2818
9 691 726 727 692 2819
9 692 727 728 693 2820
9 693 728 729 694 2821
9 694 729 730 695 2822
9 695 730 731 696 2823
9 696 731 732 697 2824
9 697 732 733 698 2825
9 698 733 734 699 2826
9 699 734 735 700 2827
9 700 735 736 701 2828
9 701 736 737 702 2829
9 702 737 738 703 2830
9 10 11 739 704 2831
9 704 739 740 705 2832
9 705 740 741 706 2833
9 706 741 742 707 2834
9 707 742 743 708 2835
9 708 743 744 709 2836
9 709 744 745 710 2837
9 710 745 746 711 2838
9 711 746 747 712 2839
9 712 747 748 713 2840
9 713 748 749 714 2841
9 714 749 750 715 2842
9 715 750 751 716 2843
9 716 751 752 717 2844
9 717 752 753 718 2845
9 718 753 754 719 2846
9 719 754 755 720 2847
9 720 755 756 721 2848
9 721 756 757 722 2849
9 722 757 758 723 2850
9 723 758 759 724 2851
9 724 759 760 725 2852
9 725 760 761 726 2853
9 726 761 762 727 2854
9 727 762 763 728 2855
9 728 763 764 729 2856
9 729 764 765 730 2857
9 730 765 766 731 2858
9 731 766 767 732 2859
9 732 767 768 733 2860
9 733 768 769 734 2861
9 734 769 770 735 2862
9 735 770 771 736 2863
9 736 771 772 737 2864
9 737 772 773 738 2865
9 11 12 774 739 2866
9 739 774 775 740 2867
9 740 775 776 741 2868
9 741 776 777 742 2869
9 742 777 778 743 2870
9 743 778 779 744 2871
9 744 779 780 745 2872
9 745 780 781 746 2873
9 746 781 782 747 2874
9 747 782 783 748 2875
9 748 783 784 749 2876
9 749 784 785 750 2877
9 750 785 786 751 2878
9 751 786 787 752 2879
9 752 787 788 753 2880
9 753 788 789 754 2881
9 754 789 790 755 2882
9 755 790 791 756 2883
9 756 791 792 757 2884
9 757 792 793 758 2885
9 758 793 794 759 2886
9 759 794 795 760 2887
9 760 795 796 761 2888
9 761 796 797 762 2889
9 762 797 798 763 2890
9 763 798 799 764 2891
9 764 799 800 765 2892
9 765 800 801 766 2893
9 766 801 802 767 2894
9 767 802 803 768 2895
9 768 803 804 769 2896
9 769 804 805 770 2897
9 770 805 806 771 2898
9 771 806 807 772 2899
9 772 807 808 773 2900
9 12 13 809 774 2901
9 774 809 810 775 2902
9 775 810 811 776 2903
9 776 811 812 777 2904
9 777 812 813 778 2905
9 778 813 814 779 2906
9 779 814 815 780 2907
9 780 815 816 781 2908
9 781 816 817 782 2909
9 782 817 818 783 2910
9 783 818 819 784 2911
9 784 819 820 785 2912
9 785 820 821 786 2913
9 786 821 822 787 2914
9 787 822 823 788 2915
9 788 823 824 789 2916
9 789 824 825 790 2917
9 790 825 826 791 2918
9 791 826 827 792 2919
9 792 827 828 793 2920
9 793 828 829 794 2921
9 794 829 830 795 2922
9 795 830 831 796 2923
9 796 831 832 797 2924
9 797 832 833 798 2925
9 798 833 834 799 2926
9 799 834 835 800 2927
9 800 835 836 801 2928
9 801 836 837 802 2929
9 802 837 838 803 2930
9 803 838 839 804 2931
9 804 839 840 805 2932
9 805 840 841 806 2933
9 806 841 842 807 2934
9 807 842 843 808 2935
9 13 14 844 809 2936
9 809 844 845 810 2937
9 810 845 846 811 2938
9 811 846 847 812 2939
9 812 847 848 813 2940
9 813 848 849 814 2941
9 814 849 850 815 2942
9 815 850 851 816 2943
9 816 851 852 817 2944
9 817 852 853 818 2945
9 818 853 854 819 2946
9 819 854 855 820 2947
9 820 855 856 821 2948
9 821 856 857 822 2949
9 822 857 858 823 2950
9 823 858 859 824 2951
9 824 859 860 825 2952
9 825 860 861 826 2953
9 826 861 862 827 2954
9 827 862 863 828 2955
9 828 863 864 829 2956
9 829 864 865 830 2957
9 830 865 866 831 2958
9 831 866 867 832 2959
9 832 867 868 833 2960
9 833 868 869 834 2961
9 834 869 870 835 2962
9 835 870 871 836 2963
9 836 871 872 837 2964
9 837 872 873 838 2965
9 838 873 874 839 2966
9 839 874 875 840 2967
9 840 875 876 841 2968
9 841 876 877 842 2969
9 842 877 878 843 2970
9 14 15 879 844 2971
9 844 879 880 845 2972
9 845 880 881 846 2973
9 846 881 882 847 2974
9 847 882 883 848 2975
9 848 883 884 849 2976
9 849 884 885 850 2977
9 850 885 886 851 2978
9 851 886 887 852 2979
9 852 887 888 853 2980
9 853 888 889 854 2981
9 854 889 890 855 2982
9 855 890 891 856 2983
9 856 891 892 857 2984
9 857 892 893 858 2985
9 858 893 894 859 2986
9 859 894 895 860 2987
9 860 895 896 861 2988
9 861 896 897 862 2989
9 862 897 898 863 2990
9 863 898 899 864 2991
9 864 899 900 865 2992
9 865 900 901 866 2993
9 866 901 902 867 2994
9 867 902 903 868 2995
9 868 903 904 869 2996
9 869 904 905 870 2997
9 870 905 906 871 2998
9 871 906 907 872 2999
9 872 907 908 873 3000
9 873 908 909 874 3001
9 874 909 910 875 3002
9 875 910 911 876 3003
9 876 911 912 877 3004
9 877 912 913 878 3005
9 15 16 914 879 3006
9 879 914 915 880 3007
9 880 915 916 881 3008
9 881 916 917 882 3009
9 882 917 918 883 3010
9 883 918 919 884 3011
9 884 919 920 885 3012
9 885 920 921 886 3013
9 886 921 922 887 3014
9 887 922 923 888 3015
9 888 923 924 889 3016
9 889 924 925 890 3017
9 890 925 926 891 3018
9 891 926 927 892 3019
9 892 927 928 893 3020
9 893 928 929 894 3021
9 894 929 930 895 3022
9 895 930 931 896 3023
9 896 931 932 897 3024
9 897 932 933 898 3025
9 898 933 934 899 3026
9 899 934 935 900 3027
9 900 935 936 901 3028
9 901 936 937 902 3029
9 902 937 938 903 3030
9 903 938 939 904 3031
9 904 939 940 905 3032
9 905 940 941 906 3033
9 906 941 942 907 3034
9 907 942 943 908 3035
9 908 943 944 909 3036
9 909 944 945 910 3037
9 910 945 946 911 3038
9 911 946 947 912 3039
9 912 947 948 913 3040
9 16 17 949 914 3041
9 914 949 950 915 3042
9 915 950 951 916 3043
9 916 951 952 917 3044
9 917 952 953 918 3045
9 918 953 954 919 3046
9 919 954 955 920 3047
9 920 955 956 921 3048
9 921 956 957 922 3049
9 922 957 958 923 3050
9 923 958 959 924 3051
9 924 959 960 925 3052
9 925 960 961 926 3053
9 926 961 962 927 3054
9 927 962 963 928 3055
9 928 963 964 929 3056
9 929 964 965 930 3057
9 930 965 966 931 3058
9 931 966 967 932 3059
9 932 967 968 933 3060
9 933 968 969 934 3061
9 934 969 970 935 3062
9 935 970 971 936 3063
9 936 971 972 937 3064
9 937 972 973 938 3065
9 938 973 974 939 3066
9 939 974 975 940 3067
9 940 975 976 941 3068
9 941 976 977 942 3069
9 942 977 978 943 3070
9 943 978 979 944 3071
9 944 979 980 945 3072
9 945 980 981 946 3073
9 946 981 982 947 3074
9 947 982 983 948 3075
9 17 18 984 949 3076
9 949 984 985 950 3077
9 950 985 986 951 3078
9 951 986 987 952 3079
9 952 987 988 953 3080
9 953 988 989 954 3081
9 954 989 990 955 3082
9 955 990 991 956 3083
9 956 991 992 957 3084
9 957 992 993 958 3085
9 958 993 994 959 3086
9 959 994 995 960 3087
9 960 995 996 961 3088
9 961 996 997 962 3089
9 962 997 998 963 3090
9 963 998 999 964 3091
9 964 999 1000 965 3092
9 965 1000 1001 966 3093
9 966 1001 1002 967 3094
9 967 1002 1003 968 3095
9 968 1003 1004 969 3096
9 969 1004 1005 970 3097
9 970 1005 1006 971 3098
9 971 1006 1007 972 3099
9 972 1007 1008 973 3100
9 973 1008 1009 974 3101
9 974 1009 1010 975 3102
9 975 1010 1011 976 3103
9 976 1011 1012 977 3104
9 977 1012 1013 978 3105
9 978 1013 1014 979 3106
9 979 1014 1015 980 3107
9 980 1015 1016 981 3108
9 981 1016 1017 982 3109
9 982 1017 1018 983 3110
9 18 19 1019 984 3111
9 984 1019 1020 985 3112
9 985 1020 1021 986 3113
9 986 1021 1022 987 3114
9 987 1022 1023 988 3115
9 988 1023 1024 989 3116
9 989 1024 1025 990 3117
9 990 1025 1026 991 3118
9 991 1026 1027 992 3119
9 992 1027 1028 993 3120
9 993 1028 1029 994 3121
9 994 1029 1030 995 3122
9 995 1030 1031 996 3123
9 996 1031 1032 997 3124
9 997 1032 1033 998 3125
9 998 1033 1034 999 3126
9 999 1034 1035 1000 3127
9 1000 1035 1036 1001 3128
9 1001 1036 1037 1002 3129
9 1002 1037 1038 1003 3130
9 1003 1038 1039 1004 3131
9 1004 1039 1040 1005 3132
9 1005 1040 1041 1006 3133
9 1006 1041 1042 1007 3134
9 1007 1042 1043 1008 3135
9 1008 1043 1044 1009 3136
9 1009 1044 1045 1010 3137
9 1010 1045 1046 1011 3138
9 1011 1046 1047 1012 3139
9 1012 1047 1048 1013 3140
9 1013 1048 1049 1014 3141
9 1014 1049 1050 1015 3142
9 1015 1050 1051 1016 3143
9 1016 1051 1052 1017 3144
9 1017 1052 1053 1018 3145
9 19 20 1054 1019 3146
9 1019 1054 1055 1020 3147
9 1020 1055 1056 1021 3148
9 1021 1056 1057 1022 3149
9 1022 1057 1058 1023 3150
9 1023 1058 1059 1024 3151
9 1024 1059 1060 1025 3152
9 1025 1060 1061 1026 3153
9 1026 1061 1062 1027 3154
9 1027 1062 1063 1028 3155
9 1028 1063 1064 1029 3156
9 1029 1064 1065 1030 3157
9 1030 1065 1066 1031 3158
9 1031 1066 1067 1032 3159
9 1032 1067 1068 1033 3160
9 1033 1068 1069 1034 3161
9 1034 1069 1070 1035 3162
9 1035 1070 1071 1036 3163
9 1036 1071 1072 1037 3164
9 1037 1072 1073 1038 3165
9 1038 1073 1074 1039 3166
9 1039 1074 1075 1040 3167
9 1040 1075 1076 1041 3168
9 1041 1076 1077 1042 3169
9 1042 1077 1078 1043 3170
9 1043 1078 1079 1044 3171
9 1044 1079 1080 1045 3172
9 1045 1080 1081 1046 3173
9 1046 1081 1082 1047 3174
9 1047 1082 1083 1048 3175
9 1048 1083 1084 1049 3176
9 1049 1084 1085 1050 3177
9 1050 1085 1086 1051 3178
9 1051 1086 1087 1052 3179
9 1052 1087 1088 1053 3180
9 20 1 179 1054 3181
9 1054 179 180 1055 3182
9 1055 180 181 1056 3183
9 1056 181 182 1057 3184
9 1057 182 183 1058 3185
9 1058 183 184 1059 3186
9 1059 184 185 1060 3187
9 1060 185 186 1061 3188
9 1061 186 187 1062 3189
9 1062 187 188 1063 3190
9 1063 188 189 1064 3191
9 1064 189 190 1065 3192
9 1065 190 191 1066 3193
9 1066 191 192 1067 3194
9 1067 192 193 1068 3195
9 1068 193 194 1069 3196
9 1069 194 195 1070 3197
9 1070 195 196 1071 3198
9 1071 196 197 1072 3199
9 1072 197 198 1073 3200
9 1073 198 199 1074 3201
9 1074 199 200 1075 3202
9 1075 200 201 1076 3203
9 1076 201 202 1077 3204
9 1077 202 203 1078 3205
9 1078 203 204 1079 3206
9 1079 204 205 1080 3207
9 1080 205 206 1081 3208
9 1081 206 207 1082 3209
9 1082 207 208 1083 3210
9 1083 208 209 1084 3211
9 1084 209 210 1085 3212
9 1085 210 211 1086 3213
9 1086 211 212 1087 3214
9 1087 212 213 1088 3215
9 179 214 215 180 3216
9 180 215 216 181 3217
9 181 216 217 182 3218
9 182 217 218 183 3219
9 183 218 219 184 3220
9 184 219 220 185 3221
9 185 220 221 186 3222
9 186 221 222 187 3223
9 187 222 223 188 3224
9 188 223 224 189 3225
9 189 224 225 190 3226
9 190 225 226 191 3227
9 191 226 227 192 3228
9 192 227 228 193 3229
9 193 228 229 194 3230
9 194 229 230 195 3231
9 195 230 231 196 3232
9 196 231 232 197 3233
9 197 232 233 198 3234
9 198 233 234 199 3235
9 199 234 235 200 3236
9 200 235 236 201 3237
9 201 236 237 202 3238
9 202 237 238 203 3239
9 203 238 239 204 3240
9 204 239 240 205 3241
9 205 240 241 206 3242
9 206 241 242 207 3243
9 207 242 243 208 3244
9 208 243 244 209 3245
9 209 244 245 210 3246
9 210 245 246 211 3247
9 211 246 247 212 3248
9 212 247 248 213 3249
9 214 249 250 215 3250
9 215 250 251 216 3251
9 216 251 252 217 3252
9 217 252 253 218 3253
9 218 253 254 219 3254
9 219 254 255 220 3255
9 220 255 256 221 3256
9 221 256 257 222 3257
9 222 257 258 223 3258
9 223 258 259 224 3259
9 224 259 260 225 3260
9 225 260 261 226 3261
9 226 261 262 227 3262
9 227 262 263 228 3263
9 228 263 264 229 3264
9 229 264 265 230 3265
9 230 265 266 231 3266
9 231 266 267 232 3267
9 232 267 268 233 3268
9 233 268 269 234 3269
9 234 269 270 235 3270
9 235 270 271 236 3271
9 236 271 272 237 3272
9 237 272 273 238 3273
9 238 273 274 239 3274
9 239 274 275 240 3275
9 240 275 276 241 3276
9 241 276 277 242 3277
9 242 277 278 243 3278
9 243 278 279 244 3279
9 244 279 280 245 3280
9 245 280 281 246 3281
9 246 281 282 247 3282
9 247 282 283 248 3283
9 249 284 285 250 3284
9 250 285 286 251 3285
9 251 286 287 252 3286
9 252 287 288 253 3287
9 253 288 289 254 3288
9 254 289 290 255 3289
9 255 290 291 256 3290
9 256 291 292 257 3291
9 257 292 293 258 3292
9 258 293 294 259 3293
9 259 294 295 260 3294
9 260 295 296 261 3295
9 261 296 297 262 3296
9 262 297 298 263 3297
9 263 298 299 264 3298
9 264 299 300 265 3299
9 265 300 301 266 3300
9 266 301 302 267 3301
9 267 302 303 268 3302
9 268 303 304 269 3303
9 269 304 305 270 3304
9 270 305 306 271 3305
9 271 306 307 272 3306
9 272 307 308 273 3307
9 273 308 309 274 3308
9 274 309 310 275 3309
9 275 310 311 276 3310
9 276 311 312 277 3311
9 277 312 313 278 3312
9 278 313 314 279 3313
9 279 314 315 280 3314
9 280 315 316 281 3315
9 281 316 317 282 3316
9 282 317 318 283 3317
9 284 319 320 285 3318
9 285 320 321 286 3319
9 286 321 322 287 3320
9 287 322 323 288 3321
9 288 323 324 289 3322
9 289 324 325 290 3323
9 290 325 326 291 3324
9 291 326 327 292 3325
9 292 327 328 293 3326
9 293 328 329 294 3327
9 294 329 330 295 3328
9 295 330 331 296 3329
9 296 331 332 297 3330
9 297 332 333 298 3331
9 298 333 334 299 3332
9 299 334 335 300 3333
9 300 335 336 301 3334
9 301 336 337 302 3335
9 302 337 338 303 3336
9 303 338 339 304 3337
9 304 339 340 305 3338
9 305 340 341 306 3339
9 306 341 342 307 3340
9 307 342 343 308 3341
9 308 343 344 309 3342
9 309 344 345 310 3343
9 310 345 346 311 3344
9 311 346 347 312 3345
9 312 347 348 313 3346
9 313 348 349 314 3347
9 314 349 350 315 3348
9 315 350 351 316 3349
9 316 351 352 317 3350
9 317 352 353 318 3351
9 319 354 355 320 3352
9 320 355 356 321 3353
9 321 356 357 322 3354
9 322 357 358 323 3355
9 323 358 359 324 3356
9 324 359 360 325 3357
9 325 360 361 326 3358
9 326 361 362 327 3359
9 327 362 363 328 3360
9 328 363 364 329 3361
9 329 364 365 330 3362
9 330 365 366 331 3363
9 331 366 367 332 3364
9 332 367 368 333 3365
9 333 368 369 334 3366
9 334 369 370 335 3367
9 335 370 371 336 3368
9 336 371 372 337 3369
9 337 372 373 338 3370
9 338 373 374 339 3371
9 339 374 375 340 3372
9 340 375 376 341 3373
9 341 376 377 342 3374
9 342 377 378 343 3375
9 343 378 379 344 3376
9 344 379 380 345 3377
9 345 380 381 346 3378
9 346 381 382 347 3379
9 347 382 383 348 3380
9 348 383 384 349 3381
9 349 384 385 350 3382
9 350 385 386 351 3383
9 351 386 387 352 3384
9 352 387 388 353 3385
9 354 389 390 355 3386
9 355 390 391 356 3387
9 356 391 392 357 3388
9 357 392 393 358 3389
9 358 393 394 359 3390
9 359 394 395 360 3391
9 360 395 396 361 3392
9 361 396 397 362 3393
9 362 397 398 363 3394
9 363 398 399 364 3395
9 364 399 400 365 3396
9 365 400 401 366 3397
9 366 401 402 367 3398
9 367 402 403 368 3399
9 368 403 404 369 3400
9 369 404 405 370 3401
9 370 405 406 371 3402
9 371 406 407 372 3403
9 372 407 408 373 3404
9 373 408 409 374 3405
9 374 409 410 375 3406
9 375 410 411 376 3407
9 376 411 412 377 3408
9 377 412 413 378 3409
9 378 413 414 379 3410
9 379 414 415 380 3411
9 380 415 416 381 3412
9 381 416 417 382 3413
9 382 417 418 383 3414
9 383 418 419 384 3415
9 384 419 420 385 3416
9 385 420 421 386 3417
9 386 421 422 387 3418
9 387 422 423 388 3419
9 389 424 425 390 3420
9 390 425 426 391 3421
9 391 426 427 392 3422
9 392 427 428 393 3423
9 393 428 429 394 3424
9 394 429 430 395 3425
9 395 430 431 396 3426
9 396 431 432 397 3427
9 397 432 433 398 3428
9 398 433 434 399 3429
9 399 434 435 400 3430
9 400 435 436 401 3431
9 401 436 437 402 3432
9 402 437 438 403 3433
9 403 438 439 404 3434
9 404 439 440 405 3435
9 405 440 441 406 3436
9 406 441 442 407 3437
9 407 442 443 408 3438
9 408 443 444 409 3439
9 409 444 445 410 3440
9 410 445 446 411 3441
9 411 446 447 412 3442
9 412 447 448 413 3443
9 413 448 449 414 3444
9 414 449 450 415 3445
9 415 450 451 416 3446
9 416 451 452 417 3447
9 417 452 453 418 3448
9 418 453 454 419 3449
9 419 454 455 420 3450
9 420 455 456 421 3451
9 421 456 457 422 3452
9 422 457 458 423 3453
9 424 459 460 425 3454
9 425 460 461 426 3455
9 426 461 462 427 3456
9 427 462 463 428 3457
9 428 463 464 429 3458
9 429 464 465 430 3459
9 430 465 466 431 3460
9 431 466 467 432 3461
9 432 467 468 433 3462
9 433 468 469 434 3463
9 434 469 470 435 3464
9 435 470 471 436 3465
9 436 471 472 437 3466
9 437 472 473 438 3467
9 438 473 474 439 3468
9 439 474 475 440 3469
9 440 475 476 441 3470
9 441 476 477 442 3471
9 442 477 478 443 3472
9 443 478 479 444 3473
9 444 479 480 445 3474
9 445 480 481 446 3475
9 446 481 482 447 3476
9 447 482 483 448 3477
9 448 483 484 449 3478
9 449 484 485 450 3479
9 450 485 486 451 3480
9 451 486 487 452 3481
9 452 487 488 453 3482
9 453 488 489 454 3483
9 454 489 490 455 3484
9 455 490 491 456 3485
9 456 491 492 457 3486
9 457 492 493 458 3487
9 459 494 495 460 3488
9 460 495 496 461 3489
9 461 496 497 462 3490
9 462 497 498 463 3491
9 463 498 499 464 3492
9 464 499 500 465 3493
9 465 500 501 466 3494
9 466 501 502 467 3495
9 467 502 503 468 3496
9 468 503 504 469 3497
9 469 504 505 470 3498
9 470 505 506 471 3499
9 471 506 507 472 3500
9 472 507 508 473 3501
9 473 508 509 474 3502
9 474 509 510 475 3503
9 475 510 511 476 3504
9 476 511 512 477 3505
9 477 512 513 478 3506
9 478 513 514 479 3507
9 479 514 515 480 3508
9 480 515 516 481 3509
9 481 516 517 482 3510
9 482 517 518 483 3511
9 483 518 519 484 3512
9 484 519 520 485 3513
9 485 520 521 486 3514
9 486 521 522 487 3515
9 487 522 523 488 3516
9 488 523 524 489 3517
9 489 524 525 490 3518
9 490 525 526 491 3519
9 491 526 527 492 3520
9 492 527 528 493 3521
9 494 529 530 495 3522
9 495 530 531 496 3523
9 496 531 532 497 3524
9 497 532 533 498 3525
9 498 533 534 499 3526
9 499 534 535 500 3527
9 500 535 536 501 3528
9 501 536 537 502 3529
9 502 537 538 503 3530
9 503 538 539 504 3531
9 504 539 540 505 3532
9 505 540 541 506 3533
9 506 541 542 507 3534
9 507 542 543 508 3535
9 508 543 544 509 3536
9 509 544 545 510 3537
9 510 545 546 511 3538
9 511 546 547 512 3539
9 512 547 548 513 3540
9 513 548 549 514 3541
9 514 549 550 515 3542
9 515 550 551 516 3543
9 516 551 552 517 3544
9 517 552 553 518 3545
9 518 553 554 519 3546
9 519 554 555 520 3547
9 520 555 556 521 3548
9 521 556 557 522 3549
9 522 557 558 523 3550
9 523 558 559 524 3551
9 524 559 560 525 3552
9 525 560 561 526 3553
9 526 561 562 527 3554
9 527 562 563 528 3555
NPOIN= 2790
0.06280555661802856 0.1363449807177801 0
10 1.665334536937735e-16 1
0.06280555661802856 -0.1363449807177801 2
-19.5 -5 3
20.5 -5 4
20.5 5 5
-19.5 5 6
0.6697877717263522 0.4014309697490377 7
1.329203226878742 0.515519122507243 8
1.996163977332619 0.5735124505295749 9
2.665272278011487 0.5974765213079073 10
3.334832137362361 0.5975735895834063 11
4.0041673952663 0.5798220926215899 12
4.672998038153017 0.5482284648903435 13
5.341220037307296 0.505610549867665 14
6.008807213173933 0.4539698827025709 15
6.675760494180636 0.3946886703067424 16
7.342078337177706 0.328642055618593 17
8.007739327081273 0.2562729782663368 18
8.672688490602862 0.1776336243775975 19
9.336826944947365 0.09242007544986432 20
9.336826944465086 -0.0924200755143159 21
8.672688485527752 -0.1776336250027098 22
8.007739317407779 -0.2562729793637885 23
7.342078322800573 -0.3286420571133885 24
6.675760476049301 -0.394688672014094 25
6.008807191074547 -0.4539698845452955 26
5.341220011333649 -0.5056105517114555 27
4.672998015508578 -0.548228466160784 28
4.004167375984442 -0.5798220933484421 29
3.334832121479238 -0.5975735898116838 30
2.665272265280064 -0.597476521102674 31
1.996163967752955 -0.5735124499744519 32
1.329203220623497 -0.5155191217498138 33
0.6697877687436764 -0.4014309690256326 34
0.02600175853844545 -0.08885715688186667 35
0.01206040846916469 -0.06094994417603351 36
0.005830276365910598 -0.04257174446199872 37
0.002705174484646264 -0.02909484586880974 38
0.001061549461885 -0.01825754407439825 39
0.0002478960499440054 -0.008821310589729799 40
8.977406786910663e-20 1.676067164425058e-10 41
0.0002478960666485889 0.008821310887207763 42
0.00106154949381342 0.01825754434864213 43
0.00270517453337512 0.02909484612902501 44
0.005830276435438191 0.0425717447131912 45
0.01206040856441978 0.06094994441308792 46
0.02600175865126025 0.08885715707027021 47
-18.49999999999877 -5 48
-17.49999999999754 -5 49
-16.49999999999631 -5 50
-15.49999999999508 -5 51
-14.4999999999942 -5 52
-13.49999999999707 -5 53
-12.50000000000028 -5 54
-11.50000000000349 -5 55
-10.5000000000067 -5 56
-9.500000000009907 -5 57
-8.500000000013117 -5 58
-7.50000000001633 -5 59
-6.50000000001954 -5 60
-5.50000000002275 -5 61
-4.50000000002596 -5 62
-3.500000000029031 -5 63
-2.500000000028358 -5 64
-1.500000000027129 -5 65
-0.5000000000258993 -5 66
0.49999999997533 -5 67
1.499999999976559 -5 68
2.499999999977788 -5 69
3.499999999979018 -5 70
4.49999999998024 -5 71
5.499999999981473 -5 72
6.499999999982705 -5 73
7.499999999983931 -5 74
8.49999999998516 -5 75
9.499999999986386 -5 76
10.49999999998762 -5 77
11.49999999998885 -5 78
12.49999999999008 -5 79
13.49999999999132 -5 80
14.49999999999255 -5 81
15.4999999999938 -5 82
16.49999999999503 -5 83
17.49999999999628 -5 84
18.49999999999752 -5 85
19.49999999999876 -5 86
20.5 -3.999999999998771 87
20.5 -3.000000000000872 88
20.5 -2.000000000004083 89
20.5 -1.000000000007258 90
20.5 -6.16751094639767e-12 91
20.5 0.99999999999506 92
20.5 1.99999999999629 93
20.5 2.999999999997519 94
20.5 3.999999999998758 95
19.49999999999877 5 96
18.49999999999754 5 97
17.49999999999631 5 98
16.49999999999508 5 99
15.4999999999942 5 100
14.49999999999707 5 101
13.50000000000028 5 102
12.50000000000349 5 103
11.5000000000067 5 104
10.50000000000991 5 105
9.500000000013117 5 106
8.50000000001633 5 107
7.50000000001954 5 108
6.50000000002275 5 109
5.50000000002596 5 110
4.500000000029031 5 111
3.500000000028358 5 112
2.500000000027129 5 113
1.500000000025899 5 114
0.50000000002467 5 115
-0.4999999999765592 5 116
-1.499999999977788 5 117
-2.499999999979018 5 118
-3.49999999998024 5 119
-4.499999999981473 5 120
-5.499999999982705 5 121
-6.499999999983931 5 122
-7.49999999998516 5 123
-8.499999999986386 5 124
-9.499999999987619 5 125
-10.49999999998885 5 126
-11.49999999999008 5 127
-12.49999999999132 5 128
-13.49999999999255 5 129
-14.4999999999938 5 130
-15.49999999999503 5 131
-16.49999999999628 5 132
-17.49999999999752 5 133
-18.49999999999876 5 134
-19.5 3.999999999998771 135
-19.5 3.000000000000872 136
-19.5 2.000000000004083 137
-19.5 1.000000000007258 138
-19.5 6.16751094639767e-12 139
-19.5 -0.99999999999506 140
-19.5 -1.99999999999629 141
-19.5 -2.999999999997519 142
-19.5 -3.999999999998758 143
0.06278650306597661 0.1363693850583253 144
0.06276744951392466 0.1363937893988705 145
0.0627483959618727 0.1364181937394157 146
0.06272934240982075 0.1364425980799609 147
0.0627102888577688 0.1364670024205061 148
0.06269123530571685 0.1364914067610513 149
0.0626721817536649 0.1365158111015965 150
0.06265312820161296 0.1365402154421417 151
0.06263407464956101 0.1365646197826869 152
0.06261502109750906 0.1365890241232321 153
0.06259596754545711 0.1366134284637772 154
0.06257691399340516 0.1366378328043225 155
0.06255786044135321 0.1366622371448676 156
0.06253880688930126 0.1366866414854128 157
0.06251975333724931 0.1367110458259581 158
0.06250069978519736 0.1367354501665032 159
0.06248164623314541 0.1367598545070484 160
0.06246259268109346 0.1367842588475936 161
0.06244353912904151 0.1368086631881388 162
0.06242448557698956 0.136833067528684 163
0.06240543202493761 0.1368574718692292 164
0.06238637847288566 0.1368818762097744 165
0.06236732492083371 0.1369062805503196 166
0.06234827136878176 0.1369306848908648 167
0.06232921781672981 0.13695508923141 168
0.06231016426467786 0.1369794935719552 169
0.06229111071262591 0.1370038979125004 170
0.06227205716057396 0.1370283022530456 171
0.06225300360852201 0.1370527065935908 172
0.06223395005647006 0.137077110934136 173
0.06221489650441811 0.1371015152746812 174
0.06219584295236617 0.1371259196152264 175
0.06217678940031422 0.1371503239557716 176
0.06215773584826226 0.1371747282963168 177
0.06213868229621031 0.137199132636862 178
10.00000414079608 2.971285593520035e-05 179
10.00000828159216 5.942571187023418e-05 180
10.00001242238824 8.9138567805268e-05 181
10.00001656318432 0.0001188514237403018 182
10.0000207039804 0.0001485642796753357 183
10.00002484477649 0.0001782771356103695 184
10.00002898557257 0.0002079899915454033 185
10.00003312636865 0.0002377028474804371 186
10.00003726716473 0.000267415703415471 187
10.00004140796081 0.0002971285593505048 188
10.00004554875689 0.0003268414152855386 189
10.00004968955297 0.0003565542712205725 190
10.00005383034905 0.0003862671271556063 191
10.00005797114513 0.0004159799830906402 192
10.00006211194121 0.000445692839025674 193
10.00006625273729 0.0004754056949607078 194
10.00007039353338 0.0005051185508957416 195
10.00007453432946 0.0005348314068307755 196
10.00007867512554 0.0005645442627658093 197
10.00008281592162 0.000594257118700843 198
10.0000869567177 0.0006239699746358768 199
10.00009109751378 0.0006536828305709106 200
10.00009523830986 0.0006833956865059444 201
10.00009937910594 0.0007131085424409782 202
10.00010351990202 0.000742821398376012 203
10.0001076606981 0.0007725342543110458 204
10.00011180149419 0.0008022471102460796 205
10.00011594229027 0.0008319599661811134 206
10.00012008308635 0.0008616728221161471 207
10.00012422388243 0.0008913856780511809 208
10.00012836467851 0.0009210985339862147 209
10.00013250547459 0.0009508113899212486 210
10.00013664627067 0.0009805242458562824 211
10.00014078706675 0.001010237101791316 212
10.00014492786283 0.00103994995772635 213
10.00001236782357 2.733197651465851e-05 214
10.00002473564714 5.466395302915048e-05 215
10.0000371034707 8.199592954364246e-05 216
10.00004947129427 0.0001093279060581344 217
10.00006183911784 0.0001366598825726264 218
10.00007420694141 0.0001639918590871184 219
10.00008657476498 0.0001913238356016104 220
10.00009894258855 0.0002186558121161023 221
10.00011131041211 0.0002459877886305943 222
10.00012367823568 0.0002733197651450863 223
10.00013604605925 0.0003006517416595783 224
10.00014841388282 0.0003279837181740703 225
10.00016078170638 0.0003553156946885623 226
10.00017314952995 0.0003826476712030543 227
10.00018551735352 0.0004099796477175463 228
10.00019788517709 0.0004373116242320383 229
10.00021025300066 0.0004646436007465303 230
10.00022262082422 0.0004919755772610222 231
10.00023498864779 0.0005193075537755142 232
10.00024735647136 0.000546639530290006 233
10.00025972429493 0.0005739715068044981 234
10.0002720921185 0.0006013034833189899 235
10.00028445994207 0.0006286354598334819 236
10.00029682776563 0.0006559674363479738 237
10.0003091955892 0.0006832994128624658 238
10.00032156341277 0.0007106313893769577 239
10.00033393123634 0.0007379633658914497 240
10.00034629905991 0.0007652953424059416 241
10.00035866688347 0.0007926273189204336 242
10.00037103470704 0.0008199592954349255 243
10.00038340253061 0.0008472912719494175 244
10.00039577035418 0.0008746232484639094 245
10.00040813817775 0.0009019552249784015 246
10.00042050600132 0.0009292872014928935 247
10.00043287382488 0.0009566191780073857 248
10.00001958683814 2.272346301823122e-05 249
10.00003917367629 4.544692603629592e-05 250
10.00005876051443 6.817038905436061e-05 251
10.00007834735258 9.08938520724253e-05 252
10.00009793419072 0.00011361731509049 253
10.00011752102886 0.0001363407781085547 254
10.00013710786701 0.0001590642411266194 255
10.00015669470515 0.0001817877041446841 256
10.00017628154329 0.0002045111671627488 257
10.00019586838144 0.0002272346301808135 258
10.00021545521958 0.0002499580931988782 259
10.00023504205772 0.0002726815562169429 260
10.00025462889587 0.0002954050192350076 261
10.00027421573401 0.0003181284822530723 262
10.00029380257216 0.000340851945271137 263
10.0003133894103 0.0003635754082892018 264
10.00033297624844 0.0003862988713072664 265
10.00035256308659 0.0004090223343253311 266
10.00037214992473 0.0004317457973433957 267
10.00039173676287 0.0004544692603614604 268
10.00041132360102 0.000477192723379525 269
10.00043091043916 0.0004999161863975897 270
10.0004504972773 0.0005226396494156544 271
10.00047008411545 0.0005453631124337191 272
10.00048967095359 0.0005680865754517838 273
10.00050925779174 0.0005908100384698484 274
10.00052884462988 0.0006135335014879131 275
10.00054843146802 0.0006362569645059778 276
10.00056801830617 0.0006589804275240424 277
10.00058760514431 0.000681703890542107 278
10.00060719198245 0.0007044273535601718 279
10.0006267788206 0.0007271508165782364 280
10.00064636565874 0.0007498742795963012 281
10.00066595249688 0.0007725977426143659 282
10.00068553933503 0.0007953212056324307 283
10.00002520946952 1.626292244596023e-05 284
10.00005041893904 3.252584489175393e-05 285
10.00007562840856 4.878876733754763e-05 286
10.00010083787808 6.505168978334132e-05 287
10.0001260473476 8.131461222913502e-05 288
10.00015125681712 9.757753467492873e-05 289
10.00017646628665 0.0001138404571207224 290
10.00020167575617 0.0001301033795665161 291
10.00022688522569 0.0001463663020123098 292
10.00025209469521 0.0001626292244581035 293
10.00027730416473 0.0001788921469038972 294
10.00030251363425 0.0001951550693496909 295
10.00032772310377 0.0002114179917954846 296
10.00035293257329 0.0002276809142412784 297
10.00037814204281 0.0002439438366870721 298
10.00040335151233 0.0002602067591328658 299
10.00042856098185 0.0002764696815786594 300
10.00045377045138 0.0002927326040244532 301
10.0004789799209 0.0003089955264702469 302
10.00050418939042 0.0003252584489160405 303
10.00052939885994 0.0003415213713618342 304
10.00055460832946 0.0003577842938076278 305
10.00057981779898 0.0003740472162534215 306
10.0006050272685 0.0003903101386992152 307
10.00063023673802 0.0004065730611450089 308
10.00065544620754 0.0004228359835908026 309
10.00068065567706 0.0004390989060365963 310
10.00070586514658 0.0004553618284823899 311
10.0007310746161 0.0004716247509281836 312
10.00075628408563 0.0004878876733739773 313
10.00078149355515 0.000504150595819771 314
10.00080670302467 0.0005204135182655646 315
10.00083191249419 0.0005366764407113584 316
10.00085712196371 0.0005529393631571521 317
10.00088233143323 0.0005692022856029459 318
10.0000287774572 8.476907289203055e-06 319
10.0000575549144 1.695381457823958e-05 320
10.00008633237159 2.54307218672761e-05 321
10.00011510982879 3.390762915631262e-05 322
10.00014388728599 4.238453644534914e-05 323
10.00017266474319 5.086144373438566e-05 324
10.00020144220039 5.933835102342218e-05 325
10.00023021965759 6.78152583124587e-05 326
10.00025899711479 7.629216560149522e-05 327
10.00028777457199 8.476907289053175e-05 328
10.00031655202918 9.324598017956828e-05 329
10.00034532948638 0.0001017228874686048 330
10.00037410694358 0.0001101997947576413 331
10.00040288440078 0.0001186767020466779 332
10.00043166185798 0.0001271536093357144 333
10.00046043931518 0.0001356305166247509 334
10.00048921677237 0.0001441074239137874 335
10.00051799422957 0.0001525843312028239 336
10.00054677168677 0.0001610612384918605 337
10.00057554914397 0.000169538145780897 338
10.00060432660117 0.0001780150530699335 339
10.00063310405837 0.00018649196035897 340
10.00066188151557 0.0001949688676480065 341
10.00069065897276 0.000203445774937043 342
10.00071943642996 0.0002119226822260795 343
10.00074821388716 0.000220399589515116 344
10.00077699134436 0.0002288764968041526 345
10.00080576880156 0.0002373534040931891 346
10.00083454625876 0.0002458303113822256 347
10.00086332371596 0.0002543072186712621 348
10.00089210117315 0.0002627841259602986 349
10.00092087863035 0.0002712610332493351 350
10.00094965608755 0.0002797379405383716 351
10.00097843354475 0.0002882148478274082 352
10.00100721100195 0.0002966917551164448 353
10.00003 1.053242544242888e-16 354
10.00006 4.411505515480416e-17 355
10.00009 -1.70941441146805e-17 356
10.00012 -7.830334338416516e-17 357
10.00015 -1.395125426536498e-16 358
10.00018 -2.007217419231345e-16 359
10.00021 -2.619309411926191e-16 360
10.00024 -3.231401404621038e-16 361
10.00027 -3.843493397315884e-16 362
10.0003 -4.455585390010732e-16 363
10.00033 -5.067677382705578e-16 364
10.00036 -5.679769375400426e-16 365
10.00039 -6.291861368095273e-16 366
10.00042 -6.903953360790119e-16 367
10.00045 -7.516045353484967e-16 368
10.00048 -8.128137346179813e-16 369
10.00051 -8.740229338874659e-16 370
10.00054 -9.352321331569506e-16 371
10.00057 -9.964413324264352e-16 372
10.0006 -1.05765053169592e-15 373
10.00063 -1.118859730965404e-15 374
10.00066 -1.180068930234889e-15 375
10.00069 -1.241278129504374e-15 376
10.00072 -1.302487328773858e-15 377
10.00075 -1.363696528043343e-15 378
10.00078 -1.424905727312827e-15 379
10.00081 -1.486114926582312e-15 380
10.00084 -1.547324125851797e-15 381
10.00087 -1.608533325121281e-15 382
10.0009 -1.669742524390766e-15 383
10.00093 -1.73095172366025e-15 384
10.00096 -1.792160922929735e-15 385
10.00099 -1.85337012219922e-15 386
10.00102 -1.914579321468705e-15 387
10.00105 -1.975788520738189e-15 388
10.0000287774572 -8.476907288987417e-06 389
10.0000575549144 -1.695381457814137e-05 390
10.00008633237159 -2.543072186729532e-05 391
10.00011510982879 -3.390762915644927e-05 392
10.00014388728599 -4.238453644560322e-05 393
10.00017266474319 -5.086144373475717e-05 394
10.00020144220039 -5.933835102391112e-05 395
10.00023021965759 -6.781525831306507e-05 396
10.00025899711479 -7.629216560221902e-05 397
10.00028777457199 -8.476907289137298e-05 398
10.00031655202918 -9.324598018052693e-05 399
10.00034532948638 -0.0001017228874696809 400
10.00037410694358 -0.0001101997947588349 401
10.00040288440078 -0.0001186767020479888 402
10.00043166185798 -0.0001271536093371428 403
10.00046043931518 -0.0001356305166262967 404
10.00048921677237 -0.0001441074239154507 405
10.00051799422957 -0.0001525843312046046 406
10.00054677168677 -0.0001610612384937585 407
10.00057554914397 -0.0001695381457829125 408
10.00060432660117 -0.0001780150530720664 409
10.00063310405837 -0.0001864919603612204 410
10.00066188151557 -0.0001949688676503743 411
10.00069065897276 -0.0002034457749395283 412
10.00071943642996 -0.0002119226822286822 413
10.00074821388716 -0.0002203995895178361 414
10.00077699134436 -0.0002288764968069901 415
10.00080576880156 -0.000237353404096144 416
10.00083454625876 -0.000245830311385298 417
10.00086332371595 -0.0002543072186744519 418
10.00089210117315 -0.0002627841259636059 419
10.00092087863035 -0.0002712610332527598 420
10.00094965608755 -0.0002797379405419138 421
10.00097843354475 -0.0002882148478310677 422
10.00100721100195 -0.0002966917551202217 423
10.00002520946952 -1.626292244573002e-05 424
10.00005041893904 -3.252584489162658e-05 425
10.00007562840856 -4.878876733752315e-05 426
10.00010083787808 -6.50516897834197e-05 427
10.0001260473476 -8.131461222931626e-05 428
10.00015125681712 -9.757753467521283e-05 429
10.00017646628664 -0.0001138404571211094 430
10.00020167575617 -0.0001301033795670059 431
10.00022688522569 -0.0001463663020129025 432
10.00025209469521 -0.0001626292244587991 433
10.00027730416473 -0.0001788921469046956 434
10.00030251363425 -0.0001951550693505922 435
10.00032772310377 -0.0002114179917964888 436
10.00035293257329 -0.0002276809142423853 437
10.00037814204281 -0.0002439438366882819 438
10.00040335151233 -0.0002602067591341785 439
10.00042856098185 -0.000276469681580075 440
10.00045377045137 -0.0002927326040259716 441
10.00047897992089 -0.0003089955264718681 442
10.00050418939042 -0.0003252584489177647 443
10.00052939885994 -0.0003415213713636612 444
10.00055460832946 -0.0003577842938095577 445
10.00057981779898 -0.0003740472162554543 446
10.0006050272685 -0.0003903101387013509 447
10.00063023673802 -0.0004065730611472474 448
10.00065544620754 -0.0004228359835931439 449
10.00068065567706 -0.0004390989060390405 450
10.00070586514658 -0.000455361828484937 451
10.0007310746161 -0.0004716247509308335 452
10.00075628408562 -0.0004878876733767301 453
10.00078149355514 -0.0005041505958226267 454
10.00080670302467 -0.0005204135182685232 455
10.00083191249418 -0.0005366764407144197 456
10.00085712196371 -0.0005529393631603164 457
10.00088233143323 -0.0005692022856062129 458
10.00001958683814 -2.272346301797809e-05 459
10.00003917367629 -4.544692603612272e-05 460
10.00005876051443 -6.817038905426735e-05 461
10.00007834735257 -9.089385207241198e-05 462
10.00009793419072 -0.0001136173150905566 463
10.00011752102886 -0.0001363407781087012 464
10.000137107867 -0.0001590642411268459 465
10.00015669470515 -0.0001817877041449905 466
10.00017628154329 -0.0002045111671631351 467
10.00019586838144 -0.0002272346301812798 468
10.00021545521958 -0.0002499580931994244 469
10.00023504205772 -0.0002726815562175691 470
10.00025462889587 -0.0002954050192357137 471
10.00027421573401 -0.0003181284822538584 472
10.00029380257215 -0.000340851945272003 473
10.0003133894103 -0.0003635754082901476 474
10.00033297624844 -0.0003862988713082923 475
10.00035256308658 -0.0004090223343264369 476
10.00037214992473 -0.0004317457973445815 477
10.00039173676287 -0.0004544692603627261 478
10.00041132360102 -0.0004771927233808706 479
10.00043091043916 -0.0004999161863990152 480
10.0004504972773 -0.0005226396494171599 481
10.00047008411545 -0.0005453631124353044 482
10.00048967095359 -0.0005680865754534491 483
10.00050925779173 -0.0005908100384715936 484
10.00052884462988 -0.0006135335014897383 485
10.00054843146802 -0.0006362569645078829 486
10.00056801830616 -0.0006589804275260275 487
10.00058760514431 -0.0006817038905441721 488
10.00060719198245 -0.0007044273535623167 489
10.00062677882059 -0.0007271508165804613 490
10.00064636565874 -0.000749874279598606 491
10.00066595249688 -0.0007725977426167507 492
10.00068553933503 -0.0007953212056348954 493
10.00001236782357 -2.733197651437591e-05 494
10.00002473564714 -5.466395302891835e-05 495
10.0000371034707 -8.19959295434608e-05 496
10.00004947129427 -0.0001093279060580032 497
10.00006183911784 -0.0001366598825725457 498
10.00007420694141 -0.0001639918590870881 499
10.00008657476498 -0.0001913238356016306 500
10.00009894258854 -0.000218655812116173 501
10.00011131041211 -0.0002459877886307154 502
10.00012367823568 -0.0002733197651452579 503
10.00013604605925 -0.0003006517416598004 504
10.00014841388282 -0.0003279837181743429 505
10.00016078170638 -0.0003553156946888853 506
10.00017314952995 -0.0003826476712034278 507
10.00018551735352 -0.0004099796477179702 508
10.00019788517709 -0.0004373116242325127 509
10.00021025300066 -0.0004646436007470551 510
10.00022262082422 -0.0004919755772615975 511
10.00023498864779 -0.00051930755377614 512
10.00024735647136 -0.0005466395302906824 513
10.00025972429493 -0.0005739715068052248 514
10.00027209211849 -0.0006013034833197672 515
10.00028445994206 -0.0006286354598343096 516
10.00029682776563 -0.000655967436348852 517
10.0003091955892 -0.0006832994128633945 518
10.00032156341277 -0.0007106313893779369 519
10.00033393123634 -0.0007379633658924793 520
10.0003462990599 -0.0007652953424070217 521
10.00035866688347 -0.0007926273189215641 522
10.00037103470704 -0.0008199592954361066 523
10.00038340253061 -0.000847291271950649 524
10.00039577035417 -0.0008746232484651913 525
10.00040813817774 -0.0009019552249797338 526
10.00042050600131 -0.0009292872014942763 527
10.00043287382488 -0.0009566191780088189 528
10.00000414079608 -2.971285593488418e-05 529
10.00000828159216 -5.942571186993489e-05 530
10.00001242238824 -8.913856780498562e-05 531
10.00001656318432 -0.0001188514237400363 532
10.0000207039804 -0.0001485642796750871 533
10.00002484477649 -0.0001782771356101378 534
10.00002898557257 -0.0002079899915451885 535
10.00003312636865 -0.0002377028474802392 536
10.00003726716473 -0.0002674157034152899 537
10.00004140796081 -0.0002971285593503406 538
10.00004554875689 -0.0003268414152853914 539
10.00004968955297 -0.0003565542712204421 540
10.00005383034905 -0.0003862671271554929 541
10.00005797114513 -0.0004159799830905436 542
10.00006211194121 -0.0004456928390255944 543
10.00006625273729 -0.0004754056949606451 544
10.00007039353337 -0.0005051185508956957 545
10.00007453432946 -0.0005348314068307464 546
10.00007867512554 -0.0005645442627657971 547
10.00008281592162 -0.0005942571187008478 548
10.0000869567177 -0.0006239699746358985 549
10.00009109751378 -0.0006536828305709492 550
10.00009523830986 -0.0006833956865059999 551
10.00009937910594 -0.0007131085424410506 552
10.00010351990202 -0.0007428213983761013 553
10.0001076606981 -0.000772534254311152 554
10.00011180149418 -0.0008022471102462026 555
10.00011594229026 -0.0008319599661812533 556
10.00012008308634 -0.000861672822116304 557
10.00012422388243 -0.0008913856780513547 558
10.00012836467851 -0.0009210985339864054 559
10.00013250547459 -0.000950811389921456 560
10.00013664627067 -0.0009805242458565068 561
10.00014078706675 -0.001010237101791558 562
10.00014492786283 -0.001039949957726608 563
0.06278650306596241 -0.1363693850583124 564
0.06276744951389626 -0.1363937893988447 565
0.06274839596183011 -0.1364181937393769 566
0.06272934240976397 -0.1364425980799092 567
0.06271028885769782 -0.1364670024204415 568
0.06269123530563167 -0.1364914067609738 569
0.06267218175356552 -0.1365158111015061 570
0.06265312820149938 -0.1365402154420384 571
0.06263407464943323 -0.1365646197825706 572
0.06261502109736708 -0.1365890241231029 573
0.06259596754530093 -0.1366134284636352 574
0.06257691399323477 -0.1366378328041675 575
0.06255786044116862 -0.1366622371446998 576
0.06253880688910247 -0.1366866414852321 577
0.06251975333703633 -0.1367110458257643 578
0.06250069978497018 -0.1367354501662966 579
0.06248164623290404 -0.1367598545068289 580
0.06246259268083788 -0.1367842588473612 581
0.06244353912877174 -0.1368086631878935 582
0.06242448557670559 -0.1368330675284258 583
0.06240543202463944 -0.1368574718689581 584
0.06238637847257329 -0.1368818762094903 585
0.06236732492050714 -0.1369062805500226 586
0.062348271368441 -0.1369306848905549 587
0.06232921781637485 -0.1369550892310872 588
0.0623101642643087 -0.1369794935716195 589
0.06229111071224255 -0.1370038979121518 590
0.06227205716017641 -0.137028302252684 591
0.06225300360811026 -0.1370527065932163 592
0.0622339500560441 -0.1370771109337486 593
0.06221489650397796 -0.1371015152742809 594
0.06219584295191181 -0.1371259196148132 595
0.06217678939984566 -0.1371503239553455 596
0.06215773584777951 -0.1371747282958777 597
0.06213868229571336 -0.13719913263641 598
0.6697790688106918 0.4014599075034024 599
0.6697703658950314 0.4014888452577672 600
0.669761662979371 0.4015177830121319 601
0.6697529600637107 0.4015467207664966 602
0.6697442571480502 0.4015756585208613 603
0.6697355542323898 0.401604596275226 604
0.6697268513167295 0.4016335340295907 605
0.669718148401069 0.4016624717839554 606
0.6697094454854087 0.4016914095383202 607
0.6697007425697483 0.4017203472926849 608
0.6696920396540879 0.4017492850470495 609
0.6696833367384275 0.4017782228014143 610
0.669674633822767 0.401807160555779 611
0.6696659309071067 0.4018360983101437 612
0.6696572279914463 0.4018650360645084 613
0.6696485250757859 0.4018939738188731 614
0.6696398221601255 0.4019229115732378 615
0.6696311192444652 0.4019518493276025 616
0.6696224163288047 0.4019807870819672 617
0.6696137134131444 0.402009724836332 618
0.669605010497484 0.4020386625906966 619
0.6695963075818235 0.4020676003450614 620
0.6695876046661632 0.4020965380994261 621
0.6695789017505028 0.4021254758537908 622
0.6695701988348424 0.4021544136081555 623
0.669561495919182 0.4021833513625202 624
0.6695527930035217 0.4022122891168849 625
0.6695440900878612 0.4022412268712496 626
0.6695353871722008 0.4022701646256143 627
0.6695266842565405 0.4022991023799791 628
0.66951798134088 0.4023280401343438 629
0.6695092784252197 0.4023569778887085 630
0.6695005755095593 0.4023859156430732 631
0.6694918725938989 0.4024148533974379 632
0.6694831696782385 0.4024437911518026 633
1.329199357112065 0.5155488989509969 634
1.329195487345388 0.5155786753947509 635
1.329191617578712 0.5156084518385048 636
1.329187747812035 0.5156382282822587 637
1.329183878045358 0.5156680047260126 638
1.329180008278681 0.5156977811697666 639
1.329176138512005 0.5157275576135205 640
1.329172268745328 0.5157573340572744 641
1.329168398978651 0.5157871105010283 642
1.329164529211974 0.5158168869447823 643
1.329160659445298 0.5158466633885362 644
1.329156789678621 0.5158764398322901 645
1.329152919911944 0.5159062162760442 646
1.329149050145268 0.5159359927197981 647
1.329145180378591 0.515965769163552 648
1.329141310611914 0.5159955456073059 649
1.329137440845237 0.5160253220510599 650
1.329133571078561 0.5160550984948138 651
1.329129701311884 0.5160848749385677 652
1.329125831545207 0.5161146513823216 653
1.329121961778531 0.5161444278260756 654
1.329118092011854 0.5161742042698295 655
1.329114222245177 0.5162039807135834 656
1.3291103524785 0.5162337571573374 657
1.329106482711824 0.5162635336010913 658
1.329102612945147 0.5162933100448452 659
1.32909874317847 0.5163230864885991 660
1.329094873411794 0.5163528629323532 661
1.329091003645117 0.5163826393761071 662
1.32908713387844 0.516412415819861 663
1.329083264111763 0.5164421922636149 664
1.329079394345086 0.5164719687073689 665
1.32907552457841 0.5165017451511228 666
1.329071654811733 0.5165315215948767 667
1.329067785045057 0.5165612980386307 668
1.996162136093647 0.573542403723052 669
1.996160294854676 0.5735723569165292 670
1.996158453615704 0.5736023101100063 671
1.996156612376733 0.5736322633034835 672
1.996154771137761 0.5736622164969606 673
1.99615292989879 0.5736921696904378 674
1.996151088659818 0.5737221228839149 675
1.996149247420846 0.573752076077392 676
1.996147406181875 0.5737820292708692 677
1.996145564942903 0.5738119824643463 678
1.996143723703932 0.5738419356578235 679
1.99614188246496 0.5738718888513006 680
1.996140041225989 0.5739018420447778 681
1.996138199987017 0.5739317952382549 682
1.996136358748046 0.573961748431732 683
1.996134517509074 0.5739917016252092 684
1.996132676270103 0.5740216548186863 685
1.996130835031131 0.5740516080121635 686
1.99612899379216 0.5740815612056406 687
1.996127152553188 0.5741115143991177 688
1.996125311314217 0.5741414675925949 689
1.996123470075245 0.574171420786072 690
1.996121628836274 0.5742013739795492 691
1.996119787597302 0.5742313271730263 692
1.996117946358331 0.5742612803665035 693
1.996116105119359 0.5742912335599806 694
1.996114263880387 0.5743211867534577 695
1.996112422641416 0.5743511399469349 696
1.996110581402444 0.574381093140412 697
1.996108740163473 0.5744110463338892 698
1.996106898924501 0.5744409995273663 699
1.99610505768553 0.5744709527208435 700
1.996103216446558 0.5745009059143206 701
1.996101375207587 0.5745308591077977 702
1.996099533968615 0.5745608123012749 703
2.665271736124649 0.5975065211821005 704
2.66527119423781 0.5975365210562937 705
2.665270652350972 0.5975665209304869 706
2.665270110464134 0.5975965208046801 707
2.665269568577296 0.5976265206788733 708
2.665269026690458 0.5976565205530665 709
2.66526848480362 0.5976865204272597 710
2.665267942916781 0.5977165203014529 711
2.665267401029943 0.5977465201756461 712
2.665266859143105 0.5977765200498393 713
2.665266317256267 0.5978065199240326 714
2.665265775369428 0.5978365197982257 715
2.66526523348259 0.5978665196724189 716
2.665264691595752 0.597896519546612 717
2.665264149708914 0.5979265194208053 718
2.665263607822076 0.5979565192949985 719
2.665263065935237 0.5979865191691917 720
2.665262524048399 0.5980165190433849 721
2.665261982161561 0.5980465189175781 722
2.665261440274723 0.5980765187917713 723
2.665260898387884 0.5981065186659645 724
2.665260356501046 0.5981365185401577 725
2.665259814614208 0.5981665184143509 726
2.66525927272737 0.5981965182885441 727
2.665258730840532 0.5982265181627373 728
2.665258188953693 0.5982565180369305 729
2.665257647066855 0.5982865179111237 730
2.665257105180017 0.5983165177853169 731
2.665256563293179 0.5983465176595101 732
2.665256021406341 0.5983765175337034 733
2.665255479519502 0.5984065174078965 734
2.665254937632664 0.5984365172820897 735
2.665254395745826 0.598466517156283 736
2.665253853858988 0.5984965170304761 737
2.665253311972149 0.5985265169046693 738
3.334832530944819 0.5976035896672381 739
3.334832924527277 0.5976335897510698 740
3.334833318109736 0.5976635898349016 741
3.334833711692194 0.5976935899187334 742
3.334834105274652 0.5977235900025653 743
3.33483449885711 0.5977535900863969 744
3.334834892439568 0.5977835901702288 745
3.334835286022027 0.5978135902540606 746
3.334835679604485 0.5978435903378923 747
3.334836073186943 0.5978735904217241 748
3.334836466769401 0.5979035905055559 749
3.334836860351859 0.5979335905893876 750
3.334837253934317 0.5979635906732194 751
3.334837647516776 0.5979935907570512 752
3.334838041099234 0.598023590840883 753
3.334838434681692 0.5980535909247147 754
3.33483882826415 0.5980835910085465 755
3.334839221846608 0.5981135910923783 756
3.334839615429066 0.59814359117621 757
3.334840009011525 0.5981735912600418 758
3.334840402593983 0.5982035913438736 759
3.334840796176441 0.5982335914277053 760
3.334841189758899 0.5982635915115371 761
3.334841583341357 0.5982935915953689 762
3.334841976923816 0.5983235916792007 763
3.334842370506274 0.5983535917630324 764
3.334842764088732 0.5983835918468642 765
3.33484315767119 0.598413591930696 766
3.334843551253648 0.5984435920145277 767
3.334843944836106 0.5984735920983595 768
3.334844338418565 0.5985035921821913 769
3.334844732001023 0.598533592266023 770
3.334845125583481 0.5985635923498548 771
3.334845519165939 0.5985935924336866 772
3.334845912748397 0.5986235925175184 773
4.004168499285585 0.579852073906401 774
4.00416960330487 0.5798820551912122 775
4.004170707324156 0.5799120364760233 776
4.004171811343441 0.5799420177608343 777
4.004172915362727 0.5799719990456454 778
4.004174019382011 0.5800019803304566 779
4.004175123401297 0.5800319616152677 780
4.004176227420582 0.5800619429000788 781
4.004177331439868 0.58009192418489 782
4.004178435459153 0.5801219054697011 783
4.004179539478439 0.5801518867545121 784
4.004180643497723 0.5801818680393233 785
4.004181747517009 0.5802118493241344 786
4.004182851536294 0.5802418306089455 787
4.00418395555558 0.5802718118937567 788
4.004185059574865 0.5803017931785678 789
4.00418616359415 0.5803317744633789 790
4.004187267613435 0.58036175574819 791
4.004188371632721 0.5803917370330011 792
4.004189475652006 0.5804217183178122 793
4.004190579671292 0.5804516996026233 794
4.004191683690578 0.5804816808874345 795
4.004192787709862 0.5805116621722456 796
4.004193891729148 0.5805416434570567 797
4.004194995748433 0.5805716247418679 798
4.004196099767719 0.5806016060266789 799
4.004197203787004 0.58063158731149 800
4.004198307806289 0.5806615685963011 801
4.004199411825574 0.5806915498811123 802
4.00420051584486 0.5807215311659234 803
4.004201619864145 0.5807515124507345 804
4.004202723883431 0.5807814937355457 805
4.004203827902716 0.5808114750203567 806
4.004204931922001 0.5808414563051678 807
4.004206035941286 0.5808714375899789 808
4.672999699536144 0.5482584198730563 809
4.673001360919272 0.5482883748557693 810
4.6730030223024 0.5483183298384822 811
4.673004683685528 0.5483482848211951 812
4.673006345068657 0.548378239803908 813
4.673008006451785 0.5484081947866208 814
4.673009667834913 0.5484381497693338 815
4.673011329218041 0.5484681047520467 816
4.673012990601169 0.5484980597347595 817
4.673014651984297 0.5485280147174725 818
4.673016313367425 0.5485579697001853 819
4.673017974750553 0.5485879246828983 820
4.673019636133682 0.5486178796656112 821
4.67302129751681 0.548647834648324 822
4.673022958899938 0.548677789631037 823
4.673024620283066 0.5487077446137498 824
4.673026281666194 0.5487376995964628 825
4.673027943049322 0.5487676545791756 826
4.67302960443245 0.5487976095618885 827
4.673031265815577 0.5488275645446015 828
4.673032927198705 0.5488575195273143 829
4.673034588581834 0.5488874745100273 830
4.673036249964962 0.5489174294927401 831
4.67303791134809 0.548947384475453 832
4.673039572731218 0.548977339458166 833
4.673041234114346 0.5490072944408788 834
4.673042895497474 0.5490372494235917 835
4.673044556880602 0.5490672044063046 836
4.67304621826373 0.5490971593890175 837
4.673047879646858 0.5491271143717305 838
4.673049541029987 0.5491570693544433 839
4.673051202413115 0.5491870243371562 840
4.673052863796243 0.5492169793198691 841
4.673054525179371 0.549246934302582 842
4.673056186562499 0.5492768892852949 843
5.341222147986307 0.5056404762121484 844
5.341224258665317 0.5056704025566318 845
5.341226369344328 0.5057003289011152 846
5.341228480023339 0.5057302552455986 847
5.34123059070235 0.5057601815900821 848
5.341232701381361 0.5057901079345655 849
5.341234812060372 0.5058200342790489 850
5.341236922739382 0.5058499606235323 851
5.341239033418393 0.5058798869680157 852
5.341241144097404 0.5059098133124991 853
5.341243254776415 0.5059397396569825 854
5.341245365455426 0.5059696660014659 855
5.341247476134437 0.5059995923459493 856
5.341249586813447 0.5060295186904328 857
5.341251697492458 0.5060594450349162 858
5.341253808171469 0.5060893713793996 859
5.34125591885048 0.506119297723883 860
5.341258029529491 0.5061492240683664 861
5.341260140208502 0.5061791504128498 862
5.341262250887512 0.5062090767573332 863
5.341264361566523 0.5062390031018166 864
5.341266472245534 0.5062689294463 865
5.341268582924545 0.5062988557907835 866
5.341270693603556 0.5063287821352669 867
5.341272804282567 0.5063587084797503 868
5.341274914961577 0.5063886348242337 869
5.341277025640588 0.5064185611687171 870
5.341279136319599 0.5064484875132005 871
5.34128124699861 0.5064784138576839 872
5.341283357677621 0.5065083402021673 873
5.341285468356632 0.5065382665466507 874
5.341287579035642 0.5065681928911342 875
5.341289689714653 0.5065981192356176 876
5.341291800393664 0.506628045580101 877
5.341293911072674 0.5066579719245844 878
6.008809697279266 0.4539997801727037 879
6.0088121813846 0.4540296776428365 880
6.008814665489933 0.4540595751129693 881
6.008817149595266 0.4540894725831021 882
6.008819633700599 0.4541193700532349 883
6.008822117805932 0.4541492675233678 884
6.008824601911266 0.4541791649935006 885
6.008827086016599 0.4542090624636334 886
6.008829570121933 0.4542389599337662 887
6.008832054227266 0.454268857403899 888
6.008834538332599 0.4542987548740318 889
6.008837022437933 0.4543286523441646 890
6.008839506543266 0.4543585498142975 891
6.008841990648599 0.4543884472844303 892
6.008844474753933 0.4544183447545631 893
6.008846958859266 0.4544482422246959 894
6.0088494429646 0.4544781396948287 895
6.008851927069933 0.4545080371649615 896
6.008854411175266 0.4545379346350943 897
6.0088568952806 0.4545678321052272 898
6.008859379385933 0.45459772957536 899
6.008861863491266 0.4546276270454928 900
6.008864347596599 0.4546575245156256 901
6.008866831701932 0.4546874219857584 902
6.008869315807266 0.4547173194558912 903
6.008871799912599 0.454747216926024 904
6.008874284017933 0.4547771143961569 905
6.008876768123266 0.4548070118662897 906
6.008879252228599 0.4548369093364225 907
6.008881736333933 0.4548668068065553 908
6.008884220439266 0.4548967042766881 909
6.008886704544599 0.4549266017468209 910
6.008889188649933 0.4549564992169537 911
6.008891672755266 0.4549863966870866 912
6.0088941568606 0.4550162941572193 913
6.675763301093469 0.3947185390933529 914
6.675766108006301 0.3947484078799635 915
6.675768914919134 0.3947782766665741 916
6.675771721831967 0.3948081454531846 917
6.675774528744799 0.3948380142397951 918
6.675777335657632 0.3948678830264057 919
6.675780142570464 0.3948977518130163 920
6.675782949483296 0.3949276205996268 921
6.675785756396129 0.3949574893862374 922
6.675788563308962 0.394987358172848 923
6.675791370221794 0.3950172269594585 924
6.675794177134627 0.3950470957460691 925
6.67579698404746 0.3950769645326797 926
6.675799790960292 0.3951068333192902 927
6.675802597873124 0.3951367021059007 928
6.675805404785957 0.3951665708925113 929
6.675808211698789 0.3951964396791219 930
6.675811018611622 0.3952263084657324 931
6.675813825524455 0.395256177252343 932
6.675816632437287 0.3952860460389536 933
6.67581943935012 0.3953159148255641 934
6.675822246262952 0.3953457836121747 935
6.675825053175784 0.3953756523987852 936
6.675827860088617 0.3954055211853958 937
6.67583066700145 0.3954353899720063 938
6.675833473914282 0.3954652587586169 939
6.675836280827115 0.3954951275452275 940
6.675839087739948 0.395524996331838 941
6.67584189465278 0.3955548651184486 942
6.675844701565612 0.3955847339050592 943
6.675847508478445 0.3956146026916697 944
6.675850315391278 0.3956444714782802 945
6.67585312230411 0.3956743402648908 946
6.675855929216943 0.3957042090515014 947
6.675858736129776 0.3957340778381119 948
7.34208143733039 0.328671895345988 949
7.342084537483075 0.328701735073383 950
7.342087637635759 0.328731574800778 951
7.342090737788443 0.3287614145281731 952
7.342093837941127 0.3287912542555681 953
7.342096938093811 0.3288210939829631 954
7.342100038246495 0.3288509337103581 955
7.34210313839918 0.3288807734377531 956
7.342106238551864 0.3289106131651481 957
7.342109338704549 0.3289404528925431 958
7.342112438857233 0.3289702926199382 959
7.342115539009916 0.3290001323473332 960
7.342118639162601 0.3290299720747282 961
7.342121739315285 0.3290598118021232 962
7.342124839467969 0.3290896515295182 963
7.342127939620654 0.3291194912569133 964
7.342131039773338 0.3291493309843083 965
7.342134139926022 0.3291791707117033 966
7.342137240078706 0.3292090104390983 967
7.34214034023139 0.3292388501664933 968
7.342143440384074 0.3292686898938884 969
7.342146540536759 0.3292985296212834 970
7.342149640689443 0.3293283693486784 971
7.342152740842127 0.3293582090760734 972
7.342155840994812 0.3293880488034684 973
7.342158941147495 0.3294178885308635 974
7.34216204130018 0.3294477282582585 975
7.342165141452864 0.3294775679856535 976
7.342168241605548 0.3295074077130485 977
7.342171341758233 0.3295372474404435 978
7.342174441910917 0.3295670871678385 979
7.342177542063601 0.3295969268952336 980
7.342180642216285 0.3296267666226286 981
7.342183742368969 0.3296566063500236 982
7.342186842521653 0.3296864460774186 983
8.007742709347697 0.2563027873297146 984
8.00774609161412 0.2563325963930925 985
8.007749473880544 0.2563624054564703 986
8.007752856146968 0.2563922145198481 987
8.007756238413393 0.2564220235832259 988
8.007759620679815 0.2564518326466037 989
8.007763002946239 0.2564816417099816 990
8.007766385212664 0.2565114507733594 991
8.007769767479088 0.2565412598367371 992
8.00777314974551 0.256571068900115 993
8.007776532011935 0.2566008779634928 994
8.007779914278359 0.2566306870268706 995
8.007783296544783 0.2566604960902484 996
8.007786678811206 0.2566903051536262 997
8.00779006107763 0.256720114217004 998
8.007793443344054 0.2567499232803819 999
8.007796825610479 0.2567797323437597 1000
8.007800207876901 0.2568095414071375 1001
8.007803590143325 0.2568393504705153 1002
8.00780697240975 0.2568691595338931 1003
8.007810354676174 0.256898968597271 1004
8.007813736942596 0.2569287776606488 1005
8.007817119209021 0.2569585867240265 1006
8.007820501475445 0.2569883957874044 1007
8.007823883741869 0.2570182048507822 1008
8.007827266008292 0.25704801391416 1009
8.007830648274716 0.2570778229775378 1010
8.00783403054114 0.2571076320409156 1011
8.007837412807564 0.2571374411042934 1012
8.007840795073987 0.2571672501676713 1013
8.007844177340411 0.2571970592310491 1014
8.007847559606835 0.2572268682944269 1015
8.00785094187326 0.2572566773578047 1016
8.007854324139682 0.2572864864211825 1017
8.007857706406107 0.2573162954845604 1018
8.672692160593121 0.1776633994207016 1019
8.672695830583379 0.1776931744638056 1020
8.672699500573637 0.1777229495069097 1021
8.672703170563894 0.1777527245500138 1022
8.672706840554152 0.1777824995931178 1023
8.672710510544411 0.1778122746362219 1024
8.672714180534669 0.177842049679326 1025
8.672717850524927 0.1778718247224301 1026
8.672721520515186 0.1779015997655342 1027
8.672725190505444 0.1779313748086382 1028
8.672728860495702 0.1779611498517423 1029
8.672732530485959 0.1779909248948464 1030
8.672736200476217 0.1780206999379504 1031
8.672739870466476 0.1780504749810545 1032
8.672743540456734 0.1780802500241586 1033
8.672747210446992 0.1781100250672627 1034
8.672750880437251 0.1781398001103668 1035
8.672754550427509 0.1781695751534708 1036
8.672758220417768 0.1781993501965749 1037
8.672761890408024 0.178229125239679 1038
8.672765560398283 0.1782589002827831 1039
8.672769230388541 0.1782886753258871 1040
8.672772900378799 0.1783184503689912 1041
8.672776570369058 0.1783482254120953 1042
8.672780240359316 0.1783780004551994 1043
8.672783910349574 0.1784077754983034 1044
8.672787580339833 0.1784375505414075 1045
8.672791250330089 0.1784673255845116 1046
8.672794920320348 0.1784971006276157 1047
8.672798590310606 0.1785268756707197 1048
8.672802260300864 0.1785566507138238 1049
8.672805930291123 0.1785864257569279 1050
8.672809600281381 0.178616200800032 1051
8.672813270271639 0.178645975843136 1052
8.672816940261898 0.1786757508862401 1053
9.336830923613956 0.09244981089577958 1054
9.336834902280549 0.09247954634169485 1055
9.336838880947139 0.09250928178761011 1056
9.33684285961373 0.09253901723352538 1057
9.336846838280323 0.09256875267944065 1058
9.336850816946914 0.0925984881253559 1059
9.336854795613505 0.09262822357127116 1060
9.336858774280097 0.09265795901718643 1061
9.336862752946688 0.0926876944631017 1062
9.336866731613279 0.09271742990901696 1063
9.336870710279872 0.09274716535493223 1064
9.336874688946462 0.09277690080084749 1065
9.336878667613053 0.09280663624676276 1066
9.336882646279646 0.09283637169267803 1067
9.336886624946237 0.09286610713859329 1068
9.336890603612828 0.09289584258450856 1069
9.33689458227942 0.09292557803042381 1070
9.336898560946011 0.09295531347633908 1071
9.336902539612602 0.09298504892225434 1072
9.336906518279195 0.09301478436816961 1073
9.336910496945785 0.09304451981408488 1074
9.336914475612376 0.09307425526000014 1075
9.336918454278969 0.09310399070591541 1076
9.33692243294556 0.09313372615183067 1077
9.336926411612151 0.09316346159774594 1078
9.336930390278743 0.09319319704366121 1079
9.336934368945334 0.09322293248957647 1080
9.336938347611925 0.09325266793549172 1081
9.336942326278518 0.09328240338140699 1082
9.336946304945108 0.09331213882732226 1083
9.336950283611699 0.09334187427323752 1084
9.336954262278292 0.09337160971915279 1085
9.336958240944883 0.09340134516506805 1086
9.336962219611474 0.09343108061098332 1087
9.336966198278066 0.09346081605689859 1088
9.336830924738127 -0.09244981074524049 1089
9.33683490501117 -0.09247954597616506 1090
9.336838885284211 -0.09250928120708965 1091
9.336842865557253 -0.09253901643801424 1092
9.336846845830294 -0.09256875166893881 1093
9.336850826103337 -0.0925984868998634 1094
9.336854806376378 -0.09262822213078799 1095
9.336858786649421 -0.09265795736171256 1096
9.336862766922462 -0.09268769259263715 1097
9.336866747195504 -0.09271742782356174 1098
9.336870727468545 -0.09274716305448631 1099
9.336874707741588 -0.0927768982854109 1100
9.336878688014629 -0.09280663351633549 1101
9.336882668287672 -0.09283636874726006 1102
9.336886648560712 -0.09286610397818465 1103
9.336890628833755 -0.09289583920910924 1104
9.336894609106796 -0.09292557444003381 1105
9.336898589379839 -0.0929553096709584 1106
9.33690256965288 -0.09298504490188299 1107
9.336906549925923 -0.09301478013280756 1108
9.336910530198963 -0.09304451536373215 1109
9.336914510472006 -0.09307425059465674 1110
9.336918490745047 -0.09310398582558131 1111
9.33692247101809 -0.0931337210565059 1112
9.336926451291131 -0.09316345628743049 1113
9.336930431564173 -0.09319319151835506 1114
9.336934411837214 -0.09322292674927965 1115
9.336938392110257 -0.09325266198020424 1116
9.336942372383298 -0.09328239721112881 1117
9.336946352656341 -0.0933121324420534 1118
9.336950332929382 -0.09334186767297799 1119
9.336954313202424 -0.09337160290390256 1120
9.336958293475465 -0.09340133813482715 1121
9.336962273748508 -0.09343107336575174 1122
9.336966254021549 -0.09346080859667631 1123
8.672692156983475 -0.1776633998651482 1124
8.672695828439197 -0.1776931747275866 1125
8.672699499894918 -0.177722949590025 1126
8.672703171350641 -0.1777527244524633 1127
8.672706842806363 -0.1777824993149017 1128
8.672710514262086 -0.1778122741773401 1129
8.672714185717808 -0.1778420490397785 1130
8.672717857173529 -0.1778718239022169 1131
8.672721528629252 -0.1779015987646553 1132
8.672725200084974 -0.1779313736270937 1133
8.672728871540697 -0.177961148489532 1134
8.672732542996417 -0.1779909233519704 1135
8.67273621445214 -0.1780206982144088 1136
8.672739885907863 -0.1780504730768472 1137
8.672743557363585 -0.1780802479392856 1138
8.672747228819308 -0.178110022801724 1139
8.672750900275028 -0.1781397976641624 1140
8.672754571730751 -0.1781695725266007 1141
8.672758243186474 -0.1781993473890391 1142
8.672761914642196 -0.1782291222514775 1143
8.672765586097919 -0.1782588971139159 1144
8.672769257553639 -0.1782886719763543 1145
8.672772929009362 -0.1783184468387927 1146
8.672776600465085 -0.178348221701231 1147
8.672780271920807 -0.1783779965636694 1148
8.672783943376528 -0.1784077714261078 1149
8.67278761483225 -0.1784375462885462 1150
8.672791286287973 -0.1784673211509846 1151
8.672794957743696 -0.178497096013423 1152
8.672798629199418 -0.1785268708758614 1153
8.672802300655139 -0.1785566457382997 1154
8.672805972110861 -0.1785864206007381 1155
8.672809643566584 -0.1786161954631765 1156
8.672813315022307 -0.1786459703256149 1157
8.672816986478029 -0.1786757451880533 1158
8.007742701071914 -0.2563027882685427 1159
8.007746084736048 -0.2563325971732969 1160
8.007749468400185 -0.2563624060780511 1161
8.00775285206432 -0.2563922149828053 1162
8.007756235728454 -0.2564220238875595 1163
8.007759619392589 -0.2564518327923138 1164
8.007763003056724 -0.256481641697068 1165
8.00776638672086 -0.2565114506018222 1166
8.007769770384995 -0.2565412595065764 1167
8.007773154049129 -0.2565710684113306 1168
8.007776537713264 -0.2566008773160848 1169
8.007779921377399 -0.2566306862208391 1170
8.007783305041535 -0.2566604951255932 1171
8.00778668870567 -0.2566903040303475 1172
8.007790072369804 -0.2567201129351017 1173
8.007793456033939 -0.2567499218398559 1174
8.007796839698074 -0.2567797307446101 1175
8.00780022336221 -0.2568095396493644 1176
8.007803607026345 -0.2568393485541186 1177
8.007806990690479 -0.2568691574588728 1178
8.007810374354614 -0.256898966363627 1179
8.007813758018749 -0.2569287752683812 1180
8.007817141682885 -0.2569585841731354 1181
8.00782052534702 -0.2569883930778896 1182
8.007823909011154 -0.2570182019826439 1183
8.007827292675289 -0.2570480108873981 1184
8.007830676339424 -0.2570778197921523 1185
8.00783406000356 -0.2571076286969065 1186
8.007837443667695 -0.2571374376016607 1187
8.00784082733183 -0.2571672465064149 1188
8.007844210995964 -0.2571970554111692 1189
8.007847594660099 -0.2572268643159234 1190
8.007850978324235 -0.2572566732206776 1191
8.00785436198837 -0.2572864821254318 1192
8.007857745652505 -0.2573162910301861 1193
7.34208142436259 -0.3286718966943293 1194
7.342084525924608 -0.3287017362752702 1195
7.342087627486625 -0.3287315758562111 1196
7.342090729048643 -0.3287614154371519 1197
7.34209383061066 -0.3287912550180928 1198
7.342096932172677 -0.3288210945990337 1199
7.342100033734694 -0.3288509341799746 1200
7.342103135296712 -0.3288807737609155 1201
7.342106236858729 -0.3289106133418563 1202
7.342109338420746 -0.3289404529227972 1203
7.342112439982764 -0.328970292503738 1204
7.342115541544781 -0.3290001320846789 1205
7.342118643106799 -0.3290299716656198 1206
7.342121744668816 -0.3290598112465607 1207
7.342124846230834 -0.3290896508275016 1208
7.342127947792851 -0.3291194904084425 1209
7.342131049354868 -0.3291493299893833 1210
7.342134150916886 -0.3291791695703242 1211
7.342137252478903 -0.3292090091512651 1212
7.342140354040921 -0.3292388487322059 1213
7.342143455602938 -0.3292686883131468 1214
7.342146557164956 -0.3292985278940877 1215
7.342149658726973 -0.3293283674750285 1216
7.34215276028899 -0.3293582070559694 1217
7.342155861851007 -0.3293880466369103 1218
7.342158963413024 -0.3294178862178512 1219
7.342162064975042 -0.3294477257987921 1220
7.342165166537059 -0.3294775653797329 1221
7.342168268099077 -0.3295074049606738 1222
7.342171369661094 -0.3295372445416146 1223
7.342174471223112 -0.3295670841225555 1224
7.342177572785129 -0.3295969237034964 1225
7.342180674347147 -0.3296267632844373 1226
7.342183775909164 -0.3296566028653782 1227
7.342186877471181 -0.3296864424463191 1228
6.675763284470198 -0.394718540658946 1229
6.675766092891097 -0.3947484093037981 1230
6.675768901311995 -0.3947782779486501 1231
6.675771709732892 -0.3948081465935021 1232
6.675774518153791 -0.3948380152383542 1233
6.675777326574688 -0.3948678838832062 1234
6.675780134995586 -0.3948977525280582 1235
6.675782943416484 -0.3949276211729102 1236
6.675785751837382 -0.3949574898177623 1237
6.67578856025828 -0.3949873584626143 1238
6.675791368679178 -0.3950172271074663 1239
6.675794177100076 -0.3950470957523184 1240
6.675796985520974 -0.3950769643971704 1241
6.675799793941872 -0.3951068330420225 1242
6.675802602362769 -0.3951367016868745 1243
6.675805410783668 -0.3951665703317265 1244
6.675808219204566 -0.3951964389765786 1245
6.675811027625463 -0.3952263076214306 1246
6.675813836046362 -0.3952561762662827 1247
6.675816644467259 -0.3952860449111347 1248
6.675819452888157 -0.3953159135559867 1249
6.675822261309055 -0.3953457822008388 1250
6.675825069729953 -0.3953756508456908 1251
6.675827878150852 -0.3954055194905428 1252
6.675830686571749 -0.3954353881353949 1253
6.675833494992647 -0.3954652567802469 1254
6.675836303413545 -0.395495125425099 1255
6.675839111834443 -0.395524994069951 1256
6.675841920255341 -0.395554862714803 1257
6.675844728676239 -0.3955847313596551 1258
6.675847537097137 -0.3956146000045071 1259
6.675850345518034 -0.3956444686493591 1260
6.675853153938933 -0.3956743372942111 1261
6.67585596235983 -0.3957042059390632 1262
6.675858770780728 -0.3957340745839152 1263
6.008809676883025 -0.4539997818738694 1264
6.008812162691504 -0.4540296792024434 1265
6.008814648499982 -0.4540595765310174 1266
6.00881713430846 -0.4540894738595913 1267
6.008819620116938 -0.4541193711881653 1268
6.008822105925416 -0.4541492685167393 1269
6.008824591733895 -0.4541791658453133 1270
6.008827077542374 -0.4542090631738872 1271
6.008829563350852 -0.4542389605024612 1272
6.00883204915933 -0.4542688578310352 1273
6.008834534967808 -0.4542987551596091 1274
6.008837020776286 -0.454328652488183 1275
6.008839506584764 -0.4543585498167571 1276
6.008841992393243 -0.454388447145331 1277
6.008844478201721 -0.4544183444739049 1278
6.008846964010199 -0.4544482418024789 1279
6.008849449818677 -0.4544781391310529 1280
6.008851935627155 -0.4545080364596268 1281
6.008854421435634 -0.4545379337882008 1282
6.008856907244112 -0.4545678311167748 1283
6.008859393052591 -0.4545977284453488 1284
6.008861878861069 -0.4546276257739227 1285
6.008864364669547 -0.4546575231024967 1286
6.008866850478025 -0.4546874204310707 1287
6.008869336286503 -0.4547173177596446 1288
6.008871822094981 -0.4547472150882186 1289
6.00887430790346 -0.4547771124167926 1290
6.008876793711938 -0.4548070097453665 1291
6.008879279520416 -0.4548369070739405 1292
6.008881765328894 -0.4548668044025145 1293
6.008884251137373 -0.4548967017310884 1294
6.008886736945851 -0.4549265990596624 1295
6.00888922275433 -0.4549564963882364 1296
6.008891708562808 -0.4549863937168103 1297
6.008894194371286 -0.4550162910453843 1298
5.341222124023937 -0.5056404779140174 1299
5.341224236714224 -0.5056704041165794 1300
5.341226349404511 -0.5057003303191413 1301
5.341228462094798 -0.5057302565217032 1302
5.341230574785086 -0.5057601827242652 1303
5.341232687475373 -0.5057901089268271 1304
5.34123480016566 -0.505820035129389 1305
5.341236912855948 -0.5058499613319509 1306
5.341239025546235 -0.5058798875345129 1307
5.341241138236522 -0.5059098137370748 1308
5.34124325092681 -0.5059397399396367 1309
5.341245363617096 -0.5059696661421986 1310
5.341247476307384 -0.5059995923447606 1311
5.341249588997671 -0.5060295185473225 1312
5.341251701687958 -0.5060594447498844 1313
5.341253814378246 -0.5060893709524463 1314
5.341255927068532 -0.5061192971550083 1315
5.34125803975882 -0.5061492233575702 1316
5.341260152449108 -0.5061791495601321 1317
5.341262265139394 -0.506209075762694 1318
5.341264377829682 -0.506239001965256 1319
5.341266490519969 -0.5062689281678179 1320
5.341268603210256 -0.5062988543703798 1321
5.341270715900544 -0.5063287805729417 1322
5.341272828590831 -0.5063587067755037 1323
5.341274941281118 -0.5063886329780656 1324
5.341277053971406 -0.5064185591806275 1325
5.341279166661693 -0.5064484853831894 1326
5.34128127935198 -0.5064784115857514 1327
5.341283392042267 -0.5065083377883133 1328
5.341285504732554 -0.5065382639908752 1329
5.341287617422842 -0.5065681901934371 1330
5.341289730113129 -0.5065981163959991 1331
5.341291842803416 -0.506628042598561 1332
5.341293955493703 -0.5066579688011229 1333
4.672999679349209 -0.5482584210070962 1334
4.67300134318984 -0.5482883758534083 1335
4.673003007030471 -0.5483183306997205 1336
4.673004670871101 -0.5483482855460325 1337
4.673006334711732 -0.5483782403923447 1338
4.673007998552364 -0.5484081952386568 1339
4.673009662392994 -0.548438150084969 1340
4.673011326233625 -0.5484681049312811 1341
4.673012990074255 -0.5484980597775932 1342
4.673014653914887 -0.5485280146239053 1343
4.673016317755518 -0.5485579694702175 1344
4.673017981596148 -0.5485879243165296 1345
4.67301964543678 -0.5486178791628418 1346
4.67302130927741 -0.548647834009154 1347
4.673022973118041 -0.548677788855466 1348
4.673024636958671 -0.5487077437017782 1349
4.673026300799303 -0.5487376985480903 1350
4.673027964639934 -0.5487676533944025 1351
4.673029628480564 -0.5487976082407146 1352
4.673031292321195 -0.5488275630870267 1353
4.673032956161826 -0.5488575179333388 1354
4.673034620002457 -0.548887472779651 1355
4.673036283843087 -0.5489174276259631 1356
4.673037947683719 -0.5489473824722753 1357
4.67303961152435 -0.5489773373185873 1358
4.67304127536498 -0.5490072921648995 1359
4.673042939205611 -0.5490372470112116 1360
4.673044603046242 -0.5490672018575238 1361
4.673046266886873 -0.549097156703836 1362
4.673047930727503 -0.549127111550148 1363
4.673049594568135 -0.5491570663964602 1364
4.673051258408766 -0.5491870212427723 1365
4.673052922249396 -0.5492169760890845 1366
4.673054586090027 -0.5492469309353966 1367
4.673056249930658 -0.5492768857817087 1368
4.004168483089522 -0.5798520745194641 1369
4.004169590194604 -0.5798820556904861 1370
4.004170697299684 -0.5799120368615081 1371
4.004171804404765 -0.57994201803253 1372
4.004172911509845 -0.5799719992035519 1373
4.004174018614926 -0.580001980374574 1374
4.004175125720007 -0.5800319615455959 1375
4.004176232825087 -0.5800619427166178 1376
4.004177339930168 -0.5800919238876399 1377
4.004178447035249 -0.5801219050586618 1378
4.00417955414033 -0.5801518862296837 1379
4.00418066124541 -0.5801818674007057 1380
4.004181768350491 -0.5802118485717277 1381
4.004182875455572 -0.5802418297427496 1382
4.004183982560653 -0.5802718109137716 1383
4.004185089665733 -0.5803017920847936 1384
4.004186196770815 -0.5803317732558155 1385
4.004187303875895 -0.5803617544268375 1386
4.004188410980976 -0.5803917355978595 1387
4.004189518086056 -0.5804217167688814 1388
4.004190625191137 -0.5804516979399034 1389
4.004191732296218 -0.5804816791109253 1390
4.004192839401298 -0.5805116602819473 1391
4.004193946506379 -0.5805416414529693 1392
4.00419505361146 -0.5805716226239912 1393
4.004196160716541 -0.5806016037950132 1394
4.004197267821621 -0.5806315849660352 1395
4.004198374926702 -0.5806615661370571 1396
4.004199482031783 -0.580691547308079 1397
4.004200589136864 -0.5807215284791011 1398
4.004201696241944 -0.580751509650123 1399
4.004202803347026 -0.5807814908211449 1400
4.004203910452106 -0.580811471992167 1401
4.004205017557187 -0.5808414531631889 1402
4.004206124662267 -0.5808714343342108 1403
3.334832519041001 -0.5976035898430456 1404
3.334832916602765 -0.5976335898744075 1405
3.334833314164529 -0.5976635899057693 1406
3.334833711726292 -0.5976935899371311 1407
3.334834109288056 -0.5977235899684928 1408
3.334834506849819 -0.5977535899998547 1409
3.334834904411583 -0.5977835900312165 1410
3.334835301973347 -0.5978135900625783 1411
3.33483569953511 -0.5978435900939401 1412
3.334836097096874 -0.5978735901253019 1413
3.334836494658637 -0.5979035901566637 1414
3.334836892220401 -0.5979335901880255 1415
3.334837289782165 -0.5979635902193873 1416
3.334837687343928 -0.5979935902507492 1417
3.334838084905692 -0.5980235902821109 1418
3.334838482467455 -0.5980535903134727 1419
3.334838880029219 -0.5980835903448345 1420
3.334839277590983 -0.5981135903761964 1421
3.334839675152746 -0.5981435904075582 1422
3.33484007271451 -0.5981735904389199 1423
3.334840470276273 -0.5982035904702817 1424
3.334840867838037 -0.5982335905016436 1425
3.334841265399801 -0.5982635905330054 1426
3.334841662961564 -0.5982935905643672 1427
3.334842060523328 -0.5983235905957289 1428
3.334842458085091 -0.5983535906270908 1429
3.334842855646855 -0.5983835906584526 1430
3.334843253208619 -0.5984135906898144 1431
3.334843650770382 -0.5984435907211761 1432
3.334844048332146 -0.598473590752538 1433
3.334844445893909 -0.5985035907838998 1434
3.334844843455673 -0.5985335908152616 1435
3.334845241017437 -0.5985635908466234 1436
3.3348456385792 -0.5985935908779852 1437
3.334846036140964 -0.598623590909347 1438
2.665271728715347 -0.5975065210725283 1439
2.66527119215063 -0.5975365210423826 1440
2.665270655585913 -0.5975665210122368 1441
2.665270119021196 -0.5975965209820912 1442
2.665269582456479 -0.5976265209519455 1443
2.665269045891762 -0.5976565209217998 1444
2.665268509327045 -0.5976865208916541 1445
2.665267972762327 -0.5977165208615084 1446
2.66526743619761 -0.5977465208313626 1447
2.665266899632893 -0.5977765208012169 1448
2.665266363068176 -0.5978065207710712 1449
2.665265826503459 -0.5978365207409255 1450
2.665265289938742 -0.5978665207107798 1451
2.665264753374025 -0.597896520680634 1452
2.665264216809307 -0.5979265206504883 1453
2.66526368024459 -0.5979565206203427 1454
2.665263143679873 -0.597986520590197 1455
2.665262607115156 -0.5980165205600513 1456
2.665262070550439 -0.5980465205299055 1457
2.665261533985722 -0.5980765204997598 1458
2.665260997421005 -0.5981065204696141 1459
2.665260460856288 -0.5981365204394684 1460
2.665259924291571 -0.5981665204093227 1461
2.665259387726853 -0.598196520379177 1462
2.665258851162136 -0.5982265203490312 1463
2.665258314597419 -0.5982565203188855 1464
2.665257778032702 -0.5982865202887399 1465
2.665257241467985 -0.5983165202585942 1466
2.665256704903268 -0.5983465202284485 1467
2.665256168338551 -0.5983765201983027 1468
2.665255631773833 -0.598406520168157 1469
2.665255095209116 -0.5984365201380113 1470
2.665254558644399 -0.5984665201078656 1471
2.665254022079682 -0.5984965200777199 1472
2.665253485514965 -0.5985265200475741 1473
1.996162134105869 -0.5735424036336407 1474
1.996160300458784 -0.5735723572928295 1475
1.996158466811699 -0.5736023109520182 1476
1.996156633164613 -0.573632264611207 1477
1.996154799517528 -0.5736622182703958 1478
1.996152965870442 -0.5736921719295845 1479
1.996151132223357 -0.5737221255887732 1480
1.996149298576271 -0.573752079247962 1481
1.996147464929186 -0.5737820329071508 1482
1.9961456312821 -0.5738119865663396 1483
1.996143797635015 -0.5738419402255283 1484
1.996141963987929 -0.573871893884717 1485
1.996140130340844 -0.5739018475439058 1486
1.996138296693759 -0.5739318012030946 1487
1.996136463046673 -0.5739617548622833 1488
1.996134629399588 -0.5739917085214721 1489
1.996132795752502 -0.5740216621806609 1490
1.996130962105417 -0.5740516158398496 1491
1.996129128458331 -0.5740815694990383 1492
1.996127294811246 -0.5741115231582271 1493
1.996125461164161 -0.5741414768174159 1494
1.996123627517075 -0.5741714304766047 1495
1.99612179386999 -0.5742013841357934 1496
1.996119960222904 -0.5742313377949821 1497
1.996118126575819 -0.5742612914541709 1498
1.996116292928733 -0.5742912451133597 1499
1.996114459281648 -0.5743211987725484 1500
1.996112625634562 -0.5743511524317372 1501
1.996110791987477 -0.574381106090926 1502
1.996108958340391 -0.5744110597501147 1503
1.996107124693306 -0.5744410134093034 1504
1.996105291046221 -0.5744709670684922 1505
1.996103457399135 -0.574500920727681 1506
1.99610162375205 -0.5745308743868698 1507
1.996099790104964 -0.5745608280460586 1508
1.329199363395108 -0.515548899820368 1509
1.32919550616672 -0.5155786778909222 1510
1.329191648938332 -0.5156084559614762 1511
1.329187791709944 -0.5156382340320304 1512
1.329183934481556 -0.5156680121025845 1513
1.329180077253168 -0.5156977901731387 1514
1.32917622002478 -0.5157275682436928 1515
1.329172362796391 -0.515757346314247 1516
1.329168505568003 -0.515787124384801 1517
1.329164648339615 -0.5158169024553552 1518
1.329160791111227 -0.5158466805259093 1519
1.329156933882839 -0.5158764585964635 1520
1.329153076654451 -0.5159062366670176 1521
1.329149219426063 -0.5159360147375718 1522
1.329145362197674 -0.5159657928081258 1523
1.329141504969286 -0.51599557087868 1524
1.329137647740898 -0.5160253489492341 1525
1.32913379051251 -0.5160551270197883 1526
1.329129933284122 -0.5160849050903424 1527
1.329126076055734 -0.5161146831608966 1528
1.329122218827345 -0.5161444612314506 1529
1.329118361598957 -0.5161742393020048 1530
1.329114504370569 -0.5162040173725589 1531
1.329110647142181 -0.5162337954431131 1532
1.329106789913793 -0.5162635735136673 1533
1.329102932685404 -0.5162933515842214 1534
1.329099075457016 -0.5163231296547754 1535
1.329095218228628 -0.5163529077253296 1536
1.32909136100024 -0.5163826857958838 1537
1.329087503771852 -0.5164124638664379 1538
1.329083646543464 -0.5164422419369921 1539
1.329079789315076 -0.5164720200075462 1540
1.329075932086687 -0.5165017980781003 1541
1.329072074858299 -0.5165315761486544 1542
1.329068217629911 -0.5165613542192086 1543
0.6697791006184751 -0.4014599172202942 1544
0.6697704324932739 -0.4014888654149557 1545
0.6697617643680727 -0.4015178136096172 1546
0.6697530962428714 -0.4015467618042787 1547
0.6697444281176702 -0.4015757099989403 1548
0.6697357599924689 -0.4016046581936018 1549
0.6697270918672676 -0.4016336063882633 1550
0.6697184237420665 -0.4016625545829249 1551
0.6697097556168652 -0.4016915027775864 1552
0.6697010874916639 -0.4017204509722479 1553
0.6696924193664627 -0.4017493991669094 1554
0.6696837512412614 -0.401778347361571 1555
0.6696750831160602 -0.4018072955562325 1556
0.669666414990859 -0.401836243750894 1557
0.6696577468656577 -0.4018651919455555 1558
0.6696490787404564 -0.4018941401402171 1559
0.6696404106152553 -0.4019230883348786 1560
0.669631742490054 -0.4019520365295401 1561
0.6696230743648527 -0.4019809847242016 1562
0.6696144062396515 -0.4020099329188632 1563
0.6696057381144502 -0.4020388811135247 1564
0.6695970699892489 -0.4020678293081862 1565
0.6695884018640478 -0.4020967775028478 1566
0.6695797337388465 -0.4021257256975093 1567
0.6695710656136452 -0.4021546738921708 1568
0.669562397488444 -0.4021836220868323 1569
0.6695537293632428 -0.4022125702814939 1570
0.6695450612380415 -0.4022415184761554 1571
0.6695363931128403 -0.402270466670817 1572
0.669527724987639 -0.4022994148654784 1573
0.6695190568624378 -0.40232836306014 1574
0.6695103887372366 -0.4023573112548015 1575
0.6695017206120353 -0.402386259449463 1576
0.6694930524868341 -0.4024152076441246 1577
0.6694843843616328 -0.4024441558387861 1578
0.02597624712773635 -0.08887321519032791 1579
0.02595073571702726 -0.08888927349878915 1580
0.02592522430631816 -0.0889053318072504 1581
0.02589971289560906 -0.08892139011571164 1582
0.02587420148489996 -0.08893744842417288 1583
0.02584869007419086 -0.08895350673263412 1584
0.02582317866348176 -0.08896956504109536 1585
0.02579766725277267 -0.08898562334955662 1586
0.02577215584206357 -0.08900168165801786 1587
0.02574664443135447 -0.0890177399664791 1588
0.02572113302064537 -0.08903379827494035 1589
0.02569562160993628 -0.08904985658340159 1590
0.02567011019922718 -0.08906591489186283 1591
0.02564459878851808 -0.08908197320032407 1592
0.02561908737780898 -0.08909803150878531 1593
0.02559357596709988 -0.08911408981724656 1594
0.02556806455639079 -0.0891301481257078 1595
0.02554255314568169 -0.08914620643416904 1596
0.02551704173497259 -0.08916226474263028 1597
0.02549153032426349 -0.08917832305109152 1598
0.0254660189135544 -0.08919438135955277 1599
0.0254405075028453 -0.08921043966801401 1600
0.0254149960921362 -0.08922649797647526 1601
0.0253894846814271 -0.08924255628493651 1602
0.025363973270718 -0.08925861459339775 1603
0.0253384618600089 -0.08927467290185899 1604
0.02531295044929981 -0.08929073121032023 1605
0.02528743903859071 -0.08930678951878147 1606
0.02526192762788161 -0.08932284782724272 1607
0.02523641621717251 -0.08933890613570396 1608
0.02521090480646342 -0.0893549644441652 1609
0.02518539339575432 -0.08937102275262644 1610
0.02515988198504522 -0.08938708106108768 1611
0.02513437057433612 -0.08940313936954893 1612
0.02510885916362702 -0.08941919767801017 1613
0.01203265870895574 -0.06096152664254159 1614
0.01200490894874679 -0.06097310910904967 1615
0.01197715918853784 -0.06098469157555774 1616
0.01194940942832889 -0.06099627404206582 1617
0.01192165966811994 -0.0610078565085739 1618
0.01189390990791099 -0.06101943897508198 1619
0.01186616014770204 -0.06103102144159005 1620
0.01183841038749309 -0.06104260390809813 1621
0.01181066062728413 -0.0610541863746062 1622
0.01178291086707518 -0.06106576884111428 1623
0.01175516110686623 -0.06107735130762236 1624
0.01172741134665728 -0.06108893377413044 1625
0.01169966158644833 -0.06110051624063852 1626
0.01167191182623938 -0.06111209870714659 1627
0.01164416206603043 -0.06112368117365467 1628
0.01161641230582148 -0.06113526364016274 1629
0.01158866254561253 -0.06114684610667082 1630
0.01156091278540358 -0.0611584285731789 1631
0.01153316302519462 -0.06117001103968697 1632
0.01150541326498567 -0.06118159350619505 1633
0.01147766350477672 -0.06119317597270313 1634
0.01144991374456777 -0.06120475843921121 1635
0.01142216398435882 -0.06121634090571929 1636
0.01139441422414987 -0.06122792337222736 1637
0.01136666446394092 -0.06123950583873543 1638
0.01133891470373197 -0.06125108830524351 1639
0.01131116494352302 -0.06126267077175159 1640
0.01128341518331407 -0.06127425323825967 1641
0.01125566542310512 -0.06128583570476775 1642
0.01122791566289617 -0.06129741817127582 1643
0.01120016590268722 -0.0613090006377839 1644
0.01117241614247826 -0.06132058310429198 1645
0.01114466638226931 -0.06133216557080005 1646
0.01111691662206036 -0.06134374803730813 1647
0.01108916686185141 -0.06135533050381621 1648
0.005801389477565985 -0.04257997584039962 1649
0.005772502589221371 -0.04258820721880051 1650
0.005743615700876758 -0.04259643859720141 1651
0.005714728812532145 -0.0426046699756023 1652
0.005685841924187532 -0.0426129013540032 1653
0.005656955035842919 -0.04262113273240409 1654
0.005628068147498305 -0.04262936411080499 1655
0.005599181259153692 -0.04263759548920588 1656
0.005570294370809079 -0.04264582686760678 1657
0.005541407482464466 -0.04265405824600767 1658
0.005512520594119852 -0.04266228962440857 1659
0.005483633705775239 -0.04267052100280946 1660
0.005454746817430627 -0.04267875238121036 1661
0.005425859929086013 -0.04268698375961125 1662
0.0053969730407414 -0.04269521513801215 1663
0.005368086152396786 -0.04270344651641304 1664
0.005339199264052174 -0.04271167789481393 1665
0.00531031237570756 -0.04271990927321483 1666
0.005281425487362947 -0.04272814065161572 1667
0.005252538599018334 -0.04273637203001662 1668
0.005223651710673721 -0.04274460340841751 1669
0.005194764822329108 -0.04275283478681841 1670
0.005165877933984495 -0.0427610661652193 1671
0.005136991045639881 -0.0427692975436202 1672
0.005108104157295268 -0.04277752892202109 1673
0.005079217268950655 -0.04278576030042198 1674
0.005050330380606042 -0.04279399167882288 1675
0.005021443492261429 -0.04280222305722377 1676
0.004992556603916815 -0.04281045443562467 1677
0.004963669715572203 -0.04281868581402556 1678
0.004934782827227589 -0.04282691719242646 1679
0.004905895938882976 -0.04283514857082736 1680
0.004877009050538363 -0.04284337994922825 1681
0.00484812216219375 -0.04285161132762915 1682
0.004819235273849136 -0.04285984270603004 1683
0.002675688806965786 -0.02910049759955805 1684
0.002646203129285308 -0.02910614933030637 1685
0.002616717451604831 -0.02911180106105468 1686
0.002587231773924354 -0.029117452791803 1687
0.002557746096243876 -0.02912310452255131 1688
0.002528260418563398 -0.02912875625329963 1689
0.002498774740882921 -0.02913440798404794 1690
0.002469289063202444 -0.02914005971479626 1691
0.002439803385521966 -0.02914571144554457 1692
0.002410317707841488 -0.02915136317629289 1693
0.002380832030161011 -0.0291570149070412 1694
0.002351346352480533 -0.02916266663778952 1695
0.002321860674800056 -0.02916831836853783 1696
0.002292374997119579 -0.02917397009928615 1697
0.002262889319439101 -0.02917962183003446 1698
0.002233403641758623 -0.02918527356078278 1699
0.002203917964078146 -0.02919092529153109 1700
0.002174432286397668 -0.02919657702227941 1701
0.002144946608717191 -0.02920222875302772 1702
0.002115460931036713 -0.02920788048377604 1703
0.002085975253356236 -0.02921353221452435 1704
0.002056489575675759 -0.02921918394527267 1705
0.002027003897995281 -0.02922483567602098 1706
0.001997518220314804 -0.0292304874067693 1707
0.001968032542634326 -0.02923613913751761 1708
0.001938546864953849 -0.02924179086826593 1709
0.001909061187273371 -0.02924744259901424 1710
0.001879575509592894 -0.02925309432976256 1711
0.001850089831912416 -0.02925874606051087 1712
0.001820604154231939 -0.02926439779125919 1713
0.001791118476551461 -0.02927004952200751 1714
0.001761632798870984 -0.02927570125275582 1715
0.001732147121190506 -0.02928135298350414 1716
0.001702661443510028 -0.02928700471425245 1717
0.001673175765829551 -0.02929265644500077 1718
0.001031744086054799 -0.01826109039086854 1719
0.001001938710224598 -0.01826463670733883 1720
0.0009721333343943971 -0.01826818302380911 1721
0.0009423279585641962 -0.0182717293402794 1722
0.0009125225827339952 -0.01827527565674969 1723
0.0008827172069037943 -0.01827882197321998 1724
0.0008529118310735934 -0.01828236828969027 1725
0.0008231064552433926 -0.01828591460616055 1726
0.0007933010794131917 -0.01828946092263084 1727
0.0007634957035829907 -0.01829300723910113 1728
0.0007336903277527898 -0.01829655355557142 1729
0.0007038849519225889 -0.01830009987204171 1730
0.000674079576092388 -0.01830364618851199 1731
0.0006442742002621872 -0.01830719250498228 1732
0.0006144688244319863 -0.01831073882145257 1733
0.0005846634486017854 -0.01831428513792286 1734
0.0005548580727715845 -0.01831783145439314 1735
0.0005250526969413836 -0.01832137777086343 1736
0.0004952473211111828 -0.01832492408733372 1737
0.0004654419452809818 -0.01832847040380401 1738
0.0004356365694507809 -0.01833201672027429 1739
0.00040583119362058 -0.01833556303674458 1740
0.0003760258177903791 -0.01833910935321487 1741
0.0003462204419601783 -0.01834265566968516 1742
0.0003164150661299774 -0.01834620198615544 1743
0.0002866096902997765 -0.01834974830262573 1744
0.0002568043144695756 -0.01835329461909602 1745
0.0002269989386393747 -0.01835684093556631 1746
0.0001971935628091739 -0.0183603872520366 1747
0.000167388186978973 -0.01836393356850688 1748
0.0001375828111487721 -0.01836747988497717 1749
0.0001077774353185711 -0.01837102620144746 1750
7.797205948837011e-05 -0.01837457251791775 1751
4.816668365816923e-05 -0.01837811883438804 1752
1.836130782796814e-05 -0.01838166515085832 1753
0.0002179325475109305 -0.008823026321820847 1754
0.0001879690450778556 -0.008824742053911896 1755
0.0001580055426447807 -0.008826457786002944 1756
0.0001280420402117058 -0.008828173518093993 1757
9.807853777863088e-05 -0.008829889250185043 1758
6.811503534555601e-05 -0.008831604982276092 1759
3.815153291248112e-05 -0.008833320714367141 1760
8.188030479406227e-06 -0.008835036446458189 1761
-2.177547195366867e-05 -0.008836752178549238 1762
-5.173897438674361e-05 -0.008838467910640286 1763
-8.17024768198185e-05 -0.008840183642731335 1764
-0.0001116659792528934 -0.008841899374822383 1765
-0.0001416294816859683 -0.008843615106913432 1766
-0.0001715929841190432 -0.008845330839004482 1767
-0.0002015564865521182 -0.008847046571095531 1768
-0.0002315199889851931 -0.00884876230318658 1769
-0.0002614834914182679 -0.008850478035277628 1770
-0.0002914469938513428 -0.008852193767368677 1771
-0.0003214104962844177 -0.008853909499459725 1772
-0.0003513739987174926 -0.008855625231550774 1773
-0.0003813375011505674 -0.008857340963641823 1774
-0.0004113010035836423 -0.008859056695732873 1775
-0.0004412645060167172 -0.008860772427823922 1776
-0.0004712280084497919 -0.00886248815991497 1777
-0.0005011915108828668 -0.008864203892006019 1778
-0.0005311550133159417 -0.008865919624097067 1779
-0.0005611185157490166 -0.008867635356188116 1780
-0.0005910820181820914 -0.008869351088279165 1781
-0.0006210455206151663 -0.008871066820370213 1782
-0.0006510090230482412 -0.008872782552461262 1783
-0.000680972525481316 -0.008874498284552312 1784
-0.0007109360279143909 -0.008876214016643361 1785
-0.0007408995303474658 -0.008877929748734409 1786
-0.0007708630327805408 -0.008879645480825458 1787
-0.0008008265352136158 -0.008881361212916506 1788
-3.001184316518634e-05 -4.028340207016905e-09 1789
-6.002368633037276e-05 -8.224287130476315e-09 1790
-9.003552949555918e-05 -1.242023405393573e-08 1791
-0.0001200473726607456 -1.661618097739514e-08 1792
-0.000150059215825932 -2.081212790085455e-08 1793
-0.0001800710589911185 -2.500807482431396e-08 1794
-0.0002100829021563049 -2.920402174777337e-08 1795
-0.0002400947453214913 -3.339996867123278e-08 1796
-0.0002701065884866777 -3.759591559469219e-08 1797
-0.0003001184316518641 -4.17918625181516e-08 1798
-0.0003301302748170506 -4.598780944161101e-08 1799
-0.000360142117982237 -5.018375636507043e-08 1800
-0.0003901539611474235 -5.437970328852984e-08 1801
-0.0004201658043126099 -5.857565021198925e-08 1802
-0.0004501776474777964 -6.277159713544866e-08 1803
-0.0004801894906429828 -6.696754405890808e-08 1804
-0.0005102013338081692 -7.116349098236749e-08 1805
-0.0005402131769733556 -7.53594379058269e-08 1806
-0.000570225020138542 -7.95553848292863e-08 1807
-0.0006002368633037284 -8.37513317527457e-08 1808
-0.0006302487064689148 -8.794727867620512e-08 1809
-0.0006602605496341012 -9.214322559966452e-08 1810
-0.0006902723927992876 -9.633917252312392e-08 1811
-0.0007202842359644739 -1.005351194465833e-07 1812
-0.0007502960791296604 -1.047310663700427e-07 1813
-0.0007803079222948468 -1.089270132935021e-07 1814
-0.0008103197654600331 -1.131229602169615e-07 1815
-0.0008403316086252195 -1.17318907140421e-07 1816
-0.000870343451790406 -1.215148540638804e-07 1817
-0.0009003552949555923 -1.257108009873398e-07 1818
-0.0009303671381207787 -1.299067479107992e-07 1819
-0.0009603789812859651 -1.341026948342586e-07 1820
-0.0009903908244511517 -1.38298641757718e-07 1821
-0.001020402667616338 -1.424945886811774e-07 1822
-0.001050414510781525 -1.466905356046369e-07 1823
0.0002179320709281805 0.008823017982731529 1824
0.0001879680752077721 0.008824725078255297 1825
0.0001580040794873637 0.008826432173779063 1826
0.0001280400837669553 0.008828139269302831 1827
9.807608804654686e-05 0.008829846364826597 1828
6.811209232613846e-05 0.008831553460350363 1829
3.814809660573004e-05 0.00883326055587413 1830
8.184100885321637e-06 0.008834967651397897 1831
-2.177989483508676e-05 0.008836674746921663 1832
-5.174389055549516e-05 0.00883838184244543 1833
-8.170788627590351e-05 0.008840088937969197 1834
-0.0001116718819963119 0.008841796033492964 1835
-0.0001416358777167203 0.00884350312901673 1836
-0.0001715998734371287 0.008845210224540496 1837
-0.0002015638691575371 0.008846917320064264 1838
-0.0002315278648779454 0.00884862441558803 1839
-0.0002614918605983538 0.008850331511111796 1840
-0.0002914558563187622 0.008852038606635564 1841
-0.0003214198520391706 0.00885374570215933 1842
-0.000351383847759579 0.008855452797683098 1843
-0.0003813478434799874 0.008857159893206864 1844
-0.0004113118392003957 0.00885886698873063 1845
-0.0004412758349208041 0.008860574084254398 1846
-0.0004712398306412125 0.008862281179778164 1847
-0.0005012038263616209 0.00886398827530193 1848
-0.0005311678220820293 0.008865695370825698 1849
-0.0005611318178024377 0.008867402466349464 1850
-0.0005910958135228461 0.008869109561873232 1851
-0.0006210598092432545 0.008870816657396998 1852
-0.0006510238049636629 0.008872523752920764 1853
-0.0006809878006840712 0.008874230848444532 1854
-0.0007109517964044796 0.008875937943968298 1855
-0.0007409157921248881 0.008877645039492064 1856
-0.0007708797878452966 0.008879352135015832 1857
-0.0008008437835657051 0.008881059230539598 1858
0.001031742981082978 0.01826108109682851 1859
0.001001936468352535 0.01826461784501489 1860
0.0009721299556220925 0.01826815459320127 1861
0.0009423234428916498 0.01827169134138765 1862
0.0009125169301612071 0.01827522808957404 1863
0.0008827104174307645 0.01827876483776042 1864
0.0008529039047003218 0.0182823015859468 1865
0.0008230973919698791 0.01828583833413318 1866
0.0007932908792394366 0.01828937508231956 1867
0.0007634843665089938 0.01829291183050594 1868
0.0007336778537785512 0.01829644857869232 1869
0.0007038713410481084 0.0182999853268787 1870
0.0006740648283176658 0.01830352207506509 1871
0.000644258315587223 0.01830705882325146 1872
0.0006144518028567804 0.01831059557143785 1873
0.0005846452901263376 0.01831413231962423 1874
0.000554838777395895 0.01831766906781061 1875
0.0005250322646654525 0.01832120581599699 1876
0.0004952257519350098 0.01832474256418337 1877
0.0004654192392045672 0.01832827931236975 1878
0.0004356127264741245 0.01833181606055613 1879
0.0004058062137436819 0.01833535280874251 1880
0.0003759997010132392 0.0183388895569289 1881
0.0003461931882827966 0.01834242630511528 1882
0.000316386675552354 0.01834596305330166 1883
0.0002865801628219114 0.01834949980148804 1884
0.0002567736500914688 0.01835303654967442 1885
0.0002269671373610261 0.0183565732978608 1886
0.0001971606246305835 0.01836011004604718 1887
0.0001673541119001408 0.01836364679423356 1888
0.0001375475991696982 0.01836718354241994 1889
0.0001077410864392556 0.01837072029060632 1890
7.793457370881287e-05 0.01837425703879271 1891
4.812806097837007e-05 0.01837779378697909 1892
1.832154824792727e-05 0.01838133053516547 1893
0.002675686682093834 0.02910048650804932 1894
0.002646198830812547 0.02910612688707363 1895
0.00261671097953126 0.02911176726609794 1896
0.002587223128249974 0.02911740764512225 1897
0.002557735276968687 0.02912304802414655 1898
0.002528247425687401 0.02912868840317086 1899
0.002498759574406114 0.02913432878219517 1900
0.002469271723124827 0.02913996916121948 1901
0.002439783871843541 0.02914560954024379 1902
0.002410296020562254 0.02915124991926809 1903
0.002380808169280967 0.0291568902982924 1904
0.00235132031799968 0.02916253067731671 1905
0.002321832466718394 0.02916817105634102 1906
0.002292344615437108 0.02917381143536532 1907
0.002262856764155821 0.02917945181438963 1908
0.002233368912874534 0.02918509219341394 1909
0.002203881061593247 0.02919073257243825 1910
0.002174393210311961 0.02919637295146256 1911
0.002144905359030674 0.02920201333048687 1912
0.002115417507749387 0.02920765370951117 1913
0.002085929656468101 0.02921329408853548 1914
0.002056441805186814 0.02921893446755979 1915
0.002026953953905528 0.0292245748465841 1916
0.001997466102624241 0.0292302152256084 1917
0.001967978251342955 0.02923585560463271 1918
0.001938490400061668 0.02924149598365702 1919
0.001909002548780381 0.02924713636268133 1920
0.001879514697499095 0.02925277674170564 1921
0.001850026846217808 0.02925841712072995 1922
0.001820538994936521 0.02926405749975425 1923
0.001791051143655235 0.02926969787877856 1924
0.001761563292373948 0.02927533825780287 1925
0.001732075441092662 0.02928097863682718 1926
0.001702587589811375 0.02928661901585149 1927
0.001673099738530088 0.02929225939487579 1928
0.005801385493887662 0.04257996185411315 1929
0.005772494552337133 0.04258817899503511 1930
0.005743603610786603 0.04259639613595707 1931
0.005714712669236074 0.04260461327687903 1932
0.005685821727685544 0.04261283041780098 1933
0.005656930786135016 0.04262104755872294 1934
0.005628039844584486 0.04262926469964489 1935
0.005599148903033957 0.04263748184056685 1936
0.005570257961483427 0.04264569898148881 1937
0.005541367019932898 0.04265391612241076 1938
0.005512476078382369 0.04266213326333272 1939
0.005483585136831839 0.04267035040425468 1940
0.00545469419528131 0.04267856754517663 1941
0.005425803253730781 0.04268678468609859 1942
0.005396912312180252 0.04269500182702055 1943
0.005368021370629722 0.04270321896794251 1944
0.005339130429079192 0.04271143610886446 1945
0.005310239487528664 0.04271965324978642 1946
0.005281348545978134 0.04272787039070838 1947
0.005252457604427605 0.04273608753163034 1948
0.005223566662877076 0.04274430467255229 1949
0.005194675721326546 0.04275252181347425 1950
0.005165784779776017 0.04276073895439621 1951
0.005136893838225487 0.04276895609531816 1952
0.005108002896674959 0.04277717323624012 1953
0.005079111955124429 0.04278539037716208 1954
0.0050502210135739 0.04279360751808403 1955
0.005021330072023371 0.04280182465900599 1956
0.004992439130472841 0.04281004179992795 1957
0.004963548188922312 0.0428182589408499 1958
0.004934657247371783 0.04282647608177186 1959
0.004905766305821254 0.04283469322269381 1960
0.004876875364270724 0.04284291036361577 1961
0.004847984422720194 0.04285112750453773 1962
0.004819093481169665 0.04285934464545969 1963
0.01203265093512544 0.06096150800846327 1964
0.01200489330583109 0.06097307160383863 1965
0.01197713567653675 0.06098463519921398 1966
0.0119493780472424 0.06099619879458933 1967
0.01192162041794806 0.06100776238996469 1968
0.01189386278865372 0.06101932598534004 1969
0.01186610515935937 0.0610308895807154 1970
0.01183834753006503 0.06104245317609075 1971
0.01181058990077069 0.0610540167714661 1972
0.01178283227147634 0.06106558036684146 1973
0.011755074642182 0.06107714396221681 1974
0.01172731701288765 0.06108870755759217 1975
0.01169955938359331 0.06110027115296752 1976
0.01167180175429896 0.06111183474834288 1977
0.01164404412500462 0.06112339834371823 1978
0.01161628649571028 0.06113496193909358 1979
0.01158852886641593 0.06114652553446893 1980
0.01156077123712159 0.06115808912984429 1981
0.01153301360782724 0.06116965272521965 1982
0.0115052559785329 0.061181216320595 1983
0.01147749834923856 0.06119277991597035 1984
0.01144974071994421 0.06120434351134571 1985
0.01142198309064987 0.06121590710672106 1986
0.01139422546135552 0.06122747070209641 1987
0.01136646783206118 0.06123903429747177 1988
0.01133871020276683 0.06125059789284712 1989
0.01131095257347249 0.06126216148822248 1990
0.01128319494417815 0.06127372508359783 1991
0.0112554373148838 0.06128528867897318 1992
0.01122767968558946 0.06129685227434854 1993
0.01119992205629512 0.0613084158697239 1994
0.01117216442700077 0.06131997946509925 1995
0.01114440679770643 0.0613315430604746 1996
0.01111664916841208 0.06134310665584995 1997
0.01108889153911774 0.06135467025122531 1998
0.02597623154171048 0.08887319041131227 1999
0.02595070443216072 0.08888922375235432 2000
0.02592517732261096 0.08890525709339638 2001
0.02589965021306119 0.08892129043443843 2002
0.02587412310351143 0.08893732377548048 2003
0.02584859599396167 0.08895335711652255 2004
0.02582306888441191 0.08896939045756461 2005
0.02579754177486214 0.08898542379860666 2006
0.02577201466531238 0.08900145713964872 2007
0.02574648755576262 0.08901749048069077 2008
0.02572096044621285 0.08903352382173282 2009
0.02569543333666309 0.08904955716277488 2010
0.02566990622711333 0.08906559050381693 2011
0.02564437911756356 0.08908162384485899 2012
0.0256188520080138 0.08909765718590104 2013
0.02559332489846404 0.08911369052694311 2014
0.02556779778891428 0.08912972386798516 2015
0.02554227067936451 0.08914575720902722 2016
0.02551674356981475 0.08916179055006927 2017
0.02549121646026499 0.08917782389111133 2018
0.02546568935071522 0.08919385723215338 2019
0.02544016224116546 0.08920989057319544 2020
0.0254146351316157 0.08922592391423749 2021
0.02538910802206594 0.08924195725527954 2022
0.02536358091251617 0.0892579905963216 2023
0.02533805380296641 0.08927402393736365 2024
0.02531252669341665 0.08929005727840572 2025
0.02528699958386688 0.08930609061944778 2026
0.02526147247431712 0.08932212396048983 2027
0.02523594536476736 0.08933815730153188 2028
0.0252104182552176 0.08935419064257394 2029
0.02518489114566783 0.08937022398361599 2030
0.02515936403611807 0.08938625732465805 2031
0.0251338369265683 0.0894022906657001 2032
0.02510830981701854 0.08941832400674216 2033
14.95500176458363 4.252404283090685 2034
-5.09512556778636 4.121092147838279 2035
14.07730779753405 -4.274874698537921 2036
-4.0869107838571 -4.284624493002791 2037
-12.99441692918447 -4.138606614899921 2038
-9.987200312153742 -4.136124501425238 2039
-7.059534341370697 -4.121168805405341 2040
-7.996344130269334 4.216890291250971 2041
-11.99969739262653 4.135874289387769 2042
9.726609284224701 -0.4076013775550884 2043
9.708592887923665 0.3345437546538925 2044
-15.0298094474268 4.122042559811219 2045
19.66132403518453 -0.468873308274552 2046
0.2931722484458935 0.576515994496808 2047
0.2881610473672713 -0.6036732928648146 2048
-18.65125215314401 -0.5096275296344712 2049
12.04732956008956 4.149213470977536 2050
-1.935799133565435 4.189186874478596 2051
11.06825012906164 -4.150488080498291 2052
-0.9472608574050643 -4.20367136351436 2053
8.474104278042882 0.913235000017854 2054
8.428701890792059 -0.7678549683351384 2055
16.95531603786766 -4.108862835524427 2056
-16.00304413665813 -4.1385914340172 2057
9.952973922222675 4.168706827928055 2058
6.382322816618592 -1.014775879958469 2059
6.4326174170708 0.9964431860529934 2060
-0.05781655021407683 4.223692892219874 2061
1.607367544183176 -1.118222323795881 2062
3.020407065326248 -1.21703582257339 2063
2.928870901009726 1.166996269519007 2064
1.714641703013351 1.067987312673494 2065
4.354351264316718 1.114218325773979 2066
4.393322522575361 -1.153924047391769 2067
16.88339418694254 4.015860367271729 2068
19.65286237492614 1.479755802410754 2069
-18.52115069143489 1.451953951900397 2070
-9.998517409295591 4.140845442025854 2071
9.12952309609601 -4.045307611203647 2072
8.008174575070587 4.263663723860108 2073
7.02853849240874 -4.225970982739065 2074
6.000000000024355 4.133974596218342 2075
1.060291039766502 -4.012328606381309 2076
4.999999999980856 -4.133974596214498 2077
1.939953576837873 4.131379334253634 2078
3.975894645212215 4.288216314484273 2079
19.64060143120638 -2.566384366726694 2080
-18.68118368811608 -2.443399640059213 2081
-16.99999999999689 4.133974596214484 2082
3.038588019545522 -4.162183106473421 2083
19.53923561576947 3.423297629736727 2084
19.0058233093573 -4.1549566754684 2085
-18.68166272511415 3.505607583415268 2086
-17.99030909454241 -4.16493202819546 2087
-0.9999847932432226 4.205069483295534 2088
-1.453829730465353 3.456828580257821 2089
-2.277476397680912 3.414058300807387 2090
-1.843951763956281 2.768757214208882 2091
-2.543196128203441 2.70903547972937 2092
-2.134588986923522 2.065416491922459 2093
-2.798650280344149 2.098858996451443 2094
-2.51239544896091 1.547033125488043 2095
-3.14078287569709 1.569588723641373 2096
-2.774533108664537 1.013952398254043 2097
-3.419729053719012 1.003158227495603 2098
-3.02871069617753 0.4449461888169686 2099
-3.65942548950299 0.4161170232516583 2100
-2.200958584369821 1.04687006544319 2101
-3.272504571732841 -0.1277725046517221 2102
-2.669823428421671 -0.08446432522255945 2103
-3.955130148464408 -0.2052873271695477 2104
-4.355743482293589 0.3872462478921775 2105
-4.685750781929168 -0.2840211690641142 2106
-5.118641490086511 0.3722978130673147 2107
-2.894083729617845 -0.6317842293101116 2108
-2.256892243100361 -0.5286770631455399 2109
-5.471827677462818 -0.3542998251887094 2110
-5.941146102803405 0.3375748552555065 2111
-6.310408337396273 -0.4301299648873512 2112
-6.800206853327543 0.2919794643165152 2113
-1.125048723808707 2.792824440736537 2114
-2.532115079844532 -1.121096225179957 2115
-1.947269587002855 -1.041492776728655 2116
-1.692669211908582 -0.5766804721869256 2117
-7.178560071699419 -0.5351081220625443 2118
-7.694720462291266 0.234426847420549 2119
-8.090548822621967 -0.6259455932083434 2120
-8.620022684815709 0.1861928558469124 2121
-9.048133844834696 -0.6858878086970384 2122
-9.576922462529947 0.1306445089997599 2123
-10.01224075268475 -0.7372342090769318 2124
-10.54235405828966 0.07367891946226224 2125
-1.429813599099532 -0.9756810400059873 2126
-1.228519357334218 -0.5029365272341346 2127
-0.01038595719325952 0.07986584710475644 2128
-0.008207481999022307 -0.05570619986500015 2129
-4.232045505320704 -0.8766657006217825 2130
-10.98020020102226 -0.7826126021026452 2131
-11.51172405391746 0.0215587851604286 2132
-2.176638531416367 -1.632571992566358 2133
-6.383673696677523 1.07463327353558 2134
-4.682094623227822 1.126472178306095 2135
-11.95893422483492 -0.823958759246241 2136
-12.49502321340366 -0.0395843488514579 2137
-12.93153782853945 -0.8997508702940884 2138
-13.47894846487101 -0.09867350086117627 2139
-13.91827521313886 -0.9609626489633489 2140
-14.46808602573714 -0.1550871747202373 2141
-5.797071888106647 -1.094585281015792 2142
-14.93785653385927 -0.9758205940815474 2143
-13.03135495838497 0.7520690728986833 2144
-0.9826740330350098 -0.8980783681800786 2145
-1.129986981037113 -1.375021738646211 2146
-0.8452200808534075 -0.5035339755024515 2147
-0.01031159281870157 0.00428406580066201 2148
-1.003901481537921 -0.2269789457601046 2149
-0.6930369934828873 -0.1891171744401925 2150
-0.8697347160434141 0.008531633822073581 2151
-0.6430832277023855 0.05439782497483085 2152
-0.7709627761690252 0.2200301205973674 2153
-0.5576235779260176 0.2437695578359293 2154
-0.6839607756113751 0.443068489489424 2155
-1.139562537380292 0.02066085344139978 2156
-0.5562473277686416 -0.4313539795352059 2157
-15.46001514700582 -0.2243676383563162 2158
-15.01089671399676 0.6589933417325551 2159
-11.07520714960573 0.8835272856928378 2160
-9.14073053656074 0.9680495838661893 2161
-8.520057110079293 -1.520519055170523 2162
-0.4700595654958536 0.08812801255400779 2163
-0.3603289290983185 0.2361910668521157 2164
-2.7907115800155 -1.733152189926784 2165
-2.42163134302964 -2.266526172907906 2166
-3.45542957021703 2.122222952986405 2167
-0.6854127827479113 -1.252948747035921 2168
-0.7836377973226042 -1.783066003026142 2169
-0.2351428098280189 -1.570754639766912 2170
-15.92507148649677 -1.060441855980732 2171
-11.45831004832937 -1.612414919215718 2172
-0.4208190087069728 -2.232250154411595 2173
0.2108981139781885 -2.12176896346108 2174
-16.01332456051759 0.58493585569771 2175
-14.42882746902975 -1.722338313676883 2176
-15.55096331365165 1.48299903834576 2177
-3.024888201215064 3.255036973857099 2178
-3.115891562315199 -2.347235577664867 2179
-0.9431952716007743 0.4209010468503389 2180
-0.8275803615784325 0.6754214667571997 2181
-0.5035077140878709 0.6588090019730428 2182
-0.7017279586777564 0.9706499716928741 2183
-0.3468021710572876 0.9820292656239784 2184
-0.5560624780334305 1.32099541521113 2185
-0.1167606688911036 1.339621471258351 2186
-0.9917817436511649 1.262402123606638 2187
-1.137738942010543 0.6559873651736183 2188
-0.3831472974313488 1.749485279737838 2189
0.1559149716134522 1.779041228613005 2190
-2.704941851775498 -2.933081015716494 2191
-1.037245264075814 -2.298652544693261 2192
-0.2177846881049854 0.1119135251798493 2193
-0.2810839016495104 -0.01794352718424662 2194
-0.1842277763588729 0.2703822352686157 2195
-0.1707578973543337 2.262459549387265 2196
0.4612127582429948 2.292393742342316 2197
-16.55773875941381 1.414782013687184 2198
-14.53535138978998 1.526593876750611 2199
-0.02831748595684785 -2.771957797695805 2200
0.6362035116117789 -2.643591337321843 2201
-16.0998744460898 2.316384892808058 2202
0.4491030100524679 -1.477798266046575 2203
0.3839060406996675 1.29248084476493 2204
-17.06513510307234 2.250095281753294 2205
-17.06811379444366 0.4649194320249559 2206
0.1028121495667176 2.81763915390099 2207
0.7966372865012226 2.878837031071312 2208
1.132916932557752 2.292078012989794 2209
1.538847628618203 2.868350625700852 2210
1.881106247898452 2.258361501224504 2211
2.279218176268424 2.863340244538154 2212
-0.2016834800657029 0.6621677892571204 2213
2.640511448737467 2.252004726035848 2214
3.061672363341056 2.878445861037129 2215
3.449619520905608 2.178062044706094 2216
3.903184990707994 2.896402671863453 2217
4.322010233000677 2.263142013622723 2218
4.756181668811756 2.911353899325345 2219
5.132965825198068 2.27578350560194 2220
5.569456316779757 2.880501826239013 2221
5.942692564570316 2.26760072109102 2222
6.354278187868269 2.869912163436699 2223
6.772156908000575 2.247431597803807 2224
7.170496547393922 2.881814828476691 2225
7.586390271074805 2.217883477083646 2226
8.01296320171701 2.892065554164599 2227
8.39508132638101 2.232437349139786 2228
8.810513506057394 2.893954123444785 2229
9.171508733378438 2.162782817187082 2230
9.650774468930248 2.873825699013676 2231
9.869669975089263 2.201709981841479 2232
9.609739426749908 1.719653203034829 2233
10.15692908103348 1.673732560698184 2234
10.41101498740746 2.166552676514292 2235
10.64710485678228 1.751578379127667 2236
10.90018898109609 2.169549746758839 2237
11.11900830717358 1.761752360568117 2238
10.82840436857938 1.321239480725706 2239
11.34896058755113 1.358422376344175 2240
11.09362299832078 0.9261072443315495 2241
11.59972862202684 0.9523346071179581 2242
11.33300827919575 0.5186344220978072 2243
11.87787874242071 0.5186401487575398 2244
11.56695052968269 0.06199422345439891 2245
12.15154691717803 0.007887425695333775 2246
12.4762485743275 0.5353023770072309 2247
12.80205535382076 -0.02787693240827201 2248
13.13950979776187 0.562214250447332 2249
13.50325416531585 -0.05536560636532981 2250
13.85289383297796 0.6029288647131712 2251
14.25055986674417 -0.06694381551564421 2252
12.41532175034165 -0.5665674083876171 2253
14.62199409632804 0.6415702335133422 2254
15.04620249691089 -0.063023814110235 2255
11.6952927654138 1.838008857197556 2256
15.43911003446916 0.6700818098180652 2257
13.4427717853203 1.221410133486821 2258
15.87816449539126 -0.05899301179047828 2259
15.46208872248951 -0.7972224364339784 2260
13.8431464765545 -0.7345218756317898 2261
16.31387705750695 -0.8023052209075416 2262
16.30957861075157 0.686441296403915 2263
10.81856699478529 0.5099223767543275 2264
15.85574669134991 1.430818699395462 2265
16.77413780713307 1.456036103856036 2266
15.88483578986113 -1.556313259438144 2267
16.76387278035288 -1.566934993613275 2268
17.18972144077738 0.6525587198332164 2269
10.69249076586881 2.618454393174944 2270
11.21358185543219 2.58706889982039 2271
9.842292614011848 1.278373938067392 2272
16.26593923885756 2.211996302638505 2273
17.17573818028447 2.29675170999515 2274
15.37597146159709 2.167067674253979 2275
11.00016914797494 3.103678371928036 2276
14.99721510781981 -1.544844184258769 2277
15.41331636894845 -2.316023620409628 2278
14.40721025376487 -2.339085967282143 2279
17.18171915455508 -0.7970409249158876 2280
17.65408879232585 -1.536088264438017 2281
17.20675913961085 -2.353244748525649 2282
15.00772856990942 -3.049122137170861 2283
9.396716082959218 1.250876905057225 2284
11.63007680765134 3.030812687389187 2285
15.8520811939426 -3.053261330060604 2286
18.09782064294145 -0.6130753774161416 2287
15.77981610687297 2.881927898060593 2288
18.11483716597624 -2.35197936100612 2289
14.91953314850994 2.844926582514388 2290
14.51471010284848 2.101434876409833 2291
14.05006048318948 2.811286541686741 2292
-3.477044138361949 -2.981272476547572 2293
-3.886129347607715 -2.219618634846062 2294
-4.25646418105632 -3.002948197303861 2295
-4.763369098490218 -2.371721019005366 2296
-5.080408612829451 -3.220915404288629 2297
-5.608294627318068 -2.45270832996234 2298
-3.006371162428908 -3.597099433287019 2299
-2.221476553032649 -3.547326672316981 2300
10.68177716028895 0.9031472937757377 2301
10.4838560161694 0.609764277576615 2302
10.63294443022681 0.2685670314245389 2303
10.36908966542095 0.3847531488994306 2304
11.11103092569258 0.1368710407430673 2305
11.18751024175057 -0.2972614622593377 2306
10.7499879752621 -0.2148805688100025 2307
10.81727358082053 -0.6763048796239947 2308
11.34720652363155 -0.8591313802482371 2309
10.87431220839548 -1.224143836556265 2310
11.47899274734699 -1.449365755033557 2311
10.96512055085249 -1.850690647466398 2312
10.35183387921024 -1.575924226495998 2313
11.59644886613611 -2.104155820232361 2314
10.43487255430751 -2.250028669590753 2315
9.842458431447563 -1.952714497207941 2316
9.871154529360833 -2.665049138778879 2317
9.278496615346253 -2.292360063484979 2318
10.3959034833528 -0.4644859783644198 2319
12.13334124615509 -1.666775892213767 2320
12.26165856078789 -2.360227244832157 2321
12.84468069496927 -1.880440312351531 2322
12.95400469099169 -2.599230378116825 2323
12.3630317504157 -3.119842546161785 2324
10.29701736641841 -0.1854042332989486 2325
9.763089614698687 -1.239192172381004 2326
10.35346491603428 0.9057448723906872 2327
10.18156731670879 0.6632391323982822 2328
10.51707700870226 -2.953561776425736 2329
-0.4723667501049107 -0.1923001388450473 2330
-0.3249213880381754 -0.3225938654062711 2331
-0.3718552418324476 -0.5667000761713438 2332
5.489744127176564 1.658739296747849 2333
-5.93177468105762 -3.212468247050733 2334
-6.433725605861649 -2.47670895481498 2335
0.03326286579161816 -1.121609753926199 2336
9.921109527391604 -3.43579739211016 2337
-1.470164704241516 2.190079882932988 2338
-1.651315356503984 1.642628229274126 2339
1.222837950313447 3.509030155058997 2340
7.124200030228804 1.486693962209127 2341
13.05649892020304 -3.349990156943624 2342
-0.09796078895455712 0.168515046105506 2343
-0.1418697653159827 0.04764383369884096 2344
-0.01007671883433152 0.03748509497698868 2345
-0.02683370906639643 0.3115568996028411 2346
10.3846547611255 3.125348152152037 2347
-0.1599925011179836 -0.4676119276478184 2348
-0.1332110385619709 -0.2810020476665032 2349
0.004974289250428732 -0.1350107674216776 2350
-0.02192657564450492 -0.1016881597180232 2351
-0.04054530388483477 -0.1448924611034217 2352
-0.08075167821315936 -0.1120080288457547 2353
-0.00172508719510178 -0.2020361417205261 2354
0.01451126952431699 -0.3434456361317134 2355
-2.385077541060429 0.4460836122801673 2356
-1.894338023156668 0.618451826754927 2357
-1.991017434789963 0.2195568443328894 2358
-1.674679206089306 1.086958811078357 2359
-1.641107551322266 0.2833351865987814 2360
9.635410588764755 0.9060132099354803 2361
9.13508535346347 0.7300104918337268 2362
-0.2247098110540032 -0.1885445978301789 2363
10.06898550703887 0.4200796876124367 2364
10.20368779222901 0.1983710071866008 2365
14.28588308276603 -3.094347205848053 2366
9.231948192438168 3.56186921028023 2367
13.56253786322788 -2.080721526246454 2368
10.59160247327221 0.03943541163824621 2369
13.60364212931935 2.000785588482644 2370
13.20453722328723 2.796814022640768 2371
12.78276257569138 2.163629337799071 2372
13.59881798243714 3.52337066791099 2373
17.67073372748194 -3.189659312999622 2374
7.991697102162456 1.561598807141025 2375
-1.480587636854624 -0.2774829863489632 2376
11.00498922876008 4.258171177310959 2377
15.44676664162457 -3.722571230615431 2378
5.259672340372074 3.549910222409765 2379
10.47409332984484 1.415567461319914 2380
-0.8178661499200117 2.15790329252407 2381
-2.81180899245828 4.114823044571241 2382
-3.618986094938628 3.828594542836988 2383
-3.747040456627393 2.866531995916992 2384
-5.02188969380843 -4.157783388399945 2385
0.02360559538305467 -4.172352719386071 2386
8.694762791349072 1.610729396674314 2387
12.47068840204675 -3.929592330377285 2388
12.33529810215865 2.791229785505238 2389
-0.5278072888833755 3.38257318901954 2390
2.280992444761101 1.555564125718053 2391
3.003807811817161 4.249146343913619 2392
4.001921894649762 -4.161678479368547 2393
3.526840974524469 -3.354675947931781 2394
2.621675099704496 -3.338801389273098 2395
3.079961035011993 -2.59235195605278 2396
3.938165343217249 -2.59462004090521 2397
2.241742398603741 -2.536155716933903 2398
1.763429954710432 -3.271194617871736 2399
3.445632309546652 -1.889667733032962 2400
4.436912580451219 -3.33548539167275 2401
4.792201907633316 -2.542688283155623 2402
5.339306381383932 -3.265973556950833 2403
5.651175507109263 -2.43252950064805 2404
6.170590856057054 -3.058021015700131 2405
6.484932255268149 -2.305223245150794 2406
6.997828446818483 -2.897855844837346 2407
7.289446078696102 -2.175039161982395 2408
7.823925013994828 -2.761352550552032 2409
8.071990710715458 -2.032418109418597 2410
7.571312788870877 -1.444183317334609 2411
5.128289947654581 -1.676573790710215 2412
6.015670631289709 -1.683351854399614 2413
15.88667668939652 4.218248604972856 2414
6.037190295863883 -4.032492668674508 2415
-4.389309091905184 3.46213438673567 2416
-4.533138708990153 2.635826170955009 2417
-5.202122285200065 3.1424167823744 2418
-5.248866140071017 2.303509424368016 2419
-5.996130687069417 2.743253212655064 2420
-5.997678302475375 3.629766812271227 2421
-6.797899793658211 3.224800313543748 2422
-6.810942154010029 2.37700994092954 2423
-7.593647074589112 2.807044473826713 2424
-7.675900085711643 1.893779901773294 2425
-8.310958834601013 2.434057980420576 2426
7.048934598939301 4.241967992164923 2427
8.024266580886653 -4.164968833660438 2428
10.06173462818505 -0.3475159427230048 2429
10.1180502310274 -0.1498410623463031 2430
9.884487772768662 -0.1814478700069648 2431
10.22368299185374 -0.02124589908912235 2432
10.11778082927785 -0.04127708567688736 2433
10.10581375048212 0.08046244852517967 2434
10.06873996220363 0.01498125082587333 2435
10.03038288928328 -0.05135211341161345 2436
9.947023331167129 -0.6881134585518462 2437
9.443892917355178 -0.6533891743653913 2438
9.04922082550649 -1.168100445638666 2439
2.067441963178334 -4.136983684374483 2440
0.9324568703285268 -1.024842040331377 2441
1.175948991642835 -1.625731168517645 2442
1.897305285847883 -1.789630009127458 2443
14.99617072160213 1.389229044436056 2444
-0.05424516159812032 -0.0707560997334194 2445
-0.013532598200116 -0.02691929753919917 2446
-0.1080774020297856 -0.05792346453865921 2447
-0.07695057675345796 -0.005480914436834854 2448
-0.02864243131565034 -0.04369493886025953 2449
-16.63757700904316 3.166270741607932 2450
-15.62671171585398 3.220199399602344 2451
-17.67619066689669 3.081264777235277 2452
17.97203997326128 4.124580269028261 2453
17.50697214935213 3.269811658387252 2454
18.49598139619238 3.3725748507201 2455
2.311224479658796 -1.185738596513841 2456
2.666045428999219 -1.868429972372389 2457
-3.542727165380976 -0.7468976489865035 2458
-3.771782343839224 -1.417298084991297 2459
-4.479013439685611 -1.618543068704885 2460
19.66331142331052 0.5035779785586088 2461
18.8049626279938 0.9953457248460733 2462
18.82278316615561 1.934707582815557 2463
17.84253011631575 1.467223799939746 2464
18.86389057755073 0.004937563669083338 2465
19.65582004750237 2.423288428475828 2466
-1.705431942352605 -2.15781553652222 2467
0.4159537077273305 -0.9995386916155222 2468
-0.4395704590106905 -3.456601145261232 2469
-1.359226208968324 -3.410063914218005 2470
19.53073398152186 -1.524569173681961 2471
18.71909301079407 -3.157641946429918 2472
10.35493115740705 -0.9806022426296839 2473
-8.021957867695448 -4.12746958844699 2474
-7.60608902244371 -3.228558996423463 2475
-8.52298280152735 -3.258966338551567 2476
-8.064843981510869 -2.362975100877005 2477
-9.005513700718597 -2.403527606093555 2478
-7.500151180897259 -1.485640059817208 2479
-9.493313671613695 -1.568610800848942 2480
-9.961875131261273 -2.428042266340182 2481
-8.987165893167141 -4.130042229585092 2482
12.76146221201549 3.480419594818741 2483
18.0152014784858 -4.125718553730727 2484
-8.999342900138688 4.167109557331893 2485
-9.525984186737931 3.294902938313646 2486
-10.52483429191898 3.285329309937685 2487
-10.08062266063422 2.453257325861585 2488
-11.05827285901685 2.449954304851674 2489
-11.51956148945922 3.283371472620705 2490
-12.04499938698705 2.435079115696312 2491
-14.99989199469406 -4.14129939732904 2492
-15.49842006157347 -3.29539961661788 2493
-16.50579357270556 -3.302706100138273 2494
-14.4739109220959 -3.306558654222343 2495
-15.96301716159251 -2.506498132935395 2496
-17.00661521962989 -2.404371527327285 2497
-13.98915413747393 -4.146275595604632 2498
-13.46912012680796 -3.29847317530491 2499
-12.48339727504117 -3.285046220926121 2500
-12.94128248763399 -2.463465051604703 2501
-11.99372197737569 -4.138712213879677 2502
-11.48466806201895 -3.274332983883121 2503
-10.9870516604396 -4.137682727827614 2504
-10.47147159082177 -3.279794889992729 2505
-17.49821453271082 -3.356317732364543 2506
-18.66412241840627 -1.465824960524685 2507
-17.8605329110077 -0.9366216209443836 2508
-18.65364253038979 0.4370236210270256 2509
-13.00020574429189 4.132779200178913 2510
-12.51518849949728 3.276956085667888 2511
-13.50306007510636 3.264634551264376 2512
-13.03357846285255 2.41693512079023 2513
-13.99905538767149 2.392932015937522 2514
-14.50833901904804 3.245078109494076 2515
-15.05338254535082 2.364031222156395 2516
-14.00690238097657 4.127422403458096 2517
-18.62751327381082 2.529217317964717 2518
-16.99956022276846 -4.160424549119245 2519
-1.20512575430217 1.706826311220444 2520
-14.01525557327611 0.7055588921836798 2521
8.424506539369844 -3.366765973694116 2522
-17.50239873562153 1.407646516993035 2523
-16.41382122651927 -0.3074326477708799 2524
4.277845404035602 -1.89054502548835 2525
0.3853838805145565 -3.365796807785257 2526
-11.00710176387988 4.140903418995334 2527
3.661917165359572 1.1168341857902 2528
3.685273861059393 -1.183530910739554 2529
-12.04580222468656 0.8028773026812962 2530
-8.187124428245873 1.008527800618856 2531
-10.10397104200043 0.918356114145072 2532
-0.008360340524588963 -0.03982167844102653 2533
-0.03553421783582156 -0.01711201885818057 2534
-15.99999999999567 4.147457928740568 2535
7.675643915898165 0.9086136577214212 2536
7.088415645965437 -0.9368597989395054 2537
6.805350036118144 -1.593238876294231 2538
-6.893928739187728 4.153199218658131 2539
12.76224476502115 1.096978762527273 2540
11.76667436084572 -3.601699309845302 2541
-11.95520826022102 -2.44877506823748 2542
13.36135948091586 -1.343023683672855 2543
14.14697424608827 -1.504741436473249 2544
-9.489368238274977 -3.272749638664727 2545
14.64573985685571 -0.767765848336712 2546
-7.290662635904317 1.061213108883378 2547
-6.674274403800402 -1.211747019698761 2548
-0.5673322681002988 -0.7864982520257181 2549
18.54982362076621 -1.526372088961085 2550
-6.010736466909278 -4.155121214085188 2551
16.72103148929424 -0.06577348463078179 2552
11.69833033765397 -2.816132447558594 2553
-10.47831869411617 -1.59381579062684 2554
-5.994230287613428 1.812266819109426 2555
1.374892620747106 -2.414559025140549 2556
-4.98717342498287 -0.9971594851367369 2557
16.31691853483919 -2.330919788784465 2558
-17.89422830175017 -0.04076466689826803 2559
14.17203044473271 1.326226456840311 2560
16.66319487139012 2.992975403893588 2561
-0.1609098585410623 -0.1143365922220238 2562
0.9764741186590802 1.050679674054572 2563
12.18567175241463 2.169335558498747 2564
18.96253436294161 4.198066990319219 2565
-5.564328968689724 1.066809937106751 2566
11.77225653868972 -0.4482388892796977 2567
-0.009916131692994681 0.01512308333138392 2568
-0.01954649193411576 0.01075111942749405 2569
-0.01927266909651633 0.02489033280563923 2570
-0.02981280953272796 0.04233479031169289 2571
-0.03730268214434197 0.01270337598717758 2572
-0.06136072098167906 0.038016543314237 2573
-0.0387033814893158 0.06771133390953758 2574
-0.02716293048905997 0.1154651965333529 2575
-0.08609056830312528 0.08097418823890297 2576
-0.01215648063474094 0.05531793968180963 2577
-0.1943909660896264 -0.05072410655517907 2578
19.67896723897525 -3.497851791711908 2579
5.05078636622668 -0.9843078920419068 2580
-18.01621109367492 4.164027753176847 2581
-18.55908933217624 -3.417904411031476 2582
-0.01327870073922388 -0.01333961970011736 2583
-0.2936970136215808 0.4404906590401758 2584
-4.607396974044338 1.915514672937128 2585
-0.5110846704452709 2.74505808731046 2586
-4.010587847874453 0.9429626885056017 2587
-0.007961063828790173 0.0251597266502984 2588
5.055378586290999 1.078822034656118 2589
-1.974559862794061 -2.847784503759889 2590
-16.95482060150431 -1.287950652117317 2591
16.71370674247621 -3.144324850368705 2592
0.3922392910251594 3.510481552128271 2593
-0.00903225807702542 -0.005038329617865152 2594
18.05112089449332 0.4154742003026738 2595
0.07570223924647235 0.8908554085211482 2596
11.05969078746228 -2.530950966333624 2597
13.0943401590013 -0.654832649258328 2598
0.293026453943505 0.3321281315358894 2599
-13.55758952111301 1.552923904767652 2600
12.14570465513131 1.010656501779726 2601
-17.84862809945515 -1.872453843002172 2602
10.01552928930401 0.9247448098068471 2603
13.0870471556015 4.261440821443087 2604
-10.96830863112809 -2.439529319716012 2605
9.201608259581828 -3.075752454354881 2606
5.701458802968855 -1.039880953272341 2607
18.09176595810719 2.516433664507454 2608
-14.95381620505014 -2.513624555384368 2609
14.01818682490645 4.259938435730937 2610
-1.246233217515946 0.3287339452232729 2611
-1.486778048591169 0.6451416813504696 2612
-5.287001365829527 -1.724076604769301 2613
-12.56431039787608 1.587514715345092 2614
-8.43230864224755 3.284860837668688 2615
-1.639846186981825 -1.513814643853211 2616
0.7585154670812864 1.74085336179848 2617
-3.113840927321415 2.610337279788262 2618
7.05567175183914 0.8265436588132602 2619
10.17759156254418 -4.23650713266269 2620
12.63567443348949 -1.191332446636137 2621
-0.003762475998501114 -0.07574396619047956 2622
7.503493569121827 -3.493403785766671 2623
10.01911741725873 -0.001217613403528744 2624
8.610241936435095 -2.555950564662733 2625
-1.312282316451999 0.9515390751937047 2626
-11.58923243183122 1.617141802313644 2627
7.773866171461773 -0.8544139460548964 2628
-0.1932443152424771 -0.7575023985804301 2629
-3.146845198219262 -1.243187848842323 2630
12.343301374859 1.606096537624593 2631
13.22664746280609 -4.185788904603768 2632
4.723014843784598 1.67677763532179 2633
-12.41943260977092 -1.637868212023299 2634
-3.931308105870647 1.603934051660462 2635
0.8167721988670221 4.251116891498916 2636
6.331328152337149 1.658631551448122 2637
-0.9950575562618742 0.9031355917323162 2638
-1.80167370561305 -4.250122782350294 2639
3.491318441693662 3.572878007280196 2640
9.855159625319912 0.6099163308767719 2641
9.930451127303581 0.2683863198222616 2642
9.72596907232292 0.1244658516884994 2643
9.872454509040267 0.1129189254873835 2644
9.988481820429609 0.1459590423114402 2645
10.06566950483964 0.2293603439107046 2646
-10.61037908509554 1.648210983187323 2647
-1.811276414523052 -0.1376504982983011 2648
1.389838810269058 1.696849096162991 2649
-8.693662348131799 1.718654391236525 2650
16.18911962192582 -3.691301426028841 2651
-6.096162400787993 -1.802251454724177 2652
8.234096702987118 -1.408932233492422 2653
8.774710273794462 -1.845104414521144 2654
-9.632718682180949 1.685016652433701 2655
0.01512556535930992 0.530210297563473 2656
-0.7907966846676251 1.639522484460024 2657
-2.544595472692476 -4.216147723056983 2658
-13.42457621177196 -1.69555099400922 2659
8.941169139013756 4.259853918350943 2660
11.96379887327575 -1.030235295299835 2661
8.446430415143967 3.565586840491848 2662
17.44828272441229 -0.08157137336538414 2663
14.48029350370795 3.535465619451393 2664
5.735900072478299 0.9979725526458502 2665
10.40206214066351 0.0007376806868124215 2666
10.29857135259351 0.1185339804797758 2667
-4.240869827445611 4.273040855940928 2668
-0.09930430766710546 0.02985648587494591 2669
14.61916648625833 -3.718658604618306 2670
10.4456599304415 0.2136350145752736 2671
10.80917448895192 0.1124615510710574 2672
10.30789849731203 0.2467622671335348 2673
10.20872664274727 0.3284063016600945 2674
10.18752046848887 0.09054354691099015 2675
10.1248930512074 0.1470332020837837 2676
10.06078109762023 0.1348423574152764 2677
10.03100400388466 0.07072693438946817 2678
10.02154340934961 0.02241059668184263 2679
9.973931048591613 0.06643229550101606 2680
9.99828190404698 0.03469045304142009 2681
10.00627777288544 0.003867341786550215 2682
-0.1358533513023088 -0.003418721229149674 2683
9.913437323685523 3.478841406848365 2684
-0.7665214421247263 -2.824650466788775 2685
-0.5182518767933011 -0.04880615240702033 2686
0.5029581402345297 0.8529621966833782 2687
10.20255318624283 2.598570193107941 2688
11.4135914646151 3.612055808801862 2689
3.979417146463985 1.653228176504561 2690
7.56282834638531 3.561632816629022 2691
-13.93702112052795 -2.496835812641146 2692
10.00403553696257 0.009189926305254576 2693
-0.989870789496023 0.1980221059220735 2694
11.33134079430324 2.163719871844882 2695
8.963288869041103 -0.5975038875207658 2696
2.615194776227526 3.513700101095688 2697
-1.351678966998358 1.330789518590936 2698
18.91241442328167 -0.8275488489095275 2699
-9.112709225755577 2.478458354322453 2700
-17.87847769416726 2.144035569169344 2701
11.72947674963894 2.453840116971819 2702
-0.3414061273526902 -0.1353327679441201 2703
-1.258537487035797 -1.826541629775926 2704
10.22528067498449 1.185181375172471 2705
11.86296362130364 -4.345494298820537 2706
10.61604042561656 3.619050956158299 2707
4.392034799347542 3.592475377261176 2708
-7.24921463580262 -2.273179187757015 2709
-5.999999999983321 4.392381344077785 2710
11.13653264413985 -3.252481108754465 2711
10.14309880799873 0.0243224464691332 2712
12.04797015586867 3.427130159284651 2713
-0.1032974676218365 -0.1737192078111269 2714
1.919210421653094 3.377160092129465 2715
11.8229844522909 1.353352785355168 2716
-15.44359877271885 -1.76253417794919 2717
4.965956709287552 4.336091148204027 2718
-6.756286309518599 -3.195860645009222 2719
6.684029106870833 3.515098161664373 2720
3.378056404290223 1.566532988723768 2721
-4.054862763149912 2.228805968891199 2722
15.36047076321893 3.542222126965004 2723
18.91101784205295 -2.225389387361156 2724
2.317171578944988 0.9927270074232996 2725
10.57834532278743 -3.6242680144489 2726
-0.4798236020690325 0.4044657550381375 2727
-6.845403151152701 1.624476734172719 2728
19.76794919243022 4.26794919243023 2729
19.76794919243022 -4.267949192430232 2730
-18.76794919243148 4.267949192431481 2731
-18.76794919243023 -4.267949192430225 2732
6.721896341252418 -3.543508529117031 2733
-2.224004375701188 -0.109279253050345 2734
-3.259471669203074 -4.283801026036439 2735
15.02356956550621 -4.37212367120299 2736
9.346942982658708 -1.692963769209182 2737
0.7694092496064754 -2.056689752097538 2738
0.09957969726260441 -0.8286943083731595 2739
1.044040201470075 -3.141494078900139 2740
5.973487190383057 3.389879393993638 2741
-0.061196534011165 -0.03867106325027175 2742
-5.208528546579982 1.624096300687596 2743
0.1347942363574282 0.3769934190467287 2744
-0.02487634837445678 -0.070550943187548 2745
13.01748152981364 1.610091436858692 2746
-16.31385803255606 -1.804868611368483 2747
10.24364491941559 0.4885439755873704 2748
-7.510962203076009 3.572658395731954 2749
-0.1248254584532132 0.4191942470508431 2750
-17.23830336704502 -0.4215700311411785 2751
8.953549949017308 1.173461059084352 2752
13.64781653990667 -2.81310051479322 2753
-0.1945270899578947 0.01611583858198821 2754
18.92003912816301 2.701969555898122 2755
-1.372702318251052 -2.714201229124402 2756
9.503690138927141 0.5610503994915655 2757
-0.1362384308522268 0.1011705262204297 2758
-17.92455586650438 0.7394400728238705 2759
-1.419823617174986 0.02119915668581931 2760
10.51260408994639 1.146176096676903 2761
2.894201039982125 1.727124355962525 2762
-3.349651290617499 -1.808898714659289 2763
-0.3442000768849756 0.07745941820001224 2764
-3.755678362113632 -3.634425376696139 2765
-0.4032413624584988 -0.03644717994504918 2766
9.165255396690789 1.583500676207561 2767
13.81888671491237 -3.572793347557481 2768
10.53211883429744 0.4164574279565585 2769
16.13173921074755 3.523962946634746 2770
-4.447808237774445 -3.656806633999153 2771
-5.517481547523672 -3.695287492000876 2772
0.04954743048537052 -0.5529813837955212 2773
0.2206823559689665 -0.3496861115643899 2774
0.07390180514847376 -0.2580917555132598 2775
15.96681220254617 -4.39841643818429 2776
-0.02088088392151783 -0.002248648732670925 2777
10.95780789643262 -0.06542984985953237 2778
-0.3366720952221978 -1.095370219174596 2779
10.49480529718018 -0.1608843287822549 2780
-17.92449375806668 -2.696554657040149 2781
0.1404336165778316 0.274372524781428 2782
0.06153056684542327 0.2601883400272656 2783
-0.002879991937957358 0.2008197240684682 2784
-1.25338482813523 -0.1926045186626473 2785
-6.780276633454084 -1.852699301223864 2786
-0.2438480207251647 -0.1014870049147582 2787
9.890650885629517 0.4121837218063652 2788
-2.06605552643057 1.476053518225631 2789
NMARK= 4
MARKER_TAG= inlet
MARKER_ELEMS= 10
3 6 135 
3 135 136 
3 136 137 
3 137 138 
3 138 139 
3 139 140 
3 140 141 
3 141 142 
3 142 143 
3 143 3 
MARKER_TAG= outlet
MARKER_ELEMS= 10
3 4 87 
3 87 88 
3 88 89 
3 89 90 
3 90 91 
3 91 92 
3 92 93 
3 93 94 
3 94 95 
3 95 5 
MARKER_TAG= wall
MARKER_ELEMS= 80
3 3 48 
3 48 49 
3 49 50 
3 50 51 
3 51 52 
3 52 53 
3 53 54 
3 54 55 
3 55 56 
3 56 57 
3 57 58 
3 58 59 
3 59 60 
3 60 61 
3 61 62 
3 62 63 
3 63 64 
3 64 65 
3 65 66 
3 66 67 
3 67 68 
3 68 69 
3 69 70 
3 70 71 
3 71 72 
3 72 73 
3 73 74 
3 74 75 
3 75 76 
3 76 77 
3 77 78 
3 78 79 
3 79 80 
3 80 81 
3 81 82 
3 82 83 
3 83 84 
3 84 85 
3 85 86 
3 86 4 
3 5 96 
3 96 97 
3 97 98 
3 98 99 
3 99 100 
3 100 101 
3 101 102 
3 102 103 
3 103 104 
3 104 105 
3 105 106 
3 106 107 
3 107 108 
3 108 109 
3 109 110 
3 110 111 
3 111 112 
3 112 113 
3 113 114 
3 114 115 
3 115 116 
3 116 117 
3 117 118 
3 118 119 
3 119 120 
3 120 121 
3 121 122 
3 122 123 
3 123 124 
3 124 125 
3 125 126 
3 126 127 
3 127 128 
3 128 129 
3 129 130 
3 130 131 
3 131 132 
3 132 133 
3 133 134 
3 134 6 
MARKER_TAG= airfoil
MARKER_ELEMS= 44
3 0 7 
3 7 8 
3 8 9 
3 9 10 
3 10 11 
3 11 12 
3 12 13 
3 13 14 
3 14 15 
3 15 16 
3 16 17 
3 17 18 
3 18 19 
3 19 20 
3 20 1 
3 1 21 
3 21 22 
3 22 23 
3 23 24 
3 24 25 
3 25 26 
3 26 27 
3 27 28 
3 28 29 
3 29 30 
3 30 31 
3 31 32 
3 32 33 
3 33 34 
3 34 2 
3 2 35 
3 35 36 
3 36 37 
3 37 38 
3 38 39 
3 39 40 
3 40 41 
3 41 42 
3 42 43 
3 43 44 
3 44 45 
3 45 46 
3 46 47 
3 47 0 
